item_id,acronym,sentence,provisional_expansion,sense_id,gold_expansion,label_status,n_candidates,candidates,provenance,multi_sense_type,source,page_title,review_verdict,review_note,label_origin,category
ha-00156,אמ״ש,"עמיחי שי (נולד ב-1952) הוא ניצב בדימוס במשטרת ישראל, בתפקידו האחרון כיהן כראש אמ״ש.",אגף משאבי אנוש,אמ״ש.01,אגף משאבי אנוש,weak,2,אגף משאבי אנוש | אוויר מים אש,substituted,no,wikipedia,עמיחי שי,unreviewed,,substitution,wiki_substituted
ha-00157,אמ״ש,"בשנת 2001 הועלה לדרגת ניצב, ומונה לראש אמ״ש.",אגף משאבי אנוש,אמ״ש.01,אגף משאבי אנוש,weak,2,אגף משאבי אנוש | אוויר מים אש,substituted,no,wikipedia,משה קראדי,unreviewed,,substitution,wiki_substituted
ha-00158,אמ״ש,בועז גולדברג (נולד ב-1963) הוא קצין משטרה בדרגת ניצב וכיהן כראש אמ״ש.,אגף משאבי אנוש,אמ״ש.01,אגף משאבי אנוש,weak,2,אגף משאבי אנוש | אוויר מים אש,substituted,no,wikipedia,בועז גולדברג,unreviewed,,substitution,wiki_substituted
ha-00159,אמ״ש,"תערוכה נוספת שלו, בנושא ""יהודה ושומרון לפי ארבעת היסודות, אדמה אמ״ש"", בהנחייתו של זיו קורן במסגרת עמותת אחים לחיים, הוצגה באפריל 2013 בניו יורק ובערים רבות בישראל מאז יולי 2013.",אוויר מים אש,אמ״ש.02,אוויר מים אש,weak,2,אגף משאבי אנוש | אוויר מים אש,substituted,no,wikipedia,אהוד אמיתון,unreviewed,,substitution,wiki_substituted
ha-00978,הי״ו,על כן נחשב סם המרקוח לחומר הי״ו ביותר ביקום והשולט בו ובתהליך כרייתו אוצר כח עצום.,היקר והחשוב,הי״ו.01,היקר והחשוב,weak,2,היקר והחשוב | השם יחייהו ויחזקהו,substituted,no,wikipedia,חולית (ספר),unreviewed,,substitution,wiki_substituted
ha-00979,הי״ו,"נחשב לחומר הי״ו ביותר ביקום בשל יכולתו להאריך את החיים ולאפשר לנווטי גילדת החלל לחשב את מסלול קיפול החלל, ועל ידי כך לאפשר מסע ברחבי היקום באופן מיידי.",היקר והחשוב,הי״ו.01,היקר והחשוב,weak,2,היקר והחשוב | השם יחייהו ויחזקהו,substituted,no,wikipedia,חולית (ספר),unreviewed,,substitution,wiki_substituted
ha-01906,מע״ד,"לצידה הוקם ""ועד הכבוד להנצחת זכר מרדכי אנילביץ' וחללי מע״ד מרדכי"".",מערכת יד,מע״ד.01,מערכת יד,weak,2,מערכת יד | מכשיר עזר דיבורי,substituted,no,wikipedia,מוזיאון יד מרדכי משואה לתקומה,unreviewed,,substitution,wiki_substituted
ha-00349,א״ל,"א״ל: אני בוכה על שאנו נהרגים כעובדי עבודה זרה, כמחללי שבתות, כמגלֵּי עריות וכשופכי דמים.",אמר לו,א״ל.01,אמר לו,weak,3,אמר לו | אמר ליה | איכא למימר,substituted,yes,wikipedia,עשרת הרוגי מלכות,unreviewed,,substitution,wiki_substituted
ha-00350,א״ל,"א״ל: רבי, שמא סועד היית או ישֵן, ובאה אישה לשאול על נידתה ועל טומאתה וטהרתה, ואמרת לה: המתיני עד שאישן; והתורה אמרה ""כל אלמנה ויתום לא תענון אם ענה תענה אותו ...",אמר לו,א״ל.01,אמר לו,weak,3,אמר לו | אמר ליה | איכא למימר,substituted,yes,wikipedia,עשרת הרוגי מלכות,unreviewed,,substitution,wiki_substituted
ha-00351,א״ל,"בתלמוד הירושלמי מסופר, שפעם אחת רבי יהודה חלה בגרונו, והרופא א״ל שיתרפא רק אם ישתה חלב רותח.",אמר לו,א״ל.01,אמר לו,weak,3,אמר לו | אמר ליה | איכא למימר,substituted,yes,wikipedia,עשרת הרוגי מלכות,unreviewed,,substitution,wiki_substituted
ha-00352,א״ל,א״ל: כשהוא זורק למערכה דלוקה הוא זורק או למערכה שאינה דלוקה הוא זורק?,אמר ליה,א״ל.02,אמר ליה,weak,3,אמר לו | אמר ליה | איכא למימר,substituted,yes,wikipedia,רבי שמעון בן יוסי,unreviewed,,substitution,wiki_substituted
ha-00353,א״ל,"הוי אומר למערכה דלוקה הוא זורק - התם משום דלא אפשר.” ”מר רבי יונתן קומי רבי חייא רבה בשם רבי שמעון בר יוסי בר לקוניא; לוקין על תחומי שבת דבר תורה, א״ל רבי חייה רבה והלא אין בשבת אלא סקילה וכרת?",אמר ליה,א״ל.02,אמר ליה,weak,3,אמר לו | אמר ליה | איכא למימר,substituted,yes,wikipedia,רבי שמעון בן יוסי,unreviewed,,substitution,wiki_substituted
ha-00354,א״ל,"א״ל: צער גדול היה לנו בתיבה, בריה שדרכה להאכילה ביום האכלנוה ביום, שדרכה להאכילה בלילה האכלנוה בלילה.",אמר ליה,א״ל.02,אמר ליה,weak,3,אמר לו | אמר ליה | איכא למימר,substituted,yes,wikipedia,רב חנא בר ביזנא,unreviewed,,substitution,wiki_substituted
ha-02391,עמ״ט,"בדצמבר 2022, לאחר עמ״ט, ופתיחת תחנות חולון ובת ים חזר מרחב יפתח החל לשמו ההיסטורי – מרחב איילון.",עבודת מטה,עמ״ט.01,עבודת מטה,weak,2,עבודת מטה | עתודה מדעית טכנולוגית,substituted,no,wikipedia,מרחב איילון,unreviewed,,substitution,wiki_substituted
ha-02392,עמ״ט,"מחליפו של סומראל, הגנרל דאגלס מקארתור, הורה על עמ״ט מחודשת להשקתו המחודשת של העיטור ב-7 בינואר 1931, במהלכה הוצגו שלושה עיצובים.",עבודת מטה,עמ״ט.01,עבודת מטה,weak,2,עבודת מטה | עתודה מדעית טכנולוגית,substituted,no,wikipedia,לב הארגמן,unreviewed,,substitution,wiki_substituted
ha-02393,עמ״ט,"ברמה זו של פיקוד, ראוי שהמפקד יקיים עמ״ט ונוהלי קרב מסודרים לשם מיצוי עוצמת האוגדה ביעילות וברציפות.",עבודת מטה,עמ״ט.01,עבודת מטה,weak,2,עבודת מטה | עתודה מדעית טכנולוגית,substituted,no,wikipedia,אוגדה,unreviewed,,substitution,wiki_substituted
ha-02394,עמ״ט,"כ-19% מהתלמידים לומדים במסגרת תוכנית עמ״ט, לשעבר פעלה בבית הספר כתת-נחשון שהוחלפה בשנים האחרונות לכתת רמון.",עתודה מדעית טכנולוגית,עמ״ט.02,עתודה מדעית טכנולוגית,weak,2,עבודת מטה | עתודה מדעית טכנולוגית,substituted,no,wikipedia,תיכון בליך,unreviewed,,substitution,wiki_substituted
ha-02913,רשב״ג,"אבן גבירול חוקר הנפש, הצופה, 7 באוקטובר 1960 הרב אורי שרקי, רבינו סעדיה גאון, בעל חובות הלבבות, רשב״ג, בעל הכוזרי ועוד, מתוך הסדרה ""מבוא לתורה שבעל פה"", אתר מכון מאיר.",רבי שלמה אבן גבירול,רשב״ג.01,רבי שלמה אבן גבירול,weak,2,רבן שמעון בן גמליאל | רבי שלמה אבן גבירול,substituted,yes,wikipedia,שלמה אבן גבירול,unreviewed,,substitution,wiki_substituted
ha-02914,רשב״ג,"הידוע שבפייטנים אלה הוא רשב״ג, אך אזהרות חשובות הן גם אזהרות רבי יצחק בן ראובן אלברגלוני, אזהרות רבנו אליהו הזקן, ואזהרותיו של רבי בנימן בן שמואל שנתגלו בגניזה הקהירית.",רבי שלמה אבן גבירול,רשב״ג.01,רבי שלמה אבן גבירול,weak,2,רבן שמעון בן גמליאל | רבי שלמה אבן גבירול,substituted,yes,wikipedia,אזהרות,unreviewed,,substitution,wiki_substituted
ha-02915,רשב״ג,בארצות צפון אפריקה נהגו לקרוא את האזהרות של רבי יצחק בן ראובן אלברגלוני ואילו בארצות המזרח נהגו לקרוא את האזהרות של רשב״ג.,רבי שלמה אבן גבירול,רשב״ג.01,רבי שלמה אבן גבירול,weak,2,רבן שמעון בן גמליאל | רבי שלמה אבן גבירול,substituted,yes,wikipedia,אזהרות,unreviewed,,substitution,wiki_substituted
ha-02916,רשב״ג,"עם זאת, יש שהוא מופיע גם בשם ""רשב״ג"" ללא תוספת, והדבר יוצר בלבול וקושי בהבחנה בינו לבין נכדו.",רבן שמעון בן גמליאל,רשב״ג.02,רבן שמעון בן גמליאל,weak,2,רבן שמעון בן גמליאל | רבי שלמה אבן גבירול,substituted,yes,wikipedia,רבן שמעון בן גמליאל הזקן,unreviewed,,substitution,wiki_substituted
ha-02917,רשב״ג,"רשב״ג נמנה עם מחנה המתונים, יחד עם רבן יוחנן בן זכאי, והיה מקורב לממשלת המרד המתונה שהוקמה בתחילתו.",רבן שמעון בן גמליאל,רשב״ג.02,רבן שמעון בן גמליאל,weak,2,רבן שמעון בן גמליאל | רבי שלמה אבן גבירול,substituted,yes,wikipedia,רבן שמעון בן גמליאל הזקן,unreviewed,,substitution,wiki_substituted
ha-02918,רשב״ג,"סבו, רשב״ג הזקן, היה מנהיג הפרושים בתקופת המרד הגדול, ונהרג במהלכו.",רבן שמעון בן גמליאל,רשב״ג.02,רבן שמעון בן גמליאל,weak,2,רבן שמעון בן גמליאל | רבי שלמה אבן גבירול,substituted,yes,wikipedia,רבן שמעון בן גמליאל,unreviewed,,substitution,wiki_substituted
ha-02093,מ״ס,"כתוצאה מאיחוד הקבוצות הוגשה בקשה לרשם העמותות להוסיף לשמה של עמותת ""עירוני אשדוד"" את המילים ""מ״ס"".",מועדון ספורט,מ״ס.01,מועדון ספורט,weak,2,מועדון ספורט | מהירות סגירה,substituted,no,wikipedia,מועדון ספורט אשדוד,unreviewed,,substitution,wiki_substituted
ha-02094,מ״ס,"הבקשה אושרה ושמה של העמותה המנהלת של המועדון עד היום הוא ""מ״ס עירוני אשדוד"".",מועדון ספורט,מ״ס.01,מועדון ספורט,weak,2,מועדון ספורט | מהירות סגירה,substituted,no,wikipedia,מועדון ספורט אשדוד,unreviewed,,substitution,wiki_substituted
ha-02095,מ״ס,"במשחקה הראשון כקבוצה מאוחדת, הביסה מ״ס אשדוד את מכבי נתניה 6–0.",מועדון ספורט,מ״ס.01,מועדון ספורט,weak,2,מועדון ספורט | מהירות סגירה,substituted,no,wikipedia,מועדון ספורט אשדוד,unreviewed,,substitution,wiki_substituted
ha-01874,ממ״ם,"ממ״ם מכין סקירות, השוואות בינלאומיות, מסמכים כלכליים ואומדני עלות של הצעות חוק המונחות על שולחן הכנסת.",מרכז המחקר והמידע,ממ״ם.01,מרכז המחקר והמידע,weak,2,מרכז המחקר והמידע | מרחב מוגן מוסדי,substituted,no,wikipedia,מרכז המחקר והמידע של הכנסת,unreviewed,,substitution,wiki_substituted
ha-01875,ממ״ם,"על פי ממ״ם של הכנסת, בשנים 2022-2024 הפער בין מספר המהגרים למספר החוזרים גדל מאוד.",מרכז המחקר והמידע,ממ״ם.01,מרכז המחקר והמידע,weak,2,מרכז המחקר והמידע | מרחב מוגן מוסדי,substituted,no,wikipedia,ירידה מארץ ישראל,unreviewed,,substitution,wiki_substituted
ha-01876,ממ״ם,"על פי ממ״ם של הכנסת בין השנים 2022 ל-2024 חלה ירידה של 53% במספר התושבים החוזרים, מגמה זו החלה משנת 2020.",מרכז המחקר והמידע,ממ״ם.01,מרכז המחקר והמידע,weak,2,מרכז המחקר והמידע | מרחב מוגן מוסדי,substituted,no,wikipedia,ירידה מארץ ישראל,unreviewed,,substitution,wiki_substituted
ha-03098,ש״ז,ש״ז שונה במקצת מהשנה הסידרלית כתוצאה מהשפעתם הכבידתית של כוכבי הלכת במערכת השמש על מסלול כדור הארץ.,שנה זו,ש״ז.01,שנה זו,weak,2,שנה זו | שמואל זנוויל (כהנא),substituted,no,wikipedia,שנה,unreviewed,,substitution,wiki_substituted
ha-03099,ש״ז,"תקופת ניסן שבשנה זו היא תחילת שנת 14 (סימנה ידלוז) במחזור השמש ה-203.ש״ז היא שנת 1,841 לחורבן הבית, ושנת 2,221 לשטרות.",שנה זו,ש״ז.01,שנה זו,weak,2,שנה זו | שמואל זנוויל (כהנא),substituted,no,wikipedia,"ה'תר""ע",unreviewed,,substitution,wiki_substituted
ha-03100,ש״ז,"תקופת ניסן שבשנה זו היא תחילת שנת 14 (סימנה ידלוז) במחזור השמש ה-204.ש״ז היא שנת 1,869 לחורבן הבית, ושנת 2,249 לשטרות.",שנה זו,ש״ז.01,שנה זו,weak,2,שנה זו | שמואל זנוויל (כהנא),substituted,no,wikipedia,"ה'תרצ""ח",unreviewed,,substitution,wiki_substituted
ha-02341,ס״ט,אחד מהדגשים ששם בר ס״ט בתקופת כהונתו הוא תחום הרפואה המונעת וקידום בריאות הציבור.,סימן טוב,ס״ט.01,סימן טוב,weak,4,סימן טוב | ספרדי טהור | סופו טוב (סיפיה טב) | סינא טינא (עפר ואפר),substituted,yes,wikipedia,משה בר סימן טוב,unreviewed,,substitution,wiki_substituted
ha-02342,ס״ט,"במהלך התמודדות עם התפרצות נגיף הקורונה בישראל, מילא בר ס״ט תפקיד מרכזי בניהול והתמודדות עם המשבר.",סימן טוב,ס״ט.01,סימן טוב,weak,4,סימן טוב | ספרדי טהור | סופו טוב (סיפיה טב) | סינא טינא (עפר ואפר),substituted,yes,wikipedia,משה בר סימן טוב,unreviewed,,substitution,wiki_substituted
ha-02343,ס״ט,"כבר ב-2 בפברואר חתם בר ס״ט על צו להתמודדות עם הנגיף, וצו זה התעדכן ככל שההתפרצות הקיפה מדינות נוספות.",סימן טוב,ס״ט.01,סימן טוב,weak,4,סימן טוב | ספרדי טהור | סופו טוב (סיפיה טב) | סינא טינא (עפר ואפר),substituted,yes,wikipedia,משה בר סימן טוב,unreviewed,,substitution,wiki_substituted
ha-02344,ס״ט,"שירים מהתקליט שמשו פסקול הסרט ""זמר ס״ט"" המספר את סיפורה של יהדות ספרד.",ספרדי טהור,ס״ט.02,ספרדי טהור,weak,4,סימן טוב | ספרדי טהור | סופו טוב (סיפיה טב) | סינא טינא (עפר ואפר),substituted,yes,wikipedia,רבקה רז (זמרת),unreviewed,,substitution,wiki_substituted
ha-02345,ס״ט,"אם מסטיזו (דה סאנגלי או אספניול) נשוי לפיליפינה (אישה ממוצא ס״ט), היא תאבד את מעמדה כ""פילפינה"" ותרכוש את המעמד המשפטי של בעלה ותהפוך למסטיזה דה אספניול או לסנגלי.",ספרדי טהור,ס״ט.02,ספרדי טהור,weak,4,סימן טוב | ספרדי טהור | סופו טוב (סיפיה טב) | סינא טינא (עפר ואפר),substituted,yes,wikipedia,פיליפינים (עם),unreviewed,,substitution,wiki_substituted
ha-02346,ס״ט,"אם ""פיליפינה"" נישאה ל""אינדיאו"", מעמדה המשפטי ישתנה ל""אינדאו"", למרות היותה ממוצא ס״ט.",ספרדי טהור,ס״ט.02,ספרדי טהור,weak,4,סימן טוב | ספרדי טהור | סופו טוב (סיפיה טב) | סינא טינא (עפר ואפר),substituted,yes,wikipedia,פיליפינים (עם),unreviewed,,substitution,wiki_substituted
ha-01960,משה״ח,"משה״ח בישראל, כבמדינות אחרות בעולם, עוסק בגיבוש מדיניות החוץ של הממשלה, בביצועה ובהסברתה – המשרד מטפל בניהול יחסיה הבין-לאומיים של המדינה.",משרד החוץ,משה״ח.01,משרד החוץ,weak,2,משרד החוץ | משרד החינוך,substituted,yes,wikipedia,משרד החוץ,unreviewed,,substitution,wiki_substituted
ha-01961,משה״ח,"בעיצוב וגיבוש של מדיניות החוץ יש השפעה רבה לראש הממשלה (השפעה רבה מהשפעתו על משרדי ממשלה אחרים), ולעיתים מבצע ראש הממשלה מהלכים מדיניים חשובים באופן עצמאי, או תוך שיתוף מזערי של משה״ח.",משרד החוץ,משה״ח.01,משרד החוץ,weak,2,משרד החוץ | משרד החינוך,substituted,yes,wikipedia,משרד החוץ,unreviewed,,substitution,wiki_substituted
ha-01962,משה״ח,משה״ח אמון גם על ההסברה ויצירת תדמית חיובית למדינת ישראל.,משרד החוץ,משה״ח.01,משרד החוץ,weak,2,משרד החוץ | משרד החינוך,substituted,yes,wikipedia,משרד החוץ,unreviewed,,substitution,wiki_substituted
ha-01963,משה״ח,משה״ח הוקם רק במרץ 1949 כהמשך של מחלקת החינוך של הוועד הלאומי ובראשו הועמד זלמן שזר.,משרד החינוך,משה״ח.02,משרד החינוך,weak,2,משרד החוץ | משרד החינוך,substituted,yes,wikipedia,משרד החינוך,unreviewed,,substitution,wiki_substituted
ha-01964,משה״ח,"בשנת 1949 נחקק ביוזמת משה״ח חוק לימוד חובה, שחייב תלמידים ללמוד אך ורק בבתי ספר מוכרים.",משרד החינוך,משה״ח.02,משרד החינוך,weak,2,משרד החוץ | משרד החינוך,substituted,yes,wikipedia,משרד החינוך,unreviewed,,substitution,wiki_substituted
ha-01965,משה״ח,"עם קליטת העלייה ההמונית, הקים משה״ח בתי ספר משלו במחנות העולים ובמעברות ואסר על הקמת בתי ספר מתחרים.",משרד החינוך,משה״ח.02,משרד החינוך,weak,2,משרד החוץ | משרד החינוך,substituted,yes,wikipedia,משרד החינוך,unreviewed,,substitution,wiki_substituted
ha-03258,תו״ת,"בשנים 1985–1986 הורחבו ענפים למחלקות חדשות: מחלקת אימונים, מחלקת כוח אדם ובקרה ומחלקת תו״ת.",תכנון ותקציבים,תו״ת.01,תכנון ותקציבים,weak,2,תכנון ותקציבים | תדפיסים ותמונות,substituted,no,wikipedia,זרוע היבשה,unreviewed,,substitution,wiki_substituted
ha-01908,מע״ר,"הפניה ניתנת למטופל על ידי רופא, בדרך כלל רופא המשפחה שלו, המפנה לבדיקה של רופא מומחה, או על ידי מע״ר, המפנה לחדר מיון.",מגיש עזרה ראשונה,מע״ר.01,מגיש עזרה ראשונה,weak,3,מרכז עסקים ראשי | מגיש עזרה ראשונה | מע'אר (בערבית: المغار),substituted,yes,wikipedia,הפניה רפואית,unreviewed,,substitution,wiki_substituted
ha-01909,מע״ר,"מע״ר נקרא בטעות לעיתים חובש, אף כי הראשון זוטר ממנו בסולם הדרגות המקובל ברפואת החירום.",מגיש עזרה ראשונה,מע״ר.01,מגיש עזרה ראשונה,weak,3,מרכז עסקים ראשי | מגיש עזרה ראשונה | מע'אר (בערבית: المغار),substituted,yes,wikipedia,חובש,unreviewed,,substitution,wiki_substituted
ha-01910,מע״ר,"תמרון דחיקת הלסת נחשב לחלופה טובה יותר (ולא תמרון הטיית ראש/הרמת סנטר) כאשר מע״ר חושד שלמטופל יש פגיעה בחוט השדרה, במיוחד בחלק הצוואר של עמוד השדרה.",מגיש עזרה ראשונה,מע״ר.01,מגיש עזרה ראשונה,weak,3,מרכז עסקים ראשי | מגיש עזרה ראשונה | מע'אר (בערבית: المغار),substituted,yes,wikipedia,תמרון דחיקת לסת,unreviewed,,substitution,wiki_substituted
ha-01911,מע״ר,"בדרך כלל מע״ר ישכון לרוב במרכז העיר כדי להקל אליו את הנגישות משאר חלקי העיר, ומשם הוא מתוכנן להתרחב ולהתפשט בשלבים יותר מאוחרים אל יתר חלקי העיר.",מרכז עסקים ראשי,מע״ר.02,מרכז עסקים ראשי,weak,3,מרכז עסקים ראשי | מגיש עזרה ראשונה | מע'אר (בערבית: المغار),substituted,yes,wikipedia,מרכז עסקים ראשי,unreviewed,,substitution,wiki_substituted
ha-01912,מע״ר,מע״ר לאורך ציר כזה מיוחס לדגם העיר הליניארית שנהגה על ידי האדריכל הספרדי ארתורו סוריה בשנת 1882.,מרכז עסקים ראשי,מע״ר.02,מרכז עסקים ראשי,weak,3,מרכז עסקים ראשי | מגיש עזרה ראשונה | מע'אר (בערבית: المغار),substituted,yes,wikipedia,מרכז עסקים ראשי,unreviewed,,substitution,wiki_substituted
ha-01913,מע״ר,"מע״ר אנכי מיוחס לדגם העיר הליניארית, שנהגה על ידי האדריכל הספרדי ארתורו סוריה בשנת 1882.",מרכז עסקים ראשי,מע״ר.02,מרכז עסקים ראשי,weak,3,מרכז עסקים ראשי | מגיש עזרה ראשונה | מע'אר (בערבית: المغار),substituted,yes,wikipedia,מבנה עירוני,unreviewed,,substitution,wiki_substituted
ha-02551,פו״ם,"ביולי 2024 מונה למפקד פו״ם, ובאוגוסט 2025 מונה למפקד המכללות הצבאיות בדרגת אלוף.",המכללה הבין זרועית לפיקוד ולמטה,פו״ם.02,המכללה הבין זרועית לפיקוד ולמטה,weak,4,פיקוד ומטה | פוליטיקה וממשל | המכללה הבין זרועית לפיקוד ולמטה | פלוגות מיוחדות,substituted,no,wikipedia,דן נוימן,unreviewed,,substitution,wiki_substituted
ha-02552,פו״ם,"את גופות הנרצחים העבירו ""פו״ם"" (זונדרקומנדו) למקום שבו הותקנו רשתות מיוחדות.",פלוגות מיוחדות,פו״ם.01,פלוגות מיוחדות,weak,4,פיקוד ומטה | פוליטיקה וממשל | המכללה הבין זרועית לפיקוד ולמטה | פלוגות מיוחדות,substituted,no,wikipedia,מחנה ההשמדה טרבלינקה,unreviewed,,substitution,wiki_substituted
ha-02553,פו״ם,בתחילה היו לרגימנט שלוש פו״ם שתפקידן היה לאבטח את אנשי משרד ההגנה במהלך ביקורים ומשימות מחוץ לברלין.,פלוגות מיוחדות,פו״ם.01,פלוגות מיוחדות,weak,4,פיקוד ומטה | פוליטיקה וממשל | המכללה הבין זרועית לפיקוד ולמטה | פלוגות מיוחדות,substituted,no,wikipedia,רגימנט המשמר הוגו אברליין,unreviewed,,substitution,wiki_substituted
ha-02554,פו״ם,"עם התרבות גילויי האלימות כלפי יהודים בשנים 1935–1939 הקימו חברי הצוקונפט את ה""צוקונפט שטרום"", פו״ם אשר לקחו חלק בפעולות ההגנה שאורגנו על ידי הבונד.",פלוגות מיוחדות,פו״ם.01,פלוגות מיוחדות,weak,4,פיקוד ומטה | פוליטיקה וממשל | המכללה הבין זרועית לפיקוד ולמטה | פלוגות מיוחדות,substituted,no,wikipedia,אברהם בלום,unreviewed,,substitution,wiki_substituted
ha-01151,חו״מ,"הרעיון היה להגיע בחסות החשיכה למקום, ועד הבוקר לבנות יישוב שכולל בתוכו חו״מ.",חומה ומגדל,חו״מ.01,חומה ומגדל,weak,4,חושן משפט | חומה ומגדל | חוץ מזה | חומרים מרוכבים,substituted,yes,wikipedia,חומה ומגדל,unreviewed,,substitution,wiki_substituted
ha-01152,חו״מ,ישנה מחלוקת לגבי זהות היישוב הראשון של חו״מ.,חומה ומגדל,חו״מ.01,חומה ומגדל,weak,4,חושן משפט | חומה ומגדל | חוץ מזה | חומרים מרוכבים,substituted,yes,wikipedia,חומה ומגדל,unreviewed,,substitution,wiki_substituted
ha-01153,חו״מ,"אף על פי שמקובל למנות את כפר חיטים כיישוב ""חו״מ"" הראשון, ישנם מקורות המציינים את ניר דוד כראשון.",חומה ומגדל,חו״מ.01,חומה ומגדל,weak,4,חושן משפט | חומה ומגדל | חוץ מזה | חומרים מרוכבים,substituted,yes,wikipedia,חומה ומגדל,unreviewed,,substitution,wiki_substituted
ha-01154,חו״מ,יישום נוסף מתקבל באמצעות טבילת אריג סיבי פחמן בתרכובת מותכת כדוגמת אפוקסי לשם יצירת חו״מ המאפשרים לעצב משטחים חזקים בעלי משקל קל.,חומרים מרוכבים,חו״מ.02,חומרים מרוכבים,weak,4,חושן משפט | חומה ומגדל | חוץ מזה | חומרים מרוכבים,substituted,yes,wikipedia,סיב פחמן,unreviewed,,substitution,wiki_substituted
ha-01155,חו״מ,חו״מ הם קבוצות חומרים שבנויים משילוב של שניים או יותר חומרים.,חומרים מרוכבים,חו״מ.02,חומרים מרוכבים,weak,4,חושן משפט | חומה ומגדל | חוץ מזה | חומרים מרוכבים,substituted,yes,wikipedia,חומר,unreviewed,,substitution,wiki_substituted
ha-01156,חו״מ,"שריון מרוכב הוא מיגון לרכב קרבי משוריין וכלי רכב אחרים שמורכב מלוחות שריון העשויים ממספר שכבות של חו״מ, סגסוגות מתכתיות וחומרים אחרים, כגון חומרים קרמיים, פלסטיק ואף חללי אוויר.",חומרים מרוכבים,חו״מ.02,חומרים מרוכבים,weak,4,חושן משפט | חומה ומגדל | חוץ מזה | חומרים מרוכבים,substituted,yes,wikipedia,שריון מרוכב,unreviewed,,substitution,wiki_substituted
ha-01157,חו״מ,"חו״מ, לארמניה יש עודף אנרגיה ושוק הייצוא הגדול היחיד שלה.",חוץ מזה,חו״מ.03,חוץ מזה,weak,4,חושן משפט | חומה ומגדל | חוץ מזה | חומרים מרוכבים,substituted,yes,wikipedia,יחסי איראן–ארמניה,unreviewed,,substitution,wiki_substituted
ha-01158,חו״מ,חו״מ שתי המדינות הסכימו להעניק 100 מלגות לסטודנטים המעוניינים במוסדות להשכלה גבוהה.,חוץ מזה,חו״מ.03,חוץ מזה,weak,4,חושן משפט | חומה ומגדל | חוץ מזה | חומרים מרוכבים,substituted,yes,wikipedia,יחסי איראן–הונגריה,unreviewed,,substitution,wiki_substituted
ha-01159,חו״מ,"חו״מ זיכה אותם אלוהים בחיים ארוכים יותר על צדקתם ועל התועלת שבהמצאותיהם..."".",חוץ מזה,חו״מ.03,חוץ מזה,weak,4,חושן משפט | חומה ומגדל | חוץ מזה | חומרים מרוכבים,substituted,yes,wikipedia,הכרונולוגיה המקראית והמסורתית,unreviewed,,substitution,wiki_substituted
ha-01160,חו״מ,כיום משמש הביטוי חו״מ למכלול הדינים הנוגעים לדיני ממונות.,חושן משפט,חו״מ.04,חושן משפט,weak,4,חושן משפט | חומה ומגדל | חוץ מזה | חומרים מרוכבים,substituted,yes,wikipedia,חושן משפט,unreviewed,,substitution,wiki_substituted
ha-01161,חו״מ,אורים ותומים לרב יהונתן אייבשיץ על חו״מ.,חושן משפט,חו״מ.04,חושן משפט,weak,4,חושן משפט | חומה ומגדל | חוץ מזה | חומרים מרוכבים,substituted,yes,wikipedia,שולחן ערוך,unreviewed,,substitution,wiki_substituted
ha-01162,חו״מ,"ספר נתיבות המשפט (בעגה הישיבתית - ""הנתיבות"") הוא ביאור לחלק חו״מ בשולחן ערוך, שחובר על ידי הרב יעקב לורברבוים, רבה של העיר ליסא.",חושן משפט,חו״מ.04,חושן משפט,weak,4,חושן משפט | חומה ומגדל | חוץ מזה | חומרים מרוכבים,substituted,yes,wikipedia,נתיבות המשפט,unreviewed,,substitution,wiki_substituted
ha-02700,קו״נ,"פירושו ""קו״נ"" נדפס עשרות פעמים והוא אחד מהפירושים הפופולריים על המשנה.",קב ונקי,קו״נ.01,קב ונקי,weak,3,קולנוע | קב ונקי | קורבן נתנאל,substituted,yes,wikipedia,אלישע בן אברהם (רב),unreviewed,,substitution,wiki_substituted
ha-02701,קו״נ,מקור שם הפירוש הוא בביטוי קו״נ המתאר כמות קטנה (קב) באיכות גבוהה.,קב ונקי,קו״נ.01,קב ונקי,weak,3,קולנוע | קב ונקי | קורבן נתנאל,substituted,yes,wikipedia,אלישע בן אברהם (רב),unreviewed,,substitution,wiki_substituted
ha-02702,קו״נ,"פירוש ""קו״נ"" נדפס כ-20 פעמים מאז שיצא, ונכלל גם במהדורה המודרנית ""משנה סדורה"".",קב ונקי,קו״נ.01,קב ונקי,weak,3,קולנוע | קב ונקי | קורבן נתנאל,substituted,yes,wikipedia,אלישע בן אברהם (רב),unreviewed,,substitution,wiki_substituted
ha-02703,קו״נ,"בדרך כלל, המונח מתייחס לאדם המופיע בסרט קו״נ, בתיאטרון, או בטלוויזיה, ולעיתים מתייחס גם להופעות רחוב.",קולנוע,קו״נ.02,קולנוע,weak,3,קולנוע | קב ונקי | קורבן נתנאל,substituted,yes,wikipedia,שחקן,unreviewed,,substitution,wiki_substituted
ha-02704,קו״נ,"סרט קו״נ מוצג באופן מסורתי בבית קו״נ, אולם ניתן לצפות בסרטי קו״נ גם באמצעי צפייה ביתיים כגון שידורי טלוויזיה, מכשירי וידאו ו-DVD וגם באמצעות מחשב.",קולנוע,קו״נ.02,קולנוע,weak,3,קולנוע | קב ונקי | קורבן נתנאל,substituted,yes,wikipedia,סרט קולנוע,unreviewed,,substitution,wiki_substituted
ha-02705,קו״נ,"כשהפסקול של סרט קו״נ כולל שירים או יצירות מוזיקליות רבות, נהוג להדפיסו על-גבי קלטות ותקליטורים ולמוכרו בנפרד מהסרט.",קולנוע,קו״נ.02,קולנוע,weak,3,קולנוע | קב ונקי | קורבן נתנאל,substituted,yes,wikipedia,סרט קולנוע,unreviewed,,substitution,wiki_substituted
ha-02555,פו״ש,"תרגילים נערכים על מנת לאמן ולהעריך את תפקודן של מסגרות צבאיות, גייסות או מפקדות והפקת לקחים בנוגע לתכנון, פו״ש, השלמת וביצוע משימות בזמן ובאיכות הנדרשת.",פיקוד ושליטה,פו״ש.01,פיקוד ושליטה,weak,2,פיקוד ושליטה | יחידות בהגנה 1937-1939,substituted,no,wikipedia,תרגיל צבאי,unreviewed,,substitution,wiki_substituted
ha-02556,פו״ש,גורמי הפיקוד והסיוע הקרבי והמנהלתי מתורגלים במלואם ומתורגלת בעיקר הפעלת מערכות פו״ש.,פיקוד ושליטה,פו״ש.01,פיקוד ושליטה,weak,2,פיקוד ושליטה | יחידות בהגנה 1937-1939,substituted,no,wikipedia,תרגיל צבאי,unreviewed,,substitution,wiki_substituted
ha-02557,פו״ש,פו״ש מודרניים על צבא בקנה מידה גדול התאפשרו רק עם הפיתוחים הטכנולוגיים.,פיקוד ושליטה,פו״ש.01,פיקוד ושליטה,weak,2,פיקוד ושליטה | יחידות בהגנה 1937-1939,substituted,no,wikipedia,שליטה ובקרה,unreviewed,,substitution,wiki_substituted
ha-00840,דס״ל,עד עתה הותר השימוש ב-SAF כאחוז מסוים מתערובת הכוללת גם דס״ל רגיל (עד 50 אחוז).,דלק סילוני,דס״ל.01,דלק סילוני,weak,2,דלק סילוני | דסבירא ליה (שסבור הוא),substituted,no,wikipedia,דלק מטוסים,unreviewed,,substitution,wiki_substituted
ha-00841,דס״ל,"מנורות נפט צורכות כ-77 מיליארד ליטר דלק בשנה (בערך 1.3 מיליון חביות נפט ליום), לשם השוואה דס״ל אמריקאי נצרך בכמות של כ-76 מיליארד ליטרים בשנה.",דלק סילוני,דס״ל.01,דלק סילוני,weak,2,דלק סילוני | דסבירא ליה (שסבור הוא),substituted,no,wikipedia,מנורת נפט,unreviewed,,substitution,wiki_substituted
ha-00842,דס״ל,על הכבאיות התעופתיות החדישות ביותר מורכבת מערכת מסוגלות להתמודד עם בעירת דס״ל בעזרת חומר כיבוי משלב קצף כיבוי ואבקת כיבוי.,דלק סילוני,דס״ל.01,דלק סילוני,weak,2,דלק סילוני | דסבירא ליה (שסבור הוא),substituted,no,wikipedia,כבאית תעופתית,unreviewed,,substitution,wiki_substituted
ha-02952,ר״ח,בחודשים מלאים – המונים שלושים יום – גם היום האחרון נחשב ר״ח של החודש הבא.,ראש חודש,ר״ח.01,ראש חודש,weak,2,ראש חודש | רבנו חננאל,substituted,yes,wikipedia,ראש חודש,unreviewed,,substitution,wiki_substituted
ha-02953,ר״ח,"הכרזה על ר״ח מכריעה למעשה מתי יצוינו החגים היהודיים, הנקבעים לפי התאריך העברי.",ראש חודש,ר״ח.01,ראש חודש,weak,2,ראש חודש | רבנו חננאל,substituted,yes,wikipedia,ראש חודש,unreviewed,,substitution,wiki_substituted
ha-02954,ר״ח,"בנוסף, ר״ח נזכר בין הימים שתוקעים בהם בחצוצרות בעת הקרבת הקרבנות.",ראש חודש,ר״ח.01,ראש חודש,weak,2,ראש חודש | רבנו חננאל,substituted,yes,wikipedia,ראש חודש,unreviewed,,substitution,wiki_substituted
ha-02955,ר״ח,"ר״ח קיים התכתבות עם ראשי ישיבות בבל, והם העניקו לו את התואר ""ראש בי רבנן"".",רבנו חננאל,ר״ח.02,רבנו חננאל,weak,2,ראש חודש | רבנו חננאל,substituted,yes,wikipedia,רבנו חננאל,unreviewed,,substitution,wiki_substituted
ha-02956,ר״ח,"לרוב, כאשר הגמרא מנסה להעמיד סוגיה כלשהי, ר״ח אינו כותב את העמדות שנדחו אלא רק את המסקנה הסופית להלכה.",רבנו חננאל,ר״ח.02,רבנו חננאל,weak,2,ראש חודש | רבנו חננאל,substituted,yes,wikipedia,רבנו חננאל,unreviewed,,substitution,wiki_substituted
ha-02957,ר״ח,"ברוב המקומות, ר״ח הסתמך על פירושיהם של רב שרירא גאון ושל רב האי גאון לכמה מסכתות, ולפעמים הוא העתיק את פירושיהם מילה במילה.",רבנו חננאל,ר״ח.02,רבנו חננאל,weak,2,ראש חודש | רבנו חננאל,substituted,yes,wikipedia,רבנו חננאל,unreviewed,,substitution,wiki_substituted
ha-00562,בר״ש,";בקאלושין כיהן תלמידו של רבי מאיר שלום, רבי אלעזר אלתר אליקים בריעה בידרמן (בן רבי דוד יוסף בר״ש יחיאל בן רבי משה מלעלוב).",בן רבי שלמה,בר״ש.01,בן רבי שלמה,weak,4,ברבי שמעון | ברית שלום | בן רבי שלמה | בן רבי שמשון,substituted,yes,wikipedia,חסידות פוריסוב,unreviewed,,substitution,wiki_substituted
ha-00563,בר״ש,"בין צאצאיו ששימשו באדמו""רות: רבי מרדכי מקמינקא-קוריץ, בר״ש דב מברשיבקה, בן רבי אפרים חיים, בן רבי פנחס משיפיטובקה בנו של רבי מרדכי.",בן רבי שלמה,בר״ש.01,בן רבי שלמה,weak,4,ברבי שמעון | ברית שלום | בן רבי שלמה | בן רבי שמשון,substituted,yes,wikipedia,שושלת קוריץ,unreviewed,,substitution,wiki_substituted
ha-00564,בר״ש,"אביו, אברהם אבא, היה בנו של פנחס בן משה, בר״ש אב בית הדין של סטאנוב, בנו של רבי נתן נטע שפירא בעל ה""מגלה עמוקות"".",בן רבי שלמה,בר״ש.01,בן רבי שלמה,weak,4,ברבי שמעון | ברית שלום | בן רבי שלמה | בן רבי שמשון,substituted,yes,wikipedia,פנחס שפירא מקוריץ,unreviewed,,substitution,wiki_substituted
ha-00565,בר״ש,בשורה ארוכה של מקורות במדרשים ובתלמוד הירושלמי מובא סיפור דברים אחר לחלוטין בנוגע לאופן צאתם של רבי שמעון בר יוחאי ובנו רבי אלעזר בר״ש מהמערה.,ברבי שמעון,בר״ש.02,ברבי שמעון,weak,4,ברבי שמעון | ברית שלום | בן רבי שלמה | בן רבי שמשון,substituted,yes,wikipedia,רבי אלעזר ברבי שמעון,unreviewed,,substitution,wiki_substituted
ha-00566,בר״ש,"מסיבה זאת סירבו בני עכברה (או גוש חלב) לאפשר את קבורתו של רבי אלעזר בר״ש וגופתו נחטפה מהכפר בט' בתשרי, ערב יום כיפור, עת היו טרודים בהכנות לצום.",ברבי שמעון,בר״ש.02,ברבי שמעון,weak,4,ברבי שמעון | ברית שלום | בן רבי שלמה | בן רבי שמשון,substituted,yes,wikipedia,רבי אלעזר ברבי שמעון,unreviewed,,substitution,wiki_substituted
ha-00567,בר״ש,"נראה שהיה גיסו של רבי אלעזר בר״ש, אף על פי שישנם מקורות שעולה מהם שהיה חמיו של רבי אלעזר.",ברבי שמעון,בר״ש.02,ברבי שמעון,weak,4,ברבי שמעון | ברית שלום | בן רבי שלמה | בן רבי שמשון,substituted,yes,wikipedia,רבי שמעון בן יוסי,unreviewed,,substitution,wiki_substituted
ha-00568,בר״ש,"חברי בר״ש ראו חשיבות לאומית רבה בתחיית התרבות העברית והתרבות הערבית כאחד, כדי ליצור הבנות המבוססות על המכנה המשותף ההיסטורי בין התרבויות.",ברית שלום,בר״ש.03,ברית שלום,weak,4,ברבי שמעון | ברית שלום | בן רבי שלמה | בן רבי שמשון,substituted,yes,wikipedia,ברית שלום,unreviewed,,substitution,wiki_substituted
ha-00569,בר״ש,"חברי ""בר״ש"" סברו, שככל שהזמן חולף, ערביי ארץ ישראל מתבצרים בהתנגדות לציונות ולכן יש להגיע איתם להסכמים ולהבנות.",ברית שלום,בר״ש.03,ברית שלום,weak,4,ברבי שמעון | ברית שלום | בן רבי שלמה | בן רבי שמשון,substituted,yes,wikipedia,ברית שלום,unreviewed,,substitution,wiki_substituted
ha-00570,בר״ש,"אגודת בר״ש דגלה בשוויון מדיני בין שתי הקהילות, היהודית והערבית, וזאת על אף הפער הדמוגרפי הגדול ביניהן (בתקופה זו היו בארץ ישראל כ-800 אלף ערבים ורק כ-160 אלף יהודים).",ברית שלום,בר״ש.03,ברית שלום,weak,4,ברבי שמעון | ברית שלום | בן רבי שלמה | בן רבי שמשון,substituted,yes,wikipedia,ברית שלום,unreviewed,,substitution,wiki_substituted
ha-00745,גב״ש,"הוא נמצא על גבעת הר המנוחות, שמתנשאת לגובה 750 מטרים מעל פני הים, בצידה המערבי של ירושלים, מצפון־מערב לשכונת גב״ש ומעל לכביש 1.",גבעת שאול,גב״ש.01,גבעת שאול,weak,2,גבעת שמואל | גבעת שאול,substituted,yes,wikipedia,הר המנוחות,unreviewed,,substitution,wiki_substituted
ha-00746,גב״ש,"מזרחית להר המנוחות ממוקם בית הקברות גב״ש, השני בגודלו מבין בתי הקברות בירושלים.",גבעת שאול,גב״ש.01,גבעת שאול,weak,2,גבעת שמואל | גבעת שאול,substituted,yes,wikipedia,הר המנוחות,unreviewed,,substitution,wiki_substituted
ha-00747,גב״ש,"גב״ש היא שכונה ואזור תעשייה במערב ירושלים, מדרום לכביש 1.",גבעת שאול,גב״ש.01,גבעת שאול,weak,2,גבעת שמואל | גבעת שאול,substituted,yes,wikipedia,גבעת שאול,unreviewed,,substitution,wiki_substituted
ha-00748,גב״ש,"העיר גב״ש קרויה על שמו של שמואל פינלס, נדבן ועסקן ציוני דתי, שהיה הרוח החיה ונשיאו של הקונגרס הציוני בפוקשאן – הקונגרס הראשון של תנועת ""חובבי ציון"" באירופה.",גבעת שמואל,גב״ש.02,גבעת שמואל,weak,2,גבעת שמואל | גבעת שאול,substituted,yes,wikipedia,גבעת שמואל,unreviewed,,substitution,wiki_substituted
ha-00749,גב״ש,"גב״ש הוכרזה כמועצה מקומית בשנת 1949, וכעיר ב-20 בדצמבר 2007.",גבעת שמואל,גב״ש.02,גבעת שמואל,weak,2,גבעת שמואל | גבעת שאול,substituted,yes,wikipedia,גבעת שמואל,unreviewed,,substitution,wiki_substituted
ha-00750,גב״ש,בנובמבר 1944 החלו פעילים מרומניה בסיוע המשרד לשיכון עולים בהקמת היישוב שנקרא בפי מייסדיו גב״ש.,גבעת שמואל,גב״ש.02,גבעת שמואל,weak,2,גבעת שמואל | גבעת שאול,substituted,yes,wikipedia,גבעת שמואל,unreviewed,,substitution,wiki_substituted
ha-02782,ק״ש,"אם הוקדם יום כיפור קטן כך שהוא לא בערב ראש חודש, אומרים תחנון לפני ק״ש, ויש נוהגים לומר גם אבינו מלכנו לפי תחנון.",קדיש שלם,ק״ש.03,קדיש שלם,weak,3,קריית שמונה | קריאת שמע | קדיש שלם,substituted,yes,wikipedia,יום כיפור קטן,unreviewed,,substitution,wiki_substituted
ha-02783,ק״ש,"ברוב ימי החנוכה לאחר ההלל אומרים חצי קדיש, אך בימים שיש בהם תפילת מוסף (שבת, ראש חודש) אומרים לאחר ההלל ק״ש.",קדיש שלם,ק״ש.03,קדיש שלם,weak,3,קריית שמונה | קריאת שמע | קדיש שלם,substituted,yes,wikipedia,חנוכה,unreviewed,,substitution,wiki_substituted
ha-02784,ק״ש,"לקריאה תוקנו ברכות לפניה ולאחריה – ""ברכות ק״ש"", ובמשך הזמן הוצמדה הקריאה לתפילת שחרית וערבית.",קריאת שמע,ק״ש.01,קריאת שמע,weak,3,קריית שמונה | קריאת שמע | קדיש שלם,substituted,yes,wikipedia,קריאת שמע,unreviewed,,substitution,wiki_substituted
ha-02785,ק״ש,"המובחר ביותר הוא לקרוא ק״ש סמוך להנץ החמה, ומיד להתפלל תפילת שחרית.",קריאת שמע,ק״ש.01,קריאת שמע,weak,3,קריית שמונה | קריאת שמע | קדיש שלם,substituted,yes,wikipedia,קריאת שמע,unreviewed,,substitution,wiki_substituted
ha-02786,ק״ש,"תפילה שכזו, שבה ק״ש נעשית סמוך להנץ החמה והתפילה מיד לאחריה נקראת תפילת ותיקין.",קריאת שמע,ק״ש.01,קריאת שמע,weak,3,קריית שמונה | קריאת שמע | קדיש שלם,substituted,yes,wikipedia,קריאת שמע,unreviewed,,substitution,wiki_substituted
ha-02787,ק״ש,"כעיר היחידה באצבע הגליל ומיקומה לצד כביש 90, משמשת ק״ש מרכז אזורי ליישובי הסביבה בשירותי בריאות, תעשייה, שירותים עסקיים ומסחר.",קריית שמונה,ק״ש.02,קריית שמונה,weak,3,קריית שמונה | קריאת שמע | קדיש שלם,substituted,yes,wikipedia,קריית שמונה,unreviewed,,substitution,wiki_substituted
ha-02788,ק״ש,"ק״ש היא אחד ממאות יישובים חקלאיים וכשלושים ערים ועיירות פיתוח חדשות, רובם שוכנים באזורי הספר, שהוקמו על ידי ממשלת ישראל מעט לאחר הקמת המדינה, בשנות החמישים והשישים.",קריית שמונה,ק״ש.02,קריית שמונה,weak,3,קריית שמונה | קריאת שמע | קדיש שלם,substituted,yes,wikipedia,קריית שמונה,unreviewed,,substitution,wiki_substituted
ha-02789,ק״ש,"ללא דיון עמם גם הוחלט על הפיכתה של ק״ש מיישוב בעל אופי חקלאי למחצה, כפי שציפו עולי תימן, ליישוב עירוני, לעיירה.",קריית שמונה,ק״ש.02,קריית שמונה,weak,3,קריית שמונה | קריאת שמע | קדיש שלם,substituted,yes,wikipedia,קריית שמונה,unreviewed,,substitution,wiki_substituted
ha-01432,כד״א,כד״א הוא גרם השמיים היחיד שידוע על קיום חיים בו.,כדור הארץ,כד״א.01,כדור הארץ,weak,4,כדור הארץ | כדוריות דם אדומות | כמה דאת אמר | כמה דאמר/דאמרינן/דאיתמר,substituted,yes,wikipedia,כדור הארץ,unreviewed,,substitution,wiki_substituted
ha-01433,כד״א,"עונות השנה נגרמות בשל ההטיה של ציר הסיבוב של כד״א בזווית של 23.5 מעלות מן האנך למישור סיבובו סביב השמש (מישור המילקה), ולכן זווית פגיעת קרני השמש משתנה במשך השנה.",כדור הארץ,כד״א.01,כדור הארץ,weak,4,כדור הארץ | כדוריות דם אדומות | כמה דאת אמר | כמה דאמר/דאמרינן/דאיתמר,substituted,yes,wikipedia,כדור הארץ,unreviewed,,substitution,wiki_substituted
ha-01434,כד״א,"משום כך, לא יתקיימו קיץ וחורף באותו הזמן גם בחצי הצפוני של כד״א וגם בחצי הדרומי.",כדור הארץ,כד״א.01,כדור הארץ,weak,4,כדור הארץ | כדוריות דם אדומות | כמה דאת אמר | כמה דאמר/דאמרינן/דאיתמר,substituted,yes,wikipedia,כדור הארץ,unreviewed,,substitution,wiki_substituted
ha-01435,כד״א,"הורמון זה מעודד יצירת כד״א במח העצם, ועד לפיתוחה השתמשו לטיפול בחולי הכליות באריתרופויאטין מלאכותי.",כדוריות דם אדומות,כד״א.02,כדוריות דם אדומות,weak,4,כדור הארץ | כדוריות דם אדומות | כמה דאת אמר | כמה דאמר/דאמרינן/דאיתמר,substituted,yes,wikipedia,CERA,unreviewed,,substitution,wiki_substituted
ha-01436,כד״א,פוליציטמיה (Polycythemia וכן אריתרוציטוזיס - Erythrocytosis; לפי האקדמיה ללשון העברית: ריבוי כדוריות אדומות) מוגדרת כמצב בו ספירת דם כללית מצביעה על ריכוז עודף של כד״א.,כדוריות דם אדומות,כד״א.02,כדוריות דם אדומות,weak,4,כדור הארץ | כדוריות דם אדומות | כמה דאת אמר | כמה דאמר/דאמרינן/דאיתמר,substituted,yes,wikipedia,פוליציטמיה,unreviewed,,substitution,wiki_substituted
ha-01437,כד״א,"לאחר זמן מה, הדם מתפרק לשלושה מרכיבים עיקריים: כד״א, כדוריות דם לבנות עם טסיות ופלזמה.",כדוריות דם אדומות,כד״א.02,כדוריות דם אדומות,weak,4,כדור הארץ | כדוריות דם אדומות | כמה דאת אמר | כמה דאמר/דאמרינן/דאיתמר,substituted,yes,wikipedia,המטוקריט,unreviewed,,substitution,wiki_substituted
ha-02542,פא״י,במהלך הדיונים הוא דיווח על פעילותה של תנועת פא״י והעלה דרישה מבעלי בתי חרושת החרדים להעסיק פועלים שומרי שבת.,פועלי אגודת ישראל,פא״י.01,פועלי אגודת ישראל,weak,3,פחות או יותר | פועלי אגודת ישראל | פועלי ארץ ישראל,substituted,yes,wikipedia,פועלי אגודת ישראל,unreviewed,,substitution,wiki_substituted
ha-02543,פא״י,למרות ההתנגדות הובילה המצוקה של חברי הקבוצה את חברי פא״י להחליט בוועידתם ב־1941 על יצירת קשר עם המוסדות הציונים.,פועלי אגודת ישראל,פא״י.01,פועלי אגודת ישראל,weak,3,פחות או יותר | פועלי אגודת ישראל | פועלי ארץ ישראל,substituted,yes,wikipedia,פועלי אגודת ישראל,unreviewed,,substitution,wiki_substituted
ha-02544,פא״י,"בבחירות לכנסת השנייה התמודדה פא״י עצמאית, תוך עימותים בין תומכיה ובין תומכי אגודת ישראל.",פועלי אגודת ישראל,פא״י.01,פועלי אגודת ישראל,weak,3,פחות או יותר | פועלי אגודת ישראל | פועלי ארץ ישראל,substituted,yes,wikipedia,פועלי אגודת ישראל,unreviewed,,substitution,wiki_substituted
ha-02545,פא״י,אוסף מפלגת פא״י שמור בספרייה הלאומית ומספרו V 1745.,פועלי ארץ ישראל,פא״י.02,פועלי ארץ ישראל,weak,3,פחות או יותר | פועלי אגודת ישראל | פועלי ארץ ישראל,substituted,yes,wikipedia,"מפא""י",unreviewed,,substitution,wiki_substituted
ha-02546,פא״י,"עד ייסוד הוצאת עם עובד ב-1942 הייתה הוצאת דבר ההוצאה הרשמית של פא״י ויצאו בה כ-80 כותרים בית הדפוס של ההוצאה היה בית הדפוס של ""הפועל הצעיר"".",פועלי ארץ ישראל,פא״י.02,פועלי ארץ ישראל,weak,3,פחות או יותר | פועלי אגודת ישראל | פועלי ארץ ישראל,substituted,yes,wikipedia,הוצאת דבר,unreviewed,,substitution,wiki_substituted
ha-02547,פא״י,המשרד הוקם כדי שדב יוסף ממפלגת פא״י יוכל לכהן בממשלה.,פועלי ארץ ישראל,פא״י.02,פועלי ארץ ישראל,weak,3,פחות או יותר | פועלי אגודת ישראל | פועלי ארץ ישראל,substituted,yes,wikipedia,משרד הפיתוח,unreviewed,,substitution,wiki_substituted
ha-02548,פא״י,"היסודות בסגסוגת עשויים להיות מפוזרים באופן אחיד, כתמיסה מוצקה, או באופן לא אחיד, עם אזורים (פאזות) עשירים פא״י באחד המרכיבים.",פחות או יותר,פא״י.03,פחות או יותר,weak,3,פחות או יותר | פועלי אגודת ישראל | פועלי ארץ ישראל,substituted,yes,wikipedia,סגסוגת,unreviewed,,substitution,wiki_substituted
ha-02549,פא״י,"ההגדרה הגאוגרפית של האזור כוללת פא״י את סוריה, לבנון, ישראל, ירדן, קפריסין, סיני, ודרום מרכז טורקיה.",פחות או יותר,פא״י.03,פחות או יותר,weak,3,פחות או יותר | פועלי אגודת ישראל | פועלי ארץ ישראל,substituted,yes,wikipedia,לבנט,unreviewed,,substitution,wiki_substituted
ha-02550,פא״י,"שטח נפת טראמו חופף פא״י לשטח של ""אברוצו אולטריורה פרימו"" (Abruzzo Ulteriore Primo).",פחות או יותר,פא״י.03,פחות או יותר,weak,3,פחות או יותר | פועלי אגודת ישראל | פועלי ארץ ישראל,substituted,yes,wikipedia,אברוצו,unreviewed,,substitution,wiki_substituted
ha-00235,א״ב,היום הם משמשים א״ב ליכולת החישוב בבדיקת ראשוניותם של ראשוניים גדולים.,אבן בוחן,א״ב.01,אבן בוחן,weak,17,ארצות הברית | אדר ב' | ארוחת בוקר | אלף-בית | אין ביכולתו | אתה בחרתנו | אבן בוחן | אמרי בינה | אנשי ביתו | איסור בישול | איסור בנייה | אמת בניין | איתור בית | אישור בחירות | איכא ביניהו (יש ביניהם | אין בו; אין בה | אין ברֵרה,substituted,yes,wikipedia,מספר משוכלל,unreviewed,,substitution,wiki_substituted
ha-00236,א״ב,"וילות בסגנון רומי הוקמו לרוב ברחבי האימפריה הרומית בתקופת רומא העתיקה, והן מהוות עדות מובהקת לתהליך הלניזציה; לפיכך, נוכחותן או העדרן עשויה לשמש א״ב חשובה למצב החברה הכפרית.",אבן בוחן,א״ב.01,אבן בוחן,weak,17,ארצות הברית | אדר ב' | ארוחת בוקר | אלף-בית | אין ביכולתו | אתה בחרתנו | אבן בוחן | אמרי בינה | אנשי ביתו | איסור בישול | איסור בנייה | אמת בניין | איתור בית | אישור בחירות | איכא ביניהו (יש ביניהם | אין בו; אין בה | אין ברֵרה,substituted,yes,wikipedia,וילה כפרית רומית,unreviewed,,substitution,wiki_substituted
ha-00237,א״ב,הסכסוך סביב האי היה א״ב לקביעת ריבונות לאורך המעבר הצפון-מערבי והאוקיינוס הארקטי.,אבן בוחן,א״ב.01,אבן בוחן,weak,17,ארצות הברית | אדר ב' | ארוחת בוקר | אלף-בית | אין ביכולתו | אתה בחרתנו | אבן בוחן | אמרי בינה | אנשי ביתו | איסור בישול | איסור בנייה | אמת בניין | איתור בית | אישור בחירות | איכא ביניהו (יש ביניהם | אין בו; אין בה | אין ברֵרה,substituted,yes,wikipedia,האי הנס,unreviewed,,substitution,wiki_substituted
ha-00238,א״ב,"לשחקן לא ניתן מספר באותה העת (שכן יכול להחליף שחקן המשחק בעמדה לא מוכרת לו) והוא נקרא ""פינץ' היטר"", ובדרך כלל מוחלף במצב מגרש על ידי שחקן אחר (בבייסבול, כאשר הוצא שחקן מהמשחק א״ב לחזור אליו).",אין ביכולתו,א״ב.02,אין ביכולתו,weak,17,ארצות הברית | אדר ב' | ארוחת בוקר | אלף-בית | אין ביכולתו | אתה בחרתנו | אבן בוחן | אמרי בינה | אנשי ביתו | איסור בישול | איסור בנייה | אמת בניין | איתור בית | אישור בחירות | איכא ביניהו (יש ביניהם | אין בו; אין בה | אין ברֵרה,substituted,yes,wikipedia,עמדות בייסבול,unreviewed,,substitution,wiki_substituted
ha-00239,א״ב,"כאשר ארנב (שרמת הקריאה והכתיבה שלו סבירה), מגיע לדון עם ינשוף על פתק שהשאיר להם כריסטופר רובין, א״ב של ינשוף לקרוא את הפתק.",אין ביכולתו,א״ב.02,אין ביכולתו,weak,17,ארצות הברית | אדר ב' | ארוחת בוקר | אלף-בית | אין ביכולתו | אתה בחרתנו | אבן בוחן | אמרי בינה | אנשי ביתו | איסור בישול | איסור בנייה | אמת בניין | איתור בית | אישור בחירות | איכא ביניהו (יש ביניהם | אין בו; אין בה | אין ברֵרה,substituted,yes,wikipedia,ינשוף (פו הדב),unreviewed,,substitution,wiki_substituted
ha-00240,א״ב,"המוטיב החוזר הוא שלא משנה כמה ינסה הגיבור לשנות את מעשיו והתנהגותו, א״ב לשנות את גורלו שכבר נחתם ונקבע.",אין ביכולתו,א״ב.02,אין ביכולתו,weak,17,ארצות הברית | אדר ב' | ארוחת בוקר | אלף-בית | אין ביכולתו | אתה בחרתנו | אבן בוחן | אמרי בינה | אנשי ביתו | איסור בישול | איסור בנייה | אמת בניין | איתור בית | אישור בחירות | איכא ביניהו (יש ביניהם | אין בו; אין בה | אין ברֵרה,substituted,yes,wikipedia,פטליזם,unreviewed,,substitution,wiki_substituted
ha-00241,א״ב,כמו כן כולל א״ב גם הגסה בסיר באופנים שונים (ראו להלן מגיס).,איסור בישול,א״ב.03,איסור בישול,weak,17,ארצות הברית | אדר ב' | ארוחת בוקר | אלף-בית | אין ביכולתו | אתה בחרתנו | אבן בוחן | אמרי בינה | אנשי ביתו | איסור בישול | איסור בנייה | אמת בניין | איתור בית | אישור בחירות | איכא ביניהו (יש ביניהם | אין בו; אין בה | אין ברֵרה,substituted,yes,wikipedia,מלאכת מבשל,unreviewed,,substitution,wiki_substituted
ha-00242,א״ב,"מחמת א״ב בכלי ראשון, אסור להכניס מאכל חי כגון תבלינים, למעט מלח, לתוך 'כלי ראשון'.",איסור בישול,א״ב.03,איסור בישול,weak,17,ארצות הברית | אדר ב' | ארוחת בוקר | אלף-בית | אין ביכולתו | אתה בחרתנו | אבן בוחן | אמרי בינה | אנשי ביתו | איסור בישול | איסור בנייה | אמת בניין | איתור בית | אישור בחירות | איכא ביניהו (יש ביניהם | אין בו; אין בה | אין ברֵרה,substituted,yes,wikipedia,מלאכת מבשל,unreviewed,,substitution,wiki_substituted
ha-00243,א״ב,"א״ב בכלי ראשון נאמר לעניין נתינת מאכל חי בתוך מאכל מבושל חם, אך לעניין נתינת מאכל מבושל קר בתוך מאכל מבושל חם, נאמר הכלל 'אין בישול אחר בישול'.",איסור בישול,א״ב.03,איסור בישול,weak,17,ארצות הברית | אדר ב' | ארוחת בוקר | אלף-בית | אין ביכולתו | אתה בחרתנו | אבן בוחן | אמרי בינה | אנשי ביתו | איסור בישול | איסור בנייה | אמת בניין | איתור בית | אישור בחירות | איכא ביניהו (יש ביניהם | אין בו; אין בה | אין ברֵרה,substituted,yes,wikipedia,מלאכת מבשל,unreviewed,,substitution,wiki_substituted
ha-00244,א״ב,"בתקופה הממלוכית הוגבל חופש הפולחן הנוצרי והיהודי באופן כללי, וזאת על ידי א״ב ושיפוץ של מבני תפילה קיימים (""חוקי עומר"").",איסור בנייה,א״ב.04,איסור בנייה,weak,17,ארצות הברית | אדר ב' | ארוחת בוקר | אלף-בית | אין ביכולתו | אתה בחרתנו | אבן בוחן | אמרי בינה | אנשי ביתו | איסור בישול | איסור בנייה | אמת בניין | איתור בית | אישור בחירות | איכא ביניהו (יש ביניהם | אין בו; אין בה | אין ברֵרה,substituted,yes,wikipedia,כנסיית הקבר,unreviewed,,substitution,wiki_substituted
ha-00245,א״ב,"הן דרשו א״ב והרחבה של מלונות, אכיפת איסור על עירום ויצירת ביטחון במרחב ללא ניצול מיני.",איסור בנייה,א״ב.04,איסור בנייה,weak,17,ארצות הברית | אדר ב' | ארוחת בוקר | אלף-בית | אין ביכולתו | אתה בחרתנו | אבן בוחן | אמרי בינה | אנשי ביתו | איסור בישול | איסור בנייה | אמת בניין | איתור בית | אישור בחירות | איכא ביניהו (יש ביניהם | אין בו; אין בה | אין ברֵרה,substituted,yes,wikipedia,תיירות מין,unreviewed,,substitution,wiki_substituted
ha-00246,א״ב,"במצע הבחירות הופיעו סעיפים כגון דה-קרימינליזציה של שימוש בסמים, הפיכת הרחובות למדרחובים מדושאים, א״ב מעבר לגובה המסתיר את נוף ההרים ושינוי שם העיירה אספן ל-""Fat City"".",איסור בנייה,א״ב.04,איסור בנייה,weak,17,ארצות הברית | אדר ב' | ארוחת בוקר | אלף-בית | אין ביכולתו | אתה בחרתנו | אבן בוחן | אמרי בינה | אנשי ביתו | איסור בישול | איסור בנייה | אמת בניין | איתור בית | אישור בחירות | איכא ביניהו (יש ביניהם | אין בו; אין בה | אין ברֵרה,substituted,yes,wikipedia,האנטר ס. תומפסון,unreviewed,,substitution,wiki_substituted
ha-00247,א״ב,"וכבר בקש מהאל יתברך שלמה בתפילתו שתקובל תפילת המקום ההוא"" .יוסף רופא במאמרו מקום מקדשנו - א״ב-המקדש בדרומה של רחבת הר-הבית סבור כי ""כמטחווי-קשת"" הוא מרחק שבין 150 מטר ל-200 מטר.",איתור בית,א״ב.08,איתור בית,weak,17,ארצות הברית | אדר ב' | ארוחת בוקר | אלף-בית | אין ביכולתו | אתה בחרתנו | אבן בוחן | אמרי בינה | אנשי ביתו | איסור בישול | איסור בנייה | אמת בניין | איתור בית | אישור בחירות | איכא ביניהו (יש ביניהם | אין בו; אין בה | אין ברֵרה,substituted,yes,wikipedia,זיהוי מקום המקדש,unreviewed,,substitution,wiki_substituted
ha-00248,א״ב,לבקשת מנהיג השודדים התנדב שודד אמיץ עוד יותר לביצוע משימת א״ב האדם שביתרו.,איתור בית,א״ב.08,איתור בית,weak,17,ארצות הברית | אדר ב' | ארוחת בוקר | אלף-בית | אין ביכולתו | אתה בחרתנו | אבן בוחן | אמרי בינה | אנשי ביתו | איסור בישול | איסור בנייה | אמת בניין | איתור בית | אישור בחירות | איכא ביניהו (יש ביניהם | אין בו; אין בה | אין ברֵרה,substituted,yes,wikipedia,עלי באבא וארבעים השודדים,unreviewed,,substitution,wiki_substituted
ha-00249,א״ב,"את הפזמון ביצעו יזהר כהן ולהקת א״ב, שייצגו בתחרות את ישראל.",אלף-בית,א״ב.09,אלף-בית,weak,17,ארצות הברית | אדר ב' | ארוחת בוקר | אלף-בית | אין ביכולתו | אתה בחרתנו | אבן בוחן | אמרי בינה | אנשי ביתו | איסור בישול | איסור בנייה | אמת בניין | איתור בית | אישור בחירות | איכא ביניהו (יש ביניהם | אין בו; אין בה | אין ברֵרה,substituted,yes,wikipedia,אבניבי,unreviewed,,substitution,wiki_substituted
ha-00250,א״ב,"חברי להקת הליווי ""א״ב"" (מחוץ לישראל הוצגה כ""אלפא-ביתא"") היו נחמה שוטן, אתי צוברי, ראובן ארז, איציק עוקב וליסה גולד.",אלף-בית,א״ב.09,אלף-בית,weak,17,ארצות הברית | אדר ב' | ארוחת בוקר | אלף-בית | אין ביכולתו | אתה בחרתנו | אבן בוחן | אמרי בינה | אנשי ביתו | איסור בישול | איסור בנייה | אמת בניין | איתור בית | אישור בחירות | איכא ביניהו (יש ביניהם | אין בו; אין בה | אין ברֵרה,substituted,yes,wikipedia,אבניבי,unreviewed,,substitution,wiki_substituted
ha-00251,א״ב,על שמו נקרא רחוב א״ב בשכונת קריית צאנז בירושלים.,אמרי בינה,א״ב.10,אמרי בינה,weak,17,ארצות הברית | אדר ב' | ארוחת בוקר | אלף-בית | אין ביכולתו | אתה בחרתנו | אבן בוחן | אמרי בינה | אנשי ביתו | איסור בישול | איסור בנייה | אמת בניין | איתור בית | אישור בחירות | איכא ביניהו (יש ביניהם | אין בו; אין בה | אין ברֵרה,substituted,yes,wikipedia,מאיר אוירבך,unreviewed,,substitution,wiki_substituted
ha-00252,א״ב,"המשפיע, רבי שילם קורטין, שכנע את התלמידים המבוגרים בישיבה ללמוד א״ב, דבר שעשו שתים עשרה שעות ביום.",אמרי בינה,א״ב.10,אמרי בינה,weak,17,ארצות הברית | אדר ב' | ארוחת בוקר | אלף-בית | אין ביכולתו | אתה בחרתנו | אבן בוחן | אמרי בינה | אנשי ביתו | איסור בישול | איסור בנייה | אמת בניין | איתור בית | אישור בחירות | איכא ביניהו (יש ביניהם | אין בו; אין בה | אין ברֵרה,substituted,yes,wikipedia,"אמרי בינה (חב""ד)",unreviewed,,substitution,wiki_substituted
ha-00253,א״ב,"יעקב פיכמן, א״ב: סופרי אודיסה, ירושלים: מוסד ביאליק, 1951.",אמת בניין,א״ב.11,אמת בניין,weak,17,ארצות הברית | אדר ב' | ארוחת בוקר | אלף-בית | אין ביכולתו | אתה בחרתנו | אבן בוחן | אמרי בינה | אנשי ביתו | איסור בישול | איסור בנייה | אמת בניין | איתור בית | אישור בחירות | איכא ביניהו (יש ביניהם | אין בו; אין בה | אין ברֵרה,substituted,yes,wikipedia,ביקורת ספרות,unreviewed,,substitution,wiki_substituted
ha-00254,א״ב,"א״ב: סופרי אודיסה, ירושלים: מוסד ביאליק, 1951.",אמת בניין,א״ב.11,אמת בניין,weak,17,ארצות הברית | אדר ב' | ארוחת בוקר | אלף-בית | אין ביכולתו | אתה בחרתנו | אבן בוחן | אמרי בינה | אנשי ביתו | איסור בישול | איסור בנייה | אמת בניין | איתור בית | אישור בחירות | איכא ביניהו (יש ביניהם | אין בו; אין בה | אין ברֵרה,substituted,yes,wikipedia,יעקב פיכמן,unreviewed,,substitution,wiki_substituted
ha-00255,א״ב,"מי שלא יכול להדליק באופן זה, מדליק בפני א״ב.",אנשי ביתו,א״ב.12,אנשי ביתו,weak,17,ארצות הברית | אדר ב' | ארוחת בוקר | אלף-בית | אין ביכולתו | אתה בחרתנו | אבן בוחן | אמרי בינה | אנשי ביתו | איסור בישול | איסור בנייה | אמת בניין | איתור בית | אישור בחירות | איכא ביניהו (יש ביניהם | אין בו; אין בה | אין ברֵרה,substituted,yes,wikipedia,הדלקת נרות חנוכה,unreviewed,,substitution,wiki_substituted
ha-00256,א״ב,חלק מהמחקרים מורים כי אחוז השומן מכלל הקלוריות נמוך יותר אצל אוכלי א״ב.,ארוחת בוקר,א״ב.05,ארוחת בוקר,weak,17,ארצות הברית | אדר ב' | ארוחת בוקר | אלף-בית | אין ביכולתו | אתה בחרתנו | אבן בוחן | אמרי בינה | אנשי ביתו | איסור בישול | איסור בנייה | אמת בניין | איתור בית | אישור בחירות | איכא ביניהו (יש ביניהם | אין בו; אין בה | אין ברֵרה,substituted,yes,wikipedia,ארוחת בוקר,unreviewed,,substitution,wiki_substituted
ha-00257,א״ב,"מי שארוחת הבוקר שלו מספקת 25% מהאנרגיה ביום, צורך יותר פחמימות ופחות שומנים מאוכלי א״ב דלה באנרגיה (עד 15% מהצריכה הקלורית היומית).",ארוחת בוקר,א״ב.05,ארוחת בוקר,weak,17,ארצות הברית | אדר ב' | ארוחת בוקר | אלף-בית | אין ביכולתו | אתה בחרתנו | אבן בוחן | אמרי בינה | אנשי ביתו | איסור בישול | איסור בנייה | אמת בניין | איתור בית | אישור בחירות | איכא ביניהו (יש ביניהם | אין בו; אין בה | אין ברֵרה,substituted,yes,wikipedia,ארוחת בוקר,unreviewed,,substitution,wiki_substituted
ha-00258,א״ב,ריכוז הכולסטרול בדם גבוה יותר אצל ילדים ומבוגרים שאינם מקפידים על א״ב.,ארוחת בוקר,א״ב.05,ארוחת בוקר,weak,17,ארצות הברית | אדר ב' | ארוחת בוקר | אלף-בית | אין ביכולתו | אתה בחרתנו | אבן בוחן | אמרי בינה | אנשי ביתו | איסור בישול | איסור בנייה | אמת בניין | איתור בית | אישור בחירות | איכא ביניהו (יש ביניהם | אין בו; אין בה | אין ברֵרה,substituted,yes,wikipedia,ארוחת בוקר,unreviewed,,substitution,wiki_substituted
ha-00259,א״ב,מאז התפרקות ברית המועצות בשנת 1991 נחשבת א״ב מעצמת-העל היחידה בעולם.,ארצות הברית,א״ב.06,ארצות הברית,weak,17,ארצות הברית | אדר ב' | ארוחת בוקר | אלף-בית | אין ביכולתו | אתה בחרתנו | אבן בוחן | אמרי בינה | אנשי ביתו | איסור בישול | איסור בנייה | אמת בניין | איתור בית | אישור בחירות | איכא ביניהו (יש ביניהם | אין בו; אין בה | אין ברֵרה,substituted,yes,wikipedia,ארצות הברית,unreviewed,,substitution,wiki_substituted
ha-00260,א״ב,א״ב היא באופן רשמי מדינה בעלת נשק גרעיני וחברת ה־G7.,ארצות הברית,א״ב.06,ארצות הברית,weak,17,ארצות הברית | אדר ב' | ארוחת בוקר | אלף-בית | אין ביכולתו | אתה בחרתנו | אבן בוחן | אמרי בינה | אנשי ביתו | איסור בישול | איסור בנייה | אמת בניין | איתור בית | אישור בחירות | איכא ביניהו (יש ביניהם | אין בו; אין בה | אין ברֵרה,substituted,yes,wikipedia,ארצות הברית,unreviewed,,substitution,wiki_substituted
ha-00261,א״ב,"א״ב היא אחת מהמדינות המגוונות ביותר מבחינה אתנית, כתוצאה מהגירה רחבת־היקף מחלקים רבים של העולם.",ארצות הברית,א״ב.06,ארצות הברית,weak,17,ארצות הברית | אדר ב' | ארוחת בוקר | אלף-בית | אין ביכולתו | אתה בחרתנו | אבן בוחן | אמרי בינה | אנשי ביתו | איסור בישול | איסור בנייה | אמת בניין | איתור בית | אישור בחירות | איכא ביניהו (יש ביניהם | אין בו; אין בה | אין ברֵרה,substituted,yes,wikipedia,ארצות הברית,unreviewed,,substitution,wiki_substituted
ha-00262,א״ב,"א״ב מכל העמים הן המילים הפותחות את ברכת קדושת היום בתפילת שבע לשלוש רגלים, ראש השנה ויום הכיפורים.",אתה בחרתנו,א״ב.07,אתה בחרתנו,weak,17,ארצות הברית | אדר ב' | ארוחת בוקר | אלף-בית | אין ביכולתו | אתה בחרתנו | אבן בוחן | אמרי בינה | אנשי ביתו | איסור בישול | איסור בנייה | אמת בניין | איתור בית | אישור בחירות | איכא ביניהו (יש ביניהם | אין בו; אין בה | אין ברֵרה,substituted,yes,wikipedia,אתה בחרתנו מכל העמים,unreviewed,,substitution,wiki_substituted
ha-00263,א״ב,"מילים אלו, וגם הצירוף הקצר ""א״ב"", משמשים לעיתים ככינוי לקטע התפילה שהן פותחות, אך במאות האחרונות הן משמשות בשיח הציבורי בעיקר כמבטאות את רעיון בחירת עם ישראל.",אתה בחרתנו,א״ב.07,אתה בחרתנו,weak,17,ארצות הברית | אדר ב' | ארוחת בוקר | אלף-בית | אין ביכולתו | אתה בחרתנו | אבן בוחן | אמרי בינה | אנשי ביתו | איסור בישול | איסור בנייה | אמת בניין | איתור בית | אישור בחירות | איכא ביניהו (יש ביניהם | אין בו; אין בה | אין ברֵרה,substituted,yes,wikipedia,אתה בחרתנו מכל העמים,unreviewed,,substitution,wiki_substituted
ha-00264,א״ב,"בין השאר, משמש הביטוי ""א״ב"" כמייצג את רעיון בחירת עם ישראל בפי אלו השואלים על בחירה זאת, ואת אלו המתריסים כנגדה.",אתה בחרתנו,א״ב.07,אתה בחרתנו,weak,17,ארצות הברית | אדר ב' | ארוחת בוקר | אלף-בית | אין ביכולתו | אתה בחרתנו | אבן בוחן | אמרי בינה | אנשי ביתו | איסור בישול | איסור בנייה | אמת בניין | איתור בית | אישור בחירות | איכא ביניהו (יש ביניהם | אין בו; אין בה | אין ברֵרה,substituted,yes,wikipedia,אתה בחרתנו מכל העמים,unreviewed,,substitution,wiki_substituted
ha-02470,ע״מ,"החוק מחלק את העוסקים לשני סוגים: ע״מ, ועוסק פטור.",עוסק מורשה,ע״מ.01,עוסק מורשה,weak,2,על מנת | עוסק מורשה,substituted,yes,wikipedia,עוסק,unreviewed,,substitution,wiki_substituted
ha-02471,ע״מ,"רשות המיסים קובעת מיהו ע״מ ומיהו עוסק פטור, בהתאם לקריטריונים הקבועים בחוק.",עוסק מורשה,ע״מ.01,עוסק מורשה,weak,2,על מנת | עוסק מורשה,substituted,yes,wikipedia,עוסק,unreviewed,,substitution,wiki_substituted
ha-02472,ע״מ,"ע״מ מוגדר בחוק מס ערך מוסף כעוסק שמחזור עסקאותיו בשנה אינו עולה על סכום הקבוע בחוק, אשר מתעדכן מדי שנה על פי שיעור עליית מדד המחירים לצרכן.",עוסק מורשה,ע״מ.01,עוסק מורשה,weak,2,על מנת | עוסק מורשה,substituted,yes,wikipedia,עוסק מורשה,unreviewed,,substitution,wiki_substituted
ha-02473,ע״מ,"עקב השליטה בגוף, הכושר והגמישות הנדרשים ע״מ לבצע יצירות ריקוד מורכבות, דרושה הכשרה רבת שנים ע״מ להפוך לרקדן מקצועי, ואימונים רבים ע״מ לשמור על רמה מקצועית נאותה.",על מנת,ע״מ.02,על מנת,weak,2,על מנת | עוסק מורשה,substituted,yes,wikipedia,רקדן,unreviewed,,substitution,wiki_substituted
ha-02474,ע״מ,בגרסאות ישנות של BASIC היה שימוש בנקודתיים ע״מ להפריד משפטים באותה שורה.,על מנת,ע״מ.02,על מנת,weak,2,על מנת | עוסק מורשה,substituted,yes,wikipedia,נקודתיים,unreviewed,,substitution,wiki_substituted
ha-02475,ע״מ,סרט טלוויזיה הוא סרט קצר או באורך מלא אשר מופק מלכתחילה ע״מ להיות משודר בטלוויזיה.,על מנת,ע״מ.02,על מנת,weak,2,על מנת | עוסק מורשה,substituted,yes,wikipedia,סרט טלוויזיה,unreviewed,,substitution,wiki_substituted
ha-01625,מב״ר,"מב״ר הוא המחזיק והמפעיל של בתי החולים הגדולים במדינה, ותקציבו הוא התקציב השלישי בגודלו בממשלה (לאחר משרד הביטחון ומשרד החינוך).",משרד הבריאות,מב״ר.01,משרד הבריאות,weak,3,משרד הבריאות | מסלול בגרויות רגיל | מפגר בעל רצון,substituted,no,wikipedia,משרד הבריאות,unreviewed,,substitution,wiki_substituted
ha-01626,מב״ר,כבר באפריל 1948 נעשו הכנות להתחלת פעילות מב״ר בתל אביב ב-15 במאי של אותה השנה.,משרד הבריאות,מב״ר.01,משרד הבריאות,weak,3,משרד הבריאות | מסלול בגרויות רגיל | מפגר בעל רצון,substituted,no,wikipedia,משרד הבריאות,unreviewed,,substitution,wiki_substituted
ha-01627,מב״ר,"מב״ר מספק שירותי בריאות לציבור באופן ישיר מכוח חוק ביטוח בריאות ממלכתי, בתחומי רפואת התלמיד, בריאות הנפש, רפואה מונעת, גריאטריה ורכישת מכשירי שיקום ועזרים לניידות.",משרד הבריאות,מב״ר.01,משרד הבריאות,weak,3,משרד הבריאות | מסלול בגרויות רגיל | מפגר בעל רצון,substituted,no,wikipedia,משרד הבריאות,unreviewed,,substitution,wiki_substituted
ha-00478,ביד״צ,"ביד״צ הוא בית דין הפועל במסגרת הצבא ותפקידו לשפוט חיילים וכן אזרחים הכפופים לצבא, בעבירות פליליות בלבד.",בית דין צבאי,ביד״צ.01,בית דין צבאי,weak,2,בית דין צבאי | בית דין צדק,substituted,no,wikipedia,בית דין צבאי,unreviewed,,substitution,wiki_substituted
ha-00479,ביד״צ,ביד״צ זה היה בעברו ממוקם במחנה הדר שבחיפה.,בית דין צבאי,ביד״צ.01,בית דין צבאי,weak,2,בית דין צבאי | בית דין צדק,substituted,no,wikipedia,בית דין צבאי (ישראל),unreviewed,,substitution,wiki_substituted
ha-00480,ביד״צ,ביד״צ זה דן בעניינם של קצינים בכירים וכן נושאים מורכבים.,בית דין צבאי,ביד״צ.01,בית דין צבאי,weak,2,בית דין צבאי | בית דין צדק,substituted,no,wikipedia,בית דין צבאי (ישראל),unreviewed,,substitution,wiki_substituted
ha-02568,פס״ר,"מצבים המוגדרים ""פס״ר"" הם כאלה שבהם האדם שעושה את המעשה מוכרח לדעת מראש שיש למעשהו תוצאות אסורות, מכיוון שהן בלתי נמנעות, ואין העושה זאת יכול לטעון שאינו מתכוון לכך.",פסיק רישא,פס״ר.01,פסיק רישא,weak,2,פסיק רישא | פסיקתא רבתי,substituted,yes,wikipedia,דבר שאינו מתכוון,unreviewed,,substitution,wiki_substituted
ha-02569,פס״ר,"במקרים מסוג זה אמרו אביי ורבא בתלמוד מספר פעמים שאף רבי שמעון, שמתיר בדרך כלל ""דבר שאינו מתכוון"", אוסר ""פס״ר"".",פסיק רישא,פס״ר.01,פסיק רישא,weak,2,פסיק רישא | פסיקתא רבתי,substituted,yes,wikipedia,דבר שאינו מתכוון,unreviewed,,substitution,wiki_substituted
ha-02570,פס״ר,"החילוק בין פס״ר לאינו פס״ר הוא רק בדבר שאינו מתכוין, אך כאשר קיימת כוונה מכוונת הפעולה אסורה גם אם אינה פס״ר.",פסיק רישא,פס״ר.01,פסיק רישא,weak,2,פסיק רישא | פסיקתא רבתי,substituted,yes,wikipedia,דבר שאינו מתכוון,unreviewed,,substitution,wiki_substituted
ha-02571,פס״ר,פס״ר או פסיקתא רבתא הוא שמו של מדרש אגדה מסוג פסיקתא.,פסיקתא רבתי,פס״ר.02,פסיקתא רבתי,weak,2,פסיק רישא | פסיקתא רבתי,substituted,yes,wikipedia,פסיקתא רבתי,unreviewed,,substitution,wiki_substituted
ha-02572,פס״ר,"ב""פס״ר"" קיימת גם דרשות מסוג חדש המובאות כתשובה לשאלה בענייני הלכה או אגדה, ולאו דווקא מעניין החגים והשבתות; דרשות אלו פותחות במילים ""ילמדנו רבינו"" (בדומה למדרש תנחומא).",פסיקתא רבתי,פס״ר.02,פסיקתא רבתי,weak,2,פסיק רישא | פסיקתא רבתי,substituted,yes,wikipedia,פסיקתא רבתי,unreviewed,,substitution,wiki_substituted
ha-02573,פס״ר,"כמו שאר הפסיקתאות, אף פס״ר כתובה בלשון הקודש.",פסיקתא רבתי,פס״ר.02,פסיקתא רבתי,weak,2,פסיק רישא | פסיקתא רבתי,substituted,yes,wikipedia,פסיקתא רבתי,unreviewed,,substitution,wiki_substituted
ha-00703,ב״ר,"הוא הוצב ביחידה העוסקת בפיצוח צפנים, עבר קורס קצינים ומונה לקצין ב״ר שעסק במידע אודות הצבא הסורי.",בינה רשתית,ב״ר.01,בינה רשתית,weak,3,בן רבי | בראשית רבה | בינה רשתית,substituted,yes,wikipedia,עמוס לוינברג,unreviewed,,substitution,wiki_substituted
ha-00704,ב״ר,"בדומה לקציני ב״ר אחרים באותה עת, לא הוכשר לוינברג להתמודדות עם הלחץ הנפשי העצום שהופעל על חיילים בשבי הסורי.",בינה רשתית,ב״ר.01,בינה רשתית,weak,3,בן רבי | בראשית רבה | בינה רשתית,substituted,yes,wikipedia,עמוס לוינברג,unreviewed,,substitution,wiki_substituted
ha-00705,ב״ר,היה קצין ב״ר של האמצעים המיוחדים בתקופה שקדמה למלחמת יום הכיפורים.,בינה רשתית,ב״ר.01,בינה רשתית,weak,3,בן רבי | בראשית רבה | בינה רשתית,substituted,yes,wikipedia,ספי בן-יוסף,unreviewed,,substitution,wiki_substituted
ha-00706,ב״ר,רבי חנינא ב״ר יוסי הגלילי היה תנא שחי במאה ה-2.,בן רבי,ב״ר.02,בן רבי,weak,3,בן רבי | בראשית רבה | בינה רשתית,substituted,yes,wikipedia,רבי חנינא בן רבי יוסי הגלילי,unreviewed,,substitution,wiki_substituted
ha-00707,ב״ר,"נקבר, לפי המסורת, ביישוב דלתון בגליל, בסמוך לקבר אביו רבי יוסי הגלילי, ואחיו רבי אליעזר ב״ר יוסי הגלילי ושמואל ב״ר יוסי הגלילי.",בן רבי,ב״ר.02,בן רבי,weak,3,בן רבי | בראשית רבה | בינה רשתית,substituted,yes,wikipedia,רבי חנינא בן רבי יוסי הגלילי,unreviewed,,substitution,wiki_substituted
ha-00708,ב״ר,"נקבר סמוך לקבר אביו ואחיו רבי שמואל ב״ר יוסי הגלילי, במושב דלתון.",בן רבי,ב״ר.02,בן רבי,weak,3,בן רבי | בראשית רבה | בינה רשתית,substituted,yes,wikipedia,רבי אליעזר בן רבי יוסי הגלילי,unreviewed,,substitution,wiki_substituted
ha-00709,ב״ר,"ב״ר הוא מדרש אגדה אמוראי על ספר בראשית, שנוצר בארץ ישראל ונערך או במאה הרביעית או במאה החמישית או במאה השישית.",בראשית רבה,ב״ר.03,בראשית רבה,weak,3,בן רבי | בראשית רבה | בינה רשתית,substituted,yes,wikipedia,בראשית רבה,unreviewed,,substitution,wiki_substituted
ha-00710,ב״ר,סופו של המדרש הוא כנראה תוספת מאוחרת שסופחה למדרש ב״ר המקורי בסביבות המאה ה־11 או המאה ה־12.,בראשית רבה,ב״ר.03,בראשית רבה,weak,3,בן רבי | בראשית רבה | בינה רשתית,substituted,yes,wikipedia,בראשית רבה,unreviewed,,substitution,wiki_substituted
ha-00711,ב״ר,"עפרה מאיר, שואלים על החיים - סיפורים נבחרים ממדרש ב״ר, הוצאת הקיבוץ המאוחד, 2000.",בראשית רבה,ב״ר.03,בראשית רבה,weak,3,בן רבי | בראשית רבה | בינה רשתית,substituted,yes,wikipedia,בראשית רבה,unreviewed,,substitution,wiki_substituted
ha-02564,פח״מ,"פח״מ ידועות רבות הן למעשה איזומרים האחת של השנייה: גלוקוז וגלקטוז, למשל.",פחמימות,פח״מ.01,פחמימות,weak,2,פחמימות | פעימות חדריות מוקדמות,substituted,no,wikipedia,פחמימה,unreviewed,,substitution,wiki_substituted
ha-02565,פח״מ,זיהוי תאים – פח״מ נמצאות על-גבי הממברנה החיצונית של רוב התאים ומאפשרות את זיהויו של סוג התא - זיהוי זה חיוני לתפקודם התקין של המערכות הביולוגיות באורגניזמים ביניהן מערכת החיסון.,פחמימות,פח״מ.01,פחמימות,weak,2,פחמימות | פעימות חדריות מוקדמות,substituted,no,wikipedia,פחמימה,unreviewed,,substitution,wiki_substituted
ha-02566,פח״מ,הגבלה של פח״מ בתזונה תוביל להרזיה על ידי ייצור אנרגיה משומנים.,פחמימות,פח״מ.01,פחמימות,weak,2,פחמימות | פעימות חדריות מוקדמות,substituted,no,wikipedia,פחמימה,unreviewed,,substitution,wiki_substituted
ha-02631,פ״ק,"ב-11 ביוני 1713 הפך כלל בלתי מחייב זה למה שנקרא ""פ״ק 66"" (Standing Order 66) ועל פיה, ""בית הנבחרים לא יצביע עבור שום תקציב עבור שום מטרה, למעט על פי בקשה של אחד משרי הכתר"".",פקודת קבע,פ״ק.01,פקודת קבע,weak,3,פרק קמא | פקודת קבע | פרופיל קרבי,substituted,no,wikipedia,ראש ממשלת בריטניה,unreviewed,,substitution,wiki_substituted
ha-02632,פ״ק,פ״ק 66 נותרה תקפה עד היום (אף על פי שכיום היא ממוספרת במספר 48) ולא השתנתה במשך שלוש מאות שנים.,פקודת קבע,פ״ק.01,פקודת קבע,weak,3,פרק קמא | פקודת קבע | פרופיל קרבי,substituted,no,wikipedia,ראש ממשלת בריטניה,unreviewed,,substitution,wiki_substituted
ha-02633,פ״ק,מעבר להשגת הכוונה המקורית שלה – ליצור יציבות בתהליך התקציבי – נתנה פ״ק 66 לכתר את תפקיד הנהגת בית הנבחרים והלורד הראשון של האוצר קיבל תפקיד מוביל בקרב השרים.,פקודת קבע,פ״ק.01,פקודת קבע,weak,3,פרק קמא | פקודת קבע | פרופיל קרבי,substituted,no,wikipedia,ראש ממשלת בריטניה,unreviewed,,substitution,wiki_substituted
ha-02634,פ״ק,"ישנם ביני""שים בעלי פ״ק המתגייסים לתובלה מסיבות שונות, ביניהם כאלה שנזקקים לתנאי שירות גמישים יותר בגלל היותם נשואים וכאלה שמתגייסים לתובלה מסיבות של נוחות.",פרופיל קרבי,פ״ק.02,פרופיל קרבי,weak,3,פרק קמא | פקודת קבע | פרופיל קרבי,substituted,no,wikipedia,מרכז ההובלה,unreviewed,,substitution,wiki_substituted
ha-00802,דה״כ,"כך, מדברי אביי בתלמוד הבבלי עולה שגם ביאה שלא כדרכה נחשבת כביאה לעניין קידושין: ”אמר להו אביי: עד כאן לא פליגי רבי ורבנן - אלא באחר, אבל בעל - דה״כ אם בא עליה שלא כדרכה - עשאה בעולה”.",דברי הכל,דה״כ.01,דברי הכל,weak,2,דברי הכתוב | דברי הכל,substituted,no,wikipedia,ביאה שלא כדרכה,unreviewed,,substitution,wiki_substituted
ha-00803,דה״כ,"הראיה היא מכך שאם יצטרכו ליישם את דה״כ באופן מילולי, אז יכול לצאת מקרה שבו הפער בשווי בין השוורים יביא לכך שהניזק יפוצה ביותר משווי הנזק.",דברי הכתוב,דה״כ.02,דברי הכתוב,weak,2,דברי הכתוב | דברי הכל,substituted,no,wikipedia,קרן (אב נזיקין),unreviewed,,substitution,wiki_substituted
ha-02285,סל״ש,"מאומן בלחימה, גרייווס פיתח צורת לחימה לא שגרתית: הוא משתמש במהירות גדולה, ומסובב את חרבות האור ב-20 סל״ש, מה שקורע את יריבו לגזריו (פרט לאויבים מיוחדים המיומנים בסיף).",סיבובים לשנייה,סל״ש.01,סיבובים לשנייה,weak,4,סיביות לשנייה | סיבובים לשנייה | אנגלית: bps | אנגלית: rps,substituted,yes,wikipedia,גנרל גרייווס,unreviewed,,substitution,wiki_substituted
ha-02286,סל״ש,"כתוצאה מהקריסה (ושימור תנע זוויתי), כוכבי נייטרונים צעירים נוטים להיות בעלי מהירויות סיבוב גבוהות מאוד, בסדר גודל של אלפי סל״ש.",סיבובים לשנייה,סל״ש.01,סיבובים לשנייה,weak,4,סיביות לשנייה | סיבובים לשנייה | אנגלית: bps | אנגלית: rps,substituted,yes,wikipedia,סיבוב עצמי של כוכב,unreviewed,,substitution,wiki_substituted
ha-02287,סל״ש,"משהזינו את המנוע ב-ATP, החל המנוע להסתובב וסובב את מחט הניקל בתדירות של שמונה סל״ש.",סיבובים לשנייה,סל״ש.01,סיבובים לשנייה,weak,4,סיביות לשנייה | סיבובים לשנייה | אנגלית: bps | אנגלית: rps,substituted,yes,wikipedia,ביוננוטכנולוגיה,unreviewed,,substitution,wiki_substituted
ha-02288,סל״ש,"לאחר מכן, הגיעה טכנולוגיית ISDN, שאיפשרה חיבור בקצב 64 קילו־סל״ש בקו בודד, או 128 קילו־סל״ש בקו כפול.",סיביות לשנייה,סל״ש.02,סיביות לשנייה,weak,4,סיביות לשנייה | סיבובים לשנייה | אנגלית: bps | אנגלית: rps,substituted,yes,wikipedia,אינטרנט,unreviewed,,substitution,wiki_substituted
ha-02289,סל״ש,"בשנים האחרונות החלה להיפרס תשתית סיבים אופטיים, המאפשרת חיבור במהירויות המגיעות עד 1,000 מגה-סל״ש, המאפשרת שירותים מתקדמים כגון שרותי טלוויזיה על גבי האינטרנט ועוד.",סיביות לשנייה,סל״ש.02,סיביות לשנייה,weak,4,סיביות לשנייה | סיבובים לשנייה | אנגלית: bps | אנגלית: rps,substituted,yes,wikipedia,אינטרנט,unreviewed,,substitution,wiki_substituted
ha-02290,סל״ש,הממשק נקרא גם Advanced Technology Attachment ATA כאשר תקן ATA33 נותן קצב מקסימלי של 33 מגה סל״ש והתקן המהיר ביותר כיום ATA133 נותן קצב מקסימלי של 133 מגה סל״ש.,סיביות לשנייה,סל״ש.02,סיביות לשנייה,weak,4,סיביות לשנייה | סיבובים לשנייה | אנגלית: bps | אנגלית: rps,substituted,yes,wikipedia,בקר IDE,unreviewed,,substitution,wiki_substituted
ha-02292,סמ״ט,"בשנים 2002–2006 שימש סמ״ט 190, בשנים 2006–2010 שימש סמ״ט 113 ובשנים 2010–2014 על טייסת 160.",סגן מפקד טייסת,סמ״ט.01,סגן מפקד טייסת,weak,3,סימן טוב | סגן מפקד טייסת | סור מרע ועשה טוב,substituted,yes,wikipedia,נעם ריף,unreviewed,,substitution,wiki_substituted
ha-02293,סמ״ט,"בהמשך שירותו בחיל האוויר שימש סמ״ט, פיקד על טייסת 102 בשנים 1999 עד 2001 ועל טייסת 101 בשנים 2001 עד 2003.",סגן מפקד טייסת,סמ״ט.01,סגן מפקד טייסת,weak,3,סימן טוב | סגן מפקד טייסת | סור מרע ועשה טוב,substituted,yes,wikipedia,אריאל בריקמן,unreviewed,,substitution,wiki_substituted
ha-02294,סמ״ט,"בהמשך שירותו שירת כטייס סקייהוק, הוא שימש סמ״ט 115 במלחמת ההתשה.",סגן מפקד טייסת,סמ״ט.01,סגן מפקד טייסת,weak,3,סימן טוב | סגן מפקד טייסת | סור מרע ועשה טוב,substituted,yes,wikipedia,דן פסח,unreviewed,,substitution,wiki_substituted
ha-02295,סמ״ט,"ישנם הסברים נוספים, כגון ""סמ״ט"", הגירושין מייצגים את הסרת המניעה (סור מרע), והקידושין מייצגים את בניין הבית החיובי (עשה טוב), או כדי לסיים בדבר חיובי.",סור מרע ועשה טוב,סמ״ט.03,סור מרע ועשה טוב,weak,3,סימן טוב | סגן מפקד טייסת | סור מרע ועשה טוב,substituted,yes,wikipedia,מסכת קידושין,unreviewed,,substitution,wiki_substituted
ha-02296,סמ״ט,"הלך אליו רבי ינאי, והרוכל הוציא לו ספר תהלים והראה לו את הפסוק ""מי האיש החפץ חיים"", שכתוב אחריו ""נצור לשונך מרע סמ״ט"".",סור מרע ועשה טוב,סמ״ט.03,סור מרע ועשה טוב,weak,3,סימן טוב | סגן מפקד טייסת | סור מרע ועשה טוב,substituted,yes,wikipedia,שומר פיו ולשונו שומר מצרות נפשו,unreviewed,,substitution,wiki_substituted
ha-02297,סמ״ט,אחד מהדגשים ששם בר סמ״ט בתקופת כהונתו הוא תחום הרפואה המונעת וקידום בריאות הציבור.,סימן טוב,סמ״ט.02,סימן טוב,weak,3,סימן טוב | סגן מפקד טייסת | סור מרע ועשה טוב,substituted,yes,wikipedia,משה בר סימן טוב,unreviewed,,substitution,wiki_substituted
ha-02298,סמ״ט,"במהלך התמודדות עם התפרצות נגיף הקורונה בישראל, מילא בר סמ״ט תפקיד מרכזי בניהול והתמודדות עם המשבר.",סימן טוב,סמ״ט.02,סימן טוב,weak,3,סימן טוב | סגן מפקד טייסת | סור מרע ועשה טוב,substituted,yes,wikipedia,משה בר סימן טוב,unreviewed,,substitution,wiki_substituted
ha-02299,סמ״ט,"כבר ב-2 בפברואר חתם בר סמ״ט על צו להתמודדות עם הנגיף, וצו זה התעדכן ככל שההתפרצות הקיפה מדינות נוספות.",סימן טוב,סמ״ט.02,סימן טוב,weak,3,סימן טוב | סגן מפקד טייסת | סור מרע ועשה טוב,substituted,yes,wikipedia,משה בר סימן טוב,unreviewed,,substitution,wiki_substituted
ha-00425,בא״ש,"בא״ש היא עיר במחוז הדרום המשמשת בירת המחוז (ולעיתים מכונה ""בירת הנגב"").",באר שבע,בא״ש.01,באר שבע,weak,2,באר שבע | בני אברהם שפירא,substituted,no,wikipedia,באר שבע,unreviewed,,substitution,wiki_substituted
ha-00426,בא״ש,"שטח השיפוט של בא״ש הוא 117,500 דונם, ובשטח השיפוט היא הרביעית בגודלה בישראל והשלישית במחוז הדרום, אחרי דימונה וערד.",באר שבע,בא״ש.01,באר שבע,weak,2,באר שבע | בני אברהם שפירא,substituted,no,wikipedia,באר שבע,unreviewed,,substitution,wiki_substituted
ha-00427,בא״ש,"העיר שוכנת בצפון הנגב, בקצה המערבי של בקעת בא״ש.",באר שבע,בא״ש.01,באר שבע,weak,2,באר שבע | בני אברהם שפירא,substituted,no,wikipedia,באר שבע,unreviewed,,substitution,wiki_substituted
ha-02860,רמ״א,רמ״א האחראי עליהם כפוף למתאם הפעולות בשטחים ולשר הביטחון.,ראש המנהל האזרחי,רמ״א.01,ראש המנהל האזרחי,weak,5,שנה עברית | ראש המנהל האזרחי | ראש המפקדה הארצית | רבי משה איסרליש | רפאל משה אלבז,substituted,yes,wikipedia,המנהל האזרחי,unreviewed,,substitution,wiki_substituted
ha-02861,רמ״א,ב־2006 מונה לסגן רמ״א בדרגת אלוף-משנה ומילא תפקיד זה עד שחרורו משירות הקבע במרץ 2011.,ראש המנהל האזרחי,רמ״א.01,ראש המנהל האזרחי,weak,5,שנה עברית | ראש המנהל האזרחי | ראש המפקדה הארצית | רבי משה איסרליש | רפאל משה אלבז,substituted,yes,wikipedia,בן חור אחוות,unreviewed,,substitution,wiki_substituted
ha-02862,רמ״א,"עם כניסתו של שלמה איליה לתפקיד רמ״א השתנתה המדיניות הישראלית, נאסר על אגודות הכפרים לעסוק בפעילות מדינית והן דעכו ונעלמו.",ראש המנהל האזרחי,רמ״א.01,ראש המנהל האזרחי,weak,5,שנה עברית | ראש המנהל האזרחי | ראש המפקדה הארצית | רבי משה איסרליש | רפאל משה אלבז,substituted,yes,wikipedia,מנחם מילסון,unreviewed,,substitution,wiki_substituted
ha-02863,רמ״א,"משה סנה (קליינבוים; 6 בינואר 1909 – 1 במרץ 1972) היה איש ציבור ישראלי, רמ״א של ""ההגנה"", הוגה דעות, חבר הכנסת, מנהיג ופובליציסט.",ראש המפקדה הארצית,רמ״א.02,ראש המפקדה הארצית,weak,5,שנה עברית | ראש המנהל האזרחי | ראש המפקדה הארצית | רבי משה איסרליש | רפאל משה אלבז,substituted,yes,wikipedia,משה סנה,unreviewed,,substitution,wiki_substituted
ha-02864,רמ״א,"רמ״א משה סנה התפטר מתפקידו לאות מחאה, ואת מקומו תפס ישראל גלילי.",ראש המפקדה הארצית,רמ״א.02,ראש המפקדה הארצית,weak,5,שנה עברית | ראש המנהל האזרחי | ראש המפקדה הארצית | רבי משה איסרליש | רפאל משה אלבז,substituted,yes,wikipedia,ההגנה,unreviewed,,substitution,wiki_substituted
ha-02865,רמ״א,"יוחנן רטנר: רמ״א הראשון של ""ההגנה"" בשנים 1937–1939.",ראש המפקדה הארצית,רמ״א.02,ראש המפקדה הארצית,weak,5,שנה עברית | ראש המנהל האזרחי | ראש המפקדה הארצית | רבי משה איסרליש | רפאל משה אלבז,substituted,yes,wikipedia,ההגנה,unreviewed,,substitution,wiki_substituted
ha-02866,רמ״א,"רק כתריסר מצבות שרדו את תקופת השואה, וביניהם מצבותיהם של רמ״א ובני משפחתו.",רבי משה איסרליש,רמ״א.04,רבי משה איסרליש,weak,5,שנה עברית | ראש המנהל האזרחי | ראש המפקדה הארצית | רבי משה איסרליש | רפאל משה אלבז,substituted,yes,wikipedia,"בית כנסת הרמ""א",unreviewed,,substitution,wiki_substituted
ha-02867,רמ״א,"חלק מהמצבות ששוקמו הן של רבנים ומנהיגי קהילה נודעים, וזו של רמ״א היא הנודעת ביותר.",רבי משה איסרליש,רמ״א.04,רבי משה איסרליש,weak,5,שנה עברית | ראש המנהל האזרחי | ראש המפקדה הארצית | רבי משה איסרליש | רפאל משה אלבז,substituted,yes,wikipedia,בית הקברות היהודי העתיק בקרקוב,unreviewed,,substitution,wiki_substituted
ha-02868,רמ״א,"בנוסף נמצאו איגרות ומכתבים רבים שכתב רבי רמ״א, ובפרט נודעו כחשובות איגרות שמתארות את החיים היהודים במרוקו בתקופתו.",רפאל משה אלבז,רמ״א.03,רפאל משה אלבז,weak,5,שנה עברית | ראש המנהל האזרחי | ראש המפקדה הארצית | רבי משה איסרליש | רפאל משה אלבז,substituted,yes,wikipedia,רפאל משה אלבז,unreviewed,,substitution,wiki_substituted
ha-02869,רמ״א,"רמ״א, עטרת פז, דפוס שרביט או חזזאן, פאס, 1940.",רפאל משה אלבז,רמ״א.03,רפאל משה אלבז,weak,5,שנה עברית | ראש המנהל האזרחי | ראש המפקדה הארצית | רבי משה איסרליש | רפאל משה אלבז,substituted,yes,wikipedia,רפאל משה אלבז,unreviewed,,substitution,wiki_substituted
ha-02870,רמ״א,"רמ״א, ספר שאלות ותשובות הלכה למשה (עריכה וההדרה: משה עמאר), זיו המערב, 1980.",רפאל משה אלבז,רמ״א.03,רפאל משה אלבז,weak,5,שנה עברית | ראש המנהל האזרחי | ראש המפקדה הארצית | רבי משה איסרליש | רפאל משה אלבז,substituted,yes,wikipedia,רפאל משה אלבז,unreviewed,,substitution,wiki_substituted
ha-02871,רמ״א,המספר המשתנה של חודשי השנה שומר על הקבלה בין רמ״א ממוצעת למחזור השמש.,שנה עברית,רמ״א.05,שנה עברית,weak,5,שנה עברית | ראש המנהל האזרחי | ראש המפקדה הארצית | רבי משה איסרליש | רפאל משה אלבז,substituted,yes,wikipedia,הלוח העברי,unreviewed,,substitution,wiki_substituted
ha-01615,מב״ו,חסרי האמצעים נאלצים לבנות הכוח שלהם מב״ו.,מבשר ודם,מב״ו.02,מבשר ודם,weak,2,מלך בשר ודם | מבשר ודם,substituted,no,wikipedia,סול אלינסקי,unreviewed,,substitution,wiki_substituted
ha-01616,מב״ו,"אחד מספריו המתורגמים ביותר הוא ""מב״ו"" משנת 1954.",מלך בשר ודם,מב״ו.01,מלך בשר ודם,weak,2,מלך בשר ודם | מבשר ודם,substituted,no,wikipedia,משה שמיר,unreviewed,,substitution,wiki_substituted
ha-01617,מב״ו,"הדרשן פותח בהליך הקישור, ראשית הוא מראה שבמשלי אין מדובר על מב״ו אחרת היה יכול לכתוב ""דבר במשפט יעמיד ארץ"", לאחר המסקנה הזאת ניתן לומר שה' ברא את העולם במשפט כלומר בכוח הדין.",מלך בשר ודם,מב״ו.01,מלך בשר ודם,weak,2,מלך בשר ודם | מבשר ודם,substituted,no,wikipedia,בראשית רבה,unreviewed,,substitution,wiki_substituted
ha-01618,מב״ו,"הציונות רואה עצמה כממשיכת דרכם במובנים רבים, ויצירות אמנות כספר ""מב״ו"" של משה שמיר העוסק בדמותו של אלכסנדר ינאי, מדגישות את הכוח והעוצמה שהיו בממלכה החשמונאית, כמו את הקו הטראגי שנלווה לבניה.",מלך בשר ודם,מב״ו.01,מלך בשר ודם,weak,2,מלך בשר ודם | מבשר ודם,substituted,no,wikipedia,חשמונאים,unreviewed,,substitution,wiki_substituted
ha-00169,אש״ל,"המשמע האחר הוא עונת הדיש, זמן הבאת היבול אל הגורן, למשל: ""אש״ל אלא ימתין עד שתגיע גורן"".",אין שומעין לו,אש״ל.02,אין שומעין לו,weak,3,אין שומעין לו | איפה שלמה | אכילה שתיה לינה,substituted,yes,wikipedia,גורן,unreviewed,,substitution,wiki_substituted
ha-00170,אש״ל,ואם אמר 'תנו לי ואני לוקח לעצמי' אש״ל אלא לוקחין ונותנין לו.,אין שומעין לו,אש״ל.02,אין שומעין לו,weak,3,אין שומעין לו | איפה שלמה | אכילה שתיה לינה,substituted,yes,wikipedia,מיסים ביהדות,unreviewed,,substitution,wiki_substituted
ha-00171,אש״ל,"לאחר פטירתו הוציאו בניו את חידושי תורתו בשני ספרים: ""מתנות אהרן"" ו""אש״ל"".",איפה שלמה,אש״ל.01,איפה שלמה,weak,3,אין שומעין לו | איפה שלמה | אכילה שתיה לינה,substituted,yes,wikipedia,אהרן יעקב פרוש,unreviewed,,substitution,wiki_substituted
ha-00172,אש״ל,"נישא למלכה בת הרב אהרן יעקב פרוש, גזבר מוסדות עץ חיים ומחבר הספר ""אש״ל"".",איפה שלמה,אש״ל.01,איפה שלמה,weak,3,אין שומעין לו | איפה שלמה | אכילה שתיה לינה,substituted,yes,wikipedia,זונדל קרויזר,unreviewed,,substitution,wiki_substituted
ha-00173,אש״ל,"בספר בית לחם יהודה מובא כי רבי יהודה פתיה כותב מפיו את חיבורו ""אש״ל"".",איפה שלמה,אש״ל.01,איפה שלמה,weak,3,אין שומעין לו | איפה שלמה | אכילה שתיה לינה,substituted,yes,wikipedia,חיים שאול הכהן דוויק,unreviewed,,substitution,wiki_substituted
ha-00822,דמ״צ,דמ״צ בתעוזה קרן הון סיכון (עד לינואר 1995).,דירקטור מקרב הציבור,דמ״צ.02,דירקטור מקרב הציבור,weak,2,דרישות מבצעיות | דירקטור מקרב הציבור,substituted,no,wikipedia,יצחק חופי,unreviewed,,substitution,wiki_substituted
ha-00823,דמ״צ,"תחת זאת, הגדיר חיל האוויר הישראלי לג'נרל דיינמיקס דמ״צ לגרסה זולה יותר של הטיל, שכונתה ""אגרוף סגול"", אותה ניתן יהיה לשגר גם ממטוסי F-4 פנטום שאינם ייעודיים למשימות דיכוי הגנה אווירית.",דרישות מבצעיות,דמ״צ.01,דרישות מבצעיות,weak,2,דרישות מבצעיות | דירקטור מקרב הציבור,substituted,no,wikipedia,AGM-78 סטנדרד ארם,unreviewed,,substitution,wiki_substituted
ha-00824,דמ״צ,"המשרד מגבש דמ״צ לפיתוח אמצעים חדשים, תכנונם ושילובם בכלי הטיס, תוך הכנסת שיפורים טכנולוגיים ומודרניזציה מהירה.",דרישות מבצעיות,דמ״צ.01,דרישות מבצעיות,weak,2,דרישות מבצעיות | דירקטור מקרב הציבור,substituted,no,wikipedia,פיקוד מבצעי אוויר מיוחדים של צבא ארצות הברית,unreviewed,,substitution,wiki_substituted
ha-00825,דמ״צ,"ביולי 2005 הוארכה התוכנית ל-25 שנה בעקבות דמ״צ שנוצרו לאחר אירועי 11 בספטמבר, ושווי החוזה הועלה ל-25 מיליארד דולר.",דרישות מבצעיות,דמ״צ.01,דרישות מבצעיות,weak,2,דרישות מבצעיות | דירקטור מקרב הציבור,substituted,no,wikipedia,הקאטרים מסדרת לג'נד,unreviewed,,substitution,wiki_substituted
ha-00109,אח״ם,"יגאל בן שלום (נולד ב-1964) הוא קצין משטרה ישראלי בדימוס בדרגת ניצב, כיהן כראש אח״ם.",אגף החקירות והמודיעין,אח״ם.01,אגף החקירות והמודיעין,weak,2,אגף החקירות והמודיעין | אישיות חשובה מאוד,substituted,no,wikipedia,יגאל בן-שלום (קצין משטרה),unreviewed,,substitution,wiki_substituted
ha-00110,אח״ם,"גדיאל (גדי) סיסו (נולד ב-1962) הוא קצין משטרה ישראלי בדימוס בדרגת ניצב, כיהן כראש אח״ם.",אגף החקירות והמודיעין,אח״ם.01,אגף החקירות והמודיעין,weak,2,אגף החקירות והמודיעין | אישיות חשובה מאוד,substituted,no,wikipedia,גדי סיסו,unreviewed,,substitution,wiki_substituted
ha-00111,אח״ם,"מנחם (מני) יצחקי (נולד ב-1956) הוא ניצב בדימוס במשטרת ישראל, כיהן כראש אח״ם.",אגף החקירות והמודיעין,אח״ם.01,אגף החקירות והמודיעין,weak,2,אגף החקירות והמודיעין | אישיות חשובה מאוד,substituted,no,wikipedia,מני יצחקי,unreviewed,,substitution,wiki_substituted
ha-00112,אח״ם,"במהלך תקופת ההתארגנות סייר צבי נצר, בזהות של פאן חרקובסקי, לאורך הגבול בחברת קצינים פולניים ודאג ששומרי הגבול יתרשמו שהוא ""אח״ם"".",אישיות חשובה מאוד,אח״ם.02,אישיות חשובה מאוד,weak,2,אגף החקירות והמודיעין | אישיות חשובה מאוד,substituted,no,wikipedia,פרשת הבריחה אחרי פוגרום קיילצה,unreviewed,,substitution,wiki_substituted
ha-00096,או״ק,"ברשת תקשורת, או״ק הוא זיהוי ייחודי של משדר ברשת.",אות קריאה,או״ק.01,אות קריאה,weak,2,אות קריאה | אישות וקבורה,substituted,no,wikipedia,אות קריאה,unreviewed,,substitution,wiki_substituted
ha-00097,או״ק,"כמו כן, ישנם אותות קריאה ייחודיים לתחנות ניידות: או״ק לתחנה ניידת במכונית יורכב מאות הקריאה הרגיל של החובב, בתוספת קו נטוי והאות M, שמציינת Mobile (לדוגמה: 4X7XX/M).",אות קריאה,או״ק.01,אות קריאה,weak,2,אות קריאה | אישות וקבורה,substituted,no,wikipedia,אות קריאה,unreviewed,,substitution,wiki_substituted
ha-00098,או״ק,"או״ק לתחנה ניידת בכלי שיט יורכב מאות הקשר הרגיל של החובב, בתוספת קו נטוי והאותיות MM שמציינות Maritime Mobile (לדוגמה: 4X4AA/MM).",אות קריאה,או״ק.01,אות קריאה,weak,2,אות קריאה | אישות וקבורה,substituted,no,wikipedia,אות קריאה,unreviewed,,substitution,wiki_substituted
ha-01074,ז״י,"ז״י הן סוג של קניין רוחני המעניק לבעליה את הזכות החוקית הבלעדית להעתיק, להפיץ, להתאים, להציג ולבצע יצירה, לרוב לזמן מוגבל.",זכויות יוצרים,ז״י.01,זכויות יוצרים,weak,2,זכויות יוצרים | זרם ישר,substituted,yes,wikipedia,זכויות יוצרים,unreviewed,,substitution,wiki_substituted
ha-01075,ז״י,"ז״י נועדו להגן על הביטוי המקורי של רעיון בצורה של יצירה, אך לא על הרעיון עצמו.",זכויות יוצרים,ז״י.01,זכויות יוצרים,weak,2,זכויות יוצרים | זרם ישר,substituted,yes,wikipedia,זכויות יוצרים,unreviewed,,substitution,wiki_substituted
ha-01076,ז״י,"ז״י כפופות למגבלות המבוססות על שיקולים של אינטרס ציבורי, כגון שימוש הוגן.",זכויות יוצרים,ז״י.01,זכויות יוצרים,weak,2,זכויות יוצרים | זרם ישר,substituted,yes,wikipedia,זכויות יוצרים,unreviewed,,substitution,wiki_substituted
ha-01077,ז״י,"ז״י הוא תוצאה של ""מתח ישר"" (מתח בקוטביות קבועה) הפועל בין קצותיו של תווך מוליך.",זרם ישר,ז״י.02,זרם ישר,weak,2,זכויות יוצרים | זרם ישר,substituted,yes,wikipedia,זרם ישר,unreviewed,,substitution,wiki_substituted
ha-01078,ז״י,"המונח ""ז״י"" מתייחס לכל צורה של זרימת מטענים בכיוון אחד בין אם עוצמת הזרימה קבועה, ובין אם היא משתנה או פועמת, כמודגם באיור.",זרם ישר,ז״י.02,זרם ישר,weak,2,זכויות יוצרים | זרם ישר,substituted,yes,wikipedia,זרם ישר,unreviewed,,substitution,wiki_substituted
ha-01079,ז״י,"במנוע ז״י ללא מברשות, המגנטים הקבועים נמצאים על הרוטור (הלולאה המסתובבת) והמגנטים בקיטוב מתחלף נבנים כסטטור (המגנטים החיצוניים).",זרם ישר,ז״י.02,זרם ישר,weak,2,זכויות יוצרים | זרם ישר,substituted,yes,wikipedia,מנוע חשמלי,unreviewed,,substitution,wiki_substituted
ha-00128,אי״ה,"""אחרי החג תבע אביו של רפאל את אבי הנערה לדין על דבר אותה אצטלא של רפאל שנשרפה מחמת אותה תינוקת, והרב שהיה משתעי בלישנא דחוכמתא אמר אל אבי הנערה, אי״ה ליום חתונתם תעשה לו מלבוש חדש.",אם ירצה השם,אי״ה.02,אם ירצה השם,weak,2,ארץ ישראל השלמה | אם ירצה השם,substituted,yes,wikipedia,אגדת הסופר,unreviewed,,substitution,wiki_substituted
ha-00129,אי״ה,"(""חילוניות, אי״ה!""), והוא מתאר את האירועים שהובילו לתוניסאי המהפכה ולאלה שבאו בעקבותיה, תוך התמקדות בתפקיד של האסלאם במרחב הציבורי.",אם ירצה השם,אי״ה.02,אם ירצה השם,weak,2,ארץ ישראל השלמה | אם ירצה השם,substituted,yes,wikipedia,נדיה אל פאני,unreviewed,,substitution,wiki_substituted
ha-00130,אי״ה,המונח אי״ה נעשה נפוץ אחרי מלחמת ששת הימים בהתייחס לשאיפה להחיל את ריבונות ישראל על השטחים מעבר לקו הירוק שעברו למָרוּתה של ישראל.,ארץ ישראל השלמה,אי״ה.01,ארץ ישראל השלמה,weak,2,ארץ ישראל השלמה | אם ירצה השם,substituted,yes,wikipedia,ארץ ישראל השלמה,unreviewed,,substitution,wiki_substituted
ha-00131,אי״ה,"אידאולוגיית ""אי״ה"" חצתה מפלגות בשנותיה הראשונות של מדינת ישראל.",ארץ ישראל השלמה,אי״ה.01,ארץ ישראל השלמה,weak,2,ארץ ישראל השלמה | אם ירצה השם,substituted,yes,wikipedia,ארץ ישראל השלמה,unreviewed,,substitution,wiki_substituted
ha-00132,אי״ה,"המונח אי״ה מתייחס למספר מושגים: הארץ המובטחת - תחומי ארץ ישראל כפי שמופיעים בספר בראשית, במדבר, דברים או יחזקאל (מנהר הנילוס במצרים, עד נהר הפרת בעיראק).",ארץ ישראל השלמה,אי״ה.01,ארץ ישראל השלמה,weak,2,ארץ ישראל השלמה | אם ירצה השם,substituted,yes,wikipedia,ארץ ישראל השלמה,unreviewed,,substitution,wiki_substituted
ha-01108,חה״י,מתנדבי היישוב לצי המלכותי הבריטי ומתנדבי היישוב לצי המסחרי המגויס היוו שדרה טכנית חשובה בהקמת חה״י.,חיל הים הישראלי,חה״י.01,חיל הים הישראלי,weak,2,חיל הים הישראלי | חמדת הימים,substituted,yes,wikipedia,חיל הים,unreviewed,,substitution,wiki_substituted
ha-01109,חה״י,ב-31 באוגוסט 2021 דווח כי חה״י ערך לראשונה תרגיל משותף עם הצי החמישי של ארצות הברית בים האדום.,חיל הים הישראלי,חה״י.01,חיל הים הישראלי,weak,2,חיל הים הישראלי | חמדת הימים,substituted,yes,wikipedia,חיל הים,unreviewed,,substitution,wiki_substituted
ha-01110,חה״י,ב-17 בפברואר 2022 דווח כי חה״י השתתף לראשונה בתרגיל IMX.,חיל הים הישראלי,חה״י.01,חיל הים הישראלי,weak,2,חיל הים הישראלי | חמדת הימים,substituted,yes,wikipedia,חיל הים,unreviewed,,substitution,wiki_substituted
ha-01111,חה״י,"חוקר הקבלה ישעיה תשבי טען על סמך דברי ספרים אחרים, מאוחרים יחסית, שהוטמעו בתוך ""חה״י"", שהספר התחבר על ידי צוות תלמידי חכמים מאיזמיר שהושפעו מהשבתאות.",חמדת הימים,חה״י.02,חמדת הימים,weak,2,חיל הים הישראלי | חמדת הימים,substituted,yes,wikipedia,חמדת ימים (ספר),unreviewed,,substitution,wiki_substituted
ha-01112,חה״י,הרב הבן איש חיכתב בתוך דבריו ”ואין לסמוך בדבר זה על ספר חמדת ימים ביום הקדוש הזה (= יום כיפור) שהוא חה״י של כל השנה”.,חמדת הימים,חה״י.02,חמדת הימים,weak,2,חיל הים הישראלי | חמדת הימים,substituted,yes,wikipedia,חמדת ימים (ספר),unreviewed,,substitution,wiki_substituted
ha-00786,ג״צ,"לעיתים נקרא הגר גם ג״צ, כדי להבחינו מגר תושב.",גר צדק,ג״צ.01,גר צדק,weak,2,גר צדק | גאון צדק,substituted,no,wikipedia,גיור,unreviewed,,substitution,wiki_substituted
ha-00787,ג״צ,"התורה שבעל-פה מבחינה בין גר תושב, שהוא גוי המתגורר בקרב עם ישראל ומקבל על עצמו את שבע מצוות בני נח, לבין ג״צ, שהצטרף לעם ישראל והתחייב בכל המצוות.",גר צדק,ג״צ.01,גר צדק,weak,2,גר צדק | גאון צדק,substituted,no,wikipedia,גיור,unreviewed,,substitution,wiki_substituted
ha-00788,ג״צ,"בלשון ההלכה, המונח ""גר"" מציין בדרך כלל ג״צ.",גר צדק,ג״צ.01,גר צדק,weak,2,גר צדק | גאון צדק,substituted,no,wikipedia,גיור,unreviewed,,substitution,wiki_substituted
ha-01734,מהרש״ק,"לוחמים מפורסמים שהשתתפו בקרב: רפאל איתן (רפול), דוד אלעזר (דדו), אליהו סלע (רעננה), יורם קניוק, מהרש״ק, ואורי בן-ארי שהיה מפקד הפלוגה.",בני מהרשק,מהרש״ק.01,בני מהרשק,weak,11,רבקה מהרשק | ר' שלמה קלוגר | בני מהרשק | ר' שלמה מקרלין | ר' שמואל קאיידנובר | ישראל מהרשק | רבי שמשון בן יצחק מקינון (לעיתים | מורנו הרב רבי שלמה כהן | מורנו הרב רבי שלמה קלוגר | מורנו הרב רבי שלמה קרלינר | מורנו הרב רבי שמואל קיידאנובר,substituted,no,wikipedia,מנזר סן סימון,unreviewed,,substitution,wiki_substituted
ha-01735,מהרש״ק,"כך כתב חיים גבתי ב""מהרש״ק: קובץ לזכרו"": נפטר בשנת 1948 בבית החולים בילינסון לאחר מחלה קשה, והובא למנוחות בבית העלמין אשדות יעקב.",ישראל מהרשק,מהרש״ק.02,ישראל מהרשק,weak,11,רבקה מהרשק | ר' שלמה קלוגר | בני מהרשק | ר' שלמה מקרלין | ר' שמואל קאיידנובר | ישראל מהרשק | רבי שמשון בן יצחק מקינון (לעיתים | מורנו הרב רבי שלמה כהן | מורנו הרב רבי שלמה קלוגר | מורנו הרב רבי שלמה קרלינר | מורנו הרב רבי שמואל קיידאנובר,substituted,no,wikipedia,ישראל מהרשק,unreviewed,,substitution,wiki_substituted
ha-01736,מהרש״ק,"ב-1924, בזמן שאשכול היה נשוי לאשתו הראשונה, מהרש״ק, התפתח רומן בינו לבין אלישבע.",רבקה מהרשק,מהרש״ק.03,רבקה מהרשק,weak,11,רבקה מהרשק | ר' שלמה קלוגר | בני מהרשק | ר' שלמה מקרלין | ר' שמואל קאיידנובר | ישראל מהרשק | רבי שמשון בן יצחק מקינון (לעיתים | מורנו הרב רבי שלמה כהן | מורנו הרב רבי שלמה קלוגר | מורנו הרב רבי שלמה קרלינר | מורנו הרב רבי שמואל קיידאנובר,substituted,no,wikipedia,אלישבע קפלן,unreviewed,,substitution,wiki_substituted
ha-00505,בלו״ך,"בלוך הוא שם משפחה יהודי שמוצאו באיטליה או באזורים קלטיים, ומשמעותו היא ""בלו״ך""[דרוש מקור].",בני לוי כולנו,בלו״ך.01,בני לוי כולנו,weak,2,בני לוי כולנו | בר לבב ונקי כפיים,substituted,no,wikipedia,בלוך,unreviewed,,substitution,wiki_substituted
ha-00062,אד״ש,"לעומת זאת, הלכת ביתא ישראל כפי שמתבטאת בספר תאזזה סנבת, מחמירה יותר מההלכה הרבנית, ולפיה גם פיקוח נפש אד״ש.",אינו דוחה שבת,אד״ש.01,אינו דוחה שבת,weak,3,אדר שני | אינו דוחה שבת | אחר דרישת שלומו,substituted,no,wikipedia,סכנת חיים,unreviewed,,substitution,wiki_substituted
ha-03271,תמ״ר,"שלשול שאיננו כואב או עצירות כשלעצמה אינם עונים על הגדרת התסמונת, כלומר יש צורך בכאב בטן או חוסר נוחות ממשית לצורך קיום תמ״ר.",תסמונת המעי הרגיז,תמ״ר.01,תסמונת המעי הרגיז,weak,2,תסמונת המעי הרגיז | תיק מרכז רפואי,substituted,no,wikipedia,תסמונת המעי הרגיז,unreviewed,,substitution,wiki_substituted
ha-03272,תמ״ר,שינויים בהרגלי היציאות הם התסמינים העקביים ביותר אצל חולים עם תמ״ר.,תסמונת המעי הרגיז,תמ״ר.01,תסמונת המעי הרגיז,weak,2,תסמונת המעי הרגיז | תיק מרכז רפואי,substituted,no,wikipedia,תסמונת המעי הרגיז,unreviewed,,substitution,wiki_substituted
ha-03273,תמ״ר,"ייתכן שפעילות מופחתת או לקויה של עצב הוואגוס יכולה להוביל לירידה ביכולת לווסת תחושות כאב, ירידה בתנועתיות במעי, לתרום להחמרה בסנסיטצזיה המרכזית ולהעצים תחושת כאב בחולי תמ״ר.",תסמונת המעי הרגיז,תמ״ר.01,תסמונת המעי הרגיז,weak,2,תסמונת המעי הרגיז | תיק מרכז רפואי,substituted,no,wikipedia,תסמונת המעי הרגיז,unreviewed,,substitution,wiki_substituted
ha-03281,תע״ס,"בשנים 1926–1928 שהה בלונדון, שם חיבר את חיבורו המקיף ""תע״ס"" (פנים מאירות ופנים מסבירות) על הספר ""עץ חיים"".",תלמוד עשר הספירות,תע״ס.01,תלמוד עשר הספירות,weak,2,תלמוד עשר הספירות | תקנון עבודה סוציאלית,substituted,no,wikipedia,יהודה לייב הלוי אשלג,unreviewed,,substitution,wiki_substituted
ha-01207,חקש״ב,"עם קליטת השבויים למחנה מתבצע תהליך רישום ותשאול על ידי חקש״ב, במסגרתו מוכרע האם השבוי חיוני לחקירה (למשל אם הוא מחזיק בידע חיוני בשל תפקידו) אם לאו.",חוקר שבויים,חקש״ב.01,חוקר שבויים,weak,2,חוקר שבויים | חוקרת שבויים,substituted,no,wikipedia,מחנה שבויים,unreviewed,,substitution,wiki_substituted
ha-01208,חקש״ב,"הכוח המבצע ספג שלושה חיילים הרוגים: סרן ציון מזרחי, סמל מרקו ברנשטיין וסרן בועז רביד, חקש״ב מיחידת מודיעין שצורף למבצע ונהרג מירי המרגמות של חזבאללה.",חוקר שבויים,חקש״ב.01,חוקר שבויים,weak,2,חוקר שבויים | חוקרת שבויים,substituted,no,wikipedia,מבצע חוק וסדר,unreviewed,,substitution,wiki_substituted
ha-01209,חקש״ב,במקביל הגיע חקש״ב נוסף במסוק אנפה והורד אל דבור 901.,חוקר שבויים,חקש״ב.01,חוקר שבויים,weak,2,חוקר שבויים | חוקרת שבויים,substituted,no,wikipedia,מבצע אבק דרכים,unreviewed,,substitution,wiki_substituted
ha-01541,כ״ת,"מתחת לאנדותל, כ״ת, ניתן למצוא רקמה חיבורית תחוחה, ומתחתיה שכבה של רצועות גמישות - למינה אלסטיקה אינטרנה - המשמשת גבול לגלימה הפנימית.",כמו תמיד,כ״ת.01,כמו תמיד,weak,2,כתר תורה | כמו תמיד,substituted,yes,wikipedia,כלי דם,unreviewed,,substitution,wiki_substituted
ha-01542,כ״ת,"אני אוריד את האשפה כ״ת כשאסיים לקרוא את העיתון, ואתה יודע את זה.",כמו תמיד,כ״ת.01,כמו תמיד,weak,2,כתר תורה | כמו תמיד,substituted,yes,wikipedia,איש קש (כשל לוגי),unreviewed,,substitution,wiki_substituted
ha-01543,כ״ת,"כ״ת, תוכניותיה של מחלקת ההגנה הושפעו באופן משמעותי מתקציבה.",כמו תמיד,כ״ת.01,כמו תמיד,weak,2,כתר תורה | כמו תמיד,substituted,yes,wikipedia,ניל ה. מקלרוי,unreviewed,,substitution,wiki_substituted
ha-01544,כ״ת,"בעיר בת ים הוקם בית הכנסת ""כ״ת ראדומסק"".",כתר תורה,כ״ת.02,כתר תורה,weak,2,כתר תורה | כמו תמיד,substituted,yes,wikipedia,חסידות ראדומסק,unreviewed,,substitution,wiki_substituted
ha-01545,כ״ת,"בירושלים פעלה במשך שנים ספורות ישיבת ""כ״ת"", בראשות הרב משה בונם קראוס.",כתר תורה,כ״ת.02,כתר תורה,weak,2,כתר תורה | כמו תמיד,substituted,yes,wikipedia,חסידות ראדומסק,unreviewed,,substitution,wiki_substituted
ha-01546,כ״ת,"כוללים הקשורים לחסידות נמצאים גם במונטריאול ובלייקווד, במשך שנים ספורות התקיימה ישיבת ""כ״ת"" בבית המדרש בבורו פארק, בראשות הרב לייביש פראנד.",כתר תורה,כ״ת.02,כתר תורה,weak,2,כתר תורה | כמו תמיד,substituted,yes,wikipedia,חסידות ראדומסק,unreviewed,,substitution,wiki_substituted
ha-00756,גו״ז,תמרון היימליך (באנגלית: Heimlich maneuver) הוא תמרון לפתיחת נתיב אוויר החסום על ידי גו״ז באמצעות הגברת הלחץ בחלל הבטן ובבית החזה.,גוף זר,גו״ז.01,גוף זר,weak,2,גוף זר | גילוי וזיהוי,substituted,yes,wikipedia,תמרון היימליך,unreviewed,,substitution,wiki_substituted
ha-00757,גו״ז,יש לבצע תמרון היימליך בעת שנחסם נתיב האוויר לגמרי (חסימת נתיב אוויר חמורה) על ידי גו״ז.,גוף זר,גו״ז.01,גוף זר,weak,2,גוף זר | גילוי וזיהוי,substituted,yes,wikipedia,תמרון היימליך,unreviewed,,substitution,wiki_substituted
ha-00758,גו״ז,"הפגוציטים בולעים ללא הבחנה כל גו״ז: חיידקים, נגיפים, פטריות חד-תאיות וגם גופים קטנים לא חיים כגון אבק ופיח.",גוף זר,גו״ז.01,גוף זר,weak,2,גוף זר | גילוי וזיהוי,substituted,yes,wikipedia,פגוציט,unreviewed,,substitution,wiki_substituted
ha-00759,גו״ז,"מטרת החישה היא גו״ז של מטרות מסוגים שונים - החל מפעילות צבאית, דרך מדידת זיהום אוויר ועד גילוי נפט.",גילוי וזיהוי,גו״ז.02,גילוי וזיהוי,weak,2,גוף זר | גילוי וזיהוי,substituted,yes,wikipedia,חישה מרחוק,unreviewed,,substitution,wiki_substituted
ha-00760,גו״ז,"כיום, בדיקה זו מומלצת מגיל 45 כבדיקה שגרתית מונעת, אחת לכמה שנים, לשם גו״ז מוקדם של בעיות במעיים.",גילוי וזיהוי,גו״ז.02,גילוי וזיהוי,weak,2,גוף זר | גילוי וזיהוי,substituted,yes,wikipedia,קולונוסקופיה,unreviewed,,substitution,wiki_substituted
ha-02749,קרפ״ח,בשנים 1967–1968 היה קרפ״ח בחטיבה 14 בסיני.,קצין רפואה חטיבתי,קרפ״ח.01,קצין רפואה חטיבתי,weak,2,קצין רפואה חילי | קצין רפואה חטיבתי,substituted,no,wikipedia,משה רוח,unreviewed,,substitution,wiki_substituted
ha-01732,מהרש״ג,"לאחר מותו, ב-1907, מילא בנו מהרש״ג את מקומו.",רבי שמעון גרינפלד,מהרש״ג.01,רבי שמעון גרינפלד,weak,2,רבי שמעון גרינפלד | רבי שמואל גאון,substituted,no,wikipedia,סמיהאלי,unreviewed,,substitution,wiki_substituted
ha-01733,מהרש״ג,"מהרש״ג מבחין בין מניעת טובה, שאינה אסורה על פי התורה וממילא אסור לאדם ליטור עליה שנאה, לבין אדם המזיק לחבירו שלו מותר לאדם אחר ליטור שנאה.",רבי שמעון גרינפלד,מהרש״ג.01,רבי שמעון גרינפלד,weak,2,רבי שמעון גרינפלד | רבי שמואל גאון,substituted,no,wikipedia,לא תיקום ולא תיטור,unreviewed,,substitution,wiki_substituted
ha-00815,דו״ש,"בניגוד לשווקים, ירידים מתכנסים באופן חד או דו״ש.",דו שנתי,דו״ש.02,דו שנתי,weak,4,דו שנתי | דוד שמש | דו-שבעון | דורש שלומו,substituted,no,wikipedia,יריד,unreviewed,,substitution,wiki_substituted
ha-00816,דו״ש,דו״ש הוא דוד חימום המשתמש באנרגיה סולארית לחימום מים.,דוד שמש,דו״ש.01,דוד שמש,weak,4,דו שנתי | דוד שמש | דו-שבעון | דורש שלומו,substituted,no,wikipedia,דוד שמש,unreviewed,,substitution,wiki_substituted
ha-00817,דו״ש,תכונה זו מהווה את עקרון הפעולה של דו״ש ותנור מיקרוגל.,דוד שמש,דו״ש.01,דוד שמש,weak,4,דו שנתי | דוד שמש | דו-שבעון | דורש שלומו,substituted,no,wikipedia,בליעה (קרינה אלקטרומגנטית),unreviewed,,substitution,wiki_substituted
ha-00818,דו״ש,"חמישה משירי האלבום בוצעו במקור על ידי ""התרנגולים"" (""משעמם"", ""אם תרצי"", ""שיר אהבה חיילי"", ""דו״ש ואנטנה גם"", ו""הכל זהב"").",דוד שמש,דו״ש.01,דוד שמש,weak,4,דו שנתי | דוד שמש | דו-שבעון | דורש שלומו,substituted,no,wikipedia,ארץ ישראל הישנה והטובה חלק ד': משירי סשה ארגוב,unreviewed,,substitution,wiki_substituted
ha-03333,ת״ח,"כפי שמציין אליקים ויסברג מקור הצירוף ""ת״ח"" הוא גזירה לאחור של הצירוף ""תלמידי חכמים"", כלומר תלמידים של חכמים.",תלמיד חכם,ת״ח.01,תלמיד חכם,weak,2,תלמיד חכם | תענית חלום,substituted,yes,wikipedia,תלמיד חכם,unreviewed,,substitution,wiki_substituted
ha-03334,ת״ח,ואמר רבי יוחנן: איזהו ת״ח שבני עירו מצווין לעשות לו מלאכתו?,תלמיד חכם,ת״ח.01,תלמיד חכם,weak,2,תלמיד חכם | תענית חלום,substituted,yes,wikipedia,תלמיד חכם,unreviewed,,substitution,wiki_substituted
ha-03335,ת״ח,"למנוייה פרנס על הציבור: אי בחדא מסכתא, באתריה (במקומו), אי בכוליה תנויה: בריש מתיבתא"" דברים אלו מהווים הגדרות שונות למהותו של ת״ח, ולמעשה מנפקות רמות שונות בתוך הביטוי הכללי ""ת״ח"".",תלמיד חכם,ת״ח.01,תלמיד חכם,weak,2,תלמיד חכם | תענית חלום,substituted,yes,wikipedia,תלמיד חכם,unreviewed,,substitution,wiki_substituted
ha-03336,ת״ח,אדם שהתענה פעם אחת ת״ח בראש השנה מחויב מכאן ואילך להתענות בראש השנה בכל השנים הבאות.,תענית חלום,ת״ח.02,תענית חלום,weak,2,תלמיד חכם | תענית חלום,substituted,yes,wikipedia,תענית,unreviewed,,substitution,wiki_substituted
ha-03337,ת״ח,"בהלכה, ת״ח היא תענית שעל פי התלמוד מועילה לבטל את השפעותיו של חלום רע.",תענית חלום,ת״ח.02,תענית חלום,weak,2,תלמיד חכם | תענית חלום,substituted,yes,wikipedia,תענית חלום,unreviewed,,substitution,wiki_substituted
ha-03338,ת״ח,בספר בנימין זאב כתב בשם רב האי גאון שרק על שלושה חלומות מסוימים מתענים ת״ח.,תענית חלום,ת״ח.02,תענית חלום,weak,2,תלמיד חכם | תענית חלום,substituted,yes,wikipedia,תענית חלום,unreviewed,,substitution,wiki_substituted
ha-01413,י״ל,"ב-8 בינואר 1961 החל קורס לחמישה נוספים: אריה בן-אור, י״ל-רן, אילן אלוני, עודד עינב ויאיר בן שפר.",יהודה לב,י״ל.04,יהודה לב,weak,5,יש להם | יש לומר | יהודה לב | יצחק לייבוש | יראה לי,substituted,yes,wikipedia,בית הספר לטיסה,unreviewed,,substitution,wiki_substituted
ha-01417,י״ל,היה חתן רבי יהודה צבי מראזלא ובזיווג שני נשא לאישה את פרידא קילא בת הרב ישעיה שור רבה של יאס (בזיווג ראשון הייתה נשואה לרבי י״ל מקאליב).,יצחק לייבוש,י״ל.01,יצחק לייבוש,weak,5,יש להם | יש לומר | יהודה לב | יצחק לייבוש | יראה לי,substituted,yes,wikipedia,חסידות קוסוב,unreviewed,,substitution,wiki_substituted
ha-01418,י״ל,נישא להינדא בת רבי יהודה צבי מראזלא ובזיווג שני נישא לפרידא קילא בת הרב ישעיה שור רבה של יאס (בזיווג ראשון הייתה נשואה לרבי י״ל מקאליב).,יצחק לייבוש,י״ל.01,יצחק לייבוש,weak,5,יש להם | יש לומר | יהודה לב | יצחק לייבוש | יראה לי,substituted,yes,wikipedia,דוד הגר (זבלטוב),unreviewed,,substitution,wiki_substituted
ha-01419,י״ל,"מאמרה הראשון הוקדש לפואמה ""מאָניש"", יצירתו הראשונה ביידיש של י״ל פרץ, שהיא למעשה השיר הראשון על אהבה בהווה בספרותנו החדשה בשתי הלשונות, עברית ויידיש.",יצחק לייבוש,י״ל.01,יצחק לייבוש,weak,5,יש להם | יש לומר | יהודה לב | יצחק לייבוש | יראה לי,substituted,yes,wikipedia,חוה טורניאנסקי,unreviewed,,substitution,wiki_substituted
ha-01420,י״ל,כל ישראל י״ל חלק לעולם הבא (שש משניות) בפרק ישנו פירוט אנשים שאין להם חלק לעולם הבא השמור לבני ישראל ולחסידי אומות העולם ודיני עיר הנידחת.,יש להם,י״ל.02,יש להם,weak,5,יש להם | יש לומר | יהודה לב | יצחק לייבוש | יראה לי,substituted,yes,wikipedia,מסכת סנהדרין,unreviewed,,substitution,wiki_substituted
ha-01421,י״ל,"פרק ""חלק"" - פרק זה בתלמוד הבבלי הוא הפרק האחד-עשר והאחרון ואילו במשנה ובתלמוד הירושלמי פרק זה הוא העשירי, והוא נקרא גם ""אגדת חלק"", על-פי משפט הפתיחה בו: ""כל ישראל י״ל חלק לעולם הבא"".",יש להם,י״ל.02,יש להם,weak,5,יש להם | יש לומר | יהודה לב | יצחק לייבוש | יראה לי,substituted,yes,wikipedia,מסכת סנהדרין,unreviewed,,substitution,wiki_substituted
ha-01422,י״ל,"פרק זה הובא בסוף מסכת סנהדרין כדי להסביר שלמרות שישנם יהודים שנהרגו בבית הדין, עדיין י״ל חלק לעולם הבא והם חלק מכלל ישראל.",יש להם,י״ל.02,יש להם,weak,5,יש להם | יש לומר | יהודה לב | יצחק לייבוש | יראה לי,substituted,yes,wikipedia,מסכת סנהדרין,unreviewed,,substitution,wiki_substituted
ha-01423,י״ל,"ועוד י״ל, שהתל השוכן ליד שריד של ימינו, בצפון עמק יזרעאל נקרא תל שדוד, ובערבית שדיד פירושו חזק, תקיף, מה שמתאים לאופיו של זבולון, כמו שנאמר בשירת דבורה: ”זבולון עם חרף נפשו למות”.",יש לומר,י״ל.03,יש לומר,weak,5,יש להם | יש לומר | יהודה לב | יצחק לייבוש | יראה לי,substituted,yes,wikipedia,סרד (דמות מקראית),unreviewed,,substitution,wiki_substituted
ha-01424,י״ל,"באופן כללי י״ל „סולמית”, ואפשר להשתמש בכינוי „האשטאג” רק בהקשר של אותן רשתות חברתיות.",יש לומר,י״ל.03,יש לומר,weak,5,יש להם | יש לומר | יהודה לב | יצחק לייבוש | יראה לי,substituted,yes,wikipedia,סולמית,unreviewed,,substitution,wiki_substituted
ha-01425,י״ל,"עם זאת, ניתן למצוא אזכורים למנהג זה גם במסורות אחרות, כמו למשל במחזור ""אהבת הקדמונים"" כמנהג יהודי פס, שם מצוין כי י״ל ""לשנה הבאה בירושלים"" דווקא בתפילת ערבית של ליל יום הכיפורים.",יש לומר,י״ל.03,יש לומר,weak,5,יש להם | יש לומר | יהודה לב | יצחק לייבוש | יראה לי,substituted,yes,wikipedia,לשנה הבאה בירושלים,unreviewed,,substitution,wiki_substituted
ha-02413,ע״ב,"לדוגמה, בכל האוניברסיטאות האירופיות ובחלק מהאוניברסיטאות בארצות הברית, פרופסורים זוכים לקידום בעיקר ע״ב הישגיהם המחקריים, ופחות ע״ב איכות ההוראה.",על בסיס,ע״ב.01,על בסיס,weak,4,על בסיס | עבודת-בית | ערעור בחירות | העמוד השמאלי בדף גמרא,substituted,yes,wikipedia,פרופסור,unreviewed,,substitution,wiki_substituted
ha-02414,ע״ב,מלגות ניתנות ע״ב קריטריונים שונים אשר משקפים בדרך כלל את מטרותיהם וערכיהם של נותני המלגה.,על בסיס,ע״ב.01,על בסיס,weak,4,על בסיס | עבודת-בית | ערעור בחירות | העמוד השמאלי בדף גמרא,substituted,yes,wikipedia,מלגה (חינוך),unreviewed,,substitution,wiki_substituted
ha-02415,ע״ב,"מלגות על סמך מוצא – סיוע כספי הניתן לסטודנטים ע״ב מוצא גזעי או אתני, דת וכדומה.",על בסיס,ע״ב.01,על בסיס,weak,4,על בסיס | עבודת-בית | ערעור בחירות | העמוד השמאלי בדף גמרא,substituted,yes,wikipedia,מלגה (חינוך),unreviewed,,substitution,wiki_substituted
ha-02416,ע״ב,ע״ב מיכאל בן-ארי ועופר כסיף הגיע לבית המשפט העליון בעקבות החלטת ועדת הבחירות המרכזית לקראת הבחירות לכנסת ה-21.,ערעור בחירות,ע״ב.02,ערעור בחירות,weak,4,על בסיס | עבודת-בית | ערעור בחירות | העמוד השמאלי בדף גמרא,substituted,yes,wikipedia,ערעור בחירות מיכאל בן-ארי ועופר כסיף,unreviewed,,substitution,wiki_substituted
ha-02417,ע״ב,"בחירות מיוחדות מסוג אחר יכולות להתקיים בהוראות בית המשפט, אם קיבל ע״ב ופסק שהבחירות בטלות.",ערעור בחירות,ע״ב.02,ערעור בחירות,weak,4,על בסיס | עבודת-בית | ערעור בחירות | העמוד השמאלי בדף גמרא,substituted,yes,wikipedia,הבחירות לרשויות המקומיות בישראל,unreviewed,,substitution,wiki_substituted
ha-02418,ע״ב,ב-13 באפריל 2021 הגישה המפלגה ע״ב על כך בטענה לאי-סדרים והונאה במהלכם.,ערעור בחירות,ע״ב.02,ערעור בחירות,weak,4,על בסיס | עבודת-בית | ערעור בחירות | העמוד השמאלי בדף גמרא,substituted,yes,wikipedia,אריה אבני,unreviewed,,substitution,wiki_substituted
ha-03088,ש״ג,"שין גימל – ש״ג, החייל השומר על הכניסה למחנה.",שוטר גדודי,ש״ג.02,שוטר גדודי,weak,4,שומר גבול | שוטר גדודי | שער גבול | תורת הזרימה שכבת גבול,substituted,no,wikipedia,ש,unreviewed,,substitution,wiki_substituted
ha-03089,ש״ג,"בנוסף שיחק בתפקיד חייל ש״ג בסדרה ""שמיים אדומים"" של רשת 13.",שומר גבול,ש״ג.03,שומר גבול,weak,4,שומר גבול | שוטר גדודי | שער גבול | תורת הזרימה שכבת גבול,substituted,no,wikipedia,אסף זגה,unreviewed,,substitution,wiki_substituted
ha-03090,ש״ג,"שערי אלכסנדר או שערי הים הכספי היו חומות עם ש״ג אגדתיים שנבנו בקווקז, על פי האגדה, על ידי אלכסנדר הגדול, כדי למנוע מהברברים הלא-מתורבתים מצפון מלפלוש דרומה.",שער גבול,ש״ג.01,שער גבול,weak,4,שומר גבול | שוטר גדודי | שער גבול | תורת הזרימה שכבת גבול,substituted,no,wikipedia,שערי אלכסנדר,unreviewed,,substitution,wiki_substituted
ha-03091,ש״ג,באותו יום הודיעו טורקיה וגאורגיה על החלטתם ההדדית לסגור את ש״ג ליד העיר סארפי.,שער גבול,ש״ג.01,שער גבול,weak,4,שומר גבול | שוטר גדודי | שער גבול | תורת הזרימה שכבת גבול,substituted,no,wikipedia,מגפת הקורונה בטורקיה,unreviewed,,substitution,wiki_substituted
ha-02901,רפו״ש,"לפעמים הברכה היא ספציפית וממוקדת בצרכי המתברך, כמו: ""בהצלחה במבחן"", ""בקרוב אצלכם"" (נאמר למשל בחתונות לרווקים ובאירועי ברית מילה לזוגות שאינם הורים או המצפים ללידה), ""רפו״ש"" וכיוצא בזה.",רפואה שלמה,רפו״ש.01,רפואה שלמה,weak,2,רפואת שיניים | רפואה שלמה,substituted,yes,wikipedia,ברכה (נימוס),unreviewed,,substitution,wiki_substituted
ha-02902,רפו״ש,"יהי רצון מלפניך שתרפאני רפו״ש, ואם אמות תהא מיתתי כפרה על כל עונות וחטאים ופשעים שחטאתי ושעויתי ושפשעתי לפניך.",רפואה שלמה,רפו״ש.01,רפואה שלמה,weak,2,רפואת שיניים | רפואה שלמה,substituted,yes,wikipedia,שכיב מרע,unreviewed,,substitution,wiki_substituted
ha-02903,רפו״ש,הגבס מלא לרוב באיחולי רפו״ש מחברים ובני משפחה בתוספת אימרות כנף ושירבוטים.,רפואה שלמה,רפו״ש.01,רפואה שלמה,weak,2,רפואת שיניים | רפואה שלמה,substituted,yes,wikipedia,תחבושת גבס,unreviewed,,substitution,wiki_substituted
ha-02904,רפו״ש,"רפו״ש התפתחה כהתמחות נפרדת ברפואה רק החל מתחילת המאה ה-20 (קודם לכן, רופאים כלליים שימשו בעת הצורך גם כרופאי שיניים).",רפואת שיניים,רפו״ש.02,רפואת שיניים,weak,2,רפואת שיניים | רפואה שלמה,substituted,yes,wikipedia,רופא שיניים,unreviewed,,substitution,wiki_substituted
ha-02905,רפו״ש,"רפו״ש היא תחום רפואי-כירורגי העוסק במניעה, אבחון וטיפול של מחלות או פציעה בשיניים ובלסתות, ולעיתים גם בפנים, בחלל הפה ובבסיס הגולגולת.",רפואת שיניים,רפו״ש.02,רפואת שיניים,weak,2,רפואת שיניים | רפואה שלמה,substituted,yes,wikipedia,רפואת שיניים,unreviewed,,substitution,wiki_substituted
ha-02906,רפו״ש,"בהתייחס להוצאת משקי הבית על בריאות השן, ההוצאה על רפו״ש מהווה כ-34% מכלל ההוצאה המשפחתית על שירותי בריאות[דרוש מקור].",רפואת שיניים,רפו״ש.02,רפואת שיניים,weak,2,רפואת שיניים | רפואה שלמה,substituted,yes,wikipedia,רפואת שיניים,unreviewed,,substitution,wiki_substituted
ha-00789,ג״ש,"ג״ש היא שכונה ואזור תעשייה במערב ירושלים, מדרום לכביש 1.",גבעת שאול,ג״ש.01,גבעת שאול,weak,4,גבעת שאול | גזרה שווה | ג' שנים | ג' שעות,substituted,yes,wikipedia,גבעת שאול,unreviewed,,substitution,wiki_substituted
ha-00790,ג״ש,"אזור התעשייה נמצא בין שכונת ג״ש ממזרח להר נוף ממערב, והוא מתפשט דרומה גם במערב קריית משה, עד שכונת בית הכרם.",גבעת שאול,ג״ש.01,גבעת שאול,weak,4,גבעת שאול | גזרה שווה | ג' שנים | ג' שעות,substituted,yes,wikipedia,גבעת שאול,unreviewed,,substitution,wiki_substituted
ha-00791,ג״ש,"הנכנסים לירושלים דרך מחלף סחרוב, עוברים דרך ג״ש בדרכם לתוך העיר.",גבעת שאול,ג״ש.01,גבעת שאול,weak,4,גבעת שאול | גזרה שווה | ג' שנים | ג' שעות,substituted,yes,wikipedia,גבעת שאול,unreviewed,,substitution,wiki_substituted
ha-00792,ג״ש,"ג״ש היא אחת מהמידות שהתורה נדרשת בהן, המשמשת להשוואת דין פרטי בין עניין אחד לעניין אחר, על יסוד מילים זהות או מילים דומות מבחינה סמנטית, כגון בעלות שורש משותף, המצויות בתורה בשני העניינים.",גזרה שווה,ג״ש.02,גזרה שווה,weak,4,גבעת שאול | גזרה שווה | ג' שנים | ג' שעות,substituted,yes,wikipedia,גזרה שווה,unreviewed,,substitution,wiki_substituted
ha-00793,ג״ש,"לכן ג״ש, פירושה שנכתבו מילים שוות בשני מקומות.",גזרה שווה,ג״ש.02,גזרה שווה,weak,4,גבעת שאול | גזרה שווה | ג' שנים | ג' שעות,substituted,yes,wikipedia,גזרה שווה,unreviewed,,substitution,wiki_substituted
ha-00794,ג״ש,על פי הסבר זה מיושבים המהלכים בתלמוד על לימודי ג״ש.,גזרה שווה,ג״ש.02,גזרה שווה,weak,4,גבעת שאול | גזרה שווה | ג' שנים | ג' שעות,substituted,yes,wikipedia,גזרה שווה,unreviewed,,substitution,wiki_substituted
ha-00370,א״ע,בקונגרס זה חיים ויצמן ומנחם אוסישקין העלו להצבעה את ההקמה של א״ע בירושלים.,אוניברסיטה עברית,א״ע.01,אוניברסיטה עברית,weak,3,את עצמו | אנציקלופדיה עברית | אוניברסיטה עברית,substituted,yes,wikipedia,הקונגרס הציוני העולמי האחד עשר,unreviewed,,substitution,wiki_substituted
ha-00371,א״ע,בקונגרס החלה הביקורת על יחסה המתון לשלטונות המנדט הבריטי והוחלט להקים א״ע בירושלים.,אוניברסיטה עברית,א״ע.01,אוניברסיטה עברית,weak,3,את עצמו | אנציקלופדיה עברית | אוניברסיטה עברית,substituted,yes,wikipedia,הקונגרס הציוני העולמי השלושה עשר,unreviewed,,substitution,wiki_substituted
ha-00372,א״ע,"ב-8 במרץ 1913 נשא ויצמן בקונגרס הציוני בווינה נאום נלהב בדבר הקמת אוניברסיטה יהודית, בעקבותיו הקים הקונגרס ועדה להקמת ""א״ע בירושלים"".",אוניברסיטה עברית,א״ע.01,אוניברסיטה עברית,weak,3,את עצמו | אנציקלופדיה עברית | אוניברסיטה עברית,substituted,yes,wikipedia,חיים ויצמן,unreviewed,,substitution,wiki_substituted
ha-00373,א״ע,"""אביב חדש"" – האנציקלופדיה הישראלית לנוער היא א״ע לילדים ונוער, ובה 17 כרכים (ועוד כרך מפתח) ולמעלה מ-5,000 ערכים.",אנציקלופדיה עברית,א״ע.03,אנציקלופדיה עברית,weak,3,את עצמו | אנציקלופדיה עברית | אוניברסיטה עברית,substituted,yes,wikipedia,אביב חדש,unreviewed,,substitution,wiki_substituted
ha-00374,א״ע,האתר מיועד לבעלי רקע רפואי ומייעד א״ע לרופאים או סגל רפואי.,את עצמו,א״ע.02,את עצמו,weak,3,את עצמו | אנציקלופדיה עברית | אוניברסיטה עברית,substituted,yes,wikipedia,EMedicine,unreviewed,,substitution,wiki_substituted
ha-00375,א״ע,"על אף שבתחילה תואר מורביוס כדמות אנטגוניסטית, בהמשך הוא ביקש לרפא א״ע ממצבו והפך לפרוטגוניסט.",את עצמו,א״ע.02,את עצמו,weak,3,את עצמו | אנציקלופדיה עברית | אוניברסיטה עברית,substituted,yes,wikipedia,מורביוס,unreviewed,,substitution,wiki_substituted
ha-00376,א״ע,"האמת שמאחורי מצבו הירוד היא שכדי לרפא את מצב הדם המתרוקן, ניסה מורביוס, בניסיון העבר שלו כביוכימאי מומחה, לרפא א״ע ממחלת הדם שלו באמצעות טיפול ניסיוני הכולל DNA של עטלף וטיפול בהלם חשמלי.",את עצמו,א״ע.02,את עצמו,weak,3,את עצמו | אנציקלופדיה עברית | אוניברסיטה עברית,substituted,yes,wikipedia,מורביוס,unreviewed,,substitution,wiki_substituted
ha-00552,ברז״ל,"הינדא, נשואה לרב שמעון זאב מייזליש, רב בית הכנסת ""ישמח משה"" בשכונת ברך משה בקריית יואל, ברז״ל, אב בית דין סיגייט.",בן רבי זלמן לייב,ברז״ל.01,בן רבי זלמן לייב,weak,2,בן רבי זלמן לייב | בלהה רחל זלפה לאה,substituted,no,wikipedia,אהרן טייטלבוים,unreviewed,,substitution,wiki_substituted
ha-02291,סמב״ס,"הוא שימש מדריך ראשי בבית הספר לטיסה, סמב״ס עציון, מפקד בסיס נבטים, מפקד בסיס חצרים, מפקד היחידה לשיתוף פעולה וראש מטה פיקוד הצפון.",סגן מפקד בסיס,סמב״ס.01,סגן מפקד בסיס,weak,2,סגן מפקד בסיס | סתם מסתובב בבסיס,substituted,no,wikipedia,דן פסח,unreviewed,,substitution,wiki_substituted
ha-01559,ל״א,"התחום המודיעיני אלינט (ELINT) מספק את הידע המוקדם הדרוש למימוש של אמצעי ל״א ולשימוש אפקטיבי בהם, בכך שהוא מספק מידע על אופן הפעולה של מטרות התקיפה האלקטרונית.",לוחמה אלקטרונית,ל״א.01,לוחמה אלקטרונית,weak,2,לוחמה אלקטרונית | לשון אחר,substituted,yes,wikipedia,לוחמה אלקטרונית,unreviewed,,substitution,wiki_substituted
ha-01560,ל״א,"על מנת לקיים לוחמה אפקטיבית, עושות מערכות ל״א שימוש בכלים ובשיטות המשמשות לאיסוף ועיבוד אלינט.",לוחמה אלקטרונית,ל״א.01,לוחמה אלקטרונית,weak,2,לוחמה אלקטרונית | לשון אחר,substituted,yes,wikipedia,לוחמה אלקטרונית,unreviewed,,substitution,wiki_substituted
ha-01561,ל״א,"מערכות הגנה מנגד (Stand Off) – אלה מותקנות על פלטפורמות הנמצאות מחוץ לטווח מערכות הנשק של האויב ומפעילות ל״א היוצרת ""מסדרון מיסוך"" עבור הכוחות התוקפים.",לוחמה אלקטרונית,ל״א.01,לוחמה אלקטרונית,weak,2,לוחמה אלקטרונית | לשון אחר,substituted,yes,wikipedia,לוחמה אלקטרונית,unreviewed,,substitution,wiki_substituted
ha-01562,ל״א,"ל״א: מן הצד האחד החומר גאומטרי, ולכן בעל יחידות יסודיות חסרות נפח, ומן הצד האחר המונח ""חסר נפח"" סותר את היות החומר ""יש"" מתפשט בטבעו.",לשון אחר,ל״א.02,לשון אחר,weak,2,לוחמה אלקטרונית | לשון אחר,substituted,yes,wikipedia,מונאדה (לייבניץ),unreviewed,,substitution,wiki_substituted
ha-01563,ל״א,"ל״א, האם המילים נקבעו לפי הסכמה (thesis) או לפי טבע (physis).",לשון אחר,ל״א.02,לשון אחר,weak,2,לוחמה אלקטרונית | לשון אחר,substituted,yes,wikipedia,טבע או הסכמה,unreviewed,,substitution,wiki_substituted
ha-01564,ל״א,"ל״א, כל התגלות חדשה כרוכה בהסתלקות, אשר קודמת לה קדימה הכרחית.",לשון אחר,ל״א.02,לשון אחר,weak,2,לוחמה אלקטרונית | לשון אחר,substituted,yes,wikipedia,תורת הצמצום,unreviewed,,substitution,wiki_substituted
ha-00669,ב״מ,החלוקה לשלושה חלקים נעשתה באופן טכני – עשרה פרקים בכל מסכת – כאשר מבחינה תוכנית ניתן היה לחלק אחרת את המסכת; כך לדוגמה הפרק האחרון של ב״מ עוסק באותו נושא כמו הפרק הראשון של בבא בתרא.,בבא מציעא,ב״מ.01,בבא מציעא,weak,6,בית משפט | בית מדרש | בבא מציעא | בר מצווה | בני משה | בר מינן,substituted,yes,wikipedia,בבא מציעא,unreviewed,,substitution,wiki_substituted
ha-00670,ב״מ,"מסכת ב״מ ככלל עוסקת בתביעות וטענות שבין אדם לחברו שלא מחמת נזק, כגון דיני אבידה ומציאה, דיני שומרים ואחריותם, דיני הלוואות, אונאה, ריבית ושכירות.",בבא מציעא,ב״מ.01,בבא מציעא,weak,6,בית משפט | בית מדרש | בבא מציעא | בר מצווה | בני משה | בר מינן,substituted,yes,wikipedia,בבא מציעא,unreviewed,,substitution,wiki_substituted
ha-00671,ב״מ,החלוקה לשלושה חלקים נעשתה באופן טכני - עשרה פרקים בכל מסכת - כאשר מבחינה תוכנית ניתן היה לחלק אחרת את המסכת; כך לדוגמה הפרק האחרון של ב״מ עוסק באותו נושא כמו הפרק הראשון של בבא בתרא.,בבא מציעא,ב״מ.01,בבא מציעא,weak,6,בית משפט | בית מדרש | בבא מציעא | בר מצווה | בני משה | בר מינן,substituted,yes,wikipedia,בבא קמא,unreviewed,,substitution,wiki_substituted
ha-00672,ב״מ,"ב״מ הוא מקום המשמש ללימוד תורה, לדיון ולתפילה.",בית מדרש,ב״מ.02,בית מדרש,weak,6,בית משפט | בית מדרש | בבא מציעא | בר מצווה | בני משה | בר מינן,substituted,yes,wikipedia,בית מדרש,unreviewed,,substitution,wiki_substituted
ha-00673,ב״מ,"המונח ב״מ מציין מקום מיוחד ללימוד התורה, במובחן מבית כנסת המציין מקום תפילה.",בית מדרש,ב״מ.02,בית מדרש,weak,6,בית משפט | בית מדרש | בבא מציעא | בר מצווה | בני משה | בר מינן,substituted,yes,wikipedia,בית מדרש,unreviewed,,substitution,wiki_substituted
ha-00674,ב״מ,"לחסידות שכונה סמוך לשכונת מאה שערים בירושלים, הנקראת קריית שומרי אמונים, ובסמוך לה ב״מ וישיבה קטנה.",בית מדרש,ב״מ.02,בית מדרש,weak,6,בית משפט | בית מדרש | בבא מציעא | בר מצווה | בני משה | בר מינן,substituted,yes,wikipedia,חסידות שומרי אמונים,unreviewed,,substitution,wiki_substituted
ha-00675,ב״מ,ב״מ הוא חלק מהרשות השופטת– מוסד אשר המדינה מעניקה לו סמכות שפיטה כללית.,בית משפט,ב״מ.03,בית משפט,weak,6,בית משפט | בית מדרש | בבא מציעא | בר מצווה | בני משה | בר מינן,substituted,yes,wikipedia,בית משפט,unreviewed,,substitution,wiki_substituted
ha-00676,ב״מ,"""ב״מ"" הוא חלק ממערכת בתי המשפט הכללית של המדינה, בעוד ש""בית דין"" דן בעניין מסוים, ובדרך כלל לפי מערכת דינים מיוחדת ושונה ממערכת החוקים הרגילה.",בית משפט,ב״מ.03,בית משפט,weak,6,בית משפט | בית מדרש | בבא מציעא | בר מצווה | בני משה | בר מינן,substituted,yes,wikipedia,בית משפט,unreviewed,,substitution,wiki_substituted
ha-00677,ב״מ,ב״מ הוא ערכאה לה נותנת המדינה סמכות שפיטה כללית.,בית משפט,ב״מ.03,בית משפט,weak,6,בית משפט | בית מדרש | בבא מציעא | בר מצווה | בני משה | בר מינן,substituted,yes,wikipedia,בתי המשפט בישראל,unreviewed,,substitution,wiki_substituted
ha-00678,ב״מ,ב״מ ייסדה את העיר רחובות כסמל למושבה עברית עצמאית שאינה מקבלת תמיכה.,בני משה,ב״מ.04,בני משה,weak,6,בית משפט | בית מדרש | בבא מציעא | בר מצווה | בני משה | בר מינן,substituted,yes,wikipedia,ציונות רוחנית,unreviewed,,substitution,wiki_substituted
ha-00679,ב״מ,"ב-28 פברואר 1889 נוסדה אגודת-הסתרים ""ב״מ"" של אחד העם, שנטלה על עצמה להכשיר את העם מבחינה רוחנית, לקראת תקומתו.",בני משה,ב״מ.04,בני משה,weak,6,בית משפט | בית מדרש | בבא מציעא | בר מצווה | בני משה | בר מינן,substituted,yes,wikipedia,מנחם אוסישקין,unreviewed,,substitution,wiki_substituted
ha-00680,ב״מ,"אוסישקין, המהנדס הפרגמטי תהה אם זו העת לעסוק בכך, כאשר כל הכוחות נחוצים לעבודה מעשית בארץ-ישראל, אך לבסוף הצטרף גם הוא ובוועידת ""חובבי ציון"" שהתקיימה באודיסה, הוא השתתף כחבר ""ב״מ"".",בני משה,ב״מ.04,בני משה,weak,6,בית משפט | בית מדרש | בבא מציעא | בר מצווה | בני משה | בר מינן,substituted,yes,wikipedia,מנחם אוסישקין,unreviewed,,substitution,wiki_substituted
ha-00681,ב״מ,"כיום, הלייבל הבולט בתחום הפאנק וההארדקור פאנק בישראל הוא בושת רקורדס, אשר הפיץ את אלבומי להקות הפאנק המצליחות של תחילת שנות האלפיים – ועדת קישוט, סמרטוט כחול לבן, ב״מ העפולאית ורבות אחרות.",בר מינן,ב״מ.05,בר מינן,weak,6,בית משפט | בית מדרש | בבא מציעא | בר מצווה | בני משה | בר מינן,substituted,yes,wikipedia,פאנק (Punk) ישראלי,unreviewed,,substitution,wiki_substituted
ha-00682,ב״מ,"כהמשך ישיר לדברים אלו ציין כי ""גם אם יש אדם שהוא ב״מ סוטה, מה שנקרא הומו, עם אדם כזה צריך להיזהר, (אסור) לשלוח את הילד אליו שיהיה חלילה טרף קל"".",בר מינן,ב״מ.05,בר מינן,weak,6,בית משפט | בית מדרש | בבא מציעא | בר מצווה | בני משה | בר מינן,substituted,yes,wikipedia,יעקב יוסף,unreviewed,,substitution,wiki_substituted
ha-00683,ב״מ,"לפי שיטה זו, ייתכן שנער ב״מ יצטרך לאחר את זמן עשיית מצוות לרגע בר המצווה, כמו קריאת שמע.",בר מצווה,ב״מ.06,בר מצווה,weak,6,בית משפט | בית מדרש | בבא מציעא | בר מצווה | בני משה | בר מינן,substituted,yes,wikipedia,בר מצווה,unreviewed,,substitution,wiki_substituted
ha-00684,ב״מ,אצל יהודי תימן לא היה נהוג לערוך טקס ב״מ כלל.,בר מצווה,ב״מ.06,בר מצווה,weak,6,בית משפט | בית מדרש | בבא מציעא | בר מצווה | בני משה | בר מינן,substituted,yes,wikipedia,בר מצווה,unreviewed,,substitution,wiki_substituted
ha-02049,מ״מ,"בקוריסטשוב התגורר גם דודו של רבי משה, רבי אברהם טברסקי בנו של רבי צבי שהיה מ״מ בקוריסטשוב וחתנו של רבי מנחם נחום מצ'רנוביל.",מגיד מישרים,מ״מ.03,מגיד מישרים,weak,16,מילימטר | ממלא מקום | מכל מקום | מערכות מידע | מפקד מחלקה | מראה מקום | משתנה מקרי | מרחב מטרי | מגיד מישרים | מרחב מכפלה | מערכות מחשב | מגיד משנה | מערך המבצעים המיוחדים | מכונאי מוטס | מקרא מגילה | מרחב מדגם,substituted,yes,wikipedia,חסידות קוריסטשוב,unreviewed,,substitution,wiki_substituted
ha-02050,מ״מ,"חידושו השני של העיתון, הקדשת מקום רב לספרות יפה, בא לידי ביטוי בכך שמעל דפי ""מ״מ"" פורסמו סיפורים בהמשכים או סיפורים קצרים רבים פרי עטו של תווינא או תרגומיו מספרות ההשכלה העברית.",מגיד מישרים,מ״מ.03,מגיד מישרים,weak,16,מילימטר | ממלא מקום | מכל מקום | מערכות מידע | מפקד מחלקה | מראה מקום | משתנה מקרי | מרחב מטרי | מגיד מישרים | מרחב מכפלה | מערכות מחשב | מגיד משנה | מערך המבצעים המיוחדים | מכונאי מוטס | מקרא מגילה | מרחב מדגם,substituted,yes,wikipedia,שלמה תווינא,unreviewed,,substitution,wiki_substituted
ha-02051,מ״מ,"בנסיבות לא ידועות, בשנת 1901 הפסיק הרב תווינא את פרסום ""מ״מ"" ומכר את בית הדפוס שלו לעיתונאי סלימאן עזרא, שהוציא לאור לאחר מכן את העיתון ""שושנה"" שירש את ""מ״מ"".",מגיד מישרים,מ״מ.03,מגיד מישרים,weak,16,מילימטר | ממלא מקום | מכל מקום | מערכות מידע | מפקד מחלקה | מראה מקום | משתנה מקרי | מרחב מטרי | מגיד מישרים | מרחב מכפלה | מערכות מחשב | מגיד משנה | מערך המבצעים המיוחדים | מכונאי מוטס | מקרא מגילה | מרחב מדגם,substituted,yes,wikipedia,שלמה תווינא,unreviewed,,substitution,wiki_substituted
ha-02055,מ״מ,מ״מ אחד שווה לאלף מיקרומטרים ולמיליון ננומטרים.,מילימטר,מ״מ.01,מילימטר,weak,16,מילימטר | ממלא מקום | מכל מקום | מערכות מידע | מפקד מחלקה | מראה מקום | משתנה מקרי | מרחב מטרי | מגיד מישרים | מרחב מכפלה | מערכות מחשב | מגיד משנה | מערך המבצעים המיוחדים | מכונאי מוטס | מקרא מגילה | מרחב מדגם,substituted,yes,wikipedia,מילימטר,unreviewed,,substitution,wiki_substituted
ha-02056,מ״מ,"בהשוואה למידות הנהוגות בארצות הברית ובאנגליה, מ״מ הוא 5 חלקי 127 של האינץ' (קרוב ל-4% ממנו), כלומר האינץ' הוא 25.4 מילימטרים.",מילימטר,מ״מ.01,מילימטר,weak,16,מילימטר | ממלא מקום | מכל מקום | מערכות מידע | מפקד מחלקה | מראה מקום | משתנה מקרי | מרחב מטרי | מגיד מישרים | מרחב מכפלה | מערכות מחשב | מגיד משנה | מערך המבצעים המיוחדים | מכונאי מוטס | מקרא מגילה | מרחב מדגם,substituted,yes,wikipedia,מילימטר,unreviewed,,substitution,wiki_substituted
ha-02057,מ״מ,סרגלי שרטוט באיכות גבוהה מאפשרים מדידה עד לכדי 0.5 מ״מ.,מילימטר,מ״מ.01,מילימטר,weak,16,מילימטר | ממלא מקום | מכל מקום | מערכות מידע | מפקד מחלקה | מראה מקום | משתנה מקרי | מרחב מטרי | מגיד מישרים | מרחב מכפלה | מערכות מחשב | מגיד משנה | מערך המבצעים המיוחדים | מכונאי מוטס | מקרא מגילה | מרחב מדגם,substituted,yes,wikipedia,מילימטר,unreviewed,,substitution,wiki_substituted
ha-02058,מ״מ,בצבאות דוברי אנגלית התפקיד של מ״מ נקרא Crew chief.,מכונאי מוטס,מ״מ.04,מכונאי מוטס,weak,16,מילימטר | ממלא מקום | מכל מקום | מערכות מידע | מפקד מחלקה | מראה מקום | משתנה מקרי | מרחב מטרי | מגיד מישרים | מרחב מכפלה | מערכות מחשב | מגיד משנה | מערך המבצעים המיוחדים | מכונאי מוטס | מקרא מגילה | מרחב מדגם,substituted,yes,wikipedia,מכונאי מוטס,unreviewed,,substitution,wiki_substituted
ha-02059,מ״מ,המכונאים המוטסים של אותה תקופה המתינו עוד שלוש שנים וחצי נוספות עד אשר זכו לענוד כנפי מ״מ ייעודי משלהם.,מכונאי מוטס,מ״מ.04,מכונאי מוטס,weak,16,מילימטר | ממלא מקום | מכל מקום | מערכות מידע | מפקד מחלקה | מראה מקום | משתנה מקרי | מרחב מטרי | מגיד מישרים | מרחב מכפלה | מערכות מחשב | מגיד משנה | מערך המבצעים המיוחדים | מכונאי מוטס | מקרא מגילה | מרחב מדגם,substituted,yes,wikipedia,מכונאי מוטס,unreviewed,,substitution,wiki_substituted
ha-02060,מ״מ,"למסוק צוות בן ארבעה אנשים: טייס, טייס משנה, מ״מ ושחיין חילוץ.",מכונאי מוטס,מ״מ.04,מכונאי מוטס,weak,16,מילימטר | ממלא מקום | מכל מקום | מערכות מידע | מפקד מחלקה | מראה מקום | משתנה מקרי | מרחב מטרי | מגיד מישרים | מרחב מכפלה | מערכות מחשב | מגיד משנה | מערך המבצעים המיוחדים | מכונאי מוטס | מקרא מגילה | מרחב מדגם,substituted,yes,wikipedia,יורוקופטר HH-65 דולפין,unreviewed,,substitution,wiki_substituted
ha-02061,מ״מ,מנויי המיזם יכולים לשכור רכב על בסיס דקות ולקחת אותו מ״מ בו הרכב נמצא ברחבי העיר ולסיים השכרה בכל חניה מותרת בעיר.,מכל מקום,מ״מ.05,מכל מקום,weak,16,מילימטר | ממלא מקום | מכל מקום | מערכות מידע | מפקד מחלקה | מראה מקום | משתנה מקרי | מרחב מטרי | מגיד מישרים | מרחב מכפלה | מערכות מחשב | מגיד משנה | מערך המבצעים המיוחדים | מכונאי מוטס | מקרא מגילה | מרחב מדגם,substituted,yes,wikipedia,אוטותל,unreviewed,,substitution,wiki_substituted
ha-02062,מ״מ,"בשנת 2005 הוסרה ההגבלה לאחר הליך רב-שלבים, שבסופו רישום אתרים בסיומת משנית ספרדית היה פתוח מ״מ ברחבי העולם.",מכל מקום,מ״מ.05,מכל מקום,weak,16,מילימטר | ממלא מקום | מכל מקום | מערכות מידע | מפקד מחלקה | מראה מקום | משתנה מקרי | מרחב מטרי | מגיד מישרים | מרחב מכפלה | מערכות מחשב | מגיד משנה | מערך המבצעים המיוחדים | מכונאי מוטס | מקרא מגילה | מרחב מדגם,substituted,yes,wikipedia,.es,unreviewed,,substitution,wiki_substituted
ha-02063,מ״מ,"כיום, ניתן להירשם תחת סיומת זו מ״מ בעולם.",מכל מקום,מ״מ.05,מכל מקום,weak,16,מילימטר | ממלא מקום | מכל מקום | מערכות מידע | מפקד מחלקה | מראה מקום | משתנה מקרי | מרחב מטרי | מגיד מישרים | מרחב מכפלה | מערכות מחשב | מגיד משנה | מערך המבצעים המיוחדים | מכונאי מוטס | מקרא מגילה | מרחב מדגם,substituted,yes,wikipedia,.vn,unreviewed,,substitution,wiki_substituted
ha-02065,מ״מ,"בדרך כלל איתור מ״מ נעשה כאשר נודע הצורך בו, אך במשרות מסוימות מוגדר דרך קבע מ״מ והוא ממלא פונקציה זו בעת שמתעורר הצורך.",ממלא מקום,מ״מ.02,ממלא מקום,weak,16,מילימטר | ממלא מקום | מכל מקום | מערכות מידע | מפקד מחלקה | מראה מקום | משתנה מקרי | מרחב מטרי | מגיד מישרים | מרחב מכפלה | מערכות מחשב | מגיד משנה | מערך המבצעים המיוחדים | מכונאי מוטס | מקרא מגילה | מרחב מדגם,substituted,yes,wikipedia,ממלא מקום,unreviewed,,substitution,wiki_substituted
ha-02066,מ״מ,סעיף 24 לחוק יסוד: הממשלה מסדיר את מעמדו של מ״מ שר.,ממלא מקום,מ״מ.02,ממלא מקום,weak,16,מילימטר | ממלא מקום | מכל מקום | מערכות מידע | מפקד מחלקה | מראה מקום | משתנה מקרי | מרחב מטרי | מגיד מישרים | מרחב מכפלה | מערכות מחשב | מגיד משנה | מערך המבצעים המיוחדים | מכונאי מוטס | מקרא מגילה | מרחב מדגם,substituted,yes,wikipedia,ממלא מקום,unreviewed,,substitution,wiki_substituted
ha-02067,מ״מ,"כאשר נעדר ראש הממשלה מן הארץ מזמן ממלא מקומו את ישיבות הממשלה ומנהל אותן, וכאשר נבצר מראש הממשלה זמנית למלא את תפקידו, ממלא את מקומו מ״מ ראש הממשלה.",ממלא מקום,מ״מ.02,ממלא מקום,weak,16,מילימטר | ממלא מקום | מכל מקום | מערכות מידע | מפקד מחלקה | מראה מקום | משתנה מקרי | מרחב מטרי | מגיד מישרים | מרחב מכפלה | מערכות מחשב | מגיד משנה | מערך המבצעים המיוחדים | מכונאי מוטס | מקרא מגילה | מרחב מדגם,substituted,yes,wikipedia,ממלא מקום,unreviewed,,substitution,wiki_substituted
ha-02068,מ״מ,"במהלך מלחמת חרבות ברזל, מ״מ הוביל את המאמץ הצה""לי בנושא החטופים, השבויים והנעדרים, במטרה להשיבם הביתה.",מערך המבצעים המיוחדים,מ״מ.06,מערך המבצעים המיוחדים,weak,16,מילימטר | ממלא מקום | מכל מקום | מערכות מידע | מפקד מחלקה | מראה מקום | משתנה מקרי | מרחב מטרי | מגיד מישרים | מרחב מכפלה | מערכות מחשב | מגיד משנה | מערך המבצעים המיוחדים | מכונאי מוטס | מקרא מגילה | מרחב מדגם,substituted,yes,wikipedia,מערך המבצעים המיוחדים,unreviewed,,substitution,wiki_substituted
ha-02069,מ״מ,שימש מפקד היחידה הטכנולוגית של אגף המודיעין ומפקד מ״מ.,מערך המבצעים המיוחדים,מ״מ.06,מערך המבצעים המיוחדים,weak,16,מילימטר | ממלא מקום | מכל מקום | מערכות מידע | מפקד מחלקה | מראה מקום | משתנה מקרי | מרחב מטרי | מגיד מישרים | מרחב מכפלה | מערכות מחשב | מגיד משנה | מערך המבצעים המיוחדים | מכונאי מוטס | מקרא מגילה | מרחב מדגם,substituted,yes,wikipedia,רן שחור,unreviewed,,substitution,wiki_substituted
ha-02070,מ״מ,בשנים 1989 עד 1997 שירת בתפקידים בכירים ביחידות הטכנולוגיות באגף המודיעין וכיהן כמפקד יחידה 81 ומפקד מ״מ.,מערך המבצעים המיוחדים,מ״מ.06,מערך המבצעים המיוחדים,weak,16,מילימטר | ממלא מקום | מכל מקום | מערכות מידע | מפקד מחלקה | מראה מקום | משתנה מקרי | מרחב מטרי | מגיד מישרים | מרחב מכפלה | מערכות מחשב | מגיד משנה | מערך המבצעים המיוחדים | מכונאי מוטס | מקרא מגילה | מרחב מדגם,substituted,yes,wikipedia,פנחס בוכריס,unreviewed,,substitution,wiki_substituted
ha-02071,מ״מ,"ישומי מחשב שונים במהותם מ""תוכנות מערכת"", המשמשות להפעלה ולניהול של מ״מ ורשתות, ומכלי תכנות כמו מהדרים ומקשרים, בהם משתמשים כדי לתרגם ולשלב קוד מקור וספריות של תוכנת מחשב לתוך קובצי הרצה.",מערכות מחשב,מ״מ.07,מערכות מחשב,weak,16,מילימטר | ממלא מקום | מכל מקום | מערכות מידע | מפקד מחלקה | מראה מקום | משתנה מקרי | מרחב מטרי | מגיד מישרים | מרחב מכפלה | מערכות מחשב | מגיד משנה | מערך המבצעים המיוחדים | מכונאי מוטס | מקרא מגילה | מרחב מדגם,substituted,yes,wikipedia,יישום מחשב,unreviewed,,substitution,wiki_substituted
ha-02072,מ״מ,בשנים האחרונות ניתן לראות צמיחה מאוד משמעותית בענף זה עקב ההסתמכות הגדולה של בני האדם על מ״מ.,מערכות מחשב,מ״מ.07,מערכות מחשב,weak,16,מילימטר | ממלא מקום | מכל מקום | מערכות מידע | מפקד מחלקה | מראה מקום | משתנה מקרי | מרחב מטרי | מגיד מישרים | מרחב מכפלה | מערכות מחשב | מגיד משנה | מערך המבצעים המיוחדים | מכונאי מוטס | מקרא מגילה | מרחב מדגם,substituted,yes,wikipedia,אבטחת מחשב אישי,unreviewed,,substitution,wiki_substituted
ha-02073,מ״מ,"מרכז נתונים או דאטה סנטר (data center), לעיתים מכונה גם חדר מחשב או חוות שרתים, הוא מתקן המשמש לאחסון ולהפעלה של מ״מ ורכיבים קשורים, כגון מערכות תקשורת נתונים ומערכות אחסון.",מערכות מחשב,מ״מ.07,מערכות מחשב,weak,16,מילימטר | ממלא מקום | מכל מקום | מערכות מידע | מפקד מחלקה | מראה מקום | משתנה מקרי | מרחב מטרי | מגיד מישרים | מרחב מכפלה | מערכות מחשב | מגיד משנה | מערך המבצעים המיוחדים | מכונאי מוטס | מקרא מגילה | מרחב מדגם,substituted,yes,wikipedia,מרכז נתונים,unreviewed,,substitution,wiki_substituted
ha-02074,מ״מ,"בין הנושאים הנחקרים בתחום נמנים: שיווק,התנהגות צרכנים, מימון, חשבונאות (ובתוכו שוק ההון), הנעת עובדים, ניהול משאבי אנוש, ניהול מ״מ, יזמות עסקית, חקר ביצועים ועוד.",מערכות מידע,מ״מ.08,מערכות מידע,weak,16,מילימטר | ממלא מקום | מכל מקום | מערכות מידע | מפקד מחלקה | מראה מקום | משתנה מקרי | מרחב מטרי | מגיד מישרים | מרחב מכפלה | מערכות מחשב | מגיד משנה | מערך המבצעים המיוחדים | מכונאי מוטס | מקרא מגילה | מרחב מדגם,substituted,yes,wikipedia,מנהל עסקים,unreviewed,,substitution,wiki_substituted
ha-02075,מ״מ,על מ״מ התואמות את צרכיו של המנהל המודרני ולקיים ארבע תכונות: אמינות – התאמה בין המציאות הפיזית לתמונה המשתקפת במערכת המידע.,מערכות מידע,מ״מ.08,מערכות מידע,weak,16,מילימטר | ממלא מקום | מכל מקום | מערכות מידע | מפקד מחלקה | מראה מקום | משתנה מקרי | מרחב מטרי | מגיד מישרים | מרחב מכפלה | מערכות מחשב | מגיד משנה | מערך המבצעים המיוחדים | מכונאי מוטס | מקרא מגילה | מרחב מדגם,substituted,yes,wikipedia,מערכת מידע,unreviewed,,substitution,wiki_substituted
ha-02076,מ״מ,"מ״מ ממשלתיות אמורות להיות נגישות, מאובטחות וללא אפשרות הדרה, חשיפה או חסימת משתמשים שהם אזרחים שנתוניהם במערכת או שעושים שימוש במערכת או רוצים לדווח או לעדכן על עניין או עבירה במערכת.",מערכות מידע,מ״מ.08,מערכות מידע,weak,16,מילימטר | ממלא מקום | מכל מקום | מערכות מידע | מפקד מחלקה | מראה מקום | משתנה מקרי | מרחב מטרי | מגיד מישרים | מרחב מכפלה | מערכות מחשב | מגיד משנה | מערך המבצעים המיוחדים | מכונאי מוטס | מקרא מגילה | מרחב מדגם,substituted,yes,wikipedia,מערכת מידע,unreviewed,,substitution,wiki_substituted
ha-02077,מ״מ,"עשהאל לובוצקי, מן המדבר והלבנון, הוצאת ידיעות ספרים, 2008, סיפורו של מ״מ מגדוד 51 של גולני במלחמת לבנון השנייה.",מפקד מחלקה,מ״מ.09,מפקד מחלקה,weak,16,מילימטר | ממלא מקום | מכל מקום | מערכות מידע | מפקד מחלקה | מראה מקום | משתנה מקרי | מרחב מטרי | מגיד מישרים | מרחב מכפלה | מערכות מחשב | מגיד משנה | מערך המבצעים המיוחדים | מכונאי מוטס | מקרא מגילה | מרחב מדגם,substituted,yes,wikipedia,מחלקה (צבא),unreviewed,,substitution,wiki_substituted
ha-02078,מ״מ,"סגן המפקד הוא קצין שסיים תפקיד מ״מ, ולפעמים תפקיד מנהלתי נוסף.",מפקד מחלקה,מ״מ.09,מפקד מחלקה,weak,16,מילימטר | ממלא מקום | מכל מקום | מערכות מידע | מפקד מחלקה | מראה מקום | משתנה מקרי | מרחב מטרי | מגיד מישרים | מרחב מכפלה | מערכות מחשב | מגיד משנה | מערך המבצעים המיוחדים | מכונאי מוטס | מקרא מגילה | מרחב מדגם,substituted,yes,wikipedia,פלוגה,unreviewed,,substitution,wiki_substituted
ha-02079,מ״מ,בצבא הסדיר נדיר מאוד למצוא קצין בדרגת סרן בתפקיד מ״מ.,מפקד מחלקה,מ״מ.09,מפקד מחלקה,weak,16,מילימטר | ממלא מקום | מכל מקום | מערכות מידע | מפקד מחלקה | מראה מקום | משתנה מקרי | מרחב מטרי | מגיד מישרים | מרחב מכפלה | מערכות מחשב | מגיד משנה | מערך המבצעים המיוחדים | מכונאי מוטס | מקרא מגילה | מרחב מדגם,substituted,yes,wikipedia,פלוגה,unreviewed,,substitution,wiki_substituted
ha-02080,מ״מ,"אמנם הכל מודים שאשה שלא שמעה מ״מ חייבת לקרוא לעצמה, או שיוצאת על ידי גבר או אשה אחרים, כי נידון הלכתי זה נוגע רק לשאלת צירוף נשים על ידי נשים, או יצירת מניין על ידן.",מקרא מגילה,מ״מ.10,מקרא מגילה,weak,16,מילימטר | ממלא מקום | מכל מקום | מערכות מידע | מפקד מחלקה | מראה מקום | משתנה מקרי | מרחב מטרי | מגיד מישרים | מרחב מכפלה | מערכות מחשב | מגיד משנה | מערך המבצעים המיוחדים | מכונאי מוטס | מקרא מגילה | מרחב מדגם,substituted,yes,wikipedia,מקרא מגילה,unreviewed,,substitution,wiki_substituted
ha-02081,מ״מ,"מִשְׁלֹחַ מָנוֹת היא אחת מן המצוות הנוהגות בחג פורים, בין מצוות מ״מ, משתה ושמחה ומתנות לאביונים.",מקרא מגילה,מ״מ.10,מקרא מגילה,weak,16,מילימטר | ממלא מקום | מכל מקום | מערכות מידע | מפקד מחלקה | מראה מקום | משתנה מקרי | מרחב מטרי | מגיד מישרים | מרחב מכפלה | מערכות מחשב | מגיד משנה | מערך המבצעים המיוחדים | מכונאי מוטס | מקרא מגילה | מרחב מדגם,substituted,yes,wikipedia,משלוח מנות,unreviewed,,substitution,wiki_substituted
ha-02082,מ״מ,מ״מ: קריאת מגילת אסתר בחג הפורים מתוך מגילה כשרה שנכתבה בדיו על קלף - בלילה וביום.,מקרא מגילה,מ״מ.10,מקרא מגילה,weak,16,מילימטר | ממלא מקום | מכל מקום | מערכות מידע | מפקד מחלקה | מראה מקום | משתנה מקרי | מרחב מטרי | מגיד מישרים | מרחב מכפלה | מערכות מחשב | מגיד משנה | מערך המבצעים המיוחדים | מכונאי מוטס | מקרא מגילה | מרחב מדגם,substituted,yes,wikipedia,שבע מצוות דרבנן,unreviewed,,substitution,wiki_substituted
ha-02083,מ״מ,קוֹנְקוֹרְדַּנְצְיָה היא רשימה בסדר אלפביתי של כל המילים (או המילים העיקריות) שבשימוש ביצירה מסוימת בצירוף מ״מ של כל מילה.,מראה מקום,מ״מ.14,מראה מקום,weak,16,מילימטר | ממלא מקום | מכל מקום | מערכות מידע | מפקד מחלקה | מראה מקום | משתנה מקרי | מרחב מטרי | מגיד מישרים | מרחב מכפלה | מערכות מחשב | מגיד משנה | מערך המבצעים המיוחדים | מכונאי מוטס | מקרא מגילה | מרחב מדגם,substituted,yes,wikipedia,קונקורדנציה,unreviewed,,substitution,wiki_substituted
ha-02084,מ״מ,"בטופולוגיה, מ״מ שלם הוא מ״מ בו כל סדרת קושי מתכנסת לגבול במרחב.",מרחב מטרי,מ״מ.11,מרחב מטרי,weak,16,מילימטר | ממלא מקום | מכל מקום | מערכות מידע | מפקד מחלקה | מראה מקום | משתנה מקרי | מרחב מטרי | מגיד מישרים | מרחב מכפלה | מערכות מחשב | מגיד משנה | מערך המבצעים המיוחדים | מכונאי מוטס | מקרא מגילה | מרחב מדגם,substituted,yes,wikipedia,מרחב מטרי שלם,unreviewed,,substitution,wiki_substituted
ha-02085,מ״מ,מ״מ שלם הוא קומפקטי אם ורק אם הוא חסום לחלוטין.,מרחב מטרי,מ״מ.11,מרחב מטרי,weak,16,מילימטר | ממלא מקום | מכל מקום | מערכות מידע | מפקד מחלקה | מראה מקום | משתנה מקרי | מרחב מטרי | מגיד מישרים | מרחב מכפלה | מערכות מחשב | מגיד משנה | מערך המבצעים המיוחדים | מכונאי מוטס | מקרא מגילה | מרחב מדגם,substituted,yes,wikipedia,מרחב מטרי שלם,unreviewed,,substitution,wiki_substituted
ha-02086,מ״מ,"בטופולוגיה, מ״מ היא קבוצה שמוגדרת עליה פונקציה סימטרית ואי-שלילית המפרידה נקודות והמקיימת את אי-שוויון המשולש.",מרחב מטרי,מ״מ.11,מרחב מטרי,weak,16,מילימטר | ממלא מקום | מכל מקום | מערכות מידע | מפקד מחלקה | מראה מקום | משתנה מקרי | מרחב מטרי | מגיד מישרים | מרחב מכפלה | מערכות מחשב | מגיד משנה | מערך המבצעים המיוחדים | מכונאי מוטס | מקרא מגילה | מרחב מדגם,substituted,yes,wikipedia,מרחב מטרי,unreviewed,,substitution,wiki_substituted
ha-02087,מ״מ,"באלגברה ליניארית, מ״מ פנימית הוא מרחב וקטורי, עבורו מוגדרת פעולה בינארית בין כל שני איברים במרחב, המקיימת תכונות מסוימות ומכונה מכפלה פנימית.",מרחב מכפלה,מ״מ.12,מרחב מכפלה,weak,16,מילימטר | ממלא מקום | מכל מקום | מערכות מידע | מפקד מחלקה | מראה מקום | משתנה מקרי | מרחב מטרי | מגיד מישרים | מרחב מכפלה | מערכות מחשב | מגיד משנה | מערך המבצעים המיוחדים | מכונאי מוטס | מקרא מגילה | מרחב מדגם,substituted,yes,wikipedia,מרחב מכפלה פנימית,unreviewed,,substitution,wiki_substituted
ha-02088,מ״מ,"מרחב וקטורי V {\displaystyle V} מעל השדה F {\displaystyle \mathbb {F} } , עם מכפלה פנימית ייקרא מ״מ פנימית.",מרחב מכפלה,מ״מ.12,מרחב מכפלה,weak,16,מילימטר | ממלא מקום | מכל מקום | מערכות מידע | מפקד מחלקה | מראה מקום | משתנה מקרי | מרחב מטרי | מגיד מישרים | מרחב מכפלה | מערכות מחשב | מגיד משנה | מערך המבצעים המיוחדים | מכונאי מוטס | מקרא מגילה | מרחב מדגם,substituted,yes,wikipedia,מרחב מכפלה פנימית,unreviewed,,substitution,wiki_substituted
ha-02089,מ״מ,מרחב הילברט הוא מ״מ פנימית שהוא גם מרחב מטרי שלם ביחס למטריקה לעיל המושרית מהמכפלה הפנימית.,מרחב מכפלה,מ״מ.12,מרחב מכפלה,weak,16,מילימטר | ממלא מקום | מכל מקום | מערכות מידע | מפקד מחלקה | מראה מקום | משתנה מקרי | מרחב מטרי | מגיד מישרים | מרחב מכפלה | מערכות מחשב | מגיד משנה | מערך המבצעים המיוחדים | מכונאי מוטס | מקרא מגילה | מרחב מדגם,substituted,yes,wikipedia,מרחב מכפלה פנימית,unreviewed,,substitution,wiki_substituted
ha-02090,מ״מ,"לדוגמה, התאמת צד מטבע לערך 0, וצדו השני לערך 1; גם גובהו של אדם שנבחר באקראי הוא מ״מ.",משתנה מקרי,מ״מ.13,משתנה מקרי,weak,16,מילימטר | ממלא מקום | מכל מקום | מערכות מידע | מפקד מחלקה | מראה מקום | משתנה מקרי | מרחב מטרי | מגיד מישרים | מרחב מכפלה | מערכות מחשב | מגיד משנה | מערך המבצעים המיוחדים | מכונאי מוטס | מקרא מגילה | מרחב מדגם,substituted,yes,wikipedia,משתנה מקרי,unreviewed,,substitution,wiki_substituted
ha-02091,מ״מ,"לפעמים, ובניגוד לדוגמה לעיל, תוצאות ניסוי אינן שכיחות באותה מידה, ובכל זאת התוצאה נחשבת מ״מ מפני שאין לניסוי תוצאה וודאית.",משתנה מקרי,מ״מ.13,משתנה מקרי,weak,16,מילימטר | ממלא מקום | מכל מקום | מערכות מידע | מפקד מחלקה | מראה מקום | משתנה מקרי | מרחב מטרי | מגיד מישרים | מרחב מכפלה | מערכות מחשב | מגיד משנה | מערך המבצעים המיוחדים | מכונאי מוטס | מקרא מגילה | מרחב מדגם,substituted,yes,wikipedia,משתנה מקרי,unreviewed,,substitution,wiki_substituted
ha-02092,מ״מ,"כאשר מרחב ההסתברות הוא בדיד, כל הפונקציות ממנו מדידות, ולכן כל פונקציה יכולה להיחשב מ״מ.",משתנה מקרי,מ״מ.13,משתנה מקרי,weak,16,מילימטר | ממלא מקום | מכל מקום | מערכות מידע | מפקד מחלקה | מראה מקום | משתנה מקרי | מרחב מטרי | מגיד מישרים | מרחב מכפלה | מערכות מחשב | מגיד משנה | מערך המבצעים המיוחדים | מכונאי מוטס | מקרא מגילה | מרחב מדגם,substituted,yes,wikipedia,משתנה מקרי,unreviewed,,substitution,wiki_substituted
ha-01300,טמ״מ,"ביטול עילת ה""החיים בעוולה"" שלפיה תינוק שנולד עם מום רשאי היה לתבוע את הגורם הרשלן על עצם היוולדו בבחינת ""טמ״מ"".",טוב מותי מחיי,טמ״מ.01,טוב מותי מחיי,weak,4,טוב מותי מחיי | טכנאי מערכות מחשוב | טכנאי מזרונים מתנפחים | טכנאי מערכות תקשורת נתונים מתקדמות,substituted,no,wikipedia,אליעזר ריבלין,unreviewed,,substitution,wiki_substituted
ha-01035,ה״כ,"במהלך שנות ה-20 של המאה העשרים פרסם עגנון סיפורים אחדים, שנכללו בסופו של דבר בגרסתו השלמה של ""ה״כ"", שיצאה לאור בשנת 1931.",הכנסת כלה,ה״כ.01,הכנסת כלה,weak,2,הכנסת כלה | הלכה כ',substituted,no,wikipedia,הכנסת כלה (ספר),unreviewed,,substitution,wiki_substituted
ha-01036,ה״כ,"חוקר הספרות דן לאור העיר על כך: ""אמנם, קוראי עגנון הנאמנים הכירו קרוב לוודאי את הסיפור ""ה״כ"" שפורסם בשלושה המשכים בכתב העת ""מקלט"" ב-1919.",הכנסת כלה,ה״כ.01,הכנסת כלה,weak,2,הכנסת כלה | הלכה כ',substituted,no,wikipedia,הכנסת כלה (ספר),unreviewed,,substitution,wiki_substituted
ha-01037,ה״כ,ה״כ היא מצווה ללוות את החתן והכלה לחופה ולשמחם כחלק ממצוות ואהבת לרעך כמוך.,הכנסת כלה,ה״כ.01,הכנסת כלה,weak,2,הכנסת כלה | הלכה כ',substituted,no,wikipedia,הכנסת כלה,unreviewed,,substitution,wiki_substituted
ha-02322,ס״א,מוכרי ספרים עוברים לעיתים קרובות הכשרה ואמורים להיות מסוגלים לענות לשאלות הצרכנים על ספרים ולהמליץ על ס״א.,ספרים אחרים,ס״א.01,ספרים אחרים,weak,2,ספרים אחרים | סיטרא אחרא (צד אחר),substituted,no,wikipedia,מכירת ספרים,unreviewed,,substitution,wiki_substituted
ha-02323,ס״א,"הנובלות השונות בדרך כלל קשורות לעלילה של ס״א שחיבר, כגון הערפילאים או אלנטריס.",ספרים אחרים,ס״א.01,ספרים אחרים,weak,2,ספרים אחרים | סיטרא אחרא (צד אחר),substituted,no,wikipedia,ברנדון סנדרסון,unreviewed,,substitution,wiki_substituted
ha-02324,ס״א,"הייחוס ליוחנן של ס״א בברית החדשה, כגון ""איגרת יוחנן השנייה"", ""איגרת יוחנן השלישית"" ו""ההתגלות"", הוא בגדר מסורת נוצרית ארוכת שנים, אך נתון בספק על פי חוקרים רבים.",ספרים אחרים,ס״א.01,ספרים אחרים,weak,2,ספרים אחרים | סיטרא אחרא (צד אחר),substituted,no,wikipedia,יוחנן כותב הבשורה,unreviewed,,substitution,wiki_substituted
ha-00879,ד״ה,"על פי דברי התלמוד הבבלי, ”עזרא כתב ספרו, ויחס ד״ה עד לו...",דברי הימים,ד״ה.01,דברי הימים,weak,3,דברי הימים | דיבור המתחיל | דברי הכל,substituted,yes,wikipedia,דברי הימים,unreviewed,,substitution,wiki_substituted
ha-00880,ד״ה,"לפי הסבר זה, ספר ד״ה כולו נכתב בידי עזרא הסופר.",דברי הימים,ד״ה.01,דברי הימים,weak,3,דברי הימים | דיבור המתחיל | דברי הכל,substituted,yes,wikipedia,דברי הימים,unreviewed,,substitution,wiki_substituted
ha-00881,ד״ה,"לפיו, אין לקרוא את דברי הגמרא ""עַד לו"", אלא ""עֵד לו""; ספר ד״ה הוא עדות לספר עזרא ולנכונות המסורת שבידי עזרא מחבר הספרים.",דברי הימים,ד״ה.01,דברי הימים,weak,3,דברי הימים | דיבור המתחיל | דברי הכל,substituted,yes,wikipedia,דברי הימים,unreviewed,,substitution,wiki_substituted
ha-00882,ד״ה,"כך, מדברי אביי בתלמוד הבבלי עולה שגם ביאה שלא כדרכה נחשבת כביאה לעניין קידושין: ”אמר להו אביי: עד כאן לא פליגי רבי ורבנן - אלא באחר, אבל בעל - ד״ה אם בא עליה שלא כדרכה - עשאה בעולה”.",דברי הכל,ד״ה.03,דברי הכל,weak,3,דברי הימים | דיבור המתחיל | דברי הכל,substituted,yes,wikipedia,ביאה שלא כדרכה,unreviewed,,substitution,wiki_substituted
ha-00883,ד״ה,"לאחר הביטוי ""ד״ה"" מצטט הפרשן את המילים שבהן פותח הקטע המדובר.",דיבור המתחיל,ד״ה.02,דיבור המתחיל,weak,3,דברי הימים | דיבור המתחיל | דברי הכל,substituted,yes,wikipedia,דיבור המתחיל,unreviewed,,substitution,wiki_substituted
ha-00884,ד״ה,"אם הפרשן עוסק במספר מקורות (כמו מפרשי התלמוד האחרונים), הוא פותח בשם המקור ולאחר מכן ציון ד״ה.",דיבור המתחיל,ד״ה.02,דיבור המתחיל,weak,3,דברי הימים | דיבור המתחיל | דברי הכל,substituted,yes,wikipedia,דיבור המתחיל,unreviewed,,substitution,wiki_substituted
ha-00885,ד״ה,"צורתו המקורית של המושג היא כאשר הוא מחובר למושא: ""ד״ה: ..."".",דיבור המתחיל,ד״ה.02,דיבור המתחיל,weak,3,דברי הימים | דיבור המתחיל | דברי הכל,substituted,yes,wikipedia,דיבור המתחיל,unreviewed,,substitution,wiki_substituted
ha-02006,מ״ג,"הישגיו הקנו לו מעמד של גיבור לאומי, והוא עבר לחיל האוויר המלכותי האוסטרלי (RAAF) עם הקמתו ב-1921 ועלה בסולם הדרגות עד למעמד של מ״ג.",מפקד גף,מ״ג.01,מפקד גף,weak,3,מפקד גף | מילת־גוף | מיליגרם (אלפית הגרם),substituted,no,wikipedia,הארי קובי,unreviewed,,substitution,wiki_substituted
ha-02007,מ״ג,"לאחר שהוכיח כי הוא טייס מוכשר ואגרסיבי, זכו כישורי המנהיגות של קובי להכרה, והוא קודם לדרגת מ״ג ב-14 במאי 1918, ולדרגת קפטן ב-25 במאי.",מפקד גף,מ״ג.01,מפקד גף,weak,3,מפקד גף | מילת־גוף | מיליגרם (אלפית הגרם),substituted,no,wikipedia,הארי קובי,unreviewed,,substitution,wiki_substituted
ha-02008,מ״ג,הוא שימש מ״ג מתקדם בבית הספר לטיסה והדריך את חניכי קורס הטיס הראשון והשני של חיל האוויר על מטוסי הרווארד וספיטפייר.,מפקד גף,מ״ג.01,מפקד גף,weak,3,מפקד גף | מילת־גוף | מיליגרם (אלפית הגרם),substituted,no,wikipedia,רודי אוגרטן,unreviewed,,substitution,wiki_substituted
ha-01429,י״צ,"הוא הקים את ישיבתו וחצרו בשולי שכונת בית ישראל בירושלים, כהמשך לישיבות שניהל בהונגריה, הישיבה נקראת כיום על שמו ""ישיבת בית י״צ"".",יוסף צבי,י״צ.01,יוסף צבי,weak,2,יוסף צבי | ישמרהו צורו,substituted,no,wikipedia,חסידות דושינסקי,unreviewed,,substitution,wiki_substituted
ha-01430,י״צ,מרבית החסידים מקפידים שלא להסיע עגלת ילדים בשבת כהוראת רבי י״צ דושינסקי (הראשון).,יוסף צבי,י״צ.01,יוסף צבי,weak,2,יוסף צבי | ישמרהו צורו,substituted,no,wikipedia,חסידות דושינסקי,unreviewed,,substitution,wiki_substituted
ha-01431,י״צ,"לאחר שהתייעץ עם אביו הסכים הרב י״צ קרליבך, ובשנים 1905 עד 1907 כיהן כמורה למדעי הטבע בבית הספר למל בירושלים.",יוסף צבי,י״צ.01,יוסף צבי,weak,2,יוסף צבי | ישמרהו צורו,substituted,no,wikipedia,יוסף צבי קרליבך,unreviewed,,substitution,wiki_substituted
ha-01365,יל״ש,(מבוא לספר יל״ש מהדו' וגשל - מהרב בצלאל לנדוי - נדפס בתחילת כרך ראשון על נביאים).,ילקוט שמעוני,יל״ש.01,ילקוט שמעוני,weak,2,ילקוט שמעוני | יש לשאול,substituted,yes,wikipedia,ילקוט שמעוני,unreviewed,,substitution,wiki_substituted
ha-01366,יל״ש,"יל״ש, ויצא, דורש את מוצאו של אליהו הנביא בגד: אליהו הנביא משל מי?",ילקוט שמעוני,יל״ש.01,ילקוט שמעוני,weak,2,ילקוט שמעוני | יש לשאול,substituted,yes,wikipedia,גד,unreviewed,,substitution,wiki_substituted
ha-01367,יל״ש,במדרש יל״ש פורש השם אלמודד - על שם שמדד (את) הארץ בחבלים (אלמודד מלשון מדידה).,ילקוט שמעוני,יל״ש.01,ילקוט שמעוני,weak,2,ילקוט שמעוני | יש לשאול,substituted,yes,wikipedia,אלמודד,unreviewed,,substitution,wiki_substituted
ha-01368,יל״ש,"אם היינו אומרים כך יל״ש מה חידש הכתוב, ואם לא היינו אומרים כך יל״ש מדוע לא נכתב כך.",יש לשאול,יל״ש.02,יש לשאול,weak,2,ילקוט שמעוני | יש לשאול,substituted,yes,wikipedia,יצחק קנפנטון,unreviewed,,substitution,wiki_substituted
ha-01369,יל״ש,ולאחר מכן יל״ש מה יהיה הדין במקרה ההפוך ואחרי כן לבדוק מהם הדינים היוצאים.,יש לשאול,יל״ש.02,יש לשאול,weak,2,ילקוט שמעוני | יש לשאול,substituted,yes,wikipedia,יצחק קנפנטון,unreviewed,,substitution,wiki_substituted
ha-01370,יל״ש,"התנאים נחלקו במשנה באשר למספר החקירות; תנא קמא סבור כי במסגרת ה""חקירות"" יל״ש שבע שאלות, רבי יוסי סבור כי יל״ש שלוש, ואילו לעומתם בברייתא מובאת דעה הגורסת כי יל״ש שמונה שאלות.",יש לשאול,יל״ש.02,יש לשאול,weak,2,ילקוט שמעוני | יש לשאול,substituted,yes,wikipedia,דרישה וחקירה,unreviewed,,substitution,wiki_substituted
ha-00693,ב״ק,"פירוש השם ""ב״ק"" בארמית הוא ""השער הראשון"", ומצטרפות אליה בבא מציעא (השער האמצעי) ובבא בתרא (השער האחרון), כאשר כולן יחד מרכיבות את מסכת נזיקין.",בבא קמא,ב״ק.01,בבא קמא,weak,8,בבא קמא | מסכת בבא קמא | בעל קורא | ברירת קנס | שמואל בק (רב) | שמואל בק (צייר) | בני קדושים | בוצינא (ד)קרדוניתא,substituted,yes,wikipedia,בבא קמא,unreviewed,,substitution,wiki_substituted
ha-00694,ב״ק,"המשנה הראשונה במסכת ב״ק מונה ארבעה אבות נזיקין ומכנה אותם בשמות ""שור"", ""בור"", ""מבעה"" ו""הבער"" (מספר האבות ושמותם אינם נזכרים במקרא).",בבא קמא,ב״ק.01,בבא קמא,weak,8,בבא קמא | מסכת בבא קמא | בעל קורא | ברירת קנס | שמואל בק (רב) | שמואל בק (צייר) | בני קדושים | בוצינא (ד)קרדוניתא,substituted,yes,wikipedia,ארבעה אבות נזיקין,unreviewed,,substitution,wiki_substituted
ha-00695,ב״ק,"הגמרא מסבירה במסכת ב״ק שכל דבר שניתן למכרו חשוב כ""מיטב"", כתשלום הוגן ויפה, שכן ניתן למכרו ולקבל כסף עמו ניתן לקנות הכול, וגם אם לא נמכר במקום מסוים, ניתן להובילו למקום אחר שם ימכר.",בבא קמא,ב״ק.01,בבא קמא,weak,8,בבא קמא | מסכת בבא קמא | בעל קורא | ברירת קנס | שמואל בק (רב) | שמואל בק (צייר) | בני קדושים | בוצינא (ד)קרדוניתא,substituted,yes,wikipedia,ארבעה אבות נזיקין,unreviewed,,substitution,wiki_substituted
ha-00696,ב״ק,"מצב זה הופך את פעולת הקריאה בתורה לפעולה לא פשוטה, שלא די בידיעת קריאה כדי לעשותה, ונדרשים מומחיות ואימון, שהרוכש אותם קרוי ""ב״ק"".",בעל קורא,ב״ק.02,בעל קורא,weak,8,בבא קמא | מסכת בבא קמא | בעל קורא | ברירת קנס | שמואל בק (רב) | שמואל בק (צייר) | בני קדושים | בוצינא (ד)קרדוניתא,substituted,yes,wikipedia,בעל קורא,unreviewed,,substitution,wiki_substituted
ha-00697,ב״ק,"כיום ברוב הקהילות יש ""ב״ק"", אדם השולט בטעמי המקרא, וקורא בקול בשביל ה""עולה לתורה"" הקורא בלחש עמו.",בעל קורא,ב״ק.02,בעל קורא,weak,8,בבא קמא | מסכת בבא קמא | בעל קורא | ברירת קנס | שמואל בק (רב) | שמואל בק (צייר) | בני קדושים | בוצינא (ד)קרדוניתא,substituted,yes,wikipedia,עלייה לתורה,unreviewed,,substitution,wiki_substituted
ha-00698,ב״ק,יד (או: אצבע) לקריאה בתורה היא תשמיש מצווה המשמש להצבעה על הטקסט במהלך קריאה בספר תורה על ידי ב״ק.,בעל קורא,ב״ק.02,בעל קורא,weak,8,בבא קמא | מסכת בבא קמא | בעל קורא | ברירת קנס | שמואל בק (רב) | שמואל בק (צייר) | בני קדושים | בוצינא (ד)קרדוניתא,substituted,yes,wikipedia,יד (תשמיש מצווה),unreviewed,,substitution,wiki_substituted
ha-00699,ב״ק,לרוב העבירות על חוקי העזר הן עבירות קנס או ב״ק.,ברירת קנס,ב״ק.03,ברירת קנס,weak,8,בבא קמא | מסכת בבא קמא | בעל קורא | ברירת קנס | שמואל בק (רב) | שמואל בק (צייר) | בני קדושים | בוצינא (ד)קרדוניתא,substituted,yes,wikipedia,חוק עזר,unreviewed,,substitution,wiki_substituted
ha-00700,ב״ק,"שנה אחר כך, ב-1990, הופיע עם ספי ריבלין בהצגה ""אשתי, ב״ק"", בתיאטרון בית ליסין.",ברירת קנס,ב״ק.03,ברירת קנס,weak,8,בבא קמא | מסכת בבא קמא | בעל קורא | ברירת קנס | שמואל בק (רב) | שמואל בק (צייר) | בני קדושים | בוצינא (ד)קרדוניתא,substituted,yes,wikipedia,אלי יצפאן,unreviewed,,substitution,wiki_substituted
ha-00701,ב״ק,חוק סדר הדין הפלילי (תיקון מס' 7) - בתיקון זה נוספו הוראות בנוגע לעבירות של ב״ק.,ברירת קנס,ב״ק.03,ברירת קנס,weak,8,בבא קמא | מסכת בבא קמא | בעל קורא | ברירת קנס | שמואל בק (רב) | שמואל בק (צייר) | בני קדושים | בוצינא (ד)קרדוניתא,substituted,yes,wikipedia,הכנסת השמינית,unreviewed,,substitution,wiki_substituted
ha-00702,ב״ק,"הוא אחד מאבות הנזיקין, ונכלל לפי דעה אחת כאחד מארבעת אבות הנזיקין הנמנים בתחילת ב״ק.",מסכת בבא קמא,ב״ק.04,מסכת בבא קמא,weak,8,בבא קמא | מסכת בבא קמא | בעל קורא | ברירת קנס | שמואל בק (רב) | שמואל בק (צייר) | בני קדושים | בוצינא (ד)קרדוניתא,substituted,yes,wikipedia,אדם המזיק,unreviewed,,substitution,wiki_substituted
ha-01506,כ״מ,"חלק מהחיילים העוברים טירונות זו הם בעלי ""כ״מ"", כלומר בעלי לקות גופנית שאינה מאפשרת לעבור טירונות כלל צה""לית רגילה.",כושר מוגבל,כ״מ.02,כושר מוגבל,weak,2,כל מקום | כושר מוגבל,substituted,no,wikipedia,"טירונות (צה""ל)",unreviewed,,substitution,wiki_substituted
ha-01507,כ״מ,"לעומת זאת, מבחינה גאוגרפית, ובמידה מסוימת גם מבחינה לשונית, המונח יבשה כולל כ״מ בכדור הארץ, שאינו מכוסה מים באופן רציף וטבעי (דוגמת נהר, נחל, ים ואוקיינוס).",כל מקום,כ״מ.01,כל מקום,weak,2,כל מקום | כושר מוגבל,substituted,no,wikipedia,יבשה,unreviewed,,substitution,wiki_substituted
ha-01508,כ״מ,"חפיר הוא מכשול בדמותו של חתך עמוק או תעלה מחוץ לחומות, לשערים, מבצר, טירה או כ״מ הגנתי דומה, בין שנחפר, נחצב ולעיתים שולבה בו בנייה.",כל מקום,כ״מ.01,כל מקום,weak,2,כל מקום | כושר מוגבל,substituted,no,wikipedia,חפיר,unreviewed,,substitution,wiki_substituted
ha-01509,כ״מ,"המידע לגבי כ״מ ואתר, הכולל נתונים גאוגרפיים, היסטוריים ודמוגרפיים, מועבר בדרך תמציתית, על ידי טקסט קצר ושורת סמלים ליד שם הערך.",כל מקום,כ״מ.01,כל מקום,weak,2,כל מקום | כושר מוגבל,substituted,no,wikipedia,כל מקום ואתר,unreviewed,,substitution,wiki_substituted
ha-01688,מד״ר,אנתוני גולדשטיין מד״ר וחבר בצבא דמבלדור.,מדריך ראשי,מד״ר.01,מדריך ראשי,weak,3,מדרש רבה | מדריך ראשי | משוואה דיפרנציאלית רגילה,substituted,yes,wikipedia,רייבנקלו,unreviewed,,substitution,wiki_substituted
ha-01689,מד״ר,פיקד על מערך בתחום לוחמת המידע באגף המודיעין ושימש מד״ר במכללה לביטחון לאומי.,מדריך ראשי,מד״ר.01,מדריך ראשי,weak,3,מדרש רבה | מדריך ראשי | משוואה דיפרנציאלית רגילה,substituted,yes,wikipedia,ענאן והבי,unreviewed,,substitution,wiki_substituted
ha-01690,מד״ר,בשנים 2010–2012 שימש מד״ר במכללה לביטחון לאומי.,מדריך ראשי,מד״ר.01,מדריך ראשי,weak,3,מדרש רבה | מדריך ראשי | משוואה דיפרנציאלית רגילה,substituted,yes,wikipedia,ענאן והבי,unreviewed,,substitution,wiki_substituted
ha-01691,מד״ר,"שם התואר 'רבה' שנוסף למדרש נבע מהעתקה משותפת של מדרשי אגדה על התורה באותם כתבי היד, הכוללים את מד״ר.",מדרש רבה,מד״ר.02,מדרש רבה,weak,3,מדרש רבה | מדריך ראשי | משוואה דיפרנציאלית רגילה,substituted,yes,wikipedia,במדבר רבה,unreviewed,,substitution,wiki_substituted
ha-01692,מד״ר,"מקורות נכבדים מהמדרשים הם ממקורות קדומים יותר, אך נערכו בהם שינויים כדי שיתאימו לרוח כתיבת מד״ר.",מדרש רבה,מד״ר.02,מדרש רבה,weak,3,מדרש רבה | מדריך ראשי | משוואה דיפרנציאלית רגילה,substituted,yes,wikipedia,במדבר רבה,unreviewed,,substitution,wiki_substituted
ha-01693,מד״ר,"אייזיק הירש וייס וכן חננאל מאק שיערו כי השם נוצר על מנת להבדיל את מד״ר ממדרש אחר, קדום יותר שהיה מצומצם יותר בהיקפו.",מדרש רבה,מד״ר.02,מדרש רבה,weak,3,מדרש רבה | מדריך ראשי | משוואה דיפרנציאלית רגילה,substituted,yes,wikipedia,בראשית רבה,unreviewed,,substitution,wiki_substituted
ha-01694,מד״ר,"מד״ר היא משוואה שבה הפונקציה היא פונקציה של משתנה יחיד, בניגוד למשוואה דיפרנציאלית חלקית, שבה הפונקציה היא פונקציה בכמה משתנים, והנגזרות הן נגזרות חלקיות.",משוואה דיפרנציאלית רגילה,מד״ר.03,משוואה דיפרנציאלית רגילה,weak,3,מדרש רבה | מדריך ראשי | משוואה דיפרנציאלית רגילה,substituted,yes,wikipedia,משוואה דיפרנציאלית,unreviewed,,substitution,wiki_substituted
ha-01695,מד״ר,כאשר פותרים מד״ר מסדר n {\displaystyle n} מקבלים פתרון עם n {\displaystyle n} פרמטרים (הנקרא פתרון כללי של המשוואה).,משוואה דיפרנציאלית רגילה,מד״ר.03,משוואה דיפרנציאלית רגילה,weak,3,מדרש רבה | מדריך ראשי | משוואה דיפרנציאלית רגילה,substituted,yes,wikipedia,משוואה דיפרנציאלית רגילה,unreviewed,,substitution,wiki_substituted
ha-01696,מד״ר,למערכת של מד״ר מסדר n {\displaystyle n} עם n {\displaystyle n} תנאי התחלה קוראים בעיית התחלה.,משוואה דיפרנציאלית רגילה,מד״ר.03,משוואה דיפרנציאלית רגילה,weak,3,מדרש רבה | מדריך ראשי | משוואה דיפרנציאלית רגילה,substituted,yes,wikipedia,משוואה דיפרנציאלית רגילה,unreviewed,,substitution,wiki_substituted
ha-01383,יר״א,"המן מגלם בדמותו את הערום הרשע, שאין לו תקנה וסופו מפלה ניצחת; לעומתו מגלמים מרדכי ואסתר את הערום שבעקבות אסון שניחת עליו שב בתשובה והפך יר״א.",ירא אלוהים,יר״א.01,ירא אלוהים,weak,2,ירא אלוהים | יראי אלוהים,substituted,yes,wikipedia,היעדרותו של אלוהים ממגילת אסתר,unreviewed,,substitution,wiki_substituted
ha-01384,יר״א,"""איש חכם, גדול ונבון דעת, גדול בתורה, יר״א ושומר אמונים"".",ירא אלוהים,יר״א.01,ירא אלוהים,weak,2,ירא אלוהים | יראי אלוהים,substituted,yes,wikipedia,בצלאל שטרן (מורה),unreviewed,,substitution,wiki_substituted
ha-01385,יר״א,"אם תבחר הקהילה באדם שאינו ראוי, יכול הבישוף המקומי, או קבוצת אבות מנזרים שכנים להדיח את אב המנזר ולבחור במקומו אדם יר״א.",ירא אלוהים,יר״א.01,ירא אלוהים,weak,2,ירא אלוהים | יראי אלוהים,substituted,yes,wikipedia,תקנון בנדיקטוס,unreviewed,,substitution,wiki_substituted
ha-01386,יר״א,"היו יהודים נכרים, גרים, יר״א ניתן ללמוד על המקצועות השונים וכן על בעלי התפקידים שהיו בקהילה היהודית.",יראי אלוהים,יר״א.02,יראי אלוהים,weak,2,ירא אלוהים | יראי אלוהים,substituted,yes,wikipedia,כתובת אפרודיסיאס,unreviewed,,substitution,wiki_substituted
ha-01387,יר״א,"בחלק מן הנוסחים שונו המילים ""שלח אורך ואמתך לראשיה, שריה ויועציה ותקנם בעצה טובה מלפניך"" למילים המדגישות את רצונם למנהיגים יר״א וישרים בראש המדינה.",יראי אלוהים,יר״א.02,יראי אלוהים,weak,2,ירא אלוהים | יראי אלוהים,substituted,yes,wikipedia,תפילה לשלום המדינה,unreviewed,,substitution,wiki_substituted
ha-01388,יר״א,"על פי הפירוש הקבלי לספר הזוהר, עצת יתרו למשה מפנה אותו לחכמת הפנים: ""ואתה תחזה מכל העם אנשי חיל יר״א אנשי אמת שונאי בצע ושמת עליהם שרי אלפים, שרי מאות, שרי חמישים ושרי עשרות"".",יראי אלוהים,יר״א.02,יראי אלוהים,weak,2,ירא אלוהים | יראי אלוהים,substituted,yes,wikipedia,תורת הפנים,unreviewed,,substitution,wiki_substituted
ha-01836,מל״ם,"במאגר מל״ם נמצאים למעלה מ-5,000 תמונות ומסמכים.",המרכז למורשת המודיעין,מל״ם.01,המרכז למורשת המודיעין,weak,5,"המרכז למורשת המודיעין | מוליך למחצה | המרכז (הישראלי) לחינוך מדעי | מודיעין לקראת משימה | משנה למלך, ספרו של רבי יהודה רוזאניס",substituted,yes,wikipedia,המרכז למורשת המודיעין,unreviewed,,substitution,wiki_substituted
ha-01837,מל״ם,בין השנים 2013–2021 כיהן שטאובר כיושב ראש מל״ם.,המרכז למורשת המודיעין,מל״ם.01,המרכז למורשת המודיעין,weak,5,"המרכז למורשת המודיעין | מוליך למחצה | המרכז (הישראלי) לחינוך מדעי | מודיעין לקראת משימה | משנה למלך, ספרו של רבי יהודה רוזאניס",substituted,yes,wikipedia,צבי שטאובר,unreviewed,,substitution,wiki_substituted
ha-01838,מל״ם,"על פי מל״ם, הלוויינים באמצעותם משדרת התחנה מופעלים על ידי תאגידים וחברות ערביות ומערביות בהן חברות אמריקניות ואירופיות.",המרכז למורשת המודיעין,מל״ם.01,המרכז למורשת המודיעין,weak,5,"המרכז למורשת המודיעין | מוליך למחצה | המרכז (הישראלי) לחינוך מדעי | מודיעין לקראת משימה | משנה למלך, ספרו של רבי יהודה רוזאניס",substituted,yes,wikipedia,אל-מנאר,unreviewed,,substitution,wiki_substituted
ha-01839,מל״ם,"תכונות ההולכה של מל״ם משתנות כתלות בגורמים חיצוניים כגון טמפרטורה, חשיפה לאור, וזיהומים.",מוליך למחצה,מל״ם.02,מוליך למחצה,weak,5,"המרכז למורשת המודיעין | מוליך למחצה | המרכז (הישראלי) לחינוך מדעי | מודיעין לקראת משימה | משנה למלך, ספרו של רבי יהודה רוזאניס",substituted,yes,wikipedia,מוליך למחצה,unreviewed,,substitution,wiki_substituted
ha-01840,מל״ם,הניסוי הראשון בחומר מל״ם נערך על ידי מייקל פאראדיי ב-1833.,מוליך למחצה,מל״ם.02,מוליך למחצה,weak,5,"המרכז למורשת המודיעין | מוליך למחצה | המרכז (הישראלי) לחינוך מדעי | מודיעין לקראת משימה | משנה למלך, ספרו של רבי יהודה רוזאניס",substituted,yes,wikipedia,מוליך למחצה,unreviewed,,substitution,wiki_substituted
ha-01841,מל״ם,כדי להגדיל את המוליכות החשמלית של מל״ם ניתן לאלח (לסמם) את הגביש על ידי השתלת חומר אחר בתוכו בעל מספר שונה של אלקטרוני ערכיות.,מוליך למחצה,מל״ם.02,מוליך למחצה,weak,5,"המרכז למורשת המודיעין | מוליך למחצה | המרכז (הישראלי) לחינוך מדעי | מודיעין לקראת משימה | משנה למלך, ספרו של רבי יהודה רוזאניס",substituted,yes,wikipedia,מוליך למחצה,unreviewed,,substitution,wiki_substituted
ha-03073,שת״פ,"מנהיגות ניהולית – קידום תרבות של שת״פ עמידה במדיניות ובנהלים של האוניברסיטה, הקצאת שטחים וטיפוח גיוון, שוויון והכלה.",שיתוף פעולה,שת״פ.01,שיתוף פעולה,weak,2,שיתוף פעולה | שיעור תשואה פנימי,substituted,no,wikipedia,דקאן,unreviewed,,substitution,wiki_substituted
ha-03074,שת״פ,שת״פ הוא מצב בו ישויות שונות מפיקות תועלת זו מפעולתה של זו ותלויות זו בפעולתה של זו.,שיתוף פעולה,שת״פ.01,שיתוף פעולה,weak,2,שיתוף פעולה | שיעור תשואה פנימי,substituted,no,wikipedia,שיתוף פעולה,unreviewed,,substitution,wiki_substituted
ha-03075,שת״פ,"שת״פ תקציבי – רמה זו, בניגוד לקודמותיה, גורסת כי ההון הוא רכוש הכלל, ואילו הפרטים חיים מממון מסוים שאמור לאפשר להם חיים סבירים, לפי הגדרת הקבוצה, ובהתאם לצרכיהם.",שיתוף פעולה,שת״פ.01,שיתוף פעולה,weak,2,שיתוף פעולה | שיעור תשואה פנימי,substituted,no,wikipedia,שיתוף פעולה,unreviewed,,substitution,wiki_substituted
ha-01572,ל״ל,"""ל״ל"" הוא סינגל של הזמרת הים תיכונית שרית חדד.",למה לי,ל״ל.01,למה לי,weak,2,"למה לי | לית ליה, לית לן, (ארמית-אין לו, אין לה, אין לנו)",substituted,no,wikipedia,למה לי,unreviewed,,substitution,wiki_substituted
ha-01573,ל״ל,"""ל״ל"" הוא ניסיון מובהק להצעיר את הסגנון של חדד.",למה לי,ל״ל.01,למה לי,weak,2,"למה לי | לית ליה, לית לן, (ארמית-אין לו, אין לה, אין לנו)",substituted,no,wikipedia,למה לי,unreviewed,,substitution,wiki_substituted
ha-01574,ל״ל,"""אז ל״ל פוליטיקה עכשיו"" הוא שיר שכתב והלחין שלומי ברכה וביצעה להקת הפופ רוק משינה.",למה לי,ל״ל.01,למה לי,weak,2,"למה לי | לית ליה, לית לן, (ארמית-אין לו, אין לה, אין לנו)",substituted,no,wikipedia,אז למה לי פוליטיקה עכשיו,unreviewed,,substitution,wiki_substituted
ha-01050,זא״ז,"דוגמה אופיינית לדמיון וגם להבדל מול הקהילות השמרניות יותר היא העובדה שרוב הרווקים והרווקות ב""ביצה"" גרים בדירות נפרדות, אך הם סועדים זא״ז בסעודות שבת.",זה אצל זה,זא״ז.01,זה אצל זה,weak,2,זה את זה | זה אצל זה,substituted,yes,wikipedia,הביצה הירושלמית,unreviewed,,substitution,wiki_substituted
ha-01051,זא״ז,"למשל לא לקבור שונאים זא״ז, לא להשאיר קבר ריק פתוח, ולא לבקש מאדם להיות סנדק לשני בנים באותה משפחה.",זה אצל זה,זא״ז.01,זה אצל זה,weak,2,זה את זה | זה אצל זה,substituted,yes,wikipedia,יהודה החסיד,unreviewed,,substitution,wiki_substituted
ha-01052,זא״ז,"רבים מהם היו מסוכסכים עם בני משפחותיהם, כך שהם חלקו ביניהם את החפצים המועטים שברשותם וישנו זא״ז.",זה אצל זה,זא״ז.01,זה אצל זה,weak,2,זה את זה | זה אצל זה,substituted,yes,wikipedia,רצח פרנץ פרדיננד,unreviewed,,substitution,wiki_substituted
ha-01053,זא״ז,"האינטראקציה האלקטרומגנטית הפשוטה ביותר מנוסחת על ידי חוק קולון, לפיו שני גופים טעונים חשמלית ידחו זא״ז אם סימני המטען שווים, וימשכו זא״ז אם סימני המטען הפוכים.",זה את זה,זא״ז.02,זה את זה,weak,2,זה את זה | זה אצל זה,substituted,yes,wikipedia,מטען חשמלי,unreviewed,,substitution,wiki_substituted
ha-01054,זא״ז,"צלב הוא צורה המורכבת משני קווים המאונכים זה לזה, וחוצים זא״ז.",זה את זה,זא״ז.02,זה את זה,weak,2,זה את זה | זה אצל זה,substituted,yes,wikipedia,צלב,unreviewed,,substitution,wiki_substituted
ha-01055,זא״ז,הופעת האינטרנט כפורום גלובלי לאספנים שונים הביאה לכך שחובבים בודדים רבים מצאו זא״ז.,זה את זה,זא״ז.02,זה את זה,weak,2,זה את זה | זה אצל זה,substituted,yes,wikipedia,אספנות,unreviewed,,substitution,wiki_substituted
ha-02375,עז״ה,"מנהג זה השתמר אף אצל מעט מהקהילות (לדוגמה, אצל יהודי תימן), ונקרא הלל ""בקירוי"" – כלומר: שליח הציבור קורא שבר פסוק מההלל, וכל הציבור עונים אחריו הללויה, וכן עז״ה 123 שברי פסוקים.",על זה הדרך,עז״ה.01,על זה הדרך,weak,2,על זה הדרך | על זה הכוונה,substituted,no,wikipedia,קריאת ההלל,unreviewed,,substitution,wiki_substituted
ha-02376,עז״ה,"ואפילו מה שהתיר להם, לא דברה תורה אלא כנגד יצר הרע, כמו שהתיר להם יפת תואר עז״ה.",על זה הדרך,עז״ה.01,על זה הדרך,weak,2,על זה הדרך | על זה הכוונה,substituted,no,wikipedia,ספר העיקרים,unreviewed,,substitution,wiki_substituted
ha-02377,עז״ה,כל התשובות של יורה דעה לכרך אחד וכן עז״ה.,על זה הדרך,עז״ה.01,על זה הדרך,weak,2,על זה הדרך | על זה הכוונה,substituted,no,wikipedia,רב פעלים,unreviewed,,substitution,wiki_substituted
ha-02476,ע״נ,"בשכנות לבית החולים ע״נ, מצידו השני של רחוב יפו הוקם בשנת 1901 מושב הזקנים הכללי המאוחד ובמרחק מה ממנו - לכוון מזרח הוקם בית חולים שערי צדק בשנת 1902.",עזרת נשים,ע״נ.01,עזרת נשים,weak,4,עזרת נשים | ערך נקוב | עילוי נשמה | עונת נדרים,substituted,yes,wikipedia,בית חולים הרצוג,unreviewed,,substitution,wiki_substituted
ha-02477,ע״נ,"בראשית שנות ה-90, שינה בית החולים ""ע״נ"" את שמו ל""בית חולים הרצוג"" על שם הרבנית שרה הרצוג שכיהנה כארבעים שנה כנשיאת בית החולים ותרמה לקידומו.",עזרת נשים,ע״נ.01,עזרת נשים,weak,4,עזרת נשים | ערך נקוב | עילוי נשמה | עונת נדרים,substituted,yes,wikipedia,בית חולים הרצוג,unreviewed,,substitution,wiki_substituted
ha-02478,ע״נ,"מקור השם ""ע״נ"" בעזרת הנשים שהייתה בבית המקדש, אף כי שם לא מדובר באזור המיוחד לנשים, אלא שנקרא כך על שם מרפסות שהותקנו בו לעמידת נשים בזמן שמחת בית השואבה.",עזרת נשים,ע״נ.01,עזרת נשים,weak,4,עזרת נשים | ערך נקוב | עילוי נשמה | עונת נדרים,substituted,yes,wikipedia,עזרת נשים (בית כנסת),unreviewed,,substitution,wiki_substituted
ha-02479,ע״נ,ע״נ ביהדות היא האמונה[דרוש מקור] שנשמות המתים יכולות לעלות ממקומן הנוכחי במרומים למקום גבוה ונאצל יותר.,עילוי נשמה,ע״נ.02,עילוי נשמה,weak,4,עזרת נשים | ערך נקוב | עילוי נשמה | עונת נדרים,substituted,yes,wikipedia,עילוי נשמה,unreviewed,,substitution,wiki_substituted
ha-02480,ע״נ,"לעילוי נשמת - מתנה, לימוד או מעשים טובים הנעשים על מנת להשיג ""ע״נ"" - מצב בו הנשמה מתקדמת בגן עדן או יוצאת מהגיהנום.",עילוי נשמה,ע״נ.02,עילוי נשמה,weak,4,עזרת נשים | ערך נקוב | עילוי נשמה | עונת נדרים,substituted,yes,wikipedia,נשמה,unreviewed,,substitution,wiki_substituted
ha-02481,ע״נ,"פעולות אלו מכונות במסורת היהודית בשם ""ע״נ"".",עילוי נשמה,ע״נ.02,עילוי נשמה,weak,4,עזרת נשים | ערך נקוב | עילוי נשמה | עונת נדרים,substituted,yes,wikipedia,מוות,unreviewed,,substitution,wiki_substituted
ha-02482,ע״נ,בול ללא ע״נ הוכנס לשימוש בפעם הראשונה בארצות הברית בשנת 1975 ולמחזור בישראל ב-12 בספטמבר 1982.,ערך נקוב,ע״נ.03,ערך נקוב,weak,4,עזרת נשים | ערך נקוב | עילוי נשמה | עונת נדרים,substituted,yes,wikipedia,בול דואר,unreviewed,,substitution,wiki_substituted
ha-02483,ע״נ,"בולים ללא ע״נ מונפקים בבריטניה, ישראל, סינגפור, פינלנד, בלגיה, צרפת, נורווגיה, מונקו, שוודיה וקנדה.",ערך נקוב,ע״נ.03,ערך נקוב,weak,4,עזרת נשים | ערך נקוב | עילוי נשמה | עונת נדרים,substituted,yes,wikipedia,בול דואר,unreviewed,,substitution,wiki_substituted
ha-02484,ע״נ,"בול ללא ע״נ הוא בול דואר, או דבר בולים, שאין עליו סימון מפורש המציין את ערכו לצורך משלוח דבר דואר.",ערך נקוב,ע״נ.03,ערך נקוב,weak,4,עזרת נשים | ערך נקוב | עילוי נשמה | עונת נדרים,substituted,yes,wikipedia,בול ללא ערך נקוב,unreviewed,,substitution,wiki_substituted
ha-00473,בח״ם,"לאחר שידור התוכנית, סרדוצ'קה אמרה כי הביטוי ""לָאשָׁה טוּמְבָּאי"" הוא בח״ם ונועד לשמש כחריזה למילים אחרות המופיעות בשיר.",ביטוי חסר משמעות,בח״ם.01,ביטוי חסר משמעות,weak,3,ביטוי חסר משמעות | בחבר מרכז | בחטיבת מבצעים,substituted,no,wikipedia,רוסיה באירוויזיון,unreviewed,,substitution,wiki_substituted
ha-00474,בח״ם,"מאוחר יותר, הצהיר סרדוצ'קה כי ""Lasha Tumbai"" היה בח״ם שנועד לחרוז עם מילים אחרות בשיר.",ביטוי חסר משמעות,בח״ם.01,ביטוי חסר משמעות,weak,3,ביטוי חסר משמעות | בחבר מרכז | בחטיבת מבצעים,substituted,no,wikipedia,יחסי אוקראינה–רוסיה באירוויזיון,unreviewed,,substitution,wiki_substituted
ha-01395,יש״ו,"ביהדות קיים השימוש בכינוי הגנאי ""יש״ו"", כמעין בקשה לאל על מנת שימחה כל זכר למקולל.",ימח שמו וזכרו,יש״ו.01,ימח שמו וזכרו,weak,2,ימח שמו וזכרו | יש שם ושן,substituted,no,wikipedia,Damnatio memoriae,unreviewed,,substitution,wiki_substituted
ha-01396,יש״ו,"בין היתר נכתב: ""יש״ו הממזר"", ""נוצרים לעזאזל"", ""מוות לנוצרים הכופרים אויבי ישראל"" ו""נקמת בני ישראל עוד תבוא"".",ימח שמו וזכרו,יש״ו.01,ימח שמו וזכרו,weak,2,ימח שמו וזכרו | יש שם ושן,substituted,no,wikipedia,כנסיית הדורמיציון,unreviewed,,substitution,wiki_substituted
ha-00320,א״כ,"בנוסף לאבלים, כל מי שהיה נוכח בשעת יציאת הנשמה של א״כ מישראל צריך לקרוע, אולם למעשה נוהגים להקל בכך.",אדם כשר,א״כ.01,אדם כשר,weak,11,אם כן | אם כך | ארבע כוסות | אין כסף | ארבע כנפות | אין כמוך | אדם כשר | אינו כדאי | אין כאלוקינו | אתה כוננת | אחרי כן/אחר כך,substituted,yes,wikipedia,קריעה (אבלות),unreviewed,,substitution,wiki_substituted
ha-00321,א״כ,"במקרה והאיש נחשב ל""בינוני"", כלומר א״כ הנשמר מאיסורים, אבל נכשל לעיתים בעבירות, יש לדונו לכף זכות אם המעשה נוטה לשני הצדדים, אך במעשה שנוטה לחובה אין חובה כזו.",אדם כשר,א״כ.01,אדם כשר,weak,11,אם כן | אם כך | ארבע כוסות | אין כסף | ארבע כנפות | אין כמוך | אדם כשר | אינו כדאי | אין כאלוקינו | אתה כוננת | אחרי כן/אחר כך,substituted,yes,wikipedia,חזקת כשרות,unreviewed,,substitution,wiki_substituted
ha-00322,א״כ,"על פי ההלכה א״כ יתבייש לומר שהוא רשע, ולאמירה כזו גם אם נאמרה אין משמעות, ""אין אדם משים עצמו רשע"", ואף נאסר על אדם לפרסם שהוא רשע, הדבר נחשב כחוצפה ועזות.",אדם כשר,א״כ.01,אדם כשר,weak,11,אם כן | אם כך | ארבע כוסות | אין כסף | ארבע כנפות | אין כמוך | אדם כשר | אינו כדאי | אין כאלוקינו | אתה כוננת | אחרי כן/אחר כך,substituted,yes,wikipedia,רשע (הלכה),unreviewed,,substitution,wiki_substituted
ha-00323,א״כ,לפי המנהג הנפוץ בקהילות ישראל מימרה זו נאמרת מידי בוקר בסיום הפרק א״כ שבסוף תפילת שחרית (לאחר נוסח פיטום הקטורת).,אין כאלוקינו,א״כ.10,אין כאלוקינו,weak,11,אם כן | אם כך | ארבע כוסות | אין כסף | ארבע כנפות | אין כמוך | אדם כשר | אינו כדאי | אין כאלוקינו | אתה כוננת | אחרי כן/אחר כך,substituted,yes,wikipedia,תלמידי חכמים מרבים שלום בעולם,unreviewed,,substitution,wiki_substituted
ha-00324,א״כ,"מתרגמים את קטע התפילה ""א״כ"" בשפת הלדינו ובמנגינה ספרדית ייחודית.",אין כאלוקינו,א״כ.10,אין כאלוקינו,weak,11,אם כן | אם כך | ארבע כוסות | אין כסף | ארבע כנפות | אין כמוך | אדם כשר | אינו כדאי | אין כאלוקינו | אתה כוננת | אחרי כן/אחר כך,substituted,yes,wikipedia,צלאת אל פאסיין,unreviewed,,substitution,wiki_substituted
ha-00325,א״כ,"קודם להוצאת הספר נאמרים בהרבה קהילות פסוקים מיוחדים, כגון בנוסח ספרד ""אתה הראת"", ובנוסח אשכנז המזרחי ""א״כ"", הפיסקה ""ויהי בנסוע הארון"" ובריך שמיה (אפילו בקצת קהילות שלא אומרים אותה ביום חול).",אין כמוך,א״כ.02,אין כמוך,weak,11,אם כן | אם כך | ארבע כוסות | אין כסף | ארבע כנפות | אין כמוך | אדם כשר | אינו כדאי | אין כאלוקינו | אתה כוננת | אחרי כן/אחר כך,substituted,yes,wikipedia,תפילת שחרית של שבת,unreviewed,,substitution,wiki_substituted
ha-00326,א״כ,"לאלבומו של משה פרץ זיקוקים, שיצא בסוף 2011 עיבד מספר שירים, שהבולט מביניהם היה ""א״כ"".",אין כמוך,א״כ.02,אין כמוך,weak,11,אם כן | אם כך | ארבע כוסות | אין כסף | ארבע כנפות | אין כמוך | אדם כשר | אינו כדאי | אין כאלוקינו | אתה כוננת | אחרי כן/אחר כך,substituted,yes,wikipedia,יעקב למאי,unreviewed,,substitution,wiki_substituted
ha-00327,א״כ,"פעיל הימין הרדיקלי מיכאל בן חורין הועמד לדין על שאמר בהילולה לזכר גולדשטיין: ""ברוך גולדשטיין א״כ בעולם, ברוך גולדשטיין הוא אדם צדיק, יסוד עולם, יחיד במינו"".",אין כמוך,א״כ.02,אין כמוך,weak,11,אם כן | אם כך | ארבע כוסות | אין כסף | ארבע כנפות | אין כמוך | אדם כשר | אינו כדאי | אין כאלוקינו | אתה כוננת | אחרי כן/אחר כך,substituted,yes,wikipedia,ברוך גולדשטיין,unreviewed,,substitution,wiki_substituted
ha-00328,א״כ,אם לאדם א״כ לנר חנוכה חובה עליו למכור את כסותו על מנת להדליק נר חנוכה.,אין כסף,א״כ.03,אין כסף,weak,11,אם כן | אם כך | ארבע כוסות | אין כסף | ארבע כנפות | אין כמוך | אדם כשר | אינו כדאי | אין כאלוקינו | אתה כוננת | אחרי כן/אחר כך,substituted,yes,wikipedia,פרדוקס,unreviewed,,substitution,wiki_substituted
ha-00329,א״כ,אם לאדם א״כ לנר שבת הוא אינו חייב למכור כסותו לנר שבת.,אין כסף,א״כ.03,אין כסף,weak,11,אם כן | אם כך | ארבע כוסות | אין כסף | ארבע כנפות | אין כמוך | אדם כשר | אינו כדאי | אין כאלוקינו | אתה כוננת | אחרי כן/אחר כך,substituted,yes,wikipedia,פרדוקס,unreviewed,,substitution,wiki_substituted
ha-00330,א״כ,"כך למשל, המקבילה לאריית האהבה הגדולה באופרה המסורתית מושרת לזונה, שכאשר היא מבינה של""אהובה"" א״כ, היא מפנה לו עורף והשירה הסנטימנטלית הופכת לנלעגת במיוחד.",אין כסף,א״כ.03,אין כסף,weak,11,אם כן | אם כך | ארבע כוסות | אין כסף | ארבע כנפות | אין כמוך | אדם כשר | אינו כדאי | אין כאלוקינו | אתה כוננת | אחרי כן/אחר כך,substituted,yes,wikipedia,עלייתה ונפילתה של העיר מהגוני,unreviewed,,substitution,wiki_substituted
ha-00331,א״כ,"חברות תעופה שחלק ניכר מפעולתן הוא בהפעלת טיסות פנים, אינן יכולות לקיים קווי טיסה ישירים בין כל יעדיהן, שכן הדבר א״כ מבחינה כלכלית ותפעולית.",אינו כדאי,א״כ.04,אינו כדאי,weak,11,אם כן | אם כך | ארבע כוסות | אין כסף | ארבע כנפות | אין כמוך | אדם כשר | אינו כדאי | אין כאלוקינו | אתה כוננת | אחרי כן/אחר כך,substituted,yes,wikipedia,בסיס פעולה מרכזי,unreviewed,,substitution,wiki_substituted
ha-00332,א״כ,"לאחר הבחירות לכנסת החמש עשרה לא נערכו עוד עימותים למשך זמן רב, מפני שהתקבעה ההערכה כי עימות א״כ למועמד המוביל בסקרים, שיכול רק להינזק ממנו.",אינו כדאי,א״כ.04,אינו כדאי,weak,11,אם כן | אם כך | ארבע כוסות | אין כסף | ארבע כנפות | אין כמוך | אדם כשר | אינו כדאי | אין כאלוקינו | אתה כוננת | אחרי כן/אחר כך,substituted,yes,wikipedia,עימות בחירות,unreviewed,,substitution,wiki_substituted
ha-00333,א״כ,"המשך ייצור מעבר לנקודה בה העלות השולית שווה למחיר, משמעותו שהעלות לייצר יחידת מוצר נוספת גדולה מהתמורה שתתקבל עבורה, ועל-כן ייצורה א״כ ויפחית את סך הרווח של היצרן.",אינו כדאי,א״כ.04,אינו כדאי,weak,11,אם כן | אם כך | ארבע כוסות | אין כסף | ארבע כנפות | אין כמוך | אדם כשר | אינו כדאי | אין כאלוקינו | אתה כוננת | אחרי כן/אחר כך,substituted,yes,wikipedia,עלות שולית,unreviewed,,substitution,wiki_substituted
ha-00334,א״כ,"א״כ, הממוצע החשבוני של מספרים אלו הוא 6.",אם כך,א״כ.05,אם כך,weak,11,אם כן | אם כך | ארבע כוסות | אין כסף | ארבע כנפות | אין כמוך | אדם כשר | אינו כדאי | אין כאלוקינו | אתה כוננת | אחרי כן/אחר כך,substituted,yes,wikipedia,ממוצע,unreviewed,,substitution,wiki_substituted
ha-00335,א״כ,"א״כ, במרחבים מטריים מושג הקבוצה הפתוחה מוגדר על פי המטריקה, שהרי זו קובעת את הכדורים.",אם כך,א״כ.05,אם כך,weak,11,אם כן | אם כך | ארבע כוסות | אין כסף | ארבע כנפות | אין כמוך | אדם כשר | אינו כדאי | אין כאלוקינו | אתה כוננת | אחרי כן/אחר כך,substituted,yes,wikipedia,קבוצה פתוחה,unreviewed,,substitution,wiki_substituted
ha-00336,א״כ,"תחום ניהול משאבי האנוש שואף, א״כ, למצוא את ההתייחסות המתאימה ביותר לכוח האדם בארגון, על מנת שהארגון יוכל להפיק מהם את התועלת המרבית ולקדם את האינטרסים שלו בצורה הטובה ביותר.",אם כך,א״כ.05,אם כך,weak,11,אם כן | אם כך | ארבע כוסות | אין כסף | ארבע כנפות | אין כמוך | אדם כשר | אינו כדאי | אין כאלוקינו | אתה כוננת | אחרי כן/אחר כך,substituted,yes,wikipedia,ניהול משאבי אנוש,unreviewed,,substitution,wiki_substituted
ha-00337,א״כ,"המבקר חייב א״כ להיות מקצועי, כדי לאפשר מסנן עבור הצופים.",אם כן,א״כ.06,אם כן,weak,11,אם כן | אם כך | ארבע כוסות | אין כסף | ארבע כנפות | אין כמוך | אדם כשר | אינו כדאי | אין כאלוקינו | אתה כוננת | אחרי כן/אחר כך,substituted,yes,wikipedia,מבקר אמנות,unreviewed,,substitution,wiki_substituted
ha-00338,א״כ,"הזואולוגיה, א״כ, משתמשת, או כוללת בתוכה, תחומים רבים אחרים בביולוגיה, כגון אנטומיה, פיזיולוגיה, אבולוציה ואקולוגיה.",אם כן,א״כ.06,אם כן,weak,11,אם כן | אם כך | ארבע כוסות | אין כסף | ארבע כנפות | אין כמוך | אדם כשר | אינו כדאי | אין כאלוקינו | אתה כוננת | אחרי כן/אחר כך,substituted,yes,wikipedia,זואולוגיה,unreviewed,,substitution,wiki_substituted
ha-00339,א״כ,הם גם נחשבו לחסרי חן אלא א״כ רבים מהם אוגדו בספר אחד בעל סיפור מסגרת (כגון סיפורי אלף לילה ולילה).,אם כן,א״כ.06,אם כן,weak,11,אם כן | אם כך | ארבע כוסות | אין כסף | ארבע כנפות | אין כמוך | אדם כשר | אינו כדאי | אין כאלוקינו | אתה כוננת | אחרי כן/אחר כך,substituted,yes,wikipedia,סיפור קצר,unreviewed,,substitution,wiki_substituted
ha-00340,א״כ,"בגמרא (נדרים מט, ב) מסופר על רבי יהודה שהיה שותה א״כ ולאחר מכן נאלץ לחבוש את ראשו בשל כאבים ""מפסח ועד עצרת"" - כלומר במשך שבעה שבועות.",ארבע כוסות,א״כ.07,ארבע כוסות,weak,11,אם כן | אם כך | ארבע כוסות | אין כסף | ארבע כנפות | אין כמוך | אדם כשר | אינו כדאי | אין כאלוקינו | אתה כוננת | אחרי כן/אחר כך,substituted,yes,wikipedia,ארבע כוסות,unreviewed,,substitution,wiki_substituted
ha-00341,א״כ,"אולם, המשנה ברורה פסק שאינו חייב לשתות א״כ אם ייפול למשכב מזה, אלא שאם השתייה תגרום לכאבי ראש וכדומה מחויב הוא לשתות.",ארבע כוסות,א״כ.07,ארבע כוסות,weak,11,אם כן | אם כך | ארבע כוסות | אין כסף | ארבע כנפות | אין כמוך | אדם כשר | אינו כדאי | אין כאלוקינו | אתה כוננת | אחרי כן/אחר כך,substituted,yes,wikipedia,ארבע כוסות,unreviewed,,substitution,wiki_substituted
ha-00342,א״כ,"ובדיעבד אם שתה אותו בזמן של שיעור 'אכילת פרס', יצא ידי חובה, שהואיל ודין א״כ מדברי חכמים הלכה כדברי המיקל.",ארבע כוסות,א״כ.07,ארבע כוסות,weak,11,אם כן | אם כך | ארבע כוסות | אין כסף | ארבע כנפות | אין כמוך | אדם כשר | אינו כדאי | אין כאלוקינו | אתה כוננת | אחרי כן/אחר כך,substituted,yes,wikipedia,הלכות ליל הסדר,unreviewed,,substitution,wiki_substituted
ha-00343,א״כ,"מילוי המקטרת לווה בתפילה אל א״כ תבל, השמיים והארץ.",ארבע כנפות,א״כ.08,ארבע כנפות,weak,11,אם כן | אם כך | ארבע כוסות | אין כסף | ארבע כנפות | אין כמוך | אדם כשר | אינו כדאי | אין כאלוקינו | אתה כוננת | אחרי כן/אחר כך,substituted,yes,wikipedia,מקטרת שלום,unreviewed,,substitution,wiki_substituted
ha-00344,א״כ,"כמו כן הוציא לאור את השבועון החינמי ""א״כ"" המיועד למגזר החרדי, שעסק בפוליטיקה ארצית ופוליטיקה חרדית פנימית, והשבועון החינמי ""Shofar News"" המיועד למגזר החילוני.",ארבע כנפות,א״כ.08,ארבע כנפות,weak,11,אם כן | אם כך | ארבע כוסות | אין כסף | ארבע כנפות | אין כמוך | אדם כשר | אינו כדאי | אין כאלוקינו | אתה כוננת | אחרי כן/אחר כך,substituted,yes,wikipedia,שופר (ארגון),unreviewed,,substitution,wiki_substituted
ha-00345,א״כ,לדעת חלק מהפוסקים חייב בציצית מכיוון שיש לו א״כ.,ארבע כנפות,א״כ.08,ארבע כנפות,weak,11,אם כן | אם כך | ארבע כוסות | אין כסף | ארבע כנפות | אין כמוך | אדם כשר | אינו כדאי | אין כאלוקינו | אתה כוננת | אחרי כן/אחר כך,substituted,yes,wikipedia,פראק,unreviewed,,substitution,wiki_substituted
ha-00346,א״כ,קְטרֶת שָׂם בֵּינֵימו וְעִשֵּׁן וְיָצָא.” בעוד בסדר א״כ כתב ”זֵרֵז עַצְמו וְנִכְנַס לַקֹדֶשׁ וְהִנִּיחַ מַחְתָּה בֵּין־בַּדֵּי הָאָרון.,אתה כוננת,א״כ.09,אתה כוננת,weak,11,אם כן | אם כך | ארבע כוסות | אין כסף | ארבע כנפות | אין כמוך | אדם כשר | אינו כדאי | אין כאלוקינו | אתה כוננת | אחרי כן/אחר כך,substituted,yes,wikipedia,אמירת סדר העבודה,unreviewed,,substitution,wiki_substituted
ha-00347,א״כ,"דוגמה חריגה לפיוט ארץ ישראלי במחזור ספרד הוא סדר העבודה ליום הכיפורים ""א״כ עולם מראש"".",אתה כוננת,א״כ.09,אתה כוננת,weak,11,אם כן | אם כך | ארבע כוסות | אין כסף | ארבע כנפות | אין כמוך | אדם כשר | אינו כדאי | אין כאלוקינו | אתה כוננת | אחרי כן/אחר כך,substituted,yes,wikipedia,נוסח הספרדים,unreviewed,,substitution,wiki_substituted
ha-00348,א״כ,"החריג היחיד הוא שהרבה חסידים קבלו את סדר העבודה במוסף של יום הכיפורים א״כ עולם מראש במקום אמיץ כח, ובהרבה מחזורי נוסח ספרד הדפיסו את שני הנוסחאות.",אתה כוננת,א״כ.09,אתה כוננת,weak,11,אם כן | אם כך | ארבע כוסות | אין כסף | ארבע כנפות | אין כמוך | אדם כשר | אינו כדאי | אין כאלוקינו | אתה כוננת | אחרי כן/אחר כך,substituted,yes,wikipedia,נוסח ספרד,unreviewed,,substitution,wiki_substituted
ha-02022,מ״ח,"עם הזמן הורחבה גם משמעות המונח ""ביולוגיה"", עד כדי חפיפה חלקית או מלאה עם ""מ״ח"", אך עד היום מועדף השם ""מ״ח"" כשמו של התחום האקדמי באוניברסיטאות רבות בארצות הברית ובאנגליה.",מדעי החיים,מ״ח.01,מדעי החיים,weak,4,מדעי החיים | משפט חוזר | מועצת חכמים | מילת חיבור,substituted,yes,wikipedia,מדעי החיים,unreviewed,,substitution,wiki_substituted
ha-02023,מ״ח,"PubMed הוא מאגר מידע ביבליוגרפי העוסק בתחומי מ״ח, מדעי הרפואה והמקצועות הפרא-רפואיים.",מדעי החיים,מ״ח.01,מדעי החיים,weak,4,מדעי החיים | משפט חוזר | מועצת חכמים | מילת חיבור,substituted,yes,wikipedia,PubMed,unreviewed,,substitution,wiki_substituted
ha-02024,מ״ח,"פרס רוטשילד הוא פרס שמעניקה יד הנדיב מאז שנת 1959 בעשרה תחומים: הנדסה, מדעי המחשב, מתמטיקה, מ״ח, מדעי הסביבה, מדעי הכימיה, מדעי הפיזיקה, מדעי החברה, מדעי הרוח, ומדעי היהדות.",מדעי החיים,מ״ח.01,מדעי החיים,weak,4,מדעי החיים | משפט חוזר | מועצת חכמים | מילת חיבור,substituted,yes,wikipedia,פרס רוטשילד,unreviewed,,substitution,wiki_substituted
ha-02025,מ״ח,"בעקבות כך ליבושה מכנסת מ״ח, ומכריזה שתינשא לגבר שאליו יביא אותה הסוס שלה.",מועצת חכמים,מ״ח.02,מועצת חכמים,weak,4,מדעי החיים | משפט חוזר | מועצת חכמים | מילת חיבור,substituted,yes,wikipedia,ליבושה,unreviewed,,substitution,wiki_substituted
ha-02026,מ״ח,"שמיר מכנה זאת ""האימפריאליזם של החוק"" – אימפריאליזם החולש על רבים מתחומי החיים ועל פיה תפקידו של השופט לקבוע, באמצעות תבונתו, מה ראוי ומה נורמלי, דבר הנמשל בעיני שמיר לפעילות מ״ח.",מועצת חכמים,מ״ח.02,מועצת חכמים,weak,4,מדעי החיים | משפט חוזר | מועצת חכמים | מילת חיבור,substituted,yes,wikipedia,הציבור הנאור,unreviewed,,substitution,wiki_substituted
ha-02027,מ״ח,"על-פי שמיר, מ״ח של ברק מושלת בכיפה באמצעות המצאת המונח ""הציבור הנאור"", שאינו אלא מטפורה ל""ערכי היסוד"" שקובע השופט.",מועצת חכמים,מ״ח.02,מועצת חכמים,weak,4,מדעי החיים | משפט חוזר | מועצת חכמים | מילת חיבור,substituted,yes,wikipedia,הציבור הנאור,unreviewed,,substitution,wiki_substituted
ha-02028,מ״ח,"המילים הן חלקי דיבר שונים, כגון 'אולם' = אבל, מ״ח/ 'אולם' =טרקלין, שם עצם.",מילת חיבור,מ״ח.04,מילת חיבור,weak,4,מדעי החיים | משפט חוזר | מועצת חכמים | מילת חיבור,substituted,yes,wikipedia,הומונימיה,unreviewed,,substitution,wiki_substituted
ha-02029,מ״ח,"במדינת ישראל, מ״ח הוא הליך משפטי הקבוע בסעיף 31 לחוק בתי המשפט, ואשר מאפשר לבית המשפט העליון להורות על קיומו של מ״ח בעניין פלילי שכבר נפסק בו סופית.",משפט חוזר,מ״ח.03,משפט חוזר,weak,4,מדעי החיים | משפט חוזר | מועצת חכמים | מילת חיבור,substituted,yes,wikipedia,משפט חוזר,unreviewed,,substitution,wiki_substituted
ha-02030,מ״ח,מקום המדינה ועד 2025 ביטל בית המשפט העליון הרשעות לאחר תום המשפט והורה על קיום מ״ח בכ-35 מקרים בסך הכול.,משפט חוזר,מ״ח.03,משפט חוזר,weak,4,מדעי החיים | משפט חוזר | מועצת חכמים | מילת חיבור,substituted,yes,wikipedia,משפט חוזר,unreviewed,,substitution,wiki_substituted
ha-02031,מ״ח,"עד התיקון האמור לחוק, הורה בית המשפט העליון על עריכת מ״ח בשלושה מקרים בלבד.",משפט חוזר,מ״ח.03,משפט חוזר,weak,4,מדעי החיים | משפט חוזר | מועצת חכמים | מילת חיבור,substituted,yes,wikipedia,משפט חוזר,unreviewed,,substitution,wiki_substituted
ha-00042,אב״ש,הגבר רוצה להיות אב ומבקש את עזרת אב״ש ומכאן שם הסרט.,אבינו שבשמיים,אב״ש.01,אבינו שבשמיים,weak,2,אבינו שבשמיים | אבן שושן (המילונאי הנודע),substituted,no,wikipedia,אבינו (סרט),unreviewed,,substitution,wiki_substituted
ha-00043,אב״ש,"תפילת יהי רצון מלפני אב״ש, היא קטע תפילה שנאמר ברוב קהילות אשכנז בימי שני וחמישי לאחר הקריאה בתורה קודם הכנסת ספר התורה לארון הקודש, ובקהילות הספרדים בעת ברכת החודש.",אבינו שבשמיים,אב״ש.01,אבינו שבשמיים,weak,2,אבינו שבשמיים | אבן שושן (המילונאי הנודע),substituted,no,wikipedia,יהי רצון מלפני אבינו שבשמיים,unreviewed,,substitution,wiki_substituted
ha-00044,אב״ש,"בכותל המזרח נקבעו לוחות עץ, המזכירים ארון קודש עליהם חרוטים עשרת הדיברות ותפילת האדון (""אב״ש"") בעברית.",אבינו שבשמיים,אב״ש.01,אבינו שבשמיים,weak,2,אבינו שבשמיים | אבן שושן (המילונאי הנודע),substituted,no,wikipedia,כנסיית המשיח,unreviewed,,substitution,wiki_substituted
ha-03019,שב״י,"שב״י הם השבטים שעל פי המקרא הרכיבו את עם ישראל הקדום, ונחשבים לפי המסורת לאבותיהם של היהודים של ימינו.",שבטי ישראל,שב״י.01,שבטי ישראל,weak,2,שבטי ישראל | שבטי יה,substituted,no,wikipedia,שבטי ישראל,unreviewed,,substitution,wiki_substituted
ha-03020,שב״י,"ליעקב נולדו שנים עשר בנים, שמהם יצאו שנים עשר שב״י.",שבטי ישראל,שב״י.01,שבטי ישראל,weak,2,שבטי ישראל | שבטי יה,substituted,no,wikipedia,שבטי ישראל,unreviewed,,substitution,wiki_substituted
ha-03021,שב״י,"עשרת השבטים הם חלק משנים עשר שב״י, אשר לפי המסורת המקראית הוגלו לאחר כיבוש ממלכת ישראל בידי אשור ומאז לא נודע גורלם.",שבטי ישראל,שב״י.01,שבטי ישראל,weak,2,שבטי ישראל | שבטי יה,substituted,no,wikipedia,עשרת השבטים,unreviewed,,substitution,wiki_substituted
ha-01918,מע״ת,"בשנת 1997 הורשע בגין העברת כספים שלא כדין, ונגזרו עליו 12 חודשי מע״ת וקנס.",מאסר על תנאי,מע״ת.01,מאסר על תנאי,weak,2,מאסר על תנאי | מועצת תלמידים,substituted,yes,wikipedia,רפאל פנחסי,unreviewed,,substitution,wiki_substituted
ha-01919,מע״ת,"עופר נמרודי נדון, בעסקת טיעון, לשמונה חודשי מאסר בפועל ועשרה חודשי מע״ת, ורפי פרידן נדון לארבע שנות מאסר, וכן שנתיים מע״ת בגין עבירות מסוימות ושנה מע״ת בגין עבירות אחרות.",מאסר על תנאי,מע״ת.01,מאסר על תנאי,weak,2,מאסר על תנאי | מועצת תלמידים,substituted,yes,wikipedia,פרשות נמרודי,unreviewed,,substitution,wiki_substituted
ha-01920,מע״ת,"ב-2009 הורשע בעבירות של גנבה, קבלת דבר במרמה בנסיבות מחמירות, מרמה והפרת אמונים בתאגיד, הלבנת הון ורישום כוזב במסמכי תאגיד, ונידון לחמש שנים וחמישה חודשים של מאסר בפועל, שנה מע״ת וקנס כבד.",מאסר על תנאי,מע״ת.01,מאסר על תנאי,weak,2,מאסר על תנאי | מועצת תלמידים,substituted,yes,wikipedia,אברהם הירשזון,unreviewed,,substitution,wiki_substituted
ha-01921,מע״ת,"מע״ת היא קבוצת תלמידים במוסד חינוכי או לימודי, הלוקחת חלק בניהולו של המוסד.",מועצת תלמידים,מע״ת.02,מועצת תלמידים,weak,2,מאסר על תנאי | מועצת תלמידים,substituted,yes,wikipedia,מועצת תלמידים,unreviewed,,substitution,wiki_substituted
ha-01922,מע״ת,"עדות נוספת על מעין ""מע״ת"" שהוענקו לה תחומי אחריות וסמכויות, קיימת על המוסד שייסד טרוצנדורף, בגרמניה.",מועצת תלמידים,מע״ת.02,מועצת תלמידים,weak,2,מאסר על תנאי | מועצת תלמידים,substituted,yes,wikipedia,מועצת תלמידים,unreviewed,,substitution,wiki_substituted
ha-01923,מע״ת,"כמו כן, חוק זה מציין שהוא רואה בעין יפה הקמת מע״ת בכל מוסד חינוך.",מועצת תלמידים,מע״ת.02,מועצת תלמידים,weak,2,מאסר על תנאי | מועצת תלמידים,substituted,yes,wikipedia,מועצת התלמידים והנוער הארצית,unreviewed,,substitution,wiki_substituted
ha-00007,אא״ע,"ממייסדות הארגון ויושבת ראש אא״ע בחיפה, הייתה חנה חושי אשתו של ראש עיריית חיפה, אבא חושי.",ארגון אמהות עובדות,אא״ע.01,ארגון אמהות עובדות,weak,2,ארגון אמהות עובדות | אחראי איכות ענפי,substituted,no,wikipedia,נעמת,unreviewed,,substitution,wiki_substituted
ha-00008,אא״ע,"חנה חושי (מונטג; 23 בינואר 1903 – 20 ביולי 1973) הייתה פעילה בארגוני פועלים בחיפה, מייסדת ויושבת ראש אא״ע בחיפה, אשתו של אבא חושי.",ארגון אמהות עובדות,אא״ע.01,ארגון אמהות עובדות,weak,2,ארגון אמהות עובדות | אחראי איכות ענפי,substituted,no,wikipedia,חנה חושי,unreviewed,,substitution,wiki_substituted
ha-00009,אא״ע,"לאורך השנים, הקים אא״ע ברחבי חיפה, בטירת כרמל ובדלית אל-כרמל למעלה מ-40 מעונות יום, מוסדות הכשרה מקצועית ופנימיות נוער, שבהם למדו למעלה מ-5,100 ילדים בכל שנה ושנה.",ארגון אמהות עובדות,אא״ע.01,ארגון אמהות עובדות,weak,2,ארגון אמהות עובדות | אחראי איכות ענפי,substituted,no,wikipedia,חנה חושי,unreviewed,,substitution,wiki_substituted
ha-01584,ל״ש,"כאשר עצם כלשהו הוא איבר בקבוצה נאמר שהוא שייך לקבוצה, על כל עצם אחר נאמר שהוא ל״ש לקבוצה זו.",לא שייך,ל״ש.01,לא שייך,weak,4,לירה שטרלינג | לא שייך | לא שמיה (=לא נקרא/נחשב) | לא שנא/שנו,substituted,yes,wikipedia,קבוצה (מתמטיקה),unreviewed,,substitution,wiki_substituted
ha-01585,ל״ש,"על אף שהסרט מסווג בהתאם למוסכמות כסרט תיעודי, לנצמן עצמו ל״ש אותו לז'אנר זה, משום שבניגוד לסרטים תיעודיים אחרים, הסרט הזה אינו מתעד מצבים היסטוריים שקרו בעבר.",לא שייך,ל״ש.01,לא שייך,weak,4,לירה שטרלינג | לא שייך | לא שמיה (=לא נקרא/נחשב) | לא שנא/שנו,substituted,yes,wikipedia,שואה (סרט),unreviewed,,substitution,wiki_substituted
ha-01586,ל״ש,למרות השם בבון הוא ל״ש לסוג זה וקיימת מחלוקת על קרבתו למיני הבבון.,לא שייך,ל״ש.01,לא שייך,weak,4,לירה שטרלינג | לא שייך | לא שמיה (=לא נקרא/נחשב) | לא שנא/שנו,substituted,yes,wikipedia,בבון זנוב,unreviewed,,substitution,wiki_substituted
ha-01587,ל״ש,"עד אמצע שנות ה-50 של המאה ה-20 היה המטבע הקטן ביותר רבע פני, כלומר 1/960 ל״ש, והוא כונה פרד'ינג (Farthing‌).",לירה שטרלינג,ל״ש.02,לירה שטרלינג,weak,4,לירה שטרלינג | לא שייך | לא שמיה (=לא נקרא/נחשב) | לא שנא/שנו,substituted,yes,wikipedia,לירה שטרלינג,unreviewed,,substitution,wiki_substituted
ha-01588,ל״ש,"כדי להקל על ההמרה, הונהג גם מטבע של חצי פני חדש (1/200 של ל״ש), אף על פי שכבר באותה עת היה ברור שמטבע חצי-פני חדש לא יאריך ימים בגלל ערכו הנמוך.",לירה שטרלינג,ל״ש.02,לירה שטרלינג,weak,4,לירה שטרלינג | לא שייך | לא שמיה (=לא נקרא/נחשב) | לא שנא/שנו,substituted,yes,wikipedia,לירה שטרלינג,unreviewed,,substitution,wiki_substituted
ha-01589,ל״ש,ל״ש של איי פוקלנד הוא המטבע הרשמי של איי פוקלנד.,לירה שטרלינג,ל״ש.02,לירה שטרלינג,weak,4,לירה שטרלינג | לא שייך | לא שמיה (=לא נקרא/נחשב) | לא שנא/שנו,substituted,yes,wikipedia,לירה שטרלינג של איי פוקלנד,unreviewed,,substitution,wiki_substituted
ha-00027,אב״י,לרוב חצאי הקשת מתחברים במרכזו של הכתר אל המונד - גלובוס מוזהב או עשוי אב״י שנמצא בחלקו העליון של הכתר (מעליו נמצא לרוב צלב).,אבן יקרה,אב״י.02,אבן יקרה,weak,2,אליעזר בן־יהודה | אבן יקרה,substituted,yes,wikipedia,חצי קשת,unreviewed,,substitution,wiki_substituted
ha-00028,אב״י,העלילה היא על סופרת רומנים רומנטיים שנוסעת לדרום אמריקה לחפש את אחותה שנחטפה בעקבות אוצר של אב״י ולהצילה.,אבן יקרה,אב״י.02,אבן יקרה,weak,2,אליעזר בן־יהודה | אבן יקרה,substituted,yes,wikipedia,בעקבות האוצר הרומנטי,unreviewed,,substitution,wiki_substituted
ha-00029,אב״י,אחותה איליין (מרי אלן טריינור) מתקשרת אליה בדחיפות מקרטחנה בקולומביה ומודיעה לה כי בעלה אדוארד שחקר אוצר של אב״י נרצח וכי היא נחטפה בידי שני אנשים שדורשים לקבל את המפה שהוא שלח אליה.,אבן יקרה,אב״י.02,אבן יקרה,weak,2,אליעזר בן־יהודה | אבן יקרה,substituted,yes,wikipedia,בעקבות האוצר הרומנטי,unreviewed,,substitution,wiki_substituted
ha-00033,אב״י,"להנצחת דמותו של אליעזר בן-יהודה, חיבר ירון לונדון את השיר ""אב״י"".",אליעזר בן־יהודה,אב״י.01,אליעזר בן־יהודה,weak,2,אליעזר בן־יהודה | אבן יקרה,substituted,yes,wikipedia,אליעזר בן-יהודה,unreviewed,,substitution,wiki_substituted
ha-00034,אב״י,"אב״י, החלום ושברו - מבחר כתבים בענייני לשון, ההדיר ראובן סיוון, מוסד ביאליק, 1978.",אליעזר בן־יהודה,אב״י.01,אליעזר בן־יהודה,weak,2,אליעזר בן־יהודה | אבן יקרה,substituted,yes,wikipedia,אליעזר בן-יהודה,unreviewed,,substitution,wiki_substituted
ha-00035,אב״י,"אליעזר בן-יהודה (הנכד), כל אהבותיו של אב״י, ידיעות ספרים, 2018.",אליעזר בן־יהודה,אב״י.01,אליעזר בן־יהודה,weak,2,אליעזר בן־יהודה | אבן יקרה,substituted,yes,wikipedia,אליעזר בן-יהודה,unreviewed,,substitution,wiki_substituted
ha-03035,שו״ס,"ייתכן כי פלפטין היה שו״ס של דוקו כבר באותה עת, אך הדבר אינו מאומת על ידי גורמים רשמיים בקאנון או ביקום המורחב של מלחמת הכוכבים.",שותף סוד,שו״ס.01,שותף סוד,weak,2,שותף סוד | שותפות סוד,substituted,no,wikipedia,מקומות בסרטי מלחמת הכוכבים,unreviewed,,substitution,wiki_substituted
ha-03036,שו״ס,הן השתייכו לקבוצה של כ-30 נשים כולן היו שו״ס ולכל אחת מהן היה תפקיד מוגדר בהברחה.,שותפות סוד,שו״ס.02,שותפות סוד,weak,2,שותף סוד | שותפות סוד,substituted,no,wikipedia,נשים יהודיות בשואה,unreviewed,,substitution,wiki_substituted
ha-02881,רמ״ח,"מחקרי עמיתי מחקר נמצאים תחת פיקוח של סגל בכיר כגון פרופסור, רמ״ח, דיקן וכדומה.",ראש מחלקה,רמ״ח.01,ראש מחלקה,weak,2,ראש מחלקה | מספר האיברים בגוף האדם,substituted,no,wikipedia,עמית מחקר,unreviewed,,substitution,wiki_substituted
ha-02882,רמ״ח,"13 במאי – בלה קאופמן, אונקולוגית, רמ״ח במרכז הרפואי שיבא, ופרופסור בפקולטה לרפואה באוניברסיטת תל אביב (נולדה ב-1956).",ראש מחלקה,רמ״ח.01,ראש מחלקה,weak,2,ראש מחלקה | מספר האיברים בגוף האדם,substituted,no,wikipedia,2021 בישראל,unreviewed,,substitution,wiki_substituted
ha-02883,רמ״ח,הרב דוד פרטוש - רמ״ח לדוברי צרפתית במכון מאיר.,ראש מחלקה,רמ״ח.01,ראש מחלקה,weak,2,ראש מחלקה | מספר האיברים בגוף האדם,substituted,no,wikipedia,יהושע צוקרמן,unreviewed,,substitution,wiki_substituted
ha-02814,רב״ץ,כתב העת מחניים היה במשך שנים רבות ביטאונה של רב״ץ.,הרבנות הצבאית הראשית,רב״ץ.01,הרבנות הצבאית הראשית,weak,2,רב צבאי | הרבנות הצבאית הראשית,substituted,yes,wikipedia,מחניים (כתב עת),unreviewed,,substitution,wiki_substituted
ha-02815,רב״ץ,"זמרים מפורסמים נוספים שהחלו את דרכם במקהלת רב״ץ הם משה גיאת, ציון גולן, יקיר ונה והחזן גבריאל נחום אורן, סולן הלהקה, שעבד קרוב ל-30 שנים עם הרב שמואל אבידור הכהן.",הרבנות הצבאית הראשית,רב״ץ.01,הרבנות הצבאית הראשית,weak,2,רב צבאי | הרבנות הצבאית הראשית,substituted,yes,wikipedia,מקהלת הרבנות הצבאית,unreviewed,,substitution,wiki_substituted
ha-02816,רב״ץ,"בעבר למדו בו אברכים ובחורים תלמידי ישיבת דרך השם, ומשנת 2012 פועל במקום בית המדרש להלכה של רב״ץ.",הרבנות הצבאית הראשית,רב״ץ.01,הרבנות הצבאית הראשית,weak,2,רב צבאי | הרבנות הצבאית הראשית,substituted,yes,wikipedia,בית הכנסת אוהל יצחק (הרובע המוסלמי),unreviewed,,substitution,wiki_substituted
ha-02817,רב״ץ,"בנוסף, לכל גדוד מילואים נדרש רב״ץ, המהווה חלק בלתי נפרד מסגל המטה של הגדוד.",רב צבאי,רב״ץ.02,רב צבאי,weak,2,רב צבאי | הרבנות הצבאית הראשית,substituted,yes,wikipedia,הרבנות הצבאית,unreviewed,,substitution,wiki_substituted
ha-02818,רב״ץ,"רב״ץ הוא רב הפועל במסגרת יחידה צבאית, ומעניק שירותי רבנות לחייליה.",רב צבאי,רב״ץ.02,רב צבאי,weak,2,רב צבאי | הרבנות הצבאית הראשית,substituted,yes,wikipedia,רב צבאי,unreviewed,,substitution,wiki_substituted
ha-02819,רב״ץ,הסופר חיים פוטוק שימש רב״ץ בעת מלחמת קוריאה.,רב צבאי,רב״ץ.02,רב צבאי,weak,2,רב צבאי | הרבנות הצבאית הראשית,substituted,yes,wikipedia,רב צבאי,unreviewed,,substitution,wiki_substituted
ha-01803,מחמ״ד,"מחמ״ד של ארצות הברית (באנגלית: United States Department of State) היא סוכנות פדרלית בארצות הברית, שעל אף שמה היא אחראית בעיקר על ענייני החוץ של הממשל האמריקאי.",מחלקת המדינה,מחמ״ד.01,מחלקת המדינה,weak,2,מחלקת המדינה | מנהלת החינוך הממלכתי-דתי,substituted,no,wikipedia,מחלקת המדינה של ארצות הברית,unreviewed,,substitution,wiki_substituted
ha-01804,מחמ״ד,רוב החובות האלו של מחמ״ד הפכו בסופו של דבר לשלל אגפים וסוכנויות פדרליות שהוקמו בזמן המאה ה-19.,מחלקת המדינה,מחמ״ד.01,מחלקת המדינה,weak,2,מחלקת המדינה | מנהלת החינוך הממלכתי-דתי,substituted,no,wikipedia,מחלקת המדינה של ארצות הברית,unreviewed,,substitution,wiki_substituted
ha-01805,מחמ״ד,"מחמ״ד אף תומכת בשלל הפעילויות הקשורות לענייני חוץ במחלקות אחרות בממשל, כמו מחלקת הסחר של ארצות הברית והסוכנות להתפתחויות בינלאומיות.",מחלקת המדינה,מחמ״ד.01,מחלקת המדינה,weak,2,מחלקת המדינה | מנהלת החינוך הממלכתי-דתי,substituted,no,wikipedia,מחלקת המדינה של ארצות הברית,unreviewed,,substitution,wiki_substituted
ha-02336,ס״ד,"אֶפִּילוֹג (באנגלית: epilogue; בעברית נקרא גם: אחרית דבר, חתימה, ס״ד) הוא קטע המופיע לעיתים בסוף יצירה ספרותית, המתייחס למתרחש בה או מסכם אותה.",סוף דבר,ס״ד.01,סוף דבר,weak,5,סוף דבר | סוציאל דמוקרטי | ספרא דצניעותא | סייעתא דשמיא (עזרת השם) | סלקא דעתך (= עולה ב/על דעתך),substituted,yes,wikipedia,אפילוג,unreviewed,,substitution,wiki_substituted
ha-02337,ס״ד,"""ס״ד"" הוצא לאור רק אחרי מותו של שבתאי, והוא מתאר את מאיר, מהנדס תל אביבי בשנות הארבעים לחייו, המתמודד עם ההכרה הפתאומית בדבר מותו המתקרב.",סוף דבר,ס״ד.01,סוף דבר,weak,5,סוף דבר | סוציאל דמוקרטי | ספרא דצניעותא | סייעתא דשמיא (עזרת השם) | סלקא דעתך (= עולה ב/על דעתך),substituted,yes,wikipedia,יעקב שבתאי,unreviewed,,substitution,wiki_substituted
ha-02338,ס״ד,"מנחם פרי, ""בשולי הספר"", בתוך: 'ס״ד', הספריה החדשה, ספרי סימן קריאה / הקיבוץ המאוחד, 2025.",סוף דבר,ס״ד.01,סוף דבר,weak,5,סוף דבר | סוציאל דמוקרטי | ספרא דצניעותא | סייעתא דשמיא (עזרת השם) | סלקא דעתך (= עולה ב/על דעתך),substituted,yes,wikipedia,יעקב שבתאי,unreviewed,,substitution,wiki_substituted
ha-02339,ס״ד,"ס״ד השלם – ""ס״ד"" עם ביאור ""נתיבות יאיר"" ועם ""מסורת החכמה"".",ספרא דצניעותא,ס״ד.02,ספרא דצניעותא,weak,5,סוף דבר | סוציאל דמוקרטי | ספרא דצניעותא | סייעתא דשמיא (עזרת השם) | סלקא דעתך (= עולה ב/על דעתך),substituted,yes,wikipedia,משה יאיר וינשטוק,unreviewed,,substitution,wiki_substituted
ha-02340,ס״ד,"נותרו עדיין בכתבי יד ביאורו על ספר היצירה, וביאור על ס״ד וכן על ספר התמונה.",ספרא דצניעותא,ס״ד.02,ספרא דצניעותא,weak,5,סוף דבר | סוציאל דמוקרטי | ספרא דצניעותא | סייעתא דשמיא (עזרת השם) | סלקא דעתך (= עולה ב/על דעתך),substituted,yes,wikipedia,שלמה אלישיב,unreviewed,,substitution,wiki_substituted
ha-01445,כו״כ,"נוסח שטר האדרכתא הוא: ”איש פלוני (הלווה) נתחייב לפלוני (המלווה) בדין, כו״כ, ולא נתן לו מעצמו, וכתבנו לו אדרכתא זו, על שדה פלונית שלו”.",כך וכך,כו״כ.01,כך וכך,weak,2,כמה וכמה | כך וכך,substituted,yes,wikipedia,שטר חוב (הלכה),unreviewed,,substitution,wiki_substituted
ha-01446,כו״כ,"אצל התימנים שליח הציבור מברך לכולם וסופר ביחד עימם, ולכן הוא מכריז לפני הברכה שאתמול ספרו כו״כ, כדי שכל אחד ידע כמה לספור.",כך וכך,כו״כ.01,כך וכך,weak,2,כמה וכמה | כך וכך,substituted,yes,wikipedia,ספירת העומר,unreviewed,,substitution,wiki_substituted
ha-01447,כו״כ,"האיסור מוגדר כלאו, כלומר איסור שהתורה מציינת במפורש ובלשון של ""לא תעשה"" כו״כ.",כך וכך,כו״כ.01,כך וכך,weak,2,כמה וכמה | כך וכך,substituted,yes,wikipedia,לא תרצח,unreviewed,,substitution,wiki_substituted
ha-01448,כו״כ,"המונח נטבע בשנות השישים ובתחילת שנות השבעים, בזכות הפופולריות של כו״כ סרטים, שבמרכזם קשרי ידידות, אחווה או רעות בין גברים.",כמה וכמה,כו״כ.02,כמה וכמה,weak,2,כמה וכמה | כך וכך,substituted,yes,wikipedia,סרט חבר'ה,unreviewed,,substitution,wiki_substituted
ha-01449,כו״כ,"בתקופת שלטונו של הנרי השלישי, כו״כ שלטי אצולה החלו להציג רבע אשר תואר לאחר מכן בבלאזון כ""קנטון"".",כמה וכמה,כו״כ.02,כמה וכמה,weak,2,כמה וכמה | כך וכך,substituted,yes,wikipedia,קנטון (הרלדיקה),unreviewed,,substitution,wiki_substituted
ha-01450,כו״כ,"מידה זו השתרשה כמטבע לשון בעברית, שמשמעותה היא ""על אחת כו״כ"".",כמה וכמה,כו״כ.02,כמה וכמה,weak,2,כמה וכמה | כך וכך,substituted,yes,wikipedia,קל וחומר,unreviewed,,substitution,wiki_substituted
ha-00546,ברה״מ,שורשיה של ברה״מ נעוצים במהפכת אוקטובר של 1917.,ברית המועצות,ברה״מ.01,ברית המועצות,weak,2,ברית המועצות | ברכת המזון,substituted,yes,wikipedia,ברית המועצות,unreviewed,,substitution,wiki_substituted
ha-00547,ברה״מ,"לאחר שנכשלה בבניית קואליציה אנטי-נאצית באירופה, חתמה ברה״מ על הסכם אי-תוקפנות עם גרמניה הנאצית בשנת 1939 (הסכם ריבנטרופ-מולוטוב).",ברית המועצות,ברה״מ.01,ברית המועצות,weak,2,ברית המועצות | ברכת המזון,substituted,yes,wikipedia,ברית המועצות,unreviewed,,substitution,wiki_substituted
ha-00548,ברה״מ,"לאחר המלחמה, ברה״מ ביססה את השטח שנכבש על ידי הצבא האדום, הקימה מדינות לוויין, והחלה בפיתוח כלכלי מהיר שביסס את מעמדה כמעצמת-על.",ברית המועצות,ברה״מ.01,ברית המועצות,weak,2,ברית המועצות | ברכת המזון,substituted,yes,wikipedia,ברית המועצות,unreviewed,,substitution,wiki_substituted
ha-00549,ברה״מ,"ביסוד ברה״מ עומדת חובת האדם להודות לבוראו על המזון שממנו הוא מתקיים, ולהכיר בכך שהמזון, גוף האדם והקרקע ניתנים מידי הבורא ובהשגחתו.",ברכת המזון,ברה״מ.02,ברכת המזון,weak,2,ברית המועצות | ברכת המזון,substituted,yes,wikipedia,ברכת המזון,unreviewed,,substitution,wiki_substituted
ha-00550,ברה״מ,"לדעת רבן גמליאל יש לברך ברה״מ על כל מאכל משבעת המינים, שהם המופיעים בתורה בפרשה של ברה״מ.",ברכת המזון,ברה״מ.02,ברכת המזון,weak,2,ברית המועצות | ברכת המזון,substituted,yes,wikipedia,ברכת המזון,unreviewed,,substitution,wiki_substituted
ha-00551,ברה״מ,"לדעת רבי עקיבא מברכים ברה״מ על כל מה שאדם אוכל ממנו כדי לשבוע ועושה אותו עיקר סעודתו, ואפילו יהיה זה ירק.",ברכת המזון,ברה״מ.02,ברכת המזון,weak,2,ברית המועצות | ברכת המזון,substituted,yes,wikipedia,ברכת המזון,unreviewed,,substitution,wiki_substituted
ha-02274,סד״א,דיון אזרחי (מכונה גם סד״א או הליך אזרחי) הוא מכלול הדינים המסדירים את האופן בו מתנהל ההליך (פרוצדורה) של המשפט האזרחי.,סדר דין אזרחי,סד״א.01,סדר דין אזרחי,weak,2,סדר דין אזרחי | סלקא דעתך אמינא,substituted,no,wikipedia,דיון אזרחי,unreviewed,,substitution,wiki_substituted
ha-02275,סד״א,"במדינות שבהן קיים קודקס אזרחי, קיים בדרך כלל גם קודקס סד״א.",סדר דין אזרחי,סד״א.01,סדר דין אזרחי,weak,2,סדר דין אזרחי | סלקא דעתך אמינא,substituted,no,wikipedia,קודקס אזרחי,unreviewed,,substitution,wiki_substituted
ha-01210,חק״ש,"עם קליטת השבויים למחנה מתבצע תהליך רישום ותשאול על ידי חק״ש, במסגרתו מוכרע האם השבוי חיוני לחקירה (למשל אם הוא מחזיק בידע חיוני בשל תפקידו) אם לאו.",חוקר שבויים,חק״ש.01,חוקר שבויים,weak,2,חוקר שבויים | חיל קשישים,substituted,no,wikipedia,מחנה שבויים,unreviewed,,substitution,wiki_substituted
ha-01211,חק״ש,"הכוח המבצע ספג שלושה חיילים הרוגים: סרן ציון מזרחי, סמל מרקו ברנשטיין וסרן בועז רביד, חק״ש מיחידת מודיעין שצורף למבצע ונהרג מירי המרגמות של חזבאללה.",חוקר שבויים,חק״ש.01,חוקר שבויים,weak,2,חוקר שבויים | חיל קשישים,substituted,no,wikipedia,מבצע חוק וסדר,unreviewed,,substitution,wiki_substituted
ha-01212,חק״ש,במקביל הגיע חק״ש נוסף במסוק אנפה והורד אל דבור 901.,חוקר שבויים,חק״ש.01,חוקר שבויים,weak,2,חוקר שבויים | חיל קשישים,substituted,no,wikipedia,מבצע אבק דרכים,unreviewed,,substitution,wiki_substituted
ha-01023,ה״ה,"ה״ה אפרים כהן ראש ועד המוסדות ירה את אבן הפנה, וישא משא בעברית על האבן הזאת אשר קרא לה אבן העזר"".",האדון הנכבד,ה״ה.05,האדון הנכבד,weak,9,הלכה ה' | הוא הדין | השם הטוב | האדון הנכבד | האדונים הנכבדים | הגברת הנכבדה | הרב החשוב | הרבני הנגיד | הכי השתא,substituted,yes,wikipedia,אפרים כהן-רייס,unreviewed,,substitution,wiki_substituted
ha-01024,ה״ה,"ללהקת גייסות השריון כתב את ""להיות יהודי"", ""אם אשכחך ירושלים"", ""הרצל וכל ה״ה"" ו""דברי המשלחות"", אותם הלחין יאיר רוזנבלום.",האדונים הנכבדים,ה״ה.06,האדונים הנכבדים,weak,9,הלכה ה' | הוא הדין | השם הטוב | האדון הנכבד | האדונים הנכבדים | הגברת הנכבדה | הרב החשוב | הרבני הנגיד | הכי השתא,substituted,yes,wikipedia,יורם טהרלב,unreviewed,,substitution,wiki_substituted
ha-01025,ה״ה,"בביטוי ""ה״ה"", משמעותו היסודית המילולית על פי המילון היא תיאור חיובי של מישהי.",הגברת הנכבדה,ה״ה.03,הגברת הנכבדה,weak,9,הלכה ה' | הוא הדין | השם הטוב | האדון הנכבד | האדונים הנכבדים | הגברת הנכבדה | הרב החשוב | הרבני הנגיד | הכי השתא,substituted,yes,wikipedia,קונוטציה,unreviewed,,substitution,wiki_substituted
ha-01026,ה״ה,"דוגמה להשפעת המיקום והקשרו הסביבתי: ""ה״ה"" הנאמר במעמד קבלת פרס נובל לפיזיקה לאותה גברת נכבדה, ולעומת זאת כאשר הביטוי ""ה״ה יכולה להמתין"", בתור לתא השירותים בתחנת הדלק.",הגברת הנכבדה,ה״ה.03,הגברת הנכבדה,weak,9,הלכה ה' | הוא הדין | השם הטוב | האדון הנכבד | האדונים הנכבדים | הגברת הנכבדה | הרב החשוב | הרבני הנגיד | הכי השתא,substituted,yes,wikipedia,קונוטציה,unreviewed,,substitution,wiki_substituted
ha-01027,ה״ה,"ה״ה באשר לסופר סטיבן קינג (Stephen King), ששמו תועתק בחלק מהספרים ""סטפן קינג"".",הוא הדין,ה״ה.01,הוא הדין,weak,9,הלכה ה' | הוא הדין | השם הטוב | האדון הנכבד | האדונים הנכבדים | הגברת הנכבדה | הרב החשוב | הרבני הנגיד | הכי השתא,substituted,yes,wikipedia,תעתיק,unreviewed,,substitution,wiki_substituted
ha-01028,ה״ה,"השָׁרִיעָה (בערבית: الشريعة) ה״ה האסלאמי, אשר מסדיר את כלל תחומי החיים והחברה של האסלאם.",הוא הדין,ה״ה.01,הוא הדין,weak,9,הלכה ה' | הוא הדין | השם הטוב | האדון הנכבד | האדונים הנכבדים | הגברת הנכבדה | הרב החשוב | הרבני הנגיד | הכי השתא,substituted,yes,wikipedia,שריעה,unreviewed,,substitution,wiki_substituted
ha-01029,ה״ה,"לפי התלמוד הבבלי, ה״ה בשטח ששייך לגורם שלישי ששניהם פלשו אליו בלי רשות.",הוא הדין,ה״ה.01,הוא הדין,weak,9,הלכה ה' | הוא הדין | השם הטוב | האדון הנכבד | האדונים הנכבדים | הגברת הנכבדה | הרב החשוב | הרבני הנגיד | הכי השתא,substituted,yes,wikipedia,שן ורגל,unreviewed,,substitution,wiki_substituted
ha-01030,ה״ה,"הניו יורק טיימס פרסם כי היה ""ה״ה ביותר בארצנו"".",הרב החשוב,ה״ה.04,הרב החשוב,weak,9,הלכה ה' | הוא הדין | השם הטוב | האדון הנכבד | האדונים הנכבדים | הגברת הנכבדה | הרב החשוב | הרבני הנגיד | הכי השתא,substituted,yes,wikipedia,שבתאי מוראיס,unreviewed,,substitution,wiki_substituted
ha-01031,ה״ה,"לאותה תקופה שייך גם שיתוף הפעולה שלו עם ה״ה מבולטימור בנימין סולד (Benjamin Szold) בתיקון סידור התפילה של סולד ""עבודת ישראל"" וסידור ""הגיון לב"" וכן תרגום של סידורים אלה לאנגלית.",הרב החשוב,ה״ה.04,הרב החשוב,weak,9,הלכה ה' | הוא הדין | השם הטוב | האדון הנכבד | האדונים הנכבדים | הגברת הנכבדה | הרב החשוב | הרבני הנגיד | הכי השתא,substituted,yes,wikipedia,מרקוס יסטרוב,unreviewed,,substitution,wiki_substituted
ha-01032,ה״ה,"ילידי הארץ היו אלו שמצבם המשפחתי דרש הסדר פנימייתי, או כאלו שנמשכו אל ה״ה שיצא לבית הספר ברמתו הגבוהה ובערכים שאותם הוא מקנה.",השם הטוב,ה״ה.02,השם הטוב,weak,9,הלכה ה' | הוא הדין | השם הטוב | האדון הנכבד | האדונים הנכבדים | הגברת הנכבדה | הרב החשוב | הרבני הנגיד | הכי השתא,substituted,yes,wikipedia,שמעון פרס,unreviewed,,substitution,wiki_substituted
ha-01033,ה״ה,"אולם, באיזון האופקי, הנעשה בין שתי זכויות שוות מעמד המתנגשות ביניהן, ""יש ליתן משקל מיוחד לחופש הביטוי, שהוא תנאי ויסוד לזכויות אדם אחרות, לרבות ה״ה, ולמשטר הדמוקרטי כולו"".",השם הטוב,ה״ה.02,השם הטוב,weak,9,הלכה ה' | הוא הדין | השם הטוב | האדון הנכבד | האדונים הנכבדים | הגברת הנכבדה | הרב החשוב | הרבני הנגיד | הכי השתא,substituted,yes,wikipedia,חוק איסור לשון הרע,unreviewed,,substitution,wiki_substituted
ha-01034,ה״ה,הסיבה לסייג זה טמונה בכך שבעקבות הדיווח הפזיז מתערער האיזון העדין הקבוע בחוק איסור לשון הרע שבין ה״ה לחופש הביטוי והכף נוטה לכיוון האחרון.,השם הטוב,ה״ה.02,השם הטוב,weak,9,הלכה ה' | הוא הדין | השם הטוב | האדון הנכבד | האדונים הנכבדים | הגברת הנכבדה | הרב החשוב | הרבני הנגיד | הכי השתא,substituted,yes,wikipedia,"הגנת ""אמת דיברתי"" בלשון הרע",unreviewed,,substitution,wiki_substituted
ha-00014,אב״ג,"אב״ג איש צידן היה תנא בדור הרביעי או החמישי, בסביבות מאה ה-2 לספירה.",אבא גוריון,אב״ג.01,אבא גוריון,weak,4,אוניברסיטת בן-גוריון | אבא גוריון | אברהם בר גוטלובר | ארכיון בן-גוריון,substituted,yes,wikipedia,אבא גוריון איש צידן,unreviewed,,substitution,wiki_substituted
ha-00015,אב״ג,"באסתר רבה מובא מאמר זה ללא הדבר הרביעי, ושם אב״ג מוסר את המאמר בשם רבן גמליאל.",אבא גוריון,אב״ג.01,אבא גוריון,weak,4,אוניברסיטת בן-גוריון | אבא גוריון | אברהם בר גוטלובר | ארכיון בן-גוריון,substituted,yes,wikipedia,אבא גוריון איש צידן,unreviewed,,substitution,wiki_substituted
ha-00016,אב״ג,"גם מהדורה זו אינה מושלמת ובשנים אלו עובדים חוקרים מאוניברסיטת בר-אילן, בריכוזו של פרופ' יוסף תבורי, על ההדרת מדרשי המגילה בכלל, ובכללם מדרש אב״ג.",אבא גוריון,אב״ג.01,אבא גוריון,weak,4,אוניברסיטת בן-גוריון | אבא גוריון | אברהם בר גוטלובר | ארכיון בן-גוריון,substituted,yes,wikipedia,מדרש אבא גוריון,unreviewed,,substitution,wiki_substituted
ha-00017,אב״ג,"אב״ג, שהתנגד לרעיונותיו של סמולנסקין, הקים את כתב העת ""הבוקר אור"" כמתחרה לעיתונו של סמולנסקין.",אברהם בר גוטלובר,אב״ג.02,אברהם בר גוטלובר,weak,4,אוניברסיטת בן-גוריון | אבא גוריון | אברהם בר גוטלובר | ארכיון בן-גוריון,substituted,yes,wikipedia,השחר,unreviewed,,substitution,wiki_substituted
ha-00018,אב״ג,רחובותיה קרואים בשמותיהם של סופרים מזרם תנועת ההשכלה כגון אב״ג ויצחק ארטר.,אברהם בר גוטלובר,אב״ג.02,אברהם בר גוטלובר,weak,4,אוניברסיטת בן-גוריון | אבא גוריון | אברהם בר גוטלובר | ארכיון בן-גוריון,substituted,yes,wikipedia,ביצרון (שכונה),unreviewed,,substitution,wiki_substituted
ha-00019,אב״ג,בעיר נולדו הסופרים אב״ג ואברהם גולדפאדן אבי תיאטרון יידיש וכן הפסלת חנה אורלוף.,אברהם בר גוטלובר,אב״ג.02,אברהם בר גוטלובר,weak,4,אוניברסיטת בן-גוריון | אבא גוריון | אברהם בר גוטלובר | ארכיון בן-גוריון,substituted,yes,wikipedia,סטרוקונסטנטינוב,unreviewed,,substitution,wiki_substituted
ha-00020,אב״ג,"אב״ג בנגב היא אוניברסיטה ישראלית בעיר באר שבע, אשר הוקמה ב-1969 וידועה בשמה הנוכחי מ-1974.",אוניברסיטת בן-גוריון,אב״ג.03,אוניברסיטת בן-גוריון,weak,4,אוניברסיטת בן-גוריון | אבא גוריון | אברהם בר גוטלובר | ארכיון בן-גוריון,substituted,yes,wikipedia,אוניברסיטת בן-גוריון בנגב,unreviewed,,substitution,wiki_substituted
ha-00021,אב״ג,פרופסור משה פריבס נבחר להיות הנשיא הראשון של אב״ג בנגב בשנת 1974.,אוניברסיטת בן-גוריון,אב״ג.03,אוניברסיטת בן-גוריון,weak,4,אוניברסיטת בן-גוריון | אבא גוריון | אברהם בר גוטלובר | ארכיון בן-גוריון,substituted,yes,wikipedia,אוניברסיטת בן-גוריון בנגב,unreviewed,,substitution,wiki_substituted
ha-00022,אב״ג,"אב״ג התפתחה בקצב מהיר, גם בגידול במספר הסטודנטים וגם בפיתוח מסלולי לימוד חדשים בהתאם לדרישות השוק (כגון הנדסת מערכות תקשורת, הנדסת ביוטכנולוגיה, ביואינפורמטיקה).",אוניברסיטת בן-גוריון,אב״ג.03,אוניברסיטת בן-גוריון,weak,4,אוניברסיטת בן-גוריון | אבא גוריון | אברהם בר גוטלובר | ארכיון בן-גוריון,substituted,yes,wikipedia,אוניברסיטת בן-גוריון בנגב,unreviewed,,substitution,wiki_substituted
ha-00023,אב״ג,"בשנים בהן עשה שם, ובין השאר, יזם והקים יחד עם שותפיו במכון ובמערך המחשוב האוניברסיטאי את אב״ג הממוחשב.",ארכיון בן-גוריון,אב״ג.04,ארכיון בן-גוריון,weak,4,אוניברסיטת בן-גוריון | אבא גוריון | אברהם בר גוטלובר | ארכיון בן-גוריון,substituted,yes,wikipedia,טוביה פרילינג,unreviewed,,substitution,wiki_substituted
ha-00663,ב״כ,"תובע או קטגור, בהקשר של המשפט הפלילי, הוא ב״כ המאשימה במשפט הפלילי.",בא כוח,ב״כ.01,בא כוח,weak,2,ברכת כהנים | בא כוח,substituted,yes,wikipedia,תובע (משפט פלילי),unreviewed,,substitution,wiki_substituted
ha-00664,ב״כ,"מקור המילה הוא ביוונית - ἀπολογία, שמשמעותה תגובת הנאשם לקטגוריה אותה הוא מביע בעצמו (ולא באמצעות ב״כ כגון עורך דין).",בא כוח,ב״כ.01,בא כוח,weak,2,ברכת כהנים | בא כוח,substituted,yes,wikipedia,אפולוגטיקה,unreviewed,,substitution,wiki_substituted
ha-00665,ב״כ,"בית המשפט רשאי להעביר הליך מאוחר לבית המשפט שבו מתנהל ההליך הקודם, לצרף בקשות, למחוק אחת מהן או להחליף תובע מייצג או ב״כ מייצג, תוך התחשבות בעניינם של חברי הקבוצה ובניהול יעיל של ההליך.",בא כוח,ב״כ.01,בא כוח,weak,2,ברכת כהנים | בא כוח,substituted,yes,wikipedia,תובענה ייצוגית,unreviewed,,substitution,wiki_substituted
ha-00666,ב״כ,"פסוקי ב״כ משמשים לברכה אצל יהודים גם בהזדמנויות אחרות, למשל בפדיון הבן.",ברכת כהנים,ב״כ.02,ברכת כהנים,weak,2,ברכת כהנים | בא כוח,substituted,yes,wikipedia,ברכת כהנים,unreviewed,,substitution,wiki_substituted
ha-00667,ב״כ,"אחרי ברכת המצווה, החזן מקריא את שלושת הפסוקים של ב״כ מילה במילה, והכהנים חוזרים אחריו.",ברכת כהנים,ב״כ.02,ברכת כהנים,weak,2,ברכת כהנים | בא כוח,substituted,yes,wikipedia,ברכת כהנים,unreviewed,,substitution,wiki_substituted
ha-00668,ב״כ,"לעומת זאת, כהן בעל מום רשאי לברך ב״כ, ובלבד שמראהו לא יסיח את דעת העם מהברכה.",ברכת כהנים,ב״כ.02,ברכת כהנים,weak,2,ברכת כהנים | בא כוח,substituted,yes,wikipedia,ברכת כהנים,unreviewed,,substitution,wiki_substituted
ha-00113,אח״מ,ועדת ההיגוי מתווה את מדיניות המטה ונהליו וראש אח״מ אחראי פיקודית על כלל פעילות המטה הלאומי.,אגף חקירות ומודיעין,אח״מ.01,אגף חקירות ומודיעין,weak,5,"אחרי מות | אחר מכן | אגף חקירות ומודיעין | אישיות חשובה מאוד | אחר מיתה, אחר מוֹת־",substituted,yes,wikipedia,המטה הלאומי להגנה על ילדים ברשת,unreviewed,,substitution,wiki_substituted
ha-00114,אח״מ,"לאחר שלמד שנה במכללה לביטחון לאומי, בדצמבר 2017 מונה לקצין אח״מ בלהב 433.",אגף חקירות ומודיעין,אח״מ.01,אגף חקירות ומודיעין,weak,5,"אחרי מות | אחר מכן | אגף חקירות ומודיעין | אישיות חשובה מאוד | אחר מיתה, אחר מוֹת־",substituted,yes,wikipedia,אלי מקמל,unreviewed,,substitution,wiki_substituted
ha-00115,אח״מ,במשך שירותו שימש קצין אח״מ במחוז ירושלים וב-2014 מונה לסגן מפקד מרחב ציון במחוז.,אגף חקירות ומודיעין,אח״מ.01,אגף חקירות ומודיעין,weak,5,"אחרי מות | אחר מכן | אגף חקירות ומודיעין | אישיות חשובה מאוד | אחר מיתה, אחר מוֹת־",substituted,yes,wikipedia,מוטי לוי,unreviewed,,substitution,wiki_substituted
ha-00116,אח״מ,"הנמל שימש גם כבסיס טיסה של חיל האוויר הישראלי (כנף 15) מקום המדינה עד לסגירתו, אח״מ טייסותיו הועברו לבסיס חצור (כנף 4).",אחר מכן,אח״מ.02,אחר מכן,weak,5,"אחרי מות | אחר מכן | אגף חקירות ומודיעין | אישיות חשובה מאוד | אחר מיתה, אחר מוֹת־",substituted,yes,wikipedia,נמל התעופה דב הוז,unreviewed,,substitution,wiki_substituted
ha-00117,אח״מ,"שבוע אח״מ, ב-30 בספטמבר, ניצחה באיירן מינכן 2–3 את בורוסיה דורטמונד במשחק הסופר קאפ הגרמני וזכתה בתואר, ובכך זכה פליק עם באיירן מינכן בחמישה תארים בעונה אחת.",אחר מכן,אח״מ.02,אחר מכן,weak,5,"אחרי מות | אחר מכן | אגף חקירות ומודיעין | אישיות חשובה מאוד | אחר מיתה, אחר מוֹת־",substituted,yes,wikipedia,מאמן זמני,unreviewed,,substitution,wiki_substituted
ha-00118,אח״מ,"בשנים אח״מ, עד שנת 1990, המשיכה שוודיה לתמוך בעצמאותה של נמיביה.",אחר מכן,אח״מ.02,אחר מכן,weak,5,"אחרי מות | אחר מכן | אגף חקירות ומודיעין | אישיות חשובה מאוד | אחר מיתה, אחר מוֹת־",substituted,yes,wikipedia,יחסי נמיביה–שוודיה,unreviewed,,substitution,wiki_substituted
ha-00119,אח״מ,"על כן, רק בשנים מסוג זחג (כ-5.8% מהשנים) קוראים את הפטרת אח״מ ""התשפוט התשפוט"".",אחרי מות,אח״מ.03,אחרי מות,weak,5,"אחרי מות | אחר מכן | אגף חקירות ומודיעין | אישיות חשובה מאוד | אחר מיתה, אחר מוֹת־",substituted,yes,wikipedia,פרשת אחרי מות,unreviewed,,substitution,wiki_substituted
ha-00120,אח״מ,בראשונים מובאים מנהגים שונים להפטרת אח״מ.,אחרי מות,אח״מ.03,אחרי מות,weak,5,"אחרי מות | אחר מכן | אגף חקירות ומודיעין | אישיות חשובה מאוד | אחר מיתה, אחר מוֹת־",substituted,yes,wikipedia,פרשת אחרי מות,unreviewed,,substitution,wiki_substituted
ha-00121,אח״מ,"בעבר, היה המנהג בהפטרת פרשות אח״מ וקדושים הפוך, שהפטרת פרשת קדושים היא ""התשפוט התשפוט"", והפטרת פרשת אח״מ היא ""הלא כבני כושיים"".",אחרי מות,אח״מ.03,אחרי מות,weak,5,"אחרי מות | אחר מכן | אגף חקירות ומודיעין | אישיות חשובה מאוד | אחר מיתה, אחר מוֹת־",substituted,yes,wikipedia,פרשת אחרי מות,unreviewed,,substitution,wiki_substituted
ha-00122,אח״מ,"במהלך תקופת ההתארגנות סייר צבי נצר, בזהות של פאן חרקובסקי, לאורך הגבול בחברת קצינים פולניים ודאג ששומרי הגבול יתרשמו שהוא ""אח״מ"".",אישיות חשובה מאוד,אח״מ.04,אישיות חשובה מאוד,weak,5,"אחרי מות | אחר מכן | אגף חקירות ומודיעין | אישיות חשובה מאוד | אחר מיתה, אחר מוֹת־",substituted,yes,wikipedia,פרשת הבריחה אחרי פוגרום קיילצה,unreviewed,,substitution,wiki_substituted
ha-02117,מ״ק,"על מנת להבדיל את המסכת מכלל סדר מועד, נקראה המסכת ""מ״ק"", כיוון שרובה עוסק בחולו של מועד.",מועד קטן,מ״ק.02,מועד קטן,weak,10,מספר קטן | מטר מעוקב | מרכז קהילתי | מועד קטן | מכשיר קשר | מרא קמא | מחנה קבע | מילת קריאה | מלכין קדמאין | משמע קצת,substituted,yes,wikipedia,מסכת מועד קטן,unreviewed,,substitution,wiki_substituted
ha-02118,מ״ק,"בנוסף עמד רבי יונה בוצרייא בקשר עם רב הונא בריה דרב יהושע מבבל, ובמסכת מ״ק נזכר כי רב הונא התיר לרבי יונה בוצרייא למכור את ספריו במהלך חול המועד.",מועד קטן,מ״ק.02,מועד קטן,weak,10,מספר קטן | מטר מעוקב | מרכז קהילתי | מועד קטן | מכשיר קשר | מרא קמא | מחנה קבע | מילת קריאה | מלכין קדמאין | משמע קצת,substituted,yes,wikipedia,רבי יונה בוצרייא,unreviewed,,substitution,wiki_substituted
ha-02119,מ״ק,"בתלמוד ירושלמי מובאים מאמרים של חכם בשם רבי יודן גוריא או רבי יודן בר גורייא, שיש המזהים אותו עם רבי יהודה בן גרים המוזכר בבבלי מסכת מ״ק.",מועד קטן,מ״ק.02,מועד קטן,weak,10,מספר קטן | מטר מעוקב | מרכז קהילתי | מועד קטן | מכשיר קשר | מרא קמא | מחנה קבע | מילת קריאה | מלכין קדמאין | משמע קצת,substituted,yes,wikipedia,יהודה בן גרים,unreviewed,,substitution,wiki_substituted
ha-02120,מ״ק,"מחנה רחבעם, שנקרא בעבר מחנה דני, (מ״ק 103) הוא בסיס צבאי השוכן ברמלה, סמוך לשכונת קריית האומנים בעיר.",מחנה קבע,מ״ק.03,מחנה קבע,weak,10,מספר קטן | מטר מעוקב | מרכז קהילתי | מועד קטן | מכשיר קשר | מרא קמא | מחנה קבע | מילת קריאה | מלכין קדמאין | משמע קצת,substituted,yes,wikipedia,מחנה רחבעם,unreviewed,,substitution,wiki_substituted
ha-02121,מ״ק,"בשנת 1945 נבנה ליישוב מ״ק מוקף חומה, אשר יועד למגורי 25 איש, וכלל מטבח וחדר אוכל, שלושה חדרי מגורים, נשקיה קטנה ובית ביטחון בן שתי קומות ובו אף שני חדרי שינה.",מחנה קבע,מ״ק.03,מחנה קבע,weak,10,מספר קטן | מטר מעוקב | מרכז קהילתי | מועד קטן | מכשיר קשר | מרא קמא | מחנה קבע | מילת קריאה | מלכין קדמאין | משמע קצת,substituted,yes,wikipedia,בית אשל,unreviewed,,substitution,wiki_substituted
ha-02122,מ״ק,מחנות קהילתיים: מ״ק לתקופת הקיץ הממוקם על אגם במרחק מה מהעיר.,מחנה קבע,מ״ק.03,מחנה קבע,weak,10,מספר קטן | מטר מעוקב | מרכז קהילתי | מועד קטן | מכשיר קשר | מרא קמא | מחנה קבע | מילת קריאה | מלכין קדמאין | משמע קצת,substituted,yes,wikipedia,הצופים העבריים,unreviewed,,substitution,wiki_substituted
ha-02126,מ״ק,המסה של מ״ק של מים מזוקקים בטמפרטורה של 4° צלזיוס היא טוֹנָה אחת.,מטר מעוקב,מ״ק.01,מטר מעוקב,weak,10,מספר קטן | מטר מעוקב | מרכז קהילתי | מועד קטן | מכשיר קשר | מרא קמא | מחנה קבע | מילת קריאה | מלכין קדמאין | משמע קצת,substituted,yes,wikipedia,מטר מעוקב,unreviewed,,substitution,wiki_substituted
ha-02127,מ״ק,"דצימטר מעוקב (dm³): אלפית (1/1,000) של מ״ק, או 1 ליטר.",מטר מעוקב,מ״ק.01,מטר מעוקב,weak,10,מספר קטן | מטר מעוקב | מרכז קהילתי | מועד קטן | מכשיר קשר | מרא קמא | מחנה קבע | מילת קריאה | מלכין קדמאין | משמע קצת,substituted,yes,wikipedia,מטר מעוקב,unreviewed,,substitution,wiki_substituted
ha-02128,מ״ק,"בכל מ״ק יש 35.3147 רגל מעוקב או 35,335.7 BTU.",מטר מעוקב,מ״ק.01,מטר מעוקב,weak,10,מספר קטן | מטר מעוקב | מרכז קהילתי | מועד קטן | מכשיר קשר | מרא קמא | מחנה קבע | מילת קריאה | מלכין קדמאין | משמע קצת,substituted,yes,wikipedia,גז טבעי,unreviewed,,substitution,wiki_substituted
ha-02129,מ״ק,משפטים המופיעה בהם מ״ק יסתיימו בסימן קריאה.,מילת קריאה,מ״ק.04,מילת קריאה,weak,10,מספר קטן | מטר מעוקב | מרכז קהילתי | מועד קטן | מכשיר קשר | מרא קמא | מחנה קבע | מילת קריאה | מלכין קדמאין | משמע קצת,substituted,yes,wikipedia,מילת קריאה,unreviewed,,substitution,wiki_substituted
ha-02130,מ״ק,"מ״ק לא יכולה לבוא במשפט אחרי מילת יחס, וה' השאלה לא תבוא לפניה.",מילת קריאה,מ״ק.04,מילת קריאה,weak,10,מספר קטן | מטר מעוקב | מרכז קהילתי | מועד קטן | מכשיר קשר | מרא קמא | מחנה קבע | מילת קריאה | מלכין קדמאין | משמע קצת,substituted,yes,wikipedia,מילת קריאה,unreviewed,,substitution,wiki_substituted
ha-02131,מ״ק,"ברוסית, כשהיא ניצבת לבדה, פירושה הוא מילת היחס ""אצל"" או מ״ק של הפתעה.",מילת קריאה,מ״ק.04,מילת קריאה,weak,10,מספר קטן | מטר מעוקב | מרכז קהילתי | מועד קטן | מכשיר קשר | מרא קמא | מחנה קבע | מילת קריאה | מלכין קדמאין | משמע קצת,substituted,yes,wikipedia,У (כתב קירילי),unreviewed,,substitution,wiki_substituted
ha-02132,מ״ק,מ״ק הוא מכשיר המשמש לקשר רדיו - העברת מסרים בין שני מקומות נפרדים או יותר.,מכשיר קשר,מ״ק.05,מכשיר קשר,weak,10,מספר קטן | מטר מעוקב | מרכז קהילתי | מועד קטן | מכשיר קשר | מרא קמא | מחנה קבע | מילת קריאה | מלכין קדמאין | משמע קצת,substituted,yes,wikipedia,מכשיר קשר,unreviewed,,substitution,wiki_substituted
ha-02133,מ״ק,"במקרים רבים המכשירים מאפשרים תקשורת דו-כיווניות (כגון טלפון סלולרי או מ״ק), ובמכשירים אלו כלולים גם משדר וגם מקלט.",מכשיר קשר,מ״ק.05,מכשיר קשר,weak,10,מספר קטן | מטר מעוקב | מרכז קהילתי | מועד קטן | מכשיר קשר | מרא קמא | מחנה קבע | מילת קריאה | מלכין קדמאין | משמע קצת,substituted,yes,wikipedia,משדר,unreviewed,,substitution,wiki_substituted
ha-02134,מ״ק,"19 הוא מ״ק שיוצר באנגליה, בקנדה ובארצות הברית בתקופת מלחמת העולם השנייה לשימוש ברכב קרבי משוריין וכן לשימוש קרקעי קבוע.",מכשיר קשר,מ״ק.05,מכשיר קשר,weak,10,מספר קטן | מטר מעוקב | מרכז קהילתי | מועד קטן | מכשיר קשר | מרא קמא | מחנה קבע | מילת קריאה | מלכין קדמאין | משמע קצת,substituted,yes,wikipedia,מ.ק. 19,unreviewed,,substitution,wiki_substituted
ha-02135,מ״ק,"לפי הקבלה, שבעת המלכים הראשונים - ""מ״ק"", רומזים לשבעה עולמות שנבראו לפני בריאת העולם הנוכחי, ומיתתם (בלשון המקובלים ""שבירה"") מרמזת על ביטול של אותם עולמות.",מלכין קדמאין,מ״ק.09,מלכין קדמאין,weak,10,מספר קטן | מטר מעוקב | מרכז קהילתי | מועד קטן | מכשיר קשר | מרא קמא | מחנה קבע | מילת קריאה | מלכין קדמאין | משמע קצת,substituted,yes,wikipedia,פרשת שמונת מלכי אדום,unreviewed,,substitution,wiki_substituted
ha-02136,מ״ק,הקבלה הלוריאנית מתנגדת לקבל את תורת השמיטות כפשוטה ומחליפה אותה בתורת מ״ק.,מלכין קדמאין,מ״ק.09,מלכין קדמאין,weak,10,מספר קטן | מטר מעוקב | מרכז קהילתי | מועד קטן | מכשיר קשר | מרא קמא | מחנה קבע | מילת קריאה | מלכין קדמאין | משמע קצת,substituted,yes,wikipedia,תורת השמיטות,unreviewed,,substitution,wiki_substituted
ha-02137,מ״ק,"שחיתות של עשיית טובות בין מ״ק של אנשים, שחיתות שיש לה קשר למוסדות השלטון ושחיתות שהיא נפוצה עד כדי כך שהיא מהווה חלק מהמבנה החברתי, כולל הקשר שלה לפשע מאורגן (שחיתות שיטתית).",מספר קטן,מ״ק.06,מספר קטן,weak,10,מספר קטן | מטר מעוקב | מרכז קהילתי | מועד קטן | מכשיר קשר | מרא קמא | מחנה קבע | מילת קריאה | מלכין קדמאין | משמע קצת,substituted,yes,wikipedia,שחיתות,unreviewed,,substitution,wiki_substituted
ha-02138,מ״ק,"הראג' נוהל על ידי מ״ק מאוד של בריטים, בשיתוף עם האליטה המקומית.",מספר קטן,מ״ק.06,מספר קטן,weak,10,מספר קטן | מטר מעוקב | מרכז קהילתי | מועד קטן | מכשיר קשר | מרא קמא | מחנה קבע | מילת קריאה | מלכין קדמאין | משמע קצת,substituted,yes,wikipedia,הראג' הבריטי,unreviewed,,substitution,wiki_substituted
ha-02139,מ״ק,"הבריטים הצליחו לשלוט על שטח גדול ביעילות, תוך שימוש והצבת מ״ק יחסית של אנשי אדמיניסטרציה וכוחות שיטור בריטים, משום שבפועל שלטו באזור בשיתוף קבוצות האליטה מקומיות.",מספר קטן,מ״ק.06,מספר קטן,weak,10,מספר קטן | מטר מעוקב | מרכז קהילתי | מועד קטן | מכשיר קשר | מרא קמא | מחנה קבע | מילת קריאה | מלכין קדמאין | משמע קצת,substituted,yes,wikipedia,הראג' הבריטי,unreviewed,,substitution,wiki_substituted
ha-02140,מ״ק,"נחלקו הפוסקים אם חזקה זו וחזקת מ״ק מסתמכת על חזקה דמעיקרא המועלת גם באיסורים, ומורה שהמציאות לא השתנתה, או שמא היא חזקה משפטית כהמוציא מחברו עליו הראיה.",מרא קמא,מ״ק.07,מרא קמא,weak,10,מספר קטן | מטר מעוקב | מרכז קהילתי | מועד קטן | מכשיר קשר | מרא קמא | מחנה קבע | מילת קריאה | מלכין קדמאין | משמע קצת,substituted,yes,wikipedia,חזקה (הלכה),unreviewed,,substitution,wiki_substituted
ha-02141,מ״ק,"ומכך מסיקים מפרשי הגמרא, כי נקודת המחלוקת בין סומכוס לחכמים היא אם מוטב ללכת אחרי מוחזקות פיזית שהיא חזקת מ״ק ותפיסה או אחר מוחזקות רוחנית שנוצרת על ידי הספק המעמיד את הממון לצד שניהם.",מרא קמא,מ״ק.07,מרא קמא,weak,10,מספר קטן | מטר מעוקב | מרכז קהילתי | מועד קטן | מכשיר קשר | מרא קמא | מחנה קבע | מילת קריאה | מלכין קדמאין | משמע קצת,substituted,yes,wikipedia,ממון המוטל בספק חולקים,unreviewed,,substitution,wiki_substituted
ha-02142,מ״ק,"החזקה מאפשרת להתגונן כנגד תביעה מצד בעלים קודמים, להם עומדת חזקת מ״ק, ללא הצגת שטר הקניין.",מרא קמא,מ״ק.07,מרא קמא,weak,10,מספר קטן | מטר מעוקב | מרכז קהילתי | מועד קטן | מכשיר קשר | מרא קמא | מחנה קבע | מילת קריאה | מלכין קדמאין | משמע קצת,substituted,yes,wikipedia,חזקת קרקעות,unreviewed,,substitution,wiki_substituted
ha-02143,מ״ק,"בראש כל מ״ק עומדת הנהלה ציבורית, שבה חברים נציגי הרשות המקומית, נציגי תושבים, נציגי החברה למתנ""סים ובחלקן גם נציגי הסוכנות היהודית.",מרכז קהילתי,מ״ק.08,מרכז קהילתי,weak,10,מספר קטן | מטר מעוקב | מרכז קהילתי | מועד קטן | מכשיר קשר | מרא קמא | מחנה קבע | מילת קריאה | מלכין קדמאין | משמע קצת,substituted,yes,wikipedia,"מתנ""ס",unreviewed,,substitution,wiki_substituted
ha-02144,מ״ק,"מ״ק יהודי (באנגלית JCC - Jewish Community Center וכן YMHA ‏ - Young Men's Hebrew Association) הוא ארגון למטרות פנאי, חינוך, צדקה ופעילות חברתית בקרב קהילות יהודיות בארצות הברית.",מרכז קהילתי,מ״ק.08,מרכז קהילתי,weak,10,מספר קטן | מטר מעוקב | מרכז קהילתי | מועד קטן | מכשיר קשר | מרא קמא | מחנה קבע | מילת קריאה | מלכין קדמאין | משמע קצת,substituted,yes,wikipedia,מרכז קהילתי יהודי,unreviewed,,substitution,wiki_substituted
ha-02145,מ״ק,"המרכז הגאה תל אביב-יפו (מכונה גם לעיתים המרכז העירוני לקהילה הגאה) הוא מ״ק עירוני המיועד לקהילה הלהט""בית בתל אביב-יפו והסביבה.",מרכז קהילתי,מ״ק.08,מרכז קהילתי,weak,10,מספר קטן | מטר מעוקב | מרכז קהילתי | מועד קטן | מכשיר קשר | מרא קמא | מחנה קבע | מילת קריאה | מלכין קדמאין | משמע קצת,substituted,yes,wikipedia,המרכז הגאה תל אביב-יפו,unreviewed,,substitution,wiki_substituted
ha-03022,שו״ב,"ישנם מקרים בהם שו״ב יוסמך לשחיטת עופות בלבד, ויש שילמד היקף גדול יותר של הלכות ויוסמך אף לשחיטת בהמה דקה וגסה, היינו: כבשים עזים ובקר.",שוחט ובודק,שו״ב.01,שוחט ובודק,weak,4,שם משפחה יהודי | שליטה ובקרה | שיכון ובינוי | שוחט ובודק,substituted,yes,wikipedia,שוחט,unreviewed,,substitution,wiki_substituted
ha-03023,שו״ב,"הרב יעקב בצלאל פייגון שניידר (1842–1916) היה מורה, רב, דיין, שו״ב בעיירה בלוגורודקה שברוסיה (כיום אוקראינה).",שוחט ובודק,שו״ב.01,שוחט ובודק,weak,4,שם משפחה יהודי | שליטה ובקרה | שיכון ובינוי | שוחט ובודק,substituted,yes,wikipedia,יעקב בצלאל שניידר,unreviewed,,substitution,wiki_substituted
ha-03024,שו״ב,"שו״ב, ששימש גם כבעל תפילה ומלמד תורה לילדים.",שוחט ובודק,שו״ב.01,שוחט ובודק,weak,4,שם משפחה יהודי | שליטה ובקרה | שיכון ובינוי | שוחט ובודק,substituted,yes,wikipedia,טיססלקה,unreviewed,,substitution,wiki_substituted
ha-03025,שו״ב,חברות שו״ב פועלות בלמעלה מעשרים מדינות ברחבי העולם.,שיכון ובינוי,שו״ב.02,שיכון ובינוי,weak,4,שם משפחה יהודי | שליטה ובקרה | שיכון ובינוי | שוחט ובודק,substituted,yes,wikipedia,שיכון ובינוי,unreviewed,,substitution,wiki_substituted
ha-03026,שו״ב,"בשנת 1996 נמכרה השליטה בקבוצת ""שו״ב"" לחברת ""אריסון השקעות"" (בבעלות איש העסקים תד אריסון) ולעובדי החברה תמורת 300 מיליון שקל.",שיכון ובינוי,שו״ב.02,שיכון ובינוי,weak,4,שם משפחה יהודי | שליטה ובקרה | שיכון ובינוי | שוחט ובודק,substituted,yes,wikipedia,שיכון ובינוי,unreviewed,,substitution,wiki_substituted
ha-03027,שו״ב,"וכבר ביום המסחר הראשון זינק מחיר המניה של ""שו״ב"" ב-25%, ויום לאחר מכן הוסיף שערה ועלה ב-8% נוספים.",שיכון ובינוי,שו״ב.02,שיכון ובינוי,weak,4,שם משפחה יהודי | שליטה ובקרה | שיכון ובינוי | שוחט ובודק,substituted,yes,wikipedia,שיכון ובינוי,unreviewed,,substitution,wiki_substituted
ha-03028,שו״ב,"מפקדה היא מרכז פיקוד, שו״ב; מפקדה היא דרג הקובע מדיניות ונושא באחריות ההחלטות בתחום המדיניות.",שליטה ובקרה,שו״ב.03,שליטה ובקרה,weak,4,שם משפחה יהודי | שליטה ובקרה | שיכון ובינוי | שוחט ובודק,substituted,yes,wikipedia,מפקדה,unreviewed,,substitution,wiki_substituted
ha-03029,שו״ב,בקטר קיימות מערכות שו״ב על תפקוד ההנעה ומערכות מסייעות כגון בקרת אקלים ותאורה.,שליטה ובקרה,שו״ב.03,שליטה ובקרה,weak,4,שם משפחה יהודי | שליטה ובקרה | שיכון ובינוי | שוחט ובודק,substituted,yes,wikipedia,רכבת,unreviewed,,substitution,wiki_substituted
ha-03030,שו״ב,"כוחות האוויר מורכבים מצוותי אוויר ותמיכה משמעותית של צוותי הקרקע, לוגיסטיקה, תחזוקה, חימוש, כוחות אבטחה, מודיעין, שו״ב תמיכה בחלל וסייבר ועוד.",שליטה ובקרה,שו״ב.03,שליטה ובקרה,weak,4,שם משפחה יהודי | שליטה ובקרה | שיכון ובינוי | שוחט ובודק,substituted,yes,wikipedia,חיל אוויר,unreviewed,,substitution,wiki_substituted
ha-03031,שו״ב,שו״ב מעיד לכאורה על השתייכותו של אדם למשפחה יהודית.,שם משפחה יהודי,שו״ב.04,שם משפחה יהודי,weak,4,שם משפחה יהודי | שליטה ובקרה | שיכון ובינוי | שוחט ובודק,substituted,yes,wikipedia,שם משפחה יהודי,unreviewed,,substitution,wiki_substituted
ha-03032,שו״ב,בֶּלְקִינְד (ברוסית: Белкинд) הוא שו״ב אשכנזי ממקור רוסי.,שם משפחה יהודי,שו״ב.04,שם משפחה יהודי,weak,4,שם משפחה יהודי | שליטה ובקרה | שיכון ובינוי | שוחט ובודק,substituted,yes,wikipedia,בלקינד,unreviewed,,substitution,wiki_substituted
ha-03033,שו״ב,אַבְּרַבַנְאֵל הוא שו״ב הנפוץ בקרב יהודים יוצאי ספרד.,שם משפחה יהודי,שו״ב.04,שם משפחה יהודי,weak,4,שם משפחה יהודי | שליטה ובקרה | שיכון ובינוי | שוחט ובודק,substituted,yes,wikipedia,אברבנאל,unreviewed,,substitution,wiki_substituted
ha-03353,ת״פ,"הארמיות בצבאות המעצמות היריבות (ארצות הברית, בריטניה, גרמניה וברית המועצות) הוצבו ת״פ של קבוצת ארמיות, או חזית (במקרה של הצבא הסובייטי).",תחת פיקוד,ת״פ.01,תחת פיקוד,weak,2,תחת פיקוד | תיק פלילי,substituted,yes,wikipedia,ארמייה,unreviewed,,substitution,wiki_substituted
ha-03354,ת״פ,"במהלך מבצע מקרה כחול לחמה הדיוויזיה כחלק מהארמייה ה-17 והשתתפה עמה בקרב על קווקז, ובאוקטובר 1943 הועברה ת״פ הארמייה השישית, ולחמה עמה במהלך קרב דנייפר.",תחת פיקוד,ת״פ.01,תחת פיקוד,weak,2,תחת פיקוד | תיק פלילי,substituted,yes,wikipedia,הדיוויזיה ה-73 (ורמאכט),unreviewed,,substitution,wiki_substituted
ha-03355,ת״פ,"באוגוסט 1944 הועברה הדיוויזיה ת״פ הארמייה התשיעית באזור ורשה, ולחמה ת״פ קורפוס הפאנצר אס אס ה-4, ולאחר מכן ת״פ קורפוס הפאנצר ה-46, ולחמה עמו במהלך מבצע ויסלה-אודר.",תחת פיקוד,ת״פ.01,תחת פיקוד,weak,2,תחת פיקוד | תיק פלילי,substituted,yes,wikipedia,הדיוויזיה ה-73 (ורמאכט),unreviewed,,substitution,wiki_substituted
ha-03356,ת״פ,"בישראל, סגירת ת״פ היא הליך מנהלי, הננקט במסגרת חקירה משטרתית בעניין חשד לעבירה פלילית.",תיק פלילי,ת״פ.02,תיק פלילי,weak,2,תחת פיקוד | תיק פלילי,substituted,yes,wikipedia,סגירת תיק פלילי,unreviewed,,substitution,wiki_substituted
ha-03357,ת״פ,"הגורם המשטרתי המוסמך יקבע את דרך הטיפול באירועים, אם יפתח ת״פ או שהאירוע יועבר לגורמים אחרים.",תיק פלילי,ת״פ.02,תיק פלילי,weak,2,תחת פיקוד | תיק פלילי,substituted,yes,wikipedia,אירוע משטרתי,unreviewed,,substitution,wiki_substituted
ha-03358,ת״פ,"בעקבות הממצאים נפתח ת״פ נגד גולן באשמת זיוף, אך במרץ 2012 הוא זוכה מהאישום נגדו.",תיק פלילי,ת״פ.02,תיק פלילי,weak,2,תחת פיקוד | תיק פלילי,substituted,yes,wikipedia,מערת תלפיות,unreviewed,,substitution,wiki_substituted
ha-02821,רה״ק,רה״ק מאופיינת בדרך כלל כנוכחות האלוהית השורה על הבריאה כולה ומחייה אותה.,רוח הקודש,רה״ק.01,רוח הקודש,weak,2,רוח הקודש | רבותינו הקדושים,substituted,no,wikipedia,רוח הקודש (נצרות),unreviewed,,substitution,wiki_substituted
ha-02822,רה״ק,"חוויות ההתגלות וההשראה באמונה הנוצרית מתוארות כצליחתה של רה״ק על האדם, וטקסים רבים בכנסיות השונות מיועדים לשם השגתה של חוויה כזו.",רוח הקודש,רה״ק.01,רוח הקודש,weak,2,רוח הקודש | רבותינו הקדושים,substituted,no,wikipedia,רוח הקודש (נצרות),unreviewed,,substitution,wiki_substituted
ha-02823,רה״ק,"בשונה מביהדות, אשר שם רה״ק מתוארת בלשון נקבה, מתוקף האמונה הנוצרית באלוהותו של רה״ק, נהוג לפנות אליו בלשון זכר בעברית ובשפות אחרות כפי שפונים לאלהים.",רוח הקודש,רה״ק.01,רוח הקודש,weak,2,רוח הקודש | רבותינו הקדושים,substituted,no,wikipedia,רוח הקודש (נצרות),unreviewed,,substitution,wiki_substituted
ha-00644,ב״י,"ב״י הוא ספרו של רבי יוסף קארו, העוסק בבירור הלכות שמקורן בתלמוד ובראשונים, ופסק ההלכה.",בית יוסף,ב״י.01,בית יוסף,weak,7,בן יהודה | בני ישראל | בית ישראל | בית יעקב | בר יוחאי | בית יוסף | ברוך ישראל,substituted,yes,wikipedia,בית יוסף,unreviewed,,substitution,wiki_substituted
ha-00645,ב״י,ב״י הייתה שכונה יהודית קטנה בירושלים בין השנים 1887 ל-1929 בערך.,בית יוסף,ב״י.01,בית יוסף,weak,7,בן יהודה | בני ישראל | בית ישראל | בית יעקב | בר יוחאי | בית יוסף | ברוך ישראל,substituted,yes,wikipedia,בית יוסף (שכונה),unreviewed,,substitution,wiki_substituted
ha-00646,ב״י,"ספר זה הוא המקור למבנה ולניסוח של רוב ההלכות בספר שולחן ערוך שנכתב כמאתיים שנה מאוחר יותר, בידי רבי יוסף קארו, שבנוי כקיצור לפירושו על ספר ארבעה טורים, הנקרא ב״י.",בית יוסף,ב״י.01,בית יוסף,weak,7,בן יהודה | בני ישראל | בית ישראל | בית יעקב | בר יוחאי | בית יוסף | ברוך ישראל,substituted,yes,wikipedia,ארבעה טורים,unreviewed,,substitution,wiki_substituted
ha-00647,ב״י,"תנועת ב״י היא תנועת בתי ספר חרדית לבנות, הגדולה בעולם.",בית יעקב,ב״י.02,בית יעקב,weak,7,בן יהודה | בני ישראל | בית ישראל | בית יעקב | בר יוחאי | בית יוסף | ברוך ישראל,substituted,yes,wikipedia,בית יעקב,unreviewed,,substitution,wiki_substituted
ha-00648,ב״י,"""ב״י"" הוקמה ב-1918 בקרקוב על ידי שרה שנירר והתפתחה בידי תלמידותיה באירופה ובהמשך בארצות הברית ובישראל.",בית יעקב,ב״י.02,בית יעקב,weak,7,בן יהודה | בני ישראל | בית ישראל | בית יעקב | בר יוחאי | בית יוסף | ברוך ישראל,substituted,yes,wikipedia,בית יעקב,unreviewed,,substitution,wiki_substituted
ha-00649,ב״י,"גם בגליציה, התנגדה חסידות בעלזא לבתי הספר של ב״י, ואף במידה רבה נמנעה בעלזא להיכנס לרשת אגודת ישראל בעקבות כך.",בית יעקב,ב״י.02,בית יעקב,weak,7,בן יהודה | בני ישראל | בית ישראל | בית יעקב | בר יוחאי | בית יוסף | ברוך ישראל,substituted,yes,wikipedia,בית יעקב,unreviewed,,substitution,wiki_substituted
ha-00650,ב״י,ב״י היא שכונה חרדית בירושלים מצפון לשכונת מאה שערים.,בית ישראל,ב״י.03,בית ישראל,weak,7,בן יהודה | בני ישראל | בית ישראל | בית יעקב | בר יוחאי | בית יוסף | ברוך ישראל,substituted,yes,wikipedia,בית ישראל (שכונה),unreviewed,,substitution,wiki_substituted
ha-00651,ב״י,"לאחר הקמת שכונת ב״י המשיכה החברה שהקימה את השכונה ביוזמת הבנייה לנצרכים, וב-1889 הקימה את 'שכונת שערי פינה'.",בית ישראל,ב״י.03,בית ישראל,weak,7,בן יהודה | בני ישראל | בית ישראל | בית יעקב | בר יוחאי | בית יוסף | ברוך ישראל,substituted,yes,wikipedia,בית ישראל (שכונה),unreviewed,,substitution,wiki_substituted
ha-00652,ב״י,"בתקופת המנדט התפשטה השכונה, ומצפון לה הוקמה בצמוד אליה שכונת 'ב״י החדשה'.",בית ישראל,ב״י.03,בית ישראל,weak,7,בן יהודה | בני ישראל | בית ישראל | בית יעקב | בר יוחאי | בית יוסף | ברוך ישראל,substituted,yes,wikipedia,בית ישראל (שכונה),unreviewed,,substitution,wiki_substituted
ha-00653,ב״י,ההיסטוריון אורי קציר מספר כי חברה קדישא סירבה לקבור את ב״י משום שנחשב בעיני ראשיה ובעיני רבים מחבריה ככופר.,בן יהודה,ב״י.04,בן יהודה,weak,7,בן יהודה | בני ישראל | בית ישראל | בית יעקב | בר יוחאי | בית יוסף | ברוך ישראל,substituted,yes,wikipedia,אליעזר בן-יהודה,unreviewed,,substitution,wiki_substituted
ha-00654,ב״י,"בין חברי המערכת היה גם משה בר-נסים, שהיה עוזרו ויד ימינו של אליעזר ב״י במשך 22 שנים (1904–1926).",בן יהודה,ב״י.04,בן יהודה,weak,7,בן יהודה | בני ישראל | בית ישראל | בית יעקב | בר יוחאי | בית יוסף | ברוך ישראל,substituted,yes,wikipedia,דואר היום,unreviewed,,substitution,wiki_substituted
ha-00655,ב״י,"במסגרת ניסיונו של ב״י לשנות את שם העיתון יצא כתב העת מאוקטובר 1890 ועד מאי 1893 בשם ""האור"" ומעליו נכתב ""הוספה להצבי"".",בן יהודה,ב״י.04,בן יהודה,weak,7,בן יהודה | בני ישראל | בית ישראל | בית יעקב | בר יוחאי | בית יוסף | ברוך ישראל,substituted,yes,wikipedia,הצבי,unreviewed,,substitution,wiki_substituted
ha-00656,ב״י,"ספר במדבר עוסק בנדידת ב״י במדבר, תקופה של כ-40 שנה, בין היציאה ממצרים עד לכניסה לארץ ישראל, ולמעשה מתמקד רק בתחילת התקופה הזו ובסופה.",בני ישראל,ב״י.05,בני ישראל,weak,7,בן יהודה | בני ישראל | בית ישראל | בית יעקב | בר יוחאי | בית יוסף | ברוך ישראל,substituted,yes,wikipedia,במדבר,unreviewed,,substitution,wiki_substituted
ha-00657,ב״י,"האירועים המרכזיים הם חטאי ב״י במדבר כמו חטא המתאוננים בתבערה, חטא המתאווים בקברות התאוה, חטא המרגלים וקורח ועדתו.",בני ישראל,ב״י.05,בני ישראל,weak,7,בן יהודה | בני ישראל | בית ישראל | בית יעקב | בר יוחאי | בית יוסף | ברוך ישראל,substituted,yes,wikipedia,במדבר,unreviewed,,substitution,wiki_substituted
ha-00658,ב״י,שארית הכנעני יושב הארץ החלה מתחזקת בעמקים ודוחקת את ב״י לכיוון הר אפרים – אזור שלא נתיישב בתקופה הקודמת.,בני ישראל,ב״י.05,בני ישראל,weak,7,בן יהודה | בני ישראל | בית ישראל | בית יעקב | בר יוחאי | בית יוסף | ברוך ישראל,substituted,yes,wikipedia,ספר שופטים,unreviewed,,substitution,wiki_substituted
ha-00659,ב״י,"שיטתו של רבי שמעון ב״י מתבססת על מחשבות האדם (""הלוך אחר המחשבה""), או פנימיות הדבר (היפך החיצוניות, הנראית לעין).",בר יוחאי,ב״י.06,בר יוחאי,weak,7,בן יהודה | בני ישראל | בית ישראל | בית יעקב | בר יוחאי | בית יוסף | ברוך ישראל,substituted,yes,wikipedia,רבי שמעון בר יוחאי,unreviewed,,substitution,wiki_substituted
ha-00660,ב״י,"ישנו אזכור ב""מדרש תנחומא"" לחכם בשם רבי יעקב ב״י, תלמידו של רבי יונתן, שחי לכאורה בדור הרביעי או החמישי לתנאים.",בר יוחאי,ב״י.06,בר יוחאי,weak,7,בן יהודה | בני ישראל | בית ישראל | בית יעקב | בר יוחאי | בית יוסף | ברוך ישראל,substituted,yes,wikipedia,רבי שמעון בר יוחאי,unreviewed,,substitution,wiki_substituted
ha-00661,ב״י,"במאי 2025 יצא סרט טלוויזיה מונפש בשם ""ב״י"", המתאר את מסכת חייו של רבי שמעון, בהפקת ערוץ 97.",בר יוחאי,ב״י.06,בר יוחאי,weak,7,בן יהודה | בני ישראל | בית ישראל | בית יעקב | בר יוחאי | בית יוסף | ברוך ישראל,substituted,yes,wikipedia,רבי שמעון בר יוחאי,unreviewed,,substitution,wiki_substituted
ha-00662,ב״י,כן הוציא תהילים עם פירוש ויחל משה-ב״י מסבו המגיד מקוז'ניץ.,ברוך ישראל,ב״י.07,ברוך ישראל,weak,7,בן יהודה | בני ישראל | בית ישראל | בית יעקב | בר יוחאי | בית יוסף | ברוך ישראל,substituted,yes,wikipedia,חסידות גלגוב,unreviewed,,substitution,wiki_substituted
ha-02919,רש״י,"רחיים אלה מכונים ""רש״י"" (תוספתא, זבים, ד,ב) מורכבים מאבן שכב שצורתה מלבן שטוח ומאבן רכב דמוית מסגרת מלבנית בעלת חריץ בתחתיתה.",רחיים של יד,רש״י.01,רחיים של יד,weak,2,ר' שלמה יצחקי | רחיים של יד,substituted,no,wikipedia,מוזיאון בית מרים - הים ומלואו,unreviewed,,substitution,wiki_substituted
ha-02920,רש״י,"תפוקתם של מתקני הטחינה הראשונים בעלי רש״י, שהופעלו בעזרת פלג של שספיקתו כמאה ליטר מים לשנייה, הייתה כקילוגרם ורבע קמח לשעה במשך כל היממה, כלומר היא החליפה עבודה ידנית של שלושה – ארבעה אנשים.",רחיים של יד,רש״י.01,רחיים של יד,weak,2,ר' שלמה יצחקי | רחיים של יד,substituted,no,wikipedia,טחנת קמח עתיקה בארץ ישראל,unreviewed,,substitution,wiki_substituted
ha-00509,בל״ע,"בל״ע הרע (ביידיש: ""קעניינע הארע"") הוא אלבום סולו של הזמר-יוצר החסידי-אמריקאי ליפא שמלצר.",בלי עין,בל״ע.01,בלי עין,weak,2,בלי עין | בלשון ערב,substituted,no,wikipedia,בלי עין הרע (אלבום של ליפא שמלצר),unreviewed,,substitution,wiki_substituted
ha-00510,בל״ע,"הביטוי ביידיש "" קיין עין הרע"" (בל״ע הרע) הוא אפוטרופאי מטבעו, ומקביל לביטוי ""הקש בעץ"".",בלי עין,בל״ע.01,בלי עין,weak,2,בלי עין | בלשון ערב,substituted,no,wikipedia,אפוטרופאיזם,unreviewed,,substitution,wiki_substituted
ha-00511,בל״ע,"בשנת 2001 הוציאה את אלבומה הראשון בל״ע הרע, דיסק אוטוביוגרפי בסגנון פופ אלקטרוני המשלב מוטיבים אתניים עם מוזיקה עכשווית.",בלי עין,בל״ע.01,בלי עין,weak,2,בלי עין | בלשון ערב,substituted,no,wikipedia,אדרת (זמרת),unreviewed,,substitution,wiki_substituted
ha-02485,ע״ס,"ע״ס היא מקצוע טיפולי העוסק בבעיות חברתיות ובסיבות שגרמו להן, על ידי קידום יחידים, משפחות וקהילות מעבר למגבלות ולקשיים בהם הם נתונים.",עבודה סוציאלית,ע״ס.01,עבודה סוציאלית,weak,4,על סמך | על סך | עבודה סוציאלית | עשר ספירות,substituted,yes,wikipedia,עבודה סוציאלית,unreviewed,,substitution,wiki_substituted
ha-02486,ע״ס,"בשנת 1917 הגתה מרי ריצ'מונד, המזוהה כאם של ע״ס פרטנית, את בסיס הידע הראשוני השיטתי לעבודה בארגון.",עבודה סוציאלית,ע״ס.01,עבודה סוציאלית,weak,4,על סמך | על סך | עבודה סוציאלית | עשר ספירות,substituted,yes,wikipedia,עבודה סוציאלית,unreviewed,,substitution,wiki_substituted
ha-02487,ע״ס,"בשנת 1915, אברהם פלקסנר הציג בנאומו את ממצאיו בנוגע לשאלה האם ע״ס היא מקצוע.",עבודה סוציאלית,ע״ס.01,עבודה סוציאלית,weak,4,על סמך | על סך | עבודה סוציאלית | עשר ספירות,substituted,yes,wikipedia,עבודה סוציאלית,unreviewed,,substitution,wiki_substituted
ha-02488,ע״ס,בסוף שנת 2016 עמד החוב הממשלתי ע״ס 740.8 מיליארד שקל – שמהווים 62.2% מהתוצר בסוף שנת 2017 עמד החוב הממשלתי ע״ס 747.1 מיליארד שקל.,על סך,ע״ס.02,על סך,weak,4,על סמך | על סך | עבודה סוציאלית | עשר ספירות,substituted,yes,wikipedia,חוב ציבורי,unreviewed,,substitution,wiki_substituted
ha-02489,ע״ס,בסוף שנת 2018 עמד החוב הממשלתי ע״ס 788.3 מיליארד שקל.,על סך,ע״ס.02,על סך,weak,4,על סמך | על סך | עבודה סוציאלית | עשר ספירות,substituted,yes,wikipedia,חוב ציבורי,unreviewed,,substitution,wiki_substituted
ha-02490,ע״ס,"בסוף שנת 2019 עמד החוב הממשלתי ע״ס 822.3 מיליארד שקל – שמהווים 60% מהתוצר בסוף שנת 2020 עמד החוב הממשלתי ע״ס 984.0 מיליארד שקל, שמהווים 72.4% מהתוצר.",על סך,ע״ס.02,על סך,weak,4,על סמך | על סך | עבודה סוציאלית | עשר ספירות,substituted,yes,wikipedia,חוב ציבורי,unreviewed,,substitution,wiki_substituted
ha-02491,ע״ס,מנחי הטלוויזיה נבחרים גם ע״ס מראם החיצוני.,על סמך,ע״ס.03,על סמך,weak,4,על סמך | על סך | עבודה סוציאלית | עשר ספירות,substituted,yes,wikipedia,מנחה (מקצוע),unreviewed,,substitution,wiki_substituted
ha-02492,ע״ס,"מיון זה מתבסס על הבדלים מורפולוגיים (צורניים), אולם מערכות נבדלות זו מזו לעיתים ע״ס המבנה הפנימי שלהן.",על סמך,ע״ס.03,על סמך,weak,4,על סמך | על סך | עבודה סוציאלית | עשר ספירות,substituted,yes,wikipedia,מערכה (טקסונומיה),unreviewed,,substitution,wiki_substituted
ha-02493,ע״ס,"צוות מרכז נתוני האסטרונומיה של שטרסבורג מבצע גם זיהוי צולב ע״ס תאימות של מספר פרמטרים, בגבול של אסטרומטריה טובה למדי.",על סמך,ע״ס.03,על סמך,weak,4,על סמך | על סך | עבודה סוציאלית | עשר ספירות,substituted,yes,wikipedia,SIMBAD,unreviewed,,substitution,wiki_substituted
ha-01305,ט״כ,ט״כ היא חובה הלכתית על מנת לאפשר ליהודים לאכול ולשתות בכלים שעברו מבעלות של גוי לבעלות יהודי.,טבילת כלים,ט״כ.01,טבילת כלים,weak,2,טבילת כלים | טעם כעיקר,substituted,no,wikipedia,טבילת כלים,unreviewed,,substitution,wiki_substituted
ha-01306,ט״כ,"ט״כ נעשית על פי רוב במקוואות קטנים מיוחדים ('מקווה כלים') הנמצאים בסמוך למקוואות טהרה, אך עקרונית יכולה להעשות בכל מקום מים הכשר לטבילה, כדוגמת אגמים, ימים, נהרות, מעיינות ובארות.",טבילת כלים,ט״כ.01,טבילת כלים,weak,2,טבילת כלים | טעם כעיקר,substituted,no,wikipedia,טבילת כלים,unreviewed,,substitution,wiki_substituted
ha-01307,ט״כ,"דין ט״כ הוא רק בכלי שנכנס מרשות הגוי לרשות היהודי, אך אכילת אוכל (כשר) בכלים של גוי שאינם טבולים מותרת.",טבילת כלים,ט״כ.01,טבילת כלים,weak,2,טבילת כלים | טעם כעיקר,substituted,no,wikipedia,טבילת כלים,unreviewed,,substitution,wiki_substituted
ha-01371,ימ״ח,המחנה משמש כמרכז של ימ״ח וכן כמפקדת גדוד ארז של חיל המשטרה הצבאית.,יחידת מחסני חירום,ימ״ח.01,יחידת מחסני חירום,weak,2,ימי מחבוש | יחידת מחסני חירום,substituted,yes,wikipedia,מחנה ענתות,unreviewed,,substitution,wiki_substituted
ha-01372,ימ״ח,"לאחר מעבר בית הספר למחנה סירקין ב-1951, הוא הפך לבסיס של ימ״ח עד לאחר מלחמת ששת הימים.",יחידת מחסני חירום,ימ״ח.01,יחידת מחסני חירום,weak,2,ימי מחבוש | יחידת מחסני חירום,substituted,yes,wikipedia,בסיס חיל האוויר המלכותי סנט ג'ין,unreviewed,,substitution,wiki_substituted
ha-01373,ימ״ח,"מפקדת מרכז ההובלה ומקום מושבו של מפקד המרכז שוכנת אף היא בבסיס, לצד ימ״ח של מרכז ההובלה.",יחידת מחסני חירום,ימ״ח.01,יחידת מחסני חירום,weak,2,ימי מחבוש | יחידת מחסני חירום,substituted,yes,wikipedia,מרכז ההובלה,unreviewed,,substitution,wiki_substituted
ha-01374,ימ״ח,"חייל בגבעתי נשלח לכלא ל־21 ימ״ח, על שסירב להסיר מעליו צמיד כתום, המביע הזדהות עם תושבי גוש קטיף.",ימי מחבוש,ימ״ח.02,ימי מחבוש,weak,2,ימי מחבוש | יחידת מחסני חירום,substituted,yes,wikipedia,המחאה נגד תוכנית ההתנתקות,unreviewed,,substitution,wiki_substituted
ha-01375,ימ״ח,"באחד המקרים הועמדה חיילת לדין משמעתי ונדונה ל-35 ימ״ח, באשמה שהדליפה מסמכים מסווגים לבלאו.",ימי מחבוש,ימ״ח.02,ימי מחבוש,weak,2,ימי מחבוש | יחידת מחסני חירום,substituted,yes,wikipedia,אורי בלאו,unreviewed,,substitution,wiki_substituted
ha-01376,ימ״ח,"בנובמבר 1986 הורשע בדין משמעתי בהתחברות לעבריינים והתנהגות שלא כהלכה במילוי תפקידו, ונדון ל־200 שקל קנס ו־7 ימ״ח על תנאי.",ימי מחבוש,ימ״ח.02,ימי מחבוש,weak,2,ימי מחבוש | יחידת מחסני חירום,substituted,yes,wikipedia,מישל חדד (עורך דין),unreviewed,,substitution,wiki_substituted
ha-00739,גב״ע,"גב״ע מוקדמת אינה חפה מבעיות, שכן לא תמיד הסתיימה החקירה ולעולם אין בידי החשוד חומר הראיות באופן שיאפשר לו לערוך חקירה נגדית באופן מיטבי.",גביית עדות,גב״ע.01,גביית עדות,weak,2,גבעת עדה | גביית עדות,substituted,yes,wikipedia,עדות מוקדמת,unreviewed,,substitution,wiki_substituted
ha-00740,גב״ע,מקרה ידוע של גב״ע מוקדמת היה זימונו של העד משה טלנסקי לעדות מוקדמת בפרשת מעטפות הכסף.,גביית עדות,גב״ע.01,גביית עדות,weak,2,גבעת עדה | גביית עדות,substituted,yes,wikipedia,עדות מוקדמת,unreviewed,,substitution,wiki_substituted
ha-00741,גב״ע,"שיטה זו נפוצה במיוחד לחקר תולדות הפולקלור והיסטוריה המקומית, אולם נמצאת בשימוש אף בשטחים אחרים שבהם גב״ע מפי אדם שנכח באירועים היסטוריים, עשויה להפיק מידע שלא ניתן למוצאו בתיעוד כתוב.",גביית עדות,גב״ע.01,גביית עדות,weak,2,גבעת עדה | גביית עדות,substituted,yes,wikipedia,היסטוריה שבעל-פה,unreviewed,,substitution,wiki_substituted
ha-00742,גב״ע,"בשנת 2003 היא אוחדה עם בנימינה הצעירה ממנה, לכדי מועצה מקומית מאוחדת אחת, בשם בנימינה-גב״ע.",גבעת עדה,גב״ע.02,גבעת עדה,weak,2,גבעת עדה | גביית עדות,substituted,yes,wikipedia,גבעת עדה,unreviewed,,substitution,wiki_substituted
ha-00743,גב״ע,שנים רבות הייתה גב״ע אי בודד של התיישבות יהודית בלב שטח שנשלט על ידי יישובים ערביים.,גבעת עדה,גב״ע.02,גבעת עדה,weak,2,גבעת עדה | גביית עדות,substituted,yes,wikipedia,גבעת עדה,unreviewed,,substitution,wiki_substituted
ha-00744,גב״ע,"גב״ע סבלה רבות מפרעות הכנופיות הערביות בתקופת המאורעות, ובעיקר בשנות ה-20 וה-30 של המאה ה-20.",גבעת עדה,גב״ע.02,גבעת עדה,weak,2,גבעת עדה | גביית עדות,substituted,yes,wikipedia,גבעת עדה,unreviewed,,substitution,wiki_substituted
ha-02907,רשב״א,רשב״א היה אמורא בדור החמישי (או שישי) לאמוראי בבל.,רב שימי בר אשי,רשב״א.01,רב שימי בר אשי,weak,4,רבי שמעון בן אלעזר | רב שימי בר אשי | רבי שלמה בן אדרת | רבי שלמה בן אברהם (רבי שלמה מן ההר),substituted,yes,wikipedia,רב שימי בר אשי,unreviewed,,substitution,wiki_substituted
ha-02908,רשב״א,"רשב״א שהה תקופה מסוימת בפום נהרא, בישיבתו של רב כהנא, וייתכן ששימש בתפקיד מסוים שם.",רב שימי בר אשי,רשב״א.01,רב שימי בר אשי,weak,4,רבי שמעון בן אלעזר | רב שימי בר אשי | רבי שלמה בן אדרת | רבי שלמה בן אברהם (רבי שלמה מן ההר),substituted,yes,wikipedia,רב שימי בר אשי,unreviewed,,substitution,wiki_substituted
ha-02909,רשב״א,"אמר רשב״א: למעוטי שאם אכל חֵלֶב חי שפטור"".",רב שימי בר אשי,רשב״א.01,רב שימי בר אשי,weak,4,רבי שמעון בן אלעזר | רב שימי בר אשי | רבי שלמה בן אדרת | רבי שלמה בן אברהם (רבי שלמה מן ההר),substituted,yes,wikipedia,רב שימי בר אשי,unreviewed,,substitution,wiki_substituted
ha-02910,רשב״א,"רשב״א היה תנא מהדור החמישי, מתלמידיו של רבי מאיר.",רבי שמעון בן אלעזר,רשב״א.02,רבי שמעון בן אלעזר,weak,4,רבי שמעון בן אלעזר | רב שימי בר אשי | רבי שלמה בן אדרת | רבי שלמה בן אברהם (רבי שלמה מן ההר),substituted,yes,wikipedia,רבי שמעון בן אלעזר,unreviewed,,substitution,wiki_substituted
ha-02911,רשב״א,"אבל בשום מקום לא הביא רשב״א מימרא כלשהי מרבי אלעזר בן שמוע, הגם שרבי אלעזר בן שמוע האריך ימים והיה רבו של רבי יהודה הנשיא, חברו של רשב״א.",רבי שמעון בן אלעזר,רשב״א.02,רבי שמעון בן אלעזר,weak,4,רבי שמעון בן אלעזר | רב שימי בר אשי | רבי שלמה בן אדרת | רבי שלמה בן אברהם (רבי שלמה מן ההר),substituted,yes,wikipedia,רבי שמעון בן אלעזר,unreviewed,,substitution,wiki_substituted
ha-02912,רשב״א,קברו העממי של רשב״א מצוין כיום בשני מקומות.,רבי שמעון בן אלעזר,רשב״א.02,רבי שמעון בן אלעזר,weak,4,רבי שמעון בן אלעזר | רב שימי בר אשי | רבי שלמה בן אדרת | רבי שלמה בן אברהם (רבי שלמה מן ההר),substituted,yes,wikipedia,רבי שמעון בן אלעזר,unreviewed,,substitution,wiki_substituted
ha-03239,תא״מ,מחלקת ההגנה של ארצות הברית הוציא לאור את MIL-STD-461 בשנת 1967 כדי לשלב תא״מ בשלב המחקר והפיתוח של טכנולוגיית תקשורת ביטחונית.,תאימות אלקטרומגנטית,תא״מ.01,תאימות אלקטרומגנטית,weak,2,תאימות אלקטרומגנטית | תיק אזרחי בסדר דין מהיר,substituted,no,wikipedia,MIL-STD-461,unreviewed,,substitution,wiki_substituted
ha-03240,תא״מ,בדורות האחרונים של הטכנולוגיה הוגברה ההקפדה על תא״מ ופליטת גלי הרדיו ירדה לרמה זניחה.,תאימות אלקטרומגנטית,תא״מ.01,תאימות אלקטרומגנטית,weak,2,תאימות אלקטרומגנטית | תיק אזרחי בסדר דין מהיר,substituted,no,wikipedia,שפופרת קרן קתודית (התקן תצוגה),unreviewed,,substitution,wiki_substituted
ha-03241,תא״מ,"זוהי גם הגדרה המשמשת מינהלי תדרים לשם הקצאות תדרים והקצאת ערוצי תדר לתחנות רדיו או למערכות, וכן לניתוח תא״מ בין שירותי רדיו שונים.",תאימות אלקטרומגנטית,תא״מ.01,תאימות אלקטרומגנטית,weak,2,תאימות אלקטרומגנטית | תיק אזרחי בסדר דין מהיר,substituted,no,wikipedia,הפרעה אלקטרומגנטית,unreviewed,,substitution,wiki_substituted
ha-00481,ביה״כ,"ביה״כ מכונה ""מקדש מעט"" מפאת קדושתו והשוואתו לבית המקדש.",בית הכנסת,ביה״כ.01,בית הכנסת,weak,2,בית הכנסת | בית הכסא,substituted,no,wikipedia,בית כנסת,unreviewed,,substitution,wiki_substituted
ha-00482,ביה״כ,"כך, למשל, ביה״כ שאותר בגמלא שברמת הגולן, אשר היה פעיל עד המרד הגדול.",בית הכנסת,ביה״כ.01,בית הכנסת,weak,2,בית הכנסת | בית הכסא,substituted,no,wikipedia,בית כנסת,unreviewed,,substitution,wiki_substituted
ha-00483,ביה״כ,"לאחר חורבן בית המקדש השני עלתה חשיבותו של ביה״כ, כאשר החלו לקיים בו תפילות.",בית הכנסת,ביה״כ.01,בית הכנסת,weak,2,בית הכנסת | בית הכסא,substituted,no,wikipedia,בית כנסת,unreviewed,,substitution,wiki_substituted
ha-01556,לפ״ד,"תקופת ניסן שבשנה זו היא תחילת שנת 8 (סימנה חיהז) במחזור השמש ה-203.שנה זו היא שנת 1,835 לחורבן הבית, ושנת 2,215 לשטרות.לפ״ד רוב הראשונים שנה זו היא שנת היובל.",לפי דברי,לפ״ד.01,לפי דברי,weak,2,"לפי דברי | לפי דעתו, לפי דעתי",substituted,no,wikipedia,"ה'תרס""ד",unreviewed,,substitution,wiki_substituted
ha-01557,לפ״ד,לפ״ד החוקר יוהאן הויזינחה שעה ששקעו מסדרי האבירים שהשתתפו בפועל במסעי הצלב הועתקו תפקידיהם מן המישור המעשי למישור הסמלי והמשחקי.,לפי דברי,לפ״ד.01,לפי דברי,weak,2,"לפי דברי | לפי דעתו, לפי דעתי",substituted,no,wikipedia,מסדר אבירות,unreviewed,,substitution,wiki_substituted
ha-01558,לפ״ד,"תקופת ניסן שבשנה זו היא תחילת שנת 15 (סימנה טויזא) במחזור השמש ה-201.שנה זו היא שנת 1,786 לחורבן הבית, ושנת 2,166 לשטרות.לפ״ד רוב הראשונים שנה זו היא שנת היובל.",לפי דברי,לפ״ד.01,לפי דברי,weak,2,"לפי דברי | לפי דעתו, לפי דעתי",substituted,no,wikipedia,"ה'תרט""ו",unreviewed,,substitution,wiki_substituted
ha-02239,נ״ל,"""נ״ל שהחיים שלי הם רחוקים מעצמי"" הוא תיאור מייצג של אדם הסובל ממלנכוליה.",נראה לי,נ״ל.01,נראה לי,weak,3,נראה לי | נזכר לעיל | נכתב לקמן,substituted,no,wikipedia,מלנכוליה,unreviewed,,substitution,wiki_substituted
ha-02240,נ״ל,"אמנם בספרו ""משנה תורה"", בבואו לפסוק הלכה כתב את הדין בלשון מסויגת: נ״ל שיכולים כל חכמי ארץ ישראל להתאסף ולחדש את הסמיכה, ""והדבר צריך הכרע"".",נראה לי,נ״ל.01,נראה לי,weak,3,נראה לי | נזכר לעיל | נכתב לקמן,substituted,no,wikipedia,חידוש הסמיכה,unreviewed,,substitution,wiki_substituted
ha-02241,נ״ל,"פרופסור ברדלי כתב: ""המלך ליר"" נ״ל כהישגו הגדול ביותר של שייקספיר, אולם לא נ״ל כמחזהו הטוב ביותר.",נראה לי,נ״ל.01,נראה לי,weak,3,נראה לי | נזכר לעיל | נכתב לקמן,substituted,no,wikipedia,המלך ליר,unreviewed,,substitution,wiki_substituted
ha-02438,ע״ז,האיסור על ע״ז הוא אחת המצוות של עשרת הדיברות.,עבודה זרה,ע״ז.01,עבודה זרה,weak,2,על זה | עבודה זרה,substituted,yes,wikipedia,עבודה זרה,unreviewed,,substitution,wiki_substituted
ha-02439,ע״ז,"בנוסף על כך, יש איסור לחמוד ולקחת צלמיות ע״ז בשל שוויים הכספי.",עבודה זרה,ע״ז.01,עבודה זרה,weak,2,על זה | עבודה זרה,substituted,yes,wikipedia,עבודה זרה,unreviewed,,substitution,wiki_substituted
ha-02440,ע״ז,גם דברי הגדה של פסח המיוסדים על דברי רב במסכת פסחים: ”מתחִלה עובדי ע״ז היו אבותינו” מעידים על מגמה זו.,עבודה זרה,ע״ז.01,עבודה זרה,weak,2,על זה | עבודה זרה,substituted,yes,wikipedia,עבודה זרה,unreviewed,,substitution,wiki_substituted
ha-02441,ע״ז,"למשל, מסה קובעת את כוח הכבידה שמפעילים גופים זה ע״ז.",על זה,ע״ז.02,על זה,weak,2,על זה | עבודה זרה,substituted,yes,wikipedia,מסה,unreviewed,,substitution,wiki_substituted
ha-02442,ע״ז,"ככל שמסת הגופים עולה, כמות הכבידה שהם מפעילים זה ע״ז עולה ביחס ישר.",על זה,ע״ז.02,על זה,weak,2,על זה | עבודה זרה,substituted,yes,wikipedia,מסה,unreviewed,,substitution,wiki_substituted
ha-02443,ע״ז,מלחמה היא מאבק אלים בעצימות גבוהה בין גופים מדיניים וצבאיים על מנת לכפות את רצונם זה ע״ז או למנוע כפייה כזו.,על זה,ע״ז.02,על זה,weak,2,על זה | עבודה זרה,substituted,yes,wikipedia,מלחמה,unreviewed,,substitution,wiki_substituted
ha-03233,ש״ת,"""שבת שובה"" (או ""ש״ת""), השבת בין ראש השנה ליום כיפור.",שבת תשובה,ש״ת.02,שבת תשובה,weak,3,שמחת תורה | שבת תשובה | שה תמים,substituted,yes,wikipedia,ימים נוראים,unreviewed,,substitution,wiki_substituted
ha-03234,ש״ת,"יש הקוראים לה ש״ת, על שם היותה השבת שבתוך עשרת ימי תשובה.",שבת תשובה,ש״ת.02,שבת תשובה,weak,3,שמחת תורה | שבת תשובה | שה תמים,substituted,yes,wikipedia,שבת,unreviewed,,substitution,wiki_substituted
ha-03235,ש״ת,"לאחר שהם מתחילים לצאת הוא מתגלה כצבוע המעמיד פני ש״ת וטהור כשלמעשה הוא כלל לא בתול (וזאת חרף הכבוד שהוא ובמיוחד אמו רוכשים לשמירת הבתולין עד החתונה, והציפייה המרומזת מאסתר להיות כזאת).",שה תמים,ש״ת.03,שה תמים,weak,3,שמחת תורה | שבת תשובה | שה תמים,substituted,yes,wikipedia,פעמון הזכוכית,unreviewed,,substitution,wiki_substituted
ha-03236,ש״ת,"עם התפשטותו של מנהג בבל בעולם היהודי כולו, ואף בארץ ישראל, התפשט גם מנהג חגיגות ש״ת, והתקבע בשמיני עצרת או ביום טוב שני שלו.",שמחת תורה,ש״ת.01,שמחת תורה,weak,3,שמחת תורה | שבת תשובה | שה תמים,substituted,yes,wikipedia,שמחת תורה,unreviewed,,substitution,wiki_substituted
ha-03237,ש״ת,"קיימת אמנם תשובה המיוחסת לאחד הגאונים ובה מופיע הביטוי ""יום ש״ת"" אבל ככל הנראה נוסח זה הוא תוספת מאוחרת לחיבור המקורי.",שמחת תורה,ש״ת.01,שמחת תורה,weak,3,שמחת תורה | שבת תשובה | שה תמים,substituted,yes,wikipedia,שמחת תורה,unreviewed,,substitution,wiki_substituted
ha-03238,ש״ת,"השם ""ש״ת"" מופיע בספר החילוקים מתחילת המאה השמינית כתיאור לשמחה שעשו בגמר קריאת ספר התורה, שם נאמר שבני בבל עושים ש״ת בחג הסוכות.",שמחת תורה,ש״ת.01,שמחת תורה,weak,3,שמחת תורה | שבת תשובה | שה תמים,substituted,yes,wikipedia,שמחת תורה,unreviewed,,substitution,wiki_substituted
ha-02096,מ״ע,"הלכות שקלים - מ״ע אחת, והיא ליתן כל איש מחצית השקל בכל שנה.",מצות עשה,מ״ע.01,מצות עשה,weak,2,מצות עשה | מנוחתו עדן,substituted,no,wikipedia,ספר זמנים,unreviewed,,substitution,wiki_substituted
ha-02097,מ״ע,"הלכות קידוש החודש - מ״ע אחת, והיא לחשוב ולידע ולקבוע באיזה יום הוא תחילת כל חודש וחודש מחודשי השנה.",מצות עשה,מ״ע.01,מצות עשה,weak,2,מצות עשה | מנוחתו עדן,substituted,no,wikipedia,ספר זמנים,unreviewed,,substitution,wiki_substituted
ha-02098,מ״ע,"הלכות עבודת יום הכיפורים נכללו בו מ״ע אחת:שיעשה מעשה יום הכיפורים כולו על הסדר כמו שכתוב בפרשת אחרי מות, הקרבנות והווידויים ושילוח השעיר ושאר העבודה.",מצות עשה,מ״ע.01,מצות עשה,weak,2,מצות עשה | מנוחתו עדן,substituted,no,wikipedia,ספר עבודה,unreviewed,,substitution,wiki_substituted
ha-01185,חי״ל,"עוצמה יהודית (בשמה הרשמי: ""חי״ל"") היא מפלגת ימין קיצוני ישראלית.",חזית יהודית לאומית,חי״ל.01,חזית יהודית לאומית,weak,3,חזית יהודית לאומית | (הבריגדה היהודית) אשר לחמה באירופה במלחמת העולם השניה | האגודה לפיתוח הימאות העברית ולהחדרת תודעתה בארץ ובעולם,substituted,no,wikipedia,עוצמה יהודית,unreviewed,,substitution,wiki_substituted
ha-01186,חי״ל,"בבחירות זכתה ""חי״ל"" בכ-25 אלף קולות, אך לא עברה את אחוז החסימה שעמד אז על כ-62 אלף קולות.",חזית יהודית לאומית,חי״ל.01,חזית יהודית לאומית,weak,3,חזית יהודית לאומית | (הבריגדה היהודית) אשר לחמה באירופה במלחמת העולם השניה | האגודה לפיתוח הימאות העברית ולהחדרת תודעתה בארץ ובעולם,substituted,no,wikipedia,עוצמה יהודית,unreviewed,,substitution,wiki_substituted
ha-01187,חי״ל,"הוא היה מועמד מטעם מפלגת חרות בבחירות לכנסת השש עשרה (2003) ומועמד מטעם מפלגת חי״ל בבחירות לכנסת השבע עשרה (2006), אך הרשימות לא עברו את אחוז החסימה.",חזית יהודית לאומית,חי״ל.01,חזית יהודית לאומית,weak,3,חזית יהודית לאומית | (הבריגדה היהודית) אשר לחמה באירופה במלחמת העולם השניה | האגודה לפיתוח הימאות העברית ולהחדרת תודעתה בארץ ובעולם,substituted,no,wikipedia,מיכאל בן ארי,unreviewed,,substitution,wiki_substituted
ha-02420,ע״ג,"התכנים מצויים ע״ג שרת מרכזי ולא ניתן לשמור תכנים אלו באופן מקומי, להבדיל מממירי ה-PVR (מקליט דיגיטלי אישי) המאפשרים להקליט תוכן טלוויזיוני ולצפות בו במועד מאוחר יותר.",על גבי,ע״ג.01,על גבי,weak,2,על גבי | עבודת גילולים,substituted,no,wikipedia,וידאו על פי דרישה,unreviewed,,substitution,wiki_substituted
ha-02421,ע״ג,ברשת הכבלים קיימות שתי שיטות עיקריות לעבודה ע״ג קו חזור.,על גבי,ע״ג.01,על גבי,weak,2,על גבי | עבודת גילולים,substituted,no,wikipedia,וידאו על פי דרישה,unreviewed,,substitution,wiki_substituted
ha-02422,ע״ג,"ישנם סוגים שונים של הדפס המובחנים באופן שבו מוטבע הדימוי ע״ג הנייר: דפוס בלט (Relief prints) בו הדימוי בולט כתבליט על פני לוח ההדפסה, כגון חיתוך עץ.",על גבי,ע״ג.01,על גבי,weak,2,על גבי | עבודת גילולים,substituted,no,wikipedia,הדפס,unreviewed,,substitution,wiki_substituted
ha-02713,קמ״ש,המכונית המהירה ביותר בעולם נכון לשנת 2025 היא ה-Yangwang U9 החשמלית (מבית BYD) שהגיע ל-497 קילומטר בשעה והמכונית הראשונה שהגיעה למהירות 200 קמ״ש היא היגואר XK120 ששברה שיא עולמי בשנת 1949.,קילומטרים לשעה,קמ״ש.01,קילומטרים לשעה,weak,3,קילומטרים לשעה | קצין משמרת | קצין משפטים,substituted,yes,wikipedia,המכונית המהירה ביותר בעולם,unreviewed,,substitution,wiki_substituted
ha-02714,קמ״ש,היא האיצה מ-0 ל-100 קמ״ש בתוך 3.7 שניות והגיעה למהירות מרבית של 345 קמ״ש.,קילומטרים לשעה,קמ״ש.01,קילומטרים לשעה,weak,3,קילומטרים לשעה | קצין משמרת | קצין משפטים,substituted,yes,wikipedia,אאודי R8,unreviewed,,substitution,wiki_substituted
ha-02715,קמ״ש,היא מאיצה מ-0 ל-100 קמ״ש בתוך 4.6 שניות ומגיעה למהירות מרבית של 301 קמ״ש.,קילומטרים לשעה,קמ״ש.01,קילומטרים לשעה,weak,3,קילומטרים לשעה | קצין משמרת | קצין משפטים,substituted,yes,wikipedia,אאודי R8,unreviewed,,substitution,wiki_substituted
ha-02716,קמ״ש,"קמ״ש גשר הוא הקצין האחראי לאונייה, נוסעיה ומטענה בעת המשמרת.",קצין משמרת,קמ״ש.02,קצין משמרת,weak,3,קילומטרים לשעה | קצין משמרת | קצין משפטים,substituted,yes,wikipedia,קצין משמרת גשר,unreviewed,,substitution,wiki_substituted
ha-02717,קמ״ש,רב חובל אנריקו לוי עוד כמנהל בית הספר הימי בחיפה ראה את קמ״ש גשר כמודל לחינוך.,קצין משמרת,קמ״ש.02,קצין משמרת,weak,3,קילומטרים לשעה | קצין משמרת | קצין משפטים,substituted,yes,wikipedia,קצין משמרת גשר,unreviewed,,substitution,wiki_substituted
ha-02718,קמ״ש,מיקום SOS' בעבר נדרש קמ״ש הגשר לרשום ביומן הנשמר אצל קצין האלחוט בתחילת המשמרת ובאמצעיתה את DR של האונייה.,קצין משמרת,קמ״ש.02,קצין משמרת,weak,3,קילומטרים לשעה | קצין משמרת | קצין משפטים,substituted,yes,wikipedia,קצין משמרת גשר,unreviewed,,substitution,wiki_substituted
ha-02719,קמ״ש,תחילה היו אלה דרגות של קמ״ש וקצין רפואה שהוענקו לבוגרי העתודה האקדמית.,קצין משפטים,קמ״ש.03,קצין משפטים,weak,3,קילומטרים לשעה | קצין משמרת | קצין משפטים,substituted,yes,wikipedia,"קצונה מקצועית בצה""ל",unreviewed,,substitution,wiki_substituted
ha-02720,קמ״ש,"בשנת 1949, עם קבלת רישיון לעריכת דין, החל לעבוד בתור קמ״ש בפרקליטות הצבאית בירושלים.",קצין משפטים,קמ״ש.03,קצין משפטים,weak,3,קילומטרים לשעה | קצין משמרת | קצין משפטים,substituted,yes,wikipedia,שבתי זכריה,unreviewed,,substitution,wiki_substituted
ha-02225,נ״ט,"ב־5 ביולי 2006 דווח כי צפון קוריאה ביצעה נ״ט של הטיל, ועל־פי דיווחים ראשוניים, הטיל כשל לאחר 35–40 שניות לאחר השיגור, והתרסק לתוך הים.",ניסוי טיסה,נ״ט.01,ניסוי טיסה,weak,2,ניסוי טיסה | צבא נגד טנקים,substituted,no,wikipedia,טייפודונג-2,unreviewed,,substitution,wiki_substituted
ha-02226,נ״ט,ישראל היא המדינה הראשונה לאחר ארצות הברית שמבצעת נ״ט לשילוב חימוש במטוס.,ניסוי טיסה,נ״ט.01,ניסוי טיסה,weak,2,ניסוי טיסה | צבא נגד טנקים,substituted,no,wikipedia,מרכז ניסויי טיסה,unreviewed,,substitution,wiki_substituted
ha-02227,נ״ט,חליפת המערכות והמטענים הייעודיים שיוכחו בכל נ״ט.,ניסוי טיסה,נ״ט.01,ניסוי טיסה,weak,2,ניסוי טיסה | צבא נגד טנקים,substituted,no,wikipedia,הנדסת אווירונאוטיקה,unreviewed,,substitution,wiki_substituted
ha-02646,צב״י,"לותר ראה בפסוק ""צב״י"" (חבקוק ב:4) את נקודת המשען לתורתו החדשה.",צדיק באמונתו יחיה,צב״י.01,צדיק באמונתו יחיה,weak,3,צדיק באמונתו יחיה | צרכני בריאות ישראל | צעיר באלפי ישראל,substituted,no,wikipedia,חמשת הבלבד,unreviewed,,substitution,wiki_substituted
ha-02824,רו״מ,"הדבר יביא לשינוי חיוני ומהותי ליישובי הנגב, בהתאם למורשתו של רו״מ, דוד בן-גוריון"".",רבי ומורי,רו״מ.02,רבי ומורי,weak,2,רבי ומורי | רום מעלתו,substituted,yes,wikipedia,"משרד הנגב, הגליל והחוסן הלאומי",unreviewed,,substitution,wiki_substituted
ha-02825,רו״מ,"תוך כדי דיבור / כדי שאילת תלמיד לרב - שיעור זמן אמירת המילים ""שלום עליך רו״מ"".",רבי ומורי,רו״מ.02,רבי ומורי,weak,2,רבי ומורי | רום מעלתו,substituted,yes,wikipedia,"רשימת מידות, שיעורים ומשקלות בהלכה",unreviewed,,substitution,wiki_substituted
ha-02826,רו״מ,"היוצא מן הכלל הוא הדוכס, שבשל רו״מ אין לקרוא לו לורד, אלא דוכס.",רום מעלתו,רו״מ.01,רום מעלתו,weak,2,רבי ומורי | רום מעלתו,substituted,yes,wikipedia,תוארי אצולה,unreviewed,,substitution,wiki_substituted
ha-02827,רו״מ,"תוארו של הנגיד הוא ""האח"" (Friar), אך בפנייה אליו הוא מכונה ""רו״מ"".",רום מעלתו,רו״מ.01,רום מעלתו,weak,2,רבי ומורי | רום מעלתו,substituted,yes,wikipedia,נגיד מסדר ההוספיטלרים,unreviewed,,substitution,wiki_substituted
ha-02828,רו״מ,"אחת מהתשובות בספר ממוענת אליו, ובה תולה ה""נודע ביהודה"" את פסק ההלכה, ב”אם כבוד רו״מ מסכים עמי”.",רום מעלתו,רו״מ.01,רום מעלתו,weak,2,רבי ומורי | רום מעלתו,substituted,yes,wikipedia,בנימין וולף איגר,unreviewed,,substitution,wiki_substituted
ha-01697,מהו״ת,"זהו פרויקט מחקר דיגיטלי המתמקד באיתור וקישור מהו״ת רלוונטי מרשומות היסטוריות מארכיונים, ספריות ומוזיאונים, כך שההיסטוריה הביוגרפית של אנשים, או של ארגונים משולבת בקובץ יחיד.",מידע,מהו״ת.01,מידע,weak,5,מידע | מרכז התעצמות ותובנה | מרכז הערבות והתמודדות בחירום | מרכז הערכה ופיתוח תוכניות | מרכז השתלמויות ותנופה,substituted,no,wikipedia,SNAC,unreviewed,,substitution,wiki_substituted
ha-01698,מהו״ת,"על ידי שימוש בכמה פרקטיקות ארכיוניות, מילות המפתח של יוצר הקובץ מבודדות מהקובץ עצמו, ניתן לאיסוף מהו״ת ובניית קשרים בין ישויות שונות ומקל על הגישה לידע נוסף.",מידע,מהו״ת.01,מידע,weak,5,מידע | מרכז התעצמות ותובנה | מרכז הערבות והתמודדות בחירום | מרכז הערכה ופיתוח תוכניות | מרכז השתלמויות ותנופה,substituted,no,wikipedia,SNAC,unreviewed,,substitution,wiki_substituted
ha-01699,מהו״ת,להלן האלמנטים הרציונליים המשולבים המשמשים ליצירת מערכות יחסים: בקרת רשות – מאפשרת לאתר מהו״ת הקשור לנושא בכל אפשרויות האיות או בשמות חלופיים המשויכים לאותו נושא.,מידע,מהו״ת.01,מידע,weak,5,מידע | מרכז התעצמות ותובנה | מרכז הערבות והתמודדות בחירום | מרכז הערכה ופיתוח תוכניות | מרכז השתלמויות ותנופה,substituted,no,wikipedia,SNAC,unreviewed,,substitution,wiki_substituted
ha-01532,כ״ש,"לעומת זאת קיים כלל אחר, כי ספק - מוציא מידי ספק כלומר איסור או דין כ״ש שחל מחמת ספק, מתבטל על ידי דין אחר גם אם הוא ספק.",כל שהוא,כ״ש.01,כל שהוא,weak,4,כל שהוא | כל שכן | כהן שלום | כלי שני,substituted,yes,wikipedia,אין ספק מוציא מידי ודאי,unreviewed,,substitution,wiki_substituted
ha-01533,כ״ש,"המשנה קובעת כי הבונה ""כ״ש"" בשבת חייב, וזאת דוגמת המשכן, שכאשר אחד מקרשי המשכן היה מתליע, היו סותמים אותו בעופרת, וכשם שבמשכן הייתה בנייה באופן זעיר, כך גם במלאכות שבת.",כל שהוא,כ״ש.01,כל שהוא,weak,4,כל שהוא | כל שכן | כהן שלום | כלי שני,substituted,yes,wikipedia,מלאכות בונה וסותר,unreviewed,,substitution,wiki_substituted
ha-01534,כ״ש,"ואפילו אם עושה את הגג לבד או רק את המחיצות יותר מגובה טפח, וכן אם הוסיף עליהם כ״ש.",כל שהוא,כ״ש.01,כל שהוא,weak,4,כל שהוא | כל שכן | כהן שלום | כלי שני,substituted,yes,wikipedia,מלאכות בונה וסותר,unreviewed,,substitution,wiki_substituted
ha-01535,כ״ש,"כינון המסדרים הצבאיים פתח פרק חדש בנצרות, שעד אז התנגדה לשפיכות דמים באשר היא, לא כ״ש לשיתוף אנשי דת במעשי האיבה.",כל שכן,כ״ש.02,כל שכן,weak,4,כל שהוא | כל שכן | כהן שלום | כלי שני,substituted,yes,wikipedia,מסדר צבאי נוצרי,unreviewed,,substitution,wiki_substituted
ha-01536,כ״ש,"שכן אלו שלא נולדו - נולדים וחיים, אלא שכבר חיו לא כ״ש שיחיו שוב)!",כל שכן,כ״ש.02,כל שכן,weak,4,כל שהוא | כל שכן | כהן שלום | כלי שני,substituted,yes,wikipedia,תחיית המתים,unreviewed,,substitution,wiki_substituted
ha-01537,כ״ש,"ואפילו ישן, שאי אפשר בלא שינה, אפילו כך חייב בנזיקין, כ״ש בשיכור שהוא פושע גמור"".",כל שכן,כ״ש.02,כל שכן,weak,4,כל שהוא | כל שכן | כהן שלום | כלי שני,substituted,yes,wikipedia,פושע,unreviewed,,substitution,wiki_substituted
ha-01538,כ״ש,בטעם הדבר כ״ש אינו במשל כתבו הראשונים שהוא מחמת שהדפנות הקרות של הכלי השני מצננות אותו.,כלי שני,כ״ש.03,כלי שני,weak,4,כל שהוא | כל שכן | כהן שלום | כלי שני,substituted,yes,wikipedia,מלאכת מבשל,unreviewed,,substitution,wiki_substituted
ha-01539,כ״ש,"אולם הוא קיבל מתוכה רק את האיסור לגבי כלי ראשון, והסתייג מהאיסור כלפי כ״ש.",כלי שני,כ״ש.03,כלי שני,weak,4,כל שהוא | כל שכן | כהן שלום | כלי שני,substituted,yes,wikipedia,מלאכת מבשל,unreviewed,,substitution,wiki_substituted
ha-01540,כ״ש,"לכן, לדעת רוב הפוסקים, הכנת קפה שחור בשבת מותרת ב""כלי שלישי"" בלבד שבו לא תקף איסור בישול, דהיינו: מהמחם (""כלי ראשון"") לערות את המים לכלי נוסף (""כ״ש"") וממנו לכוס נוספת – שבה ניתן להכין את הקפה.",כלי שני,כ״ש.03,כלי שני,weak,4,כל שהוא | כל שכן | כהן שלום | כלי שני,substituted,yes,wikipedia,קפה,unreviewed,,substitution,wiki_substituted
ha-01324,יה״ש,"ארטר לא הספיק להשלים את המאמר, והוא הושלם בידי יה״ש, שגם הדפיס אותו בראש הגיליון הראשון של כתב העת ""החלוץ"".",יהושע השל שור,יה״ש.01,יהושע השל שור,weak,2,יחידת השתתפות | יהושע השל שור,substituted,no,wikipedia,יצחק ארטר,unreviewed,,substitution,wiki_substituted
ha-01325,יה״ש,"שם התוודע לאנשי תנועת ההשכלה, ביניהם אברהם קרוכמל, יה״ש וירמיהו מוזן.",יהושע השל שור,יה״ש.01,יהושע השל שור,weak,2,יחידת השתתפות | יהושע השל שור,substituted,no,wikipedia,נפתלי הרץ אימבר,unreviewed,,substitution,wiki_substituted
ha-01326,יה״ש,"יה״ש היא נייר ערך שמזכה את המחזיק בו ברווחים של שותפות מוגבלת, אך אינו מאפשר לו להשפיע על ניהולה.",יחידת השתתפות,יה״ש.02,יחידת השתתפות,weak,2,יחידת השתתפות | יהושע השל שור,substituted,no,wikipedia,יחידת השתתפות,unreviewed,,substitution,wiki_substituted
ha-01397,יש״י,"כמו כן, רשימת ""יש״י"" הצליחה להיכנס למועצת העיר עם 2 מנדטים.",יחד שבטי ישראל,יש״י.02,יחד שבטי ישראל,weak,2,יחידת השליטה הימית | יחד שבטי ישראל,substituted,yes,wikipedia,עיריית פתח תקווה,unreviewed,,substitution,wiki_substituted
ha-01398,יש״י,ערב הבחירות חתם פרוש הסכם קואליציוני עם מפלגת דגל התורה ומפלגת יש״י של ברק צברי שהתמודד מולו בבחירות שנערכו ב־2018.,יחד שבטי ישראל,יש״י.02,יחד שבטי ישראל,weak,2,יחידת השליטה הימית | יחד שבטי ישראל,substituted,yes,wikipedia,ישראל פרוש,unreviewed,,substitution,wiki_substituted
ha-01399,יש״י,בהתאם לדרישותיו הקפדניות של אלוף מיכאל ברקאי למד אורון את תפקוד שחידת השליטה בחיל האוויר ושידרג את יחידת הקשר וגילוי לרמה של יש״י המופעלת כך עד היום.,יחידת השליטה הימית,יש״י.01,יחידת השליטה הימית,weak,2,יחידת השליטה הימית | יחד שבטי ישראל,substituted,yes,wikipedia,משה אורון,unreviewed,,substitution,wiki_substituted
ha-01400,יש״י,ניסיונו כמפקד ספינת טילים וכמפקד יש״י באו לידי ביטוי וסירת המחבלים המהירה הושמדה מול חוף נהריה.,יחידת השליטה הימית,יש״י.01,יחידת השליטה הימית,weak,2,יחידת השליטה הימית | יחד שבטי ישראל,substituted,yes,wikipedia,משה אורון,unreviewed,,substitution,wiki_substituted
ha-01401,יש״י,"לאחר סיום תפקיד זה, בספטמבר 2022, הוענקה לו דרגת אלוף-משנה והוא מונה למפקד יש״י וזירת המים הכלכליים.",יחידת השליטה הימית,יש״י.01,יחידת השליטה הימית,weak,2,יחידת השליטה הימית | יחד שבטי ישראל,substituted,yes,wikipedia,אריק פוני,unreviewed,,substitution,wiki_substituted
ha-03283,תפ״א,תפ״א יכול גם כן לייצר חשמל אך בנצילות נמוכה מאוד.,תא פוטואלקטרי,תפ״א.01,תא פוטואלקטרי,weak,2,תפוח אדמה | תא פוטואלקטרי,substituted,yes,wikipedia,תא פוטו-וולטאי,unreviewed,,substitution,wiki_substituted
ha-03284,תפ״א,"בחיישן, כל תפ״א רגיש לאור – ככל שיותר אור פוגע בתא, כך המטען החשמלי שייוצר בו יהיה גדול יותר.",תא פוטואלקטרי,תפ״א.01,תא פוטואלקטרי,weak,2,תפוח אדמה | תא פוטואלקטרי,substituted,yes,wikipedia,צילום דיגיטלי,unreviewed,,substitution,wiki_substituted
ha-03285,תפ״א,רוטציה דרך אחרת לקלוט את כל שלושת צבעי היסוד מתמונה אחת היא להציב באופן זמני מסנן שונה מעל כל תפ״א.,תא פוטואלקטרי,תפ״א.01,תא פוטואלקטרי,weak,2,תפוח אדמה | תא פוטואלקטרי,substituted,yes,wikipedia,צילום דיגיטלי,unreviewed,,substitution,wiki_substituted
ha-03286,תפ״א,"תפ״א מדורג במקום הרביעי ברשימת הגידולים הנצרכים ביותר בעולם אחרי אורז, חיטה ותירס.",תפוח אדמה,תפ״א.02,תפוח אדמה,weak,2,תפוח אדמה | תא פוטואלקטרי,substituted,yes,wikipedia,תפוח אדמה,unreviewed,,substitution,wiki_substituted
ha-03287,תפ״א,"אבותיו של תפוח האדמה הכילו, כנראה, את הגן לרעלן סולנין, אשר אבד ממנו במהלך תרבותו או שמראש נברר תפ״א עם סולנין נמוך.",תפוח אדמה,תפ״א.02,תפוח אדמה,weak,2,תפוח אדמה | תא פוטואלקטרי,substituted,yes,wikipedia,תפוח אדמה,unreviewed,,substitution,wiki_substituted
ha-03288,תפ״א,"מכיוון שזנים שונים של תפ״א לא מפיקים זרעים (פרחיהם עקרים), מרבים את תפוח האדמה על ידי שתילת חתיכות של פקעות קיימות, שנחתכו כך שיכילו לפחות ""עין"" אחת בכל חתיכה.",תפוח אדמה,תפ״א.02,תפוח אדמה,weak,2,תפוח אדמה | תא פוטואלקטרי,substituted,yes,wikipedia,תפוח אדמה,unreviewed,,substitution,wiki_substituted
ha-00265,א״ג,"א״ג היא אבן המוצבת בגבול בין שתי מדינות או טריטוריות, שנועדה להוות סמן פיזי למיקום הגבול ביניהן.",אבן גבול,א״ג.01,אבן גבול,weak,3,אימון גופני | אבן גבול | איכות גבולית,substituted,yes,wikipedia,אבן גבול,unreviewed,,substitution,wiki_substituted
ha-00266,א״ג,לאחר התצפית אנדרטה לזכרו של הטייס מוטי שרון שנהרג בתאונת מסוק ב-1988 בעת הצבת א״ג מספר 51.,אבן גבול,א״ג.01,אבן גבול,weak,3,אימון גופני | אבן גבול | איכות גבולית,substituted,yes,wikipedia,דרך נוף כרמל,unreviewed,,substitution,wiki_substituted
ha-00267,א״ג,"בשנת 2020 נתגלתה בחפירה ארכאולוגית שם א״ג כבת 1,700 שנה שעליה נכתב ""כפר נפח"" באותיות יווניות.",אבן גבול,א״ג.01,אבן גבול,weak,3,אימון גופני | אבן גבול | איכות גבולית,substituted,yes,wikipedia,כפר נפח,unreviewed,,substitution,wiki_substituted
ha-00268,א״ג,"כיום משודרות בשעות הבוקר תוכניות טלוויזיה של א״ג בערוצי נישה של ספורט, סגנון חיים וילדים.",אימון גופני,א״ג.02,אימון גופני,weak,3,אימון גופני | אבן גבול | איכות גבולית,substituted,yes,wikipedia,בוקר,unreviewed,,substitution,wiki_substituted
ha-00269,א״ג,א״ג כולל במקרים רבים מאמץ מכוון של שרירים ובהפעלה חוזרת ונשנית שלו.,אימון גופני,א״ג.02,אימון גופני,weak,3,אימון גופני | אבן גבול | איכות גבולית,substituted,yes,wikipedia,אימון,unreviewed,,substitution,wiki_substituted
ha-00270,א״ג,"על החוק התווספו חוזרים רבים שהופצו בנפרד ומגדירים ביתר דיוק מהו ""חדר כושר"" (כך למשל נוספו מתקני א״ג בפארקים ציבוריים), מיהו ""מדריך מוסמך"", איזו הסמכה נדרשת, תאריך הוצאת הבדיקה הרפואית ועוד.",אימון גופני,א״ג.02,אימון גופני,weak,3,אימון גופני | אבן גבול | איכות גבולית,substituted,yes,wikipedia,חדר כושר,unreviewed,,substitution,wiki_substituted
ha-03294,ת״א,ת״א היא תחבושת עבה בעלת רצועות בד היוצאות ממנה.,תחבושת אישית,ת״א.02,תחבושת אישית,weak,7,תל אביב | תפוח אדמה | תרגום אונקלוס | תיק אזרחי | תחבושת אישית | מדדים של הבורסה לניירות ערך בתל אביב | תכנית אימונים,substituted,yes,wikipedia,תחבושת אישית,unreviewed,,substitution,wiki_substituted
ha-03295,ת״א,"דימום מהמפשעה, הישבן והצוואר ניתן לעצור באמצעות הצמדת ת״א ולחיצה על האזור (נקודות מיוחדות).",תחבושת אישית,ת״א.02,תחבושת אישית,weak,7,תל אביב | תפוח אדמה | תרגום אונקלוס | תיק אזרחי | תחבושת אישית | מדדים של הבורסה לניירות ערך בתל אביב | תכנית אימונים,substituted,yes,wikipedia,חבישה,unreviewed,,substitution,wiki_substituted
ha-03296,ת״א,בתנאי שטח ניתן להשתמש בגאזה או ת״א ולאטום בשכבה נוספת.,תחבושת אישית,ת״א.02,תחבושת אישית,weak,7,תל אביב | תפוח אדמה | תרגום אונקלוס | תיק אזרחי | תחבושת אישית | מדדים של הבורסה לניירות ערך בתל אביב | תכנית אימונים,substituted,yes,wikipedia,חבישה,unreviewed,,substitution,wiki_substituted
ha-03297,ת״א,"לבקשה למתן הוראות יש תחולה רחבה למדי, והיא מאפשרת התמודדות עם מגוון סכסוכים, באופן המזכיר מעין ניהול ת״א בתוך תיק הפירוק הראשי.",תיק אזרחי,ת״א.05,תיק אזרחי,weak,7,תל אביב | תפוח אדמה | תרגום אונקלוס | תיק אזרחי | תחבושת אישית | מדדים של הבורסה לניירות ערך בתל אביב | תכנית אימונים,substituted,yes,wikipedia,פירוק חברות,unreviewed,,substitution,wiki_substituted
ha-03298,ת״א,הוא כולל גם ת״א בת 12 שבועות וקטלוג תרגילים למתרגלים ולמדריכים.,תכנית אימונים,ת״א.06,תכנית אימונים,weak,7,תל אביב | תפוח אדמה | תרגום אונקלוס | תיק אזרחי | תחבושת אישית | מדדים של הבורסה לניירות ערך בתל אביב | תכנית אימונים,substituted,yes,wikipedia,שי חי,unreviewed,,substitution,wiki_substituted
ha-03302,ת״א,ראש עיריית ת״א-יפו הנוכחי הוא רון חולדאי.,תל אביב,ת״א.01,תל אביב,weak,7,תל אביב | תפוח אדמה | תרגום אונקלוס | תיק אזרחי | תחבושת אישית | מדדים של הבורסה לניירות ערך בתל אביב | תכנית אימונים,substituted,yes,wikipedia,תל אביב-יפו,unreviewed,,substitution,wiki_substituted
ha-03303,ת״א,ת״א היא העיר המרכזית במטרופולין גוש דן הנקרא גם מטרופולין ת״א.,תל אביב,ת״א.01,תל אביב,weak,7,תל אביב | תפוח אדמה | תרגום אונקלוס | תיק אזרחי | תחבושת אישית | מדדים של הבורסה לניירות ערך בתל אביב | תכנית אימונים,substituted,yes,wikipedia,תל אביב-יפו,unreviewed,,substitution,wiki_substituted
ha-03304,ת״א,"באותה עת התגוררו במחוז ת״א 1,460,300 איש, ואוכלוסיית המטרופולין מנתה מעל 3,918,800 נפש.",תל אביב,ת״א.01,תל אביב,weak,7,תל אביב | תפוח אדמה | תרגום אונקלוס | תיק אזרחי | תחבושת אישית | מדדים של הבורסה לניירות ערך בתל אביב | תכנית אימונים,substituted,yes,wikipedia,תל אביב-יפו,unreviewed,,substitution,wiki_substituted
ha-03305,ת״א,"ת״א מדורג במקום הרביעי ברשימת הגידולים הנצרכים ביותר בעולם אחרי אורז, חיטה ותירס.",תפוח אדמה,ת״א.03,תפוח אדמה,weak,7,תל אביב | תפוח אדמה | תרגום אונקלוס | תיק אזרחי | תחבושת אישית | מדדים של הבורסה לניירות ערך בתל אביב | תכנית אימונים,substituted,yes,wikipedia,תפוח אדמה,unreviewed,,substitution,wiki_substituted
ha-03306,ת״א,"אבותיו של תפוח האדמה הכילו, כנראה, את הגן לרעלן סולנין, אשר אבד ממנו במהלך תרבותו או שמראש נברר ת״א עם סולנין נמוך.",תפוח אדמה,ת״א.03,תפוח אדמה,weak,7,תל אביב | תפוח אדמה | תרגום אונקלוס | תיק אזרחי | תחבושת אישית | מדדים של הבורסה לניירות ערך בתל אביב | תכנית אימונים,substituted,yes,wikipedia,תפוח אדמה,unreviewed,,substitution,wiki_substituted
ha-03307,ת״א,"מכיוון שזנים שונים של ת״א לא מפיקים זרעים (פרחיהם עקרים), מרבים את תפוח האדמה על ידי שתילת חתיכות של פקעות קיימות, שנחתכו כך שיכילו לפחות ""עין"" אחת בכל חתיכה.",תפוח אדמה,ת״א.03,תפוח אדמה,weak,7,תל אביב | תפוח אדמה | תרגום אונקלוס | תיק אזרחי | תחבושת אישית | מדדים של הבורסה לניירות ערך בתל אביב | תכנית אימונים,substituted,yes,wikipedia,תפוח אדמה,unreviewed,,substitution,wiki_substituted
ha-03308,ת״א,ת״א הוא תרגום יהודי לשפה הארמית לחמשת חומשי התורה.,תרגום אונקלוס,ת״א.04,תרגום אונקלוס,weak,7,תל אביב | תפוח אדמה | תרגום אונקלוס | תיק אזרחי | תחבושת אישית | מדדים של הבורסה לניירות ערך בתל אביב | תכנית אימונים,substituted,yes,wikipedia,תרגום אונקלוס,unreviewed,,substitution,wiki_substituted
ha-03309,ת״א,"כמו כן, אף כי למשל ת״א נכתב בארמית סטנדרטית במשלב ספרותי גבוה, בשום פנים הוא לא נועד להוות תחליף לטקסט המקורי – וזאת בניגוד למקומו של תרגום השבעים בנצרות.",תרגום אונקלוס,ת״א.04,תרגום אונקלוס,weak,7,תל אביב | תפוח אדמה | תרגום אונקלוס | תיק אזרחי | תחבושת אישית | מדדים של הבורסה לניירות ערך בתל אביב | תכנית אימונים,substituted,yes,wikipedia,תרגום אונקלוס,unreviewed,,substitution,wiki_substituted
ha-03310,ת״א,"אשר לתרגומי ארץ ישראל, הרי הם ממקורות מגוונים; ולהוציא את ת״א, לא התקיימה סטנדרטיזציה בהם, ולא נועד להם תפקיד רשמי.",תרגום אונקלוס,ת״א.04,תרגום אונקלוס,weak,7,תל אביב | תפוח אדמה | תרגום אונקלוס | תיק אזרחי | תחבושת אישית | מדדים של הבורסה לניירות ערך בתל אביב | תכנית אימונים,substituted,yes,wikipedia,תרגום אונקלוס,unreviewed,,substitution,wiki_substituted
ha-02772,ק״צ,"בשכונה פועלת ק״צ בשם ""ועד עזרה וצדקה מקור ברוך"", המחלקת כסף למשפחות נצרכות מהשכונה, וכן מחזיקה גמ""חים שונים.",קופת צדקה,ק״צ.01,קופת צדקה,weak,2,קופת צדקה | קרבן ציבור,substituted,no,wikipedia,מקור ברוך,unreviewed,,substitution,wiki_substituted
ha-02773,ק״צ,"שפירא הכיר את מנהגי השכנים הערבים והיה קרוב לתרבותם, שלט בשפה הערבית וכך רכש כבוד גדול בקרבם ולכן בחר להנציח את אמו בבניית רהט ולא בהקמת ק״צ על שמה כמנהג היהודים.",קופת צדקה,ק״צ.01,קופת צדקה,weak,2,קופת צדקה | קרבן ציבור,substituted,no,wikipedia,אברהם שפירא (זקן השומרים),unreviewed,,substitution,wiki_substituted
ha-02774,ק״צ,"לגבי קרבן הפסח, אפשר שהתורה פטרה אותו מן הסמיכה מפני שהוא נחשב כעין ק״צ, שהרי הוא מובא על ידי כל ישראל ביחד.",קרבן ציבור,ק״צ.02,קרבן ציבור,weak,2,קופת צדקה | קרבן ציבור,substituted,no,wikipedia,סמיכה (קורבן),unreviewed,,substitution,wiki_substituted
ha-03046,שנ״צ,שנ״צ הוא יכולת פנטסטית של ישות לשנות את צורת עצמה לצורה אחרת.,שינוי צורה,שנ״צ.01,שינוי צורה,weak,2,שינוי צורה | שנת צוהריים,substituted,no,wikipedia,שינוי צורה,unreviewed,,substitution,wiki_substituted
ha-03047,שנ״צ,"שנ״צ הוא נושא נפוץ במיתולוגיה, בפולקלור ובאגדות.",שינוי צורה,שנ״צ.01,שינוי צורה,weak,2,שינוי צורה | שנת צוהריים,substituted,no,wikipedia,שינוי צורה,unreviewed,,substitution,wiki_substituted
ha-03048,שנ״צ,בהוגוורטס נלמד מקצוע הנקרא שנ״צ ויש הנקראים אנימגאוס.,שינוי צורה,שנ״צ.01,שינוי צורה,weak,2,שינוי צורה | שנת צוהריים,substituted,no,wikipedia,שינוי צורה,unreviewed,,substitution,wiki_substituted
ha-03119,ש״ט,חֲלֵב הַלְבִיאָה היא מעשייה נודעת שמקורה במדרש ש״ט וגרסה מעובדת שלה נכנסה לספרו של חיים נחמן ביאליק ״ויהי היום״.,שוחר טוב,ש״ט.01,שוחר טוב,weak,8,שם טוב | שעות טיסה | שנה טובה | שכר טרחה | שוחר טוב | שפע טל | שערי טומאה | שחיק טמיא,substituted,yes,wikipedia,חלב הלביאה,unreviewed,,substitution,wiki_substituted
ha-03120,ש״ט,כוונתו היא לדברי מדרש ש״ט על פסוקו הראשון של הפרק: ”רבנין פתרי קרא בראש השנה וביום הכיפורים.,שוחר טוב,ש״ט.01,שוחר טוב,weak,8,שם טוב | שעות טיסה | שנה טובה | שכר טרחה | שוחר טוב | שפע טל | שערי טומאה | שחיק טמיא,substituted,yes,wikipedia,"תהילים כ""ז",unreviewed,,substitution,wiki_substituted
ha-03121,ש״ט,"אחד הטעמים לאמירת מזמור זה הוא הרמז שכתב מדרש ש״ט על פסוקו הראשון של הפרק – ""אורי"" רומז לראש השנה, ""ישעי"" ליום הכיפורים ו""ממי אירא"" להושענא רבה, או לגרסה אחרת ""כי יצפנני בסוכו"" על חג הסוכות.",שוחר טוב,ש״ט.01,שוחר טוב,weak,8,שם טוב | שעות טיסה | שנה טובה | שכר טרחה | שוחר טוב | שפע טל | שערי טומאה | שחיק טמיא,substituted,yes,wikipedia,אלול,unreviewed,,substitution,wiki_substituted
ha-03122,ש״ט,"לשמו הוצמד הכינוי ""ש״ט"", שהיה שמור עד זמנו לנבוכדנצר, אספסיאנוס וטראיאנוס.",שחיק טמיא,ש״ט.07,שחיק טמיא,weak,8,שם טוב | שעות טיסה | שנה טובה | שכר טרחה | שוחר טוב | שפע טל | שערי טומאה | שחיק טמיא,substituted,yes,wikipedia,אדריאנוס,unreviewed,,substitution,wiki_substituted
ha-03123,ש״ט,"הקיסר הרומי אדריאנוס אף זכה לכינוי ""ש״ט"" (יישחקו עצמותיו).",שחיק טמיא,ש״ט.07,שחיק טמיא,weak,8,שם טוב | שעות טיסה | שנה טובה | שכר טרחה | שוחר טוב | שפע טל | שערי טומאה | שחיק טמיא,substituted,yes,wikipedia,מוות,unreviewed,,substitution,wiki_substituted
ha-03124,ש״ט,"מתן שירות (כנשוא מכירה) עשוי להיחשב לפעולת מכירה, או לחלופין כביצוע עבודה, שתמורתה היא שכר עבודה או ש״ט.",שכר טרחה,ש״ט.02,שכר טרחה,weak,8,שם טוב | שעות טיסה | שנה טובה | שכר טרחה | שוחר טוב | שפע טל | שערי טומאה | שחיק טמיא,substituted,yes,wikipedia,מכירה,unreviewed,,substitution,wiki_substituted
ha-03125,ש״ט,"נוסף לכך, ניצולי שואה יהיו זכאים לקבל בחזרה ש״ט עודף שכבר שולם.",שכר טרחה,ש״ט.02,שכר טרחה,weak,8,שם טוב | שעות טיסה | שנה טובה | שכר טרחה | שוחר טוב | שפע טל | שערי טומאה | שחיק טמיא,substituted,yes,wikipedia,"בג""ץ ידיד נגד הכנסת",unreviewed,,substitution,wiki_substituted
ha-03126,ש״ט,הדברים הללו הובילו לחקיקת תיקון מס׳ 20 לחוק נכי רדיפות נאצים (הגבלת ש״ט).,שכר טרחה,ש״ט.02,שכר טרחה,weak,8,שם טוב | שעות טיסה | שנה טובה | שכר טרחה | שוחר טוב | שפע טל | שערי טומאה | שחיק טמיא,substituted,yes,wikipedia,"בג""ץ ידיד נגד הכנסת",unreviewed,,substitution,wiki_substituted
ha-03127,ש״ט,"יהודה ליבס סבור כי הכוונה להמרת הדת ההמונית של יעקב פרנק ותלמידיו, חודשים מספר לפני פטירתו של הבעל ש״ט.",שם טוב,ש״ט.03,שם טוב,weak,8,שם טוב | שעות טיסה | שנה טובה | שכר טרחה | שוחר טוב | שפע טל | שערי טומאה | שחיק טמיא,substituted,yes,wikipedia,הבעל שם טוב,unreviewed,,substitution,wiki_substituted
ha-03128,ש״ט,"מסורת אחרת מספרת על מינויו של המגיד ממזריטש לתפקיד, על ידי מבחן שערך הבעל ש״ט: כל אחד מתלמידיו נתבקש לומר 'מהי העצה נגד הגאוה'.",שם טוב,ש״ט.03,שם טוב,weak,8,שם טוב | שעות טיסה | שנה טובה | שכר טרחה | שוחר טוב | שפע טל | שערי טומאה | שחיק טמיא,substituted,yes,wikipedia,המגיד ממזריטש,unreviewed,,substitution,wiki_substituted
ha-03129,ש״ט,לקוטים יקרים - נוסח הנהגות תלמידי הבעל ש״ט.,שם טוב,ש״ט.03,שם טוב,weak,8,שם טוב | שעות טיסה | שנה טובה | שכר טרחה | שוחר טוב | שפע טל | שערי טומאה | שחיק טמיא,substituted,yes,wikipedia,המגיד ממזריטש,unreviewed,,substitution,wiki_substituted
ha-03130,ש״ט,"מאות בשנים שאגרות ""ש״ט"" בעלות נוסח זה או דומה לזה, נשלחו על ידי היהודים בקהילות היהודיות בכל רחבי תבל בסמוך למועד ראש השנה.",שנה טובה,ש״ט.04,שנה טובה,weak,8,שם טוב | שעות טיסה | שנה טובה | שכר טרחה | שוחר טוב | שפע טל | שערי טומאה | שחיק טמיא,substituted,yes,wikipedia,איגרת שנה טובה,unreviewed,,substitution,wiki_substituted
ha-03131,ש״ט,"דוד טרטקובר, ש״ט: 101 כרטיסי ברכה לשנה החדשה, ירושלים: כתר, 1978.",שנה טובה,ש״ט.04,שנה טובה,weak,8,שם טוב | שעות טיסה | שנה טובה | שכר טרחה | שוחר טוב | שפע טל | שערי טומאה | שחיק טמיא,substituted,yes,wikipedia,איגרת שנה טובה,unreviewed,,substitution,wiki_substituted
ha-03132,ש״ט,"לקראת החג ובמהלכו, רבים נוהגים לברך בברכת ""ש״ט"" או ""כתיבה וחתימה טובה"" את מכריהם.",שנה טובה,ש״ט.04,שנה טובה,weak,8,שם טוב | שעות טיסה | שנה טובה | שכר טרחה | שוחר טוב | שפע טל | שערי טומאה | שחיק טמיא,substituted,yes,wikipedia,ראש השנה,unreviewed,,substitution,wiki_substituted
ha-03133,ש״ט,"להאסבנד היה ותק של למעלה מ-3,800 ש״ט ביותר מ-40 כלי טיס שונים ואף שירת כמדריך טיסה וטייס ניסוי.",שעות טיסה,ש״ט.05,שעות טיסה,weak,8,שם טוב | שעות טיסה | שנה טובה | שכר טרחה | שוחר טוב | שפע טל | שערי טומאה | שחיק טמיא,substituted,yes,wikipedia,STS-107,unreviewed,,substitution,wiki_substituted
ha-03134,ש״ט,"שירת על שתי נושאות מטוסים ובעל יותר מ-2,800 ש״ט.",שעות טיסה,ש״ט.05,שעות טיסה,weak,8,שם טוב | שעות טיסה | שנה טובה | שכר טרחה | שוחר טוב | שפע טל | שערי טומאה | שחיק טמיא,substituted,yes,wikipedia,STS-107,unreviewed,,substitution,wiki_substituted
ha-03135,ש״ט,"צבר למעלה מ-1,700 ש״ט בכלי טיס לביצועים גבוהים במהלך שרותו בצי.",שעות טיסה,ש״ט.05,שעות טיסה,weak,8,שם טוב | שעות טיסה | שנה טובה | שכר טרחה | שוחר טוב | שפע טל | שערי טומאה | שחיק טמיא,substituted,yes,wikipedia,STS-107,unreviewed,,substitution,wiki_substituted
ha-03136,ש״ט,"רבי שבתי שפטל בן עקיבא הלוי הורוביץ, רב, רופא ומקובל מחכמי פראג, מחבר הספר הקבלי ""ש״ט"".",שפע טל,ש״ט.06,שפע טל,weak,8,שם טוב | שעות טיסה | שנה טובה | שכר טרחה | שוחר טוב | שפע טל | שערי טומאה | שחיק טמיא,substituted,yes,wikipedia,"ה'שע""ט",unreviewed,,substitution,wiki_substituted
ha-03137,ש״ט,"במערב הגישה היא מצומת הרחובות ש״ט ויציאת מחלף ארלוזורוב, ובצפון-מזרח הגישה היא דרך רחוב גלעד.",שפע טל,ש״ט.06,שפע טל,weak,8,שם טוב | שעות טיסה | שנה טובה | שכר טרחה | שוחר טוב | שפע טל | שערי טומאה | שחיק טמיא,substituted,yes,wikipedia,צומת עלית,unreviewed,,substitution,wiki_substituted
ha-03138,ש״ט,"משכנה הראשון של האולפנית היה בבית כנסת ""איחוד שיבת ציון"" שברחוב בן-יהודה, ולאחר מכן עברה מספר מקומות וביניהם כיתת לימוד ברחוב ש״ט בתל אביב.",שפע טל,ש״ט.06,שפע טל,weak,8,שם טוב | שעות טיסה | שנה טובה | שכר טרחה | שוחר טוב | שפע טל | שערי טומאה | שחיק טמיא,substituted,yes,wikipedia,אולפנית בני עקיבא תל אביב,unreviewed,,substitution,wiki_substituted
ha-01678,מד״ס,"כלים שטוחים (""פשוטי כלי עץ""), לעומת זאת, טהורים מן התורה, אך חלקם מקבלים טומאה מד״ס.",מדברי סופרים,מד״ס.01,מדברי סופרים,weak,4,מדעי הסביבה | מדברי סופרים | מדריך ספורט | מדי ספורט,substituted,yes,wikipedia,טומאת כלי עץ,unreviewed,,substitution,wiki_substituted
ha-01679,מד״ס,"כלי זכוכית המיועד למשכב (כמו כיסא זכוכית) שיושב עליו זב, נטמא בטומאת מדרס, אך טומאה זו היא מד״ס בלבד ולא מהתורה.",מדברי סופרים,מד״ס.01,מדברי סופרים,weak,4,מדעי הסביבה | מדברי סופרים | מדריך ספורט | מדי ספורט,substituted,yes,wikipedia,טומאת כלי עץ,unreviewed,,substitution,wiki_substituted
ha-01680,מד״ס,כלים שנגעו באדם שנטמא באבי אבות הטומאה מד״ס.,מדברי סופרים,מד״ס.01,מדברי סופרים,weak,4,מדעי הסביבה | מדברי סופרים | מדריך ספורט | מדי ספורט,substituted,yes,wikipedia,אב הטומאה,unreviewed,,substitution,wiki_substituted
ha-01681,מד״ס,לכל אחד מבתי המעונות בבית הספר הארו מד״ס בעלי צבעים שונים.,מדי ספורט,מד״ס.04,מדי ספורט,weak,4,מדעי הסביבה | מדברי סופרים | מדריך ספורט | מדי ספורט,substituted,yes,wikipedia,בית הספר הארו,unreviewed,,substitution,wiki_substituted
ha-01682,מד״ס,מד״ס הם המדעים העוסקים בסביבתם של יצורים על פני כדור הארץ.,מדעי הסביבה,מד״ס.02,מדעי הסביבה,weak,4,מדעי הסביבה | מדברי סופרים | מדריך ספורט | מדי ספורט,substituted,yes,wikipedia,מדעי הסביבה,unreviewed,,substitution,wiki_substituted
ha-01683,מד״ס,"פרס רוטשילד הוא פרס שמעניקה יד הנדיב מאז שנת 1959 בעשרה תחומים: הנדסה, מדעי המחשב, מתמטיקה, מדעי החיים, מד״ס, מדעי הכימיה, מדעי הפיזיקה, מדעי החברה, מדעי הרוח, ומדעי היהדות.",מדעי הסביבה,מד״ס.02,מדעי הסביבה,weak,4,מדעי הסביבה | מדברי סופרים | מדריך ספורט | מדי ספורט,substituted,yes,wikipedia,פרס רוטשילד,unreviewed,,substitution,wiki_substituted
ha-01684,מד״ס,"סביבה ואנרגיה – ידעני משנה : מד״ס, מדעי כדור הארץ, סוגיות סביבתיות, אנרגיה ותחבורה.",מדעי הסביבה,מד״ס.02,מדעי הסביבה,weak,4,מדעי הסביבה | מדברי סופרים | מדריך ספורט | מדי ספורט,substituted,yes,wikipedia,הידען,unreviewed,,substitution,wiki_substituted
ha-01685,מד״ס,"בערך באותו הזמן, הוכשר קורוליוב להיות מד״ס.",מדריך ספורט,מד״ס.03,מדריך ספורט,weak,4,מדעי הסביבה | מדברי סופרים | מדריך ספורט | מדי ספורט,substituted,yes,wikipedia,סרגיי קורוליוב,unreviewed,,substitution,wiki_substituted
ha-01686,מד״ס,בנעוריו היה מד״ס ונמנה עם נבחרת ישראל בכדורעף.,מדריך ספורט,מד״ס.03,מדריך ספורט,weak,4,מדעי הסביבה | מדברי סופרים | מדריך ספורט | מדי ספורט,substituted,yes,wikipedia,עוזי ויזל,unreviewed,,substitution,wiki_substituted
ha-01687,מד״ס,"למרות שנהוג לכנותו מאמן, ההגדרה המדויקת על פי חוק הספורט היא מדריך כושר או מד״ס.",מדריך ספורט,מד״ס.03,מדריך ספורט,weak,4,מדעי הסביבה | מדברי סופרים | מדריך ספורט | מדי ספורט,substituted,yes,wikipedia,אימון כושר אישי,unreviewed,,substitution,wiki_substituted
ha-00858,ד״א,"עם דעיכת העיתון החל המדור להתפרסם במקביל גם ב""ידיעות אחרונות"", ולאחר סגירת ""דבר"" המשיך ""ד״א"" להתפרסם עד 2004 ב""ידיעות אחרונות"".",דבר אחר,ד״א.01,דבר אחר,weak,13,חזיר | עבודה זרה | דבר אחר | דרך ארץ | יחסי אישות | ד' אלפים | עניין אחר | דרך אגב | ד' אמות | דיני אדם | דבר אחר.במשמעות | דרך אכילה/אכילתו | דרכא אחרינא (דרך אחרת),substituted,yes,wikipedia,דבר (עיתון),unreviewed,,substitution,wiki_substituted
ha-00859,ד״א,"אולם כותביו העבירו אותו לאתר אינטרנט שנקרא ""ד״א ברשת"".",דבר אחר,ד״א.01,דבר אחר,weak,13,חזיר | עבודה זרה | דבר אחר | דרך ארץ | יחסי אישות | ד' אלפים | עניין אחר | דרך אגב | ד' אמות | דיני אדם | דבר אחר.במשמעות | דרך אכילה/אכילתו | דרכא אחרינא (דרך אחרת),substituted,yes,wikipedia,דבר (עיתון),unreviewed,,substitution,wiki_substituted
ha-00860,ד״א,"בהלכות שבת, טלטול על ידי ד״א הוא טלטול דבר האסור בטלטול על ידי ד״א המותר בטלטול.",דבר אחר,ד״א.01,דבר אחר,weak,13,חזיר | עבודה זרה | דבר אחר | דרך ארץ | יחסי אישות | ד' אלפים | עניין אחר | דרך אגב | ד' אמות | דיני אדם | דבר אחר.במשמעות | דרך אכילה/אכילתו | דרכא אחרינא (דרך אחרת),substituted,yes,wikipedia,טלטול על ידי דבר אחר,unreviewed,,substitution,wiki_substituted
ha-00861,ד״א,"מקור השם אפרופו הוא מצרפתית (à propos) ופירושו הוא ""ד״א"".",דרך אגב,ד״א.02,דרך אגב,weak,13,חזיר | עבודה זרה | דבר אחר | דרך ארץ | יחסי אישות | ד' אלפים | עניין אחר | דרך אגב | ד' אמות | דיני אדם | דבר אחר.במשמעות | דרך אכילה/אכילתו | דרכא אחרינא (דרך אחרת),substituted,yes,wikipedia,אפרופו,unreviewed,,substitution,wiki_substituted
ha-00862,ד״א,"""By the Way"" (בעברית: ""ד״א"") הוא סינגל שהוקלט על ידי הזמרת-יוצרת הקנדית לינדזי אל.",דרך אגב,ד״א.02,דרך אגב,weak,13,חזיר | עבודה זרה | דבר אחר | דרך ארץ | יחסי אישות | ד' אלפים | עניין אחר | דרך אגב | ד' אמות | דיני אדם | דבר אחר.במשמעות | דרך אכילה/אכילתו | דרכא אחרינא (דרך אחרת),substituted,yes,wikipedia,By the Way (שיר של לינדזי אל),unreviewed,,substitution,wiki_substituted
ha-00863,ד״א,המשנה עוסקת במצוות שאין להם כמות מינימלית מהתורה ומציינת ד״א מצוות שיש להם שכר גם בעולם הזה וגם בעולם הבא.,דרך אגב,ד״א.02,דרך אגב,weak,13,חזיר | עבודה זרה | דבר אחר | דרך ארץ | יחסי אישות | ד' אלפים | עניין אחר | דרך אגב | ד' אמות | דיני אדם | דבר אחר.במשמעות | דרך אכילה/אכילתו | דרכא אחרינא (דרך אחרת),substituted,yes,wikipedia,מסכת פאה,unreviewed,,substitution,wiki_substituted
ha-00864,ד״א,"חברת ד״א הייוויז (1997) בע”מ, המוכרת בשם המקוצר ד״א, היא בעלת הזיכיון להקמה, הפעלה ותחזוקה של כביש 6 (כביש חוצה ישראל), שנחשב לכביש האגרה הראשון בישראל.",דרך ארץ,ד״א.03,דרך ארץ,weak,13,חזיר | עבודה זרה | דבר אחר | דרך ארץ | יחסי אישות | ד' אלפים | עניין אחר | דרך אגב | ד' אמות | דיני אדם | דבר אחר.במשמעות | דרך אכילה/אכילתו | דרכא אחרינא (דרך אחרת),substituted,yes,wikipedia,דרך ארץ (חברה),unreviewed,,substitution,wiki_substituted
ha-00865,ד״א,ב-26 בינואר 1998 הוכרזה חברת ד״א כזוכה במכרז ולאחר חודש נחתם הסכם הזיכיון בין חברת ד״א לחברת חוצה ישראל.,דרך ארץ,ד״א.03,דרך ארץ,weak,13,חזיר | עבודה זרה | דבר אחר | דרך ארץ | יחסי אישות | ד' אלפים | עניין אחר | דרך אגב | ד' אמות | דיני אדם | דבר אחר.במשמעות | דרך אכילה/אכילתו | דרכא אחרינא (דרך אחרת),substituted,yes,wikipedia,דרך ארץ (חברה),unreviewed,,substitution,wiki_substituted
ha-00866,ד״א,"לבסוף, לאחר משאים ומתנים שהתקיימו בין חברת ד״א לחברת חוצה ישראל, בחודש אוקטובר 1999 החלה סלילתו של כביש 6.",דרך ארץ,ד״א.03,דרך ארץ,weak,13,חזיר | עבודה זרה | דבר אחר | דרך ארץ | יחסי אישות | ד' אלפים | עניין אחר | דרך אגב | ד' אמות | דיני אדם | דבר אחר.במשמעות | דרך אכילה/אכילתו | דרכא אחרינא (דרך אחרת),substituted,yes,wikipedia,דרך ארץ (חברה),unreviewed,,substitution,wiki_substituted
ha-00867,ד״א,"באופן היסטורי גודַל ד״א הבית בדיר, אך לאחר המהפכה התעשייתית עבר עיקר גידולו במדינות המפותחות לחוות תעשייתיות.",חזיר,ד״א.04,חזיר,weak,13,חזיר | עבודה זרה | דבר אחר | דרך ארץ | יחסי אישות | ד' אלפים | עניין אחר | דרך אגב | ד' אמות | דיני אדם | דבר אחר.במשמעות | דרך אכילה/אכילתו | דרכא אחרינא (דרך אחרת),substituted,yes,wikipedia,חזיר הבית,unreviewed,,substitution,wiki_substituted
ha-00868,ד״א,תושבי סין גם אוכלים כמחצית מכ-100 מיליון טון של בשר ד״א הנצרך בשנה בעולם.,חזיר,ד״א.04,חזיר,weak,13,חזיר | עבודה זרה | דבר אחר | דרך ארץ | יחסי אישות | ד' אלפים | עניין אחר | דרך אגב | ד' אמות | דיני אדם | דבר אחר.במשמעות | דרך אכילה/אכילתו | דרכא אחרינא (דרך אחרת),substituted,yes,wikipedia,חזיר הבית,unreviewed,,substitution,wiki_substituted
ha-00869,ד״א,"בתקופה זאת מוצאים עצמות ד״א רבות בכפרים נאוליתיים, אשר מעידות על הקטנה בגודל הגוף, התקצרות החוטם ותמותה מוגברת של בעלי חיים צעירים.",חזיר,ד״א.04,חזיר,weak,13,חזיר | עבודה זרה | דבר אחר | דרך ארץ | יחסי אישות | ד' אלפים | עניין אחר | דרך אגב | ד' אמות | דיני אדם | דבר אחר.במשמעות | דרך אכילה/אכילתו | דרכא אחרינא (דרך אחרת),substituted,yes,wikipedia,חזיר הבית,unreviewed,,substitution,wiki_substituted
ha-00870,ד״א,"בהלכה ישנה הדרכה מפורטת לגבי האופן שבו יש לקיים ד״א, כולל התייחסות למקום, לתדירות, לעיתוי, וכן לדיבור, למחשבה ולכוונה בשעת קיום היחסים.",יחסי אישות,ד״א.05,יחסי אישות,weak,13,חזיר | עבודה זרה | דבר אחר | דרך ארץ | יחסי אישות | ד' אלפים | עניין אחר | דרך אגב | ד' אמות | דיני אדם | דבר אחר.במשמעות | דרך אכילה/אכילתו | דרכא אחרינא (דרך אחרת),substituted,yes,wikipedia,יחסי אישות (הלכה),unreviewed,,substitution,wiki_substituted
ha-00871,ד״א,"איש ואישה נשואים מחויבים זה לזה לקיום ד״א, חוץ מזמן הנידה שבו הם אסורים זה על זה.",יחסי אישות,ד״א.05,יחסי אישות,weak,13,חזיר | עבודה זרה | דבר אחר | דרך ארץ | יחסי אישות | ד' אלפים | עניין אחר | דרך אגב | ד' אמות | דיני אדם | דבר אחר.במשמעות | דרך אכילה/אכילתו | דרכא אחרינא (דרך אחרת),substituted,yes,wikipedia,יחסי אישות (הלכה),unreviewed,,substitution,wiki_substituted
ha-00872,ד״א,"המונח ד״א, לרוב מתייחס ליחסי מין בין איש ואישה.",יחסי אישות,ד״א.05,יחסי אישות,weak,13,חזיר | עבודה זרה | דבר אחר | דרך ארץ | יחסי אישות | ד' אלפים | עניין אחר | דרך אגב | ד' אמות | דיני אדם | דבר אחר.במשמעות | דרך אכילה/אכילתו | דרכא אחרינא (דרך אחרת),substituted,yes,wikipedia,יחסי אישות (הלכה),unreviewed,,substitution,wiki_substituted
ha-00873,ד״א,האיסור על ד״א הוא אחת המצוות של עשרת הדיברות.,עבודה זרה,ד״א.06,עבודה זרה,weak,13,חזיר | עבודה זרה | דבר אחר | דרך ארץ | יחסי אישות | ד' אלפים | עניין אחר | דרך אגב | ד' אמות | דיני אדם | דבר אחר.במשמעות | דרך אכילה/אכילתו | דרכא אחרינא (דרך אחרת),substituted,yes,wikipedia,עבודה זרה,unreviewed,,substitution,wiki_substituted
ha-00874,ד״א,"בנוסף על כך, יש איסור לחמוד ולקחת צלמיות ד״א בשל שוויים הכספי.",עבודה זרה,ד״א.06,עבודה זרה,weak,13,חזיר | עבודה זרה | דבר אחר | דרך ארץ | יחסי אישות | ד' אלפים | עניין אחר | דרך אגב | ד' אמות | דיני אדם | דבר אחר.במשמעות | דרך אכילה/אכילתו | דרכא אחרינא (דרך אחרת),substituted,yes,wikipedia,עבודה זרה,unreviewed,,substitution,wiki_substituted
ha-00875,ד״א,גם דברי הגדה של פסח המיוסדים על דברי רב במסכת פסחים: ”מתחִלה עובדי ד״א היו אבותינו” מעידים על מגמה זו.,עבודה זרה,ד״א.06,עבודה זרה,weak,13,חזיר | עבודה זרה | דבר אחר | דרך ארץ | יחסי אישות | ד' אלפים | עניין אחר | דרך אגב | ד' אמות | דיני אדם | דבר אחר.במשמעות | דרך אכילה/אכילתו | דרכא אחרינא (דרך אחרת),substituted,yes,wikipedia,עבודה זרה,unreviewed,,substitution,wiki_substituted
ha-00876,ד״א,"בישראל מונפקת תעודת פטירה לבקשת בני משפחה מדרגה ראשונה (בן זוג או בת זוג, ילדים, נכדים, אחים, הורים וסבים) של הנפטר או לבקשת בעל ד״א, שיבהיר את עניינו, אך רק עבור מי שנפטר בארץ.",עניין אחר,ד״א.07,עניין אחר,weak,13,חזיר | עבודה זרה | דבר אחר | דרך ארץ | יחסי אישות | ד' אלפים | עניין אחר | דרך אגב | ד' אמות | דיני אדם | דבר אחר.במשמעות | דרך אכילה/אכילתו | דרכא אחרינא (דרך אחרת),substituted,yes,wikipedia,תעודת פטירה,unreviewed,,substitution,wiki_substituted
ha-00877,ד״א,"מרגע מינוי ראש הממשלה, אין לנשיא כל שיקול דעת בנוגע לכל ד״א, לרבות מינוי שרים.",עניין אחר,ד״א.07,עניין אחר,weak,13,חזיר | עבודה זרה | דבר אחר | דרך ארץ | יחסי אישות | ד' אלפים | עניין אחר | דרך אגב | ד' אמות | דיני אדם | דבר אחר.במשמעות | דרך אכילה/אכילתו | דרכא אחרינא (דרך אחרת),substituted,yes,wikipedia,נשיא הודו,unreviewed,,substitution,wiki_substituted
ha-00878,ד״א,"על פי מגילת הסמכויות, נתונה בידי ועדה היכולת לדון על דעת עצמה ""בכל ד״א אשר בתחום ענייניה"", בעוד שתקנון הכנסת הגדיר מאוחר יותר מפורשות את תפקידי הוועדות.",עניין אחר,ד״א.07,עניין אחר,weak,13,חזיר | עבודה זרה | דבר אחר | דרך ארץ | יחסי אישות | ד' אלפים | עניין אחר | דרך אגב | ד' אמות | דיני אדם | דבר אחר.במשמעות | דרך אכילה/אכילתו | דרכא אחרינא (דרך אחרת),substituted,yes,wikipedia,ועדות הכנסת,unreviewed,,substitution,wiki_substituted
ha-01287,ח״ש,"לעיתים הפגז נושא מטען כלשהו, כגון חומר נפץ או חומר יוצר עשן, ולעיתים הפגז עשוי מקשה אחת, כגון פגז ח״ש או כדור תותח.",חודר שריון,ח״ש.01,חודר שריון,weak,4,חיי שרה | חילול שבת | חודר שריון | חיי שעה,substituted,yes,wikipedia,פגז,unreviewed,,substitution,wiki_substituted
ha-01288,ח״ש,"כדור M20 ח״ש, מתלקח ונותב- הכדור הזה הוא קליע נותב, שהוא בעצם דומה לכדור ה-M8 רק בעל תכונות יותר חזקות.",חודר שריון,ח״ש.01,חודר שריון,weak,4,חיי שרה | חילול שבת | חודר שריון | חיי שעה,substituted,yes,wikipedia,"12.7x99 מ""מ נאט""ו",unreviewed,,substitution,wiki_substituted
ha-01289,ח״ש,"הקליע בכדור הטנק הוא פגז מסוגים שונים (כגון ח״ש, נפיץ או חלול) שבא ביחד עם תרמיל, שבו חומר נפץ הודף.",חודר שריון,ח״ש.01,חודר שריון,weak,4,חיי שרה | חילול שבת | חודר שריון | חיי שעה,substituted,yes,wikipedia,כדור (תחמושת),unreviewed,,substitution,wiki_substituted
ha-01290,ח״ש,מכוח זה מסיק הרב פנשטיין שמותר לחולה להעדיף ח״ש הוודאין מלחיות ספק חיים מרובים.,חיי שעה,ח״ש.02,חיי שעה,weak,4,חיי שרה | חילול שבת | חודר שריון | חיי שעה,substituted,yes,wikipedia,ארבעת המצורעים,unreviewed,,substitution,wiki_substituted
ha-01291,ח״ש,"לדעת בן פטירי, אין עדיפות לחיי עולם על ח״ש.",חיי שעה,ח״ש.02,חיי שעה,weak,4,חיי שרה | חילול שבת | חודר שריון | חיי שעה,substituted,yes,wikipedia,אתיקה רפואית בהלכה,unreviewed,,substitution,wiki_substituted
ha-01292,ח״ש,"לכן במקרה לעיל, נדרש בעל הבקבוק לחלוק את המים עם האדם האחר, כך ששניהם יחיו ""ח״ש"".",חיי שעה,ח״ש.02,חיי שעה,weak,4,חיי שרה | חילול שבת | חודר שריון | חיי שעה,substituted,yes,wikipedia,אתיקה רפואית בהלכה,unreviewed,,substitution,wiki_substituted
ha-01293,ח״ש,"אולם, ח״ש בכלל, בפרהסיה בפרט, עומד בסתירה לתפישה הדתית שעומדת מנגד.",חילול שבת,ח״ש.03,חילול שבת,weak,4,חיי שרה | חילול שבת | חודר שריון | חיי שעה,substituted,yes,wikipedia,חילול שבת,unreviewed,,substitution,wiki_substituted
ha-01294,ח״ש,מעשה שבת הוא מאכל או מעשה אחר שנוצר במהלך השבת תוך כדי ח״ש.,חילול שבת,ח״ש.03,חילול שבת,weak,4,חיי שרה | חילול שבת | חודר שריון | חיי שעה,substituted,yes,wikipedia,מעשה שבת,unreviewed,,substitution,wiki_substituted
ha-01295,ח״ש,"ההלכה אוסרת בעיקרון על יהודי ליהנות מתוצר של ח״ש, אולם בתנאים מסוימים ניתן ליהנות מן האיסור באופן מלא או חלקי.",חילול שבת,ח״ש.03,חילול שבת,weak,4,חיי שרה | חילול שבת | חודר שריון | חיי שעה,substituted,yes,wikipedia,מעשה שבת,unreviewed,,substitution,wiki_substituted
ha-00063,אה״ב,מאז התפרקות ברית המועצות בשנת 1991 נחשבת אה״ב מעצמת-העל היחידה בעולם.,ארצות הברית,אה״ב.01,ארצות הברית,weak,4,ארצות הברית | את הבית | את הבשר | את הבהמה,substituted,yes,wikipedia,ארצות הברית,unreviewed,,substitution,wiki_substituted
ha-00064,אה״ב,אה״ב היא באופן רשמי מדינה בעלת נשק גרעיני וחברת ה־G7.,ארצות הברית,אה״ב.01,ארצות הברית,weak,4,ארצות הברית | את הבית | את הבשר | את הבהמה,substituted,yes,wikipedia,ארצות הברית,unreviewed,,substitution,wiki_substituted
ha-00065,אה״ב,"אה״ב היא אחת מהמדינות המגוונות ביותר מבחינה אתנית, כתוצאה מהגירה רחבת־היקף מחלקים רבים של העולם.",ארצות הברית,אה״ב.01,ארצות הברית,weak,4,ארצות הברית | את הבית | את הבשר | את הבהמה,substituted,yes,wikipedia,ארצות הברית,unreviewed,,substitution,wiki_substituted
ha-00066,אה״ב,קיימת מחלוקת בראשונים ובאחרונים אילו סירכות מטריפות אה״ב ואילו אינן אלא ריר שאינו מטריף.,את הבהמה,אה״ב.02,את הבהמה,weak,4,ארצות הברית | את הבית | את הבשר | את הבהמה,substituted,yes,wikipedia,סירכא,unreviewed,,substitution,wiki_substituted
ha-00067,אה״ב,"לדעת כמה ראשונים, תוקף המנהג הוא מדברי חכמים, היות שיש מיעוט המצוי של סירכות בריאה המטריפות אה״ב, וחכמים קבעו שבכל דיני התורה יש לחשוש למיעוט המצוי ולבדוק היכן שניתן.",את הבהמה,אה״ב.02,את הבהמה,weak,4,ארצות הברית | את הבית | את הבשר | את הבהמה,substituted,yes,wikipedia,סירכא,unreviewed,,substitution,wiki_substituted
ha-00068,אה״ב,"כשהסירכא 'שלא כסדרן', כלומר נסרכת על שני מקומות בריאה שאינם צמודים זה לזה, היא מטריפה אה״ב, מפני שברבות הזמן היא עשויה לגרום לדופן הריאה להימתח כך שהסירכא תיתלש ויישאר תחתיה נקב המטריף אה״ב.",את הבהמה,אה״ב.02,את הבהמה,weak,4,ארצות הברית | את הבית | את הבשר | את הבהמה,substituted,yes,wikipedia,סירכא,unreviewed,,substitution,wiki_substituted
ha-00069,אה״ב,"לדוגמה, כדי לשנות את הסיבית ה־300 בזיכרון, המחשב יקרא אה״ב מכתובת 38 בזיכרון, ישנה בו רק את הסיבית הרביעית (300 = 37×8 + 4) וישמור אה״ב כולו חזרה לתוך הזיכרון.",את הבית,אה״ב.03,את הבית,weak,4,ארצות הברית | את הבית | את הבשר | את הבהמה,substituted,yes,wikipedia,בית (מחשב),unreviewed,,substitution,wiki_substituted
ha-00070,אה״ב,"לינוס לא שימש רק כהאקר וחוקר סייבר עבור המעניש; הוא מסייע לו לנהל ולהלבין הון אותו הוא לוקח מקורבנותיו, צייד אה״ב הבטוח שלו, הסיע אותו למשימות ""מיוחדות"" והשיג עבורו תחמושת וציוד.",את הבית,אה״ב.03,את הבית,weak,4,ארצות הברית | את הבית | את הבשר | את הבהמה,substituted,yes,wikipedia,מיקרוצ'יפ (קומיקס),unreviewed,,substitution,wiki_substituted
ha-00071,אה״ב,"גדל בחווה מחוץ לסנטרל סיטי, ובעקבות האובססיה שלו שרף את ביתו ובמקום לקרוא לעזרה צפה בלהבות מכלות אה״ב בו גדל.",את הבית,אה״ב.03,את הבית,weak,4,ארצות הברית | את הבית | את הבשר | את הבהמה,substituted,yes,wikipedia,גל חום (קומיקס),unreviewed,,substitution,wiki_substituted
ha-00072,אה״ב,"מדיחים אה״ב פעמיים, ההדחה היא שפשוף הבשר בכלי עם מים.",את הבשר,אה״ב.04,את הבשר,weak,4,ארצות הברית | את הבית | את הבשר | את הבהמה,substituted,yes,wikipedia,הכשרת בשר,unreviewed,,substitution,wiki_substituted
ha-00073,אה״ב,"מספיק לצלות אה״ב חצי מזמן הצלייה הרגילה, ואפילו שנשאר דם בבשר, דם זה מותר הוא.",את הבשר,אה״ב.04,את הבשר,weak,4,ארצות הברית | את הבית | את הבשר | את הבהמה,substituted,yes,wikipedia,הכשרת בשר,unreviewed,,substitution,wiki_substituted
ha-00074,אה״ב,"בית מטבחיים או בשמו הנוסף ""משחטה"" הוא מפעל לעיבוד בשר, אליו מביאים בעלי חיים המיועדים לאכילה, ממיתים אותם לצורך אכילתם, ובהמשך התהליך מנקים אה״ב, מפרקים אותו לחלקיו, עד לאריזתו ושיווקו לצרכן.",את הבשר,אה״ב.04,את הבשר,weak,4,ארצות הברית | את הבית | את הבשר | את הבהמה,substituted,yes,wikipedia,בית מטבחיים,unreviewed,,substitution,wiki_substituted
ha-01743,מהר״ם,"חתניו היו מהר״ם משפטובקה - בנו של רבו רבי פנחס מקוריץ, ורבי ישראל יהודה לייב מקרסנה.",רבי יהודה מאיר שפירא,מהר״ם.07,רבי יהודה מאיר שפירא,weak,22,רבי מרדכי יפה | רבי מרדכי בנט | רבי מאיר ברבי | רבי מאיר איזנשטט | רבי משה מינץ | רבי מאיר קצנלנבוגן | רבי מאיר פישלס | רבי משה אלשקר | רבי משה גאלנטי (הראשון) | רבי משה שיק | רבי יהודה מאיר שפירא | רבי מאיר בן ברוך מרוטנבורג | רבי מאיר שיף | רבי מרדכי בריסק | רבי מנחם דוד בן יצחק | רבי מאיר הלוי איש הורוביץ | רבי מנחם מנדל אביגדורש | דורותי מהרם | מהרם (חברה) | משפט מהרם | מורנו הרב רבי מאיר | מורנו הרב רבי מנדל,substituted,yes,wikipedia,יעקב שמשון משפיטובקה,unreviewed,,substitution,wiki_substituted
ha-01744,מהר״ם,"בעיר התקיימה קהילה יהודית גדולה, והתגוררו בה רבנים מפורסמים, כמו: מהר״ם, רבי יהונתן אייבשיץ ורבי משה סופר.",רבי מאיר איזנשטט,מהר״ם.01,רבי מאיר איזנשטט,weak,22,רבי מרדכי יפה | רבי מרדכי בנט | רבי מאיר ברבי | רבי מאיר איזנשטט | רבי משה מינץ | רבי מאיר קצנלנבוגן | רבי מאיר פישלס | רבי משה אלשקר | רבי משה גאלנטי (הראשון) | רבי משה שיק | רבי יהודה מאיר שפירא | רבי מאיר בן ברוך מרוטנבורג | רבי מאיר שיף | רבי מרדכי בריסק | רבי מנחם דוד בן יצחק | רבי מאיר הלוי איש הורוביץ | רבי מנחם מנדל אביגדורש | דורותי מהרם | מהרם (חברה) | משפט מהרם | מורנו הרב רבי מאיר | מורנו הרב רבי מנדל,substituted,yes,wikipedia,פרוסטיוב,unreviewed,,substitution,wiki_substituted
ha-01745,מהר״ם,"באותה תקופה כיהן בפרוסניץ מהר״ם, בעל ""פנים מאירות"", שנעשה לימים מגדולי הפוסקים בדורו.",רבי מאיר איזנשטט,מהר״ם.01,רבי מאיר איזנשטט,weak,22,רבי מרדכי יפה | רבי מרדכי בנט | רבי מאיר ברבי | רבי מאיר איזנשטט | רבי משה מינץ | רבי מאיר קצנלנבוגן | רבי מאיר פישלס | רבי משה אלשקר | רבי משה גאלנטי (הראשון) | רבי משה שיק | רבי יהודה מאיר שפירא | רבי מאיר בן ברוך מרוטנבורג | רבי מאיר שיף | רבי מרדכי בריסק | רבי מנחם דוד בן יצחק | רבי מאיר הלוי איש הורוביץ | רבי מנחם מנדל אביגדורש | דורותי מהרם | מהרם (חברה) | משפט מהרם | מורנו הרב רבי מאיר | מורנו הרב רבי מנדל,substituted,yes,wikipedia,יהודה ליב פרוסניץ,unreviewed,,substitution,wiki_substituted
ha-01746,מהר״ם,"לפי גרשם שלום, מהר״ם היה במשך זמן מסוים מן התומכים המרכזיים בפרוסניץ; אולם לאחר פרשותיו השנויות במחלוקת פרש ממנו ונעשה ממתנגדיו.",רבי מאיר איזנשטט,מהר״ם.01,רבי מאיר איזנשטט,weak,22,רבי מרדכי יפה | רבי מרדכי בנט | רבי מאיר ברבי | רבי מאיר איזנשטט | רבי משה מינץ | רבי מאיר קצנלנבוגן | רבי מאיר פישלס | רבי משה אלשקר | רבי משה גאלנטי (הראשון) | רבי משה שיק | רבי יהודה מאיר שפירא | רבי מאיר בן ברוך מרוטנבורג | רבי מאיר שיף | רבי מרדכי בריסק | רבי מנחם דוד בן יצחק | רבי מאיר הלוי איש הורוביץ | רבי מנחם מנדל אביגדורש | דורותי מהרם | מהרם (חברה) | משפט מהרם | מורנו הרב רבי מאיר | מורנו הרב רבי מנדל,substituted,yes,wikipedia,יהודה ליב פרוסניץ,unreviewed,,substitution,wiki_substituted
ha-01747,מהר״ם,החל משנת 1763 ועד שנת 1789 כיהן מהר״ם כרבה של העיר וכראש הישיבה.,רבי מאיר ברבי,מהר״ם.02,רבי מאיר ברבי,weak,22,רבי מרדכי יפה | רבי מרדכי בנט | רבי מאיר ברבי | רבי מאיר איזנשטט | רבי משה מינץ | רבי מאיר קצנלנבוגן | רבי מאיר פישלס | רבי משה אלשקר | רבי משה גאלנטי (הראשון) | רבי משה שיק | רבי יהודה מאיר שפירא | רבי מאיר בן ברוך מרוטנבורג | רבי מאיר שיף | רבי מרדכי בריסק | רבי מנחם דוד בן יצחק | רבי מאיר הלוי איש הורוביץ | רבי מנחם מנדל אביגדורש | דורותי מהרם | מהרם (חברה) | משפט מהרם | מורנו הרב רבי מאיר | מורנו הרב רבי מנדל,substituted,yes,wikipedia,ישיבת פרשבורג,unreviewed,,substitution,wiki_substituted
ha-01748,מהר״ם,למד אצל מהר״ם בפרשבורג ואצל רבי נתן אדלר בפרנקפורט.,רבי מאיר ברבי,מהר״ם.02,רבי מאיר ברבי,weak,22,רבי מרדכי יפה | רבי מרדכי בנט | רבי מאיר ברבי | רבי מאיר איזנשטט | רבי משה מינץ | רבי מאיר קצנלנבוגן | רבי מאיר פישלס | רבי משה אלשקר | רבי משה גאלנטי (הראשון) | רבי משה שיק | רבי יהודה מאיר שפירא | רבי מאיר בן ברוך מרוטנבורג | רבי מאיר שיף | רבי מרדכי בריסק | רבי מנחם דוד בן יצחק | רבי מאיר הלוי איש הורוביץ | רבי מנחם מנדל אביגדורש | דורותי מהרם | מהרם (חברה) | משפט מהרם | מורנו הרב רבי מאיר | מורנו הרב רבי מנדל,substituted,yes,wikipedia,יהודה לייב קארלבורג,unreviewed,,substitution,wiki_substituted
ha-01749,מהר״ם,"בגורל שנערך עלה שמו של מהר״ם יצחק שליח צבור נהוראי, שאכן נשלח אל מעבר לנהר, ולאחר שהציע את הסיפור בפני עשרת השבטים הואילו לשלוח אחד מהם לצורך הוויכוח עם הכומר.",רבי מאיר ברבי,מהר״ם.02,רבי מאיר ברבי,weak,22,רבי מרדכי יפה | רבי מרדכי בנט | רבי מאיר ברבי | רבי מאיר איזנשטט | רבי משה מינץ | רבי מאיר קצנלנבוגן | רבי מאיר פישלס | רבי משה אלשקר | רבי משה גאלנטי (הראשון) | רבי משה שיק | רבי יהודה מאיר שפירא | רבי מאיר בן ברוך מרוטנבורג | רבי מאיר שיף | רבי מרדכי בריסק | רבי מנחם דוד בן יצחק | רבי מאיר הלוי איש הורוביץ | רבי מנחם מנדל אביגדורש | דורותי מהרם | מהרם (חברה) | משפט מהרם | מורנו הרב רבי מאיר | מורנו הרב רבי מנדל,substituted,yes,wikipedia,סמבטיון,unreviewed,,substitution,wiki_substituted
ha-01750,מהר״ם,"רבו היה מהר״ם, ולאחר פטירתו התמנה ללמד בישיבה בפראג לצד רבי ליב פישלס בן רבו.",רבי מאיר פישלס,מהר״ם.03,רבי מאיר פישלס,weak,22,רבי מרדכי יפה | רבי מרדכי בנט | רבי מאיר ברבי | רבי מאיר איזנשטט | רבי משה מינץ | רבי מאיר קצנלנבוגן | רבי מאיר פישלס | רבי משה אלשקר | רבי משה גאלנטי (הראשון) | רבי משה שיק | רבי יהודה מאיר שפירא | רבי מאיר בן ברוך מרוטנבורג | רבי מאיר שיף | רבי מרדכי בריסק | רבי מנחם דוד בן יצחק | רבי מאיר הלוי איש הורוביץ | רבי מנחם מנדל אביגדורש | דורותי מהרם | מהרם (חברה) | משפט מהרם | מורנו הרב רבי מאיר | מורנו הרב רבי מנדל,substituted,yes,wikipedia,יעקב גינצבורג,unreviewed,,substitution,wiki_substituted
ha-01751,מהר״ם,"מפיורדא נסע לפראג, ובה למד אצל הרב ליב פישלס בנו של מהר״ם, שהיו ראשי ישיבה גדולה בפראג.",רבי מאיר פישלס,מהר״ם.03,רבי מאיר פישלס,weak,22,רבי מרדכי יפה | רבי מרדכי בנט | רבי מאיר ברבי | רבי מאיר איזנשטט | רבי משה מינץ | רבי מאיר קצנלנבוגן | רבי מאיר פישלס | רבי משה אלשקר | רבי משה גאלנטי (הראשון) | רבי משה שיק | רבי יהודה מאיר שפירא | רבי מאיר בן ברוך מרוטנבורג | רבי מאיר שיף | רבי מרדכי בריסק | רבי מנחם דוד בן יצחק | רבי מאיר הלוי איש הורוביץ | רבי מנחם מנדל אביגדורש | דורותי מהרם | מהרם (חברה) | משפט מהרם | מורנו הרב רבי מאיר | מורנו הרב רבי מנדל,substituted,yes,wikipedia,בצלאל רנשבורג,unreviewed,,substitution,wiki_substituted
ha-01752,מהר״ם,"בהערות השוליים של שני כרכי הספר, משוקעות עובדות ואנקדוטות ממקרים שאירעו בקהילה, הלוויותיהם של רבניה כמו מהר״ם ורבי יחזקאל לנדא, והוראות מיוחדות שלהם במקרים שונים.",רבי מאיר פישלס,מהר״ם.03,רבי מאיר פישלס,weak,22,רבי מרדכי יפה | רבי מרדכי בנט | רבי מאיר ברבי | רבי מאיר איזנשטט | רבי משה מינץ | רבי מאיר קצנלנבוגן | רבי מאיר פישלס | רבי משה אלשקר | רבי משה גאלנטי (הראשון) | רבי משה שיק | רבי יהודה מאיר שפירא | רבי מאיר בן ברוך מרוטנבורג | רבי מאיר שיף | רבי מרדכי בריסק | רבי מנחם דוד בן יצחק | רבי מאיר הלוי איש הורוביץ | רבי מנחם מנדל אביגדורש | דורותי מהרם | מהרם (חברה) | משפט מהרם | מורנו הרב רבי מאיר | מורנו הרב רבי מנדל,substituted,yes,wikipedia,החברה קדישא של קהילת פראג,unreviewed,,substitution,wiki_substituted
ha-01753,מהר״ם,"בין תלמידיו מתקופה זו: רבי דניאל פרוסטיץ, מהר״ם, והרב יהודה לייב קארלבורג.",רבי מרדכי בנט,מהר״ם.09,רבי מרדכי בנט,weak,22,רבי מרדכי יפה | רבי מרדכי בנט | רבי מאיר ברבי | רבי מאיר איזנשטט | רבי משה מינץ | רבי מאיר קצנלנבוגן | רבי מאיר פישלס | רבי משה אלשקר | רבי משה גאלנטי (הראשון) | רבי משה שיק | רבי יהודה מאיר שפירא | רבי מאיר בן ברוך מרוטנבורג | רבי מאיר שיף | רבי מרדכי בריסק | רבי מנחם דוד בן יצחק | רבי מאיר הלוי איש הורוביץ | רבי מנחם מנדל אביגדורש | דורותי מהרם | מהרם (חברה) | משפט מהרם | מורנו הרב רבי מאיר | מורנו הרב רבי מנדל,substituted,yes,wikipedia,מאיר ברבי,unreviewed,,substitution,wiki_substituted
ha-01754,מהר״ם,"למד בישיבות דעעש, טאשנאד - אצל מהר״ם, בישיבת בית ישראל בווישווה אצל רבי מנחם מנדל הגר, ובקראלי אצל רבי יואל טייטלבוים.",רבי מרדכי בריסק,מהר״ם.10,רבי מרדכי בריסק,weak,22,רבי מרדכי יפה | רבי מרדכי בנט | רבי מאיר ברבי | רבי מאיר איזנשטט | רבי משה מינץ | רבי מאיר קצנלנבוגן | רבי מאיר פישלס | רבי משה אלשקר | רבי משה גאלנטי (הראשון) | רבי משה שיק | רבי יהודה מאיר שפירא | רבי מאיר בן ברוך מרוטנבורג | רבי מאיר שיף | רבי מרדכי בריסק | רבי מנחם דוד בן יצחק | רבי מאיר הלוי איש הורוביץ | רבי מנחם מנדל אביגדורש | דורותי מהרם | מהרם (חברה) | משפט מהרם | מורנו הרב רבי מאיר | מורנו הרב רבי מנדל,substituted,yes,wikipedia,דן שוורץ,unreviewed,,substitution,wiki_substituted
ha-01755,מהר״ם,"מצאצאי מהר״ם ""בעל הלבושים"" ואבי משפחת רבינר.",רבי מרדכי יפה,מהר״ם.04,רבי מרדכי יפה,weak,22,רבי מרדכי יפה | רבי מרדכי בנט | רבי מאיר ברבי | רבי מאיר איזנשטט | רבי משה מינץ | רבי מאיר קצנלנבוגן | רבי מאיר פישלס | רבי משה אלשקר | רבי משה גאלנטי (הראשון) | רבי משה שיק | רבי יהודה מאיר שפירא | רבי מאיר בן ברוך מרוטנבורג | רבי מאיר שיף | רבי מרדכי בריסק | רבי מנחם דוד בן יצחק | רבי מאיר הלוי איש הורוביץ | רבי מנחם מנדל אביגדורש | דורותי מהרם | מהרם (חברה) | משפט מהרם | מורנו הרב רבי מאיר | מורנו הרב רבי מנדל,substituted,yes,wikipedia,מרדכי רבינר,unreviewed,,substitution,wiki_substituted
ha-01756,מהר״ם,"לספר ה""לבושים"" התחברו מספר פירושים, הידועים שבהם הם ""אליה רבה"" ו""אליה זוטא"", שהתחברו בידי רבי אליה שפירא מפראג, שנולד קרוב ל-40 שנים לאחר פטירת מהר״ם.",רבי מרדכי יפה,מהר״ם.04,רבי מרדכי יפה,weak,22,רבי מרדכי יפה | רבי מרדכי בנט | רבי מאיר ברבי | רבי מאיר איזנשטט | רבי משה מינץ | רבי מאיר קצנלנבוגן | רבי מאיר פישלס | רבי משה אלשקר | רבי משה גאלנטי (הראשון) | רבי משה שיק | רבי יהודה מאיר שפירא | רבי מאיר בן ברוך מרוטנבורג | רבי מאיר שיף | רבי מרדכי בריסק | רבי מנחם דוד בן יצחק | רבי מאיר הלוי איש הורוביץ | רבי מנחם מנדל אביגדורש | דורותי מהרם | מהרם (חברה) | משפט מהרם | מורנו הרב רבי מאיר | מורנו הרב רבי מנדל,substituted,yes,wikipedia,מרדכי יפה,unreviewed,,substitution,wiki_substituted
ha-01757,מהר״ם,"רב העיר באותו הזמן, הפוסק ההלכתי המפורסם מהר״ם, מחבר ספרי ה""לבושים"", הזמין את האדריכל האיטלקי סאנטי גוצ'י ׁ(Santi Gucciׁׁׁ) לתכנן את בית הכנסת ונקרא אז ״בית הכנסת הגדול״.",רבי מרדכי יפה,מהר״ם.04,רבי מרדכי יפה,weak,22,רבי מרדכי יפה | רבי מרדכי בנט | רבי מאיר ברבי | רבי מאיר איזנשטט | רבי משה מינץ | רבי מאיר קצנלנבוגן | רבי מאיר פישלס | רבי משה אלשקר | רבי משה גאלנטי (הראשון) | רבי משה שיק | רבי יהודה מאיר שפירא | רבי מאיר בן ברוך מרוטנבורג | רבי מאיר שיף | רבי מרדכי בריסק | רבי מנחם דוד בן יצחק | רבי מאיר הלוי איש הורוביץ | רבי מנחם מנדל אביגדורש | דורותי מהרם | מהרם (חברה) | משפט מהרם | מורנו הרב רבי מאיר | מורנו הרב רבי מנדל,substituted,yes,wikipedia,בית הכנסת בגרודנו,unreviewed,,substitution,wiki_substituted
ha-01758,מהר״ם,"שלוש שנים לפני מותו עלה מהר״ם לארץ ישראל והתגורר תקופה מסוימת בצפת, שם היה בין המתנגדים לסמיכת רבי יעקב בירב, ולאחר מכן עבר להתגורר בירושלים ובה נפטר.",רבי משה אלשקר,מהר״ם.05,רבי משה אלשקר,weak,22,רבי מרדכי יפה | רבי מרדכי בנט | רבי מאיר ברבי | רבי מאיר איזנשטט | רבי משה מינץ | רבי מאיר קצנלנבוגן | רבי מאיר פישלס | רבי משה אלשקר | רבי משה גאלנטי (הראשון) | רבי משה שיק | רבי יהודה מאיר שפירא | רבי מאיר בן ברוך מרוטנבורג | רבי מאיר שיף | רבי מרדכי בריסק | רבי מנחם דוד בן יצחק | רבי מאיר הלוי איש הורוביץ | רבי מנחם מנדל אביגדורש | דורותי מהרם | מהרם (חברה) | משפט מהרם | מורנו הרב רבי מאיר | מורנו הרב רבי מנדל,substituted,yes,wikipedia,משה אלשקר,unreviewed,,substitution,wiki_substituted
ha-01759,מהר״ם,בידי מהר״ם היה מצוי גם חיבורו על מסכת בבא בתרא אך ספר זה כמו יתר כתביו לא הגיעו לידינו.,רבי משה אלשקר,מהר״ם.05,רבי משה אלשקר,weak,22,רבי מרדכי יפה | רבי מרדכי בנט | רבי מאיר ברבי | רבי מאיר איזנשטט | רבי משה מינץ | רבי מאיר קצנלנבוגן | רבי מאיר פישלס | רבי משה אלשקר | רבי משה גאלנטי (הראשון) | רבי משה שיק | רבי יהודה מאיר שפירא | רבי מאיר בן ברוך מרוטנבורג | רבי מאיר שיף | רבי מרדכי בריסק | רבי מנחם דוד בן יצחק | רבי מאיר הלוי איש הורוביץ | רבי מנחם מנדל אביגדורש | דורותי מהרם | מהרם (חברה) | משפט מהרם | מורנו הרב רבי מאיר | מורנו הרב רבי מנדל,substituted,yes,wikipedia,אברהם בן אסמעאל,unreviewed,,substitution,wiki_substituted
ha-01760,מהר״ם,"כתגובה לספר האמונות, כתב מהר״ם את ספר ההשגות המשיג עליו.",רבי משה אלשקר,מהר״ם.05,רבי משה אלשקר,weak,22,רבי מרדכי יפה | רבי מרדכי בנט | רבי מאיר ברבי | רבי מאיר איזנשטט | רבי משה מינץ | רבי מאיר קצנלנבוגן | רבי מאיר פישלס | רבי משה אלשקר | רבי משה גאלנטי (הראשון) | רבי משה שיק | רבי יהודה מאיר שפירא | רבי מאיר בן ברוך מרוטנבורג | רבי מאיר שיף | רבי מרדכי בריסק | רבי מנחם דוד בן יצחק | רבי מאיר הלוי איש הורוביץ | רבי מנחם מנדל אביגדורש | דורותי מהרם | מהרם (חברה) | משפט מהרם | מורנו הרב רבי מאיר | מורנו הרב רבי מנדל,substituted,yes,wikipedia,פולמוס הרבנים אודות לימוד הפילוסופיה,unreviewed,,substitution,wiki_substituted
ha-01761,מהר״ם,מהר״ם מוסר כי בזמנו היה מנהג שבעלי הבתים שבעיירה היו מתקבצים לישיבה עם תחילת לימוד המסכת ובסופה.,רבי משה מינץ,מהר״ם.06,רבי משה מינץ,weak,22,רבי מרדכי יפה | רבי מרדכי בנט | רבי מאיר ברבי | רבי מאיר איזנשטט | רבי משה מינץ | רבי מאיר קצנלנבוגן | רבי מאיר פישלס | רבי משה אלשקר | רבי משה גאלנטי (הראשון) | רבי משה שיק | רבי יהודה מאיר שפירא | רבי מאיר בן ברוך מרוטנבורג | רבי מאיר שיף | רבי מרדכי בריסק | רבי מנחם דוד בן יצחק | רבי מאיר הלוי איש הורוביץ | רבי מנחם מנדל אביגדורש | דורותי מהרם | מהרם (חברה) | משפט מהרם | מורנו הרב רבי מאיר | מורנו הרב רבי מנדל,substituted,yes,wikipedia,סיום מסכת,unreviewed,,substitution,wiki_substituted
ha-01762,מהר״ם,"בן דודו היה מהר״ם, שעמו עמד בקשרי התכתבות בנושאי בהלכה.",רבי משה מינץ,מהר״ם.06,רבי משה מינץ,weak,22,רבי מרדכי יפה | רבי מרדכי בנט | רבי מאיר ברבי | רבי מאיר איזנשטט | רבי משה מינץ | רבי מאיר קצנלנבוגן | רבי מאיר פישלס | רבי משה אלשקר | רבי משה גאלנטי (הראשון) | רבי משה שיק | רבי יהודה מאיר שפירא | רבי מאיר בן ברוך מרוטנבורג | רבי מאיר שיף | רבי מרדכי בריסק | רבי מנחם דוד בן יצחק | רבי מאיר הלוי איש הורוביץ | רבי מנחם מנדל אביגדורש | דורותי מהרם | מהרם (חברה) | משפט מהרם | מורנו הרב רבי מאיר | מורנו הרב רבי מנדל,substituted,yes,wikipedia,"מהר""י מינץ",unreviewed,,substitution,wiki_substituted
ha-01763,מהר״ם,"רבים נהגו לפסוק הלכה כמוהו בעקבות עובדה זו, אך מהר״ם פסק שאין לפסוק כדברי ספר חסידים.",רבי משה מינץ,מהר״ם.06,רבי משה מינץ,weak,22,רבי מרדכי יפה | רבי מרדכי בנט | רבי מאיר ברבי | רבי מאיר איזנשטט | רבי משה מינץ | רבי מאיר קצנלנבוגן | רבי מאיר פישלס | רבי משה אלשקר | רבי משה גאלנטי (הראשון) | רבי משה שיק | רבי יהודה מאיר שפירא | רבי מאיר בן ברוך מרוטנבורג | רבי מאיר שיף | רבי מרדכי בריסק | רבי מנחם דוד בן יצחק | רבי מאיר הלוי איש הורוביץ | רבי מנחם מנדל אביגדורש | דורותי מהרם | מהרם (חברה) | משפט מהרם | מורנו הרב רבי מאיר | מורנו הרב רבי מנדל,substituted,yes,wikipedia,שלום מנוישטאדט,unreviewed,,substitution,wiki_substituted
ha-01765,מהר״ם,"נשא לאישה את הרבנית לאה בת רבי אשר לעמל שוורץ, ראש קהילת אוהלי ותלמידו של מהר״ם.",רבי משה שיק,מהר״ם.08,רבי משה שיק,weak,22,רבי מרדכי יפה | רבי מרדכי בנט | רבי מאיר ברבי | רבי מאיר איזנשטט | רבי משה מינץ | רבי מאיר קצנלנבוגן | רבי מאיר פישלס | רבי משה אלשקר | רבי משה גאלנטי (הראשון) | רבי משה שיק | רבי יהודה מאיר שפירא | רבי מאיר בן ברוך מרוטנבורג | רבי מאיר שיף | רבי מרדכי בריסק | רבי מנחם דוד בן יצחק | רבי מאיר הלוי איש הורוביץ | רבי מנחם מנדל אביגדורש | דורותי מהרם | מהרם (חברה) | משפט מהרם | מורנו הרב רבי מאיר | מורנו הרב רבי מנדל,substituted,yes,wikipedia,זאב וולף גינצלר,unreviewed,,substitution,wiki_substituted
ha-00610,ב״ד,"כיום, אב ב״ד הוא הדיין החשוב ביותר שבאותו ב״ד.",בית דין,ב״ד.01,בית דין,weak,9,"בן דוד | בית דין | בעל דין | בעל דעת | בעל דבר | בסיעתא דשמיא | בעל דקדוק | בעל דבבו (-שונא בארמית) | ברח דודי (תהלים ח, יד)",substituted,yes,wikipedia,אב בית דין,unreviewed,,substitution,wiki_substituted
ha-00611,ב״ד,"(מדובר כאן רק על האב ב״ד של תקופת התלמוד.) כאשר רואים את אב בית הדין, ואפילו מרחוק, נעמדים עד שיעבור ארבע אמות הלאה ובבית המדרש עושים לכבודו שורה מכל צד בדרכו עד שישב.",בית דין,ב״ד.01,בית דין,weak,9,"בן דוד | בית דין | בעל דין | בעל דעת | בעל דבר | בסיעתא דשמיא | בעל דקדוק | בעל דבבו (-שונא בארמית) | ברח דודי (תהלים ח, יד)",substituted,yes,wikipedia,אב בית דין,unreviewed,,substitution,wiki_substituted
ha-00612,ב״ד,"ב״ד קטן הוא בן שלושה אנשים, והוא מוקם לפי הצרכים.",בית דין,ב״ד.01,בית דין,weak,9,"בן דוד | בית דין | בעל דין | בעל דעת | בעל דבר | בסיעתא דשמיא | בעל דקדוק | בעל דבבו (-שונא בארמית) | ברח דודי (תהלים ח, יד)",substituted,yes,wikipedia,אב בית דין,unreviewed,,substitution,wiki_substituted
ha-00613,ב״ד,"באתר מתפרסמים סיקורי חדשות, לצד כתבות מערכת וטורי דעה של עיתונאים בישראל, בהם: בן כספית, קלמן ליבסקינד, אלון ב״ד וחיים אתגר.",בן דוד,ב״ד.02,בן דוד,weak,9,"בן דוד | בית דין | בעל דין | בעל דעת | בעל דבר | בסיעתא דשמיא | בעל דקדוק | בעל דבבו (-שונא בארמית) | ברח דודי (תהלים ח, יד)",substituted,yes,wikipedia,מעריב אונליין,unreviewed,,substitution,wiki_substituted
ha-00614,ב״ד,"את שירותו הצבאי עשה ב״ד ביחידה מסווגת במשרד הביטחון ולאחר מכן החל ללמוד משחק ב""בית צבי"".",בן דוד,ב״ד.02,בן דוד,weak,9,"בן דוד | בית דין | בעל דין | בעל דעת | בעל דבר | בסיעתא דשמיא | בעל דקדוק | בעל דבבו (-שונא בארמית) | ברח דודי (תהלים ח, יד)",substituted,yes,wikipedia,מיכאל בן דוד,unreviewed,,substitution,wiki_substituted
ha-00615,ב״ד,"בשלב האודישנים ביצע ב״ד את השירים ""Juice"" ו-""אמא"", והעפיל לשלב הבא.",בן דוד,ב״ד.02,בן דוד,weak,9,"בן דוד | בית דין | בעל דין | בעל דעת | בעל דבר | בסיעתא דשמיא | בעל דקדוק | בעל דבבו (-שונא בארמית) | ברח דודי (תהלים ח, יד)",substituted,yes,wikipedia,מיכאל בן דוד,unreviewed,,substitution,wiki_substituted
ha-00616,ב״ד,"לעומתו שיטת רבי יוסף בן לב היא שאין אדם זה יכול לשמש כעד משתי סיבות: ראשית משום שהוא עד אחד בלבד, ושנית משום שהוא ב״ד ואינו יכול להעיד על עצמו.",בעל דבר,ב״ד.04,בעל דבר,weak,9,"בן דוד | בית דין | בעל דין | בעל דעת | בעל דבר | בסיעתא דשמיא | בעל דקדוק | בעל דבבו (-שונא בארמית) | ברח דודי (תהלים ח, יד)",substituted,yes,wikipedia,שוויה אנפשיה חתיכה דאיסורא,unreviewed,,substitution,wiki_substituted
ha-00617,ב״ד,"אם אכן ההבחנה בין שני ההסברים היא בשאלה מי הוא בעל הדבר, נראה שבסוגיה זו רב המאפשר לשליח להעיד, אינו רואה בשליח ב״ד.",בעל דבר,ב״ד.04,בעל דבר,weak,9,"בן דוד | בית דין | בעל דין | בעל דעת | בעל דבר | בסיעתא דשמיא | בעל דקדוק | בעל דבבו (-שונא בארמית) | ברח דודי (תהלים ח, יד)",substituted,yes,wikipedia,שליח (הלכה),unreviewed,,substitution,wiki_substituted
ha-00618,ב״ד,"הודאת ב״ד כמאה עדים דמי הוא כלל בדיני ממונות בהלכה, לפיו דברי אדם הנאמרים לחובת עצמו נאמנים יותר מכל דבר אחר, ומתחייב ממון על פי דבריו.",בעל דין,ב״ד.03,בעל דין,weak,9,"בן דוד | בית דין | בעל דין | בעל דעת | בעל דבר | בסיעתא דשמיא | בעל דקדוק | בעל דבבו (-שונא בארמית) | ברח דודי (תהלים ח, יד)",substituted,yes,wikipedia,הודאת בעל דין,unreviewed,,substitution,wiki_substituted
ha-00619,ב״ד,"חיוב ממון- על אף שהודה הנתבע שחייב שעורים, והודאת ב״ד מחייבת ממון, הגמרא אומרת שהנתבע פטור מלשלם גם על השעורים.",בעל דין,ב״ד.03,בעל דין,weak,9,"בן דוד | בית דין | בעל דין | בעל דעת | בעל דבר | בסיעתא דשמיא | בעל דקדוק | בעל דבבו (-שונא בארמית) | ברח דודי (תהלים ח, יד)",substituted,yes,wikipedia,טענו חיטין והודה לו בשעורין,unreviewed,,substitution,wiki_substituted
ha-00620,ב״ד,מצווה זו כוללת גם איסור על דיין להקשיב לטיעוניו של ב״ד אחד בלא ידיעתו של ב״ד אחר.,בעל דין,ב״ד.03,בעל דין,weak,9,"בן דוד | בית דין | בעל דין | בעל דעת | בעל דבר | בסיעתא דשמיא | בעל דקדוק | בעל דבבו (-שונא בארמית) | ברח דודי (תהלים ח, יד)",substituted,yes,wikipedia,לא תישא שמע שווא,unreviewed,,substitution,wiki_substituted
ha-00621,ב״ד,תכופות מוצג האדם כנעלה על בעלי החיים בהיותו ב״ד ויכולת בחירה מוסרית להכריע בין טוב לרע.,בעל דעת,ב״ד.05,בעל דעת,weak,9,"בן דוד | בית דין | בעל דין | בעל דעת | בעל דבר | בסיעתא דשמיא | בעל דקדוק | בעל דבבו (-שונא בארמית) | ברח דודי (תהלים ח, יד)",substituted,yes,wikipedia,אדם,unreviewed,,substitution,wiki_substituted
ha-00622,ב״ד,"לפיכך, בכל שאלה אקטואלית שעל הפרק, גם אם אינה מפורשת במקורות (כגון מפני שהיא קשורה בהתפתחויות טכנולוגיות חדישות, או בסיטואציה פוליטית חדשה), הרב ב״ד התורה יכול בכל זאת להביע את דעת התורה.",בעל דעת,ב״ד.05,בעל דעת,weak,9,"בן דוד | בית דין | בעל דין | בעל דעת | בעל דבר | בסיעתא דשמיא | בעל דקדוק | בעל דבבו (-שונא בארמית) | ברח דודי (תהלים ח, יד)",substituted,yes,wikipedia,דעת תורה,unreviewed,,substitution,wiki_substituted
ha-00623,ב״ד,"לדוגמה, הסוציולקט בו מדברים ילדים להורים משכילים יהיה ב״ד תקני יותר מאשר הסוציולקט בו מדברים ילדים להורים חסרי השכלה, ויכיל שוני במאפייני דיאלקט נוספים.",בעל דקדוק,ב״ד.06,בעל דקדוק,weak,9,"בן דוד | בית דין | בעל דין | בעל דעת | בעל דבר | בסיעתא דשמיא | בעל דקדוק | בעל דבבו (-שונא בארמית) | ברח דודי (תהלים ח, יד)",substituted,yes,wikipedia,סוציולקט,unreviewed,,substitution,wiki_substituted
ha-01097,ז״ק,"את השיטה פיתח הרברט פטנאם (Putnam) ב-1897, ז״ק לפני שהתמנה לספרן ספריית הקונגרס.",זמן קצר,ז״ק.01,זמן קצר,weak,6,זמן קצר | זנב קשיח | זקף קטן | זרע קדושים (שם משפחה) | זרע קודש (שם משפחה) | זרע קיים,substituted,yes,wikipedia,שיטת ספריית הקונגרס,unreviewed,,substitution,wiki_substituted
ha-01098,ז״ק,"בהמשך, הוא הצטרף לקבוצת ""הטיטאנים ל.א."" ז״ק לפני התפרקותם, ובאירועי ""יום הדין"" נלחם בשדים שיצאו ממעמקי הגיהנום.",זמן קצר,ז״ק.01,זמן קצר,weak,6,זמן קצר | זנב קשיח | זקף קטן | זרע קדושים (שם משפחה) | זרע קודש (שם משפחה) | זרע קיים,substituted,yes,wikipedia,בושידו (קומיקס),unreviewed,,substitution,wiki_substituted
ha-01099,ז״ק,"נראה כי הכוח היחידי שלו הוא מיומנות בחרב, לאחר ז״ק שבו נהפך בושידו לחבר מכובד הוא נקלע למארב על ידי קאטארוהו.",זמן קצר,ז״ק.01,זמן קצר,weak,6,זמן קצר | זנב קשיח | זקף קטן | זרע קדושים (שם משפחה) | זרע קודש (שם משפחה) | זרע קיים,substituted,yes,wikipedia,בושידו (קומיקס),unreviewed,,substitution,wiki_substituted
ha-01100,ז״ק,"פירוש השם הוא ""ז״ק"" ורוב הדינוזאורים בקבוצה זו השתמשו בזנב כדי לאזן את פלג גופם הקדמי בעת הריצה.",זנב קשיח,ז״ק.03,זנב קשיח,weak,6,זמן קצר | זנב קשיח | זקף קטן | זרע קדושים (שם משפחה) | זרע קודש (שם משפחה) | זרע קיים,substituted,yes,wikipedia,טטנורים,unreviewed,,substitution,wiki_substituted
ha-01101,ז״ק,"בדומה לנקרים אחרים הוא בעל מקור נוקשה המשמש לחבטת עצים וכן בעל ז״ק המספק יציבה מול גזעי עצים ורגליים חזקות מפוצלות, איתם הנקר יכול לטפס בין הענפים.",זנב קשיח,ז״ק.03,זנב קשיח,weak,6,זמן קצר | זנב קשיח | זקף קטן | זרע קדושים (שם משפחה) | זרע קודש (שם משפחה) | זרע קיים,substituted,yes,wikipedia,נקר שחור-שת,unreviewed,,substitution,wiki_substituted
ha-01102,ז״ק,"הוא ממנה את הטעם ז״ק, מלך, לעמוד על המילה ""גלעד"" הראשונה, ובכך לחלק את תחומי ממלכתו לשנים, ולהפריד בין שני המשפטים המאוחים בחצי הפסוק הזה.",זקף קטן,ז״ק.02,זקף קטן,weak,6,זמן קצר | זנב קשיח | זקף קטן | זרע קדושים (שם משפחה) | זרע קודש (שם משפחה) | זרע קיים,substituted,yes,wikipedia,טעמי המקרא,unreviewed,,substitution,wiki_substituted
ha-01103,ז״ק,"בחלק השני, הטעם סוף פסוק חוזר וממנה ז״ק נוסף, שיעמוד על המילה ""גלעד"" ויחלק את המשפט לשניים.",זקף קטן,ז״ק.02,זקף קטן,weak,6,זמן קצר | זנב קשיח | זקף קטן | זרע קדושים (שם משפחה) | זרע קודש (שם משפחה) | זרע קיים,substituted,yes,wikipedia,טעמי המקרא,unreviewed,,substitution,wiki_substituted
ha-01104,ז״ק,"בדוגמה שראינו מספר שופטים, למשל, המלך האחרון, שאחריו בא סוף פסוק הקיסר, אינו עוד ז״ק, כמלכים הקודמים לו, אלא טפחא, הבא להקדים את נגינתו של סוף פסוק הקיסר.",זקף קטן,ז״ק.02,זקף קטן,weak,6,זמן קצר | זנב קשיח | זקף קטן | זרע קדושים (שם משפחה) | זרע קודש (שם משפחה) | זרע קיים,substituted,yes,wikipedia,טעמי המקרא,unreviewed,,substitution,wiki_substituted
ha-00460,בד״צ,"בד״צ הוא בית דין הפועל במסגרת הצבא ותפקידו לשפוט חיילים וכן אזרחים הכפופים לצבא, בעבירות פליליות בלבד.",בית דין צבאי,בד״צ.01,בית דין צבאי,weak,2,בית דין צבאי | בית דין צדק,substituted,no,wikipedia,בית דין צבאי,unreviewed,,substitution,wiki_substituted
ha-00461,בד״צ,בד״צ זה היה בעברו ממוקם במחנה הדר שבחיפה.,בית דין צבאי,בד״צ.01,בית דין צבאי,weak,2,בית דין צבאי | בית דין צדק,substituted,no,wikipedia,בית דין צבאי (ישראל),unreviewed,,substitution,wiki_substituted
ha-00462,בד״צ,בד״צ זה דן בעניינם של קצינים בכירים וכן נושאים מורכבים.,בית דין צבאי,בד״צ.01,בית דין צבאי,weak,2,בית דין צבאי | בית דין צדק,substituted,no,wikipedia,בית דין צבאי (ישראל),unreviewed,,substitution,wiki_substituted
ha-02361,ס״ת,כי ס״ת של זה הפסוק כי לא תשכח מפי זרעו (דברים לא כא) הם אותיות יוחאי.,סופי תיבות,ס״ת.02,סופי תיבות,weak,2,ספר תורה | סופי תיבות,substituted,yes,wikipedia,קבר רבי שמעון בר יוחאי,unreviewed,,substitution,wiki_substituted
ha-02362,ס״ת,"השתמש בשם העט נ.ש.ק., שהוא ס״ת של שמו אברהם בער דובזביץ, אך עם החלפת האותיות באותיות הבאות אחריהן באלפבית העברי.",סופי תיבות,ס״ת.02,סופי תיבות,weak,2,ספר תורה | סופי תיבות,substituted,yes,wikipedia,אברהם דוב דובזביץ',unreviewed,,substitution,wiki_substituted
ha-02363,ס״ת,"ס״ת הוא מגילת קלף או גוויל שעליה כתובה התורה בשלמותה, מתחילת ספר בראשית ועד סוף ספר דברים.",ספר תורה,ס״ת.01,ספר תורה,weak,2,ספר תורה | סופי תיבות,substituted,yes,wikipedia,ספר תורה,unreviewed,,substitution,wiki_substituted
ha-02364,ס״ת,"ס״ת נחשב לתשמיש הקדושה הקדוש ביותר ביהדות, ונוהגים בו בכבוד מיוחד ובהידור רב.",ספר תורה,ס״ת.01,ספר תורה,weak,2,ספר תורה | סופי תיבות,substituted,yes,wikipedia,ספר תורה,unreviewed,,substitution,wiki_substituted
ha-02365,ס״ת,"על עור של דגים אסור לכתוב ס״ת, מפני שיש בו זוהמא.",ספר תורה,ס״ת.01,ספר תורה,weak,2,ספר תורה | סופי תיבות,substituted,yes,wikipedia,ספר תורה,unreviewed,,substitution,wiki_substituted
ha-01017,ה״ג,"ה״ג הוא ספר הלכה מתקופת הגאונים, שהפך לחלק אינטגרלי בלימוד ההלכה בישיבות הגאונים.",הלכות גדולות,ה״ג.01,הלכות גדולות,weak,5,הלכה ג' | הסגת גבול | הלכות גדולות | ה' גבורות | כך אנו גורסים,substituted,yes,wikipedia,הלכות גדולות,unreviewed,,substitution,wiki_substituted
ha-01018,ה״ג,"נוסח זה נקרא על ידי חלק מהחוקרים ""ה״ג אספמיא"", מתוך תפיסה (כנראה שגויה) שזה היה הנוסח שעמד בפני חכמי ספרד.",הלכות גדולות,ה״ג.01,הלכות גדולות,weak,5,הלכה ג' | הסגת גבול | הלכות גדולות | ה' גבורות | כך אנו גורסים,substituted,yes,wikipedia,הלכות גדולות,unreviewed,,substitution,wiki_substituted
ha-01019,ה״ג,"במבט כללי מציין שויקה שלמהדורה יתרונות רבים, על אף שנכשלה במטרתה העיקרית, העמדת נוסח מבוקר של ה״ג.",הלכות גדולות,ה״ג.01,הלכות גדולות,weak,5,הלכה ג' | הסגת גבול | הלכות גדולות | ה' גבורות | כך אנו גורסים,substituted,yes,wikipedia,הלכות גדולות,unreviewed,,substitution,wiki_substituted
ha-01020,ה״ג,"ה״ג במשפט האזרחי היא פגיעה בקניינו של אדם אחר על ידי שימוש במקרקעין השייכים או מוחזקים על ידיו, ללא קבלת רשותו.",הסגת גבול,ה״ג.02,הסגת גבול,weak,5,הלכה ג' | הסגת גבול | הלכות גדולות | ה' גבורות | כך אנו גורסים,substituted,yes,wikipedia,הסגת גבול (אזרחי),unreviewed,,substitution,wiki_substituted
ha-01021,ה״ג,"בהתאם נפסק כי ה״ג בקרקע מחוץ לארץ ישראל אף היא נכללת בפסוק ""ארור מסיג גבול רעהו"".",הסגת גבול,ה״ג.02,הסגת גבול,weak,5,הלכה ג' | הסגת גבול | הלכות גדולות | ה' גבורות | כך אנו גורסים,substituted,yes,wikipedia,הסגת גבול (יהדות),unreviewed,,substitution,wiki_substituted
ha-01022,ה״ג,"פלישה למקרקעין, ה״ג, או סקווטינג (מאנגלית Squatting) היא פעולה של התיישבות של אנשים בבניין או בשטח נטוש, או שאינו נמצא בשימוש, מבלי שהפולש מבצע קניה, שכירה או קבלת הסכמה בדרך אחרת.",הסגת גבול,ה״ג.02,הסגת גבול,weak,5,הלכה ג' | הסגת גבול | הלכות גדולות | ה' גבורות | כך אנו גורסים,substituted,yes,wikipedia,פלישה (מקרקעין),unreviewed,,substitution,wiki_substituted
ha-00886,ד״ח,"ד״ח, המכונה גם ""מִכְפָּל"" או ""כַּפְלָן"", הוא סימן ניקוד בעברית, המורה להכפיל את האות שבה הוא נמצא.",דגש חזק,ד״ח.01,דגש חזק,weak,3,דגש חזק | דרגת חופש | דפוס חדש,substituted,yes,wikipedia,דגש חזק,unreviewed,,substitution,wiki_substituted
ha-00887,ד״ח,"ד״ח יכול לבוא ברוב האותיות, למעט האותיות א, ה, ח, ע, ר.",דגש חזק,ד״ח.01,דגש חזק,weak,3,דגש חזק | דרגת חופש | דפוס חדש,substituted,yes,wikipedia,דגש חזק,unreviewed,,substitution,wiki_substituted
ha-00888,ד״ח,דגש משלים הוא ד״ח שמקורו בהבלעת אות מסוימת כתוצאה מתופעות לשוניות שונות.,דגש חזק,ד״ח.01,דגש חזק,weak,3,דגש חזק | דרגת חופש | דפוס חדש,substituted,yes,wikipedia,דגש חזק,unreviewed,,substitution,wiki_substituted
ha-00889,ד״ח,היה זה פתרון חדשני - להביא לידי התעלות מוסרית-דתית של הציבור הרחב באמצעות ד״ח של מנהיגות.,דפוס חדש,ד״ח.02,דפוס חדש,weak,3,דגש חזק | דרגת חופש | דפוס חדש,substituted,yes,wikipedia,צדיק,unreviewed,,substitution,wiki_substituted
ha-00890,ד״ח,"דגל הרפובליקה האיטלקית שמר על שלושת הצבעים הלאומיים האיטלקים-מילאנזיים, אך עם ד״ח, פחות מהפכני.",דפוס חדש,ד״ח.02,דפוס חדש,weak,3,דגש חזק | דרגת חופש | דפוס חדש,substituted,yes,wikipedia,הרפובליקה האיטלקית (1802–1805),unreviewed,,substitution,wiki_substituted
ha-00891,ד״ח,העקרונות של לה קורבוזיה לא היו פנטזיות עיצוביות או גחמות אופייניות אלא הכתיבו ד״ח של בניה.,דפוס חדש,ד״ח.02,דפוס חדש,weak,3,דגש חזק | דרגת חופש | דפוס חדש,substituted,yes,wikipedia,לה קורבוזיה,unreviewed,,substitution,wiki_substituted
ha-00892,ד״ח,"בפיזיקה, ממד של מערכת משקף ד״ח של תנועה במרחב.",דרגת חופש,ד״ח.03,דרגת חופש,weak,3,דגש חזק | דרגת חופש | דפוס חדש,substituted,yes,wikipedia,ממד (פיזיקה),unreviewed,,substitution,wiki_substituted
ha-00893,ד״ח,"בשנת 1924 פאולי הציג את מה שהוא כינה ""ד״ח קוונטית דו־ערכית"" הקשור לאלקטרון בקליפה הרחוקה ביותר מגרעין האטום (קליפת הערכיות).",דרגת חופש,ד״ח.03,דרגת חופש,weak,3,דגש חזק | דרגת חופש | דפוס חדש,substituted,yes,wikipedia,ספין (פיזיקה),unreviewed,,substitution,wiki_substituted
ha-00894,ד״ח,הפירוש הפיזיקלי של אותה ד״ח לא היה ידוע בהתחלה.,דרגת חופש,ד״ח.03,דרגת חופש,weak,3,דגש חזק | דרגת חופש | דפוס חדש,substituted,yes,wikipedia,ספין (פיזיקה),unreviewed,,substitution,wiki_substituted
ha-02763,ק״ל,"מהניסוח הרביעי של החוק ק״ל שכל אמצעי קירור יכול לקרר אזור מוגבל, ובהכרח יחמם את שאר הסביבה - לדוגמה, מקרר הפועל בחדר סגור יחמם את החדר, בין אם הוא פתוח (לאורך זמן) ובין אם הוא סגור.",קל להבין,ק״ל.01,קל להבין,weak,3,קשה לי | קל להבין | קיימא לן (מוחזק לנו),substituted,yes,wikipedia,החוק השני של התרמודינמיקה,unreviewed,,substitution,wiki_substituted
ha-02764,ק״ל,"ק״ל מדוע הובר, ""טראסט המוחות"" או חוקרים האוהדים לפעולתם יבכרו לאמץ עמדה אפולוגטית או התכחשות לכישלון הפרויקטים הציבוריים, חלוקת הכספים לחקלאים, וכדומה.",קל להבין,ק״ל.01,קל להבין,weak,3,קשה לי | קל להבין | קיימא לן (מוחזק לנו),substituted,yes,wikipedia,השפל הגדול,unreviewed,,substitution,wiki_substituted
ha-02765,ק״ל,"מנקודת מבט זו, ק״ל את פעולת הבנק הפדרלי לאורך שנות העשרים, בניפוח השוק כדי לשמר את הצריכה המצרפית ברמת גידול אחידה.",קל להבין,ק״ל.01,קל להבין,weak,3,קשה לי | קל להבין | קיימא לן (מוחזק לנו),substituted,yes,wikipedia,השפל הגדול,unreviewed,,substitution,wiki_substituted
ha-02766,ק״ל,"במהלך כניסתו ל""בית האח הגדול"" ביצע את שירו ""ק״ל לא להתרגש"", ותוך כדי שהותו שם יצאו לאור שיריו ""לבד"" ו""קולות"".",קשה לי,ק״ל.02,קשה לי,weak,3,קשה לי | קל להבין | קיימא לן (מוחזק לנו),substituted,yes,wikipedia,ג'קו אייזנברג,unreviewed,,substitution,wiki_substituted
ha-02767,ק״ל,"בעדותו אמר חורב: ""ק״ל לתפוס שחבר'ה שנשלחו להילחם בעזה מקבלים רישום פלילי.",קשה לי,ק״ל.02,קשה לי,weak,3,קשה לי | קל להבין | קיימא לן (מוחזק לנו),substituted,yes,wikipedia,מוני חורב,unreviewed,,substitution,wiki_substituted
ha-02768,ק״ל,"ב-29 באוגוסט 2007, הופיעה בגמר התוכנית ""כוכב נולד 5"" וביצעה בהופעת בכורה את ""ליפול"" ובהופעה משותפת עם אייזנברג את ""ק״ל לא להתרגש"".",קשה לי,ק״ל.02,קשה לי,weak,3,קשה לי | קל להבין | קיימא לן (מוחזק לנו),substituted,yes,wikipedia,מאיה רוטמן,unreviewed,,substitution,wiki_substituted
ha-01819,מל״ב,"הדיונים בנושא חקיקה אזרחית מערבים פוליטיקה של זהויות, מתוך רצון לשמר סממנים תרבותיים של קבוצות דתיות מל״ב האדם.",מבלי לפגוע בזכויות,מל״ב.01,מבלי לפגוע בזכויות,weak,2,מלכים ב' | מבלי לפגוע בזכויות,substituted,no,wikipedia,חקיקה אזרחית בהודו,unreviewed,,substitution,wiki_substituted
ha-01820,מל״ב,היינס טענה כי אין טקטיקה פשוטה לפיה הממשלה יכולה לצנזר חומר מילדים מל״ב המובטחות למבוגרים על ידי התיקון הראשון לחוקת ארצות הברית.,מבלי לפגוע בזכויות,מל״ב.01,מבלי לפגוע בזכויות,weak,2,מלכים ב' | מבלי לפגוע בזכויות,substituted,no,wikipedia,Not in Front of the Children,unreviewed,,substitution,wiki_substituted
ha-01821,מל״ב,"בנוסף, היינס טענה כי אין טקטיקה פשוטה לפיה הממשלה יכולה לצנזר חומר מילדים מל״ב המובטחות למבוגרים על ידי התיקון הראשון לחוקת ארצות הברית.",מבלי לפגוע בזכויות,מל״ב.01,מבלי לפגוע בזכויות,weak,2,מלכים ב' | מבלי לפגוע בזכויות,substituted,no,wikipedia,Not in Front of the Children,unreviewed,,substitution,wiki_substituted
ha-02998,ר״ע,"במדינות רבות, ראש עירייה או ר״ע הוא הפקיד הבכיר ביותר בשלטון מוניציפלי כמו זה של עיר או עיירה.",ראש עיר,ר״ע.01,ראש עיר,weak,4,רבי עקיבא | ראש עיר | רבי עובדיה מברטנורה | 270 (מספר),substituted,yes,wikipedia,ראש עירייה,unreviewed,,substitution,wiki_substituted
ha-02999,ר״ע,"ברחבי העולם, קיימת שונות גדולה בחוקים ובמנהגים המקומיים לגבי סמכויות ואחריות כראש העירייה, כמו גם האמצעים שבהם נבחר ר״ע או נבחר אחר לראשות מועצה עירונית.",ראש עיר,ר״ע.01,ראש עיר,weak,4,רבי עקיבא | ראש עיר | רבי עובדיה מברטנורה | 270 (מספר),substituted,yes,wikipedia,ראש עירייה,unreviewed,,substitution,wiki_substituted
ha-03000,ר״ע,"בארצות הברית, ישנם מספר סוגים נפרדים של ראשי ערים, תלוי אם שיטת השלטון המקומי היא ממשלת מועצה-מנהלת או ממשלת עם ר״ע העומד בראש מועצה.",ראש עיר,ר״ע.01,ראש עיר,weak,4,רבי עקיבא | ראש עיר | רבי עובדיה מברטנורה | 270 (מספר),substituted,yes,wikipedia,ראש עירייה,unreviewed,,substitution,wiki_substituted
ha-03001,ר״ע,"העדויות הראשונות מפי נוסעים מייחסות את המערה לחגי בלבד, כך בתיאורו של ר״ע, משולם מוולטרה ועוד.",רבי עובדיה מברטנורה,ר״ע.02,רבי עובדיה מברטנורה,weak,4,רבי עקיבא | ראש עיר | רבי עובדיה מברטנורה | 270 (מספר),substituted,yes,wikipedia,מערת הנביאים,unreviewed,,substitution,wiki_substituted
ha-03002,ר״ע,"נמצאים יד אבשלום, קבר בני חזיר, קבר זכריה וקבר ר״ע.",רבי עובדיה מברטנורה,ר״ע.02,רבי עובדיה מברטנורה,weak,4,רבי עקיבא | ראש עיר | רבי עובדיה מברטנורה | 270 (מספר),substituted,yes,wikipedia,שביל ירושלים,unreviewed,,substitution,wiki_substituted
ha-03003,ר״ע,"בין הקברים הידועים המצויים בנחל נמצאים יד אבשלום, קבר בני חזיר, קבר זכריה וקבר ר״ע.",רבי עובדיה מברטנורה,ר״ע.02,רבי עובדיה מברטנורה,weak,4,רבי עקיבא | ראש עיר | רבי עובדיה מברטנורה | 270 (מספר),substituted,yes,wikipedia,נחל קדרון,unreviewed,,substitution,wiki_substituted
ha-03004,ר״ע,"ר״ע בן יוסף (נולד במאה הראשונה - מת בין שנת 132 לשנת 136 לספירה), מגדולי חכמי ישראל, היה תנא ארץ ישראלי, בן הדור השלישי של התנאים והיה מתומכי מרד בר כוכבא.",רבי עקיבא,ר״ע.03,רבי עקיבא,weak,4,רבי עקיבא | ראש עיר | רבי עובדיה מברטנורה | 270 (מספר),substituted,yes,wikipedia,רבי עקיבא,unreviewed,,substitution,wiki_substituted
ha-03005,ר״ע,"ובין התלמוד הבבלי בו השם נכתב באות א בסופו – ""ר״ע"" היא הצורה שהשתרשה והפכה למקובלת.",רבי עקיבא,ר״ע.03,רבי עקיבא,weak,4,רבי עקיבא | ראש עיר | רבי עובדיה מברטנורה | 270 (מספר),substituted,yes,wikipedia,רבי עקיבא,unreviewed,,substitution,wiki_substituted
ha-03006,ר״ע,"סיפורם של ר״ע ואשתו מובא כחלק מרצף סיפורים על חכמים שעזבו את ביתם והלכו ללמוד תורה, לעיתים לתקופות ארוכות.",רבי עקיבא,ר״ע.03,רבי עקיבא,weak,4,רבי עקיבא | ראש עיר | רבי עובדיה מברטנורה | 270 (מספר),substituted,yes,wikipedia,רבי עקיבא,unreviewed,,substitution,wiki_substituted
ha-00533,בע״מ,"כהן בע״מ הוא כהן אשר גופו לוקה בחסר ויש בו מום, הפוסל אותו מעבודת המקדש.",בעל מום,בע״מ.02,בעל מום,weak,4,בערבון מוגבל | בעל מלאכה | בעל מום | בקשת ערעור משפחה,substituted,yes,wikipedia,בעל מום,unreviewed,,substitution,wiki_substituted
ha-00534,בע״מ,"קרבן בע״מ הוא בעל חיים אשר גופו לוקה בחסר ויש בו מום, הפוסל אותו מלהיות מוקרב במקדש.",בעל מום,בע״מ.02,בעל מום,weak,4,בערבון מוגבל | בעל מלאכה | בעל מום | בקשת ערעור משפחה,substituted,yes,wikipedia,בעל מום,unreviewed,,substitution,wiki_substituted
ha-00535,בע״מ,"כהן בע״מ שעבד עבודה הקרבן חולל ונפסל, ועל הבעלים להביא קרבן חדש.",בעל מום,בע״מ.02,בעל מום,weak,4,בערבון מוגבל | בעל מלאכה | בעל מום | בקשת ערעור משפחה,substituted,yes,wikipedia,בעל מום,unreviewed,,substitution,wiki_substituted
ha-00536,בע״מ,"צורף הוא אֻמָּן, במשמעות בע״מ העוסק בעיבוד מתכות אצילות (כסף, זהב, ופלטינה) לשם ייצור תכשיטים, לרוב תוך שיבוץ אבנים יקרות בתכשיט.",בעל מלאכה,בע״מ.03,בעל מלאכה,weak,4,בערבון מוגבל | בעל מלאכה | בעל מום | בקשת ערעור משפחה,substituted,yes,wikipedia,צורף,unreviewed,,substitution,wiki_substituted
ha-00537,בע״מ,"זגג הוא בע״מ העוסק בזיגוג כגון קיבוע שמשות במסגרות ובחלונות, החלפת זכוכיות ותיקונם.",בעל מלאכה,בע״מ.03,בעל מלאכה,weak,4,בערבון מוגבל | בעל מלאכה | בעל מום | בקשת ערעור משפחה,substituted,yes,wikipedia,זגג,unreviewed,,substitution,wiki_substituted
ha-00538,בע״מ,לעיתים נדדו שוליות לעיר מרוחקת ממקום מגוריהם על מנת ללמוד אצל בע״מ נודע.,בעל מלאכה,בע״מ.03,בעל מלאכה,weak,4,בערבון מוגבל | בעל מלאכה | בעל מום | בקשת ערעור משפחה,substituted,yes,wikipedia,שוליה,unreviewed,,substitution,wiki_substituted
ha-00540,בע״מ,"שותפות היא התאגדות משפטית, בין מספר ישויות משפטיות (כגון מספר בני אדם, מספר חברות וכיוצא בזה) המנהלים יחד עסק לשם הפקת רווחים, ואינם מאוגדים באופן אחר כמו בחברה בע״מ או אגודה שיתופית.",בערבון מוגבל,בע״מ.01,בערבון מוגבל,weak,4,בערבון מוגבל | בעל מלאכה | בעל מום | בקשת ערעור משפחה,substituted,yes,wikipedia,שותפות,unreviewed,,substitution,wiki_substituted
ha-00541,בע״מ,הרמת מסך היא כלי משפטי המאפשר לייחס את החובות והזכויות של חברה בע״מ לבעליה.,בערבון מוגבל,בע״מ.01,בערבון מוגבל,weak,4,בערבון מוגבל | בעל מלאכה | בעל מום | בקשת ערעור משפחה,substituted,yes,wikipedia,הרמת מסך,unreviewed,,substitution,wiki_substituted
ha-00542,בע״מ,"הוא פרסם בעיתון טור בשם ""בע״מ"", ובו מקבץ של ידיעות קצרות, שכדברי מרקוס אין הקורא צריך לראותן כידיעות רשמיות ובדוקות, אלא לקבלן ""בע״מ"".",בערבון מוגבל,בע״מ.01,בערבון מוגבל,weak,4,בערבון מוגבל | בעל מלאכה | בעל מום | בקשת ערעור משפחה,substituted,yes,wikipedia,יואל מרקוס,unreviewed,,substitution,wiki_substituted
ha-00464,בה״ג,"יונה פרנקל כתב כי הפיוט התחבר כנראה לאחר חתימת התלמוד הבבלי, אך קדם למאה התשיעית, בה חי בה״ג שהעתיק במניין המצוות שלו את לשון הפיוט.",בעל הלכות גדולות,בה״ג.01,בעל הלכות גדולות,weak,2,בן הגאון | בעל הלכות גדולות,substituted,no,wikipedia,אתה הנחלת,unreviewed,,substitution,wiki_substituted
ha-00465,בה״ג,"בה״ג ממשיך ומונה שם את שבעת נביאי אומות העולם אחרי האבות כפי שמובא בגמרא, והוא ממשיך: ”אלו נתנבאו לאומות העולם עד שלא נתנה תורה לישראל, וכשנתנה תורה לישראל פסקה רוח הקודש מן האומות”.",בעל הלכות גדולות,בה״ג.01,בעל הלכות גדולות,weak,2,בן הגאון | בעל הלכות גדולות,substituted,no,wikipedia,הנבואה במסורת ישראל,unreviewed,,substitution,wiki_substituted
ha-00466,בה״ג,לדעת בה״ג גוי שנתגייר יש להטיף ממנו דם ברית לצורך גיורו.,בעל הלכות גדולות,בה״ג.01,בעל הלכות גדולות,weak,2,בן הגאון | בעל הלכות גדולות,substituted,no,wikipedia,הטפת דם ברית,unreviewed,,substitution,wiki_substituted
ha-02892,רס״ג,"ועוד כותב רס״ג כי על אף ""גודל ערכו ויקר מעלתו"" של ספר התורה, בכל אופן יש ציוויים נוספים שלא כתובים בו שהאדם מחויב בהם, ביניהם המצוות השכליות, הצדק והיושר.",רבי סעדיה גאון,רס״ג.01,רבי סעדיה גאון,weak,2,רבי סעדיה גאון | רב סמל גדודי,substituted,no,wikipedia,יהדות: בין דת למוסר (ספר),unreviewed,,substitution,wiki_substituted
ha-02893,רס״ג,"ספר אלעזר בן עיראי הוא חיבור עלום אשר מצוטט על ידי רס״ג בהקדמתו לספר הגלוי וכן בפירושו לספר יצירה, החיבור נחשב היום לחיבור אבוד.",רבי סעדיה גאון,רס״ג.01,רבי סעדיה גאון,weak,2,רבי סעדיה גאון | רב סמל גדודי,substituted,no,wikipedia,ספר אלעזר בן עיראי,unreviewed,,substitution,wiki_substituted
ha-02610,פ״ד,"פ״ד במסכת זו עוסק בדרך אגב בציצית, תפילין, והלכות ספר תורה ומזוזה.",פרק רביעי,פ״ד.01,פרק רביעי,weak,2,פרק רביעי | פסק(י) דין,substituted,no,wikipedia,מסכת מנחות,unreviewed,,substitution,wiki_substituted
ha-02611,פ״ד,אלא שהם עתה הפכו לעצמאיים והוסף להם פ״ד.,פרק רביעי,פ״ד.01,פרק רביעי,weak,2,פרק רביעי | פסק(י) דין,substituted,no,wikipedia,התקופה הקלאסית (מוזיקה),unreviewed,,substitution,wiki_substituted
ha-01314,ט״נ,ט״נ היא טומאה החלה על פגר של בהמה או חיה – בין אם הוא ממין טהור (המותר באכילה) או טמא (האסור לאכילה).,טומאת נבלה,ט״נ.01,טומאת נבלה,weak,2,טומאת נבלה | טרום ניתוח,substituted,yes,wikipedia,טומאת נבלה,unreviewed,,substitution,wiki_substituted
ha-01315,ט״נ,"פגר המטמא ט״נ נחשב לאב הטומאה, וכזית ממנו מטמא אדם, כלים ומאכלים הנוגעים בו או כלי חרס שכזית מהנבלה נמצאת באווירו, להיות ראשון לטומאה.",טומאת נבלה,ט״נ.01,טומאת נבלה,weak,2,טומאת נבלה | טרום ניתוח,substituted,yes,wikipedia,טומאת נבלה,unreviewed,,substitution,wiki_substituted
ha-01316,ט״נ,"בין היתר מובאים בהלכות ט״נ, טומאת שרץ, ודיני טומאה בכלים, במשקים ובמאכלים.",טומאת נבלה,ט״נ.01,טומאת נבלה,weak,2,טומאת נבלה | טרום ניתוח,substituted,yes,wikipedia,פרשת שמיני,unreviewed,,substitution,wiki_substituted
ha-01317,ט״נ,"במקרים מסוימים בצילומים המבוצעים מסיבה אחרת, כמו למשל ט״נ, מתגלות גרורות ריאתיות של סרטן אקראי.",טרום ניתוח,ט״נ.02,טרום ניתוח,weak,2,טומאת נבלה | טרום ניתוח,substituted,yes,wikipedia,אינצידנטלומה,unreviewed,,substitution,wiki_substituted
ha-01318,ט״נ,"בטיחות בחדר ניתוח - וידוא מוכנות מטופל וחדר ניתוח, אימות נתונים טרום חתך\תחילת פעולה, סימון איבר ט״נ וספירת פריטים בחדר ניתוח.",טרום ניתוח,ט״נ.02,טרום ניתוח,weak,2,טומאת נבלה | טרום ניתוח,substituted,yes,wikipedia,בטיחות המטופל,unreviewed,,substitution,wiki_substituted
ha-00982,הי״ת,"אומנם, אם ""יחזק זכות האדם כל כך, אז יצילהו הי״ת ממנה בשינוי טבע"".",השם יתברך,הי״ת.01,השם יתברך,weak,2,"השם יתברך | המשביר, יכין, תנובה",substituted,no,wikipedia,השגחה,unreviewed,,substitution,wiki_substituted
ha-00983,הי״ת,"הי״ת גזר אומר אשר עשב פרטי זה חיה יחיה חדשים ימים ושעות קצובות, ובמשך זמן זה יסוב ויכוף במספר כזה וכזה"".",השם יתברך,הי״ת.01,השם יתברך,weak,2,"השם יתברך | המשביר, יכין, תנובה",substituted,no,wikipedia,השגחה,unreviewed,,substitution,wiki_substituted
ha-01356,יח״מ,יח״מ זו היא יחידה מקובלת למדידת מהירותם של כלי רכב במרבית מדינות העולם.,יחידת מידה,יח״מ.01,יחידת מידה,weak,2,יחידת מידה | יחידת מדים,substituted,no,wikipedia,קילומטר לשעה,unreviewed,,substitution,wiki_substituted
ha-01357,יח״מ,יח״מ מקובלת למהירות בקרב הפיזיקאים היא מטר לשנייה (מ/ש) – זו יחידת SI למהירות.,יחידת מידה,יח״מ.01,יחידת מידה,weak,2,יחידת מידה | יחידת מדים,substituted,no,wikipedia,קילומטר לשעה,unreviewed,,substitution,wiki_substituted
ha-01358,יח״מ,הרגל הייתה יח״מ מקובלת לאורך כמעט בכל התרבויות.,יחידת מידה,יח״מ.01,יחידת מידה,weak,2,יחידת מידה | יחידת מדים,substituted,no,wikipedia,רגל (יחידת מידה),unreviewed,,substitution,wiki_substituted
ha-01950,מרת״א,"בשנת 2014 קיבל מרת״א, איכילוב, את תו התקן היוקרתי של ארגון ""JCI) ""Joint Commission International).",המרכז הרפואי תל אביב,מרת״א.01,המרכז הרפואי תל אביב,weak,2,המרכז הרפואי תל אביב | מועדון רצי תל אביב,substituted,no,wikipedia,"המרכז הרפואי תל אביב ע""ש סוראסקי",unreviewed,,substitution,wiki_substituted
ha-01182,חט״ם,חט״ם משפיעה על סדר היום המדיני והצבאי של מדינת ישראל.,חטיבת המחקר,חט״ם.01,חטיבת המחקר,weak,2,"חטיבת המחקר | חבל, טריג, מקבילים",substituted,no,wikipedia,חטיבת המחקר,unreviewed,,substitution,wiki_substituted
ha-01183,חט״ם,"לאורך השנים, לקחה חט״ם חלק פעיל בכל מלחמות ישראל ובאירועים מדיניים ומבצעיים רבים.",חטיבת המחקר,חט״ם.01,חטיבת המחקר,weak,2,"חטיבת המחקר | חבל, טריג, מקבילים",substituted,no,wikipedia,חטיבת המחקר,unreviewed,,substitution,wiki_substituted
ha-01184,חט״ם,חט״ם מקיימת כנס שנתי לסיכום פעילותה ולהענקת תעודות הערכה לחוקריה בסדיר ובמילואים.,חטיבת המחקר,חט״ם.01,חטיבת המחקר,weak,2,"חטיבת המחקר | חבל, טריג, מקבילים",substituted,no,wikipedia,חטיבת המחקר,unreviewed,,substitution,wiki_substituted
ha-01494,כ״י,גם העותק המקורי של התווים של יצירה מוזיקלית הוא בגדר כ״י.,כתב יד,כ״י.01,כתב יד,weak,2,כתב יד | כן ירבו,substituted,no,wikipedia,כתב יד (מקור),unreviewed,,substitution,wiki_substituted
ha-01495,כ״י,"התרחבות השימוש במעבד תמלילים, החל מאמצע שנות השמונים של המאה העשרים, יצרה שינוי מהותי יותר במשמעותו של המושג כ״י.",כתב יד,כ״י.01,כתב יד,weak,2,כתב יד | כן ירבו,substituted,no,wikipedia,כתב יד (מקור),unreviewed,,substitution,wiki_substituted
ha-01496,כ״י,"כתב היד המוגש לפרסום בעקבות יצירתו במעבד תמלילים אינו בהכרח העותק היחיד של כ״י זה, שהרי ניתן לייצר בקלות רבה עותקים נוספים של כתב היד, זהים לזה שנמסר לפרסום או שונים ממנו במידה זו או אחרת.",כתב יד,כ״י.01,כתב יד,weak,2,כתב יד | כן ירבו,substituted,no,wikipedia,כתב יד (מקור),unreviewed,,substitution,wiki_substituted
ha-01010,השב״ס,"פן נוסף של השב״ס הוא סריקה וצילום של מאמרים - המוכר גם במונח ""אספקת מסמכים"".",השאלה בין-ספרייתית,השב״ס.02,השאלה בין-ספרייתית,weak,2,שירות בתי הסוהר | השאלה בין-ספרייתית,substituted,yes,wikipedia,השאלה בין-ספרייתית,unreviewed,,substitution,wiki_substituted
ha-01011,השב״ס,"באופן מסורתי, שירותי השב״ס ניתנים כאשר פריט חסר בספרייה המקומית.",השאלה בין-ספרייתית,השב״ס.02,השאלה בין-ספרייתית,weak,2,שירות בתי הסוהר | השאלה בין-ספרייתית,substituted,yes,wikipedia,השאלה בין-ספרייתית,unreviewed,,substitution,wiki_substituted
ha-01012,השב״ס,"בכל יחידת השב״ס מתנהלים שני תהליכים מקבילים: הזמנות נכנסות ׁ- הזמנות המסופקות לספריות אחרות עבור הלקוחות שלהן, והזמנות יוצאות - הזמנות מספריות אחרות עבור הלקוחות המקומיים.",השאלה בין-ספרייתית,השב״ס.02,השאלה בין-ספרייתית,weak,2,שירות בתי הסוהר | השאלה בין-ספרייתית,substituted,yes,wikipedia,השאלה בין-ספרייתית,unreviewed,,substitution,wiki_substituted
ha-01014,השב״ס,"בראש השב״ס עומד נציב בתי הסוהר, קצין בדרגת רב-גונדר, הכפוף לשר לביטחון לאומי.",שירות בתי הסוהר,השב״ס.01,שירות בתי הסוהר,weak,2,שירות בתי הסוהר | השאלה בין-ספרייתית,substituted,yes,wikipedia,שירות בתי הסוהר,unreviewed,,substitution,wiki_substituted
ha-01015,השב״ס,בשנת 1946 פרסמו הבריטים את הפקודה השלישית שנשארה בתוקף עד 1971 ובה נקבע כי השב״ס תהיה יחידה נפרדת מהמשטרה.,שירות בתי הסוהר,השב״ס.01,שירות בתי הסוהר,weak,2,שירות בתי הסוהר | השאלה בין-ספרייתית,substituted,yes,wikipedia,שירות בתי הסוהר,unreviewed,,substitution,wiki_substituted
ha-01016,השב״ס,"בנוסף מונה הנציב הראשון של השב״ס, גרו גרא.",שירות בתי הסוהר,השב״ס.01,שירות בתי הסוהר,weak,2,שירות בתי הסוהר | השאלה בין-ספרייתית,substituted,yes,wikipedia,שירות בתי הסוהר,unreviewed,,substitution,wiki_substituted
ha-01631,מג״ב,מג״ב הוא חיל חלוץ המשלב בני מיעוטים רבים המשרתים כלוחמים וכמפקדים בחיל.,משמר הגבול,מג״ב.01,משמר הגבול,weak,3,משמר הגבול | מגה בית (גם: מגה בייט). בדיוק מיליון בית | מיירט גובה בינוני,substituted,no,wikipedia,משמר הגבול,unreviewed,,substitution,wiki_substituted
ha-01632,מג״ב,בעקבות החלטה זו הוקמו בשנת 1951 שלוש פלוגות מג״ב במסגרת המשטרה.,משמר הגבול,מג״ב.01,משמר הגבול,weak,3,משמר הגבול | מגה בית (גם: מגה בייט). בדיוק מיליון בית | מיירט גובה בינוני,substituted,no,wikipedia,משמר הגבול,unreviewed,,substitution,wiki_substituted
ha-01633,מג״ב,בשנת 1954 נעשה ניסיון להקים יחידת שריון במסגרת מג״ב.,משמר הגבול,מג״ב.01,משמר הגבול,weak,3,משמר הגבול | מגה בית (גם: מגה בייט). בדיוק מיליון בית | מיירט גובה בינוני,substituted,no,wikipedia,משמר הגבול,unreviewed,,substitution,wiki_substituted
ha-02684,קב״ש,"קב״ש היא קבוצת מזמורי תהילים ופיוט הנאמרים בבית הכנסת בזמן המעבר בין ערב שבת לליל שבת, בין תפילת מנחה של חול לתפילת ערבית של שבת, ומציינת את תחילתה של השבת.",קבלת שבת,קב״ש.01,קבלת שבת,weak,3,קבלת שבת | קילובייט לשנייה | קצין ביטחון שדה,substituted,yes,wikipedia,קבלת שבת,unreviewed,,substitution,wiki_substituted
ha-02685,קב״ש,"בהשראת הטקס הדתי התפתחו גם טקסים ואירועים שונים בשם זהה עם מאפיינים מסורתיים או חילוניים על ידי קבוצות יהודיות שונות, בערב שבת ובליל השבת (לדוגמה, טקס קב״ש בקיבוצים).",קבלת שבת,קב״ש.01,קבלת שבת,weak,3,קבלת שבת | קילובייט לשנייה | קצין ביטחון שדה,substituted,yes,wikipedia,קבלת שבת,unreviewed,,substitution,wiki_substituted
ha-02686,קב״ש,"בקהילת פרנקפורט דמיין, לא נתקבל מנהג קב״ש בבית כנסת המרכזי עד תקופת הרב שמשון רפאל הירש, ובוורמייזא לא נתקבל כל עוד שהייתה שם קהילה.",קבלת שבת,קב״ש.01,קבלת שבת,weak,3,קבלת שבת | קילובייט לשנייה | קצין ביטחון שדה,substituted,yes,wikipedia,קבלת שבת,unreviewed,,substitution,wiki_substituted
ha-02687,קב״ש,"במקור, השירים היו זמינים רק עם הגנת DRM והיו מקודדים ב-128 קב״ש.",קילובייט לשנייה,קב״ש.02,קילובייט לשנייה,weak,3,קבלת שבת | קילובייט לשנייה | קצין ביטחון שדה,substituted,yes,wikipedia,חנות האייטונס,unreviewed,,substitution,wiki_substituted
ha-02688,קב״ש,"בתערוכת מקוורלד 2009, הודיעה אפל כי כל המוזיקה ב-iTunes תהיה זמינה ללא DRM ותקודד בקצב גבוה יותר, של 256 קב״ש.",קילובייט לשנייה,קב״ש.02,קילובייט לשנייה,weak,3,קבלת שבת | קילובייט לשנייה | קצין ביטחון שדה,substituted,yes,wikipedia,חנות האייטונס,unreviewed,,substitution,wiki_substituted
ha-02689,קב״ש,"בישראל היו כמה מאות שותפי סוד, ולכן מינה הדר קמחי מתוך שייטת ספינות הטילים קב״ש מיוחד לנושא.",קצין ביטחון שדה,קב״ש.03,קצין ביטחון שדה,weak,3,קבלת שבת | קילובייט לשנייה | קצין ביטחון שדה,substituted,yes,wikipedia,ספינות שרבורג,unreviewed,,substitution,wiki_substituted
ha-01308,ט״מ,"זאת, משום שנהוג לטעון נגד מתופפי הקלטות כי הם ניחנים בחוש קצב ט״מ ובצליל נקי, אך לא ביצירתיות, ולכן יש לראות בהם אומנים ולא אמנים.",טוב מאוד,ט״מ.01,טוב מאוד,weak,4,טוב מאוד | טומוגרפיה ממוחשבת | טמא/טומאת מת | ט' מידות,substituted,yes,wikipedia,מתופף,unreviewed,,substitution,wiki_substituted
ha-01309,ט״מ,"אבל כאשר הדובר נער או נערה, הביטוי מקבל הקשר חיובי, וכוונת הדובר להגיד שהדבר טוב (ולפי העברית העדכנית בשנת 2024, ""מדהים"") ואולי גם ט״מ.",טוב מאוד,ט״מ.01,טוב מאוד,weak,4,טוב מאוד | טומוגרפיה ממוחשבת | טמא/טומאת מת | ט' מידות,substituted,yes,wikipedia,קונוטציה,unreviewed,,substitution,wiki_substituted
ha-01310,ט״מ,"עבודתו בתחום האיזוטופים הובילה אותו לניסוח ""כלל המספר השלם"", לפיו - ""כאשר מסת איזוטופ החמצן מוגדרת [כמספר שלם], המסות של כל שאר האיזוטופים יהיו בקירוב ט״מ מספרים שלמים"".",טוב מאוד,ט״מ.01,טוב מאוד,weak,4,טוב מאוד | טומוגרפיה ממוחשבת | טמא/טומאת מת | ט' מידות,substituted,yes,wikipedia,פרנסיס ויליאם אסטון,unreviewed,,substitution,wiki_substituted
ha-01311,ט״מ,"קיימים מוסדות רפואיים המציעים אף בדיקת ט״מ של כל הגוף לאוכלוסייה הכללית, אף שארגונים רפואיים רבים מתנגדים לבדיקה זו ללא צורך רפואי מוכח.",טומוגרפיה ממוחשבת,ט״מ.02,טומוגרפיה ממוחשבת,weak,4,טוב מאוד | טומוגרפיה ממוחשבת | טמא/טומאת מת | ט' מידות,substituted,yes,wikipedia,טומוגרפיה ממוחשבת,unreviewed,,substitution,wiki_substituted
ha-01312,ט״מ,ט״מ אף יעילה באבחון תסחיף ריאתי כאשר היא משולבת בהחדרת חומר ניגודי לגוף המאפשר את דימות עורקי הריאה.,טומוגרפיה ממוחשבת,ט״מ.02,טומוגרפיה ממוחשבת,weak,4,טוב מאוד | טומוגרפיה ממוחשבת | טמא/טומאת מת | ט' מידות,substituted,yes,wikipedia,טומוגרפיה ממוחשבת,unreviewed,,substitution,wiki_substituted
ha-01313,ט״מ,"אבנים בכליות, דלקת התוספתן, דלקת לבלב, דיברטיקוליטיס, מפרצת באבי העורקים וחסימת מעיים ניתנים כולם לאיבחון ולהערכה בבדיקת ט״מ.",טומוגרפיה ממוחשבת,ט״מ.02,טומוגרפיה ממוחשבת,weak,4,טוב מאוד | טומוגרפיה ממוחשבת | טמא/טומאת מת | ט' מידות,substituted,yes,wikipedia,טומוגרפיה ממוחשבת,unreviewed,,substitution,wiki_substituted
ha-00101,אחמ״ש,"במוסדות שונים בהם לא קיים תפקיד רב המלצרים, מתחלקות סמכויותיו בין בעלי תפקידים שונים, כמו מארח או אחמ״ש.",אחראי משמרת,אחמ״ש.01,אחראי משמרת,weak,2,אחראי משמרת | אִחוד משפחות,substituted,no,wikipedia,רב מלצרים,unreviewed,,substitution,wiki_substituted
ha-00102,אחמ״ש,"זמן קצר לאחר מכן קודם לתפקיד אחמ״ש, ובתפקיד זה הועסק כעשרה חודשים נוספים.",אחראי משמרת,אחמ״ש.01,אחראי משמרת,weak,2,אחראי משמרת | אִחוד משפחות,substituted,no,wikipedia,"אלון לי גרין נ' אקסלנט קופי בע""מ",unreviewed,,substitution,wiki_substituted
ha-00103,אחמ״ש,"כראיה לטענה הודגש קידומו המהיר של גרין ברשת, אשר קודם לתפקיד אחמ״ש כשלושה חודשים בלבד לאחר תחילת עבודתו.",אחראי משמרת,אחמ״ש.01,אחראי משמרת,weak,2,אחראי משמרת | אִחוד משפחות,substituted,no,wikipedia,"אלון לי גרין נ' אקסלנט קופי בע""מ",unreviewed,,substitution,wiki_substituted
ha-00467,בה״מ,בסדר קדשים במשנה נמצאת מסכת מידות המתארת את בה״מ השני והר הבית.,בית המקדש,בה״מ.01,בית המקדש,weak,2,בית המקדש | ברכת המזון,substituted,yes,wikipedia,בית המקדש השני,unreviewed,,substitution,wiki_substituted
ha-00468,בה״מ,"העם נענו לתוכחתו של חגי, ובכד בכסלו, בשנה השנייה לדריווש החלו לבנות מחדש את בה״מ.",בית המקדש,בה״מ.01,בית המקדש,weak,2,בית המקדש | ברכת המזון,substituted,yes,wikipedia,בית המקדש השני,unreviewed,,substitution,wiki_substituted
ha-00469,בה״מ,ביסוס ממלכת החשמונאים בשנים הבאות הביא לפיתוח מערך לוגיסטי ותשתיתי מקיף סביב ירושלים שנועד לשרת את צורכי הפולחן והכלכלה של בה״מ.,בית המקדש,בה״מ.01,בית המקדש,weak,2,בית המקדש | ברכת המזון,substituted,yes,wikipedia,בית המקדש השני,unreviewed,,substitution,wiki_substituted
ha-00470,בה״מ,"ביסוד בה״מ עומדת חובת האדם להודות לבוראו על המזון שממנו הוא מתקיים, ולהכיר בכך שהמזון, גוף האדם והקרקע ניתנים מידי הבורא ובהשגחתו.",ברכת המזון,בה״מ.02,ברכת המזון,weak,2,בית המקדש | ברכת המזון,substituted,yes,wikipedia,ברכת המזון,unreviewed,,substitution,wiki_substituted
ha-00471,בה״מ,"לדעת רבן גמליאל יש לברך בה״מ על כל מאכל משבעת המינים, שהם המופיעים בתורה בפרשה של בה״מ.",ברכת המזון,בה״מ.02,ברכת המזון,weak,2,בית המקדש | ברכת המזון,substituted,yes,wikipedia,ברכת המזון,unreviewed,,substitution,wiki_substituted
ha-00472,בה״מ,"לדעת רבי עקיבא מברכים בה״מ על כל מה שאדם אוכל ממנו כדי לשבוע ועושה אותו עיקר סעודתו, ואפילו יהיה זה ירק.",ברכת המזון,בה״מ.02,ברכת המזון,weak,2,בית המקדש | ברכת המזון,substituted,yes,wikipedia,ברכת המזון,unreviewed,,substitution,wiki_substituted
ha-02423,ע״ד,"במדינות מסוימות יש לממשלה סמכויות חיקוק של תקנות משנה בחוקים הקיימים (בתנאי שלא יסתרו את החוק) וכן סמכות לצאת למלחמה ע״ד עצמה, לחתום על חוזי שלום ולקבוע את הפיחות במטבע היציג.",על דעת,ע״ד.01,על דעת,weak,4,על דרך | על דעת | עריכת דין | על דבר/דברי,substituted,yes,wikipedia,ממשלה,unreviewed,,substitution,wiki_substituted
ha-02424,ע״ד,"מטרתו של הצבא הייתה לשמר את החוסן והמורל של העורף הצרפתי, אך תהליך זה מוגדר במחקר כאקט תעמולתי שנועד להשפיע ע״ד הקהל.",על דעת,ע״ד.01,על דעת,weak,4,על דרך | על דעת | עריכת דין | על דבר/דברי,substituted,yes,wikipedia,דעת קהל,unreviewed,,substitution,wiki_substituted
ha-02425,ע״ד,"תַּעֲמוּלָה (בלועזית: פְּרוֹפָּגַנְדָּה) היא הפצת מידע – עובדות, טיעונים, שמועות, חצאי אמיתות או שקרים – כדי להשפיע ע״ד הקהל.",על דעת,ע״ד.01,על דעת,weak,4,על דרך | על דעת | עריכת דין | על דבר/דברי,substituted,yes,wikipedia,תעמולה,unreviewed,,substitution,wiki_substituted
ha-02426,ע״ד,"אירוניה מכוונת נפוצה גם כאמצעי רטורי לשם חידוד המסר והבלטתו ע״ד הניגוד, היא יכולה לקבל ביטוי מילולי כאשר הנאמר נוגד במהות את המסר, כפי שמתפרש בהתאם להקשר ולטון הדיבור.",על דרך,ע״ד.02,על דרך,weak,4,על דרך | על דעת | עריכת דין | על דבר/דברי,substituted,yes,wikipedia,אירוניה,unreviewed,,substitution,wiki_substituted
ha-02427,ע״ד,"ב-1958 הציג זאת כך: כהמשך לדבריו של ראסל, צצו דתות פארודיות המשתמשות בהוכחה ע״ד השלילה כדי להגחיך את הדתות.",על דרך,ע״ד.02,על דרך,weak,4,על דרך | על דעת | עריכת דין | על דבר/דברי,substituted,yes,wikipedia,הוכחה בדרך השלילה,unreviewed,,substitution,wiki_substituted
ha-02428,ע״ד,"ניתן להגדיר דגים ע״ד השלילה : ""דגים הם כל בעלי חוליות שלא עלו על היבשה"".",על דרך,ע״ד.02,על דרך,weak,4,על דרך | על דעת | עריכת דין | על דבר/דברי,substituted,yes,wikipedia,דג,unreviewed,,substitution,wiki_substituted
ha-02429,ע״ד,"בראשית ימי המדינה, היו עורכי דין רבים שעלו מחוץ לארץ ולא הצליחו לקבל רישיון ע״ד בגלל קושי הבחינות והחובה להתמחות ארוכה ללא קבלת שכר.",עריכת דין,ע״ד.03,עריכת דין,weak,4,על דרך | על דעת | עריכת דין | על דבר/דברי,substituted,yes,wikipedia,עורך דין,unreviewed,,substitution,wiki_substituted
ha-02430,ע״ד,בעקבות לחץ של אנשים שבקשו ללמוד ע״ד שונה החוק והוא איפשר לימודי משפטים לצורכי הסמכה כעורך דין במכללה לא אקדמית והוקמו שלוש מכללות לא אקדמיות ללימודי משפט.,עריכת דין,ע״ד.03,עריכת דין,weak,4,על דרך | על דעת | עריכת דין | על דבר/דברי,substituted,yes,wikipedia,עורך דין,unreviewed,,substitution,wiki_substituted
ha-02431,ע״ד,משרד עורכי דין (או: פירמת עורכי דין) הוא משרד המספק שירותי ע״ד ללקוחותיו.,עריכת דין,ע״ד.03,עריכת דין,weak,4,על דרך | על דעת | עריכת דין | על דבר/דברי,substituted,yes,wikipedia,משרד עורכי דין,unreviewed,,substitution,wiki_substituted
ha-00819,דל״ש,אֶדָם (בהולנדית: Edammer) היא גבינה הולנדית מסורתית העשויה מחלב דל״ש או דל״ש למחצה.,דל שומן,דל״ש.01,דל שומן,weak,2,דל שומן | דלא שייך/שנא/שמיה,substituted,no,wikipedia,אדם (גבינה),unreviewed,,substitution,wiki_substituted
ha-00820,דל״ש,"בגבינה זו אחוזי שומן נמוכים ביותר, משום שהיא מיוצרת מחלב דל״ש.",דל שומן,דל״ש.01,דל שומן,weak,2,דל שומן | דלא שייך/שנא/שמיה,substituted,no,wikipedia,קרוודי,unreviewed,,substitution,wiki_substituted
ha-00821,דל״ש,"בשנת 1960 דנה המועצה לשיווק וייצור חלב בהצעה לשווק חלב דל״ש, אולם ההצעה נדחתה בגלל התנגדות היצרנים.",דל שומן,דל״ש.01,דל שומן,weak,2,דל שומן | דלא שייך/שנא/שמיה,substituted,no,wikipedia,משק החלב בישראל,unreviewed,,substitution,wiki_substituted
ha-03044,שח״ר,"אַבּוּ בַּסְמַה (בערבית: أبو بسمة ""אבי החיוך"") הייתה מועצה אזורית בנגב במחוז הדרום, שפעלה בין השנים 2003–2012, ושאיגדה 11 יישובים בדואים וסיפקה שח״ר לבדואים של הפזורה המתגוררים באזור.",שירותי חינוך ורווחה,שח״ר.01,שירותי חינוך ורווחה,weak,3,שירותי חינוך ורווחה | שיבוץ וחזרה לשירות | תנועה פוליטית שהוקמה בשלהי הכנסת ה-15,substituted,no,wikipedia,מועצה אזורית אבו בסמה,unreviewed,,substitution,wiki_substituted
ha-03045,שח״ר,"חוסיין ייסד את התנועה החות'ית כדי לקדם את המחשבה הזידית, ""להתקומם נגד המדכאים השולטים בתימן"" ולספק שח״ר.",שירותי חינוך ורווחה,שח״ר.01,שירותי חינוך ורווחה,weak,3,שירותי חינוך ורווחה | שיבוץ וחזרה לשירות | תנועה פוליטית שהוקמה בשלהי הכנסת ה-15,substituted,no,wikipedia,עבד אל-מלכ אל-חות'י,unreviewed,,substitution,wiki_substituted
ha-02769,ק״פ,"המשנה קובעת שקורבן חגיגה זה בא בחול ובטהרה, כלומר דווקא כאשר ק״פ קרב ביום חול וכאשר הציבור והכהנים טהורים, ולא כאשר הוא קרב בשבת או כאשר הציבור או הכוהנים טמאים (ראו לעיל: הבאת הקורבן בטומאה).",קורבן פסח,ק״פ.01,קורבן פסח,weak,2,קורבן פסח | 180 (מספר),substituted,no,wikipedia,קורבן פסח,unreviewed,,substitution,wiki_substituted
ha-02770,ק״פ,"בדרך כלל נזכר הקורבן אצל מלכים שחידשו את הברית עם אלוהים, ונראה כי ק״פ מסמל זאת בצורה מובהקת.",קורבן פסח,ק״פ.01,קורבן פסח,weak,2,קורבן פסח | 180 (מספר),substituted,no,wikipedia,קורבן פסח,unreviewed,,substitution,wiki_substituted
ha-02771,ק״פ,"במרוצת השנים התרבתה התמיכה לאחר שרבנים נוספים הביעו את הסכמתם לחידוש ק״פ בהם הרב אריה שטרן, רבה של ירושלים, ורבנים נוספים.",קורבן פסח,ק״פ.01,קורבן פסח,weak,2,קורבן פסח | 180 (מספר),substituted,no,wikipedia,קורבן פסח,unreviewed,,substitution,wiki_substituted
ha-00972,החי״ל,"רק בהתהפך גלגל המלחמה ולקראת סופה הסכימו הבריטים בשנת 1944 להקים את ""החי״ל"".",הבריגדה היהודית,החי״ל.01,הבריגדה היהודית,weak,2,הבריגדה היהודית | החבל הימי לישראל,substituted,yes,wikipedia,הבריגדה היהודית,unreviewed,,substitution,wiki_substituted
ha-00973,החי״ל,"ההחלטה על הקמת החי״ל התקבלה בצבא הבריטי ביולי 1944, ומשרד המלחמה הבריטי הודיע על כך בפומבי ב-20 בספטמבר 1944.",הבריגדה היהודית,החי״ל.01,הבריגדה היהודית,weak,2,הבריגדה היהודית | החבל הימי לישראל,substituted,yes,wikipedia,הבריגדה היהודית,unreviewed,,substitution,wiki_substituted
ha-00974,החי״ל,תקופת שהות החי״ל בטרוויזיו סימלה את המפגש הראשון בין אנשי הבריגדה לבין ניצולי השואה.,הבריגדה היהודית,החי״ל.01,הבריגדה היהודית,weak,2,הבריגדה היהודית | החבל הימי לישראל,substituted,yes,wikipedia,הבריגדה היהודית,unreviewed,,substitution,wiki_substituted
ha-00975,החי״ל,"צדוק אשל, המערכה לכיבוש הים – תולדות החי״ל.",החבל הימי לישראל,החי״ל.02,החבל הימי לישראל,weak,2,הבריגדה היהודית | החבל הימי לישראל,substituted,yes,wikipedia,החבל הימי לישראל,unreviewed,,substitution,wiki_substituted
ha-00976,החי״ל,"""ים"" - גליונות החי״ל באתר ""שפת הים"", 2022.",החבל הימי לישראל,החי״ל.02,החבל הימי לישראל,weak,2,הבריגדה היהודית | החבל הימי לישראל,substituted,yes,wikipedia,החבל הימי לישראל,unreviewed,,substitution,wiki_substituted
ha-00977,החי״ל,זאב הים היה גם ממקימי החי״ל ב-1936 וממניחי היסודות לבית הספר הימי בחיפה ב-1938 (שעבר ב-1954 לעכו ונקרא מאז בית הספר לקציני ים עכו).,החבל הימי לישראל,החי״ל.02,החבל הימי לישראל,weak,2,הבריגדה היהודית | החבל הימי לישראל,substituted,yes,wikipedia,זאב הים (רב חובל),unreviewed,,substitution,wiki_substituted
ha-00965,הגה״צ,"במקביל מכרה את הפעילות שלה בתחום הדפוס והצילום, במטרה להתמקד בתחום הגה״צ.",הגנת הצומח,הגה״צ.01,הגנת הצומח,weak,2,הגאון הצדיק | הגנת הצומח,substituted,no,wikipedia,אדמה פתרונות לחקלאות,unreviewed,,substitution,wiki_substituted
ha-00966,הגה״צ,"בנוסף, תרמה 12 מיליון שקל לאוניברסיטת תל אביב, לטובת הקמת מרכז מחקר והוראה לפיתוח טכנולוגיות מתקדמות לחומרים פעילים ופורמולציה בתחום הגה״צ באוניברסיטה.",הגנת הצומח,הגה״צ.01,הגנת הצומח,weak,2,הגאון הצדיק | הגנת הצומח,substituted,no,wikipedia,אדמה פתרונות לחקלאות,unreviewed,,substitution,wiki_substituted
ha-00967,הגה״צ,"מפעל אגריקה – חטיבת החקלאות של כצט, המתמחה בפיתוח ושיווק מוצרים בתחום הגה״צ.",הגנת הצומח,הגה״צ.01,הגנת הצומח,weak,2,הגאון הצדיק | הגנת הצומח,substituted,no,wikipedia,כצט,unreviewed,,substitution,wiki_substituted
ha-02395,עמ״י,"גָּלוּת היא הכינוי ביהדות להיעדרותו של רוב עמ״י מארץ ישראל, הנתפסת לפי היהדות כמולדתו הנצחית.",עם ישראל,עמ״י.01,עם ישראל,weak,3,עם ישראל | עזר מ'ציון | עמותת 'מושתלים ישראלים,substituted,no,wikipedia,גלות (יהדות),unreviewed,,substitution,wiki_substituted
ha-02396,עמ״י,במקרא מתוארת הגלות בתור העונש הקשה ביותר שנגזר על עמ״י בשל חטאיו.,עם ישראל,עמ״י.01,עם ישראל,weak,3,עם ישראל | עזר מ'ציון | עמותת 'מושתלים ישראלים,substituted,no,wikipedia,גלות (יהדות),unreviewed,,substitution,wiki_substituted
ha-02397,עמ״י,"המסורת היהודית טוענת כי גלות אדום היא הגלות האחרונה, שאחריה ישוב עמ״י לארצו ולא יגלה שוב.",עם ישראל,עמ״י.01,עם ישראל,weak,3,עם ישראל | עזר מ'ציון | עמותת 'מושתלים ישראלים,substituted,no,wikipedia,גלות (יהדות),unreviewed,,substitution,wiki_substituted
ha-01801,מז״א,"הפרק מסתיים כאשר סטן שואל את הבנים מה כעת, וקרטמן עונה לו בתגובה ""מז״א",מה זאת אומרת?,מז״א.01,מה זאת אומרת?,weak,2,מזג אויר | מה זאת אומרת?,substituted,no,wikipedia,"עשו אהבה, לא וורקראפט",unreviewed,,substitution,wiki_substituted
ha-01802,מז״א,במציאות הארץ־ישראלית תקופת 3 החודשים (המשויכת עם עונת החורף ובאופן מסורתי עם מז״א סוער וקריר יותר) מתחילה עם כניסת טבת (סוף נובמבר/תחילת דצמבר).,מזג אויר,מז״א.02,מזג אויר,weak,2,מזג אויר | מה זאת אומרת?,substituted,no,wikipedia,חורף,unreviewed,,substitution,wiki_substituted
ha-02811,רא״מ,"רא״מ בן שמואל, תלמיד רבינו תם, מחבר ספר יראים.",רבי אליעזר ממיץ,רא״מ.01,רבי אליעזר ממיץ,weak,2,רבי אליעזר ממיץ | רבי אהרון משה טאובס מיאסי,substituted,no,wikipedia,בעלי התוספות,unreviewed,,substitution,wiki_substituted
ha-02812,רא״מ,"רבי אלעזר בן יהודה מגרמייזא, תלמיד רא״מ, ורבי יהודה החסיד, מחבר ספר הרוקח.",רבי אליעזר ממיץ,רא״מ.01,רבי אליעזר ממיץ,weak,2,רבי אליעזר ממיץ | רבי אהרון משה טאובס מיאסי,substituted,no,wikipedia,בעלי התוספות,unreviewed,,substitution,wiki_substituted
ha-01482,כ״ח,"גם השחקן שקלט כ״ח, בדרך כלל ימסור אותו מיד לרכז כדי שיארגן התקפה, אלא אם אחד השחקנים כבר רץ לעבר השני והוא רואה שיש אפשרות למסירה ארוכה לסל מהיר.",כדור חוזר,כ״ח.01,כדור חוזר,weak,4,כהנא חי | כתיב חסר | כדור חוזר | כינוי חבור,substituted,yes,wikipedia,רכז,unreviewed,,substitution,wiki_substituted
ha-01483,כ״ח,"הקבוצה המגינה שהשתלטה על הכדור בזכות חטיפת כדור, כ״ח, חסימה וכו', חייבת לצאת מחוץ לקשת לפני זריקה לסל.",כדור חוזר,כ״ח.01,כדור חוזר,weak,4,כהנא חי | כתיב חסר | כדור חוזר | כינוי חבור,substituted,yes,wikipedia,כדורסל 3x3,unreviewed,,substitution,wiki_substituted
ha-01484,כ״ח,"בנוסף, בירד דחף את שחקן הלייקרס מייקל קופר מחוץ לקווי המגרש בזמן מאבק על כ״ח.",כדור חוזר,כ״ח.01,כדור חוזר,weak,4,כהנא חי | כתיב חסר | כדור חוזר | כינוי חבור,substituted,yes,wikipedia,לוס אנג'לס לייקרס,unreviewed,,substitution,wiki_substituted
ha-01485,כ״ח,"פעילות מרכזית נוספת של תנועת ""כ״ח"" הייתה הוצאת עלון שבת ברוח התנועה.",כהנא חי,כ״ח.02,כהנא חי,weak,4,כהנא חי | כתיב חסר | כדור חוזר | כינוי חבור,substituted,yes,wikipedia,כך,unreviewed,,substitution,wiki_substituted
ha-01486,כ״ח,"פסק הדין התייחס באופן הבא לתנועת ""כך"": פעילי כ״ח וכך המשיכו לפעול במהלך שנות ה-90 תחת שמות אחרים (בהם ""חזית הרעיון"", שמשרדיה בירושלים נסגרו בשנת 1997).",כהנא חי,כ״ח.02,כהנא חי,weak,4,כהנא חי | כתיב חסר | כדור חוזר | כינוי חבור,substituted,yes,wikipedia,כך,unreviewed,,substitution,wiki_substituted
ha-01487,כ״ח,בסוף שנת 2000 נרצחו הרב בנימין זאב כהנא ואשתו בפיגוע טרור ליד ההתנחלות עפרה ובעקבות זאת חדלה תנועת כ״ח על גלגוליה השונים מלהתקיים.,כהנא חי,כ״ח.02,כהנא חי,weak,4,כהנא חי | כתיב חסר | כדור חוזר | כינוי חבור,substituted,yes,wikipedia,כך,unreviewed,,substitution,wiki_substituted
ha-01488,כ״ח,כינוי מושא – סוג של כ״ח המצטרף למילת יחס או לפועל ומביע יחס של מושא ישיר או עקיף.,כינוי חבור,כ״ח.03,כינוי חבור,weak,4,כהנא חי | כתיב חסר | כדור חוזר | כינוי חבור,substituted,yes,wikipedia,דקדוק עברי – מונחים,unreviewed,,substitution,wiki_substituted
ha-01489,כ״ח,כינוי קניין – סוג של כ״ח המצטרף לשם עצם ומביע שייכות.,כינוי חבור,כ״ח.03,כינוי חבור,weak,4,כהנא חי | כתיב חסר | כדור חוזר | כינוי חבור,substituted,yes,wikipedia,דקדוק עברי – מונחים,unreviewed,,substitution,wiki_substituted
ha-01490,כ״ח,כינוי פרוד – כינוי שהוא מילה עצמאית ואינו כ״ח.,כינוי חבור,כ״ח.03,כינוי חבור,weak,4,כהנא חי | כתיב חסר | כדור חוזר | כינוי חבור,substituted,yes,wikipedia,דקדוק עברי – מונחים,unreviewed,,substitution,wiki_substituted
ha-01491,כ״ח,"כתיב מלא (נקרא גם כ״ח ניקוד) הוא צורת כתיבה בשפה העברית, אשר משתמשת באימות הקריאה כדי להורות את האופן שבו יש לקרוא את המילה הכתובה, כתחליף לסימני הניקוד.",כתיב חסר,כ״ח.04,כתיב חסר,weak,4,כהנא חי | כתיב חסר | כדור חוזר | כינוי חבור,substituted,yes,wikipedia,כתיב מלא,unreviewed,,substitution,wiki_substituted
ha-01492,כ״ח,"גווייל הודי או גוויאל הודי (כ״ח ומנוקד גַּוְיָל הָדִּי, שם מדעי: Gavialis gangeticus, שם עממי באנגלית: Gharial) הוא מין של תנינאי נדיר והמין היחיד בסוג גווייל (Gavialis).",כתיב חסר,כ״ח.04,כתיב חסר,weak,4,כהנא חי | כתיב חסר | כדור חוזר | כינוי חבור,substituted,yes,wikipedia,גוויאל הודי,unreviewed,,substitution,wiki_substituted
ha-01493,כ״ח,כיום מקובלים שני תקנים לשימוש באימות קריאה: כ״ח וכתיב מלא; בפועל רבים משתמשים בעירוב של שני התקנים.,כתיב חסר,כ״ח.04,כתיב חסר,weak,4,כהנא חי | כתיב חסר | כדור חוזר | כינוי חבור,substituted,yes,wikipedia,כתיב,unreviewed,,substitution,wiki_substituted
ha-03037,שו״ש,"בהתאם לתוצאות ההתנסות באב הטיפוס עובר המוצר שו״ש, הבאים לידי ביטוי במוצר הסופי.",שינויים ושיפורים,שו״ש.01,שינויים ושיפורים,weak,3,שווה שוקיים | שינויים ושיפורים | שמחה וששון,substituted,no,wikipedia,אב טיפוס,unreviewed,,substitution,wiki_substituted
ha-03038,שו״ש,מאז נוצרה השפה בשנת 1959 היא עברה שו״ש שונים על מנת להפכה לשפה תקנית.,שינויים ושיפורים,שו״ש.01,שינויים ושיפורים,weak,3,שווה שוקיים | שינויים ושיפורים | שמחה וששון,substituted,no,wikipedia,COBOL,unreviewed,,substitution,wiki_substituted
ha-03039,שו״ש,הסיבה היא שויטגנשטיין המשיך לערוך בספר שו״ש ובמקביל דחה את פרסומו.,שינויים ושיפורים,שו״ש.01,שינויים ושיפורים,weak,3,שווה שוקיים | שינויים ושיפורים | שמחה וששון,substituted,no,wikipedia,חקירות פילוסופיות,unreviewed,,substitution,wiki_substituted
ha-03040,שו״ש,"גליה עוז, אדון שו״ש, כנרת, זמורה, דביר - מוציאים לאור, 2019.",שמחה וששון,שו״ש.02,שמחה וששון,weak,3,שווה שוקיים | שינויים ושיפורים | שמחה וששון,substituted,no,wikipedia,זויה צ'רקסקי,unreviewed,,substitution,wiki_substituted
ha-03274,תמ״ש,"לכל משפחה יש מלווה מטעם המנהלה, המרכז את מעטפת הטיפול האישית המותאמת לה, מנהל תמ״ש ואת גורמי המקצוע הרלוונטיים העובדים מולה.",תיק משפחה,תמ״ש.02,תיק משפחה,weak,2,תיק משפטי | תיק משפחה,substituted,no,wikipedia,"מנהלת החטופים, הנעדרים, השבים ובני משפחותיהם",unreviewed,,substitution,wiki_substituted
ha-03275,תמ״ש,תמ״ש הוא קובץ המסמכים הנאסף בבית משפט או בבית דין והמלווה הליך משפטי.,תיק משפטי,תמ״ש.01,תיק משפטי,weak,2,תיק משפטי | תיק משפחה,substituted,no,wikipedia,תיק משפטי,unreviewed,,substitution,wiki_substituted
ha-03276,תמ״ש,"תמ״ש נוצר כאשר אחד הצדדים פותח בהליך משפטי, כגון תובענה או המרצת פתיחה, במטרה לבקש מהרשות השיפוטית סעד מסוג כלשהו.",תיק משפטי,תמ״ש.01,תיק משפטי,weak,2,תיק משפטי | תיק משפחה,substituted,no,wikipedia,תיק משפטי,unreviewed,,substitution,wiki_substituted
ha-03277,תמ״ש,"ב-1875 התפטר ויליאמס מתפקידו כתובע הכללי על רקע המחלוקת על התשלומים שקיבלה לכאורה אשתו מחברת הסחר ""פראט ובוייד"" כדי שהוא יסגור תמ״ש שנוהל נגדם במחלקת המשפטים.",תיק משפטי,תמ״ש.01,תיק משפטי,weak,2,תיק משפטי | תיק משפחה,substituted,no,wikipedia,ג'ורג' הנרי ויליאמס,unreviewed,,substitution,wiki_substituted
ha-00943,ד״ש,"צמח ד״ש או בין-שנתי – צמח שאינו חד-שנתי, אך הוא חד-מחזורי, כלומר יש לו רק מחזור רבייה אחד (מחזור פריחה) במהלך חייו, והוא זקוק ליותר משנה אחת כדי להשלים את מחזור החיים.",דו-שנתי,ד״ש.01,דו-שנתי,weak,5,דו-שנתי | דרישת שלום | דוד שמש | דיני שמים | דו-שבעון,substituted,yes,wikipedia,בוטניקה – מונחים,unreviewed,,substitution,wiki_substituted
ha-00944,ד״ש,"בשנת 2009 נחקק, כהוראת שעה, ביוזמתו של שר האוצר יובל שטייניץ, חוק יסוד: תקציב המדינה לשנים 2009 ו-2010 (הוראות מיוחדות) (הוראת שעה), שנועד לאפשר חקיקת תקציב ד״ש.",דו-שנתי,ד״ש.01,דו-שנתי,weak,5,דו-שנתי | דרישת שלום | דוד שמש | דיני שמים | דו-שבעון,substituted,yes,wikipedia,תקציב המדינה (ישראל),unreviewed,,substitution,wiki_substituted
ha-00945,ד״ש,"חרף הסתייגות זו, גם לשנים 2013–2014 נקבע תקציב ד״ש, וכך גם לשנים 2015–2016 ואחריהן לשנים 2017–2018.",דו-שנתי,ד״ש.01,דו-שנתי,weak,5,דו-שנתי | דרישת שלום | דוד שמש | דיני שמים | דו-שבעון,substituted,yes,wikipedia,תקציב המדינה (ישראל),unreviewed,,substitution,wiki_substituted
ha-00946,ד״ש,ד״ש הוא דוד חימום המשתמש באנרגיה סולארית לחימום מים.,דוד שמש,ד״ש.02,דוד שמש,weak,5,דו-שנתי | דרישת שלום | דוד שמש | דיני שמים | דו-שבעון,substituted,yes,wikipedia,דוד שמש,unreviewed,,substitution,wiki_substituted
ha-00947,ד״ש,תכונה זו מהווה את עקרון הפעולה של ד״ש ותנור מיקרוגל.,דוד שמש,ד״ש.02,דוד שמש,weak,5,דו-שנתי | דרישת שלום | דוד שמש | דיני שמים | דו-שבעון,substituted,yes,wikipedia,בליעה (קרינה אלקטרומגנטית),unreviewed,,substitution,wiki_substituted
ha-00948,ד״ש,"חמישה משירי האלבום בוצעו במקור על ידי ""התרנגולים"" (""משעמם"", ""אם תרצי"", ""שיר אהבה חיילי"", ""ד״ש ואנטנה גם"", ו""הכל זהב"").",דוד שמש,ד״ש.02,דוד שמש,weak,5,דו-שנתי | דרישת שלום | דוד שמש | דיני שמים | דו-שבעון,substituted,yes,wikipedia,ארץ ישראל הישנה והטובה חלק ד': משירי סשה ארגוב,unreviewed,,substitution,wiki_substituted
ha-00949,ד״ש,"מדין התורה לא חלה חובת תשלום עבור נזק מסוג זה בדיני אדם, דהיינו בבית דין, אך על מנת לצאת ידי חובת ד״ש, על האדם לשלם בעבור הנזק שגרם גם אם מדובר בהיזק שאינו ניכר.",דיני שמים,ד״ש.04,דיני שמים,weak,5,דו-שנתי | דרישת שלום | דוד שמש | דיני שמים | דו-שבעון,substituted,yes,wikipedia,היזק שאינו ניכר,unreviewed,,substitution,wiki_substituted
ha-00950,ד״ש,"לפי רבי שמעון שקופ, גם לדעת מי שסובר שגזל הגוי מותר (ואין זו ההלכה), הרי זה מצד ד״ש, אבל מצד זכות הקניין - בעלות הגוי תקפה על ממונו וצריך להחזיר לו.",דיני שמים,ד״ש.04,דיני שמים,weak,5,דו-שנתי | דרישת שלום | דוד שמש | דיני שמים | דו-שבעון,substituted,yes,wikipedia,יהדות: בין דת למוסר (ספר),unreviewed,,substitution,wiki_substituted
ha-00951,ד״ש,"""ד״ש"" הוא אלבום הסולו הרביעי של הזמרת ירדנה ארזי שיצא בשנת 1985.",דרישת שלום,ד״ש.03,דרישת שלום,weak,5,דו-שנתי | דרישת שלום | דוד שמש | דיני שמים | דו-שבעון,substituted,yes,wikipedia,דרישת שלום (אלבום),unreviewed,,substitution,wiki_substituted
ha-00952,ד״ש,"לשיר ""ד״ש"" התווסף בשנת 2003 בית נוסף לרגל חגיגות יום העצמאות ה-55 לישראל.",דרישת שלום,ד״ש.03,דרישת שלום,weak,5,דו-שנתי | דרישת שלום | דוד שמש | דיני שמים | דו-שבעון,substituted,yes,wikipedia,דרישת שלום (אלבום),unreviewed,,substitution,wiki_substituted
ha-00953,ד״ש,"""ד״ש"" הוא שיר השירותרום 1985 ושיר הנושא מתוך אלבומה הרביעי של הזמרת ירדנה ארזי.",דרישת שלום,ד״ש.03,דרישת שלום,weak,5,דו-שנתי | דרישת שלום | דוד שמש | דיני שמים | דו-שבעון,substituted,yes,wikipedia,דרישת שלום (שיר של ירדנה ארזי),unreviewed,,substitution,wiki_substituted
ha-00685,ב״נ,"לאחר תקנת רבן יוחנן בן זכאי שלא לנדור לאחר חורבן המקדש להקדש, מקובל כיום לנדור (אם בכלל) אך ורק על מנת לתת תרומה לבית הכנסת או לצדקה, ויש המקפידים לסייג גם התחייבות זו באמירת ""ב״נ"".",בלי נדר,ב״נ.03,בלי נדר,weak,4,בן נח | בר נש | בלי נדר | בפני נכתב/נחתם,substituted,yes,wikipedia,נדר,unreviewed,,substitution,wiki_substituted
ha-00686,ב״נ,"הבטחות ילוו בהיגד ""ב״נ"" שמשמעו הוצאה מכלל אפשרות שהמבטיח נדר לקיים את שהבטיח, כך שאם לא קיים את שהבטיח לא יעבור על החיוב ההלכתי לקיים נדר.",בלי נדר,ב״נ.03,בלי נדר,weak,4,בן נח | בר נש | בלי נדר | בפני נכתב/נחתם,substituted,yes,wikipedia,עגה חרדית,unreviewed,,substitution,wiki_substituted
ha-00687,ב״נ,"חוּל, על פי המסופר בספר בראשית, היה בנו השני של ארם בן שם ב״נ, ואחיו, בני ארם השמי: עוץ, גתר ומש.",בן נח,ב״נ.01,בן נח,weak,4,בן נח | בר נש | בלי נדר | בפני נכתב/נחתם,substituted,yes,wikipedia,חול (דמות מקראית),unreviewed,,substitution,wiki_substituted
ha-00688,ב״נ,"אַשּׁוּר, דמות מקראית, מוזכר במקרא כאחד מבניו של שם ב״נ, ושממנו התפתחה האומה והממלכה האשורית.",בן נח,ב״נ.01,בן נח,weak,4,בן נח | בר נש | בלי נדר | בפני נכתב/נחתם,substituted,yes,wikipedia,אשור (דמות מקראית),unreviewed,,substitution,wiki_substituted
ha-00689,ב״נ,"יָוָן הוא דמות מקראית הנזכרת בספר בראשית כבן הרביעי מתוך שבעה של יפת ב״נ, ואביהם של אלישה, תרשיש, כתים ודדנים.",בן נח,ב״נ.01,בן נח,weak,4,בן נח | בר נש | בלי נדר | בפני נכתב/נחתם,substituted,yes,wikipedia,יוון (דמות מקראית),unreviewed,,substitution,wiki_substituted
ha-00690,ב״נ,אבא שאול ב״נ או אבא שאול בר רמש מובא בתלמוד הבבלי.,בר נש,ב״נ.02,בר נש,weak,4,בן נח | בר נש | בלי נדר | בפני נכתב/נחתם,substituted,yes,wikipedia,אבא שאול (תנאים שונים),unreviewed,,substitution,wiki_substituted
ha-00691,ב״נ,"הכותב עצמו תרגם את השיר לעברית, אך התרגום שכבש את ציבור החלוצים ואחר כך את חובבי הזמר לדורותיהם, היה של המשורר נח שפירא (""ב״נ"") שתרגם אותו בשנת 1895.",בר נש,ב״נ.02,בר נש,weak,4,בן נח | בר נש | בלי נדר | בפני נכתב/נחתם,substituted,yes,wikipedia,במחרשתי,unreviewed,,substitution,wiki_substituted
ha-00692,ב״נ,"ישנם גרסאות שלפני הדפסת בריך שמיא בזוהר הייתה הגרסה ""ב״נ"" ולא ""בר אלהין"".",בר נש,ב״נ.02,בר נש,weak,4,בן נח | בר נש | בלי נדר | בפני נכתב/נחתם,substituted,yes,wikipedia,בריך שמיה,unreviewed,,substitution,wiki_substituted
ha-01455,כ״א,"לצבא עממי מספר יתרונות: מאגר כ״א גדול מאוד, מוטיבציה גבוהה (במיוחד בהגנה) ונאמנות גבוהה.",כוח אדם,כ״א.02,כוח אדם,weak,7,כל אחד | כי אם | כוח אדם | כי אתה | כרטיס אשראי | כיווני אוויר | (גימטריה) 21,substituted,yes,wikipedia,צבא,unreviewed,,substitution,wiki_substituted
ha-01456,כ״א,קבלן כ״א הוא גוף שעיסוקו במתן שירותי כ״א של עובדיו לשם עבודה אצל מעסיק אחר.,כוח אדם,כ״א.02,כוח אדם,weak,7,כל אחד | כי אם | כוח אדם | כי אתה | כרטיס אשראי | כיווני אוויר | (גימטריה) 21,substituted,yes,wikipedia,קבלן כוח אדם,unreviewed,,substitution,wiki_substituted
ha-01457,כ״א,"קבלני כ״א החלו לפעול לשם אספקת עובדים למשימות זמניות, כגון מילוי מקום של עובד שיצא לחופשה ארוכה או התמודדות של מעסיק עם משימה קצרת טווח הדורשת גידול במצבת העובדים שלו.",כוח אדם,כ״א.02,כוח אדם,weak,7,כל אחד | כי אם | כוח אדם | כי אתה | כרטיס אשראי | כיווני אוויר | (גימטריה) 21,substituted,yes,wikipedia,קבלן כוח אדם,unreviewed,,substitution,wiki_substituted
ha-01458,כ״א,"ובניסוח פורמלי: תנאי A הוא ""הכרחי ומספיק"" עבור תנאי B, כאשר יש ביניהם קשר של אם ורק אם (הכרחי כ״א A לא מתקיים הרי שגם B לא מתקיים; ומספיק כ״א A מתקיים הרי שגם B מתקיים).",כי אם,כ״א.03,כי אם,weak,7,כל אחד | כי אם | כוח אדם | כי אתה | כרטיס אשראי | כיווני אוויר | (גימטריה) 21,substituted,yes,wikipedia,אם ורק אם,unreviewed,,substitution,wiki_substituted
ha-01459,כ״א,"בהלכה היהודית נהוגה הטבילה במקווה אך יעודה אינו לשם רחצת הגוף, כ״א לצורך היטהרות רוחנית.",כי אם,כ״א.03,כי אם,weak,7,כל אחד | כי אם | כוח אדם | כי אתה | כרטיס אשראי | כיווני אוויר | (גימטריה) 21,substituted,yes,wikipedia,בית מרחץ,unreviewed,,substitution,wiki_substituted
ha-01460,כ״א,"ככל הנראה, מזמורי התהילים לא נאמרו כ״א הושרו, אולי בליווי של כלי נגינה (יש מזמורים שיש בהם הזכרה מפורשת לכלי נגינה).",כי אם,כ״א.03,כי אם,weak,7,כל אחד | כי אם | כוח אדם | כי אתה | כרטיס אשראי | כיווני אוויר | (גימטריה) 21,substituted,yes,wikipedia,מזמור תהילים,unreviewed,,substitution,wiki_substituted
ha-01461,כ״א,"לדוגמה, נוסח אשכנז גורס בתפילת שמונה עשרה ""כ״א שומע תפילת עמך ישראל ברחמים"", ונוסח הספרדים גורס ""כ״א שומע תפילת כל פה"".",כי אתה,כ״א.04,כי אתה,weak,7,כל אחד | כי אם | כוח אדם | כי אתה | כרטיס אשראי | כיווני אוויר | (גימטריה) 21,substituted,yes,wikipedia,נוסח ספרד,unreviewed,,substitution,wiki_substituted
ha-01462,כ״א,"בהרבה זרמים של נוסח ספרד מרכיבים את שתי הנוסחאות וגורסים ""כ״א שומע תפילת כל פה עמך ישראל ברחמים"".",כי אתה,כ״א.04,כי אתה,weak,7,כל אחד | כי אם | כוח אדם | כי אתה | כרטיס אשראי | כיווני אוויר | (גימטריה) 21,substituted,yes,wikipedia,נוסח ספרד,unreviewed,,substitution,wiki_substituted
ha-01463,כ״א,"נוסח זה משובש לשונית ועל פי הדקדוק היה צריך לומר ""כ״א שומע תפילת כל פיות עמך ישראל ברחמים"".",כי אתה,כ״א.04,כי אתה,weak,7,כל אחד | כי אם | כוח אדם | כי אתה | כרטיס אשראי | כיווני אוויר | (גימטריה) 21,substituted,yes,wikipedia,נוסח ספרד,unreviewed,,substitution,wiki_substituted
ha-01464,כ״א,"ביטוי מקביל בעברית המודרנית הוא ""ארבעה כ״א"".",כיווני אוויר,כ״א.05,כיווני אוויר,weak,7,כל אחד | כי אם | כוח אדם | כי אתה | כרטיס אשראי | כיווני אוויר | (גימטריה) 21,substituted,yes,wikipedia,רוחות השמיים,unreviewed,,substitution,wiki_substituted
ha-01465,כ״א,תכנונו האדריכלי יוצר קומות בגדלים משתנים ובהן מרפסות וחדרי מנהלים הפונים ל-3 כ״א ומבט לנוף פנורמי.,כיווני אוויר,כ״א.05,כיווני אוויר,weak,7,כל אחד | כי אם | כוח אדם | כי אתה | כרטיס אשראי | כיווני אוויר | (גימטריה) 21,substituted,yes,wikipedia,"קרדן נדל""ן",unreviewed,,substitution,wiki_substituted
ha-01466,כ״א,גודלם הקטן של הבתים הבטיח מספר גדול של כ״א וחלונות לכל חדר.,כיווני אוויר,כ״א.05,כיווני אוויר,weak,7,כל אחד | כי אם | כוח אדם | כי אתה | כרטיס אשראי | כיווני אוויר | (גימטריה) 21,substituted,yes,wikipedia,הסגנון הכף-הולנדי,unreviewed,,substitution,wiki_substituted
ha-01470,כ״א,"הצ'פטרים, ובהם ""ויקימדיה ישראל"", פזורים ברחבי העולם ופועלים, כ״א במדינתו, לקידום מיזמי הקרן ולשיפור ההפצה של תוכן חופשי.",כל אחד,כ״א.01,כל אחד,weak,7,כל אחד | כי אם | כוח אדם | כי אתה | כרטיס אשראי | כיווני אוויר | (גימטריה) 21,substituted,yes,wikipedia,קרן ויקימדיה,unreviewed,,substitution,wiki_substituted
ha-01471,כ״א,"התסריטאי המרוויח ביותר בהיסטוריה של הקולנוע הוא סיימון קינברג, אשר שניים מהתסריטים שלו נמכרו ב-$8,000,000 עבור כ״א כשבנוסף לכך הוא משתכר ברווח שבועי של $350,000.",כל אחד,כ״א.01,כל אחד,weak,7,כל אחד | כי אם | כוח אדם | כי אתה | כרטיס אשראי | כיווני אוויר | (גימטריה) 21,substituted,yes,wikipedia,תסריטאי,unreviewed,,substitution,wiki_substituted
ha-01472,כ״א,"קשה ואף בלתי אפשרי, לבודד כ״א מהגורמים שמשפיעים על האורגניזם ולכן משתמשים לעיתים קרובות במושג זה כביטוי כללי לתיאור של סביבת החיים, כגון 'סוואנה' או 'חורש ים-תיכוני'.",כל אחד,כ״א.01,כל אחד,weak,7,כל אחד | כי אם | כוח אדם | כי אתה | כרטיס אשראי | כיווני אוויר | (גימטריה) 21,substituted,yes,wikipedia,בית גידול,unreviewed,,substitution,wiki_substituted
ha-01473,כ״א,"עד למחשוב התהליך, הרכש באמצעות כ״א היה מסורבל ביותר.",כרטיס אשראי,כ״א.06,כרטיס אשראי,weak,7,כל אחד | כי אם | כוח אדם | כי אתה | כרטיס אשראי | כיווני אוויר | (גימטריה) 21,substituted,yes,wikipedia,כרטיס אשראי,unreviewed,,substitution,wiki_substituted
ha-01474,כ״א,גודל כ״א הוא 85.60 על 53.98 מילימטר ופינות מעוגלות ברדיוס 2.88 עד 3.48 מילימטר.,כרטיס אשראי,כ״א.06,כרטיס אשראי,weak,7,כל אחד | כי אם | כוח אדם | כי אתה | כרטיס אשראי | כיווני אוויר | (גימטריה) 21,substituted,yes,wikipedia,כרטיס אשראי,unreviewed,,substitution,wiki_substituted
ha-01475,כ״א,"כ״א בנקאי יכול לשמש גם ככרטיס הפעלה של מכשירים אוטומטיים של הבנק המנפיק, לצורך ביצוע פעולות בחשבון (למשל, שימוש בכספומט, או בירור מידע על החשבון במכונות אוטומטיות).",כרטיס אשראי,כ״א.06,כרטיס אשראי,weak,7,כל אחד | כי אם | כוח אדם | כי אתה | כרטיס אשראי | כיווני אוויר | (גימטריה) 21,substituted,yes,wikipedia,כרטיס אשראי,unreviewed,,substitution,wiki_substituted
ha-01924,מפמ״ר,בין מאי 1998 לאוקטובר 2001 כיהן כמפקד אוגדת יהודה ובמקביל שימש מפמ״ר אימון מפקדות.,מפקד מרכז,מפמ״ר.01,מפקד מרכז,weak,2,מפקד מרכז | מפקח מרכז,substituted,no,wikipedia,אביגדור קליין,unreviewed,,substitution,wiki_substituted
ha-01925,מפמ״ר,"מפמ״ר הבריחה בפולין היה איסר בן צבי (שמעון) 1945 אחריו צבי נצר (אלכסנדר), 1945–1948.",מפקד מרכז,מפמ״ר.01,מפקד מרכז,weak,2,מפקד מרכז | מפקח מרכז,substituted,no,wikipedia,המוסד לעלייה ב',unreviewed,,substitution,wiki_substituted
ha-01926,מפמ״ר,"הסרטים שודרו בטלוויזיה הישראלית, הוצגו במוזיאונים בירושלים ובתל אביב, והופצו עם חומרי הנחיה לבתי ספר בקרב יהדות התפוצות ובישראל, באמצעות מפמ״ר היסטוריה של משרד החינוך.",מפקח מרכז,מפמ״ר.02,מפקח מרכז,weak,2,מפקד מרכז | מפקח מרכז,substituted,no,wikipedia,עמותת תולדות ישראל,unreviewed,,substitution,wiki_substituted
ha-00104,אח״ז,"נמלה של ברמן הוא השני בגודלו בגרמניה, אח״ז של המבורג.",אחרי זה,אח״ז.01,אחרי זה,weak,2,אחרי זה | אחר זמנו,substituted,no,wikipedia,ברמן,unreviewed,,substitution,wiki_substituted
ha-00105,אח״ז,"שנים אח״ז, כותב הקומיקס דווין מקדפי הביא לדפי הקומיקס גרסה דומה של האבטיפוס, בשם ה""מפציץ השחור"".",אחרי זה,אח״ז.01,אחרי זה,weak,2,אחרי זה | אחר זמנו,substituted,no,wikipedia,ברק שחור,unreviewed,,substitution,wiki_substituted
ha-00106,אח״ז,בשנות ה-50 ליה ון ליר אספה סרטים בביתה בחיפה אח״ז היא עברה לתל אביב והיא המשיכה לאסוף סרטים גם בביתה בתל אביב.,אחרי זה,אח״ז.01,אחרי זה,weak,2,אחרי זה | אחר זמנו,substituted,no,wikipedia,ארכיון הסרטים הישראלי בסינמטק ירושלים,unreviewed,,substitution,wiki_substituted
ha-00447,בד״א,"אם יש שני בני אדם שכל אחד הוא בד״א של חברו, יכולים מהתורה להעביר אחד לשני בפחות מארבע אמות, וכך ניתן לטלטל למרחקים עצומים.",בד' אמות,בד״א.01,בד' אמות,weak,4,במה דברים אמורים | בעלי דרגות אחרות | בד' אמות | ברוך דיָן אמת,substituted,yes,wikipedia,טלטול ברשות הרבים,unreviewed,,substitution,wiki_substituted
ha-00448,בד״א,"בעקבות זאת, כהנים אינם מורשים להיכנס לבית קברות לעמוד בד״א של מת או לשהות בחדר בו נמצא יהודי שמת.",בד' אמות,בד״א.01,בד' אמות,weak,4,במה דברים אמורים | בעלי דרגות אחרות | בד' אמות | ברוך דיָן אמת,substituted,yes,wikipedia,כהן,unreviewed,,substitution,wiki_substituted
ha-00449,בד״א,"במקביל, בשנים 1971-1976 ערכה והגישה את תוכניתה ""בד״א"".",בד' אמות,בד״א.01,בד' אמות,weak,4,במה דברים אמורים | בעלי דרגות אחרות | בד' אמות | ברוך דיָן אמת,substituted,yes,wikipedia,עדנה פאר,unreviewed,,substitution,wiki_substituted
ha-00450,בד״א,"פעמים רבות במשנה, רבי יהודה מסייג את דברי הקודמים לו ומתבטא בלשון ""אימתי, בזמן ש..."" או ב""בד״א"".",במה דברים אמורים,בד״א.03,במה דברים אמורים,weak,4,במה דברים אמורים | בעלי דרגות אחרות | בד' אמות | ברוך דיָן אמת,substituted,yes,wikipedia,רבי יהודה,unreviewed,,substitution,wiki_substituted
ha-00451,בד״א,"הפטרול הראשון הורכב מ־2 קצינים ו־28 בד״א, ולרשותם הועמדו משאיות שברולט ופורד.",בעלי דרגות אחרות,בד״א.02,בעלי דרגות אחרות,weak,4,במה דברים אמורים | בעלי דרגות אחרות | בד' אמות | ברוך דיָן אמת,substituted,yes,wikipedia,קבוצת המדבר ארוכת הטווח,unreviewed,,substitution,wiki_substituted
ha-00452,בד״א,"כוח האדם בשירות קבע כולל 3,357 קצינים ו-10,697 בד״א.",בעלי דרגות אחרות,בד״א.02,בעלי דרגות אחרות,weak,4,במה דברים אמורים | בעלי דרגות אחרות | בד' אמות | ברוך דיָן אמת,substituted,yes,wikipedia,הצי המלכותי האוסטרלי,unreviewed,,substitution,wiki_substituted
ha-00453,בד״א,460 קצינים ו-2234 בד״א שירתו בחייל ועד 200 נוספים שירתו בכוחות האוויריים של בריטניה.,בעלי דרגות אחרות,בד״א.02,בעלי דרגות אחרות,weak,4,במה דברים אמורים | בעלי דרגות אחרות | בד' אמות | ברוך דיָן אמת,substituted,yes,wikipedia,חיל האוויר המלכותי האוסטרלי,unreviewed,,substitution,wiki_substituted
ha-01038,ה״פ,"הראשון מבין שבעת ספרי הסדרה, ""ה״פ ואבן החכמים"", יצא לאור בשנת 1997, והאחרון מביניהם, ""ה״פ ואוצרות המוות"", יצא בשנת 2007.",הארי פוטר,ה״פ.01,הארי פוטר,weak,3,הארי פוטר | המרצת פתיחה | הודעה פרטית,substituted,yes,wikipedia,הארי פוטר,unreviewed,,substitution,wiki_substituted
ha-01039,ה״פ,ה״פ וחבריו רון ויזלי והרמיוני גריינג'ר הם מראשי כוחות הטוב.,הארי פוטר,ה״פ.01,הארי פוטר,weak,3,הארי פוטר | המרצת פתיחה | הודעה פרטית,substituted,yes,wikipedia,הארי פוטר,unreviewed,,substitution,wiki_substituted
ha-01040,ה״פ,"במשך הזמן מגלה ה״פ יותר ויותר על עולם הקוסמים, על הוריו המתים ועל המלחמה שהייתה בעבר אל מול וולדמורט ואוכלי המוות.",הארי פוטר,ה״פ.01,הארי פוטר,weak,3,הארי פוטר | המרצת פתיחה | הודעה פרטית,substituted,yes,wikipedia,הארי פוטר,unreviewed,,substitution,wiki_substituted
ha-01041,ה״פ,"עסק יכול לפנות למשתמש באמצעות ה״פ, קהל מותאם (Custom Audience), פרסום מחדש למי שביקר באתר או אינטראקציה עם משתמשים שהביעו עניין במוצר.",הודעה פרטית,ה״פ.03,הודעה פרטית,weak,3,הארי פוטר | המרצת פתיחה | הודעה פרטית,substituted,yes,wikipedia,שיווק ישיר,unreviewed,,substitution,wiki_substituted
ha-01042,ה״פ,"ביושבה מול מחשב בספרייה, מתקבלת בערוץ היוטיוב של אנה ה״פ ממשתמש שכינויו ""כמעטמפורסם99"" עם קישור לסרטון של הצעירים מסצנת הפתיחה.",הודעה פרטית,ה״פ.03,הודעה פרטית,weak,3,הארי פוטר | המרצת פתיחה | הודעה פרטית,substituted,yes,wikipedia,הגרדום: מערכה 2,unreviewed,,substitution,wiki_substituted
ha-01043,ה״פ,"תיק משפטי נוצר כאשר אחד הצדדים פותח בהליך משפטי, כגון תובענה או ה״פ, במטרה לבקש מהרשות השיפוטית סעד מסוג כלשהו.",המרצת פתיחה,ה״פ.02,המרצת פתיחה,weak,3,הארי פוטר | המרצת פתיחה | הודעה פרטית,substituted,yes,wikipedia,תיק משפטי,unreviewed,,substitution,wiki_substituted
ha-01044,ה״פ,ה״פ היא סדר דין מיוחד שבאמצעותו ניתן לפתוח בהליך משפטי.,המרצת פתיחה,ה״פ.02,המרצת פתיחה,weak,3,הארי פוטר | המרצת פתיחה | הודעה פרטית,substituted,yes,wikipedia,המרצת פתיחה,unreviewed,,substitution,wiki_substituted
ha-01045,ה״פ,תובענה בדרך של ה״פ מתבררת באופן מהיר ומקוצר על יסוד תצהירים בלבד וללא כתבי טענות או שלב הוכחות.,המרצת פתיחה,ה״פ.02,המרצת פתיחה,weak,3,הארי פוטר | המרצת פתיחה | הודעה פרטית,substituted,yes,wikipedia,המרצת פתיחה,unreviewed,,substitution,wiki_substituted
ha-00024,אב״ד,"כיום, אב״ד הוא הדיין החשוב ביותר שבאותו בית דין.",אב בית דין,אב״ד.01,אב בית דין,weak,2,אב בית דין | אוירודינמיקה בלתי דחיסה,substituted,no,wikipedia,אב בית דין,unreviewed,,substitution,wiki_substituted
ha-00025,אב״ד,"נְשִׂיא הסַנְהֶדְרִין היה אישיות מרכזית שישבה בראש הסנהדרין הגדולה, כשלצידו מכהן אב״ד.",אב בית דין,אב״ד.01,אב בית דין,weak,2,אב בית דין | אוירודינמיקה בלתי דחיסה,substituted,no,wikipedia,נשיא הסנהדרין,unreviewed,,substitution,wiki_substituted
ha-00026,אב״ד,"בתקופתו של רבי יהודה הנשיא לא נמנו לצדו אב״ד ונציג החכמים, כנהוג אצל שאר הנשיאים, ונראה שעקב הדומיננטיות שלו, הייתה הסמכות מופקדת בידיו בלבד.",אב בית דין,אב״ד.01,אב בית דין,weak,2,אב בית דין | אוירודינמיקה בלתי דחיסה,substituted,no,wikipedia,נשיא הסנהדרין,unreviewed,,substitution,wiki_substituted
ha-01213,ח״ד,"במקרה של צעד רב חשיבות נהוג לבקש ח״ד נוספת, כלומר ח״ד של רופא מומחה נוסף.",חוות דעת,ח״ד.01,חוות דעת,weak,4,חוות דעת | חלק ד | חיקור דין | חתיכא דאיסורא,substituted,yes,wikipedia,חוות דעת,unreviewed,,substitution,wiki_substituted
ha-01214,ח״ד,"ח״ד רפואית – ""מדובר במכתב רשמי, המעריך את המרכיב הנפשי/גופני בתפקודו האדם, זהו מסמך בעל תוקף משפטי.",חוות דעת,ח״ד.01,חוות דעת,weak,4,חוות דעת | חלק ד | חיקור דין | חתיכא דאיסורא,substituted,yes,wikipedia,חוות דעת,unreviewed,,substitution,wiki_substituted
ha-01215,ח״ד,ח״ד ברשלנות רפואית – זו חוות הדעת המאסיבית ביותר.,חוות דעת,ח״ד.01,חוות דעת,weak,4,חוות דעת | חלק ד | חיקור דין | חתיכא דאיסורא,substituted,yes,wikipedia,חוות דעת,unreviewed,,substitution,wiki_substituted
ha-01216,ח״ד,"עקב כך נפתחה חקירה בעניין נגד אולמרט ובאפריל 2007, צוות מהיחידה הארצית לחקירות הונאה של המשטרה ייצא לאוסטרליה, כדי לבצע ח״ד ללואי.",חיקור דין,ח״ד.02,חיקור דין,weak,4,חוות דעת | חלק ד | חיקור דין | חתיכא דאיסורא,substituted,yes,wikipedia,פרנק לואי,unreviewed,,substitution,wiki_substituted
ha-01217,ח״ד,ב-22 עד 24 ביולי 2025 ערכו חוקרי להב 433 ח״ד לאיינהורן במשרד התובע הכללי העליון בבלגרד בנוגע לשתי הפרשות הקטריות.,חיקור דין,ח״ד.02,חיקור דין,weak,4,חוות דעת | חלק ד | חיקור דין | חתיכא דאיסורא,substituted,yes,wikipedia,ישראל איינהורן,unreviewed,,substitution,wiki_substituted
ha-01218,ח״ד,"במקביל, בין ה-22 ל-24 ביולי 2025 ערכו חוקרי להב 433 ח״ד לשרוליק איינהורן במשרד התובע הכללי בבלגרד שבסרביה, לאחר שבמשך חודשים סירב להגיע לישראל.",חיקור דין,ח״ד.02,חיקור דין,weak,4,חוות דעת | חלק ד | חיקור דין | חתיכא דאיסורא,substituted,yes,wikipedia,פרשת הדלפת המסמכים המסווגים לעיתון בילד,unreviewed,,substitution,wiki_substituted
ha-01219,ח״ד,"אור התורה ויקרא, ח״ד: ויקרא - בחוקותי; פסח; לג בעומר.",חלק ד,ח״ד.03,חלק ד,weak,4,חוות דעת | חלק ד | חיקור דין | חתיכא דאיסורא,substituted,yes,wikipedia,אור התורה (ספר),unreviewed,,substitution,wiki_substituted
ha-01220,ח״ד,"אור התורה דברים, ח״ד: האזינו - ברכה; סוכות, שמיני עצרת.",חלק ד,ח״ד.03,חלק ד,weak,4,חוות דעת | חלק ד | חיקור דין | חתיכא דאיסורא,substituted,yes,wikipedia,אור התורה (ספר),unreviewed,,substitution,wiki_substituted
ha-01221,ח״ד,"צילום הוצאת ווילנא באתר היברובוקס - חלק א (בסריקה זו חסרים עמודים, אבל יש גם תדפיס של הוצאה זו בלי עמודים חסרים), חלק ב, חלק ג, ח״ד, חלק ה, חלק ו, חלק ז.",חלק ד,ח״ד.03,חלק ד,weak,4,חוות דעת | חלק ד | חיקור דין | חתיכא דאיסורא,substituted,yes,wikipedia,תלמוד ירושלמי,unreviewed,,substitution,wiki_substituted
ha-02922,רש״ת,"ב-24 ביולי 2012, ""אוזרח"" נמל התעופה (לא הבסיס עצמו) וניהולו הועבר מחיל האוויר לידי רש״ת.",רשות שדות התעופה,רש״ת.01,רשות שדות התעופה,weak,2,ראשי תיבות | רשות שדות התעופה,substituted,no,wikipedia,נמל התעופה חיפה,unreviewed,,substitution,wiki_substituted
ha-02923,רש״ת,"עלות ביצוע התוכנית הוערכה בכ-425 מיליון דולר, והומלץ שיזם פרטי יבנה ויתפעל את הנמל, ולא רש״ת, כך שתיווצר תחרות עם נמל התעופה בן-גוריון.",רשות שדות התעופה,רש״ת.01,רשות שדות התעופה,weak,2,ראשי תיבות | רשות שדות התעופה,substituted,no,wikipedia,נמל התעופה חיפה,unreviewed,,substitution,wiki_substituted
ha-02924,רש״ת,"באוגוסט 2026 הכריזה רש״ת על הקמת חניון חדש בנמל, בעקבות הגידול בהיקף הטיסות והנוסעים.",רשות שדות התעופה,רש״ת.01,רשות שדות התעופה,weak,2,ראשי תיבות | רשות שדות התעופה,substituted,no,wikipedia,נמל התעופה חיפה,unreviewed,,substitution,wiki_substituted
ha-00160,אס״י,"בינואר 1956, לאחר הפסקה של שנתיים, חודשה הוצאת כתב העת במתכונת של רבעון על ידי הוועד המרכזי של הסתדרות הפקידים/אס״י.",ארגון ספרני ישראל,אס״י.02,ארגון ספרני ישראל,weak,3,האגודה הסוציולוגית הישראלית | ארגון ספרני ישראל | אבטחת סיור,substituted,no,wikipedia,יד לקורא,unreviewed,,substitution,wiki_substituted
ha-00161,אס״י,אס״י פועלת להסמכת סוציולוגים יישומיים באמצעות ועדת הסמכה.,האגודה הסוציולוגית הישראלית,אס״י.01,האגודה הסוציולוגית הישראלית,weak,3,האגודה הסוציולוגית הישראלית | ארגון ספרני ישראל | אבטחת סיור,substituted,no,wikipedia,האגודה הסוציולוגית הישראלית,unreviewed,,substitution,wiki_substituted
ha-00162,אס״י,אס״י הייתה חברה באגודה הסוציולוגית הבין-לאומית .,האגודה הסוציולוגית הישראלית,אס״י.01,האגודה הסוציולוגית הישראלית,weak,3,האגודה הסוציולוגית הישראלית | ארגון ספרני ישראל | אבטחת סיור,substituted,no,wikipedia,האגודה הסוציולוגית הישראלית,unreviewed,,substitution,wiki_substituted
ha-00163,אס״י,בינואר 2016 נבחר ברוב גורף[דרוש מקור] לנשיאות אס״י.,האגודה הסוציולוגית הישראלית,אס״י.01,האגודה הסוציולוגית הישראלית,weak,3,האגודה הסוציולוגית הישראלית | ארגון ספרני ישראל | אבטחת סיור,substituted,no,wikipedia,אורי רם,unreviewed,,substitution,wiki_substituted
ha-01301,טר״א,"התפרסם במיוחד בגין חיבוריו ""שאגת אריה"", ו""טר״א"".",טורי אבן,טר״א.01,טורי אבן,weak,2,טורי אבן | טיפול רפואי אישי,substituted,no,wikipedia,אריה לייב גינצבורג,unreviewed,,substitution,wiki_substituted
ha-01204,חפ״ש,"דוגמה לפזמון כזה הוא ""עוזי עוזי"", המספר על עלילותיו של חפ״ש עם הרב-סמל הפלוגתי.",חייל פשוט,חפ״ש.01,חייל פשוט,weak,2,חייל פשוט | חומרים פעילי-שטח,substituted,no,wikipedia,פזמון,unreviewed,,substitution,wiki_substituted
ha-01205,חפ״ש,"דמויות אלו לרוב מתוארות כאנשים ממעמד הביניים ומטה אך לא עניות, ובעלות מקצועות המאפיינים לרוב בעלי צווארון כחול כגון, חוואי, פועל, חפ״ש ועוד.",חייל פשוט,חפ״ש.01,חייל פשוט,weak,2,חייל פשוט | חומרים פעילי-שטח,substituted,no,wikipedia,ז'ה פוביניו,unreviewed,,substitution,wiki_substituted
ha-01206,חפ״ש,"מקורו של הביטוי בליל הגלשונים, בו הואשם רוני אלמוג, חפ״ש, באסון בו מחבל חמוש חדר למאהל צבאי וירה למוות בחייליו.",חייל פשוט,חפ״ש.01,חייל פשוט,weak,2,חייל פשוט | חומרים פעילי-שטח,substituted,no,wikipedia,"ש""ג",unreviewed,,substitution,wiki_substituted
ha-02309,סמ״ר,"דרגות החוגר, מדרגת רב־טוראי עד דרגת סמ״ר, תפורות לשרוולי החולצה בין המרפק לכתף.",סמל ראשון,סמ״ר.01,סמל ראשון,weak,3,סמל ראשון | ספינת משמר | סנטימטר רבוע,substituted,yes,wikipedia,"דרגות צה""ל",unreviewed,,substitution,wiki_substituted
ha-02310,סמ״ר,בשנים 1951–1972 סימני הדרגות של סמ״ר בחיל הים נבדלו מאלו של חילות היבשה וחיל האוויר: במקום עלה גפן על שלושת הפסים נענד סמל חיל הים – עוגן ששימש גם לדרגות הקצינים.,סמל ראשון,סמ״ר.01,סמל ראשון,weak,3,סמל ראשון | ספינת משמר | סנטימטר רבוע,substituted,yes,wikipedia,"דרגות צה""ל",unreviewed,,substitution,wiki_substituted
ha-02311,סמ״ר,"עם ביטול דרגות ה""גולדבנד"", שונו גם סימני הדרגה של סמ״ר.",סמל ראשון,סמ״ר.01,סמל ראשון,weak,3,סמל ראשון | ספינת משמר | סנטימטר רבוע,substituted,yes,wikipedia,"דרגות צה""ל",unreviewed,,substitution,wiki_substituted
ha-02312,סמ״ר,שטח כנפיים של עש הרקולס מגיע ל-265 סמ״ר.,סנטימטר רבוע,סמ״ר.02,סנטימטר רבוע,weak,3,סמל ראשון | ספינת משמר | סנטימטר רבוע,substituted,yes,wikipedia,עשים,unreviewed,,substitution,wiki_substituted
ha-02313,סמ״ר,"באלגון במתח של 12 וולט זרם ישר, חתיכת אלומיניום בעלת שטח של 100 סמ״ר תצרוך זרם של 1 אמפר.",סנטימטר רבוע,סמ״ר.02,סנטימטר רבוע,weak,3,סמל ראשון | ספינת משמר | סנטימטר רבוע,substituted,yes,wikipedia,אלגון,unreviewed,,substitution,wiki_substituted
ha-02314,סמ״ר,ייצור שבב ה-DNA מתחיל משבב קוורץ של 12.70 סמ״ר.,סנטימטר רבוע,סמ״ר.02,סנטימטר רבוע,weak,3,סמל ראשון | ספינת משמר | סנטימטר רבוע,substituted,yes,wikipedia,מערך DNA,unreviewed,,substitution,wiki_substituted
ha-02315,סמ״ר,"Benkert), איש משמר החופים של ארצות הברית, שהיה מפקד סמ״ר החופים של ארצות הברית איסטווינד (USCGC Eastwind) במהלך מבצע דיפ פריז בעונת המחקר (הקיץ האנטארקטי) 1966–1967.",ספינת משמר,סמ״ר.03,ספינת משמר,weak,3,סמל ראשון | ספינת משמר | סנטימטר רבוע,substituted,yes,wikipedia,הר בנקרט,unreviewed,,substitution,wiki_substituted
ha-02316,סמ״ר,"סמ״ר מפלגה 788 שעסקה באבטחת הדיג באגם עלתה בלילה על החוף המזרחי של הכנרת, שהוחזק בידי סוריה.",ספינת משמר,סמ״ר.03,ספינת משמר,weak,3,סמל ראשון | ספינת משמר | סנטימטר רבוע,substituted,yes,wikipedia,חילוץ ספינת המשמר בכנרת,unreviewed,,substitution,wiki_substituted
ha-02317,סמ״ר,"הסיורים התנהלו על ידי סמ״ר בודדת בקרבה מיידית לדייגים וספינה נוספת במעגן גינוסר, בכוננות של שעה להפלגה.",ספינת משמר,סמ״ר.03,ספינת משמר,weak,3,סמל ראשון | ספינת משמר | סנטימטר רבוע,substituted,yes,wikipedia,חילוץ ספינת המשמר בכנרת,unreviewed,,substitution,wiki_substituted
ha-01966,מש״ה,"ב-3 בינואר 2017 אישרה מליאת הכנסת פה אחד בקריאה שנייה ובקריאה שלישית הצעת חוק להחליף את המונח ""מפגר"" ו""פיגור"" על הטיותיהם השונות, במונחים ""אדם עם מש״ה"" ו""מש״ה"".",מוגבלות שכלית התפתחותית,מש״ה.01,מוגבלות שכלית התפתחותית,weak,3,מוגבלות שכלית התפתחותית | משום הכי | מדף שפת התקפה,substituted,yes,wikipedia,מוגבלות שכלית התפתחותית,unreviewed,,substitution,wiki_substituted
ha-01967,מש״ה,נוכח שינוי עקרוני זה צומצמה כמות האנשים המאובחנים כאנשים עם מש״ה.,מוגבלות שכלית התפתחותית,מש״ה.01,מוגבלות שכלית התפתחותית,weak,3,מוגבלות שכלית התפתחותית | משום הכי | מדף שפת התקפה,substituted,yes,wikipedia,מוגבלות שכלית התפתחותית,unreviewed,,substitution,wiki_substituted
ha-01968,מש״ה,גיל שכלי ומנת משכל === אדם יאובחן כאדם עם מש״ה אם גילו השכלי נמוך באופן משמעותי מגילו הכרונולוגי במבחן IQ.,מוגבלות שכלית התפתחותית,מש״ה.01,מוגבלות שכלית התפתחותית,weak,3,מוגבלות שכלית התפתחותית | משום הכי | מדף שפת התקפה,substituted,yes,wikipedia,מוגבלות שכלית התפתחותית,unreviewed,,substitution,wiki_substituted
ha-01969,מש״ה,סיבת האיסור הוא מחשש שאנשים יראו שמטלטלין במקום כה גדול ויבואו משום כך לבוא ולטלטל גם כן ברשות הרבים ויעברו על איסור דאורייתא מש״ה גזרו חכמים שאין לטלטל יותר מארבע אמות.,משום הכי,מש״ה.02,משום הכי,weak,3,מוגבלות שכלית התפתחותית | משום הכי | מדף שפת התקפה,substituted,yes,wikipedia,קרפף יותר מבית סאתיים שלא הוקף לדירה,unreviewed,,substitution,wiki_substituted
ha-01970,מש״ה,"כיון דחזא דאבשלום הוא - שמח, מש״ה אמר מזמור”.",משום הכי,מש״ה.02,משום הכי,weak,3,מוגבלות שכלית התפתחותית | משום הכי | מדף שפת התקפה,substituted,yes,wikipedia,רבי שמעון בן אבישלום,unreviewed,,substitution,wiki_substituted
ha-02182,נש״מ,"בפברואר 2013 פתחה החברה חשבון עסקי בבנק לאומי אשר באמצעותו היא פועלת עד היום, וביולי 2013 קיבלה רישיון נש״מ מטעם משרד האוצר.",נותן שירותי מטבע,נש״מ.04,נותן שירותי מטבע,weak,4,נציבות שירות המדינה | נשק מונחה | נקודת שיווי משקל | נותן שירותי מטבע,substituted,yes,wikipedia,ביטס אוף גולד,unreviewed,,substitution,wiki_substituted
ha-02183,נש״מ,נש״מ היא יחידת סמך במשרד ראש הממשלה המופקדת על ביצוע מדיניות הממשלה בתחומי המינהל ומשאבי האנוש.,נציבות שירות המדינה,נש״מ.01,נציבות שירות המדינה,weak,4,נציבות שירות המדינה | נשק מונחה | נקודת שיווי משקל | נותן שירותי מטבע,substituted,yes,wikipedia,נציבות שירות המדינה,unreviewed,,substitution,wiki_substituted
ha-02184,נש״מ,"הרפורמה נועדה לחזק את משרדי הממשלה ויחידות הסמך, לשפר את יכולות נש״מ ולחזק את ""עמוד השדרה הניהולי"" בשירות המדינה.",נציבות שירות המדינה,נש״מ.01,נציבות שירות המדינה,weak,4,נציבות שירות המדינה | נשק מונחה | נקודת שיווי משקל | נותן שירותי מטבע,substituted,yes,wikipedia,נציבות שירות המדינה,unreviewed,,substitution,wiki_substituted
ha-02185,נש״מ,"נש״מ ביצעה מפגשים עם אנשי אקדמיה, כינוסים וקבוצת עבודה בהן השתתפו עובדים בכירים ממשרדי הממשלה השונים.",נציבות שירות המדינה,נש״מ.01,נציבות שירות המדינה,weak,4,נציבות שירות המדינה | נשק מונחה | נקודת שיווי משקל | נותן שירותי מטבע,substituted,yes,wikipedia,נציבות שירות המדינה,unreviewed,,substitution,wiki_substituted
ha-02186,נש״מ,"נש״מ במשחק היא צירוף של אסטרטגיות השחקנים (תכסיסים), כך שלאף אחד מהשחקנים לא משתלם לשנות את האסטרטגיה שלו אם שאר השחקנים אינם משנים את האסטרטגיה שלהם.",נקודת שיווי משקל,נש״מ.02,נקודת שיווי משקל,weak,4,נציבות שירות המדינה | נשק מונחה | נקודת שיווי משקל | נותן שירותי מטבע,substituted,yes,wikipedia,שיווי משקל נאש,unreviewed,,substitution,wiki_substituted
ha-02187,נש״מ,נש״מ נאש: בחירה של תכסיס לכל שחקן במשחק N שחקנים כך שלאף שחקן לא כדאי לשנות את בחירתו לבד.,נקודת שיווי משקל,נש״מ.02,נקודת שיווי משקל,weak,4,נציבות שירות המדינה | נשק מונחה | נקודת שיווי משקל | נותן שירותי מטבע,substituted,yes,wikipedia,תורת המשחקים – מונחים,unreviewed,,substitution,wiki_substituted
ha-02188,נש״מ,"כמו כן, במשחק לא שיתופי כללי מבטיח משפט נאש שתהיה לפחות נש״מ נאש אחת אם ניתן לעשות שימוש בתכסיסים מעורבים.",נקודת שיווי משקל,נש״מ.02,נקודת שיווי משקל,weak,4,נציבות שירות המדינה | נשק מונחה | נקודת שיווי משקל | נותן שירותי מטבע,substituted,yes,wikipedia,הרחבת העירוב של משחק,unreviewed,,substitution,wiki_substituted
ha-02189,נש״מ,"מופעים של נש״מ יכולים להיות טילים, פצצות שימוש כללי, פצצות מרגמה, חימוש משוטט ועוד.",נשק מונחה,נש״מ.03,נשק מונחה,weak,4,נציבות שירות המדינה | נשק מונחה | נקודת שיווי משקל | נותן שירותי מטבע,substituted,yes,wikipedia,נשק מונחה,unreviewed,,substitution,wiki_substituted
ha-02190,נש״מ,פרויקט יונה היה פיתוח נסיוני של נש״מ מנוהג על ידי יונים שהגה הביהביוריסט פרדריק סקינר בעת מלחמת העולם השנייה.,נשק מונחה,נש״מ.03,נשק מונחה,weak,4,נציבות שירות המדינה | נשק מונחה | נקודת שיווי משקל | נותן שירותי מטבע,substituted,yes,wikipedia,פרויקט יונה,unreviewed,,substitution,wiki_substituted
ha-02191,נש״מ,פרויקט יונה היה הפיתוח הראשון בעולם של נש״מ מסוג שגר ושכח.,נשק מונחה,נש״מ.03,נשק מונחה,weak,4,נציבות שירות המדינה | נשק מונחה | נקודת שיווי משקל | נותן שירותי מטבע,substituted,yes,wikipedia,פרויקט יונה,unreviewed,,substitution,wiki_substituted
ha-01059,ז״א,"ז״א, כל 2 הקפות שהגוף מבצע סביב השמש, נפטון מבצע 3.",זאת אומרת,ז״א.01,זאת אומרת,weak,3,זאת אומרת | זכות אבות | זעיר אנפין,substituted,yes,wikipedia,פלוטינו,unreviewed,,substitution,wiki_substituted
ha-01060,ז״א,"בניגוד למצוות התלויות בארץ, שאר המצוות הן 'חובת הגוף', ז״א שאין חיובים תלוי כלל במקומו של האדם, וחיובים הוא בכל מקום שנמצא.",זאת אומרת,ז״א.01,זאת אומרת,weak,3,זאת אומרת | זכות אבות | זעיר אנפין,substituted,yes,wikipedia,מצוות התלויות בארץ,unreviewed,,substitution,wiki_substituted
ha-01061,ז״א,"בנק זה מתפקד גם כמלווה של מוצא אחרון – ז״א ספק האשראי במקרה שבו אין כל דרך אחרת להשיגו (למשל, בזמן המשבר הכלכלי של 2008).",זאת אומרת,ז״א.01,זאת אומרת,weak,3,זאת אומרת | זכות אבות | זעיר אנפין,substituted,yes,wikipedia,בנק מרכזי,unreviewed,,substitution,wiki_substituted
ha-01062,ז״א,"אברהם רפאל קורייאט (1730 – ספטמבר 1805) היה דיין במוגדור שבמרוקו ובליבורנו שבאיטליה, מחבר הספר ""ז״א"".",זכות אבות,ז״א.02,זכות אבות,weak,3,זאת אומרת | זכות אבות | זעיר אנפין,substituted,yes,wikipedia,אברהם רפאל קורייאט,unreviewed,,substitution,wiki_substituted
ha-01063,ז״א,"רבי שמואל הכהן, אחי אשתו ודיין ומשורר בליבורנו, הגיה את ספרו ""ז״א"" ובראש הספר כתב הקדמה אודות המחבר.",זכות אבות,ז״א.02,זכות אבות,weak,3,זאת אומרת | זכות אבות | זעיר אנפין,substituted,yes,wikipedia,אברהם רפאל קורייאט,unreviewed,,substitution,wiki_substituted
ha-01064,ז״א,"שאפילו מי שיש לו ז״א, אינה עומדת לו בשעה שיוצא מארץ לחוצה לארץ.”.",זכות אבות,ז״א.02,זכות אבות,weak,3,זאת אומרת | זכות אבות | זעיר אנפין,substituted,yes,wikipedia,אלימלך,unreviewed,,substitution,wiki_substituted
ha-01065,ז״א,"נסירה (מהמילה ""ניסור"", ""הפרדה"") היא מונח בתורת הקבלה היהודית, המתאר תהליך מטאפיזי של הפרדה בין הספירות ""ז״א"" (זכר) לבין ספירת המלכות (נקבה).",זעיר אנפין,ז״א.03,זעיר אנפין,weak,3,זאת אומרת | זכות אבות | זעיר אנפין,substituted,yes,wikipedia,נסירה (קבלה),unreviewed,,substitution,wiki_substituted
ha-01066,ז״א,"כאשר נבראו היו ז״א ומלכות מחוברים ""אחור באחור"", ונכנסו לתרדמה (בלשון הקבלה: ""דורמיטא""), לאחר מכן נעשתה הנסירה ואז הזדווגו ""פנים בפנים"".",זעיר אנפין,ז״א.03,זעיר אנפין,weak,3,זאת אומרת | זכות אבות | זעיר אנפין,substituted,yes,wikipedia,נסירה (קבלה),unreviewed,,substitution,wiki_substituted
ha-01067,ז״א,פרצוף רחל היוצאת מן ספירת תפארת ומסתיימת ברגלי ז״א.,זעיר אנפין,ז״א.03,זעיר אנפין,weak,3,זאת אומרת | זכות אבות | זעיר אנפין,substituted,yes,wikipedia,עולם האצילות,unreviewed,,substitution,wiki_substituted
ha-01080,ז״ל,"אמנם מבואר בשער הכללים שמטרה זו היא לא עבור עצמו אלא עבור הנבראים, ז״ל: ""עלה ברצונו יתברך שמו לברוא את העולם כדי להיטיב לברואיו ויכירו גדולתו"".",זה לשונו,ז״ל.05,זה לשונו,weak,7,זרע לבטלה | זכור לטוב | זכר לחורבן | זכרנו לחיים | זה לשונו | זכר לדבר | זכרו לברכה; זכרונו לברכה,substituted,yes,wikipedia,"בריאת העולם בתנ""ך",unreviewed,,substitution,wiki_substituted
ha-01081,ז״ל,"יש שקשרו[דרוש מקור][מפני ש...] את רבי יודן ב""יודן בן ישמעאל"" המוזכר בכתובת ארמית שנמצאה על כיסא בבית הכנסת בכורזים:”ז״ל יודן בן ישמעאל, שעשה את העמודים ואת המדרגות מכספו, יהיה חלקו עם צדיקים”.",זכור לטוב,ז״ל.02,זכור לטוב,weak,7,זרע לבטלה | זכור לטוב | זכר לחורבן | זכרנו לחיים | זה לשונו | זכר לדבר | זכרו לברכה; זכרונו לברכה,substituted,yes,wikipedia,יודן בן ישמעאל,unreviewed,,substitution,wiki_substituted
ha-01082,ז״ל,"מעל המנורה שמשמאל כתוב: תרגום הכתובת לעברית: ""ז״ל מרי (תא) בן כרוספדה (שהביאו) חלקם לזה (המקום הקדוש).",זכור לטוב,ז״ל.02,זכור לטוב,weak,7,זרע לבטלה | זכור לטוב | זכר לחורבן | זכרנו לחיים | זה לשונו | זכר לדבר | זכרו לברכה; זכרונו לברכה,substituted,yes,wikipedia,בית הכנסת בנערן,unreviewed,,substitution,wiki_substituted
ha-01083,ז״ל,"למטה מימין כתוב: ""דכיר לטב שמואל"" (בעברית: ""ז״ל שמואל"").",זכור לטוב,ז״ל.02,זכור לטוב,weak,7,זרע לבטלה | זכור לטוב | זכר לחורבן | זכרנו לחיים | זה לשונו | זכר לדבר | זכרו לברכה; זכרונו לברכה,substituted,yes,wikipedia,בית הכנסת בנערן,unreviewed,,substitution,wiki_substituted
ha-01084,ז״ל,אמנם בנוגע לארבע כוסות ישנו טעם נוסף שכתב האור זרוע: ”יין אדום - ז״ל שהיה פרעה שוחט תינוקות כשנצטרע.,זכר לדבר,ז״ל.06,זכר לדבר,weak,7,זרע לבטלה | זכור לטוב | זכר לחורבן | זכרנו לחיים | זה לשונו | זכר לדבר | זכרו לברכה; זכרונו לברכה,substituted,yes,wikipedia,ארבע כוסות,unreviewed,,substitution,wiki_substituted
ha-01085,ז״ל,למנהג שבירת הצלחת מספר טעמים: ז״ל בית המקדש.,זכר לחורבן,ז״ל.03,זכר לחורבן,weak,7,זרע לבטלה | זכור לטוב | זכר לחורבן | זכרנו לחיים | זה לשונו | זכר לדבר | זכרו לברכה; זכרונו לברכה,substituted,yes,wikipedia,צלחת אירוסין,unreviewed,,substitution,wiki_substituted
ha-01086,ז״ל,"לאחר קריאת התנאים, נהוג לשבור צלחת, ז״ל.",זכר לחורבן,ז״ל.03,זכר לחורבן,weak,7,זרע לבטלה | זכור לטוב | זכר לחורבן | זכרנו לחיים | זה לשונו | זכר לדבר | זכרו לברכה; זכרונו לברכה,substituted,yes,wikipedia,תנאים (אירוסים),unreviewed,,substitution,wiki_substituted
ha-01087,ז״ל,"חכמים אסרו על השימוש בכלי נגינה לליווי התפילה משום ""ז״ל"", והמוזיקה, שנתפסה לעיתים כמקור בידור חסר תכלית, הוגבלה בבתי הכנסת לשירה קולית (גברית) בלבד, ולשמחות של מצווה.",זכר לחורבן,ז״ל.03,זכר לחורבן,weak,7,זרע לבטלה | זכור לטוב | זכר לחורבן | זכרנו לחיים | זה לשונו | זכר לדבר | זכרו לברכה; זכרונו לברכה,substituted,yes,wikipedia,מוזיקה יהודית,unreviewed,,substitution,wiki_substituted
ha-01088,ז״ל,"לדוגמה, ""ז״ל מלך חפץ בחיים וחתמנו בספר החיים למענך אלוהים חיים"", בברכת אבות.",זכרנו לחיים,ז״ל.04,זכרנו לחיים,weak,7,זרע לבטלה | זכור לטוב | זכר לחורבן | זכרנו לחיים | זה לשונו | זכר לדבר | זכרו לברכה; זכרונו לברכה,substituted,yes,wikipedia,עשרת ימי תשובה,unreviewed,,substitution,wiki_substituted
ha-01089,ז״ל,"הרב דוד חי הכהן, כוונת ""ז״ל"", באתר ישיבת לנתיבות ישראל.",זכרנו לחיים,ז״ל.04,זכרנו לחיים,weak,7,זרע לבטלה | זכור לטוב | זכר לחורבן | זכרנו לחיים | זה לשונו | זכר לדבר | זכרו לברכה; זכרונו לברכה,substituted,yes,wikipedia,עשרת ימי תשובה,unreviewed,,substitution,wiki_substituted
ha-01090,ז״ל,"רבי רפאל חיים בנימין פרץ היה רב בקושטא ובצ'לנקה, אב בית דין במגדלים (דרנדלים) ובגליפולי ומחבר ספר ז״ל.",זכרנו לחיים,ז״ל.04,זכרנו לחיים,weak,7,זרע לבטלה | זכור לטוב | זכר לחורבן | זכרנו לחיים | זה לשונו | זכר לדבר | זכרו לברכה; זכרונו לברכה,substituted,yes,wikipedia,רפאל חיים בנימין פרץ,unreviewed,,substitution,wiki_substituted
ha-01093,ז״ל,"המשנה והתלמוד מזהירים על חומרת חטא זה בהיותו מומשל לשפיכות דמים, ואף מורים להימנע ממצבים העלולים להביא להוצאת ז״ל.",זרע לבטלה,ז״ל.01,זרע לבטלה,weak,7,זרע לבטלה | זכור לטוב | זכר לחורבן | זכרנו לחיים | זה לשונו | זכר לדבר | זכרו לברכה; זכרונו לברכה,substituted,yes,wikipedia,הוצאת זרע לבטלה,unreviewed,,substitution,wiki_substituted
ha-01094,ז״ל,"כך, לדוגמה, מופיע בספר חסידים, שאם אדם עלול להיכשל באיסור חמור יותר – כגון איסור אשת איש או נדה – עדיף שיבחר לעבור על איסור הוצאת ז״ל.",זרע לבטלה,ז״ל.01,זרע לבטלה,weak,7,זרע לבטלה | זכור לטוב | זכר לחורבן | זכרנו לחיים | זה לשונו | זכר לדבר | זכרו לברכה; זכרונו לברכה,substituted,yes,wikipedia,הוצאת זרע לבטלה,unreviewed,,substitution,wiki_substituted
ha-01095,ז״ל,"מכיוון שהגמרא עוסקת בחטא הוצאת ז״ל, הפרשנות המקובלת היא שחטא זה נרמז כאן.",זרע לבטלה,ז״ל.01,זרע לבטלה,weak,7,זרע לבטלה | זכור לטוב | זכר לחורבן | זכרנו לחיים | זה לשונו | זכר לדבר | זכרו לברכה; זכרונו לברכה,substituted,yes,wikipedia,הוצאת זרע לבטלה,unreviewed,,substitution,wiki_substituted
ha-02797,רא״ם,למד אצל רא״ם בסמינר המזרחי בבית הכרם (כיום מכללת ליפשיץ).,הרב אליעזר מאיר ליפשיץ,רא״ם.03,הרב אליעזר מאיר ליפשיץ,weak,6,רבי אליעזר ממיץ | רבי אברהם מרדכי אלתר | רבי אליהו מני | רבי אליהו מזרחי | רבי יוסף אבן מיגאש | הרב אליעזר מאיר ליפשיץ,substituted,yes,wikipedia,יצחק שמשון שילה,unreviewed,,substitution,wiki_substituted
ha-02798,רא״ם,"לאחר מכן עברה משפחתו לירושלים, ושם למד בבית המדרש למורים מזרחי, של רא״ם.",הרב אליעזר מאיר ליפשיץ,רא״ם.03,הרב אליעזר מאיר ליפשיץ,weak,6,רבי אליעזר ממיץ | רבי אברהם מרדכי אלתר | רבי אליהו מני | רבי אליהו מזרחי | רבי יוסף אבן מיגאש | הרב אליעזר מאיר ליפשיץ,substituted,yes,wikipedia,אלכסנדר מלכיאל,unreviewed,,substitution,wiki_substituted
ha-02799,רא״ם,"חותנם של גיסו רא״ם, ה""אמרי אמת"", ובנו רבי ישראל אלתר, ה""בית ישראל"".",רבי אברהם מרדכי אלתר,רא״ם.01,רבי אברהם מרדכי אלתר,weak,6,רבי אליעזר ממיץ | רבי אברהם מרדכי אלתר | רבי אליהו מני | רבי אליהו מזרחי | רבי יוסף אבן מיגאש | הרב אליעזר מאיר ליפשיץ,substituted,yes,wikipedia,יעקב מאיר בידרמן,unreviewed,,substitution,wiki_substituted
ha-02800,רא״ם,"בשמונה שנותיו האחרונות בארץ ישראל סבל רא״ם מחולשה וממחלות, ובהתנהלותו היום-יומית הסתייע בבניו רבי ישראל ורבי שמחה בונם.",רבי אברהם מרדכי אלתר,רא״ם.01,רבי אברהם מרדכי אלתר,weak,6,רבי אליעזר ממיץ | רבי אברהם מרדכי אלתר | רבי אליהו מני | רבי אליהו מזרחי | רבי יוסף אבן מיגאש | הרב אליעזר מאיר ליפשיץ,substituted,yes,wikipedia,אברהם מרדכי אלתר,unreviewed,,substitution,wiki_substituted
ha-02801,רא״ם,"כאשר התעוררו קשיים כלכליים להפעלת 'המודיע' התחייבו רא״ם, רבי חיים מבריסק והרב חיים עוזר גרודזנסקי מווילנה להשיג מימון להפעלתו.",רבי אברהם מרדכי אלתר,רא״ם.01,רבי אברהם מרדכי אלתר,weak,6,רבי אליעזר ממיץ | רבי אברהם מרדכי אלתר | רבי אליהו מני | רבי אליהו מזרחי | רבי יוסף אבן מיגאש | הרב אליעזר מאיר ליפשיץ,substituted,yes,wikipedia,המודיע (פולטבה),unreviewed,,substitution,wiki_substituted
ha-02802,רא״ם,"ההומניסט וההבראיסט הגרמני סבסטיאן מינסטר הדפיס בבזל כמה מספריו של רא״ם, בין השנים 1529-1524.",רבי אליהו מזרחי,רא״ם.04,רבי אליהו מזרחי,weak,6,רבי אליעזר ממיץ | רבי אברהם מרדכי אלתר | רבי אליהו מני | רבי אליהו מזרחי | רבי יוסף אבן מיגאש | הרב אליעזר מאיר ליפשיץ,substituted,yes,wikipedia,אליהו מזרחי,unreviewed,,substitution,wiki_substituted
ha-02803,רא״ם,"אולם לפי רא״ם, הפסוק מתייחס רק לפירות שגדלו כתוצאה ממלאכות אסורות, כגון זריעה וזמירה, המנוגדות לשביתת הארץ.",רבי אליהו מזרחי,רא״ם.04,רבי אליהו מזרחי,weak,6,רבי אליעזר ממיץ | רבי אברהם מרדכי אלתר | רבי אליהו מני | רבי אליהו מזרחי | רבי יוסף אבן מיגאש | הרב אליעזר מאיר ליפשיץ,substituted,yes,wikipedia,איסור שמור,unreviewed,,substitution,wiki_substituted
ha-02804,רא״ם,"סבא רבא שלו היה רא״ם, מגדולי רבני עיראק ורבה הראשי של חברון.",רבי אליהו מני,רא״ם.05,רבי אליהו מני,weak,6,רבי אליעזר ממיץ | רבי אברהם מרדכי אלתר | רבי אליהו מני | רבי אליהו מזרחי | רבי יוסף אבן מיגאש | הרב אליעזר מאיר ליפשיץ,substituted,yes,wikipedia,משה מני,unreviewed,,substitution,wiki_substituted
ha-02805,רא״ם,"לפי המסופר, לאחר שחלק אביו רא״ם בפומבי על אחד מפירושיו של הרב שלום שרעבי.",רבי אליהו מני,רא״ם.05,רבי אליהו מני,weak,6,רבי אליעזר ממיץ | רבי אברהם מרדכי אלתר | רבי אליהו מני | רבי אליהו מזרחי | רבי יוסף אבן מיגאש | הרב אליעזר מאיר ליפשיץ,substituted,yes,wikipedia,יחזקאל שלום מני,unreviewed,,substitution,wiki_substituted
ha-02806,רא״ם,"רא״ם בן שמואל, תלמיד רבינו תם, מחבר ספר יראים.",רבי אליעזר ממיץ,רא״ם.06,רבי אליעזר ממיץ,weak,6,רבי אליעזר ממיץ | רבי אברהם מרדכי אלתר | רבי אליהו מני | רבי אליהו מזרחי | רבי יוסף אבן מיגאש | הרב אליעזר מאיר ליפשיץ,substituted,yes,wikipedia,בעלי התוספות,unreviewed,,substitution,wiki_substituted
ha-02807,רא״ם,"רבי אלעזר בן יהודה מגרמייזא, תלמיד רא״ם, ורבי יהודה החסיד, מחבר ספר הרוקח.",רבי אליעזר ממיץ,רא״ם.06,רבי אליעזר ממיץ,weak,6,רבי אליעזר ממיץ | רבי אברהם מרדכי אלתר | רבי אליהו מני | רבי אליהו מזרחי | רבי יוסף אבן מיגאש | הרב אליעזר מאיר ליפשיץ,substituted,yes,wikipedia,בעלי התוספות,unreviewed,,substitution,wiki_substituted
ha-02808,רא״ם,"הכרוניקן רבי סעדיה אבן דנאן כותב כי לאחר פטירת רא״ם, בשנת 1141, התמעטו הישיבות בספרד.",רבי יוסף אבן מיגאש,רא״ם.02,רבי יוסף אבן מיגאש,weak,6,רבי אליעזר ממיץ | רבי אברהם מרדכי אלתר | רבי אליהו מני | רבי אליהו מזרחי | רבי יוסף אבן מיגאש | הרב אליעזר מאיר ליפשיץ,substituted,yes,wikipedia,יהודה הכהן אבן סוסאן,unreviewed,,substitution,wiki_substituted
ha-02809,רא״ם,"בסיוע פירושי רא״ם למשנה שהיו בידו, הוא ביאר את המשנה מהכלל אל הפרט.",רבי יוסף אבן מיגאש,רא״ם.02,רבי יוסף אבן מיגאש,weak,6,רבי אליעזר ממיץ | רבי אברהם מרדכי אלתר | רבי אליהו מני | רבי אליהו מזרחי | רבי יוסף אבן מיגאש | הרב אליעזר מאיר ליפשיץ,substituted,yes,wikipedia,תור הזהב של יהודי ספרד,unreviewed,,substitution,wiki_substituted
ha-02810,רא״ם,"באותו המכתב מזכיר רבי שלמה הכהן חכם נוסף מהמקום בשם רבי יוסף בן מלאל, הוא מספר שהוא היגר בעקבות המאורעות למצרים ונשאר חסר כל, לדבריו חכם זה למד לפני רא״ם וקיבל ממנו כתב סמיכה.",רבי יוסף אבן מיגאש,רא״ם.02,רבי יוסף אבן מיגאש,weak,6,רבי אליעזר ממיץ | רבי אברהם מרדכי אלתר | רבי אליהו מני | רבי אליהו מזרחי | רבי יוסף אבן מיגאש | הרב אליעזר מאיר ליפשיץ,substituted,yes,wikipedia,סיג'ילמסה,unreviewed,,substitution,wiki_substituted
ha-02790,ראב״ן,התוספות אף הם מזכירים שיטה זו כמנהג הנפוץ ור' ראב״ן מזכירו כמנהגם של יהודי צרפת (הצפונית).,אברהם בן נתן הירחי,ראב״ן.02,אברהם בן נתן הירחי,weak,3,אליעזר בן נתן | אברהם בן נתן הירחי | חיבורו של רבי אליעזר בן נתן,substituted,no,wikipedia,ברכת השיר,unreviewed,,substitution,wiki_substituted
ha-02791,ראב״ן,"כמו כן, סביר כי רבי אברהם היה אחד מעורכיו של מחזור ויטרי, וחתם את שמו בתור ""אבן"" (אך ייתכן כי זהו רבי ראב״ן).",אליעזר בן נתן,ראב״ן.01,אליעזר בן נתן,weak,3,אליעזר בן נתן | אברהם בן נתן הירחי | חיבורו של רבי אליעזר בן נתן,substituted,no,wikipedia,אברהם בן נתן,unreviewed,,substitution,wiki_substituted
ha-02792,ראב״ן,"רבי ראב״ן משלב בתוך ספרו כמה וכמה זכרונות, מדבר על מנהגי בני דורו, ומצטט הרבה רבנים בשמם וכתוצאה מכך, אבן העזר הוא ספר מלא מידע היסטורי רב ערך.",אליעזר בן נתן,ראב״ן.01,אליעזר בן נתן,weak,3,אליעזר בן נתן | אברהם בן נתן הירחי | חיבורו של רבי אליעזר בן נתן,substituted,no,wikipedia,"אבן העזר (ראב""ן)",unreviewed,,substitution,wiki_substituted
ha-02793,ראב״ן,"רבי ראב״ן כתב כמה וכמה הוספות לספרו עוד בחייו ושילב אותם לתוך הטיוטות הקדמונות של ספרו בגיליונות ובסוף החלקים, איפה שנמצאו רווחים בכתב יד.",אליעזר בן נתן,ראב״ן.01,אליעזר בן נתן,weak,3,אליעזר בן נתן | אברהם בן נתן הירחי | חיבורו של רבי אליעזר בן נתן,substituted,no,wikipedia,"אבן העזר (ראב""ן)",unreviewed,,substitution,wiki_substituted
ha-02794,ראב״ע,"על פי התלמוד הבבלי, ראב״ע היה אז כבן שמונה עשרה.",רבי אלעזר בן עזריה,ראב״ע.01,רבי אלעזר בן עזריה,weak,2,רבי אלעזר בן עזריה | מגדולי המלומדים והמשוררים היהודיים,substituted,no,wikipedia,רבי אלעזר בן עזריה,unreviewed,,substitution,wiki_substituted
ha-02795,ראב״ע,"אחד ממאמריו של ראב״ע במשנה פותח במילים: ""הרי אני כבן שבעים שנה"".",רבי אלעזר בן עזריה,ראב״ע.01,רבי אלעזר בן עזריה,weak,2,רבי אלעזר בן עזריה | מגדולי המלומדים והמשוררים היהודיים,substituted,no,wikipedia,רבי אלעזר בן עזריה,unreviewed,,substitution,wiki_substituted
ha-02796,ראב״ע,"על פי התלמוד הבבלי, את המשפט הזה אמר ראב״ע בצעירותו, וכוונתו היא ""הרי אני נראה כמו בן שבעים שנה"" בשל השערות הלבנות שנוספו לשיערו.",רבי אלעזר בן עזריה,ראב״ע.01,רבי אלעזר בן עזריה,weak,2,רבי אלעזר בן עזריה | מגדולי המלומדים והמשוררים היהודיים,substituted,no,wikipedia,רבי אלעזר בן עזריה,unreviewed,,substitution,wiki_substituted
ha-01345,יחב״ל,"יחב״ל משמשות לכימות ויטמינים, הורמונים, תרופות מסוימות, חיסונים, מוצרי דם וחומרים פעילים ביולוגית דומים.",יחידות בינלאומיות,יחב״ל.01,יחידות בינלאומיות,weak,3,יחסים בינלאומיים | יחידות בינלאומיות | היחידה לחקירות בינלאומיות,substituted,yes,wikipedia,יחידה בין-לאומית,unreviewed,,substitution,wiki_substituted
ha-01346,יחב״ל,ויטמין D: הפעילות הביולוגית של 40 יחב״ל שווה למיקרוגרם אחד.,יחידות בינלאומיות,יחב״ל.01,יחידות בינלאומיות,weak,3,יחסים בינלאומיים | יחידות בינלאומיות | היחידה לחקירות בינלאומיות,substituted,yes,wikipedia,יחידה בין-לאומית,unreviewed,,substitution,wiki_substituted
ha-01347,יחב״ל,"בעוד שבתי חולים אחרים דורשים לכתוב את המילה ""יחידות"" (או מילים ""יחב״ל"") בצורה המלאה.",יחידות בינלאומיות,יחב״ל.01,יחידות בינלאומיות,weak,3,יחסים בינלאומיים | יחידות בינלאומיות | היחידה לחקירות בינלאומיות,substituted,yes,wikipedia,יחידה בין-לאומית,unreviewed,,substitution,wiki_substituted
ha-01348,יחב״ל,"פרשן מדיני: עוסק במתן פרשנות לאירועים בתחום המדינאות, יחסי החוץ, יחב״ל ודיפלומטיה.",יחסים בינלאומיים,יחב״ל.02,יחסים בינלאומיים,weak,3,יחסים בינלאומיים | יחידות בינלאומיות | היחידה לחקירות בינלאומיות,substituted,yes,wikipedia,פרשן (עיתונות),unreviewed,,substitution,wiki_substituted
ha-01349,יחב״ל,יחסי ארצות הברית–הרפובליקה של קונגו הם יחב״ל בין ארצות הברית והרפובליקה של קונגו.,יחסים בינלאומיים,יחב״ל.02,יחסים בינלאומיים,weak,3,יחסים בינלאומיים | יחידות בינלאומיות | היחידה לחקירות בינלאומיות,substituted,yes,wikipedia,יחסי ארצות הברית – הרפובליקה של קונגו,unreviewed,,substitution,wiki_substituted
ha-01350,יחב״ל,"ערכי האנציקלופדיה נוגעים למספר רב של דיסציפלינות מדעיות, מתחום מדעי הטבע, הרוח והחברה: גאוגרפיה, בוטניקה, זואולוגיה, היסטוריה, לימודי תרבות, ספרות, לימודי דתות, מדע המדינה, יחב״ל ועוד.",יחסים בינלאומיים,יחב״ל.02,יחסים בינלאומיים,weak,3,יחסים בינלאומיים | יחידות בינלאומיות | היחידה לחקירות בינלאומיות,substituted,yes,wikipedia,אנציקלופדיה איראניקה,unreviewed,,substitution,wiki_substituted
ha-01333,יוע״מ,יוע״מ הוא אדם העוסק במתן ייעוץ לנישומים בנושאי מסים ובייצוג נישומים בפני רשויות המס כולל הגשת טפסים מסוימים לרשויות המס.,יועץ מס,יוע״מ.01,יועץ מס,weak,2,יועץ משפטי | יועץ מס,substituted,yes,wikipedia,יועץ מס,unreviewed,,substitution,wiki_substituted
ha-01334,יוע״מ,"יוע״מ נדרש לידע מקיף בחוקי המיסים ובהנחיות רשות המיסים, ובפרט הוא נדרש לבקיאות בניהול ספרים ובניכוי מס במקור.",יועץ מס,יוע״מ.01,יועץ מס,weak,2,יועץ משפטי | יועץ מס,substituted,yes,wikipedia,יועץ מס,unreviewed,,substitution,wiki_substituted
ha-01335,יוע״מ,"השימוש בשירותיו של יוע״מ אינו חובה, ונישום רשאי לנהל את קשריו עם פקיד השומה באופן ישיר או באמצעות מייצג אחר (רואה חשבון או עורך דין).",יועץ מס,יוע״מ.01,יועץ מס,weak,2,יועץ משפטי | יועץ מס,substituted,yes,wikipedia,יועץ מס,unreviewed,,substitution,wiki_substituted
ha-01336,יוע״מ,"יוע״מ הוא עורך דין העוסק במתן שירותים משפטיים דרך קבע לגוף מסוים, פרטי או ציבורי.",יועץ משפטי,יוע״מ.02,יועץ משפטי,weak,2,יועץ משפטי | יועץ מס,substituted,yes,wikipedia,יועץ משפטי,unreviewed,,substitution,wiki_substituted
ha-01337,יוע״מ,יוע״מ: עורך דין העוסק במתן ייעוץ משפטי ושירותים משפטיים.,יועץ משפטי,יוע״מ.02,יועץ משפטי,weak,2,יועץ משפטי | יועץ מס,substituted,yes,wikipedia,יועץ,unreviewed,,substitution,wiki_substituted
ha-01338,יוע״מ,כל הרשאי לתת ייעוץ משפטי פורמלי נקרא יוע״מ.,יועץ משפטי,יוע״מ.02,יועץ משפטי,weak,2,יועץ משפטי | יועץ מס,substituted,yes,wikipedia,ייעוץ משפטי,unreviewed,,substitution,wiki_substituted
ha-02840,רי״א,"רי״א – (1530, פראג – 1570, צפת (בקירוב)) היה חכם תלמודי, ידוע בעיקר בהגהותיו למשנה.",רבי יהוסף אשכנזי,רי״א.01,רבי יהוסף אשכנזי,weak,8,רבי יצחק אברבנאל | רבי יצחק אבוהב | רבי יוסף אלבו | רבי יצחק אבוהב (גאון קסטיליה) | רבי יצחק אבוהב דה-פונסיקה | 211 (מספר) | רבי יהוסף אשכנזי | רבי יצחק אבוהב (מנורת המאור),substituted,yes,wikipedia,יהוסף אשכנזי,unreviewed,,substitution,wiki_substituted
ha-02841,רי״א,רבי יוסף סמברי מונה אותו בין חכמי צפת לצד רי״א.,רבי יהוסף אשכנזי,רי״א.01,רבי יהוסף אשכנזי,weak,8,רבי יצחק אברבנאל | רבי יצחק אבוהב | רבי יוסף אלבו | רבי יצחק אבוהב (גאון קסטיליה) | רבי יצחק אבוהב דה-פונסיקה | 211 (מספר) | רבי יהוסף אשכנזי | רבי יצחק אבוהב (מנורת המאור),substituted,yes,wikipedia,מלכיאל אשכנזי,unreviewed,,substitution,wiki_substituted
ha-02842,רי״א,"רי״א ""התנא מצפת"", כתב עליו: ”והנה מה תמיה גדולה היא מה שרצה להרכיב דרכי הפילוסופיה עם דרכי האמת.",רבי יהוסף אשכנזי,רי״א.01,רבי יהוסף אשכנזי,weak,8,רבי יצחק אברבנאל | רבי יצחק אבוהב | רבי יוסף אלבו | רבי יצחק אבוהב (גאון קסטיליה) | רבי יצחק אבוהב דה-פונסיקה | 211 (מספר) | רבי יהוסף אשכנזי | רבי יצחק אבוהב (מנורת המאור),substituted,yes,wikipedia,"רמב""ן",unreviewed,,substitution,wiki_substituted
ha-02843,רי״א,"יצירתו של רי״א נולדה על רקע הצורך לזקק את עיקרי היהדות למבנה בסיסי ופשוט, כדי לחזק את השורות ולמנוע התבוללות.",רבי יוסף אלבו,רי״א.02,רבי יוסף אלבו,weak,8,רבי יצחק אברבנאל | רבי יצחק אבוהב | רבי יוסף אלבו | רבי יצחק אבוהב (גאון קסטיליה) | רבי יצחק אבוהב דה-פונסיקה | 211 (מספר) | רבי יהוסף אשכנזי | רבי יצחק אבוהב (מנורת המאור),substituted,yes,wikipedia,יוסף אלבו,unreviewed,,substitution,wiki_substituted
ha-02844,רי״א,רי״א נאלץ להשתתף בוויכוח טורטוסה ולהסביר מול קהל עוין את עקרונות אמונתו.,רבי יוסף אלבו,רי״א.02,רבי יוסף אלבו,weak,8,רבי יצחק אברבנאל | רבי יצחק אבוהב | רבי יוסף אלבו | רבי יצחק אבוהב (גאון קסטיליה) | רבי יצחק אבוהב דה-פונסיקה | 211 (מספר) | רבי יהוסף אשכנזי | רבי יצחק אבוהב (מנורת המאור),substituted,yes,wikipedia,יוסף אלבו,unreviewed,,substitution,wiki_substituted
ha-02845,רי״א,הימנעות רי״א מלכלול את האמונה במשיח כעיקר עוררה עליו ביקורת.,רבי יוסף אלבו,רי״א.02,רבי יוסף אלבו,weak,8,רבי יצחק אברבנאל | רבי יצחק אבוהב | רבי יוסף אלבו | רבי יצחק אבוהב (גאון קסטיליה) | רבי יצחק אבוהב דה-פונסיקה | 211 (מספר) | רבי יהוסף אשכנזי | רבי יצחק אבוהב (מנורת המאור),substituted,yes,wikipedia,יוסף אלבו,unreviewed,,substitution,wiki_substituted
ha-02846,רי״א,"על פי המסורת, בית הכנסת קרוי על שמו של רי״א, מחבר הספר מנורת המאור, אולם סביר יותר כי בית הכנסת קרוי על שם רי״א מקסטיליה, שבין תלמידיו היה רבי יעקב בירב שעלה לארץ והתיישב בצפת.",רבי יצחק אבוהב,רי״א.03,רבי יצחק אבוהב,weak,8,רבי יצחק אברבנאל | רבי יצחק אבוהב | רבי יוסף אלבו | רבי יצחק אבוהב (גאון קסטיליה) | רבי יצחק אבוהב דה-פונסיקה | 211 (מספר) | רבי יהוסף אשכנזי | רבי יצחק אבוהב (מנורת המאור),substituted,yes,wikipedia,בית הכנסת אבוהב,unreviewed,,substitution,wiki_substituted
ha-02847,רי״א,"בארון הימני נמצא ספר תורה אשר נכתב על פי המסורת על ידי רי״א, ותלמידיו העלוהו לצפת.",רבי יצחק אבוהב,רי״א.03,רבי יצחק אבוהב,weak,8,רבי יצחק אברבנאל | רבי יצחק אבוהב | רבי יוסף אלבו | רבי יצחק אבוהב (גאון קסטיליה) | רבי יצחק אבוהב דה-פונסיקה | 211 (מספר) | רבי יהוסף אשכנזי | רבי יצחק אבוהב (מנורת המאור),substituted,yes,wikipedia,בית הכנסת אבוהב,unreviewed,,substitution,wiki_substituted
ha-02848,רי״א,"למד אצל רי״א, ראש ישיבה בקסטיליה ומגדולי התורה המפורסמים ביותר במקום.",רבי יצחק אבוהב,רי״א.03,רבי יצחק אבוהב,weak,8,רבי יצחק אברבנאל | רבי יצחק אבוהב | רבי יוסף אלבו | רבי יצחק אבוהב (גאון קסטיליה) | רבי יצחק אבוהב דה-פונסיקה | 211 (מספר) | רבי יהוסף אשכנזי | רבי יצחק אבוהב (מנורת המאור),substituted,yes,wikipedia,משה דאנון,unreviewed,,substitution,wiki_substituted
ha-02849,רי״א,"רבי יוסף, היה תלמיד רי״א, וככל הנראה הוא רבי יוסף פאסי מטולידו (המוזכר בספר בית יוסף).",רבי יצחק אבוהב (גאון קסטיליה),רי״א.05,רבי יצחק אבוהב (גאון קסטיליה),weak,8,רבי יצחק אברבנאל | רבי יצחק אבוהב | רבי יוסף אלבו | רבי יצחק אבוהב (גאון קסטיליה) | רבי יצחק אבוהב דה-פונסיקה | 211 (מספר) | רבי יהוסף אשכנזי | רבי יצחק אבוהב (מנורת המאור),substituted,yes,wikipedia,משפחת טולידאנו,unreviewed,,substitution,wiki_substituted
ha-02850,רי״א,הספר קיבל את הסכמתו של רי״א שהרבה לתאר אותו בשבחים.,רבי יצחק אבוהב דה-פונסיקה,רי״א.06,רבי יצחק אבוהב דה-פונסיקה,weak,8,רבי יצחק אברבנאל | רבי יצחק אבוהב | רבי יוסף אלבו | רבי יצחק אבוהב (גאון קסטיליה) | רבי יצחק אבוהב דה-פונסיקה | 211 (מספר) | רבי יהוסף אשכנזי | רבי יצחק אבוהב (מנורת המאור),substituted,yes,wikipedia,אברהם הכהן פימינטיל,unreviewed,,substitution,wiki_substituted
ha-02851,רי״א,"רי״א גם טוען שיוסף הכהן שהמשנה אומרת עליו שהוא חסיד, הוא יוסף בן גוריון שהוא מתלמידי רבן יוחנן בן זכאי.",רבי יצחק אברבנאל,רי״א.04,רבי יצחק אברבנאל,weak,8,רבי יצחק אברבנאל | רבי יצחק אבוהב | רבי יוסף אלבו | רבי יצחק אבוהב (גאון קסטיליה) | רבי יצחק אבוהב דה-פונסיקה | 211 (מספר) | רבי יהוסף אשכנזי | רבי יצחק אבוהב (מנורת המאור),substituted,yes,wikipedia,רבי יוסי הכהן,unreviewed,,substitution,wiki_substituted
ha-02852,רי״א,"פירוש אברבנאל על התורה, חלק מספרי הנביאים וספר דניאל, נכתב על ידי רי״א, מראשי יהדות ספרד ופורטוגל.",רבי יצחק אברבנאל,רי״א.04,רבי יצחק אברבנאל,weak,8,רבי יצחק אברבנאל | רבי יצחק אבוהב | רבי יוסף אלבו | רבי יצחק אבוהב (גאון קסטיליה) | רבי יצחק אבוהב דה-פונסיקה | 211 (מספר) | רבי יהוסף אשכנזי | רבי יצחק אבוהב (מנורת המאור),substituted,yes,wikipedia,פירוש אברבנאל,unreviewed,,substitution,wiki_substituted
ha-02853,רי״א,"רי״א כתב גם שהדם והחלב הם ביטויים לדברים המביאים את האדם לידי חטא, ובאיסור אכילתם ושריפתם על גבי המזבח נרמז לאדם לבטל את תאוותיו ואת הדברים המביאים אותו לחטא, ולא להשתקע בהם.",רבי יצחק אברבנאל,רי״א.04,רבי יצחק אברבנאל,weak,8,רבי יצחק אברבנאל | רבי יצחק אבוהב | רבי יוסף אלבו | רבי יצחק אבוהב (גאון קסטיליה) | רבי יצחק אבוהב דה-פונסיקה | 211 (מספר) | רבי יהוסף אשכנזי | רבי יצחק אבוהב (מנורת המאור),substituted,yes,wikipedia,איסור אכילת חלב,unreviewed,,substitution,wiki_substituted
ha-02832,ריב״ל,"מלבד פעילות הבוסר של רבי מנשה מאיליה, חדירה ממשית יותר של ההשכלה לרוסיה באה רק עם פעילותו של ריב״ל בשנות העשרים והשלושים של המאה ה-19.",יצחק בר לווינזון,ריב״ל.02,יצחק בר לווינזון,weak,4,רבי יהושע בן לוי | יצחק בר לווינזון | אבי תנועת ההשכלה ברוסיה | אמורא ארץ ישראלי בן הדור הראשון לאמוראים,substituted,no,wikipedia,יהודה ליב נווחוביץ',unreviewed,,substitution,wiki_substituted
ha-02833,ריב״ל,"עולא בר קושב, שהיה מבוקש על ידי השלטונות הרומיים, הסתתר בלוד, עירו של ריב״ל.",רבי יהושע בן לוי,ריב״ל.01,רבי יהושע בן לוי,weak,4,רבי יהושע בן לוי | יצחק בר לווינזון | אבי תנועת ההשכלה ברוסיה | אמורא ארץ ישראלי בן הדור הראשון לאמוראים,substituted,no,wikipedia,רבי יהושע בן לוי,unreviewed,,substitution,wiki_substituted
ha-02834,ריב״ל,"(בעיני הטוענים שהיו שני חכמים בשם ריב״ל, הסתירה לכאורה ביחסו לאגדה היא אחת מהראיות לכך).",רבי יהושע בן לוי,ריב״ל.01,רבי יהושע בן לוי,weak,4,רבי יהושע בן לוי | יצחק בר לווינזון | אבי תנועת ההשכלה ברוסיה | אמורא ארץ ישראלי בן הדור הראשון לאמוראים,substituted,no,wikipedia,רבי יהושע בן לוי,unreviewed,,substitution,wiki_substituted
ha-02835,ריב״ל,"כאשר לא הגיע המשיח עד סוף היום, התפלא ריב״ל ורבי שמעון בר יוחאי הסביר את כוונת המשיח - ""היום אם בקולו תשמעו"".",רבי יהושע בן לוי,ריב״ל.01,רבי יהושע בן לוי,weak,4,רבי יהושע בן לוי | יצחק בר לווינזון | אבי תנועת ההשכלה ברוסיה | אמורא ארץ ישראלי בן הדור הראשון לאמוראים,substituted,no,wikipedia,רבי יהושע בן לוי,unreviewed,,substitution,wiki_substituted
ha-01786,מה״מ,"מאוחר יותר, החלו חלק מהחסידים לפרסם את רבם מנחם מנדל שניאורסון כמשיח תוך שימוש בסיסמה ""יחי אדוננו מורנו ורבנו מה״מ לעולם ועד"".",מלך המשיח,מה״מ.01,מלך המשיח,weak,2,מלך המשיח | מנא הני מילי (מניין דברים אלו),substituted,no,wikipedia,משיח,unreviewed,,substitution,wiki_substituted
ha-01787,מה״מ,שני הפרקים האחרונים של הספר מוקדשים לעיון בהלכות מה״מ.,מלך המשיח,מה״מ.01,מלך המשיח,weak,2,מלך המשיח | מנא הני מילי (מניין דברים אלו),substituted,no,wikipedia,ספר שופטים (משנה תורה),unreviewed,,substitution,wiki_substituted
ha-01788,מה״מ,"לפי הברית החדשה, הבטיח מה״מ ישוע לפני מותו לשוב ולהופיע, ומאמיניו מחכים מאז לשובו.",מלך המשיח,מה״מ.01,מלך המשיח,weak,2,מלך המשיח | מנא הני מילי (מניין דברים אלו),substituted,no,wikipedia,הביאה השנייה,unreviewed,,substitution,wiki_substituted
ha-01049,וד״ל,"בסעיף 3 נקבע כי בסמכות וד״ל לקבוע כי קרקע בתוכנית תיועד לדיור בר-השגה בהשכרה, ולקבוע את מחירו, ואת הזכאים לו.",ועדה לדיור לאומי,וד״ל.01,ועדה לדיור לאומי,weak,3,ועדה לדיור לאומי | ודי למבין | ודי לחַכִּימָא (בִּרְמִיזָא): עברית 'ודי לחכם (ברמז)',substituted,no,wikipedia,דיור בר-השגה,unreviewed,,substitution,wiki_substituted
ha-00164,אצ״ל,"אצ״ל, שאם אכן כך ההלכה, אזי אין כל מקום להפקיע קידושין (שהרי בני הזוג עודם נשואים), וההצעה משוללת כל יסוד.",אין צריך לומר,אצ״ל.02,אין צריך לומר,weak,2,ארגון צבאי לאומי | אין צריך לומר,substituted,no,wikipedia,"גט מהרש""ם",unreviewed,,substitution,wiki_substituted
ha-00166,אצ״ל,"הוחלט לקרוא לגוף החדש ""אצ״ל"", שם הממחיש את אופיו האקטיביסטי לעומת ""ההגנה"" ואת שאיפתו להיותו ארגון צבאי ולא ""מיליציוני"" כפי שהייתה ""ההגנה"".",ארגון צבאי לאומי,אצ״ל.01,ארגון צבאי לאומי,weak,2,ארגון צבאי לאומי | אין צריך לומר,substituted,no,wikipedia,ארגון צבאי לאומי,unreviewed,,substitution,wiki_substituted
ha-00167,אצ״ל,"בספר נטען כי הטיהור האתני הוצא לפועל באמצעות גירוש שיטתי של תושבים בכ-500 כפרים ערביים, וכן פיגועים שבוצעו בעיקר על ידי אנשי אצ״ל וההגנה נגד האוכלוסייה האזרחית.",ארגון צבאי לאומי,אצ״ל.01,ארגון צבאי לאומי,weak,2,ארגון צבאי לאומי | אין צריך לומר,substituted,no,wikipedia,הטיהור האתני של פלסטין (ספר),unreviewed,,substitution,wiki_substituted
ha-00168,אצ״ל,"סבו, חיים שלום הלוי (גורדין), היה ממקימי אצ״ל בירושלים והיה ממפקדיו וממייסדי גדוד מגיני השפה.",ארגון צבאי לאומי,אצ״ל.01,ארגון צבאי לאומי,weak,2,ארגון צבאי לאומי | אין צריך לומר,substituted,no,wikipedia,אמיר הלוי,unreviewed,,substitution,wiki_substituted
ha-02775,ק״ק,"קטמנדו (נקראה בתחילה ""ק״ק קטמנדו"") היא סדרת דרמה ישראלית, שעלתה במאי 2012 ושודרה בערוץ 2 תחת רשת השידור רשת, ובהמשך שודרה בשידור חוזר בערוץ 20.",קהילת קודש,ק״ק.03,קהילת קודש,weak,3,קרקע-קרקע | קהילת קודש | קודשי קדשים,substituted,yes,wikipedia,קטמנדו (סדרת טלוויזיה),unreviewed,,substitution,wiki_substituted
ha-02776,ק״ק,"ק״ק הם סוג מסוים של קרבנות שקדושתם חמורה, יותר מקרבנות קודשים קלים.",קודשי קדשים,ק״ק.01,קודשי קדשים,weak,3,קרקע-קרקע | קהילת קודש | קודשי קדשים,substituted,yes,wikipedia,קודשי קודשים,unreviewed,,substitution,wiki_substituted
ha-02777,ק״ק,"ק״ק הם: עולה, חטאת (גם קורבנות העוף), אשם, ושלמי ציבור (שלמי עצרת).",קודשי קדשים,ק״ק.01,קודשי קדשים,weak,3,קרקע-קרקע | קהילת קודש | קודשי קדשים,substituted,yes,wikipedia,קודשי קודשים,unreviewed,,substitution,wiki_substituted
ha-02778,ק״ק,"נחלקו תנאים בגבולות השטח של שחיטת ק״ק ולהלכה כל חלקה הצפוני של העזרה, מכותלה המזרחי ועד כותלו המזרחי של האולם כשר.",קודשי קדשים,ק״ק.01,קודשי קדשים,weak,3,קרקע-קרקע | קהילת קודש | קודשי קדשים,substituted,yes,wikipedia,קודשי קודשים,unreviewed,,substitution,wiki_substituted
ha-02779,ק״ק,בדרך כלל מתכוונים במונח זה לטיל ק״ק ארטילרי שנועד לפגוע במטרות אסטרטגיות מרוחקות.,קרקע-קרקע,ק״ק.02,קרקע-קרקע,weak,3,קרקע-קרקע | קהילת קודש | קודשי קדשים,substituted,yes,wikipedia,טיל קרקע-קרקע,unreviewed,,substitution,wiki_substituted
ha-02780,ק״ק,גם סוריה עשתה מאמץ לאורך השנים לבנות ארסנל של טילי ק״ק.,קרקע-קרקע,ק״ק.02,קרקע-קרקע,weak,3,קרקע-קרקע | קהילת קודש | קודשי קדשים,substituted,yes,wikipedia,טיל קרקע-קרקע,unreviewed,,substitution,wiki_substituted
ha-02781,ק״ק,השימוש המאסיבי ביותר בטילי ק״ק במזרח התיכון היה במהלך מלחמת איראן–עיראק.,קרקע-קרקע,ק״ק.02,קרקע-קרקע,weak,3,קרקע-קרקע | קהילת קודש | קודשי קדשים,substituted,yes,wikipedia,טיל קרקע-קרקע,unreviewed,,substitution,wiki_substituted
ha-02931,ר״ב,"אלכסנדר סוורוס ר״ב ניצחון וחזר לרומא, שם ערך את חגיגות הניצחון המסורתיות.",ראה בזאת,ר״ב.01,ראה בזאת,weak,2,ראה בזאת | רצוף בזאת,substituted,no,wikipedia,אלכסנדר סוורוס,unreviewed,,substitution,wiki_substituted
ha-02932,ר״ב,"החזון איש בירכו במילים ""עוד ינובון בשיבה"", והוא ר״ב רמז שעל אף גילו המבוגר (75) יאריך במשרתו.",ראה בזאת,ר״ב.01,ראה בזאת,weak,2,ראה בזאת | רצוף בזאת,substituted,no,wikipedia,אליהו לופיאן,unreviewed,,substitution,wiki_substituted
ha-02933,ר״ב,"ציבור הבוחרים ר״ב ניסיון מצד מפלגת העם להתחמק מהפסד בבחירות, שכן המפלגה חששה שהבוחרים יקשרו את הפיגועים במדריד עם תמיכתה בנוכחות הצבאית של ספרד בעיראק ולכן ""יענישו"" אותה בקלפיות.",ראה בזאת,ר״ב.01,ראה בזאת,weak,2,ראה בזאת | רצוף בזאת,substituted,no,wikipedia,חוסה לואיס רודריגס ספאטרו,unreviewed,,substitution,wiki_substituted
ha-03341,ת״י,"ב־1953, 30 שנה לאחר הקמת המעבדה, עוגן המכון בחוק והוכר כסמכות היחידה למתן ""תו ת״י"".",תקן ישראלי,ת״י.01,תקן ישראלי,weak,2,תקן ישראלי | תרג(ו)ם יונתן,substituted,no,wikipedia,מכון התקנים הישראלי,unreviewed,,substitution,wiki_substituted
ha-03342,ת״י,"ת״י קיים אך ורק ליציקת ברזל, נחושת וסגסוגות נחושת.",תקן ישראלי,ת״י.01,תקן ישראלי,weak,2,תקן ישראלי | תרג(ו)ם יונתן,substituted,no,wikipedia,פלדה,unreviewed,,substitution,wiki_substituted
ha-01143,חו״ז,חו״ז הם מונחים בסיסיים מתחום הנהלת החשבונות וחשבונאות.,חובה וזכות,חו״ז.01,חובה וזכות,weak,2,חובה וזכות | חייבים וזכאים,substituted,no,wikipedia,חובה וזכות,unreviewed,,substitution,wiki_substituted
ha-01144,חו״ז,"בהנהלת חשבונות, מאזן בּוֹחַן הוא גיליון עבודה שבו מפורטות היתרות של כל כרטיסי החשבון בספר החשבונות של ישות חשבונאית בעמודות של חו״ז.",חובה וזכות,חו״ז.01,חובה וזכות,weak,2,חובה וזכות | חייבים וזכאים,substituted,no,wikipedia,מאזן בוחן,unreviewed,,substitution,wiki_substituted
ha-01145,חו״ז,"במאזן מסוג זה, על כל זוג טורי חו״ז להיות בעל סיכומים שווים.",חובה וזכות,חו״ז.01,חובה וזכות,weak,2,חובה וזכות | חייבים וזכאים,substituted,no,wikipedia,מאזן בוחן,unreviewed,,substitution,wiki_substituted
ha-00530,בע״ד,"נאמר שמישהו הוא בע״ד מוטה, אם שיקול דעתו מושפע מהטיה עד לרמה שבה השקפותיו אינן יכולות להיתפס כנייטרליות או אובייקטיביות, אלא כסובייקטיביות.",בעל דעה,בע״ד.01,בעל דעה,weak,2,"בעל דעה | בעל דין, בעל דינו, בעל דיני",substituted,no,wikipedia,הטיה,unreviewed,,substitution,wiki_substituted
ha-00531,בע״ד,המיסיונר סמואל גובאט היה בע״ד שלילית לגביו והוא כתב ביומנו: הסקת המסקנות של גובאט התרחשה כנראה בגלל הפשיטה שביצעו חיילי הראס לגונדר ב-14 במאי 1830.,בעל דעה,בע״ד.01,בעל דעה,weak,2,"בעל דעה | בעל דין, בעל דינו, בעל דיני",substituted,no,wikipedia,"מאריה, צ'יף יג'ו",unreviewed,,substitution,wiki_substituted
ha-00532,בע״ד,"""רב סיינפלד"", חרדי אמריקני, הוא בע״ד נחרצת בגנות הסגירות שהשתלטה על החברה החרדית בישראל.",בעל דעה,בע״ד.01,בעל דעה,weak,2,"בעל דעה | בעל דין, בעל דינו, בעל דיני",substituted,no,wikipedia,עצור כאן חושבים,unreviewed,,substitution,wiki_substituted
ha-03251,תו״מ,"בפרשה זו ממשיך משה בנאום המרכזי בחומש דברים, הקורא לעם ישראל לשמור תו״מ ולהתיישב בארץ ישראל.",תורה ומצוות,תו״מ.01,תורה ומצוות,weak,3,תורה ומצוות | תרומות ומעשרות | תכף ומיד,substituted,yes,wikipedia,פרשת שופטים,unreviewed,,substitution,wiki_substituted
ha-03252,תו״מ,"הספר מעמיד במרכזו את העבודה על תיקון המידות, דהיינו על תכונות האדם והנהגותיו, כבסיס לחיי תו״מ.",תורה ומצוות,תו״מ.01,תורה ומצוות,weak,3,תורה ומצוות | תרומות ומעשרות | תכף ומיד,substituted,yes,wikipedia,אורחות צדיקים,unreviewed,,substitution,wiki_substituted
ha-03253,תו״מ,"פרס עמינח הוא פרס ספרותי המוענק מדי שנה ליוצרים, לסופרים, לחוקרים ולמשוררים בתחומים הנושקים לעולם הציונות הדתית על כלל היבטיו (תו״מ, ציונות, חלוציות, תורה ועבודה וכדומה).",תורה ומצוות,תו״מ.01,תורה ומצוות,weak,3,תורה ומצוות | תרומות ומעשרות | תכף ומיד,substituted,yes,wikipedia,פרס עמינח,unreviewed,,substitution,wiki_substituted
ha-03254,תו״מ,"סוללות החוף והקורבטות העות'מאניות שהוצבו בפתח המפרץ לא עשו כל ניסיון למנוע את כניסתם, אך אל קודרינגטון הגיע שליח מאת מוחארם ביי ובפיו הודעה, כי לא ניתנה לו הרשות להיכנס למפרץ ולכן עליו לעזוב תו״מ.",תכף ומיד,תו״מ.03,תכף ומיד,weak,3,תורה ומצוות | תרומות ומעשרות | תכף ומיד,substituted,yes,wikipedia,קרב נאווארינו,unreviewed,,substitution,wiki_substituted
ha-03255,תו״מ,"תו״מ הם קבוצת מצוות מהתורה המצריכות הפרשת חלקים מהיבול בארץ ישראל לטובת הכהנים, הלוויים, העניים ואף לצורך אכילה עצמית בטהרה בירושלים.",תרומות ומעשרות,תו״מ.02,תרומות ומעשרות,weak,3,תורה ומצוות | תרומות ומעשרות | תכף ומיד,substituted,yes,wikipedia,תרומות ומעשרות,unreviewed,,substitution,wiki_substituted
ha-03256,תו״מ,"אף שמדובר במצוות מדאורייתא, קיימת מחלוקת בין הראשונים האם, כיום, כשאין ""רוב יושביה עליה"" היינו כשרוב עם ישראל אינו בארץ ישראל, חיוב תו״מ הוא מדאורייתא או רק מדרבנן.",תרומות ומעשרות,תו״מ.02,תרומות ומעשרות,weak,3,תורה ומצוות | תרומות ומעשרות | תכף ומיד,substituted,yes,wikipedia,תרומות ומעשרות,unreviewed,,substitution,wiki_substituted
ha-03257,תו״מ,הפרשת תו״מ הכרחית לכשרות המאכל ולכן נטבעו מונחים שונים כדי להגדיר מזון ביחס לנושא זה: טבל - יבול אשר לא הופרשו ממנו תו״מ או חלק מהן והוא אסור באכילה.,תרומות ומעשרות,תו״מ.02,תרומות ומעשרות,weak,3,תורה ומצוות | תרומות ומעשרות | תכף ומיד,substituted,yes,wikipedia,תרומות ומעשרות,unreviewed,,substitution,wiki_substituted
ha-02622,פ״ע,"ב־2017 חשפה בתקשורת כיצד במהלך פגישה בביתו של אלכס גלעדי בשנת 1999, שליבנה סברה שהיא פ״ע, חשף בפניה גלעדי את איבר מינו.",פגישת עבודה,פ״ע.01,פגישת עבודה,weak,4,פגישת עבודה | פועל עומד | פונקציה עצמית | פה עירנו,substituted,yes,wikipedia,נרי ליבנה,unreviewed,,substitution,wiki_substituted
ha-02623,פ״ע,"בניסיון התנקשות זה חוסלו שבעה מאנשיו של מורן, בעת שערכו פ״ע.",פגישת עבודה,פ״ע.01,פגישת עבודה,weak,4,פגישת עבודה | פועל עומד | פונקציה עצמית | פה עירנו,substituted,yes,wikipedia,אל קפונה,unreviewed,,substitution,wiki_substituted
ha-02624,פ״ע,ב-3 בפברואר 1997 נפגשו שוב נתניהו וערפאת בכנס הפורום הכלכלי העולמי בדאבוס וסיכמו על עריכת פ״ע ליישום ההסכם שבוע אחר כך במחסום ארז.,פגישת עבודה,פ״ע.01,פגישת עבודה,weak,4,פגישת עבודה | פועל עומד | פונקציה עצמית | פה עירנו,substituted,yes,wikipedia,הסכם חברון,unreviewed,,substitution,wiki_substituted
ha-02625,פ״ע,"במתמטיקה, פ״ע של העתקה ליניארית D המוגדרת על מרחב פונקציות כלשהו היא כל פונקציה f, שאינה פונקציית האפס במרחב זה, שכאשר מופעלת על ידי ההעתקה D, היא רק מוכפלת בסקלר, המכונה ערך עצמי.",פונקציה עצמית,פ״ע.02,פונקציה עצמית,weak,4,פגישת עבודה | פועל עומד | פונקציה עצמית | פה עירנו,substituted,yes,wikipedia,פונקציה עצמית,unreviewed,,substitution,wiki_substituted
ha-02626,פ״ע,"כלומר, הפונקציה f היא פ״ע של D, אם היא מקיימת את המשוואה Df = λf, כאשר λ הוא סקלר.} כאמור לעיל, פתרונות המשוואה עשויים להיות כפופים לתנאי שפה.",פונקציה עצמית,פ״ע.02,פונקציה עצמית,weak,4,פגישת עבודה | פועל עומד | פונקציה עצמית | פה עירנו,substituted,yes,wikipedia,פונקציה עצמית,unreviewed,,substitution,wiki_substituted
ha-02627,פ״ע,"הפתרון שלה, הפונקציה המעריכית f ( t ) = f 0 e λ t , {\displaystyle f(t)=f_{0}e^{\lambda t},} הוא פ״ע של אופרטור הנגזרת, כאשר f0 הוא פרמטר התלוי בתנאי הגבול.",פונקציה עצמית,פ״ע.02,פונקציה עצמית,weak,4,פגישת עבודה | פועל עומד | פונקציה עצמית | פה עירנו,substituted,yes,wikipedia,פונקציה עצמית,unreviewed,,substitution,wiki_substituted
ha-02628,פ״ע,"גם פ״ע יכול לקבל מושא פנימי, ולמעשה הוא מאפיין בעיקר פעלים עומדים.",פועל עומד,פ״ע.03,פועל עומד,weak,4,פגישת עבודה | פועל עומד | פונקציה עצמית | פה עירנו,substituted,yes,wikipedia,מושא,unreviewed,,substitution,wiki_substituted
ha-02629,פ״ע,מי שעמד על ההבדל בין פ״ע ופועל יוצא הוא דונש בן לברט.,פועל עומד,פ״ע.03,פועל עומד,weak,4,פגישת עבודה | פועל עומד | פונקציה עצמית | פה עירנו,substituted,yes,wikipedia,פועל עומד,unreviewed,,substitution,wiki_substituted
ha-02630,פ״ע,"- פ״ע חסר מפעיל, מופעל עצמו - אנאקוזטיבי לעומת פועל יוצא: אני נותן את זה להם משם.",פועל עומד,פ״ע.03,פועל עומד,weak,4,פגישת עבודה | פועל עומד | פונקציה עצמית | פה עירנו,substituted,yes,wikipedia,פועל עומד,unreviewed,,substitution,wiki_substituted
ha-03345,ת״ע,"דוח עשוי לכלול גם ת״ע, תקציר, סיכום, נספחים, הערות שוליים, קישורים, סימוכין וביבליוגרפיה.",תוכן עניינים,ת״ע.01,תוכן עניינים,weak,4,תוכנית עבודה | תוכן עניינים | תיק עבודה | תורה ועבודה (בני עקיבא),substituted,yes,wikipedia,דוח,unreviewed,,substitution,wiki_substituted
ha-03346,ת״ע,"כבר לספריו של יוסף בן מתתיהו קדמוניות היהודים ומלחמת היהודים עם הרומאים נוסף ת״ע, כמו גם לאנציקלופדיה המקיפה תולדות הטבע (או חקר הטבע) פרי עטו של פליניוס הזקן, שניהם במאה הראשונה לספירה.",תוכן עניינים,ת״ע.01,תוכן עניינים,weak,4,תוכנית עבודה | תוכן עניינים | תיק עבודה | תורה ועבודה (בני עקיבא),substituted,yes,wikipedia,תוכן העניינים,unreviewed,,substitution,wiki_substituted
ha-03347,ת״ע,"ת״ע מפורט יש הטוענים שתוכן העניינים חייב לספק יותר מאשר מידע ראשוני על מבנה הספר, ולאפשר גם התמצאות בפרטים המרכיבים את הספר, ולכן עליו להכיל גם את פרטי כל הסעיפים שלהם נחלק כל פרק.",תוכן עניינים,ת״ע.01,תוכן עניינים,weak,4,תוכנית עבודה | תוכן עניינים | תיק עבודה | תורה ועבודה (בני עקיבא),substituted,yes,wikipedia,תוכן העניינים,unreviewed,,substitution,wiki_substituted
ha-03348,ת״ע,עיקרה של תורה מסוימת או של ת״ע מסוימת (תורות ותוכניות עשויות להכיל מספר רעיונות מרכזיים).,תוכנית עבודה,ת״ע.02,תוכנית עבודה,weak,4,תוכנית עבודה | תוכן עניינים | תיק עבודה | תורה ועבודה (בני עקיבא),substituted,yes,wikipedia,רעיון,unreviewed,,substitution,wiki_substituted
ha-03349,ת״ע,"בניית ת״ע פרטנית תקופתית - על סמך המידע שנאסף, בתיאום עם התלמיד ומשפחתו וגורמים רלוונטיים בבית הספר.",תוכנית עבודה,ת״ע.02,תוכנית עבודה,weak,4,תוכנית עבודה | תוכן עניינים | תיק עבודה | תורה ועבודה (בני עקיבא),substituted,yes,wikipedia,הוראה מתקנת,unreviewed,,substitution,wiki_substituted
ha-03350,ת״ע,בדיקה ומעקב מתמידים ושיטתיים - שמטרתם הסופית היא לבנות ת״ע פרטנית מעודכנת לתקופה הבאה.,תוכנית עבודה,ת״ע.02,תוכנית עבודה,weak,4,תוכנית עבודה | תוכן עניינים | תיק עבודה | תורה ועבודה (בני עקיבא),substituted,yes,wikipedia,הוראה מתקנת,unreviewed,,substitution,wiki_substituted
ha-03351,ת״ע,"בתום הלימוד מגיש כל תלמיד באופן עצמאי, ""ת״ע"" ובו ""יומן אישי"", הכולל תיאור מפורט של משימתו בהפקה, בעיות שנתקל בהן וביקורת על תהליך העבודה ועל ההפקה.",תיק עבודה,ת״ע.03,תיק עבודה,weak,4,תוכנית עבודה | תוכן עניינים | תיק עבודה | תורה ועבודה (בני עקיבא),substituted,yes,wikipedia,אשל הנשיא,unreviewed,,substitution,wiki_substituted
ha-03352,ת״ע,"היא חוזרת לחייה במהלך ת״ע, שחושף רגשות סותרים רבים עבור שתיהן.",תיק עבודה,ת״ע.03,תיק עבודה,weak,4,תוכנית עבודה | תוכן עניינים | תיק עבודה | תורה ועבודה (בני עקיבא),substituted,yes,wikipedia,רוקי בלו,unreviewed,,substitution,wiki_substituted
ha-00897,ד״מ,"בהלכה, ד״מ הם תחום נרחב של חוקים העוסקים בנושאים שיש להם משמעות כלכלית.",דיני ממונות,ד״מ.03,דיני ממונות,weak,3,דיני ממונות | דרך משל | דצימטר,substituted,yes,wikipedia,דיני ממונות,unreviewed,,substitution,wiki_substituted
ha-00898,ד״מ,"ב-30 באפריל 2004, לאחר קרוב לעשרים שנות עבודה, הוצג לציבור תזכיר חוק ד״מ.",דיני ממונות,ד״מ.03,דיני ממונות,weak,3,דיני ממונות | דרך משל | דצימטר,substituted,yes,wikipedia,הצעת חוק דיני ממונות,unreviewed,,substitution,wiki_substituted
ha-00899,ד״מ,"ליטר הוא יחידת מידה מקובלת לנפח בשיטה המטרית, השווה לנפחה של קובייה שאורך מקצועה ד״מ.",דצימטר,ד״מ.01,דצימטר,weak,3,דיני ממונות | דרך משל | דצימטר,substituted,yes,wikipedia,ליטר,unreviewed,,substitution,wiki_substituted
ha-00900,ד״מ,הגדרה מחודשת זו שינתה את נפחו של הליטר כך שנפחו יהא 1.000028 ד״מ מעוקב לערך (עבודות עיוניות מוקדמות יותר מעריכות אותו בדרך כלל על 1.000027 ד״מ מעוקב).,דצימטר,ד״מ.01,דצימטר,weak,3,דיני ממונות | דרך משל | דצימטר,substituted,yes,wikipedia,ליטר,unreviewed,,substitution,wiki_substituted
ha-00901,ד״מ,"ד״מ מעוקב (dm³): אלפית (1/1,000) של מטר מעוקב, או 1 ליטר.",דצימטר,ד״מ.01,דצימטר,weak,3,דיני ממונות | דרך משל | דצימטר,substituted,yes,wikipedia,מטר מעוקב,unreviewed,,substitution,wiki_substituted
ha-00902,ד״מ,"ד״מ, אדם הממציא תרופה למחלת הסרטן מתגבר על חוסר האונים של המין האנושי מולה ומפצה על הנחיתות האוניברסלית.",דרך משל,ד״מ.02,דרך משל,weak,3,דיני ממונות | דרך משל | דצימטר,substituted,yes,wikipedia,פסיכולוגיה אינדיבידואלית,unreviewed,,substitution,wiki_substituted
ha-00903,ד״מ,והעניין על ד״מ שיהא נזכר באהבת השם תמיד כזיכרון החושק תכלית החשק בחשוקתו היום שישיג להביאה אל ביתו.,דרך משל,ד״מ.02,דרך משל,weak,3,דיני ממונות | דרך משל | דצימטר,substituted,yes,wikipedia,אהבת ה',unreviewed,,substitution,wiki_substituted
ha-00904,ד״מ,"לשון פיוטיו דומה ללשון הפיוט הקדום, והוא משתמש, ד״מ, בכינויים רבים ובלשון נופל על לשון.",דרך משל,ד״מ.02,דרך משל,weak,3,דיני ממונות | דרך משל | דצימטר,substituted,yes,wikipedia,ברוך בן שמואל,unreviewed,,substitution,wiki_substituted
ha-00107,אח״י,על חייל אשר עולה על אח״י עליה מונף דגל חיל הים חלה חובת הצדעה לדגל.,אניית חיל הים,אח״י.01,אניית חיל הים,weak,2,אניית חיל הים | אחזקה יבשה,substituted,no,wikipedia,דגל חיל הים הישראלי,unreviewed,,substitution,wiki_substituted
ha-00108,אח״י,הוא מודיע לה על משימה עיתונאית - לסקר ביקור של אח״י הברזילאי.,אניית חיל הים,אח״י.01,אניית חיל הים,weak,2,אניית חיל הים | אחזקה יבשה,substituted,no,wikipedia,"אחותי איילין (סרט, 1955)",unreviewed,,substitution,wiki_substituted
ha-00635,ב״ו,שופטים ב״ו היא סדרת טלוויזיה דוקומנטרית ישראלית של כאן 11 משנת 2021.,בשר ודם,ב״ו.01,בשר ודם,weak,2,בשר ודם | בדיל ויעבור (מסדר תפילת הסליחות),substituted,no,wikipedia,שופטים בשר ודם,unreviewed,,substitution,wiki_substituted
ha-00636,ב״ו,"השופטים נראים בחוזקתם ובחולשתם, עומדים מאחורי פסיקות מסוימות ומודים בטעותם על פסיקות אחרות, וזה מה שמבקשת הסדרה להנכיח - שופטים ב״ו.",בשר ודם,ב״ו.01,בשר ודם,weak,2,בשר ודם | בדיל ויעבור (מסדר תפילת הסליחות),substituted,no,wikipedia,שופטים בשר ודם,unreviewed,,substitution,wiki_substituted
ha-00637,ב״ו,"אמנות פלאונטולוגית: איורים וציורים של השלד המלא של בעל החיים וכן איך היה נראה כשהיה חי (""ב״ו"").",בשר ודם,ב״ו.01,בשר ודם,weak,2,בשר ודם | בדיל ויעבור (מסדר תפילת הסליחות),substituted,no,wikipedia,פלאונטולוגיה,unreviewed,,substitution,wiki_substituted
ha-02366,עד״מ,"אם אותו שותף הוא עד״מ, שהובטחה לו טובת הנאה בתמורה לעדותו, נדרשת תוספת ראייתית חזקה יותר (סיוע).",עד מדינה,עד״מ.01,עד מדינה,weak,2,עד מדינה | על דרך משל,substituted,yes,wikipedia,דיני הראיות,unreviewed,,substitution,wiki_substituted
ha-02367,עד״מ,"על סמך רציונל זה נקבע בפסיקה כי תידרש תוספת ראייתית שבין חיזוק לסיוע, על פי הנסיבות, גם במקרה של אדם הסבור שתינתן לו טובת הנאה תמורת עדותו, אף אם אינו עד״מ בפועל.",עד מדינה,עד״מ.01,עד מדינה,weak,2,עד מדינה | על דרך משל,substituted,yes,wikipedia,דיני הראיות,unreviewed,,substitution,wiki_substituted
ha-02368,עד״מ,"לפי גישת מנשה וגרונר ראיה ""בעייתית"" או ""חלשה"" כגון הודיה בנסיבות מסוימות, עדות עד״מ, היא ראיה מפלילה שאינה יוצרת חסם להשערת חפות.",עד מדינה,עד״מ.01,עד מדינה,weak,2,עד מדינה | על דרך משל,substituted,yes,wikipedia,דיני הראיות,unreviewed,,substitution,wiki_substituted
ha-02369,עד״מ,"לדבריו, המקדש או השמים נקראו כך עד״מ, ואין באמת דבר בעולם שיכול לשאת את אלוהים, שכן הוא עצמו מכיל ומהווה את העולם כולו.",על דרך משל,עד״מ.02,על דרך משל,weak,2,עד מדינה | על דרך משל,substituted,yes,wikipedia,כיסא הכבוד,unreviewed,,substitution,wiki_substituted
ha-02370,עד״מ,והעניין עד״מ שיהא נזכר באהבת השם תמיד כזיכרון החושק תכלית החשק בחשוקתו היום שישיג להביאה אל ביתו.,על דרך משל,עד״מ.02,על דרך משל,weak,2,עד מדינה | על דרך משל,substituted,yes,wikipedia,אהבת ה',unreviewed,,substitution,wiki_substituted
ha-01389,יר״ש,"לעולם יהא אדם הוא קטע בתפילה, הפותח במילים: ""לעולם יהא אדם יר״ש בסתר"".",ירא שמים,יר״ש.01,ירא שמים,weak,2,יראת שמים | ירא שמים,substituted,yes,wikipedia,לעולם יהא אדם,unreviewed,,substitution,wiki_substituted
ha-01390,יר״ש,"נענה הראשון ושאל: אומר אני שהוא יר״ש, ואתה אומר שבן תורה הוא!?",ירא שמים,יר״ש.01,ירא שמים,weak,2,יראת שמים | ירא שמים,substituted,yes,wikipedia,רבי סימון,unreviewed,,substitution,wiki_substituted
ha-01391,יר״ש,"ביהדות (ובעקבותיה גם בשימוש יומיומי), כאשר משתמשים במונח הכוונה היא גם לאדם שהוא יר״ש, מתנהג בחסידות ומדקדק במצוות.",ירא שמים,יר״ש.01,ירא שמים,weak,2,יראת שמים | ירא שמים,substituted,yes,wikipedia,צדיק,unreviewed,,substitution,wiki_substituted
ha-01392,יר״ש,"באופן רחב יותר, משמש הביטוי ""יר״ש"" לתיאור המחויבות של האדם כלפי אלוהים.",יראת שמים,יר״ש.02,יראת שמים,weak,2,יראת שמים | ירא שמים,substituted,yes,wikipedia,יראת השם,unreviewed,,substitution,wiki_substituted
ha-01393,יר״ש,"פסולים לעדות, לפי שאין מתעסקין ביישובו של עולם ואין בהם יר״ש"".",יראת שמים,יר״ש.02,יראת שמים,weak,2,יראת שמים | ירא שמים,substituted,yes,wikipedia,יראת השם,unreviewed,,substitution,wiki_substituted
ha-01394,יר״ש,"יש בספר פרקים עבור למעלה מ-20 מידות, וכן על הנהגות בסיסיות כגון לימוד תורה, יר״ש ותשובה.",יראת שמים,יר״ש.02,יראת שמים,weak,2,יראת שמים | ירא שמים,substituted,yes,wikipedia,אורחות צדיקים,unreviewed,,substitution,wiki_substituted
ha-03049,שע״ח,שע״ח נייד נקבע על ידי המוכרים והקונים בשוק.,שער חליפין,שע״ח.01,שער חליפין,weak,2,שעת חירום | שער חליפין,substituted,yes,wikipedia,מטבע חוץ,unreviewed,,substitution,wiki_substituted
ha-03050,שע״ח,"לעיתים מונהג גם שע״ח קבוע, הנקבע על ידי גוף ממשלתי מוסמך.",שער חליפין,שע״ח.01,שער חליפין,weak,2,שעת חירום | שער חליפין,substituted,yes,wikipedia,מטבע חוץ,unreviewed,,substitution,wiki_substituted
ha-03051,שע״ח,לפרנק CFA שע״ח קבוע ביחס לאירו: 100 פרנק CFA שווים ל-0.152449 אירו (שוויו של פרנק צרפתי אחד בעת המעבר ליורו).,שער חליפין,שע״ח.01,שער חליפין,weak,2,שעת חירום | שער חליפין,substituted,yes,wikipedia,פרנק CFA,unreviewed,,substitution,wiki_substituted
ha-03052,שע״ח,במקביל לשטף של התקנת תקנות שע״ח נמשכה ההתמודדות בהוראות שעה שבמסגרת הסמכויות הרגילות שבחקיקה.,שעת חירום,שע״ח.02,שעת חירום,weak,2,שעת חירום | שער חליפין,substituted,yes,wikipedia,תקנות שעת חירום למאבק בנגיף הקורונה,unreviewed,,substitution,wiki_substituted
ha-03053,שע״ח,"תקנות שע״ח החילו הסכם זה על כל המעסיקים במגזר הציבורי, וכן נקבעו בהן כללים להחלפתו של עובד חיוני נעדר בעובד אחר.",שעת חירום,שע״ח.02,שעת חירום,weak,2,שעת חירום | שער חליפין,substituted,yes,wikipedia,תקנות שעת חירום למאבק בנגיף הקורונה,unreviewed,,substitution,wiki_substituted
ha-03054,שע״ח,"בתחילת אפריל 2020 העביר היועץ המשפטי לממשלה, אביחי מנדלבליט, חוות דעת לראש הממשלה, לשר המשפטים ולמזכיר הממשלה, לפיה יש להעדיף חקיקה רגילה בכנסת על פני התקנת תקנות שע״ח.",שעת חירום,שע״ח.02,שעת חירום,weak,2,שעת חירום | שער חליפין,substituted,yes,wikipedia,תקנות שעת חירום למאבק בנגיף הקורונה,unreviewed,,substitution,wiki_substituted
ha-02358,ס״ס,"למשל: ""ספק אם הטלפון שבור או שהוא תוקן, וגם אם הוא מתוקן, ספק אם הוא מחובר או לא""; כיוון שהאפשרות שהטלפון פעיל מוטלת בשני ספקות, האפשרות שהטלפון פעיל היא ס״ס.",ספק ספיקא,ס״ס.01,ספק ספיקא,weak,3,סוף-סוף | סוף סימן־ | ספק ספיקא,substituted,no,wikipedia,ספק (הלכה),unreviewed,,substitution,wiki_substituted
ha-02359,ס״ס,"גם בדינים שחיובם הוא מהתורה, אין לחשוש ולהחמיר כשיש ס״ס.",ספק ספיקא,ס״ס.01,ספק ספיקא,weak,3,סוף-סוף | סוף סימן־ | ספק ספיקא,substituted,no,wikipedia,ספק (הלכה),unreviewed,,substitution,wiki_substituted
ha-02360,ס״ס,"לעומת זאת, במצב של ס״ס להחמיר, כלומר: כאשר יש שתי סיבות להחמיר ושתיהן מוטלות בספק, גם בדינים דרבנן יש להחמיר.",ספק ספיקא,ס״ס.01,ספק ספיקא,weak,3,סוף-סוף | סוף סימן־ | ספק ספיקא,substituted,no,wikipedia,ספק (הלכה),unreviewed,,substitution,wiki_substituted
ha-00905,ד״נ,"בנובמבר 2014 יצא לאור ספרו הראשון של עמית ""ד״נ פריז – רמלה"" בהוצאת הדובדבן.",דואר נע,ד״נ.01,דואר נע,weak,3,דיון נוסף | דיני נפשות | דואר נע,substituted,yes,wikipedia,עמית חיו,unreviewed,,substitution,wiki_substituted
ha-00906,ד״נ,"מנהלי הדואר ביקשו להרחיב את השירות גם למקומות יישוב קטנים יותר, ולהנהיג בכפרי הגדה המערבית שירות של ד״נ.",דואר נע,ד״נ.01,דואר נע,weak,3,דיון נוסף | דיני נפשות | דואר נע,substituted,yes,wikipedia,חותמות דואר ברשות הפלסטינית,unreviewed,,substitution,wiki_substituted
ha-00907,ד״נ,"כוונת הרשות הפלסטינית הייתה להפעיל מבית הדואר של רמאללה שני קווים של ד״נ, והיא הכינה עבורם חותמות מתאימות, שנקראו בשמות ""ד״נ 1"" ו-""ד״נ 2"".",דואר נע,ד״נ.01,דואר נע,weak,3,דיון נוסף | דיני נפשות | דואר נע,substituted,yes,wikipedia,חותמות דואר ברשות הפלסטינית,unreviewed,,substitution,wiki_substituted
ha-00908,ד״נ,"בנוסף, כיוון שלנשיא בית המשפט העליון יש סמכות להרחיב את המותב או לאשר קיומו של ד״נ, בפועל יש לו השפעה רבה על הפסיקה בכלל ההרכבים בבית המשפט העליון.",דיון נוסף,ד״נ.02,דיון נוסף,weak,3,דיון נוסף | דיני נפשות | דואר נע,substituted,yes,wikipedia,נשיא בית המשפט העליון,unreviewed,,substitution,wiki_substituted
ha-00909,ד״נ,"ד״נ עוסק בשאלה האם מעשה קנין שתוקן על ידי חכמים ותקפו רק מדרבנן, יהווה קנין גם לגבי דינים מדאורייתא מכח הפקר בית דין, כך שאפשר יהיה למשל לקדש בו אישה.",דיון נוסף,ד״נ.02,דיון נוסף,weak,3,דיון נוסף | דיני נפשות | דואר נע,substituted,yes,wikipedia,הפקר בית דין הפקר,unreviewed,,substitution,wiki_substituted
ha-00910,ד״נ,"ד״נ ישנו בתלמוד האם חיוב חצי נזק הוא ממון או קנס, ונפסק להלכה שחצי נזק הוא קנס.",דיון נוסף,ד״נ.02,דיון נוסף,weak,3,דיון נוסף | דיני נפשות | דואר נע,substituted,yes,wikipedia,נזקי בהמה,unreviewed,,substitution,wiki_substituted
ha-00911,ד״נ,"דינים אלה, העוסקים בגזר דין מוות, נקראים ""ד״נ"".",דיני נפשות,ד״נ.03,דיני נפשות,weak,3,דיון נוסף | דיני נפשות | דואר נע,substituted,yes,wikipedia,ארבע מיתות בית דין,unreviewed,,substitution,wiki_substituted
ha-00912,ד״נ,"ההבדלים שבדרכי הדין נשנות בפרק ד ממסכת סנהדרין: בית הדין – שלא כדיני ממונות, שדינם מסור לשלושה דיינים ואפילו אינם סמוכים, ד״נ נידונים בערכאה משפטית של 23 דיינים מומחים וסמוכים.",דיני נפשות,ד״נ.03,דיני נפשות,weak,3,דיון נוסף | דיני נפשות | דואר נע,substituted,yes,wikipedia,ארבע מיתות בית דין,unreviewed,,substitution,wiki_substituted
ha-00913,ד״נ,"ד״נ מיוחדים כזקן ממרא, נביא שקר, עיר הנידחת סמכות הפסיקה היא בידי הסנהדרין הגדולה שבירושלים.",דיני נפשות,ד״נ.03,דיני נפשות,weak,3,דיון נוסף | דיני נפשות | דואר נע,substituted,yes,wikipedia,ארבע מיתות בית דין,unreviewed,,substitution,wiki_substituted
ha-01634,מג״ל,"מג״ל נוסד בעזרתו של הפילנתרופ היהודי לודוויג יסלזון, ואף נקרא על שמו.",המכון הגבוה לתורה,מג״ל.01,המכון הגבוה לתורה,weak,7,המכון הגבוה לתורה | מביא גאולה לעולם | מגל (בעבר מערך גיבוי לחימה) | שם עט של גיורא לשם | מיליגרם לליטר (mg/L) | מנה ג' לשבטים (שם משפחה של שבט לוי) | מרכז גמילה ליפתא,substituted,no,wikipedia,המכון הגבוה לתורה,unreviewed,,substitution,wiki_substituted
ha-01635,מג״ל,בשנת יסודו מנה מג״ל 15 תלמידים; כיום הוא מונה מעל 350 תלמידים.,המכון הגבוה לתורה,מג״ל.01,המכון הגבוה לתורה,weak,7,המכון הגבוה לתורה | מביא גאולה לעולם | מגל (בעבר מערך גיבוי לחימה) | שם עט של גיורא לשם | מיליגרם לליטר (mg/L) | מנה ג' לשבטים (שם משפחה של שבט לוי) | מרכז גמילה ליפתא,substituted,no,wikipedia,המכון הגבוה לתורה,unreviewed,,substitution,wiki_substituted
ha-01636,מג״ל,החל מ־2012 הוא מתגורר בלוד ומלמד בבית המדרש של מג״ל שבאוניברסיטת בר-אילן.,המכון הגבוה לתורה,מג״ל.01,המכון הגבוה לתורה,weak,7,המכון הגבוה לתורה | מביא גאולה לעולם | מגל (בעבר מערך גיבוי לחימה) | שם עט של גיורא לשם | מיליגרם לליטר (mg/L) | מנה ג' לשבטים (שם משפחה של שבט לוי) | מרכז גמילה ליפתא,substituted,no,wikipedia,מיכאל אברהם,unreviewed,,substitution,wiki_substituted
ha-01637,מג״ל,"למד גם אצל רבי חנינא בר חמא, והוא מביא בשמו את המשפט ""כל האומר דבר בשם אומרו מג״ל"".",מביא גאולה לעולם,מג״ל.02,מביא גאולה לעולם,weak,7,המכון הגבוה לתורה | מביא גאולה לעולם | מגל (בעבר מערך גיבוי לחימה) | שם עט של גיורא לשם | מיליגרם לליטר (mg/L) | מנה ג' לשבטים (שם משפחה של שבט לוי) | מרכז גמילה ליפתא,substituted,no,wikipedia,רבי אלעזר בן פדת,unreviewed,,substitution,wiki_substituted
ha-01321,יהב״י,"בניו: הרב ברוך ייטלס, מחבר הספר ""טעם המלך""; גוטליב ייטלס; הבלשן והמזרחן יהב״י ויצחק ייטלס.",יהודה ייטלס,יהב״י.02,יהודה ייטלס,weak,2,יקותיאל הכהן | יהודה ייטלס,substituted,no,wikipedia,יונה מיכל ייטלס,unreviewed,,substitution,wiki_substituted
ha-01322,יהב״י,"לספר הסכמות מאת שבעה מרבני ירושלים, וביניהם הרב יעקב אלגאזי, הרב דוד יהב״י ועוד.",יקותיאל הכהן,יהב״י.01,יקותיאל הכהן,weak,2,יקותיאל הכהן | יהודה ייטלס,substituted,no,wikipedia,דוד חזן,unreviewed,,substitution,wiki_substituted
ha-01323,יהב״י,"בין היוצאים מן הכלל ניתן למנות את רבי יהב״י שספרו ""עין הקורא"", שנועד להורות את אופן קריאת המילים בצורה הנכונה בקריאת התורה, מהווה מילון מקראי.",יקותיאל הכהן,יהב״י.01,יקותיאל הכהן,weak,2,יקותיאל הכהן | יהודה ייטלס,substituted,no,wikipedia,מילון עברי,unreviewed,,substitution,wiki_substituted
ha-01002,הרה״ג,"אם מאוזכר בעיתון רב בעל מעמד או נושא משרה תורנית נכבדה יוצמד לשמו התואר ""הגאון רבי""; משרה תורנית זוטרה - ""הרה״ג רבי"".",הרב הגאון,הרה״ג.01,הרב הגאון,weak,2,הרב הגאון | הרבנים הגאונים,substituted,no,wikipedia,יתד נאמן,unreviewed,,substitution,wiki_substituted
ha-01003,הרה״ג,היה מקורב במיוחד עם הרה״ג הרב אברהם שפירא והרב עובדיה יוסף ועם הרבי מגור.,הרבנים הגאונים,הרה״ג.02,הרבנים הגאונים,weak,2,הרב הגאון | הרבנים הגאונים,substituted,no,wikipedia,רפאל יעקב מן רקובסקי,unreviewed,,substitution,wiki_substituted
ha-03278,תע״ל,"כיום ניתן למצוא מערכות תע״ל לא רק במטוסי קרב, אלא גם במסוקי קרב, מטוסי תובלה ונוסעים, ובמכוניות (כמו בקדילאק Imaj).",תצוגה עילית,תע״ל.01,תצוגה עילית,weak,2,תצוגה עילית | תנועה ערבית להתחדשות,substituted,no,wikipedia,תצוגה עילית,unreviewed,,substitution,wiki_substituted
ha-03279,תע״ל,"במשך העשור האחרון, שולבו גם כוונות קסדה מתקדמות, כאשר הקרנת הנתונים הווירטואלית מתבצעת באמצעות משקף הקסדה ולא באמצעות ""תע״ל"".",תצוגה עילית,תע״ל.01,תצוגה עילית,weak,2,תצוגה עילית | תנועה ערבית להתחדשות,substituted,no,wikipedia,מציאות רבודה,unreviewed,,substitution,wiki_substituted
ha-03280,תע״ל,"ברוב היישומים, הדיוק הזוויתי בשיטה זו פחות טוב מאשר בעת ההצגה על גבי תע״ל ויתרון השיטה הוא בעיקר בעובדה שהיא מאפשרת תצוגה כמעט כדורית, ולכן יכולה לתמוך בהרבה יותר מצבי ירי.",תצוגה עילית,תע״ל.01,תצוגה עילית,weak,2,תצוגה עילית | תנועה ערבית להתחדשות,substituted,no,wikipedia,מציאות רבודה,unreviewed,,substitution,wiki_substituted
ha-03188,ש״פ,"שַׁבַּת שִׁירָה היא ש״פ בשלח, שבה מופיעה שירת הים ששרו בני ישראל על נס קריעת ים סוף.",שבת פרשת,ש״פ.01,שבת פרשת,weak,4,שושן פורים | שם פרטי | שבת פרשת | שווה פרוטה,substituted,yes,wikipedia,שבת שירה,unreviewed,,substitution,wiki_substituted
ha-03189,ש״פ,"ש״פ דברים, השבת שלפני תשעה באב – שבת חזון, על שם ההפטרה.",שבת פרשת,ש״פ.01,שבת פרשת,weak,4,שושן פורים | שם פרטי | שבת פרשת | שווה פרוטה,substituted,yes,wikipedia,אב,unreviewed,,substitution,wiki_substituted
ha-03190,ש״פ,"ש״פ ואתחנן, השבת שלאחר תשעה באב – שבת נחמו, על שם ההפטרה.",שבת פרשת,ש״פ.01,שבת פרשת,weak,4,שושן פורים | שם פרטי | שבת פרשת | שווה פרוטה,substituted,yes,wikipedia,אב,unreviewed,,substitution,wiki_substituted
ha-03191,ש״פ,ערך הנמוך מכך לא קיים מבחינה הלכתית (אם כי ניתן לצרף מספר חפצים כאלה על מנת לקבל ערך של ש״פ).,שווה פרוטה,ש״פ.02,שווה פרוטה,weak,4,שושן פורים | שם פרטי | שבת פרשת | שווה פרוטה,substituted,yes,wikipedia,פרוטה (מטבע עתיק),unreviewed,,substitution,wiki_substituted
ha-03192,ש״פ,"ולמרות שיש הרבה פירות, מותר לפדותם על ש״פ.",שווה פרוטה,ש״פ.02,שווה פרוטה,weak,4,שושן פורים | שם פרטי | שבת פרשת | שווה פרוטה,substituted,yes,wikipedia,נטע רבעי,unreviewed,,substitution,wiki_substituted
ha-03193,ש״פ,"בזמן שבית המקדש היה קיים, לכתחילה היה צריך לפדות את קדושת הפירות על פירות או מטבע בשווי הפירות, ורק בדיעבד אם כבר חילל על מטבע או פירות שיש בהם ש״פ, הפדיון חל.",שווה פרוטה,ש״פ.02,שווה פרוטה,weak,4,שושן פורים | שם פרטי | שבת פרשת | שווה פרוטה,substituted,yes,wikipedia,פדיון (הלכה),unreviewed,,substitution,wiki_substituted
ha-03194,ש״פ,"ביאורו: בסוג ההפסקה של ""זטו"" (שנים בהן יוצא פורים משולש), במקומות בהם נחגג ש״פ, קוראים בשבת זו למפטיר את הקריאה לפורים (ויבוא עמלק) ובהפטרה קוראים שנית את הפטרת שבת זכור.",שושן פורים,ש״פ.04,שושן פורים,weak,4,שושן פורים | שם פרטי | שבת פרשת | שווה פרוטה,substituted,yes,wikipedia,ארבע פרשיות,unreviewed,,substitution,wiki_substituted
ha-03195,ש״פ,"ש״פ הוא שם המייחד את הפרט בקרב משפחתו, לעומת שם משפחה אותו חולקים כל בני המשפחה.",שם פרטי,ש״פ.03,שם פרטי,weak,4,שושן פורים | שם פרטי | שבת פרשת | שווה פרוטה,substituted,yes,wikipedia,שם פרטי,unreviewed,,substitution,wiki_substituted
ha-03196,ש״פ,זכותו של הילד לקבל ש״פ מעוגנת בסעיף 7 של אמנת זכויות הילד וסעיף 8 לאותה אמנה מחייב את המדינה לכבד את זכות הילד לשמו.,שם פרטי,ש״פ.03,שם פרטי,weak,4,שושן פורים | שם פרטי | שבת פרשת | שווה פרוטה,substituted,yes,wikipedia,שם פרטי,unreviewed,,substitution,wiki_substituted
ha-03197,ש״פ,"באירופה אצל היהודים היה נהוג להצמיד ש״פ נוסף ביידיש ואף בעברית לשמות תנ""כים, על פי הברכה התנ""כית.",שם פרטי,ש״פ.03,שם פרטי,weak,4,שושן פורים | שם פרטי | שבת פרשת | שווה פרוטה,substituted,yes,wikipedia,שם פרטי,unreviewed,,substitution,wiki_substituted
ha-02742,קק״צ,חלק מההכשרות השונות מתבצעות במסגרת קק״צ במערך ההדרכה למודיעין וסייבר.,קורס קדם צבאי,קק״צ.02,קורס קדם צבאי,weak,2,קורס קצינים | קורס קדם צבאי,substituted,no,wikipedia,חיל המודיעין,unreviewed,,substitution,wiki_substituted
ha-02743,קק״צ,"חוזרים לשירות מקבלים לעיתים דרגות ייצוג זמניות, אך מחויבים להשלים קק״צ רגיל תוך זמן קצר מחזרתם לשירות כדי להיחשב כקצינים מן המניין.",קורס קצינים,קק״צ.01,קורס קצינים,weak,2,קורס קצינים | קורס קדם צבאי,substituted,no,wikipedia,קורס קצינים,unreviewed,,substitution,wiki_substituted
ha-02744,קק״צ,בתחילת שנות ה-2000 החלה מגמת קק״צ אחוד – גברים ונשים העוברים יחדיו את הקורס תוך הקפדה על השילוב הראוי.,קורס קצינים,קק״צ.01,קורס קצינים,weak,2,קורס קצינים | קורס קדם צבאי,substituted,no,wikipedia,קורס קצינים,unreviewed,,substitution,wiki_substituted
ha-02745,קק״צ,באפריל 2018 נפתח קק״צ הראשון לחיילי מילואים.,קורס קצינים,קק״צ.01,קורס קצינים,weak,2,קורס קצינים | קורס קדם צבאי,substituted,no,wikipedia,קורס קצינים,unreviewed,,substitution,wiki_substituted
ha-00751,גד״ש,"בשטחו פועל מפעל ""טירת צבי"" לעיבוד מוצרי בשר, מדגה, מטע תמרים, גד״ש ולולים.",גידולי שדה,גד״ש.01,גידולי שדה,weak,2,גידולי שדה | גידולי שמואל,substituted,yes,wikipedia,טירת צבי,unreviewed,,substitution,wiki_substituted
ha-00752,גד״ש,"חברי הקיבוץ עוסקים בעיקר בחקלאות, הכוללת גד״ש, גידול עופות למאכל ורפתות להפקת חלב.",גידולי שדה,גד״ש.01,גידולי שדה,weak,2,גידולי שדה | גידולי שמואל,substituted,yes,wikipedia,עלומים (קיבוץ),unreviewed,,substitution,wiki_substituted
ha-00753,גד״ש,"שטחו של הקיבוץ והשטחים החקלאיים סביבו הוא כ־7,000 דונם, ועוד כ־4,000 דונם הם שטחי גד״ש באזור הקיבוצים אורים - צאלים.",גידולי שדה,גד״ש.01,גידולי שדה,weak,2,גידולי שדה | גידולי שמואל,substituted,yes,wikipedia,עלומים (קיבוץ),unreviewed,,substitution,wiki_substituted
ha-00754,גד״ש,"הוא התגורר בשכונת מאה שערים, ולימד בישיבת עץ חיים שהייתה אז בעיר העתיקה, שיעוריו היו עיקר מפעלו התורני ומהם הדפיס מאוחר יותר את סדרת ספריו ""גד״ש"".",גידולי שמואל,גד״ש.02,גידולי שמואל,weak,2,גידולי שדה | גידולי שמואל,substituted,yes,wikipedia,שמואל גדליה ניימן,unreviewed,,substitution,wiki_substituted
ha-00755,גד״ש,"ספריו ""גד״ש"" על מסכתות בבא קמא, בבא מציעא, ובבא בתרא התפרסמו כבר בחייו בעולם הישיבות בישראל ובארצות הברית, וזכו לכמה מהדורות.",גידולי שמואל,גד״ש.02,גידולי שמואל,weak,2,גידולי שדה | גידולי שמואל,substituted,yes,wikipedia,שמואל גדליה ניימן,unreviewed,,substitution,wiki_substituted
ha-01522,כ״ע,"מזמור זה נחשב למיוחד, והאבן עזרא כ״ע ש""זה המזמור נכבד מאוד בדרכי השם, ואין באלה החמשה ספרים מזמור כמוהו"".",כתב עליו,כ״ע.01,כתב עליו,weak,3,"כתב עת | כתב עליו | כולי עלמא (כֻּלֵּי עָלְמָא, כל העולם)",substituted,yes,wikipedia,"תהילים קל""ט",unreviewed,,substitution,wiki_substituted
ha-01523,כ״ע,"המספר התפרסם בקרב חובבי המתמטיקה לאחר שמרטין גרדנר כ״ע בטור הפופולרי שלו Mathematical Games בירחון ""סיינטיפיק אמריקן"" בנובמבר 1977.",כתב עליו,כ״ע.01,כתב עליו,weak,3,"כתב עת | כתב עליו | כולי עלמא (כֻּלֵּי עָלְמָא, כל העולם)",substituted,yes,wikipedia,מספר גרהאם,unreviewed,,substitution,wiki_substituted
ha-01524,כ״ע,"במקום אחר כ״ע שבח גדול: ”מעין המתגבר, עמוד העולם אשר באורו נראה אור”.",כתב עליו,כ״ע.01,כתב עליו,weak,3,"כתב עת | כתב עליו | כולי עלמא (כֻּלֵּי עָלְמָא, כל העולם)",substituted,yes,wikipedia,"רשב""א",unreviewed,,substitution,wiki_substituted
ha-01525,כ״ע,"כ״ע או מגזין הוא עיתון היוצא בדרך כלל, בתדירות קבועה ולפחות אחת לשנה בדפוס או באופן אלקטרוני.",כתב עת,כ״ע.02,כתב עת,weak,3,"כתב עת | כתב עליו | כולי עלמא (כֻּלֵּי עָלְמָא, כל העולם)",substituted,yes,wikipedia,כתב עת,unreviewed,,substitution,wiki_substituted
ha-01526,כ״ע,"קָתֶדְרָה לתולדות ארץ ישראל ויישובה הוא כ״ע לתולדות ארץ ישראל ויישובה, היוצא לאור ארבע פעמים בשנה (רבעון) מטעם 'המכון לחקר ארץ ישראל ויישובה', שביד יצחק בן-צבי.",כתב עת,כ״ע.02,כתב עת,weak,3,"כתב עת | כתב עליו | כולי עלמא (כֻּלֵּי עָלְמָא, כל העולם)",substituted,yes,wikipedia,קתדרה (כתב עת),unreviewed,,substitution,wiki_substituted
ha-01527,כ״ע,"רחל ינאית (אלמנתו של יצחק בן-צבי) שמינתה אותו לתפקיד, ופרופ' בנימין מזר, קרוב משפחה וארכאולוג בכיר באוניברסיטה העברית כעסו על כתב העת החדש, מאחר שציפו מבן פורת להפיק כ״ע למורשת יצחק בן-צבי דווקא.",כתב עת,כ״ע.02,כתב עת,weak,3,"כתב עת | כתב עליו | כולי עלמא (כֻּלֵּי עָלְמָא, כל העולם)",substituted,yes,wikipedia,קתדרה (כתב עת),unreviewed,,substitution,wiki_substituted
ha-03261,תמ״א,הוראות תמ״א על־פי חוק התכנון והבנייה הן: ייעוד הקרקע ושימושה תוך שמירה על ייעוד חקלאי של קרקעות המתאימות לכך.,תוכנית מתאר ארצית,תמ״א.01,תוכנית מתאר ארצית,weak,2,תוכנית מתאר ארצית | תוספת מכסת אחוזים,substituted,no,wikipedia,תוכנית מתאר ארצית,unreviewed,,substitution,wiki_substituted
ha-03262,תמ״א,תמ״א מוגשת על ידי המועצה הארצית לתכנון ובנייה לממשלת ישראל שאחראית על אישורה.,תוכנית מתאר ארצית,תמ״א.01,תוכנית מתאר ארצית,weak,2,תוכנית מתאר ארצית | תוספת מכסת אחוזים,substituted,no,wikipedia,תכנון ובנייה בישראל,unreviewed,,substitution,wiki_substituted
ha-03263,תמ״א,"כאשר נערכת ומאושרת תמ״א, בוחן מוסד התכנון הרלוונטי את תוכניות המתאר הארציות החלות, ולפיהן הוא יודע אילו הגבלות חלות על הכנת תוכנית המתאר המחוזית.",תוכנית מתאר ארצית,תמ״א.01,תוכנית מתאר ארצית,weak,2,תוכנית מתאר ארצית | תוספת מכסת אחוזים,substituted,no,wikipedia,תכנון ובנייה בישראל,unreviewed,,substitution,wiki_substituted
ha-02895,רע״מ,"רע״מ, מפלגה ערבית ישראלית שנוסדה במהלך הכנסת השמינית.",הרשימה הערבית המאוחדת,רע״מ.01,הרשימה הערבית המאוחדת,weak,5,הרשימה הערבית המאוחדת | ריצודי עיניים מהירים | רקטה עתירת משקל | הרשימה הערבית המאוחדת (הכנסת השמינית) | רענון ערכות מגן,substituted,yes,wikipedia,הרשימה הערבית המאוחדת (הכנסת השמינית),unreviewed,,substitution,wiki_substituted
ha-02896,רע״מ,"בבחירות לכנסת התשיעית, במאי 1977, זכתה רע״מ רק במנדט אחד והוחלט לקיים רוטציה על מנת לאפשר לכל שלושת הנציגים לכהן בכנסת.",הרשימה הערבית המאוחדת,רע״מ.01,הרשימה הערבית המאוחדת,weak,5,הרשימה הערבית המאוחדת | ריצודי עיניים מהירים | רקטה עתירת משקל | הרשימה הערבית המאוחדת (הכנסת השמינית) | רענון ערכות מגן,substituted,yes,wikipedia,הרשימה הערבית המאוחדת (הכנסת השמינית),unreviewed,,substitution,wiki_substituted
ha-02897,רע״מ,"ביוני 1976 נפרדה המפלגה מהמערך, ובמרץ 1977 התאחדה עם הרשימה הערבית לבדואים ולכפריים והקימה את רע״מ.",הרשימה הערבית המאוחדת,רע״מ.01,הרשימה הערבית המאוחדת,weak,5,הרשימה הערבית המאוחדת | ריצודי עיניים מהירים | רקטה עתירת משקל | הרשימה הערבית המאוחדת (הכנסת השמינית) | רענון ערכות מגן,substituted,yes,wikipedia,קידמה ופיתוח,unreviewed,,substitution,wiki_substituted
ha-02898,רע״מ,"בנוסף לכך, גבר חווה בממוצע 3–7 זקפות בלילה, שמשך כל אחת מהן כחצי שעה, ומקורן בשנת רע״מ, המתאפיינת בעיכוב הפרשת נוראדרנלין באזור מסוים בגזע המוח, מה שמוביל לזקפה.",ריצודי עיניים מהירים,רע״מ.02,ריצודי עיניים מהירים,weak,5,הרשימה הערבית המאוחדת | ריצודי עיניים מהירים | רקטה עתירת משקל | הרשימה הערבית המאוחדת (הכנסת השמינית) | רענון ערכות מגן,substituted,yes,wikipedia,זקפה,unreviewed,,substitution,wiki_substituted
ha-02899,רע״מ,"ייתכנו רע״מ, נעילת לסת, חריקת שיניים, דפיקות לב, רעד, הזעה מוגברת וצמרמורות.",ריצודי עיניים מהירים,רע״מ.02,ריצודי עיניים מהירים,weak,5,הרשימה הערבית המאוחדת | ריצודי עיניים מהירים | רקטה עתירת משקל | הרשימה הערבית המאוחדת (הכנסת השמינית) | רענון ערכות מגן,substituted,yes,wikipedia,MDMA,unreviewed,,substitution,wiki_substituted
ha-02900,רע״מ,"בורכאן (בערבית: بركان, בתעתיק מדויק: בֻּרְכַּאן, בעברית: ""הר געש"") היא רע״מ קצרת טווח המיוצרת על ידי חזבאללה ונמצאת בשימושו.",רקטה עתירת משקל,רע״מ.03,רקטה עתירת משקל,weak,5,הרשימה הערבית המאוחדת | ריצודי עיניים מהירים | רקטה עתירת משקל | הרשימה הערבית המאוחדת (הכנסת השמינית) | רענון ערכות מגן,substituted,yes,wikipedia,בורכאן (רקטה),unreviewed,,substitution,wiki_substituted
ha-01798,מזל״ט,"לפעמים משתמשים במילה ""מזל"" כחלק מביטוי או צמד מילים, לפעמים בקשר חיובי כמו למשל ""מזל״ט"", שהוא ביטוי שמשתמשים בו כברכה לאדם בעל אירוע משמח כמו יום הולדת או חתונה.",מזל טוב,מזל״ט.01,מזל טוב,weak,2,מזל טוב | מטוז זעיר ללא טייס,substituted,no,wikipedia,מזל,unreviewed,,substitution,wiki_substituted
ha-01799,מזל״ט,"המילה ""מזל"" עשויה לציין הן אירועים חיוביים (""מזל״ט"") והן שליליים (""מזל רע""), אך בעברית החדשה יש לה קונוטציה חיובית חזקה, ולמילה ""מזל"" לבדה יש משמעות חיובית על פי רוב.",מזל טוב,מזל״ט.01,מזל טוב,weak,2,מזל טוב | מטוז זעיר ללא טייס,substituted,no,wikipedia,מזל,unreviewed,,substitution,wiki_substituted
ha-01800,מזל״ט,את הקביעה הזו מקובל לייחס גם למסורת היהודית המייחסת ליום זה מזל״ט במיוחד.,מזל טוב,מזל״ט.01,מזל טוב,weak,2,מזל טוב | מטוז זעיר ללא טייס,substituted,no,wikipedia,יום שלישי,unreviewed,,substitution,wiki_substituted
ha-03381,ת״ת,עזרת תורה (מוכר גם כאגודת ת״ת; או כיום: עזרת תורה של אמריקה בישראל) הוא ארגון שהוקם למען רווחתם של בני הישיבות וסיוע להם בחייהם האישיים בעיקר בצד הכספי והכלכלי.,תומכי תורה,ת״ת.01,תומכי תורה,weak,4,תלמוד תורה | תרומה תצוה | תומכי תורה | השנה ה-800 במניין השנים העבריות,substituted,yes,wikipedia,עזרת תורה (ארגון),unreviewed,,substitution,wiki_substituted
ha-03382,ת״ת,"בסיום המלחמה חזר לבגדאד והחל לשמש כראש ישיבת ""ת״ת"".",תומכי תורה,ת״ת.01,תומכי תורה,weak,4,תלמוד תורה | תרומה תצוה | תומכי תורה | השנה ה-800 במניין השנים העבריות,substituted,yes,wikipedia,סלמן חוגי עבודי,unreviewed,,substitution,wiki_substituted
ha-03383,ת״ת,"למד מספר שנים בבית חותנו, ואחר כך הוסיף להשתלם בתורה בקיבוץ האברכים ""ת״ת."" נסמך לרבנות גם על ידי הרבנים רבי חיים יהודה ליב ליטווין מסמורגון ורבי משה שמואל שפירא מבוברויסק.",תומכי תורה,ת״ת.01,תומכי תורה,weak,4,תלמוד תורה | תרומה תצוה | תומכי תורה | השנה ה-800 במניין השנים העבריות,substituted,yes,wikipedia,שמעון יעקב גליקסברג,unreviewed,,substitution,wiki_substituted
ha-03384,ת״ת,ת״ת הוא מוסד ללימודי קודש לילדים בקהילה היהודית המסורתית.,תלמוד תורה,ת״ת.02,תלמוד תורה,weak,4,תלמוד תורה | תרומה תצוה | תומכי תורה | השנה ה-800 במניין השנים העבריות,substituted,yes,wikipedia,תלמוד תורה,unreviewed,,substitution,wiki_substituted
ha-03385,ת״ת,במטרה לעודד תעסוקה בציבור החרדי משרד החינוך מקים מסגרות חינוכיות שגם הן מכונות לעיתים ת״ת אך בהן ניתן דגש על עמידה בתוכנית הליבה.,תלמוד תורה,ת״ת.02,תלמוד תורה,weak,4,תלמוד תורה | תרומה תצוה | תומכי תורה | השנה ה-800 במניין השנים העבריות,substituted,yes,wikipedia,תלמוד תורה,unreviewed,,substitution,wiki_substituted
ha-03386,ת״ת,ישנם מוסדות לגיל היסודי המשלבים בתוכם ת״ת לבנים עם בית חינוך תורני לבנות.,תלמוד תורה,ת״ת.02,תלמוד תורה,weak,4,תלמוד תורה | תרומה תצוה | תומכי תורה | השנה ה-800 במניין השנים העבריות,substituted,yes,wikipedia,תלמוד תורה,unreviewed,,substitution,wiki_substituted
ha-00571,ב״א,"""ב״א"" הוא שיר של הזמרת ירדנה ארזי והנציג של ישראל לאירוויזיון 1988 שנערך באותה שנה בדבלין בירת אירלנד.",בן אדם,ב״א.01,בן אדם,weak,3,בן אדם | ב' אֲלָפִים | בּוֹגֵר אוּנִיבֶרְסִיטָה,substituted,no,wikipedia,בן אדם (שיר של ירדנה ארזי),unreviewed,,substitution,wiki_substituted
ha-00572,ב״א,"ישראל השתתפה באירוויזיון 1988 עם השיר ב״א בביצוע של ירדנה ארזי בעיר דבלין, בירת אירלנד.",בן אדם,ב״א.01,בן אדם,weak,3,בן אדם | ב' אֲלָפִים | בּוֹגֵר אוּנִיבֶרְסִיטָה,substituted,no,wikipedia,ישראל באירוויזיון 1988,unreviewed,,substitution,wiki_substituted
ha-00573,ב״א,"את מדינת ישראל ייצגה ירדנה ארזי עם השיר ""ב״א"", שזכה ב-85 נקודות וסיים את התחרות במקום השביעי.",בן אדם,ב״א.01,בן אדם,weak,3,בן אדם | ב' אֲלָפִים | בּוֹגֵר אוּנִיבֶרְסִיטָה,substituted,no,wikipedia,אירוויזיון 1988,unreviewed,,substitution,wiki_substituted
ha-00060,אג״ס,סעיף 1 לחוק מגדיר מהי אג״ס: גוף הנבחר על ידי הסטודנטים בהתאם להוראות החוק.,אגודת סטודנטים,אג״ס.01,אגודת סטודנטים,weak,3,"אגודת סטודנטים | אזור גאוגרפי-סטטיסטי | איתור, גילוי, סימון",substituted,no,wikipedia,אגודת סטודנטים,unreviewed,,substitution,wiki_substituted
ha-00061,אג״ס,"Kadima Wien) הייתה אג״ס יהודים שנוסדה בווינה ב-25 באוקטובר 1882 על ידי נתן בירנבוים, ראובן בירר, פרץ סמולנסקין ומשה שנירר.",אגודת סטודנטים,אג״ס.01,אגודת סטודנטים,weak,3,"אגודת סטודנטים | אזור גאוגרפי-סטטיסטי | איתור, גילוי, סימון",substituted,no,wikipedia,קדימה (אגודת סטודנטים),unreviewed,,substitution,wiki_substituted
ha-02706,קמ״א,"עם סיום לימודיו חוזר העתודאי לשירות פעיל, יוצא לקורס קצינים או משובץ ביחידתו בתור קמ״א ומשלים את שירותו הסדיר.",קצין מקצועי אקדמי,קמ״א.01,קצין מקצועי אקדמי,weak,2,קורס מפקדי איסוף | קצין מקצועי אקדמי,substituted,no,wikipedia,העתודה האקדמית,unreviewed,,substitution,wiki_substituted
ha-01940,מק״ג,רעיל ביותר ומסוכן מאוד לטיפול - מיליגרם או אף מק״ג מהחומר מסוגלים לפלוט קרינה קטלנית.,מיקרוגרם,מק״ג.01,מיקרוגרם,weak,2,מקראות גדולות | מיקרוגרם,substituted,yes,wikipedia,פולוניום,unreviewed,,substitution,wiki_substituted
ha-01941,מק״ג,היסוד נדיר מאוד בטבע ונמצא בעפרות אורניום בכמות של 100 מק״ג לטון עפרה.,מיקרוגרם,מק״ג.01,מיקרוגרם,weak,2,מקראות גדולות | מיקרוגרם,substituted,yes,wikipedia,פולוניום,unreviewed,,substitution,wiki_substituted
ha-01942,מק״ג,"התקן הישראלי לחומר חלקיקי נשים (RSP - Respirable Particles) הוא 300 מק״ג למטר מעוקב לשלוש שעות, 200 מק״ג למטר מעוקב ליממה ו־75 מק״ג למטר מעוקב לשנה.",מיקרוגרם,מק״ג.01,מיקרוגרם,weak,2,מקראות גדולות | מיקרוגרם,substituted,yes,wikipedia,חומר חלקיקי,unreviewed,,substitution,wiki_substituted
ha-01943,מק״ג,במסגרת מפעל זה יצאה מהדורת יסוד חדשה של מק״ג.,מקראות גדולות,מק״ג.02,מקראות גדולות,weak,2,מקראות גדולות | מיקרוגרם,substituted,yes,wikipedia,מקראות גדולות,unreviewed,,substitution,wiki_substituted
ha-01944,מק״ג,"ב""מק״ג הכתר"" (ראו לעיל), נדפסו הערות המסורה כפי שכתבם בן-אשר בכתר ארם צובא.",מקראות גדולות,מק״ג.02,מקראות גדולות,weak,2,מקראות גדולות | מיקרוגרם,substituted,yes,wikipedia,מקראות גדולות,unreviewed,,substitution,wiki_substituted
ha-01945,מק״ג,במהדורת מק״ג הכתר הובאו המסורה הקטנה והמסורה הגדולה על פי כתר ארם צובא.,מקראות גדולות,מק״ג.02,מקראות גדולות,weak,2,מקראות גדולות | מיקרוגרם,substituted,yes,wikipedia,מקראות גדולות,unreviewed,,substitution,wiki_substituted
ha-00515,בנ״ע,"לכן, למרות השונות הגדולה שבין בנ״ע, ניתן להכליל ולומר כי נוער גאה עשוי להיות נתון לסיכון גבוה, למצוקה וללחצים רבים.",בני נוער,בנ״ע.01,בני נוער,weak,2,בני נוער | בני עקיבא,substituted,yes,wikipedia,התבגרות,unreviewed,,substitution,wiki_substituted
ha-00516,בנ״ע,מסע בנ״ע לפולין הוא מן הפעילויות המרכזיות במערכת החינוך בישראל סביב הוראת השואה.,בני נוער,בנ״ע.01,בני נוער,weak,2,בני נוער | בני עקיבא,substituted,yes,wikipedia,מסע בני נוער לפולין,unreviewed,,substitution,wiki_substituted
ha-00517,בנ״ע,"ב-1988 התקיים ""מצעד החיים"" הראשון אשר נוסד על ידי אברהם הירשזון, ומאז גובש נוהל מסודר במשרד החינוך, ואלפי בנ״ע יוצאים במסגרתו מדי שנה.",בני נוער,בנ״ע.01,בני נוער,weak,2,בני נוער | בני עקיבא,substituted,yes,wikipedia,מסע בני נוער לפולין,unreviewed,,substitution,wiki_substituted
ha-00518,בנ״ע,"בנ״ע היא תנועת נוער ציונית־דתית בין־לאומית, הדוגלת בערכי תורה ועבודה.",בני עקיבא,בנ״ע.02,בני עקיבא,weak,2,בני נוער | בני עקיבא,substituted,yes,wikipedia,בני עקיבא,unreviewed,,substitution,wiki_substituted
ha-00519,בנ״ע,בנ״ע בישראל היא תנועת הנוער המרכזית של הציבור הדתי לאומי בישראל ותנועת הנוער הגדולה בישראל.,בני עקיבא,בנ״ע.02,בני עקיבא,weak,2,בני נוער | בני עקיבא,substituted,yes,wikipedia,בני עקיבא,unreviewed,,substitution,wiki_substituted
ha-00520,בנ״ע,בעקבות הפיצול הוקמו סניפי בנ״ע עם הפרדה בין בנים לבנות.,בני עקיבא,בנ״ע.02,בני עקיבא,weak,2,בני נוער | בני עקיבא,substituted,yes,wikipedia,בני עקיבא,unreviewed,,substitution,wiki_substituted
ha-02691,קו״ח,"קו״ח היא שפה רשמית במדינות רבות: ארצות הברית, הממלכה המאוחדת, אירלנד, קנדה, ניו זילנד, מלטה, הודו, פקיסטן, הפיליפינים, סינגפור, ובמספר מדינות באפריקה, באמריקה הלטינית ובאיי אוקיאניה.",אנגלית,קו״ח.01,אנגלית,weak,5,אנגלית | קורות חיים | קל וחומר | קול חתן | קודם חורבן,substituted,yes,wikipedia,אנגלית,unreviewed,,substitution,wiki_substituted
ha-02692,קו״ח,"על־פי הערכות, יש בעולם בין 500 מיליון ל־1.8 מיליארד דוברי קו״ח ברמה כלשהי, בין כשפת אם או כשפה שנייה.",אנגלית,קו״ח.01,אנגלית,weak,5,אנגלית | קורות חיים | קל וחומר | קול חתן | קודם חורבן,substituted,yes,wikipedia,אנגלית,unreviewed,,substitution,wiki_substituted
ha-02693,קו״ח,"מתוכם, בין 300 ל־450 מיליוני בני אדם מדברים קו״ח כשפת אם.",אנגלית,קו״ח.01,אנגלית,weak,5,אנגלית | קורות חיים | קל וחומר | קול חתן | קודם חורבן,substituted,yes,wikipedia,אנגלית,unreviewed,,substitution,wiki_substituted
ha-02694,קו״ח,מסמך קו״ח נפוץ במיוחד בתחום התעסוקתי – הוא נשלח על ידי אדם למעסיקים פוטנציאליים ומאפשר להם להעריך את מידת ההתאמה של המועמד להעסקה.,קורות חיים,קו״ח.02,קורות חיים,weak,5,אנגלית | קורות חיים | קל וחומר | קול חתן | קודם חורבן,substituted,yes,wikipedia,קורות חיים,unreviewed,,substitution,wiki_substituted
ha-02695,קו״ח,"קו״ח משמשים גם אנשים המעוניינים להציג עצמם בפני ציבור כלשהו, לדוגמה, אישיות פוליטית בפני ציבור בוחריה, סופר בפני קוראיו, וכדומה.",קורות חיים,קו״ח.02,קורות חיים,weak,5,אנגלית | קורות חיים | קל וחומר | קול חתן | קודם חורבן,substituted,yes,wikipedia,קורות חיים,unreviewed,,substitution,wiki_substituted
ha-02696,קו״ח,סינון המועמדים הגדול ביותר על ידי המעסיק נעשה בשלב זה - ישנן משרות להן מתקבלות מאות קו״ח.,קורות חיים,קו״ח.02,קורות חיים,weak,5,אנגלית | קורות חיים | קל וחומר | קול חתן | קודם חורבן,substituted,yes,wikipedia,קורות חיים,unreviewed,,substitution,wiki_substituted
ha-02697,קו״ח,"לעיתים, כדי לציין קו״ח חזק במיוחד משתמשים בביטוי קו״ח בן בנו של קו״ח, למרות שהמשמעות המקורית של ביטוי זה היא דווקא ""קו״ח"" חלש, מאחר שמקור ההשוואה עצמו נלמד ב""קו״ח"".",קל וחומר,קו״ח.03,קל וחומר,weak,5,אנגלית | קורות חיים | קל וחומר | קול חתן | קודם חורבן,substituted,yes,wikipedia,קל וחומר,unreviewed,,substitution,wiki_substituted
ha-02698,קו״ח,"הכלל של ""דיו"" תקף גם לגבי הדין שמהווה את הצד החמור המאפשר לימוד של קו״ח.",קל וחומר,קו״ח.03,קל וחומר,weak,5,אנגלית | קורות חיים | קל וחומר | קול חתן | קודם חורבן,substituted,yes,wikipedia,קל וחומר,unreviewed,,substitution,wiki_substituted
ha-02699,קו״ח,"כלומר, לא ניתן ללמוד בעזרת קו״ח דין יותר חמור מאשר הדין שנושאו הוכרז כחמור יותר.",קל וחומר,קו״ח.03,קל וחומר,weak,5,אנגלית | קורות חיים | קל וחומר | קול חתן | קודם חורבן,substituted,yes,wikipedia,קל וחומר,unreviewed,,substitution,wiki_substituted
ha-00984,הנ״ל,כתב היד של היצירה אבוד כיום והיא מופיעה בכתב ידו של מוצרט בקטלוג הנ״ל בלבד.,הנזכר לעיל,הנ״ל.01,הנזכר לעיל,weak,3,הנזכר לעיל | הנראה למעלה | הנזכר למטה,substituted,yes,wikipedia,סונאטה לפסנתר מס' 16 של מוצרט,unreviewed,,substitution,wiki_substituted
ha-00985,הנ״ל,"המרכז למחקר במדעי־הרוח על־שם רנסום, אשר מחזיק בבעלות על התצלום כיום, כפוף להסכם עם גרנשהיים, שלפיו אין לספק כל רפרודוקציה אחרת של ההליוגרפיה של נייפס מלבד ציור־המים הנ״ל.",הנזכר לעיל,הנ״ל.01,הנזכר לעיל,weak,3,הנזכר לעיל | הנראה למעלה | הנזכר למטה,substituted,yes,wikipedia,נוף מחלון בלה-גרא,unreviewed,,substitution,wiki_substituted
ha-00986,הנ״ל,"המקום נבחר מאותם השיקולים של שכנות טובה, והוא מתכתב עם פרויקט מצר-מסר הנ״ל, שנערך 50 שנה לפניו.",הנזכר לעיל,הנ״ל.01,הנזכר לעיל,weak,3,הנזכר לעיל | הנראה למעלה | הנזכר למטה,substituted,yes,wikipedia,מייסר,unreviewed,,substitution,wiki_substituted
ha-00987,הנ״ל,"בעבר היו ככל הנ״ל משני מיליון דובים שחורים אמריקניים באמריקה הצפונית; הערכות בשנות ה-80 של המאה ה-20 הניחו שמספרם מתחת ל-200,000.",הנראה למעלה,הנ״ל.02,הנראה למעלה,weak,3,הנזכר לעיל | הנראה למעלה | הנזכר למטה,substituted,yes,wikipedia,דוב שחור אמריקני,unreviewed,,substitution,wiki_substituted
ha-00988,הנ״ל,"אף על פי שהקושי לזהות פיתונים מקשה לאמוד את גודל האוכלוסייה, רוב החוקרים מציעים שלפחות 30,000 וככל הנ״ל מ-300,000 פיתונים כבר מצויים בדרום פלורידה, וכי אוכלוסייה זו רק תמשיך לגדול.",הנראה למעלה,הנ״ל.02,הנראה למעלה,weak,3,הנזכר לעיל | הנראה למעלה | הנזכר למטה,substituted,yes,wikipedia,פיתונים בורמזיים בפלורידה,unreviewed,,substitution,wiki_substituted
ha-00989,הנ״ל,"הקובץ כלל פתיחה, אחרית דבר וככל הנ״ל מ-100 חוקים, שרק 25 מתוכם ניתנים לקריאה.",הנראה למעלה,הנ״ל.02,הנראה למעלה,weak,3,הנזכר לעיל | הנראה למעלה | הנזכר למטה,substituted,yes,wikipedia,חוקי ליפית-אשתר,unreviewed,,substitution,wiki_substituted
ha-00045,אג״ם,"מפקד אג״ם הוא ראש האגף, קצין בדרגת אלוף.",אגף המבצעים,אג״ם.01,אגף המבצעים,weak,3,אגף המבצעים | אגף המטה | אגף המטה הכללי,substituted,yes,wikipedia,אגף המבצעים,unreviewed,,substitution,wiki_substituted
ha-00046,אג״ם,בשנת 2007 הוקם בית ספר של אג״ם ונקלט מדור ביקורת גבולות.,אגף המבצעים,אג״ם.01,אגף המבצעים,weak,3,אגף המבצעים | אגף המטה | אגף המטה הכללי,substituted,yes,wikipedia,אגף מבצעים ושיטור,unreviewed,,substitution,wiki_substituted
ha-00047,אג״ם,בשנים 2011–2012 מוזג אג״ם עם אגף משמר אזרחי.,אגף המבצעים,אג״ם.01,אגף המבצעים,weak,3,אגף המבצעים | אגף המטה | אגף המטה הכללי,substituted,yes,wikipedia,אגף מבצעים ושיטור,unreviewed,,substitution,wiki_substituted
ha-00048,אג״ם,"בשנת 2016 מונה לראש אג״ם האחראי על בניין הכוח של שירות הביטחון הכללי ובשנת 2018 מונה לסגנו של ראש השירות, נדב ארגמן.",אגף המטה,אג״ם.02,אגף המטה,weak,3,אגף המבצעים | אגף המטה | אגף המטה הכללי,substituted,yes,wikipedia,רונן בר,unreviewed,,substitution,wiki_substituted
ha-00049,אג״ם,"צפריר כץ (נולד ב-1964) הוא מהנדס ואיש מערכת הביטחון הישראלית בדימוס, כיהן כראש אגף הטכנולוגיה וכראש אג״ם בשירות הביטחון הכללי.",אגף המטה,אג״ם.02,אגף המטה,weak,3,אגף המבצעים | אגף המטה | אגף המטה הכללי,substituted,yes,wikipedia,צפריר כץ,unreviewed,,substitution,wiki_substituted
ha-00050,אג״ם,ב-2008 יצא ללימודי תואר שני במנהל עסקים באוניברסיטת תל אביב וב-2010 חזר לארגון ומונה לראש אג״ם תפקיד בו כיהן עד 2012.,אגף המטה,אג״ם.02,אגף המטה,weak,3,אגף המבצעים | אגף המטה | אגף המטה הכללי,substituted,yes,wikipedia,צפריר כץ,unreviewed,,substitution,wiki_substituted
ha-00051,אג״ם,"בספטמבר 1973, ערב מלחמת יום הכיפורים מונה לעוזר ראש אג״ם.",אגף המטה הכללי,אג״ם.03,אגף המטה הכללי,weak,3,אגף המבצעים | אגף המטה | אגף המטה הכללי,substituted,yes,wikipedia,אריה לוי (קצין),unreviewed,,substitution,wiki_substituted
ha-00052,אג״ם,"באפריל 1958 מונה לראש אגף ההדרכה, ובאוקטובר אותה שנה לראש אג״ם בדרגת אלוף.",אגף המטה הכללי,אג״ם.03,אגף המטה הכללי,weak,3,אגף המבצעים | אגף המטה | אגף המטה הכללי,substituted,yes,wikipedia,מאיר זורע,unreviewed,,substitution,wiki_substituted
ha-00053,אג״ם,"בשנת 1956 נתמנה לראש מחלקת מבצעים במטה הכללי ובהמשך לעוזר ראש אג״ם, תפקיד בו שירת במבצע קדש.",אגף המטה הכללי,אג״ם.03,אגף המטה הכללי,weak,3,אגף המבצעים | אגף המטה | אגף המטה הכללי,substituted,yes,wikipedia,עוזי נרקיס,unreviewed,,substitution,wiki_substituted
ha-03206,ש״ק,"""ש״ק"" של שלמה קאליש מחסידות בעלז ""משוך"" של משה וורצברגר, הופיע באלבום ""לשם שמים"" של יעקב שוואקי ""ויהיו רחמיך"", אלי ביר.",שבת קודש,ש״ק.01,שבת קודש,weak,3,שבת קודש | שליח קודש | שנת קציר,substituted,no,wikipedia,יה אכסוף,unreviewed,,substitution,wiki_substituted
ha-00075,אה״ק,"התגבשות אה״ק או ההיכל כמקום אחסון קבוע של ספרי התורה החלה בגולה במאה השלישית, ובארץ ישראל במאה הרביעית.",ארון הקודש,אה״ק.01,ארון הקודש,weak,3,ארץ הקודש | ארון הקודש | אוסילטור הרמוני קוונטי,substituted,yes,wikipedia,ארון קודש,unreviewed,,substitution,wiki_substituted
ha-00076,אה״ק,"גולת הכותרת של ממצאי החפירה באום אל קנאטר הייתה ""היכלית"" - אה״ק מפואר, בצמוד לקיר החזית הדרומית הפונה לירושלים.",ארון הקודש,אה״ק.01,ארון הקודש,weak,3,ארץ הקודש | ארון הקודש | אוסילטור הרמוני קוונטי,substituted,yes,wikipedia,ארון קודש,unreviewed,,substitution,wiki_substituted
ha-00077,אה״ק,החל מהמאה ה-16 צורת אה״ק נעשית דומה לארון פשוט.,ארון הקודש,אה״ק.01,ארון הקודש,weak,3,ארץ הקודש | ארון הקודש | אוסילטור הרמוני קוונטי,substituted,yes,wikipedia,ארון קודש,unreviewed,,substitution,wiki_substituted
ha-00078,אה״ק,"המונח ""אה״ק"" מתייחס בדרך כלל לשטח המתאים בערך לשטחי מדינת ישראל ומה שנקרא הרשות הפלסטינית המודרניות.",ארץ הקודש,אה״ק.02,ארץ הקודש,weak,3,ארץ הקודש | ארון הקודש | אוסילטור הרמוני קוונטי,substituted,yes,wikipedia,ארץ הקודש,unreviewed,,substitution,wiki_substituted
ha-00079,אה״ק,"קדושת הארץ כיעד לעלייה לרגל נוצרית תרמה לפתיחת מסעי הצלב, שכן הנוצרים באירופה ביקשו לכבוש בחזרה את אה״ק מידי המוסלמים, שכבשו אותה מהאימפריה הביזנטית הנוצרית בשנת 630.",ארץ הקודש,אה״ק.02,ארץ הקודש,weak,3,ארץ הקודש | ארון הקודש | אוסילטור הרמוני קוונטי,substituted,yes,wikipedia,ארץ הקודש,unreviewed,,substitution,wiki_substituted
ha-00080,אה״ק,"במאה ה-19 הפכה אה״ק לנושא של ויכוחים דיפלומטיים, שכן המקומות הקדושים מילאו תפקיד בשאלה המזרחית שהובילה למלחמת קרים בשנות ה-50.",ארץ הקודש,אה״ק.02,ארץ הקודש,weak,3,ארץ הקודש | ארון הקודש | אוסילטור הרמוני קוונטי,substituted,yes,wikipedia,ארץ הקודש,unreviewed,,substitution,wiki_substituted
ha-01222,ח״ו,בנוסף הוא ח״ו לקידום טניס בכיסאות גלגלים במסגרת איגוד הטניס בישראל.,חבר ועדה,ח״ו.01,חבר ועדה,weak,7,חס וחלילה | חלק ו' | חס ושלום | חבר ועדה | חינוך ומשפחה | חלילה וחס | חוסם ורידים,substituted,yes,wikipedia,יורם קיכל,unreviewed,,substitution,wiki_substituted
ha-01223,ח״ו,בשנים 1997 - 1998 היה ח״ו להדחת בוריס ילצין.,חבר ועדה,ח״ו.01,חבר ועדה,weak,7,חס וחלילה | חלק ו' | חס ושלום | חבר ועדה | חינוך ומשפחה | חלילה וחס | חוסם ורידים,substituted,yes,wikipedia,דמיטרי רוגוזין,unreviewed,,substitution,wiki_substituted
ha-01224,ח״ו,ח״ו בולט אמר כי חוק הרישום החדש יאפשר לזוגות לבקש הטבות מסוימות.,חבר ועדה,ח״ו.01,חבר ועדה,weak,7,חס וחלילה | חלק ו' | חס ושלום | חבר ועדה | חינוך ומשפחה | חלילה וחס | חוסם ורידים,substituted,yes,wikipedia,"זכויות להט""ב בוונצואלה",unreviewed,,substitution,wiki_substituted
ha-01225,ח״ו,שאם ח״ו יהיה איזה צער לאחד ממנו לסייעו כולנו יחד...,חלילה וחס,ח״ו.03,חלילה וחס,weak,7,חס וחלילה | חלק ו' | חס ושלום | חבר ועדה | חינוך ומשפחה | חלילה וחס | חוסם ורידים,substituted,yes,wikipedia,ישיבת המקובלים בית אל,unreviewed,,substitution,wiki_substituted
ha-01226,ח״ו,"אינני אומר שזה מה שרוב השופטים חשבו, ח״ו"".",חלילה וחס,ח״ו.03,חלילה וחס,weak,7,חס וחלילה | חלק ו' | חס ושלום | חבר ועדה | חינוך ומשפחה | חלילה וחס | חוסם ורידים,substituted,yes,wikipedia,פרשת האי היווני,unreviewed,,substitution,wiki_substituted
ha-01227,ח״ו,"קיים בלבול בין הביטוי ""חס ושלום"" לביטוי הדומה ""ח״ו"".",חס וחלילה,ח״ו.04,חס וחלילה,weak,7,חס וחלילה | חלק ו' | חס ושלום | חבר ועדה | חינוך ומשפחה | חלילה וחס | חוסם ורידים,substituted,yes,wikipedia,חס ושלום,unreviewed,,substitution,wiki_substituted
ha-01228,ח״ו,"חוקרים הציעו שהביטוי ""ח״ו"" נוצר בהשפעת היידיש או הערבית.",חס וחלילה,ח״ו.04,חס וחלילה,weak,7,חס וחלילה | חלק ו' | חס ושלום | חבר ועדה | חינוך ומשפחה | חלילה וחס | חוסם ורידים,substituted,yes,wikipedia,חס ושלום,unreviewed,,substitution,wiki_substituted
ha-01229,ח״ו,ח״ו הוא ביטוי מתקופת האמוראים המביע הסתייגות ודחיה או פחד מתיאור או ממצב שהוזכרו.,חס ושלום,ח״ו.02,חס ושלום,weak,7,חס וחלילה | חלק ו' | חס ושלום | חבר ועדה | חינוך ומשפחה | חלילה וחס | חוסם ורידים,substituted,yes,wikipedia,חס ושלום,unreviewed,,substitution,wiki_substituted
ha-01230,ח״ו,"קיים בלבול בין הביטוי ""ח״ו"" לביטוי הדומה ""חס וחלילה"".",חס ושלום,ח״ו.02,חס ושלום,weak,7,חס וחלילה | חלק ו' | חס ושלום | חבר ועדה | חינוך ומשפחה | חלילה וחס | חוסם ורידים,substituted,yes,wikipedia,חס ושלום,unreviewed,,substitution,wiki_substituted
ha-01231,ח״ו,”מיד הניח ידיו על ראשו והיה צועק ובוכה ואמר לו שמא ח״ו אין להם תקנה”.,חס ושלום,ח״ו.02,חס ושלום,weak,7,חס וחלילה | חלק ו' | חס ושלום | חבר ועדה | חינוך ומשפחה | חלילה וחס | חוסם ורידים,substituted,yes,wikipedia,חס ושלום,unreviewed,,substitution,wiki_substituted
ha-01359,יי״ש,"בשר שישליק (בניגוד לצורות אחרות של שישקבב) לרוב מושרה למשך לילה במרינדה חומצית, כמו יי״ש וחומץ, או מיץ חמצמץ של פירות או ירקות, עם תוספת של עשבי תיבול ותבלינים.",יין יבש,יי״ש.01,יין יבש,weak,2,יין שרף | יין יבש,substituted,yes,wikipedia,שישליק,unreviewed,,substitution,wiki_substituted
ha-01360,יי״ש,"בשלב הזה השרי הוא יי״ש לחלוטין שעבר תסיסה מלאה, כך שהסוכר בתירוש המקורי מומר על ידי השמרים לאלכוהול.",יין יבש,יי״ש.01,יין יבש,weak,2,יין שרף | יין יבש,substituted,yes,wikipedia,שרי (יין מחוזק),unreviewed,,substitution,wiki_substituted
ha-01361,יי״ש,"כאשר ענבי הלמברוסקו לא מותססים עד לשלב בו הם מתוקים, ניתן להפיק מהם גם יי״ש, המתאפיין בנגיעות של טעמי תות ומרירות עדינה.",יין יבש,יי״ש.01,יין יבש,weak,2,יין שרף | יין יבש,substituted,yes,wikipedia,למברוסקו,unreviewed,,substitution,wiki_substituted
ha-01362,יי״ש,"גוֹרֶליק (ביידיש: גאָרעליק; בכתב לטיני: Gorelik או Gorelick; ברוסית: Горелик) הוא שם משפחה יהודי, שהיא צורת משנה של ""גורלניק"" שפירושו מזקק יי״ש.",יין שרף,יי״ש.02,יין שרף,weak,2,יין שרף | יין יבש,substituted,yes,wikipedia,גורליק,unreviewed,,substitution,wiki_substituted
ha-01363,יי״ש,"לימד תורה במספר קהילות בפולין, והתפרנס מייצור יי״ש.",יין שרף,יי״ש.02,יין שרף,weak,2,יין שרף | יין יבש,substituted,yes,wikipedia,אלכסנדר סנדר שור,unreviewed,,substitution,wiki_substituted
ha-01364,יי״ש,"ברנדויין הוא שם משפחה אשכנזי ממקור גרמני, שפירושו יי״ש.",יין שרף,יי״ש.02,יין שרף,weak,2,יין שרף | יין יבש,substituted,yes,wikipedia,ברנדויין,unreviewed,,substitution,wiki_substituted
ha-02759,ק״ו,"הכלל של ""דיו"" תקף גם לגבי הדין שמהווה את הצד החמור המאפשר לימוד של ק״ו.",קל וחומר,ק״ו.01,קל וחומר,weak,2,קל וחומר | קצר וקולע,substituted,no,wikipedia,קל וחומר,unreviewed,,substitution,wiki_substituted
ha-02760,ק״ו,"כלומר, לא ניתן ללמוד בעזרת ק״ו דין יותר חמור מאשר הדין שנושאו הוכרז כחמור יותר.",קל וחומר,ק״ו.01,קל וחומר,weak,2,קל וחומר | קצר וקולע,substituted,no,wikipedia,קל וחומר,unreviewed,,substitution,wiki_substituted
ha-02761,ק״ו,"אופן הלימוד מהפסוק הוא משום שלכאורה לפי ק״ו זה היה על מרים להיות מסוגרת על כל פנים שבועיים, ומכך שהתורה הורתה על הסגרתה למשך שבוע בלבד – הרי ש""דיו לבא מן הדין להיות כנדון"".",קל וחומר,ק״ו.01,קל וחומר,weak,2,קל וחומר | קצר וקולע,substituted,no,wikipedia,קל וחומר,unreviewed,,substitution,wiki_substituted
ha-02762,ק״ו,איסור רציחה ערך מורחב – לא תרצח איסור הרציחה הוא ק״ו ללא נתינת טעם כפי שמופיע בפרשת נח.,קצר וקולע,ק״ו.02,קצר וקולע,weak,2,קל וחומר | קצר וקולע,substituted,no,wikipedia,עשרת הדיברות,unreviewed,,substitution,wiki_substituted
ha-02977,ר״ל,"בנימין לאו, הפרק ""ר״ל"", בספרו: חכמים, כרך רביעי: ממשנה לתלמוד, ידיעות ספרים, 2012, עמ' 249-239.",רבי שמעון בן לקיש,ר״ל.01,רבי שמעון בן לקיש,weak,3,רבי שמעון בן לקיש | רחמנא ליצלן | ר(ו)צה לומר,substituted,yes,wikipedia,ריש לקיש,unreviewed,,substitution,wiki_substituted
ha-02978,ר״ל,"תחילת הלימודים בחדר אצל המלמד היא בגיל שלוש, בהתאם לכתוב: ”אמר ר״ל, בן שלש שנים הכיר אברהם להקדוש ברוך הוא""” (מדרש תנחומא, פרשת בהר).",רבי שמעון בן לקיש,ר״ל.01,רבי שמעון בן לקיש,weak,3,רבי שמעון בן לקיש | רחמנא ליצלן | ר(ו)צה לומר,substituted,yes,wikipedia,מלמד,unreviewed,,substitution,wiki_substituted
ha-02979,ר״ל,"במסכת חולין, הוא מוזכר במחלוקת הלכתית יחד עם רבי יוחנן ותלמידיו, ”מחט שנמצאה בריאה, רבי יוחנן ור' אלעזר ורבי חנינא מכשרי, ר״ל רבי מני בר פטיש ורבי שמעון בן אליקים טרפי”.",רבי שמעון בן לקיש,ר״ל.01,רבי שמעון בן לקיש,weak,3,רבי שמעון בן לקיש | רחמנא ליצלן | ר(ו)צה לומר,substituted,yes,wikipedia,רבי שמעון בן אליקים,unreviewed,,substitution,wiki_substituted
ha-02980,ר״ל,"רבי חנינא לא הבין את ההבדל ורבי אילעא אמר לו ""ר״ל..."".",רחמנא ליצלן,ר״ל.02,רחמנא ליצלן,weak,3,רבי שמעון בן לקיש | רחמנא ליצלן | ר(ו)צה לומר,substituted,yes,wikipedia,רבי אילעא (אמורא),unreviewed,,substitution,wiki_substituted
ha-02981,ר״ל,"נשדדו ונמכרו ספרי תורה שהיו שם ר״ל, נמכרו נשים וילדים כמו בהמות, אבל בסוף הכל הוחזר ליהודים, פרט לאשה אחת שנשארה אצל הגוים.",רחמנא ליצלן,ר״ל.02,רחמנא ליצלן,weak,3,רבי שמעון בן לקיש | רחמנא ליצלן | ר(ו)צה לומר,substituted,yes,wikipedia,דמנאת,unreviewed,,substitution,wiki_substituted
ha-02982,ר״ל,"האיש הזה היה גדול בתורה וירא אלוקים מרבים, ובסוף ימיו נסע לעיר הקודש צפת, ונפטר שם זקן ושׂבע ימים, וציווה לפני מותו שכל מי שיהיה לו עת צרה, ר״ל, ישתטח על קברו ויעזרוהו, וכן עושין עד היום"".",רחמנא ליצלן,ר״ל.02,רחמנא ליצלן,weak,3,רבי שמעון בן לקיש | רחמנא ליצלן | ר(ו)צה לומר,substituted,yes,wikipedia,לייב בעל הייסורים,unreviewed,,substitution,wiki_substituted
ha-02854,רל״א,"במקרים אלו, צוותי הפניות של רל״א מסייעים לחולים בבקשה לאישורי מעבר לישראל, בקביעת תורים בבתי החולים, ובמידת הצורך והיכולת גם מגייסים סיוע כספי לבדיקות ואבחונים.",רופאים לזכויות אדם,רל״א.01,רופאים לזכויות אדם,weak,2,רופאים לזכויות אדם | ראש להק האוויר בחיל האוויר הישראלי,substituted,no,wikipedia,רופאים לזכויות אדם,unreviewed,,substitution,wiki_substituted
ha-02855,רל״א,"ארגון ""רל״א"" הביע מחאה על פרסום התמונות, בנימוק שפרסום תמונתו של קטין בלא אישור הוריו הוא הפרה של חוק הנוער, חוק הגנת הפרטיות וכללי האתיקה הרפואית.",רופאים לזכויות אדם,רל״א.01,רופאים לזכויות אדם,weak,2,רופאים לזכויות אדם | ראש להק האוויר בחיל האוויר הישראלי,substituted,no,wikipedia,רופאים לזכויות אדם,unreviewed,,substitution,wiki_substituted
ha-02856,רל״א,"הוא זכה באות לגיון הכבוד הצרפתי (Légion d'Honneur) של ממשלת צרפת בזכות פעילותו במסגרת ""רל״א"" לקידום שיתוף הפעולה בין פלסטינים לישראלים.",רופאים לזכויות אדם,רל״א.01,רופאים לזכויות אדם,weak,2,רופאים לזכויות אדם | ראש להק האוויר בחיל האוויר הישראלי,substituted,no,wikipedia,רפאל ולדן,unreviewed,,substitution,wiki_substituted
ha-03369,ת״ש,"ליד המעיין נמצאת תחנת השאיבה עין זיו, ת״ש פעילה לשעבר, שפעילותה הופסקה בשל זיהום מי הנחל בשפכים של יישובי הסביבה.",תחנת שאיבה,ת״ש.01,תחנת שאיבה,weak,5,תפילת שחרית | תקיעת שופר | תנאי שירות | תחנת שאיבה | בא שמע,substituted,yes,wikipedia,עין זיו,unreviewed,,substitution,wiki_substituted
ha-03370,ת״ש,שמו של היישוב מציין ת״ש בקו צינור המים ראש העין-ירושלים שהיה בסמוך למושב.,תחנת שאיבה,ת״ש.01,תחנת שאיבה,weak,5,תפילת שחרית | תקיעת שופר | תנאי שירות | תחנת שאיבה | בא שמע,substituted,yes,wikipedia,שואבה,unreviewed,,substitution,wiki_substituted
ha-03371,ת״ש,מפעלי ים המלח שניזונים ממיימי החלק הדרומי הקימו סוללה בחלקו הצפוני והפכו בכך את החלק הדרומי לבריכה אליה מוזרמים מים מהחלק הצפוני דרך ת״ש P1.,תחנת שאיבה,ת״ש.01,תחנת שאיבה,weak,5,תפילת שחרית | תקיעת שופר | תנאי שירות | תחנת שאיבה | בא שמע,substituted,yes,wikipedia,קציר המלח,unreviewed,,substitution,wiki_substituted
ha-03372,ת״ש,אפשרויות קידום: הכשרה לקצונה בתפקיד מאתגר כקצינת ת״ש.,תנאי שירות,ת״ש.02,תנאי שירות,weak,5,תפילת שחרית | תקיעת שופר | תנאי שירות | תחנת שאיבה | בא שמע,substituted,yes,wikipedia,חיל משאבי האנוש,unreviewed,,substitution,wiki_substituted
ha-03373,ת״ש,"בשנת 1993, בתקופת כהונתו של שמעון פרס כשר החוץ, הוחלט לבצע רפורמה שבמסגרתה ייקבעו ת״ש ייחודיים לאנשי שירות החוץ, כדי להבטיח שמירה על רמתם הגבוהה ואת ייצוגה הנאות של ישראל בזירה הבינלאומית.",תנאי שירות,ת״ש.02,תנאי שירות,weak,5,תפילת שחרית | תקיעת שופר | תנאי שירות | תחנת שאיבה | בא שמע,substituted,yes,wikipedia,שירות החוץ הישראלי,unreviewed,,substitution,wiki_substituted
ha-03374,ת״ש,"השליש אחראי על המחלקות ביחידה העוסקות בכח אדם: מחלקת כח אדם, מחלקת ת״ש, מחלקת דת-רבנות-כשרות, מחלקת חינוך ומחלקת משמעת.",תנאי שירות,ת״ש.02,תנאי שירות,weak,5,תפילת שחרית | תקיעת שופר | תנאי שירות | תחנת שאיבה | בא שמע,substituted,yes,wikipedia,שליש (צבא),unreviewed,,substitution,wiki_substituted
ha-03375,ת״ש,"שני חלקיה הקדומים יותר של ת״ש הם קריאת שמע ותפילת העמידה, ועם הזמן צורפו אליה ברכות ותפילות נוספות.",תפילת שחרית,ת״ש.03,תפילת שחרית,weak,5,תפילת שחרית | תקיעת שופר | תנאי שירות | תחנת שאיבה | בא שמע,substituted,yes,wikipedia,תפילת שחרית,unreviewed,,substitution,wiki_substituted
ha-03376,ת״ש,"זמן הזריחה נחשב לזמן הטוב ביותר להתפלל ת״ש, על פי הפסוק ”יִירָאוּךָ עִם שָׁמֶשׁ...”.",תפילת שחרית,ת״ש.03,תפילת שחרית,weak,5,תפילת שחרית | תקיעת שופר | תנאי שירות | תחנת שאיבה | בא שמע,substituted,yes,wikipedia,תפילת שחרית,unreviewed,,substitution,wiki_substituted
ha-03377,ת״ש,"לגבי סוף זמן ת״ש נחלקו תנאים במשנה: ”תפלת השחר עד חצות; רבי יהודה אומר: עד ארבע שעות.” להלכה נפסק כדעת רבי יהודה שסוף זמן התפילה הוא בארבע שעות, אבל בדיעבד ניתן להתפלל שחרית עד חצות.",תפילת שחרית,ת״ש.03,תפילת שחרית,weak,5,תפילת שחרית | תקיעת שופר | תנאי שירות | תחנת שאיבה | בא שמע,substituted,yes,wikipedia,תפילת שחרית,unreviewed,,substitution,wiki_substituted
ha-03378,ת״ש,"יש שסברו שיש לברך ""על ת״ש"", או ""לתקוע בשופר"", ויש שסברו לברך ""לשמוע קול שופר"", או ""לשמוע בקול שופר"".",תקיעת שופר,ת״ש.04,תקיעת שופר,weak,5,תפילת שחרית | תקיעת שופר | תנאי שירות | תחנת שאיבה | בא שמע,substituted,yes,wikipedia,תקיעת שופר,unreviewed,,substitution,wiki_substituted
ha-03379,ת״ש,"אחת התוצאות המעשיות מדיון תאורטי זה היא השאלה שהוזכרה לעיל על נוסח הברכה הנאמרת לפני התקיעה: ""לשמוע קול שופר"" או ""על ת״ש"", כשהדעה המקובלת היא לברך ""לשמוע"".",תקיעת שופר,ת״ש.04,תקיעת שופר,weak,5,תפילת שחרית | תקיעת שופר | תנאי שירות | תחנת שאיבה | בא שמע,substituted,yes,wikipedia,תקיעת שופר,unreviewed,,substitution,wiki_substituted
ha-03380,ת״ש,בבתי כנסת רבים נהגו לקיים ת״ש מיוחדת עבור נשים בשעות הצהרים או אחר הצהרים.,תקיעת שופר,ת״ש.04,תקיעת שופר,weak,5,תפילת שחרית | תקיעת שופר | תנאי שירות | תחנת שאיבה | בא שמע,substituted,yes,wikipedia,תקיעת שופר,unreviewed,,substitution,wiki_substituted
ha-01647,מדא״ג,מדרש שמואל על ספר שמואל מדרש שוחר טוב – מדא״ג לתהלים.,מדרש אגדה,מדא״ג.01,מדרש אגדה,weak,2,מדרש אגדה | מדריכת אימון גופני,substituted,no,wikipedia,אגדה (יהדות),unreviewed,,substitution,wiki_substituted
ha-01648,מדא״ג,שמות רבה ידוע גם כמדרש ואלה שמות רבה הוא מדא״ג לספר שמות האוגד שני חיבורים נפרדים.,מדרש אגדה,מדא״ג.01,מדרש אגדה,weak,2,מדרש אגדה | מדריכת אימון גופני,substituted,no,wikipedia,שמות רבה,unreviewed,,substitution,wiki_substituted
ha-01649,מדא״ג,"מדרש תנחומא, המכונה גם מדרש ילמדנו, הוא שם כולל לשלושה קובצי מדא״ג.",מדרש אגדה,מדא״ג.01,מדרש אגדה,weak,2,מדרש אגדה | מדריכת אימון גופני,substituted,no,wikipedia,מדרש תנחומא,unreviewed,,substitution,wiki_substituted
ha-02282,סה״מ,"בסדרה שלישית, ""תורת מנחם - סה״מ מועדים"", נדפסו שוב בסדר כרונולוגי כל המאמרים על סדר חגי ומועדי ישראל, והחגים החב""דיים, כל מועד בכרך בפני עצמו.",ספר המאמרים,סה״מ.01,ספר המאמרים,weak,2,ספר המאמרים | סיוע התיישבותי מותנה,substituted,no,wikipedia,ספרי הרב מנחם מנדל שניאורסון,unreviewed,,substitution,wiki_substituted
ha-02283,סה״מ,"ערך כעורך ישיר או כעורך אחראי את רוב ספרי ספריית שיבולת וכן ספרים נוספים, בהם סה״מ של אורי אליצור ""בדעה צלולה"" (ידיעות ספרים, 2015).",ספר המאמרים,סה״מ.01,ספר המאמרים,weak,2,ספר המאמרים | סיוע התיישבותי מותנה,substituted,no,wikipedia,צור ארליך,unreviewed,,substitution,wiki_substituted
ha-02284,סה״מ,"מקצת מהמאמרים הוגהו על ידם, כגון סה״מ מלוקט.",ספר המאמרים,סה״מ.01,ספר המאמרים,weak,2,ספר המאמרים | סיוע התיישבותי מותנה,substituted,no,wikipedia,"חסידות חב""ד",unreviewed,,substitution,wiki_substituted
ha-02015,מ״ה,"עם הנהגתו של מ״ה בארץ, החל לרדת חלקו של המכס בכלל הכנסותיה של הממשלה המנדטורית ממסים.",מס הכנסה,מ״ה.01,מס הכנסה,weak,2,מס הכנסה | מחשבים מערכת הפעלה,substituted,no,wikipedia,רשות המסים בישראל,unreviewed,,substitution,wiki_substituted
ha-02016,מ״ה,"עם כינונה של המדינה קיבלה הממשלה בירושה מממשלת המנדט, מחלקת מ״ה מצומצמת למדי.",מס הכנסה,מ״ה.01,מס הכנסה,weak,2,מס הכנסה | מחשבים מערכת הפעלה,substituted,no,wikipedia,רשות המסים בישראל,unreviewed,,substitution,wiki_substituted
ha-02017,מ״ה,"ב-21 במאי 1948 התפרסמה ההסמכה הכללית להעברת סמכויות מממשלת המנדט לממשלה הזמנית, ומכוחה סמכויות הגבייה של מושלי המחוזות לפי, בין השאר, פקודת המיסים (גביה) ופקודת מ״ה, הועברו לשר האוצר.",מס הכנסה,מ״ה.01,מס הכנסה,weak,2,מס הכנסה | מחשבים מערכת הפעלה,substituted,no,wikipedia,רשות המסים בישראל,unreviewed,,substitution,wiki_substituted
ha-00484,ביה״מ,"""ביה״מ למורים העברי הממלכתי על שם דוד ילין"" היה שמה הראשון הרשמי והמלא של המכללה, אך בפי כל היא הייתה ידועה בשם סמינר בית הכרם, שכן היא שוכנת על גבעה נישאה בלבה של שכונת בית הכרם.",בית המדרש,ביה״מ.01,בית המדרש,weak,2,בית המשפט | בית המדרש,substituted,yes,wikipedia,"המכללה האקדמית לחינוך ע""ש דוד ילין",unreviewed,,substitution,wiki_substituted
ha-00485,ביה״מ,"ב-1882, כשקווי התיחום בינו לבין הפוזיטיבים-היסטוריים והליברלים היו ברורים דיים, ומקץ מאבקים שנמשכו מאז שנות ה-40, החליף הילדסהיימר את שם המוסד ל""ביה״מ לרבנים בברלין"", כדי להדגיש את עמדתו.",בית המדרש,ביה״מ.01,בית המדרש,weak,2,בית המשפט | בית המדרש,substituted,yes,wikipedia,בית המדרש לרבנים בברלין,unreviewed,,substitution,wiki_substituted
ha-00486,ביה״מ,"בכך הלך בעקבות ביה״מ לרבנים בברסלאו ובניגוד לבית הספר הגבוה למדעי היהדות בברלין, שבו התאפיין הסגל במגוון דעות פוליטיות ודתיות.",בית המדרש,ביה״מ.01,בית המדרש,weak,2,בית המשפט | בית המדרש,substituted,yes,wikipedia,בית המדרש לרבנים בברלין,unreviewed,,substitution,wiki_substituted
ha-00487,ביה״מ,"ביה״מ מתכנס בבניין ביה״מ בוושינגטון, הסמוך לבניין הקפיטול.",בית המשפט,ביה״מ.02,בית המשפט,weak,2,בית המשפט | בית המדרש,substituted,yes,wikipedia,בית המשפט העליון של ארצות הברית,unreviewed,,substitution,wiki_substituted
ha-00488,ביה״מ,"ביה״מ יושב תמיד בהרכבו המלא, כך שלמעשה כל שופט נותן פסק דין בכל תיק המובא בפני ביה״מ.",בית המשפט,ביה״מ.02,בית המשפט,weak,2,בית המשפט | בית המדרש,substituted,yes,wikipedia,בית המשפט העליון של ארצות הברית,unreviewed,,substitution,wiki_substituted
ha-00489,ביה״מ,בחלק הראשון של פרק 3 לחוקת ארצות הברית כתוב: תולדות ביה״מ העליון משקפות את התפתחותה של ארצות הברית.,בית המשפט,ביה״מ.02,בית המשפט,weak,2,בית המשפט | בית המדרש,substituted,yes,wikipedia,בית המשפט העליון של ארצות הברית,unreviewed,,substitution,wiki_substituted
ha-00010,אבט״ש,"אנשי הכוח עוסקים במשימות מגוונות, ובכללן: הגנת גבולות, שמירה על מעברי גבול, אבט״ש, שיטור פלילי, שיטור קהילתי, כליאה, ושמירת מוסר.",אבטחה שוטפת,אבט״ש.02,אבטחה שוטפת,weak,2,אבטחת יישובים | אבטחה שוטפת,substituted,no,wikipedia,הכוח המבצעי,unreviewed,,substitution,wiki_substituted
ha-00011,אבט״ש,בהמשך סיפר זליגר לחוקרים כיצד גנב רובים מחיילים שביצעו אבט״ש באזור הר חברון.,אבטחת יישובים,אבט״ש.01,אבטחת יישובים,weak,2,אבטחת יישובים | אבטחה שוטפת,substituted,no,wikipedia,מחתרת בת עין,unreviewed,,substitution,wiki_substituted
ha-00012,אבט״ש,היה פעיל בתפקידי אבט״ש באזור גוש דן במסגרת ההגנה.,אבטחת יישובים,אבט״ש.01,אבטחת יישובים,weak,2,אבטחת יישובים | אבטחה שוטפת,substituted,no,wikipedia,שמעון סירוקה,unreviewed,,substitution,wiki_substituted
ha-00013,אבט״ש,"במסגרת זו, מופעלות שבע חברות לטובת הפעלת רחפנים למשימות אזרחיות של פיקוד העורף, משטרת ישראל, שמירה על אתרי תשתית ותמיכה בחובבים שמפעילים טיסות לטובת אבט״ש.",אבטחת יישובים,אבט״ש.01,אבטחת יישובים,weak,2,אבטחת יישובים | אבטחה שוטפת,substituted,no,wikipedia,ניידות אווירית מתקדמת,unreviewed,,substitution,wiki_substituted
ha-02739,קק״ל,החל מ-15 בדצמבר 2021 קק״ל לקחו חסות על האתר.,קרן קיימת לישראל,קק״ל.01,קרן קיימת לישראל,weak,2,קרן קיימת לישראל | קילו קלוריה,substituted,no,wikipedia,צמח השדה,unreviewed,,substitution,wiki_substituted
ha-02740,קק״ל,"ארבע שנים לאחר מכן, בקונגרס הציוני החמישי ב-1901, הוכרז על ייסוד ""קק״ל"" - ארגון שתפקידו לרכוש קרקעות להתיישבות יהודית בארץ ישראל.",קרן קיימת לישראל,קק״ל.01,קרן קיימת לישראל,weak,2,קרן קיימת לישראל | קילו קלוריה,substituted,no,wikipedia,קרן קיימת לישראל,unreviewed,,substitution,wiki_substituted
ha-02741,קק״ל,"בולי קק״ל הם בולים המונפקים על ידי קק״ל ואינם משמשים כבולי דואר, אלא כאמצעי להפצת רעיונות ציוניים ולאיסוף כספים למטרות קק״ל.",קרן קיימת לישראל,קק״ל.01,קרן קיימת לישראל,weak,2,קרן קיימת לישראל | קילו קלוריה,substituted,no,wikipedia,בולי קרן קיימת לישראל,unreviewed,,substitution,wiki_substituted
ha-00980,הי״מ,"כל שבוע הוא למעשה בירור לאחת משבע הספירות הקבליות הקשורות במידות: חסד, גבורה, תפארת, נצח, הי״מ.","הוד, יסוד, מלכות",הי״מ.01,"הוד, יסוד, מלכות",weak,4,"הוד, יסוד, מלכות | ה' יצילנו משגיאות | היכי מצי (=איפה מצינו, איך אפשר) | היש מפרשים",substituted,no,wikipedia,ספירת העומר,unreviewed,,substitution,wiki_substituted
ha-00981,הי״מ,"קיימות עשר ספירות: כתר, חכמה, בינה, חסד, גבורה, תפארת, נצח, הי״מ.","הוד, יסוד, מלכות",הי״מ.01,"הוד, יסוד, מלכות",weak,4,"הוד, יסוד, מלכות | ה' יצילנו משגיאות | היכי מצי (=איפה מצינו, איך אפשר) | היש מפרשים",substituted,no,wikipedia,מושגי יסוד בקבלה,unreviewed,,substitution,wiki_substituted
ha-00434,בדא״ח,"ובמחזור ויטרי כתב ש""קרבן שבת ונסכיו נאמרו בדא״ח"".",בדיבור אחד,בדא״ח.03,בדיבור אחד,weak,4,בדרך אחרת | בדרך אחת | בדיבור אחד | בדברי אלוקים חיים,substituted,yes,wikipedia,תפילת מוסף של שבת,unreviewed,,substitution,wiki_substituted
ha-00435,בדא״ח,"דוגמה בולטת לכך ניתן למצוא בתחילת הבית השני: ""שמור וזכור בדא״ח"".",בדיבור אחד,בדא״ח.03,בדיבור אחד,weak,4,בדרך אחרת | בדרך אחת | בדיבור אחד | בדברי אלוקים חיים,substituted,yes,wikipedia,לכה דודי,unreviewed,,substitution,wiki_substituted
ha-00436,בדא״ח,בחברות מסורתיות רבות היה קשה או אפילו בלתי אפשרי להצטרף למעמד העליון בדא״ח מלבד להיוולד לתוכו.,בדרך אחרת,בדא״ח.01,בדרך אחרת,weak,4,בדרך אחרת | בדרך אחת | בדיבור אחד | בדברי אלוקים חיים,substituted,yes,wikipedia,המעמד העליון,unreviewed,,substitution,wiki_substituted
ha-00437,בדא״ח,"כוח מבחינה סוציולוגית הוא היכולת לגרום או לכפות על יחידים וקבוצות לפעול בדרך מסוימת או להימנע מפעולה בדא״ח, בדרך כלל על ידי נקיטת סנקציות שונות או על ידי איום בהן.",בדרך אחרת,בדא״ח.01,בדרך אחרת,weak,4,בדרך אחרת | בדרך אחת | בדיבור אחד | בדברי אלוקים חיים,substituted,yes,wikipedia,כוח (סוציולוגיה),unreviewed,,substitution,wiki_substituted
ha-00438,בדא״ח,"ככלל, המושגים ""רדיקל"" ו""רדיקל חופשי"" מתייחסים לאותה תופעה, אולם רדיקל יכול להיות כלוא בכלוב ממס (מוקף על ידי מולקולות ממס במבנה מסודר), או קשור בדא״ח.",בדרך אחרת,בדא״ח.01,בדרך אחרת,weak,4,בדרך אחרת | בדרך אחת | בדיבור אחד | בדברי אלוקים חיים,substituted,yes,wikipedia,רדיקלים חופשיים,unreviewed,,substitution,wiki_substituted
ha-00439,בדא״ח,על-פי המשפט היסודי של האריתמטיקה כל מספר טבעי פריק לגורמים ראשונים בדא״ח בלבד.,בדרך אחת,בדא״ח.02,בדרך אחת,weak,4,בדרך אחרת | בדרך אחת | בדיבור אחד | בדברי אלוקים חיים,substituted,yes,wikipedia,מספרים זרים,unreviewed,,substitution,wiki_substituted
ha-00440,בדא״ח,"על פי תפיסתו, אמן צריך להיות ""מדען"", חייב להיות תוסס וחדשני ולא להיות מקובע בדא״ח לאורך חייו.",בדרך אחת,בדא״ח.02,בדרך אחת,weak,4,בדרך אחרת | בדרך אחת | בדיבור אחד | בדברי אלוקים חיים,substituted,yes,wikipedia,שמואל ניסנבאום,unreviewed,,substitution,wiki_substituted
ha-00441,בדא״ח,"לפי דבריו של הג'וקר ברומן הגרפי, ""לפעמים אני זוכר זאת בדא״ח לפעמים בדרך אחרת.",בדרך אחת,בדא״ח.02,בדרך אחת,weak,4,בדרך אחרת | בדרך אחת | בדיבור אחד | בדברי אלוקים חיים,substituted,yes,wikipedia,באטמן: הבדיחה ההורגת,unreviewed,,substitution,wiki_substituted
ha-02401,ענ״א,"יחידות המטה כוללות הנהלה, מדען ראשי, מחלקות מקצועיות (גאודזיה, קדסטר ומיפוי, לרבות פוטוגרמטריה וקרטוגרפיה), יחידת ענ״א, חשבות, תכנון וכלכלה, אמרכלות ושירות מפות ונתוני מדידה.",עיבוד נתונים אוטומטי,ענ״א.01,עיבוד נתונים אוטומטי,weak,2,עיבוד נתונים אוטומטי | עיבוד נתונים אלקטרוני,substituted,no,wikipedia,המרכז למיפוי ישראל,unreviewed,,substitution,wiki_substituted
ha-01163,חו״פ,"הרגימנט מבצע איסוף מודיעיני אסטרטגי וטקטי, פעולות ישירות (DR), פעולות חו״פ ומבצעים נגד טרור מעבר לטווח או יכולתם של יחידות הצבא הקונבנציונליות.",חילוץ ופינוי,חו״פ.01,חילוץ ופינוי,weak,2,חילוץ ופינוי | חוליה פיקודית,substituted,no,wikipedia,שירות האוויר המיוחד של ניו זילנד,unreviewed,,substitution,wiki_substituted
ha-01164,חו״פ,"לאחר מכן הוכפף הגדוד לחטיבת הצנחנים ועסק בפתיחות צירים, מבצעי חו״פ ומשימות הנדסה התקפיות.",חילוץ ופינוי,חו״פ.01,חילוץ ופינוי,weak,2,חילוץ ופינוי | חוליה פיקודית,substituted,no,wikipedia,אמיר אולו,unreviewed,,substitution,wiki_substituted
ha-01165,חו״פ,"החל מ-15 ביולי לא הותרה כלל תנועת כלי רכב למרכז העיר לייז', התנועה הורשתה רק לרכבי חו״פ.",חילוץ ופינוי,חו״פ.01,חילוץ ופינוי,weak,2,חילוץ ופינוי | חוליה פיקודית,substituted,no,wikipedia,השיטפונות באירופה (2021),unreviewed,,substitution,wiki_substituted
ha-01402,יש״ר,"בכרכים הראשונים השתתפו כמה מידידיו של שור ומשותפיו להשקפת עולמו, ובהם אברהם קרוכמל, יש״ר ומשה שטיינשניידר, אך בכרכים האחרונים כתב שור לבדו את כל התוכן.",יצחק שמואל רג'יו,יש״ר.01,יצחק שמואל רג'יו,weak,3,"יוסף שלמה דלמדיגו | יצחק שמואל רג'יו | רב איטלקי, מראשי תנועת חכמת ישראל",substituted,no,wikipedia,החלוץ (כתב עת),unreviewed,,substitution,wiki_substituted
ha-01403,יש״ר,"במחצית הראשונה של המאה ה-19 פקפק רבי יש״ר על יחוס זה, וטען שמחברו של הפירוש הוא הרב שם טוב בן יוסף אבן פלקירה.",יצחק שמואל רג'יו,יש״ר.01,יצחק שמואל רג'יו,weak,3,"יוסף שלמה דלמדיגו | יצחק שמואל רג'יו | רב איטלקי, מראשי תנועת חכמת ישראל",substituted,no,wikipedia,שם טוב אבן שם טוב (השני),unreviewed,,substitution,wiki_substituted
ha-01404,יש״ר,"השערת נהר הפרת - ההפוך: חוקר היהדות יש״ר טען כי נהר הסמבטיון הוא בעצם נהר פרת, אשר נקרא גם בשם זה משום שלאחר שהיהודים התיישבו מעבר לנהר התאפשר להם לשמור שבת.",יצחק שמואל רג'יו,יש״ר.01,יצחק שמואל רג'יו,weak,3,"יוסף שלמה דלמדיגו | יצחק שמואל רג'יו | רב איטלקי, מראשי תנועת חכמת ישראל",substituted,no,wikipedia,סמבטיון,unreviewed,,substitution,wiki_substituted
ha-03055,שע״י,"החוקרים זיהו את רצפת הפסיפס בגודל 10 על 13 מטר כבית כנסת עתיק, בזכות הציורים של ארון הקודש, מנורה, שופר, לולב, והכתובת ""שע״י"", שהיא המקור לשמו של בית הכנסת.",שלום על ישראל,שע״י.01,שלום על ישראל,weak,2,שעל יד | שלום על ישראל,substituted,yes,wikipedia,יריחו,unreviewed,,substitution,wiki_substituted
ha-03056,שע״י,באתר ישנו פסיפס גדול (מעט גדול יותר מהנמצא בבית הכנסת שע״י) הכולל גלגל מזלות ועוד וגם אבן שהיה כנראה בסיס לתיבה.,שלום על ישראל,שע״י.01,שלום על ישראל,weak,2,שעל יד | שלום על ישראל,substituted,yes,wikipedia,יריחו,unreviewed,,substitution,wiki_substituted
ha-03057,שע״י,"הצעתם של דוד ושכטר הייתה שונה באופן דרמטי מההצעה הקודמת, היא עוצבה במבנה אליפטי דמוי חותם והתבססה על הפסיפס של בית הכנסת העתיק שע״י ביריחו.",שלום על ישראל,שע״י.01,שלום על ישראל,weak,2,שעל יד | שלום על ישראל,substituted,yes,wikipedia,סמל מדינת ישראל,unreviewed,,substitution,wiki_substituted
ha-03058,שע״י,"בית ההוראה 'בית אברהם' שע״י ישיבת מרכז הרב, בראשות הרב יעקב שפירא, הרב איתן איזמן והרב יהושע מגנס.",שעל יד,שע״י.02,שעל יד,weak,2,שעל יד | שלום על ישראל,substituted,yes,wikipedia,בית הוראה,unreviewed,,substitution,wiki_substituted
ha-03059,שע״י,פסיכולוגית ומנהלת המרכז להכשרה ושיקום מקצועי שע״י בית החולים לוינשטיין.,שעל יד,שע״י.02,שעל יד,weak,2,שעל יד | שלום על ישראל,substituted,yes,wikipedia,חמדה לוי,unreviewed,,substitution,wiki_substituted
ha-03060,שע״י,"מקובל, שע״י כותל המזרח יושבים מכובדי הקהילה, כגון הרב והגבאים, ומכך התפתח הביטוי ""יושב במזרח"" בהוראה לחשיבות וכבוד, ולא בהכרח בקשר לישיבה בבית כנסת.",שעל יד,שע״י.02,שעל יד,weak,2,שעל יד | שלום על ישראל,substituted,yes,wikipedia,כותל המזרח,unreviewed,,substitution,wiki_substituted
ha-00804,דה״מ,"האמונה כי המשיח יהיה מצאצאי דה״מ, נרמזת בברכת יעקב לבנו יהודה: ""לא יסור 'שבט' מיהודה"".",דוד המלך,דה״מ.01,דוד המלך,weak,2,דוד המלך | דבור המתחיל,substituted,no,wikipedia,דוד,unreviewed,,substitution,wiki_substituted
ha-00805,דה״מ,"גם בימינו קיימות משפחות המחזיקות בספרי יוחסין עד דה״מ, דרך ראשי הגלות שבבבל, ומאמינות כי אולי מתוכן יצמח המלך העתידי.",דוד המלך,דה״מ.01,דוד המלך,weak,2,דוד המלך | דבור המתחיל,substituted,no,wikipedia,דוד,unreviewed,,substitution,wiki_substituted
ha-00806,דה״מ,"רחוב דה״מ הוא רחוב מרכזי בלב ירושלים, המשמש ציר תנועה חשוב בין מרכז העיר ודרומה.",דוד המלך,דה״מ.01,דוד המלך,weak,2,דוד המלך | דבור המתחיל,substituted,no,wikipedia,רחוב דוד המלך,unreviewed,,substitution,wiki_substituted
ha-01937,מקל״ש,כמות המים הנשפכת למפרץ מוערכת ב-1232 מקל״ש.,מטר מעוקב לשנייה,מקל״ש.01,מטר מעוקב לשנייה,weak,2,מטר מעוקב לשנייה | מקלחות שדה,substituted,no,wikipedia,מפרץ הונדורס,unreviewed,,substitution,wiki_substituted
ha-01938,מקל״ש,"בשנת 2004 נמדדה בנחל ספיקת שיא בישראל של 1,280 מקל״ש.",מטר מעוקב לשנייה,מקל״ש.01,מטר מעוקב לשנייה,weak,2,מטר מעוקב לשנייה | מקלחות שדה,substituted,no,wikipedia,נחל צין,unreviewed,,substitution,wiki_substituted
ha-01939,מקל״ש,הזרימה בנהר גבוהה יותר בחודשים מרץ ואפריל (ממוצע חודשי של 86 ו-151 מקל״ש) והם תואמים את ההפשרה.,מטר מעוקב לשנייה,מקל״ש.01,מטר מעוקב לשנייה,weak,2,מטר מעוקב לשנייה | מקלחות שדה,substituted,no,wikipedia,אוסקיל,unreviewed,,substitution,wiki_substituted
ha-00963,האר״י,"על אף מוצאו האר״י הכהן גדל וחונך בבתי המדרש של חכמי הספרדים, והכיר את מנהגיהם.",האשכנזי רבי יצחק,האר״י.01,האשכנזי רבי יצחק,weak,3,רבי יצחק לוריא | האשכנזי רבי יצחק | האדון רבי יצחק,substituted,no,wikipedia,יצחק הכהן רפפורט,unreviewed,,substitution,wiki_substituted
ha-03363,ת״ק,"בתי משפט אלו מנהלים ת״ק בשלושה מסלולים: הראשון דן בתביעות בסכומים של עד 5,000 פאונד, השני דן בתביעות בסכומים שבין 5,000 ל־15,000 פאונד והשלישי דן בתביעות בסכומים שבין 15,000 ל־50,000 פאונד.",תביעות קטנות,ת״ק.01,תביעות קטנות,weak,2,תנא קמא | תביעות קטנות,substituted,yes,wikipedia,תביעה קטנה,unreviewed,,substitution,wiki_substituted
ha-03364,ת״ק,באתר הארגון ניתן למצוא מידע ומדריכים מפורטים להגשת ת״ק בגין הפרות של תנאי הרישיון כנגד מפעילי התחבורה הציבורית.,תביעות קטנות,ת״ק.01,תביעות קטנות,weak,2,תנא קמא | תביעות קטנות,substituted,yes,wikipedia,15 דקות (ארגון),unreviewed,,substitution,wiki_substituted
ha-03365,ת״ק,"להשתתפות העצמית שתי מטרות: מניעתן של ת״ק, כאלה שגובהן נמוך מגובה ההשתתפות העצמית.",תביעות קטנות,ת״ק.01,תביעות קטנות,weak,2,תנא קמא | תביעות קטנות,substituted,yes,wikipedia,ביטוח אלמנטרי,unreviewed,,substitution,wiki_substituted
ha-03366,ת״ק,"במידה ויש תנא נוסף אשר חולק על דברי התנא הראשון, מצוין שמו של התנא החולק, וכך לדוגמה מציינת הגמרא: ""ת״ק סבר...",תנא קמא,ת״ק.02,תנא קמא,weak,2,תנא קמא | תביעות קטנות,substituted,yes,wikipedia,תנא קמא וסתם משנה,unreviewed,,substitution,wiki_substituted
ha-03367,ת״ק,"לדוגמה: החלק הראשון של המשנה הוא של ""ת״ק"" אנונימי, ורבי יהודה חולק עליו.",תנא קמא,ת״ק.02,תנא קמא,weak,2,תנא קמא | תביעות קטנות,substituted,yes,wikipedia,תנא קמא וסתם משנה,unreviewed,,substitution,wiki_substituted
ha-03368,ת״ק,"התנאים נחלקו במשנה באשר למספר החקירות; ת״ק סבור כי במסגרת ה""חקירות"" יש לשאול שבע שאלות, רבי יוסי סבור כי יש לשאול שלוש, ואילו לעומתם בברייתא מובאת דעה הגורסת כי יש לשאול שמונה שאלות.",תנא קמא,ת״ק.02,תנא קמא,weak,2,תנא קמא | תביעות קטנות,substituted,yes,wikipedia,דרישה וחקירה,unreviewed,,substitution,wiki_substituted
ha-02750,קש״ב,"כל קבוצה אינסופית שאפשר לסדר את איבריה בסדרה, ואפילו עם חזרות, היא בת־מנייה (לפי קש״ב).",משפט קנטור-שרדר-ברנשטיין,קש״ב.01,משפט קנטור-שרדר-ברנשטיין,weak,2,משפט קנטור-שרדר-ברנשטיין | קצין שיפוט בכיר,substituted,yes,wikipedia,קבוצה בת מנייה,unreviewed,,substitution,wiki_substituted
ha-02751,קש״ב,לפי קש״ב לא קיימת פונקציה חד-חד-ערכית ועל מקבוצת המספרים הטבעיים לקבוצה שאינה בת מנייה.,משפט קנטור-שרדר-ברנשטיין,קש״ב.01,משפט קנטור-שרדר-ברנשטיין,weak,2,משפט קנטור-שרדר-ברנשטיין | קצין שיפוט בכיר,substituted,yes,wikipedia,קבוצה שאינה בת מנייה,unreviewed,,substitution,wiki_substituted
ha-02752,קש״ב,"פליקס ברנשטיין (בגרמנית: Felix Bernstein; ‏ 24 בפברואר 1878, האלה, גרמניה – 3 בדצמבר 1956, ציריך, שווייץ) היה מתמטיקאי יהודי-גרמני הידוע ביותר על תרומתו בפיתוח קש״ב ב-1897.",משפט קנטור-שרדר-ברנשטיין,קש״ב.01,משפט קנטור-שרדר-ברנשטיין,weak,2,משפט קנטור-שרדר-ברנשטיין | קצין שיפוט בכיר,substituted,yes,wikipedia,פליקס ברנשטיין,unreviewed,,substitution,wiki_substituted
ha-02753,קש״ב,הטלת עונש של נזיפה חמורה נמצאת בסמכותם של קש״ב ומעלה.,קצין שיפוט בכיר,קש״ב.02,קצין שיפוט בכיר,weak,2,משפט קנטור-שרדר-ברנשטיין | קצין שיפוט בכיר,substituted,yes,wikipedia,נזיפה,unreviewed,,substitution,wiki_substituted
ha-02754,קש״ב,קש״ב: כל קצין שיפוט שדרגת הכתף שלו היא רב-סרן עד רב-אלוף.,קצין שיפוט בכיר,קש״ב.02,קצין שיפוט בכיר,weak,2,משפט קנטור-שרדר-ברנשטיין | קצין שיפוט בכיר,substituted,yes,wikipedia,"דין משמעתי בצה""ל",unreviewed,,substitution,wiki_substituted
ha-02755,קש״ב,קש״ב מיוחד: קצין שיפוט בעל מינוי או הכשרה מיוחדת לדון בסוג עבירות מסוימות או עבירה ספציפית.,קצין שיפוט בכיר,קש״ב.02,קצין שיפוט בכיר,weak,2,משפט קנטור-שרדר-ברנשטיין | קצין שיפוט בכיר,substituted,yes,wikipedia,"דין משמעתי בצה""ל",unreviewed,,substitution,wiki_substituted
ha-01327,יומה״כ,"מעשה הכפרה הוא לרוב פעולת טיהור של הכהן בטקס מיוחד; המורכב והארוך מבין טקסים אלה הוא עבודת יומה״כ, שכולה מיוחדת לדבר הכפרה.",יום הכיפורים,יומה״כ.01,יום הכיפורים,weak,2,יום הכיפורים | יוצא מן הכלל,substituted,yes,wikipedia,יום הכיפורים,unreviewed,,substitution,wiki_substituted
ha-01328,יומה״כ,"אולם הדמיון הוא כללי בלבד, גם אם טקסים אלו השפיעו על המסורות המקראיות, וישנם הבדלים עקרוניים רבים ביניהם לבין מהות יומה״כ המקראי.",יום הכיפורים,יומה״כ.01,יום הכיפורים,weak,2,יום הכיפורים | יוצא מן הכלל,substituted,yes,wikipedia,יום הכיפורים,unreviewed,,substitution,wiki_substituted
ha-01329,יומה״כ,יומה״כ בבית המקדש היה בעל חשיבות מיוחדת ועיקרו היה טקסי טיהור של המקדש ווידוי של הכהן הגדול על חטאי העם.,יום הכיפורים,יומה״כ.01,יום הכיפורים,weak,2,יום הכיפורים | יוצא מן הכלל,substituted,yes,wikipedia,יום הכיפורים,unreviewed,,substitution,wiki_substituted
ha-01330,יומה״כ,"נשימה תאית, באופן זה או אחר, מתרחשת בכל התאים ובכל היצורים החיים, ללא יומה״כ.",יוצא מן הכלל,יומה״כ.02,יוצא מן הכלל,weak,2,יום הכיפורים | יוצא מן הכלל,substituted,yes,wikipedia,נשימה,unreviewed,,substitution,wiki_substituted
ha-01331,יומה״כ,"בעידן המודרני, המונח ""דיקטטור"" משמש לרוב לתיאור מנהיג שהוא בעל בכוח אישי יומה״כ ואף עושה בו שימוש לרעה.",יוצא מן הכלל,יומה״כ.02,יוצא מן הכלל,weak,2,יום הכיפורים | יוצא מן הכלל,substituted,yes,wikipedia,דיקטטור,unreviewed,,substitution,wiki_substituted
ha-01332,יומה״כ,"כרוזים אחדים יעידו כי ישנו יומה״כ, כאשר הגבול עצמו טעון במספר מטענים לא ניתן לצמצם את מספרם ולכן החוק אינו תקף.",יוצא מן הכלל,יומה״כ.02,יוצא מן הכלל,weak,2,יום הכיפורים | יוצא מן הכלל,substituted,yes,wikipedia,גבול (הרלדיקה),unreviewed,,substitution,wiki_substituted
ha-02884,רמ״ך,"הרב רמ״ך שחי בתוניסיה, ומכלוף אביטן שחי במרוקו, ניסחו כל אחד בנפרד חזון אוטופי שבמרכזו ממשלה עולמית.",כלפון משה הכהן,רמ״ך.02,כלפון משה הכהן,weak,4,משה הכהן אבן ג'יקטילה | כלפון משה הכהן | רבי מלאכי הכהן | רבי משה הכהן מלוניל,substituted,yes,wikipedia,ממשלה עולמית,unreviewed,,substitution,wiki_substituted
ha-02885,רמ״ך,"נינו, אחד מבניו של רבי שלום, הוא הרב רמ״ך.",כלפון משה הכהן,רמ״ך.02,כלפון משה הכהן,weak,4,משה הכהן אבן ג'יקטילה | כלפון משה הכהן | רבי מלאכי הכהן | רבי משה הכהן מלוניל,substituted,yes,wikipedia,שאול הכהן,unreviewed,,substitution,wiki_substituted
ha-02886,רמ״ך,הרב רודריגס היה רבו של רמ״ך שאף כתב מספר תשובות בספרו.,רבי מלאכי הכהן,רמ״ך.01,רבי מלאכי הכהן,weak,4,משה הכהן אבן ג'יקטילה | כלפון משה הכהן | רבי מלאכי הכהן | רבי משה הכהן מלוניל,substituted,yes,wikipedia,אברהם חיים רודריגס,unreviewed,,substitution,wiki_substituted
ha-02887,רמ״ך,"בקהילה היהודית התארגנו שיעורי תורה לחברי הקהילות והישיבות, שיעורים שאותם העביר רמ״ך, מגדולי רבני ליבורנו, שחיבר אף הוא ספר לזכר הימים ובו תפילות ותחינות, בשם ""שבחי תודה"".",רבי מלאכי הכהן,רמ״ך.01,רבי מלאכי הכהן,weak,4,משה הכהן אבן ג'יקטילה | כלפון משה הכהן | רבי מלאכי הכהן | רבי משה הכהן מלוניל,substituted,yes,wikipedia,רעידות האדמה בליבורנו,unreviewed,,substitution,wiki_substituted
ha-02888,רמ״ך,"החשוב שבתלמידיו היה רמ״ך, מחבר הספר האנציקלופדי יד מלאכי.",רבי מלאכי הכהן,רמ״ך.01,רבי מלאכי הכהן,weak,4,משה הכהן אבן ג'יקטילה | כלפון משה הכהן | רבי מלאכי הכהן | רבי משה הכהן מלוניל,substituted,yes,wikipedia,יוסף אירגס,unreviewed,,substitution,wiki_substituted
ha-01671,מד״ן,"פעילות תנועת נוער נעשית לאור ערכים של החינוך הבלתי-פורמלי כגון אוטונומיה, עקרון ""נוער מד״ן"" ותרומה לקהילה.",מדריך נוער,מד״ן.02,מדריך נוער,weak,3,משה דוד גאון | מדריך נוער | מספן המודיעין,substituted,yes,wikipedia,תנועת נוער,unreviewed,,substitution,wiki_substituted
ha-01672,מד״ן,"כך, התוכנית התמקדה בחיי שכונה ישראלית, עם ילדים בעיקר מבני עדות המזרח ומשפחותיהם ועם מד״ן שכונתי (ששון גבאי).",מדריך נוער,מד״ן.02,מדריך נוער,weak,3,משה דוד גאון | מדריך נוער | מספן המודיעין,substituted,yes,wikipedia,הילדים משכונת חיים,unreviewed,,substitution,wiki_substituted
ha-01673,מד״ן,"בהמשך שימש כראש מד״ן, בין היתר במבצע תיבת נוח.",מספן המודיעין,מד״ן.01,מספן המודיעין,weak,3,משה דוד גאון | מדריך נוער | מספן המודיעין,substituted,yes,wikipedia,חזי משיטה,unreviewed,,substitution,wiki_substituted
ha-01674,מד״ן,ב-2007 מונה לראש מד״ן במטה חיל הים וב-2009 מונה למפקד בסיס חיפה וכיהן בתפקיד עד נובמבר 2011.,מספן המודיעין,מד״ן.01,מספן המודיעין,weak,3,משה דוד גאון | מדריך נוער | מספן המודיעין,substituted,yes,wikipedia,אבי ארזוני,unreviewed,,substitution,wiki_substituted
ha-01675,מד״ן,"בינואר 1996 מונה לראש מד״ן בחיל הים - ""רמדן"" וקודם לדרגת תת-אלוף.",מספן המודיעין,מד״ן.01,מספן המודיעין,weak,3,משה דוד גאון | מדריך נוער | מספן המודיעין,substituted,yes,wikipedia,שי ברוש,unreviewed,,substitution,wiki_substituted
ha-01676,מד״ן,בנו בני גאון ייסד על שמו את מרכז מד״ן לתרבות הלאדינו באוניברסיטת בן-גוריון בנגב.,משה דוד גאון,מד״ן.03,משה דוד גאון,weak,3,משה דוד גאון | מדריך נוער | מספן המודיעין,substituted,yes,wikipedia,משה דוד גאון,unreviewed,,substitution,wiki_substituted
ha-01677,מד״ן,"בספר ""יהודי המזרח"" שכתב מד״ן נכתב עליו שהיה גדול הן בחכמת הנסתר והן בתורת הנגלה ודרכי הלמוד של האשכנזים לא היו זרות לו.",משה דוד גאון,מד״ן.03,משה דוד גאון,weak,3,משה דוד גאון | מדריך נוער | מספן המודיעין,substituted,yes,wikipedia,ידידיה רפאל אבולעפיה,unreviewed,,substitution,wiki_substituted
ha-02179,נמ״ת,"נמ״ת הוא מתחם המאפשר למטוסים לנחות, להמריא ולחנות.",נמל תעופה,נמ״ת.01,נמל תעופה,weak,2,נמל תעופה | נקודה מתה תחתונה,substituted,no,wikipedia,נמל תעופה,unreviewed,,substitution,wiki_substituted
ha-02180,נמ״ת,"נמ״ת בין־לאומי המשמש שער כניסה ויציאה בין מדינות, כולל גם שירותי מכס וביקורת גבולות .",נמל תעופה,נמ״ת.01,נמל תעופה,weak,2,נמל תעופה | נקודה מתה תחתונה,substituted,no,wikipedia,נמל תעופה,unreviewed,,substitution,wiki_substituted
ha-02181,נמ״ת,"בהתאם, בדרך כלל, ליד כל נמ״ת גדול תהיה חוות מכלי דלק סילוני ומערכת הולכה שמעבירה את הדלק אל נמל התעופה.",נמל תעופה,נמ״ת.01,נמל תעופה,weak,2,נמל תעופה | נקודה מתה תחתונה,substituted,no,wikipedia,נמל תעופה,unreviewed,,substitution,wiki_substituted
ha-02574,פר״ח,"בשכונת זיכרון משה בירושלים, קיים רחוב על שם ספרו ""פר״ח"".",פרי חדש,פר״ח.01,פרי חדש,weak,3,פרי חדש | פרויקט חונכות | פירש רבנו חננאל,substituted,no,wikipedia,חזקיה די סילוה,unreviewed,,substitution,wiki_substituted
ha-02575,פר״ח,"וכן בזמן שמתרחש לאדם אירוע חיובי, כמו קניית בגד חדש, אכילת פר״ח, ראיית חבר טוב שלא ראה 30 יום, או בשורה טובה ששמע.",פרי חדש,פר״ח.01,פרי חדש,weak,3,פרי חדש | פרויקט חונכות | פירש רבנו חננאל,substituted,no,wikipedia,ברכת שהחיינו,unreviewed,,substitution,wiki_substituted
ha-02576,פר״ח,"הסוג השני של זמן אמירת הברכה כולל: ברכה בעת אכילת פר״ח, שעדיין לא אכלוהו בעונה זו.",פרי חדש,פר״ח.01,פרי חדש,weak,3,פרי חדש | פרויקט חונכות | פירש רבנו חננאל,substituted,no,wikipedia,ברכת שהחיינו,unreviewed,,substitution,wiki_substituted
ha-00004,אא״ג,רופא אא״ג הוא מומחה המטפל בכל ההיבטים הרפואיים והאסתטיים של האף האוזן והגרון.,אף אוזן גרון,אא״ג.01,אף אוזן גרון,weak,2,אף אוזן גרון | אלקטרואנצפלוגרף; תרשים הפעילות החשמלית של המוח,substituted,no,wikipedia,רפואת אף אוזן גרון,unreviewed,,substitution,wiki_substituted
ha-00005,אא״ג,"שלישיית אא״ג הייתה להקה ישראלית, שפעלה בין השנים 1970 ל-1975.",אף אוזן גרון,אא״ג.01,אף אוזן גרון,weak,2,אף אוזן גרון | אלקטרואנצפלוגרף; תרשים הפעילות החשמלית של המוח,substituted,no,wikipedia,אף אוזן גרון (להקה),unreviewed,,substitution,wiki_substituted
ha-00006,אא״ג,"מלבד היותו מוזיקאי, הוא גם רופא המתמחה ברפואת אא״ג.",אף אוזן גרון,אא״ג.01,אף אוזן גרון,weak,2,אף אוזן גרון | אלקטרואנצפלוגרף; תרשים הפעילות החשמלית של המוח,substituted,no,wikipedia,חורחה דרקסלר,unreviewed,,substitution,wiki_substituted
ha-01263,ח״ל,"על מנת להתמנות לדרגת ""מיור"", קצין ח״ל קורס מטה בסיסי (Stabsoffizierlehrgang) שנערך במכללת סגל ופיקוד הכוחות המזוינים הגרמניים (Führungsakademie der Bundeswehr).",חייב לעבור,ח״ל.01,חייב לעבור,weak,2,"חייב לעבור | חוץ לארץ, חוצה לארץ",substituted,no,wikipedia,מיור (גרמניה),unreviewed,,substitution,wiki_substituted
ha-01264,ח״ל,"מסמך זה ח״ל את אישורם של גופים מאסדרים (בישראל, הרשות לניירות ערך) בטרם יתפרסם.",חייב לעבור,ח״ל.01,חייב לעבור,weak,2,"חייב לעבור | חוץ לארץ, חוצה לארץ",substituted,no,wikipedia,הנפקה,unreviewed,,substitution,wiki_substituted
ha-01265,ח״ל,"בטא-קרוטן, הפיגמנט הכתום המצוי בגזר ובמזונות צמחיים אחרים, מורכב משתי קבוצות רטיניל מחוברות והוא בעל פעילות פרו-ויטמין A הגבוהה ביותר (תאורטית 50%), אך הוא ח״ל תחילה המרה לרטינל בתאי המעי.",חייב לעבור,ח״ל.01,חייב לעבור,weak,2,"חייב לעבור | חוץ לארץ, חוצה לארץ",substituted,no,wikipedia,ויטמין A,unreviewed,,substitution,wiki_substituted
ha-02347,ס״ל,הספרייה הלאומית לרפואה (NLM) (National Library of Medicine) ס״ל המוקדשת לרפואה.,ספריה לאומית,ס״ל.01,ספריה לאומית,weak,3,"ספריה לאומית | סבירא ליה ( הוא סבור, מסתבר לו) | סמיך ליה (ארמית:סמוך לו)",substituted,no,wikipedia,המכונים הלאומיים לבריאות,unreviewed,,substitution,wiki_substituted
ha-00968,הו״ל,"ככל ספריו של עגנון שיצאו לאור לאחר פטירתו, גם ספר זה הו״ל בידי בתו, אמונה ירון.",הובא לדפוס,הו״ל.02,הובא לדפוס,weak,3,הוציא לאור | הובא לדפוס | הֲוָה לֵיהּ,substituted,no,wikipedia,תכריך של סיפורים,unreviewed,,substitution,wiki_substituted
ha-00969,הו״ל,"אשר ברש ערך ספרי פרוזה בהוצאה זו, ובמסגרתה הו״ל את ספרו של דוד פוגל ""חיי נישואים"".",הוציא לאור,הו״ל.01,הוציא לאור,weak,3,הוציא לאור | הובא לדפוס | הֲוָה לֵיהּ,substituted,no,wikipedia,הוצאת מצפה,unreviewed,,substitution,wiki_substituted
ha-00970,הו״ל,"באפריל 2022 הו״ל את הסינגל ""מאיה"", שכתב והלחין אבי בן זקן.",הוציא לאור,הו״ל.01,הוציא לאור,weak,3,הוציא לאור | הובא לדפוס | הֲוָה לֵיהּ,substituted,no,wikipedia,ניב דמירל,unreviewed,,substitution,wiki_substituted
ha-00971,הו״ל,"ב-18 בספטמבר 2023 הו״ל את אלבומו השני, ""ילד טוב"".",הוציא לאור,הו״ל.01,הוציא לאור,weak,3,הוציא לאור | הובא לדפוס | הֲוָה לֵיהּ,substituted,no,wikipedia,ניב דמירל,unreviewed,,substitution,wiki_substituted
ha-01438,כה״ג,וכל כה״ג ראיתי להזכיר טעמו וטעמא דידי והרואה יבחר”.,כהאי גוונא,כה״ג.03,כהאי גוונא,weak,3,כהן גדול | כנסת הגדולה | כהאי גוונא,substituted,yes,wikipedia,אורים ותומים (ספר),unreviewed,,substitution,wiki_substituted
ha-01439,כה״ג,"לעומת זאת, בתלמוד הבבלי משמע שדיני ממונות של כה״ג נידונים בפני שלושה דיינים, כמו דינו של כל אדם.",כהן גדול,כה״ג.01,כהן גדול,weak,3,כהן גדול | כנסת הגדולה | כהאי גוונא,substituted,yes,wikipedia,כהן גדול,unreviewed,,substitution,wiki_substituted
ha-01440,כה״ג,"עבודת כה״ג ביום כיפור - בתקופה שהיה קיים בית המקדש, הייתה עבודת הכהן הגדול החלק המרכזי של יום הכיפורים.",כהן גדול,כה״ג.01,כהן גדול,weak,3,כהן גדול | כנסת הגדולה | כהאי גוונא,substituted,yes,wikipedia,כהן גדול,unreviewed,,substitution,wiki_substituted
ha-01441,כה״ג,"ולכך לבישת בגדי הכהונה שעל ידם נעשה כה״ג, צריכה להיעשות בפני בית זה.",כהן גדול,כה״ג.01,כהן גדול,weak,3,כהן גדול | כנסת הגדולה | כהאי גוונא,substituted,yes,wikipedia,כהן גדול,unreviewed,,substitution,wiki_substituted
ha-01442,כה״ג,"על אנשי כה״ג נמנו חגי, זכריה, מלאכי, דניאל, חנניה, מישאל ועזריה, עזרא הסופר, נחמיה, מרדכי וזרובבל.",כנסת הגדולה,כה״ג.02,כנסת הגדולה,weak,3,כהן גדול | כנסת הגדולה | כהאי גוונא,substituted,yes,wikipedia,כנסת הגדולה,unreviewed,,substitution,wiki_substituted
ha-01443,כה״ג,"אנשי כה״ג מופיעים בראש מסכת אבות כחוליה בשרשרת מוסרי התורה, ממעמד הר סיני ועד לחתימת המשנה: לאנשי כה״ג היה תפקיד שיפוטי.",כנסת הגדולה,כה״ג.02,כנסת הגדולה,weak,3,כהן גדול | כנסת הגדולה | כהאי גוונא,substituted,yes,wikipedia,כנסת הגדולה,unreviewed,,substitution,wiki_substituted
ha-01444,כה״ג,"אף כי לפי ההלכה, במוסד השיפוטי העליון, הסנהדרין, ישנם 71 חברים בלבד, נמסר כי אנשי כה״ג מנו 120 חברים (ואפשר שזהו מספר טיפולוגי).",כנסת הגדולה,כה״ג.02,כנסת הגדולה,weak,3,כהן גדול | כנסת הגדולה | כהאי גוונא,substituted,yes,wikipedia,כנסת הגדולה,unreviewed,,substitution,wiki_substituted
ha-01266,ח״מ,"היה חבר אגודת האדמו""רים ח״מ הרבנים בשיקגו וחבר ועד הפועל של קרן הצלה בשיקגו.",חבר מרכז,ח״מ.01,חבר מרכז,weak,2,חבר מרכז | חתום מטה,substituted,no,wikipedia,חסידות מאלין,unreviewed,,substitution,wiki_substituted
ha-03242,תו״ח,ישיבת תו״ח הייתה ישיבה בעיר העתיקה בירושלים.,תורת חיים,תו״ח.01,תורת חיים,weak,5,תורת חיים | תורת חטאת | תוספות חדשים | תורת חיים על התורה מרבי חיים הגר | תורת חיים על התלמוד מרבי אברהם חיים שור,substituted,no,wikipedia,ישיבת תורת חיים,unreviewed,,substitution,wiki_substituted
ha-03243,תו״ח,המלגות שנתנו אז ללומדים בישיבת תו״ח היו גבוהות מבישיבות האחרות וקבוצת לומדים מבחירי ישיבת עץ חיים עברו לישיבת תו״ח.,תורת חיים,תו״ח.01,תורת חיים,weak,5,תורת חיים | תורת חטאת | תוספות חדשים | תורת חיים על התורה מרבי חיים הגר | תורת חיים על התלמוד מרבי אברהם חיים שור,substituted,no,wikipedia,ישיבת תורת חיים,unreviewed,,substitution,wiki_substituted
ha-03244,תו״ח,"אל התביעה הצטרפה אגודת ""בני הישיבה תו״ח"" אותה ייצג משה זמורה.",תורת חיים,תו״ח.01,תורת חיים,weak,5,תורת חיים | תורת חטאת | תוספות חדשים | תורת חיים על התורה מרבי חיים הגר | תורת חיים על התלמוד מרבי אברהם חיים שור,substituted,no,wikipedia,ישיבת תורת חיים,unreviewed,,substitution,wiki_substituted
ha-00764,ג״א,"בורק קיבלה השראה לביטוי לאחר שהזדהתה עם מקרה של ילדה בת 13 שהותקפה מינית, והצטערה שלא הגיבה, בזמן שיכלה לומר לה בפשטות ""ג״א"".",גם אני,ג״א.01,גם אני,weak,2,גרסה אחרת | גם אני,substituted,yes,wikipedia,Me Too,unreviewed,,substitution,wiki_substituted
ha-00765,ג״א,"לאחר פרסום הידיעה בחדשות 0404 החלה המחאה בעמוד הפייסבוק ""ג״א עם דוד הנחלאווי"", ובתוך זמן קצר העלה העמוד תמונות רבות, שהחלו סוחפות את הרשת החברתית.",גם אני,ג״א.01,גם אני,weak,2,גרסה אחרת | גם אני,substituted,yes,wikipedia,מחאת דוד הנחלאווי,unreviewed,,substitution,wiki_substituted
ha-00766,ג״א,"לאתר חדשות 0404 ולדף הפייסבוק שלו הועלו אלפי תמונות של חיילים המצטלמים עם השלטים ""ג״א עם דוד הנחלאווי"".",גם אני,ג״א.01,גם אני,weak,2,גרסה אחרת | גם אני,substituted,yes,wikipedia,מחאת דוד הנחלאווי,unreviewed,,substitution,wiki_substituted
ha-00767,ג״א,ג״א למקור השם היא שזו שפת המקור או שפת המולדת־האם או שפת הארץ.,גרסה אחרת,ג״א.02,גרסה אחרת,weak,2,גרסה אחרת | גם אני,substituted,yes,wikipedia,שפת אם,unreviewed,,substitution,wiki_substituted
ha-00768,ג״א,"לפי ג״א הפסים האדומים מסמלים את דם חייהם של בני העם, והפסים הלבנים - את טוהר הדת הבודהיסטית.",גרסה אחרת,ג״א.02,גרסה אחרת,weak,2,גרסה אחרת | גם אני,substituted,yes,wikipedia,דגל תאילנד,unreviewed,,substitution,wiki_substituted
ha-00769,ג״א,"בשנת 1917 הוסר סמל הפיל, והצבע האמצעי הוחלף לכחול, כאשר לפי גרסה אחת כחול הוא הצבע של יום שישי, היום בו נולד המלך, ולפי ג״א הצבע הכחול שימש כמחווה למאבקן של מדינות ההסכמה במלחמת העולם הראשונה.",גרסה אחרת,ג״א.02,גרסה אחרת,weak,2,גרסה אחרת | גם אני,substituted,yes,wikipedia,דגל תאילנד,unreviewed,,substitution,wiki_substituted
ha-01946,מק״ט,"מק״ט הוא משני סוגים: מק״ט ייחודי: לכל פריט בודד במערכת ניתן מק״ט משלו, למעקב אחר פריט זה.",מספר קטלוגי,מק״ט.01,מספר קטלוגי,weak,2,מספר קטלוגי | מפקד קטע,substituted,no,wikipedia,מספר קטלוגי,unreviewed,,substitution,wiki_substituted
ha-01947,מק״ט,"דוגמה: בספרייה ניתן לכל ספר מק״ט ייחודי, למעקב אחר מצבו של ספר זה (מושאל, נמצא על המדף, הועבר לכריכה מחדש וכדומה).",מספר קטלוגי,מק״ט.01,מספר קטלוגי,weak,2,מספר קטלוגי | מפקד קטע,substituted,no,wikipedia,מספר קטלוגי,unreviewed,,substitution,wiki_substituted
ha-01948,מק״ט,"יצירות מוזיקליות של מלחינים פוריים במיוחד נהוג להציג לא רק לפי שמן, אלא גם לפי מק״ט שניתן להן, למשל ברשימת יצירות באך או רשימת קכל של יצירות מוצרט.",מספר קטלוגי,מק״ט.01,מספר קטלוגי,weak,2,מספר קטלוגי | מפקד קטע,substituted,no,wikipedia,מספר קטלוגי,unreviewed,,substitution,wiki_substituted
ha-01949,מק״ט,"לחם בין היתר בקרב על הרובע היהודי כסגן מק״ט, ואף נפצע מכדור שפגע בירכו.",מפקד קטע,מק״ט.02,מפקד קטע,weak,2,מספר קטלוגי | מפקד קטע,substituted,no,wikipedia,ניסן זלדס,unreviewed,,substitution,wiki_substituted
ha-02836,ריב״ש,"מצד משפחתו, היה מצאצאיו של ריב״ש, ונחשב לדור השישי לו.","הבעל שם טוב, מייסד תנועת החסידות",ריב״ש.01,"הבעל שם טוב, מייסד תנועת החסידות",weak,9,"ר' ישראל בעל שם | ר' יוסף בכור שור | רבי יצחק בר ששת | מחכמי יהדות תימן | הבעל שם טוב, מייסד תנועת החסידות | ר' יחיא בן שלום חבשוש | ר' יצחק בן ר' שמואל | ר' יצחק בן שלמה מטולידו | מבעלי התוספות שחי בצרפת במאה ה-12",substituted,no,wikipedia,אהרן רבין,unreviewed,,substitution,wiki_substituted
ha-02837,ריב״ש,"ריב״ש, הנהיג אמירת שלושה פרקי תהילים על פי הסדר בימים שבין ראש חודש אלול לבין יום הכיפורים, אשר יחד עם אמירת 36 הפרקים האחרונים ביום הכיפורים משלימים את קריאת הספר כולו.","הבעל שם טוב, מייסד תנועת החסידות",ריב״ש.01,"הבעל שם טוב, מייסד תנועת החסידות",weak,9,"ר' ישראל בעל שם | ר' יוסף בכור שור | רבי יצחק בר ששת | מחכמי יהדות תימן | הבעל שם טוב, מייסד תנועת החסידות | ר' יחיא בן שלום חבשוש | ר' יצחק בן ר' שמואל | ר' יצחק בן שלמה מטולידו | מבעלי התוספות שחי בצרפת במאה ה-12",substituted,no,wikipedia,תהילים,unreviewed,,substitution,wiki_substituted
ha-02838,ריב״ש,"שנתיים מאוחר יותר פרסם בגרמנית את ""אגדת הבעל שם"" (סיפורי ריב״ש).","הבעל שם טוב, מייסד תנועת החסידות",ריב״ש.01,"הבעל שם טוב, מייסד תנועת החסידות",weak,9,"ר' ישראל בעל שם | ר' יוסף בכור שור | רבי יצחק בר ששת | מחכמי יהדות תימן | הבעל שם טוב, מייסד תנועת החסידות | ר' יחיא בן שלום חבשוש | ר' יצחק בן ר' שמואל | ר' יצחק בן שלמה מטולידו | מבעלי התוספות שחי בצרפת במאה ה-12",substituted,no,wikipedia,מרטין בובר,unreviewed,,substitution,wiki_substituted
ha-02839,ריב״ש,"כמעתיק ומתרגם, העתיק את הספר ""אל עקידה אל רפיעה"" של רבי אברהם אבן דאוד, לבקשת ריב״ש, וכינה אותו בעברית בשם ""האמונה הנישאה"".",רבי יצחק בר ששת,ריב״ש.02,רבי יצחק בר ששת,weak,9,"ר' ישראל בעל שם | ר' יוסף בכור שור | רבי יצחק בר ששת | מחכמי יהדות תימן | הבעל שם טוב, מייסד תנועת החסידות | ר' יחיא בן שלום חבשוש | ר' יצחק בן ר' שמואל | ר' יצחק בן שלמה מטולידו | מבעלי התוספות שחי בצרפת במאה ה-12",substituted,no,wikipedia,שמואל מוטוט,unreviewed,,substitution,wiki_substituted
ha-00125,איו״ש,"ב-4 בנובמבר 1981, פוצל איו״ש לחטיבת יהודה ושומרון והמנהל האזרחי שאחריותו לדאוג לצרכיה האזרחיים של האוכלוסייה הפלסטינית שבשליטת ישראל.",אזור יהודה ושומרון,איו״ש.01,אזור יהודה ושומרון,weak,2,אזור יהודה ושומרון | אריכות ימים ושנים,substituted,no,wikipedia,אוגדת אזור יהודה ושומרון,unreviewed,,substitution,wiki_substituted
ha-00126,איו״ש,הפיקוד הביטחוני הועבר למפקדת איו״ש בראשות אלוף-משנה.,אזור יהודה ושומרון,איו״ש.01,אזור יהודה ושומרון,weak,2,אזור יהודה ושומרון | אריכות ימים ושנים,substituted,no,wikipedia,אוגדת אזור יהודה ושומרון,unreviewed,,substitution,wiki_substituted
ha-00127,איו״ש,"ביוני 1988 הפכה המפקדה לאוגדת איו״ש שלושת המרחבים הפכו לשלוש חטיבות, חטיבת שומרון, חטיבת בנימין וחטיבת יהודה, והוקמה חטיבת אפרים שהופקדה על מרחב טולכרם–קלקיליה.",אזור יהודה ושומרון,איו״ש.01,אזור יהודה ושומרון,weak,2,אזור יהודה ושומרון | אריכות ימים ושנים,substituted,no,wikipedia,אוגדת אזור יהודה ושומרון,unreviewed,,substitution,wiki_substituted
ha-01722,מהרש״א,"בניו של רבי אברהם איגר, רבי מהרש״א ורבי עזריאל מאיר איגר כיהנו כאדמו""רים בפולין עד תחילת מלחמת העולם השנייה.",שלמה איגר,מהרש״א.01,שלמה איגר,weak,4,שלמה אליעזר אלפנדרי | שמואל אליעזר הלוי איידלס | שמעון אגסי | שלמה איגר,substituted,yes,wikipedia,יהודה לייב איגר,unreviewed,,substitution,wiki_substituted
ha-01723,מהרש״א,"מדפיסי סלאוויטא העלו את הטענה כאילו דעתו של רבי עקיבא איגר הוטתה על ידי בנו רבי מהרש״א, וכינו אותו ""בן כוזיבא"".",שלמה איגר,מהרש״א.01,שלמה איגר,weak,4,שלמה אליעזר אלפנדרי | שמואל אליעזר הלוי איידלס | שמעון אגסי | שלמה איגר,substituted,yes,wikipedia,דפוס סלאוויטא,unreviewed,,substitution,wiki_substituted
ha-01724,מהרש״א,"ברנשטיין נולד בברודי, האימפריה האוסטרית, לאביו, אוזיאס ברנשטיין, סוחר ולאימו, שהייתה בתו של מהרש״א ונכדתו של עקיבא איגר.",שלמה איגר,מהרש״א.01,שלמה איגר,weak,4,שלמה אליעזר אלפנדרי | שמואל אליעזר הלוי איידלס | שמעון אגסי | שלמה איגר,substituted,yes,wikipedia,נתן ברנשטיין,unreviewed,,substitution,wiki_substituted
ha-01725,מהרש״א,"אף על פי שהשטח אכן נרכש בשנת 1914 החלה הבניה רק בשנת 1930 עם ביקורו היחיד בארץ של הרב חיים אלעזר שפירא, כאשר בא לבקר את ה""סבא קדישא"" רבי מהרש״א.",שלמה אליעזר אלפנדרי,מהרש״א.02,שלמה אליעזר אלפנדרי,weak,4,שלמה אליעזר אלפנדרי | שמואל אליעזר הלוי איידלס | שמעון אגסי | שלמה איגר,substituted,yes,wikipedia,בתי מונקאטש,unreviewed,,substitution,wiki_substituted
ha-01726,מהרש״א,"היה מבאי ביתו של החכם המקובל מהרש״א, ושל הראשון לציון, חכם בן-ציון מאיר חי עוזיאל, ואף לימד בישיבתו 'שערי ציון' במשך שמונה שנים.",שלמה אליעזר אלפנדרי,מהרש״א.02,שלמה אליעזר אלפנדרי,weak,4,שלמה אליעזר אלפנדרי | שמואל אליעזר הלוי איידלס | שמעון אגסי | שלמה איגר,substituted,yes,wikipedia,יחזקאל כהן (רב),unreviewed,,substitution,wiki_substituted
ha-01727,מהרש״א,"הרב כהן יצק מים על ידי הסבא קדישא, הרב מהרש״א והיה מבאי ביתו הקרובים ומן הבודדים שנשאו חן וחסד בעיניו, וערכו עמו את סדר הפסח מדי שנה.",שלמה אליעזר אלפנדרי,מהרש״א.02,שלמה אליעזר אלפנדרי,weak,4,שלמה אליעזר אלפנדרי | שמואל אליעזר הלוי איידלס | שמעון אגסי | שלמה איגר,substituted,yes,wikipedia,יחזקאל כהן (רב),unreviewed,,substitution,wiki_substituted
ha-01728,מהרש״א,רבי מהרש״א מבאר - בהתאם לשיטתו - כי לימודו בעל פה מדי שבוע פעם או פעמיים התיש את החכמים.,שמואל אליעזר הלוי איידלס,מהרש״א.04,שמואל אליעזר הלוי איידלס,weak,4,שלמה אליעזר אלפנדרי | שמואל אליעזר הלוי איידלס | שמעון אגסי | שלמה איגר,substituted,yes,wikipedia,ספר יוחסין (תלמוד),unreviewed,,substitution,wiki_substituted
ha-01729,מהרש״א,מאמר על הרב מהרש״א בבלוג הספרנים באתר הספרייה הלאומית.,שמעון אגסי,מהרש״א.03,שמעון אגסי,weak,4,שלמה אליעזר אלפנדרי | שמואל אליעזר הלוי איידלס | שמעון אגסי | שלמה איגר,substituted,yes,wikipedia,שמעון אגסי,unreviewed,,substitution,wiki_substituted
ha-01730,מהרש״א,למד תורה מפי הרב מהרש״א ומפי הרב צדקה חוצין ועוד.,שמעון אגסי,מהרש״א.03,שמעון אגסי,weak,4,שלמה אליעזר אלפנדרי | שמואל אליעזר הלוי איידלס | שמעון אגסי | שלמה איגר,substituted,yes,wikipedia,יצחק נסים,unreviewed,,substitution,wiki_substituted
ha-01731,מהרש״א,"למד בישיבת מדרש בית זלכה אצל הרב אברהם דנגור, בהמשך למד קבלה אצל הרב מהרש״א, והיה בן בית אצל הרב יוסף חיים.",שמעון אגסי,מהרש״א.03,שמעון אגסי,weak,4,שלמה אליעזר אלפנדרי | שמואל אליעזר הלוי איידלס | שמעון אגסי | שלמה איגר,substituted,yes,wikipedia,אפרים כהן,unreviewed,,substitution,wiki_substituted
ha-00361,א״נ,"אדם קרוב אצל עצמו הוא כלל תלמודי שמשמעותו היא שאדם א״נ להעיד על עצמו, לטובתו או אף לרעתו.",אינו נאמן,א״נ.01,אינו נאמן,weak,5,אינו נאמן | אדון נכבד | און נאך (ועוד) | אי נימא (אם נאׂמר) | אי נמי (מילולית: או גם,substituted,no,wikipedia,אדם קרוב אצל עצמו,unreviewed,,substitution,wiki_substituted
ha-00362,א״נ,"סוכן כפול דו-פרצופי: אדם המשרת שתי מדינות, אך א״נ לאף אחת מהן.",אינו נאמן,א״נ.01,אינו נאמן,weak,5,אינו נאמן | אדון נכבד | און נאך (ועוד) | אי נימא (אם נאׂמר) | אי נמי (מילולית: או גם,substituted,no,wikipedia,סוכן כפול,unreviewed,,substitution,wiki_substituted
ha-00363,א״נ,"וחכמים אומרים - א״נ.” רבי יהודה טוען כי המקרא מוסיף ללא כל צורך נראה לעין את המילה ""יַכִּיר"", ולכן יש ללמוד מכאן כי אב נאמן לקבוע שבן מסוים הוא הבכור.",אינו נאמן,א״נ.01,אינו נאמן,weak,5,אינו נאמן | אדון נכבד | און נאך (ועוד) | אי נימא (אם נאׂמר) | אי נמי (מילולית: או גם,substituted,no,wikipedia,דין יכיר,unreviewed,,substitution,wiki_substituted
ha-02813,רא״ת,ביחד עם שאר החיילים שמתחתיו (אשר עברו בדרך כלל קורס רא״ת) הם אחראים למחסני הקשר החטיבתיים וסיפוק ורישום ציוד מגדוד הקשר באוגדה הממונה עליה ליחידות החטיבה ולגדודים והיחידות הכפופים לחטיבה.,רכז אמצעי תקשוב,רא״ת.01,רכז אמצעי תקשוב,weak,2,ראשי תיבות | רכז אמצעי תקשוב,substituted,no,wikipedia,פלוגת חיל קשר,unreviewed,,substitution,wiki_substituted
ha-02228,נ״י,"ערים מרכזיות נוספות הן נ״י, באפלו, רוצ'סטר, יונקרס וסירקיוז.",ניו יורק,נ״י.01,ניו יורק,weak,4,ניו יורק | נצח ישראל | נרו יאיר | נסמך יחיד,substituted,yes,wikipedia,ניו יורק (מדינה),unreviewed,,substitution,wiki_substituted
ha-02229,נ״י,"נ״י היא המדינה הרביעית בארצות הברית בגודל אוכלוסייתה, והיא המדינה שהובילה את הפוליטיקה, התרבות והכלכלה בארצות הברית.",ניו יורק,נ״י.01,ניו יורק,weak,4,ניו יורק | נצח ישראל | נרו יאיר | נסמך יחיד,substituted,yes,wikipedia,ניו יורק (מדינה),unreviewed,,substitution,wiki_substituted
ha-02230,נ״י,"נ״י גם עשירה בהיסטוריה, שמתחילה באינדיאנים שכבשו את חופיה.",ניו יורק,נ״י.01,ניו יורק,weak,4,ניו יורק | נצח ישראל | נרו יאיר | נסמך יחיד,substituted,yes,wikipedia,ניו יורק (מדינה),unreviewed,,substitution,wiki_substituted
ha-02231,נ״י,ראש עיריית נ״י מתחילת 2026 הוא זוהרן ממדאני.,ניו יורק,נ״י.01,ניו יורק,weak,4,ניו יורק | נצח ישראל | נרו יאיר | נסמך יחיד,substituted,yes,wikipedia,ניו יורק,unreviewed,,substitution,wiki_substituted
ha-02232,נ״י,"העיר נ״י מורכבת מחמישה רבעים: הברונקס, ברוקלין, מנהטן, קווינס וסטטן איילנד.",ניו יורק,נ״י.01,ניו יורק,weak,4,ניו יורק | נצח ישראל | נרו יאיר | נסמך יחיד,substituted,yes,wikipedia,ניו יורק,unreviewed,,substitution,wiki_substituted
ha-02233,נ״י,"הרכבת התחתית של נ״י פועלת 24 שעות ביממה, רחובותיה סואנים בהולכי רגל ובמכוניות והיא מכונה ""העיר שאינה ישנה לעולם"".",ניו יורק,נ״י.01,ניו יורק,weak,4,ניו יורק | נצח ישראל | נרו יאיר | נסמך יחיד,substituted,yes,wikipedia,ניו יורק,unreviewed,,substitution,wiki_substituted
ha-02234,נ״י,"ספריו (תפארת ישראל, נ״י) נחשבים[דרושה הבהרה] כבסיס שמקנה הסתכלות תורנית נכונה על עולם התורה וקניית אמונה.",נצח ישראל,נ״י.02,נצח ישראל,weak,4,ניו יורק | נצח ישראל | נרו יאיר | נסמך יחיד,substituted,yes,wikipedia,"מהר""ל מפראג",unreviewed,,substitution,wiki_substituted
ha-02235,נ״י,"נ״י, נר מצווה על חנוכה ואור חדש על פורים יצאו במשך השנתיים הבאות.",נצח ישראל,נ״י.02,נצח ישראל,weak,4,ניו יורק | נצח ישראל | נרו יאיר | נסמך יחיד,substituted,yes,wikipedia,"מהר""ל מפראג",unreviewed,,substitution,wiki_substituted
ha-02236,נ״י,"ארבל למד בבית הספר הממלכתי-דתי נ״י לבנים, בתלמוד תורה שארית ישראל, ובהמשך בישיבת נחלת דוד בפתח תקווה.",נצח ישראל,נ״י.02,נצח ישראל,weak,4,ניו יורק | נצח ישראל | נרו יאיר | נסמך יחיד,substituted,yes,wikipedia,משה ארבל,unreviewed,,substitution,wiki_substituted
ha-02237,נ״י,"חרף זאת, אין לדעת בוודאות אם הכוונה לברכת החיים: נ״י או לשבח הרבני: נר ישראל.",נרו יאיר,נ״י.03,נרו יאיר,weak,4,ניו יורק | נצח ישראל | נרו יאיר | נסמך יחיד,substituted,yes,wikipedia,ברכת החיים,unreviewed,,substitution,wiki_substituted
ha-02238,נ״י,"קיבל הסכמה לספר מרבו איסר זלמן מלצר, שכתב עליו: ""הרב הגדול חריף ובקי, מצוין ביראת שמים ובמדות נעלות מורינו הרב שמואל הומינער נ״י, ממצויני ישיבת עץ חיים"".",נרו יאיר,נ״י.03,נרו יאיר,weak,4,ניו יורק | נצח ישראל | נרו יאיר | נסמך יחיד,substituted,yes,wikipedia,שמואל הומינר (רב),unreviewed,,substitution,wiki_substituted
ha-01173,חו״ש,חו״ש הוא ביטוי מתקופת האמוראים המביע הסתייגות ודחיה או פחד מתיאור או ממצב שהוזכרו.,חס ושלום,חו״ש.01,חס ושלום,weak,2,חס ושלום | חדש ושבת,substituted,no,wikipedia,חס ושלום,unreviewed,,substitution,wiki_substituted
ha-01174,חו״ש,"קיים בלבול בין הביטוי ""חו״ש"" לביטוי הדומה ""חס וחלילה"".",חס ושלום,חו״ש.01,חס ושלום,weak,2,חס ושלום | חדש ושבת,substituted,no,wikipedia,חס ושלום,unreviewed,,substitution,wiki_substituted
ha-01175,חו״ש,”מיד הניח ידיו על ראשו והיה צועק ובוכה ואמר לו שמא חו״ש אין להם תקנה”.,חס ושלום,חו״ש.01,חס ושלום,weak,2,חס ושלום | חדש ושבת,substituted,no,wikipedia,חס ושלום,unreviewed,,substitution,wiki_substituted
ha-03292,תת״מ,כאשר הממאירות אינה מטופלת לאורך זמן אנו נראה הגדלה של גלגל העין עקב תת״מ שיוצר הגידול.,תהליך תופס מקום,תת״מ.01,תהליך תופס מקום,weak,2,תת משקל | תהליך תופס מקום,substituted,no,wikipedia,רטינובלסטומה,unreviewed,,substitution,wiki_substituted
ha-03293,תת״מ,"בעיות נוספות שעלולות להיות הן בעיות הורמונליות של הגבר, מתחים נפשיים, עודף או תת״מ ותת תזונה, דלקות, נזק מולד, וקנדידה.",תת משקל,תת״מ.02,תת משקל,weak,2,תת משקל | תהליך תופס מקום,substituted,no,wikipedia,אי-פוריות,unreviewed,,substitution,wiki_substituted
ha-02649,צק״ר,דמותו של גופי הרגיזה את יתר הצופים ברעש ובלכלוך שעשה כאשר צק״ר או פיצח גרעינים.,צחק בקול רם,צק״ר.01,צחק בקול רם,weak,3,צחק בקול רם | ציוד קשר רדיו | ציון קצונה ראשוני,substituted,no,wikipedia,גופי (דמות דיסני),unreviewed,,substitution,wiki_substituted
ha-02650,צק״ר,"לאחר מכן חזר השודד על דרישתו: ""תראה, חבר, אמרתי הכסף שלך או החיים שלך!"" בני ירה בחזרה: ""אני חושב על זה!"" הפעם הקהל צק״ר יותר מאשר בזמן ההפסקה.",צחק בקול רם,צק״ר.01,צחק בקול רם,weak,3,צחק בקול רם | ציוד קשר רדיו | ציון קצונה ראשוני,substituted,no,wikipedia,ג'ק בני,unreviewed,,substitution,wiki_substituted
ha-02651,צק״ר,"וושינגטון המפוקח, שלא נהג לחייך לעיתים קרובות, צק״ר.",צחק בקול רם,צק״ר.01,צחק בקול רם,weak,3,צחק בקול רם | ציוד קשר רדיו | ציון קצונה ראשוני,substituted,no,wikipedia,ישראל פטנאם,unreviewed,,substitution,wiki_substituted
ha-02878,רמ״ז,ידידו של רמ״ז אשר יחד עמו הנהיג את העיר.,רבי משה זכות,רמ״ז.01,רבי משה זכות,weak,2,רבי משה זכות | ר' משה זיידל,substituted,no,wikipedia,שמואל אבוהב,unreviewed,,substitution,wiki_substituted
ha-02879,רמ״ז,"בצעירותו למד קבלה אצל רמ״ז בוונציה, ונמנה עם תלמידיו המובהקים.",רבי משה זכות,רמ״ז.01,רבי משה זכות,weak,2,רבי משה זכות | ר' משה זיידל,substituted,no,wikipedia,אברהם רוויגו,unreviewed,,substitution,wiki_substituted
ha-02880,רמ״ז,"באותה תקופה התקרב לרבי בנימין הכהן ויטאלי מרג'ו, שהיה אף הוא מתלמידי רמ״ז, והשניים נותרו ידידים קרובים במשך שנים רבות.",רבי משה זכות,רמ״ז.01,רבי משה זכות,weak,2,רבי משה זכות | ר' משה זיידל,substituted,no,wikipedia,אברהם רוויגו,unreviewed,,substitution,wiki_substituted
ha-01141,חו״ג,"בד הוא חומר גלם לתעשיית הביגוד, והוא נוצר כתוצאה מעיבוד נרחב של כותנה, צמר או חו״ג אחרים מסוג זה.",חומרי גלם,חו״ג.01,חומרי גלם,weak,2,חומרי גלם | חסד וגבורה,substituted,no,wikipedia,חומר גלם,unreviewed,,substitution,wiki_substituted
ha-01142,חו״ג,"לייצורו של מוצר מסוים ניתן להשתמש לעיתים בחלופות אחדות של חו״ג, ולעיתים מוחלף חומר גלם מסוים בחומר גלם אחר, שנמצא עדיף.",חומרי גלם,חו״ג.01,חומרי גלם,weak,2,חומרי גלם | חסד וגבורה,substituted,no,wikipedia,חומר גלם,unreviewed,,substitution,wiki_substituted
ha-01068,ז״ח,את תפקידיו בצבא סיים כראש ענף ז״ח בתקופת ההכנה למלחמת המפרץ ובמהלכה.,זיהוי חללים,ז״ח.01,זיהוי חללים,weak,2,זרם חילופין | זיהוי חללים,substituted,yes,wikipedia,מרדכי אברמובסקי,unreviewed,,substitution,wiki_substituted
ha-01069,ז״ח,"הקורס כולל שיעורים והרצאות בנושאי הלכה, כשרות, ז״ח וקבורה ו""תודעה יהודית"".",זיהוי חללים,ז״ח.01,זיהוי חללים,weak,2,זרם חילופין | זיהוי חללים,substituted,yes,wikipedia,"מש""ק דת",unreviewed,,substitution,wiki_substituted
ha-01070,ז״ח,"לאחר המלחמה הועלה צורך מיידי על ידי הרבנות הצבאית הראשית למסד נוהלי ז״ח ופינוים, מכיוון שתחום זה בלחימה, לקה בחסר.",זיהוי חללים,ז״ח.01,זיהוי חללים,weak,2,זרם חילופין | זיהוי חללים,substituted,yes,wikipedia,חיל משאבי האנוש,unreviewed,,substitution,wiki_substituted
ha-01071,ז״ח,"בשנת 1876 פאבל יבלוקוב הציע נורה שלה קרא בשם נר יבלוקוב שעבדה על ז״ח, וסיפקה תאורה מאוד יציבה.",זרם חילופין,ז״ח.02,זרם חילופין,weak,2,זרם חילופין | זיהוי חללים,substituted,yes,wikipedia,זרם חילופין,unreviewed,,substitution,wiki_substituted
ha-01072,ז״ח,"בזכות תגלית זו, מפעלי גנז ב-1878 התחילו ביצור חלקים וערכות תאורה עירונית בטכנולוגיה של ז״ח תוך שימוש בנר יבלוקוב, וב-1883 כבר היו כחמישים מוקדי תאורה פעילים כאלה, בערי אוסטרו-הונגריה.",זרם חילופין,ז״ח.02,זרם חילופין,weak,2,זרם חילופין | זיהוי חללים,substituted,yes,wikipedia,זרם חילופין,unreviewed,,substitution,wiki_substituted
ha-01073,ז״ח,ממציא אמריקני נוסף (ממוצא סרבי) ניקולה טסלה המציא מנוע על בסיס ז״ח ב-1888.,זרם חילופין,ז״ח.02,זרם חילופין,weak,2,זרם חילופין | זיהוי חללים,substituted,yes,wikipedia,זרם חילופין,unreviewed,,substitution,wiki_substituted
ha-01892,מנ״ח,"כל ארגון נזקק לשירותיו של מנ״ח, ולמעשה החל מהשלבים הראשונים של תכנון העסק כבר יש צורך להיעזר בו.",מנהל חשבונות,מנ״ח.01,מנהל חשבונות,weak,2,מנהל חשבונות | מנחת חינוך,substituted,yes,wikipedia,מנהל חשבונות,unreviewed,,substitution,wiki_substituted
ha-01893,מנ״ח,"כשהעסק מתפתח נדרש בו מנ״ח במשרה מלאה, וככל שהיקפי העבודה גדלים - יש צורך להוסיף בתוך העסק מנהלי חשבונות המבצעים תפקידים שונים במחלקות נפרדות.",מנהל חשבונות,מנ״ח.01,מנהל חשבונות,weak,2,מנהל חשבונות | מנחת חינוך,substituted,yes,wikipedia,מנהל חשבונות,unreviewed,,substitution,wiki_substituted
ha-01894,מנ״ח,"במקרים כאלה יעמוד מעל כולם מנ״ח ראשי, וכשהעסק מורכב ממנים חָשָב – לו כפופים כל מנהלי החשבונות.",מנהל חשבונות,מנ״ח.01,מנהל חשבונות,weak,2,מנהל חשבונות | מנחת חינוך,substituted,yes,wikipedia,מנהל חשבונות,unreviewed,,substitution,wiki_substituted
ha-01895,מנ״ח,"על הספר נכתבו פירושים רבים המבארים דבריו ודנים במקורותיו, המפורסם מביניהם הוא ""מנ״ח"".",מנחת חינוך,מנ״ח.02,מנחת חינוך,weak,2,מנהל חשבונות | מנחת חינוך,substituted,yes,wikipedia,ספר החינוך,unreviewed,,substitution,wiki_substituted
ha-01896,מנ״ח,"ניתן לומר שאין הוא נצמד בדווקא לדברי ספר החינוך, על אף שהחיבור אמור להיות פירוש לדבריו, וברוב הפעמים הוא משמש בעיקר כנקודת פתיחה לדיוניו המתרחבים של בעל מנ״ח.",מנחת חינוך,מנ״ח.02,מנחת חינוך,weak,2,מנהל חשבונות | מנחת חינוך,substituted,yes,wikipedia,מנחת חינוך (ספר),unreviewed,,substitution,wiki_substituted
ha-01897,מנ״ח,"ניתן לומר כי הדבר אכן עלה בידו, דורות של תלמידי חכמים ממשיכים לדון בדבריו, ועניין נפוץ הוא בישיבות שהחפץ לפתח נושא מסוים - פונה לספר מנ״ח, שם באפשרותו למצוא נקודות רבות בהן יוכל להרחיב.",מנחת חינוך,מנ״ח.02,מנחת חינוך,weak,2,מנהל חשבונות | מנחת חינוך,substituted,yes,wikipedia,מנחת חינוך (ספר),unreviewed,,substitution,wiki_substituted
ha-02526,ע״ש,"בשנת 2007 שיחק (עם אסתי סבידנסקי) וביים בתיאטרון תמונע בתל אביב ובתיאטרון הספרייה ברמת גן את ההצגה ""ע״ש"", עיבוד של רועי חן לפי רומן המכתבים מאת שלום עליכם על ""איש העסקים"" מנחם מנדל.",עיקר שכחתי,ע״ש.03,עיקר שכחתי,weak,5,על שום | עמוד השדרה | ערב שבת | עיין שם | עיקר שכחתי,substituted,yes,wikipedia,מיכאל טפליצקי,unreviewed,,substitution,wiki_substituted
ha-02527,ע״ש,"כמו כן, ביים את ההצגה ""ע״ש"" בבית שלום עליכם ותיאטרון תמונע.",עיקר שכחתי,ע״ש.03,עיקר שכחתי,weak,5,על שום | עמוד השדרה | ערב שבת | עיין שם | עיקר שכחתי,substituted,yes,wikipedia,מיכאל טפליצקי,unreviewed,,substitution,wiki_substituted
ha-02528,ע״ש,"הוא ביים את ההצגה ""ע״ש"" בתיאטרון בסנט פטרבורג בתיאטרון ""Takoy Teatr"".",עיקר שכחתי,ע״ש.03,עיקר שכחתי,weak,5,על שום | עמוד השדרה | ערב שבת | עיין שם | עיקר שכחתי,substituted,yes,wikipedia,מיכאל טפליצקי,unreviewed,,substitution,wiki_substituted
ha-02530,ע״ש,"מקור המילה הוא איטלקי, ע״ש הים האגאי שמכונה ""ארכיפלגו"" (Archipelago).",על שום,ע״ש.02,על שום,weak,5,על שום | עמוד השדרה | ערב שבת | עיין שם | עיקר שכחתי,substituted,yes,wikipedia,ארכיפלג,unreviewed,,substitution,wiki_substituted
ha-02531,ע״ש,"חסידות אשלג היא כינוי למספר חצרות חסידיות-קבליות שקמו בישראל על ידי תלמידיו וצאצאיו של המקובל הרב יהודה לייב הלוי אשלג, המכונה ""בעל הסולם"", ע״ש פירושו לספר הזוהר הקרוי ""הסולם"".",על שום,ע״ש.02,על שום,weak,5,על שום | עמוד השדרה | ערב שבת | עיין שם | עיקר שכחתי,substituted,yes,wikipedia,חסידות אשלג,unreviewed,,substitution,wiki_substituted
ha-02532,ע״ש,עיקר פרסומה בא לה ע״ש היותה מקור היין הקרוי על שמה – יין מרסלה.,על שום,ע״ש.02,על שום,weak,5,על שום | עמוד השדרה | ערב שבת | עיין שם | עיקר שכחתי,substituted,yes,wikipedia,מרסלה (עיר),unreviewed,,substitution,wiki_substituted
ha-02536,ע״ש,לאורך ע״ש עוברת תעלת השדרה (Canalis vertebralis) והיא מכילה את חוט השדרה ומגינה עליו.,עמוד השדרה,ע״ש.01,עמוד השדרה,weak,5,על שום | עמוד השדרה | ערב שבת | עיין שם | עיקר שכחתי,substituted,yes,wikipedia,עמוד השדרה,unreviewed,,substitution,wiki_substituted
ha-02537,ע״ש,קיומו של ע״ש בשלד מהווה סיווג לתת-קבוצה של בעלי חיים – בעלי חוליות.,עמוד השדרה,ע״ש.01,עמוד השדרה,weak,5,על שום | עמוד השדרה | ערב שבת | עיין שם | עיקר שכחתי,substituted,yes,wikipedia,עמוד השדרה,unreviewed,,substitution,wiki_substituted
ha-02538,ע״ש,ע״ש מורכב מעשרים וארבע חוליות נעות ועוד חוליות מאוחות בעצם העצה ובעצם העוקץ.,עמוד השדרה,ע״ש.01,עמוד השדרה,weak,5,על שום | עמוד השדרה | ערב שבת | עיין שם | עיקר שכחתי,substituted,yes,wikipedia,עמוד השדרה,unreviewed,,substitution,wiki_substituted
ha-02539,ע״ש,"בספר החוקים הישראלי נמנעו משימוש במושג זה של ע״ש וחג, וכתבו במקומו: ""יום לפני יום המנוחה כפי שנקבע"".",ערב שבת,ע״ש.04,ערב שבת,weak,5,על שום | עמוד השדרה | ערב שבת | עיין שם | עיקר שכחתי,substituted,yes,wikipedia,ערב שבת,unreviewed,,substitution,wiki_substituted
ha-02540,ע״ש,"קבלת שבת היא קבוצת מזמורי תהילים ופיוט הנאמרים בבית הכנסת בזמן המעבר בין ע״ש לליל שבת, בין תפילת מנחה של חול לתפילת ערבית של שבת, ומציינת את תחילתה של השבת.",ערב שבת,ע״ש.04,ערב שבת,weak,5,על שום | עמוד השדרה | ערב שבת | עיין שם | עיקר שכחתי,substituted,yes,wikipedia,קבלת שבת,unreviewed,,substitution,wiki_substituted
ha-02541,ע״ש,"בַּמֶּה מַדְלִיקִין (שבע משניות) – דיני השמנים והפתילות הכשרים להדלקת נרות שבת וחנוכה, דיני חנוכה ודיני ע״ש בין השמשות.",ערב שבת,ע״ש.04,ערב שבת,weak,5,על שום | עמוד השדרה | ערב שבת | עיין שם | עיקר שכחתי,substituted,yes,wikipedia,מסכת שבת,unreviewed,,substitution,wiki_substituted
ha-02635,פ״ש,פ״ש הוא המצווה לפעול להצלתם ושחרורם של יהודים הנתונים בשבי.,פדיון שבויים,פ״ש.01,פדיון שבויים,weak,5,פדיון שבויים | פרשת שבוע | פקיד שומה | פת שחרית | פריסת שלום,substituted,yes,wikipedia,פדיון שבויים,unreviewed,,substitution,wiki_substituted
ha-02636,פ״ש,הקהילות הקימו חברות פ״ש שגבו מהקהל מס פ״ש קבוע.,פדיון שבויים,פ״ש.01,פדיון שבויים,weak,5,פדיון שבויים | פרשת שבוע | פקיד שומה | פת שחרית | פריסת שלום,substituted,yes,wikipedia,פדיון שבויים,unreviewed,,substitution,wiki_substituted
ha-02637,פ״ש,"יהודי טורקיה היו הראשונים להקים חברה כזו, חברת פ״ש בוונציה עסקה גם היא בפדיונם ושלחה אגרות בנושא לקהילות ישראל.",פדיון שבויים,פ״ש.01,פדיון שבויים,weak,5,פדיון שבויים | פרשת שבוע | פקיד שומה | פת שחרית | פריסת שלום,substituted,yes,wikipedia,פדיון שבויים,unreviewed,,substitution,wiki_substituted
ha-02638,פ״ש,"החל את דרכו בשנת 1966 כפקיד גבייה במס הכנסה בנתניה, ולאחר מכן התקדם לתפקידים בכירים, בהם פ״ש נתניה, סגן נציב מס הכנסה לגבייה ומודיעין, פ״ש מפעלים גדולים ומשנה למנהל רשות המיסים.",פקיד שומה,פ״ש.04,פקיד שומה,weak,5,פדיון שבויים | פרשת שבוע | פקיד שומה | פת שחרית | פריסת שלום,substituted,yes,wikipedia,יהודה נסרדישי,unreviewed,,substitution,wiki_substituted
ha-02639,פ״ש,"בין השאר, ריכז את רשת הקשר של התנועה והיה בין מארגני מבצע ""פ״ש"" להעברת איגרת שלום לראש הממשלה מנחם בגין.",פריסת שלום,פ״ש.05,פריסת שלום,weak,5,פדיון שבויים | פרשת שבוע | פקיד שומה | פת שחרית | פריסת שלום,substituted,yes,wikipedia,יורם עשת,unreviewed,,substitution,wiki_substituted
ha-02640,פ״ש,קיימת התנגדות להכנסת עלוני פ״ש בעלי גוון פוליטי.,פרשת שבוע,פ״ש.02,פרשת שבוע,weak,5,פדיון שבויים | פרשת שבוע | פקיד שומה | פת שחרית | פריסת שלום,substituted,yes,wikipedia,עלון שבת,unreviewed,,substitution,wiki_substituted
ha-02641,פ״ש,"עלון זה הוא ייחודי מעט בנוף העלונים, מכיוון שאין הוא עוסק בנושאים אקטואליים או בנושאים מפרשת השבוע, אך הוא מופץ כעלון פ״ש לכל דבר, וכך נהוג להתייחס אליו.",פרשת שבוע,פ״ש.02,פרשת שבוע,weak,5,פדיון שבויים | פרשת שבוע | פקיד שומה | פת שחרית | פריסת שלום,substituted,yes,wikipedia,עלון שבת,unreviewed,,substitution,wiki_substituted
ha-02642,פ״ש,רוב העלון מוקדש לדברי תורה; כתבות בנושאי פ״ש ויהדות.,פרשת שבוע,פ״ש.02,פרשת שבוע,weak,5,פדיון שבויים | פרשת שבוע | פקיד שומה | פת שחרית | פריסת שלום,substituted,yes,wikipedia,עלון שבת,unreviewed,,substitution,wiki_substituted
ha-02643,פ״ש,"או מכיוון שבימים עברו מקובל היה לאכול רק שתי ארוחות ביום: פ״ש וארוחת ערב, הרי שביום השבת יש להוסיף ארוחה אחת נוספת.",פת שחרית,פ״ש.03,פת שחרית,weak,5,פדיון שבויים | פרשת שבוע | פקיד שומה | פת שחרית | פריסת שלום,substituted,yes,wikipedia,סעודה שלישית,unreviewed,,substitution,wiki_substituted
ha-02644,פ״ש,"הוא נהג לקום לפנות בוקר ולעסוק בחוכמת הנסתר ובמשנה, לאחר תפילת שחרית העביר שיעור בגמרא לבחורי הישיבה, ולאחר מכן למד כשהוא עטור בתפילין של רבנו תם עד לחצות היום, אז פנה לאכול פ״ש.",פת שחרית,פ״ש.03,פת שחרית,weak,5,פדיון שבויים | פרשת שבוע | פקיד שומה | פת שחרית | פריסת שלום,substituted,yes,wikipedia,יצחק מינקובסקי,unreviewed,,substitution,wiki_substituted
ha-02645,פ״ש,"לאחר נישואיו היה מתמיד גדול, וסדר יומו היה תפילת ותיקין, לימוד עד חצות היום, פ״ש, תפילת מנחה ולימוד עם תלמידים עד תשע וחצי בערב, אז הלך לסעוד אצל חותנו, ולאחר מכן המשיך ללמוד בביתו עד מאוחר.",פת שחרית,פ״ש.03,פת שחרית,weak,5,פדיון שבויים | פרשת שבוע | פקיד שומה | פת שחרית | פריסת שלום,substituted,yes,wikipedia,שם קלינברג,unreviewed,,substitution,wiki_substituted
ha-00512,במ״ר,"שמות רבה, במ״ר, דברים רבה ואסתר רבה מתוארכים לתקופה מאוחרת יותר וחלקם נערכו במתכונתם הנוכחית אחרי שנת 1000 לספירה.",במדבר רבה,במ״ר.01,במדבר רבה,weak,2,במדבר רבה | בנות מניה רקורסיביות,substituted,no,wikipedia,מדרש רבה,unreviewed,,substitution,wiki_substituted
ha-00513,במ״ר,"לפי מדרש במ״ר, מהמאה ה-12 לספירה, דגלו של השבט היה ציור של עץ זית על שם הברכות שקיבל מיעקב וממשה, ""מאשר שמֵנה לחמו"" ""וְטֹבֵל בַּשֶּׁמֶן רַגְלוֹ"".",במדבר רבה,במ״ר.01,במדבר רבה,weak,2,במדבר רבה | בנות מניה רקורסיביות,substituted,no,wikipedia,שבט אשר,unreviewed,,substitution,wiki_substituted
ha-00514,במ״ר,"אלא לפי ששתי פעמים נראה לה המלאך, אחת בעיר ואחת בשדה"" (במ״ר י, ה) ""סדין עשתה ותמכור"" זו הצללפוני, אמו של שמשון שהייתה דומה לאישה שאורגת וטווה בשוק, מפני שלא פרה ורבה.",במדבר רבה,במ״ר.01,במדבר רבה,weak,2,במדבר רבה | בנות מניה רקורסיביות,substituted,no,wikipedia,אשת מנוח,unreviewed,,substitution,wiki_substituted
ha-00524,בעה״ב,נמלי בעה״ב מאופיינים בשילוב של שליטה ציבורית ושליטה פרטית.,בעל הבית,בעה״ב.01,בעל הבית,weak,2,בעלות הברית | בעל הבית,substituted,yes,wikipedia,הרפורמה בנמלי הים בישראל,unreviewed,,substitution,wiki_substituted
ha-00525,בעה״ב,"נכון ל-2022, מודל בעה״ב הוא המודל הנפוץ ביותר בנמלים בינוניים או גדולים.",בעל הבית,בעה״ב.01,בעל הבית,weak,2,בעלות הברית | בעל הבית,substituted,yes,wikipedia,הרפורמה בנמלי הים בישראל,unreviewed,,substitution,wiki_substituted
ha-00526,בעה״ב,"ישנם ברחבי העולם נמלים רבים שנמצאים בתהליך מעבר ממודל של ""נמל שירותים"" (שבו השליטה היא ציבורית כמעט במלואה) למודל נמל בעה״ב, והוא נחשב ליעיל יותר ולמעודד תחרות.",בעל הבית,בעה״ב.01,בעל הבית,weak,2,בעלות הברית | בעל הבית,substituted,yes,wikipedia,הרפורמה בנמלי הים בישראל,unreviewed,,substitution,wiki_substituted
ha-00527,בעה״ב,"כאשר פרצה המלחמה ב-1 בספטמבר 1939, הקואליציה של בעה״ב כללה את בריטניה, צרפת ופולין, כמו גם את המדינות הנתמכות עליהן, כמו הראג' הבריטי.",בעלות הברית,בעה״ב.02,בעלות הברית,weak,2,בעלות הברית | בעל הבית,substituted,yes,wikipedia,בעלות הברית,unreviewed,,substitution,wiki_substituted
ha-00528,בעה״ב,"כאשר מדינות הציר החלו לפלוש לצפון אירופה ולבלקן, בעה״ב צירפו את הולנד, בלגיה, נורווגיה, יוון ויוגוסלביה.",בעלות הברית,בעה״ב.02,בעלות הברית,weak,2,בעלות הברית | בעל הבית,substituted,yes,wikipedia,בעלות הברית,unreviewed,,substitution,wiki_substituted
ha-00529,בעה״ב,"כוחותיו של דה גול נלחמו במערכות רבות לצד בעה״ב, כולל המערכות בלוב, מצרים, ואתיופיה.",בעלות הברית,בעה״ב.02,בעלות הברית,weak,2,בעלות הברית | בעל הבית,substituted,yes,wikipedia,בעלות הברית,unreviewed,,substitution,wiki_substituted
ha-02604,פ״ג,"פ״ג, מניעת השמנה ושמירה על משקל גוף נכון, תזונה מאוזנת, הפחתת מתחים, הימנעות מעישון או שימוש בסמים, הן דוגמאות ליכולתו של הפרט לשפר את בריאותו.",פעילות גופנית,פ״ג.01,פעילות גופנית,weak,3,פעילות גופנית | פרויקט גמר | פרק/פסוק/פרשה ג',substituted,yes,wikipedia,בריאות,unreviewed,,substitution,wiki_substituted
ha-02605,פ״ג,"פ״ג תכופה וסדירה היא מרכיב חשוב במניעת מחלות רבות, בהן, סרטן, מחלות לב, מחלות במחזור הדם, סוכרת מסוג 2, השמנה וכאבי גב.",פעילות גופנית,פ״ג.01,פעילות גופנית,weak,3,פעילות גופנית | פרויקט גמר | פרק/פסוק/פרשה ג',substituted,yes,wikipedia,בריאות,unreviewed,,substitution,wiki_substituted
ha-02606,פ״ג,"נהוג לחלק פ״ג לשלושה סוגים, זאת בהתאם להשפעתם הכללית על גוף האדם: תרגילי גמישות, כגון מתיחות, משפרים את תנועת השרירים וטווח תנועות המפרקים.",פעילות גופנית,פ״ג.01,פעילות גופנית,weak,3,פעילות גופנית | פרויקט גמר | פרק/פסוק/פרשה ג',substituted,yes,wikipedia,בריאות,unreviewed,,substitution,wiki_substituted
ha-02607,פ״ג,"בסיום הלימודים, ולאחר שעמדו בבחינות של משרד החינוך ובהגשה של פ״ג המסכם ומיישם את הידע שצברו, מוענקת לבוגרים תעודת הנדסאי מטעם משרד החינוך במסלול בו בחרו ללמוד.",פרויקט גמר,פ״ג.02,פרויקט גמר,weak,3,פעילות גופנית | פרויקט גמר | פרק/פסוק/פרשה ג',substituted,yes,wikipedia,עתודה טכנולוגית,unreviewed,,substitution,wiki_substituted
ha-02608,פ״ג,מאפיין בדרך כלל עבודות גדולות כגון תזה ודוקטורט או פ״ג.,פרויקט גמר,פ״ג.02,פרויקט גמר,weak,3,פעילות גופנית | פרויקט גמר | פרק/פסוק/פרשה ג',substituted,yes,wikipedia,עבודה אקדמית,unreviewed,,substitution,wiki_substituted
ha-02609,פ״ג,בשנת הלימודים השלישית נדרשים הסטודנטים להכין פ״ג במפעל או ארגון בתחום התמחותם.,פרויקט גמר,פ״ג.02,פרויקט גמר,weak,3,פעילות גופנית | פרויקט גמר | פרק/פסוק/פרשה ג',substituted,yes,wikipedia,המכללה האקדמית ספיר,unreviewed,,substitution,wiki_substituted
ha-02567,פל״א,"לתוצאה זו תופעות לוואי חיוביות רבות כגון חיזוק תקשורת פל״א חיובית, צמצום התלונות והקטנת העומס על עובדי שירות הלקוחות.",פה לאוזן,פל״א.01,פה לאוזן,weak,2,פה לאוזן | פקדונות לזמנים ארוכים,substituted,no,wikipedia,ניהול קשרי לקוחות,unreviewed,,substitution,wiki_substituted
ha-02516,ע״ר,האמבולנס מצויד בציוד הנדרש על מנת לשמר את מצבו של החולה או הפצוע ולספק לו ע״ר בסיסית עד הגעתו לבית חולים.,עזרה ראשונה,ע״ר.02,עזרה ראשונה,weak,3,עזרה ראשונה | עמותה רשומה | עיתון רשמי,substituted,yes,wikipedia,אמבולנס,unreviewed,,substitution,wiki_substituted
ha-02517,ע״ר,"הוא נועד לספק ע״ר בסיסית, ומכיל ציוד החייאה בסיסית (BLS), חבישה וקיבוע, דפיברילטור חצי אוטומטי (AED), ערכות לידה, חמצן ועירוי.",עזרה ראשונה,ע״ר.02,עזרה ראשונה,weak,3,עזרה ראשונה | עמותה רשומה | עיתון רשמי,substituted,yes,wikipedia,אמבולנס,unreviewed,,substitution,wiki_substituted
ha-02518,ע״ר,"מכילה ציוד ע״ר שבאירועים גדולים כגון פיגועים, רעידות אדמה, אסונות טבע, מיועד לפריסה בשטח כבית חולים שדה, ולכן היא נושאת את כל ציוד האמבולנס בכמויות גדולות במיוחד.",עזרה ראשונה,ע״ר.02,עזרה ראשונה,weak,3,עזרה ראשונה | עמותה רשומה | עיתון רשמי,substituted,yes,wikipedia,אמבולנס,unreviewed,,substitution,wiki_substituted
ha-02519,ע״ר,"בסך הכול יצאו 50 גיליונות של ""ע״ר"", בתכיפות של לפחות אחת לשבוע עד לפברואר 1949, עת נבחרה האספה המכוננת שהכריזה על עצמה כנסת ופרסומיה נלקטו בעיתון המתעד של ישראל, רשומות.",עיתון רשמי,ע״ר.03,עיתון רשמי,weak,3,עזרה ראשונה | עמותה רשומה | עיתון רשמי,substituted,yes,wikipedia,הממשלה הזמנית,unreviewed,,substitution,wiki_substituted
ha-02520,ע״ר,"האחת, ע״ר מטעם המדינה אשר מפרסם חוקים, תקנות והודעות רשמיות של גופי המדינה.",עיתון רשמי,ע״ר.03,עיתון רשמי,weak,3,עזרה ראשונה | עמותה רשומה | עיתון רשמי,substituted,yes,wikipedia,עיתון מתעד,unreviewed,,substitution,wiki_substituted
ha-02521,ע״ר,"למרות היותו ע״ר של המפלגה הובעו בו, בעידודו של עורכו לופבן, דעות אופוזיציוניות לקו המרכזי של המפלגה.",עיתון רשמי,ע״ר.03,עיתון רשמי,weak,3,עזרה ראשונה | עמותה רשומה | עיתון רשמי,substituted,yes,wikipedia,הפועל הצעיר (עיתון),unreviewed,,substitution,wiki_substituted
ha-02523,ע״ר,"ההתאחדות לכדורגל בישראל היא ע״ר, המאגדת למעלה מ-1,000 קבוצות כדורגל ישראליות וכ-40,000 שחקניות ושחקנים.",עמותה רשומה,ע״ר.01,עמותה רשומה,weak,3,עזרה ראשונה | עמותה רשומה | עיתון רשמי,substituted,yes,wikipedia,ההתאחדות לכדורגל בישראל,unreviewed,,substitution,wiki_substituted
ha-02524,ע״ר,"העמותה הישראלית לפרהיסטוריה (נוסדה ב-1960) היא ע״ר המאגדת את חוקרי הפרהיסטוריה של האדם בישראל, מתחומי הארכאולוגיה להתמחויותיה, האנתרופולוגיה הפיזית, מדעי הארכאולוגיה וחקר הרביעון.",עמותה רשומה,ע״ר.01,עמותה רשומה,weak,3,עזרה ראשונה | עמותה רשומה | עיתון רשמי,substituted,yes,wikipedia,העמותה הישראלית לפרהיסטוריה,unreviewed,,substitution,wiki_substituted
ha-02525,ע״ר,אקדמיית מצמיחים - ע״ר משנת 2004 הפועלת להפחתת אלימות וניכור בבתי ספר.,עמותה רשומה,ע״ר.01,עמותה רשומה,weak,3,עזרה ראשונה | עמותה רשומה | עיתון רשמי,substituted,yes,wikipedia,חרם חברתי,unreviewed,,substitution,wiki_substituted
ha-02707,קמ״ט,"הוא עבר הכשרה כלוחם, קמ״ט וקורס קציני שריון.",קורס מפקדי טנקים,קמ״ט.01,קורס מפקדי טנקים,weak,3,קצין מטה | קורס מפקדי טנקים | קצין מיון טרומי,substituted,yes,wikipedia,גל שוחמי,unreviewed,,substitution,wiki_substituted
ha-02708,קמ״ט,"ב-2010 לסגן מפקד חטיבה 460, ב-2011 מונה למפקד גדוד 196 (קמ״ט וקורס קציני שריון) בחטיבה 460.",קורס מפקדי טנקים,קמ״ט.01,קורס מפקדי טנקים,weak,3,קצין מטה | קורס מפקדי טנקים | קצין מיון טרומי,substituted,yes,wikipedia,גל שוחמי,unreviewed,,substitution,wiki_substituted
ha-02709,קמ״ט,"פיקד על גדוד 53 בחטיבה 188, לאחר מכן שירת כסגן מפקד חטיבה 188 ובאוגוסט 2009 מונה למפקד גדוד 196, גדוד קמ״ט וקורס קציני שריון בחטיבה 460.",קורס מפקדי טנקים,קמ״ט.01,קורס מפקדי טנקים,weak,3,קצין מטה | קורס מפקדי טנקים | קצין מיון טרומי,substituted,yes,wikipedia,אמיר חמוד,unreviewed,,substitution,wiki_substituted
ha-02710,קמ״ט,קמ״ט איכות הסביבה - אחראי על ענייני איכות הסביבה ביהודה ושומרון הוא עובד המשרד להגנת הסביבה.,קצין מטה,קמ״ט.02,קצין מטה,weak,3,קצין מטה | קורס מפקדי טנקים | קצין מיון טרומי,substituted,yes,wikipedia,המנהל האזרחי,unreviewed,,substitution,wiki_substituted
ha-02711,קמ״ט,"קמ״ט משפטים ורישום מקרקעין - עובד משרד המשפטים, אחראי על הסדרה, על רישום ועל מתן ייעוץ בנוגע לבעלות על קרקעות בשטחי ""C"".",קצין מטה,קמ״ט.02,קצין מטה,weak,3,קצין מטה | קורס מפקדי טנקים | קצין מיון טרומי,substituted,yes,wikipedia,המנהל האזרחי,unreviewed,,substitution,wiki_substituted
ha-02712,קמ״ט,קמ״ט מדידות - הממונה על המדידות בשטחי יהודה ושומרון הוא עובד המרכז למיפוי ישראל.,קצין מטה,קמ״ט.02,קצין מטה,weak,3,קצין מטה | קורס מפקדי טנקים | קצין מיון טרומי,substituted,yes,wikipedia,המנהל האזרחי,unreviewed,,substitution,wiki_substituted
ha-03176,ש״ע,דוגמה לספרי הלכה שכאלו אשר נכתבו בדורות האחרונים והתקבלו ביהדות אשכנז: ש״ע הרב; חיי אדם וחכמת אדם; ערוך השולחן וקיצור ש״ע.,שולחן ערוך,ש״ע.01,שולחן ערוך,weak,5,שולחן ערוך | שמונה עשרה | שם עצם | שמיני עצרת | שנת-עבודה,substituted,yes,wikipedia,שולחן ערוך,unreviewed,,substitution,wiki_substituted
ha-03177,ש״ע,"הרב כתב את חיבורו על כל ארבעת חלקי ""ש״ע"".",שולחן ערוך,ש״ע.01,שולחן ערוך,weak,5,שולחן ערוך | שמונה עשרה | שם עצם | שמיני עצרת | שנת-עבודה,substituted,yes,wikipedia,שולחן ערוך הרב,unreviewed,,substitution,wiki_substituted
ha-03178,ש״ע,"בדורות הראשונים לאחר הדפסתו היה ""ש״ע הרב"" מקור הסמכות ההלכתי עבור כל החסידים, אך בשל מחסור בספרים עברו רבים לפסוק בעיקר לפי המשנה ברורה[דרוש מקור].",שולחן ערוך,ש״ע.01,שולחן ערוך,weak,5,שולחן ערוך | שמונה עשרה | שם עצם | שמיני עצרת | שנת-עבודה,substituted,yes,wikipedia,שולחן ערוך הרב,unreviewed,,substitution,wiki_substituted
ha-03179,ש״ע,"כך, במשפט: ""דני אכל תפוח"", שם העצם דני יתפקד כנושא המשפט, אולם במשפט ""נורית פגשה את דני"", אותו ש״ע דני, יתפקד כמושא ישיר, משום שהיחסים שהוא מקיים עם הפועל הם אחרים.",שם עצם,ש״ע.02,שם עצם,weak,5,שולחן ערוך | שמונה עשרה | שם עצם | שמיני עצרת | שנת-עבודה,substituted,yes,wikipedia,שם עצם,unreviewed,,substitution,wiki_substituted
ha-03180,ש״ע,"ש״ע מופשט: ש״ע שאינו מוחשי, כזה שקיים רק במחשבה, כגון רגש או רעיון.",שם עצם,ש״ע.02,שם עצם,weak,5,שולחן ערוך | שמונה עשרה | שם עצם | שמיני עצרת | שנת-עבודה,substituted,yes,wikipedia,שם עצם,unreviewed,,substitution,wiki_substituted
ha-03181,ש״ע,"כללי/פרטי ש״ע כללי: ש״ע המייצג עצם שלו מופעים רבים, כגון נהר, עיר, שולחן, ילד, יין.",שם עצם,ש״ע.02,שם עצם,weak,5,שולחן ערוך | שמונה עשרה | שם עצם | שמיני עצרת | שנת-עבודה,substituted,yes,wikipedia,שם עצם,unreviewed,,substitution,wiki_substituted
ha-03182,ש״ע,"התפילה מורכבת משני חלקים, קריאת שמע וברכותיה ותפילת ש״ע.",שמונה עשרה,ש״ע.03,שמונה עשרה,weak,5,שולחן ערוך | שמונה עשרה | שם עצם | שמיני עצרת | שנת-עבודה,substituted,yes,wikipedia,תפילת ערבית,unreviewed,,substitution,wiki_substituted
ha-03183,ש״ע,"מיד לאחריה, ללא הפסקה, מתחילה החטיבה הבאה (תפילת ש״ע).",שמונה עשרה,ש״ע.03,שמונה עשרה,weak,5,שולחן ערוך | שמונה עשרה | שם עצם | שמיני עצרת | שנת-עבודה,substituted,yes,wikipedia,תפילת שחרית,unreviewed,,substitution,wiki_substituted
ha-03184,ש״ע,"לפי מנהג יהודי תימן על פי הרב רצאבי, תפילת ש״ע נאמרת ברגלים מפוסקות.",שמונה עשרה,ש״ע.03,שמונה עשרה,weak,5,שולחן ערוך | שמונה עשרה | שם עצם | שמיני עצרת | שנת-עבודה,substituted,yes,wikipedia,תפילת שחרית,unreviewed,,substitution,wiki_substituted
ha-03185,ש״ע,"לפיכך, ש״ע הוא חג עצמאי עם משמעות דתית נפרדת, הוא מהווה את היום האחרון לקיום נדרים, וקשור בעיקרו לימים הנוראים ולא לרגלים.",שמיני עצרת,ש״ע.04,שמיני עצרת,weak,5,שולחן ערוך | שמונה עשרה | שם עצם | שמיני עצרת | שנת-עבודה,substituted,yes,wikipedia,שמיני עצרת,unreviewed,,substitution,wiki_substituted
ha-03186,ש״ע,"בארץ ישראל חל באותו יום גם חג שמחת תורה, וזהו השם הפופולרי והמוכר יותר ליום זה, אולם ש״ע אינו חג שמחת תורה.",שמיני עצרת,ש״ע.04,שמיני עצרת,weak,5,שולחן ערוך | שמונה עשרה | שם עצם | שמיני עצרת | שנת-עבודה,substituted,yes,wikipedia,שמיני עצרת,unreviewed,,substitution,wiki_substituted
ha-03187,ש״ע,"בגלויות, שבהן חוגגים את חג ש״ע במשך יומיים בגלל תקנת יום טוב שני של גלויות, מציינים את שמחת תורה ביום החג השני.",שמיני עצרת,ש״ע.04,שמיני עצרת,weak,5,שולחן ערוך | שמונה עשרה | שם עצם | שמיני עצרת | שנת-עבודה,substituted,yes,wikipedia,שמיני עצרת,unreviewed,,substitution,wiki_substituted
ha-00920,ד״צ,"חוף אילת (ד״צ חוף אילת) הוא סרט קולנוע ישראלי, קומדיית סלפסטיק משנת 1989 בבימוי דובי גל ובהפקתו של דורון ערן.",דואר צבאי,ד״צ.01,דואר צבאי,weak,3,דין צדק | דפוס צילום | דואר צבאי,substituted,no,wikipedia,ד.צ. חוף אילת,unreviewed,,substitution,wiki_substituted
ha-00921,ד״צ,"וובסטר, מנהל הדואר של פלשתינה, שהציג בתערוכה את האוסף האישי שלו בנושא ד״צ בריטי משנות השלושים.",דואר צבאי,ד״צ.01,דואר צבאי,weak,3,דין צדק | דפוס צילום | דואר צבאי,substituted,no,wikipedia,בולי המנדט שלא הונפקו,unreviewed,,substitution,wiki_substituted
ha-00922,ד״צ,"מטוס קישור (נקרא גם מטוס שיתוף פעולה צבאי) הוא מטוס קטן, לרוב לא חמוש, אשר שימש בעיקר כוחות צבאיים לתצפית והכוונה ארטילרית או להובלת מפקדים, ד״צ וקישור בין יחידות.",דואר צבאי,ד״צ.01,דואר צבאי,weak,3,דין צדק | דפוס צילום | דואר צבאי,substituted,no,wikipedia,מטוסי קישור,unreviewed,,substitution,wiki_substituted
ha-00923,ד״צ,"בנו: הרב שלמה יצחק שפירא – ספרא דדיינא בבית ד״צ אשכנזים פרושים בירושלים ואביו של הרב שמואל שפירא, מזקני רבני ברסלב.",דין צדק,ד״צ.02,דין צדק,weak,3,דין צדק | דפוס צילום | דואר צבאי,substituted,no,wikipedia,חיים יעקב שפירא,unreviewed,,substitution,wiki_substituted
ha-00924,ד״צ,"מהדורה זו מהווה יסוד לכל המהדורות שבאו אחריה עד היום, כשחלקן הן למעשה ד״צ, לעיתים עם שיפורים, של מהדורה זו.",דפוס צילום,ד״צ.03,דפוס צילום,weak,3,דין צדק | דפוס צילום | דואר צבאי,substituted,no,wikipedia,דפוסי התלמוד הבבלי,unreviewed,,substitution,wiki_substituted
ha-03343,ת״ל,"אי 'כי תפגע', יכול פגיעה ממש, ת״ל: 'כי תראה'.",תלמוד לומר,ת״ל.01,תלמוד לומר,weak,2,תלמוד לומר | תיפוק ליה,substituted,no,wikipedia,ריס (יחידת מידה),unreviewed,,substitution,wiki_substituted
ha-03344,ת״ל,"כמה מהן: בספרא נאמר שאין לתת צדקה כאשר זו עלולה לגרור את מקבל הצדקה לתרבות רעה: ""אם החזקת אפילו ארבעה וחמשה פעמים חזור והחזק ת״ל והחזקת בו, יכול אפילו אתה מפסידו לתרבות רעה ת״ל עמך"".",תלמוד לומר,ת״ל.01,תלמוד לומר,weak,2,תלמוד לומר | תיפוק ליה,substituted,no,wikipedia,יצא לתרבות רעה,unreviewed,,substitution,wiki_substituted
ha-02398,עמ״ש,לאורך עמ״ש עוברת תעלת השדרה (Canalis vertebralis) והיא מכילה את חוט השדרה ומגינה עליו.,עמוד השדרה,עמ״ש.01,עמוד השדרה,weak,3,עמוד השדרה | ערעור משפחה | ערעור מס שבח,substituted,no,wikipedia,עמוד השדרה,unreviewed,,substitution,wiki_substituted
ha-02399,עמ״ש,קיומו של עמ״ש בשלד מהווה סיווג לתת-קבוצה של בעלי חיים – בעלי חוליות.,עמוד השדרה,עמ״ש.01,עמוד השדרה,weak,3,עמוד השדרה | ערעור משפחה | ערעור מס שבח,substituted,no,wikipedia,עמוד השדרה,unreviewed,,substitution,wiki_substituted
ha-02400,עמ״ש,עמ״ש מורכב מעשרים וארבע חוליות נעות ועוד חוליות מאוחות בעצם העצה ובעצם העוקץ.,עמוד השדרה,עמ״ש.01,עמוד השדרה,weak,3,עמוד השדרה | ערעור משפחה | ערעור מס שבח,substituted,no,wikipedia,עמוד השדרה,unreviewed,,substitution,wiki_substituted
ha-00999,הרא״ה,"משפט כהן הוא ספר שאלות ותשובות בנושאי מצוות התלויות בארץ, הלכות בניין בית המקדש, הלכות סנהדרין, הלכות קורבנות והלכות מלכים שחיבר הרא״ה.",הרב אברהם יצחק הכהן קוק,הרא״ה.01,הרב אברהם יצחק הכהן קוק,weak,2,הרב אברהם יצחק הכהן קוק | רבי אהרן הלוי,substituted,no,wikipedia,משפט כהן,unreviewed,,substitution,wiki_substituted
ha-01000,הרא״ה,מוסד הרב קוק הוא מכון מחקר והוצאה לאור תורני הקרוי על שמו של הרא״ה.,הרב אברהם יצחק הכהן קוק,הרא״ה.01,הרב אברהם יצחק הכהן קוק,weak,2,הרב אברהם יצחק הכהן קוק | רבי אהרן הלוי,substituted,no,wikipedia,מוסד הרב קוק,unreviewed,,substitution,wiki_substituted
ha-01001,הרא״ה,מידות הראיה הוא ספר מוסר שנכתב על ידי הרא״ה.,הרב אברהם יצחק הכהן קוק,הרא״ה.01,הרב אברהם יצחק הכהן קוק,weak,2,הרב אברהם יצחק הכהן קוק | רבי אהרן הלוי,substituted,no,wikipedia,"מידות הראי""ה",unreviewed,,substitution,wiki_substituted
ha-00641,ב״ח,"לאחר המכירה השנייה הגיע ב״ח של ראובן, המוכר הראשון, וגבה את הקרקע מראובן בגין החוב.",בעל חוב,ב״ח.01,בעל חוב,weak,6,ב' חלקים | בעל חוב | בית חדש - חיבורו של הרב יואל סירקיש על הארבעה טורים | בן חורים | בסיס חיפה - בסיס של חיל הים הישראלי | בעל חיים בעלי חיים,substituted,no,wikipedia,אחריות נכסים,unreviewed,,substitution,wiki_substituted
ha-00642,ב״ח,"כאשר הייתה התניה מפורשת בעת ההתחייבות כי לא יחול שעבוד, יש הסכמה כי אם בא ב״ח וגבה את חובו מנכס זה, המוכר אינו חייב באחריות.",בעל חוב,ב״ח.01,בעל חוב,weak,6,ב' חלקים | בעל חוב | בית חדש - חיבורו של הרב יואל סירקיש על הארבעה טורים | בן חורים | בסיס חיפה - בסיס של חיל הים הישראלי | בעל חיים בעלי חיים,substituted,no,wikipedia,אחריות נכסים,unreviewed,,substitution,wiki_substituted
ha-00643,ב״ח,"חלק זה ניתן לו עם המעלות והחסרונות שבקבלת ירושה, ולכן אם בא ב״ח לגבות את חובו מנכסי המת, הוא צריך לשלם פי שניים.",בעל חוב,ב״ח.01,בעל חוב,weak,6,ב' חלקים | בעל חוב | בית חדש - חיבורו של הרב יואל סירקיש על הארבעה טורים | בן חורים | בסיס חיפה - בסיס של חיל הים הישראלי | בעל חיים בעלי חיים,substituted,no,wikipedia,בכור,unreviewed,,substitution,wiki_substituted
ha-01197,חנ״ה,"שדות הנפט התגלו על ידי חברה איטלקית, והנפט הופק על ידה בשיתוף חנ״ה המצרית.",חברת הנפט הלאומית,חנ״ה.01,חברת הנפט הלאומית,weak,2,חברת הנפט הלאומית | חומר נפץ הודף,substituted,yes,wikipedia,אבו רודס,unreviewed,,substitution,wiki_substituted
ha-01198,חנ״ה,"כל חברי IOP הכירו בבעלות של חנ״ה האיראנית בנפט ובמתקנים באיראן, והתפקיד של IOP היה להפעיל ולנהל אותם.",חברת הנפט הלאומית,חנ״ה.01,חברת הנפט הלאומית,weak,2,חברת הנפט הלאומית | חומר נפץ הודף,substituted,yes,wikipedia,חברת הנפט הלאומית האיראנית,unreviewed,,substitution,wiki_substituted
ha-01199,חנ״ה,"הישות האיראנית עמה שותפה BP במיזמים אלה היא Naftiran Intertrade, השווייצרית, חברת בת של חנ״ה האיראנית.",חברת הנפט הלאומית,חנ״ה.01,חברת הנפט הלאומית,weak,2,חברת הנפט הלאומית | חומר נפץ הודף,substituted,yes,wikipedia,חברת הנפט הלאומית האיראנית,unreviewed,,substitution,wiki_substituted
ha-01200,חנ״ה,תרמיל - חלק מתכתי גלילי (העשוי לרוב סגסוגת של נחושת) שחובק את הקליע ובתוכו כמות מדודה של חנ״ה.,חומר נפץ הודף,חנ״ה.02,חומר נפץ הודף,weak,2,חברת הנפט הלאומית | חומר נפץ הודף,substituted,yes,wikipedia,כדור (תחמושת),unreviewed,,substitution,wiki_substituted
ha-01201,חנ״ה,"הקליע בכדור הטנק הוא פגז מסוגים שונים (כגון חודר שריון, נפיץ או חלול) שבא ביחד עם תרמיל, שבו חנ״ה.",חומר נפץ הודף,חנ״ה.02,חומר נפץ הודף,weak,2,חברת הנפט הלאומית | חומר נפץ הודף,substituted,yes,wikipedia,כדור (תחמושת),unreviewed,,substitution,wiki_substituted
ha-01202,חנ״ה,"קיימים סוגים שונים של מיגון ריאקטיבי, אולם מרביתם עושים שימוש ביחידות של חנ״ה המותקנות על הדופן החיצונית של הרכב.",חומר נפץ הודף,חנ״ה.02,חומר נפץ הודף,weak,2,חברת הנפט הלאומית | חומר נפץ הודף,substituted,yes,wikipedia,שריון ריאקטיבי,unreviewed,,substitution,wiki_substituted
ha-01146,חו״ח,שאם חו״ח יהיה איזה צער לאחד ממנו לסייעו כולנו יחד...,חלילה וחס,חו״ח.02,חלילה וחס,weak,2,חס וחלילה | חלילה וחס,substituted,yes,wikipedia,ישיבת המקובלים בית אל,unreviewed,,substitution,wiki_substituted
ha-01147,חו״ח,"אינני אומר שזה מה שרוב השופטים חשבו, חו״ח"".",חלילה וחס,חו״ח.02,חלילה וחס,weak,2,חס וחלילה | חלילה וחס,substituted,yes,wikipedia,פרשת האי היווני,unreviewed,,substitution,wiki_substituted
ha-01148,חו״ח,"קיים בלבול בין הביטוי ""חס ושלום"" לביטוי הדומה ""חו״ח"".",חס וחלילה,חו״ח.01,חס וחלילה,weak,2,חס וחלילה | חלילה וחס,substituted,yes,wikipedia,חס ושלום,unreviewed,,substitution,wiki_substituted
ha-01149,חו״ח,"חוקרים הציעו שהביטוי ""חו״ח"" נוצר בהשפעת היידיש או הערבית.",חס וחלילה,חו״ח.01,חס וחלילה,weak,2,חס וחלילה | חלילה וחס,substituted,yes,wikipedia,חס ושלום,unreviewed,,substitution,wiki_substituted
ha-01150,חו״ח,"הם יודעים שאין שם מילה נכונה, אם חו״ח קרה כזה דבר לילדה.",חס וחלילה,חו״ח.01,חס וחלילה,weak,2,חס וחלילה | חלילה וחס,substituted,yes,wikipedia,פרשת מחמוד קטוסה,unreviewed,,substitution,wiki_substituted
ha-01905,מס״ר,"בין הקורסים שנערכו על סיפונה: קורס מלח כשיר, קורס כיבוי אש, קורס סיראי/מס״ר הצלה, קורס הישרדות בים (מילוט נפש).",מפקד סירת,מס״ר.01,מפקד סירת,weak,2,מפקד סירת | מרכז סימולציה רפואית,substituted,no,wikipedia,הרשות הישראלית להכשרה ימית,unreviewed,,substitution,wiki_substituted
ha-01638,מג״ר,שערו של המארק מול האירו (1.955830 מג״ר לאירו אחד) נקבע על ידי הבנק המרכזי האירופי ב-31 בדצמבר 1998.,מרק גרמני,מג״ר.01,מרק גרמני,weak,2,מרק גרמני | מיירט גובה רב,substituted,no,wikipedia,מארק גרמני,unreviewed,,substitution,wiki_substituted
ha-01639,מג״ר,"לפי המחירון שנקבע באמצע שנות השבעים של המאה העשרים מחירו של ילד או אישה עקרת בית עמד על 1,800 מג״ר לגולגולת, מחירו של סטודנט 5,500 מג״ר ומחירו של פרופסור אוניברסיטאי 11,000 מג״ר.",מרק גרמני,מג״ר.01,מרק גרמני,weak,2,מרק גרמני | מיירט גובה רב,substituted,no,wikipedia,פדיון בני המיעוט הגרמני ברומניה,unreviewed,,substitution,wiki_substituted
ha-01640,מג״ר,"בנוסף, לרבבת מהגרים ניתן ""בונוס גלובלי"" של מיליון מג״ר.",מרק גרמני,מג״ר.01,מרק גרמני,weak,2,מרק גרמני | מיירט גובה רב,substituted,no,wikipedia,פדיון בני המיעוט הגרמני ברומניה,unreviewed,,substitution,wiki_substituted
ha-00638,ב״ז,"בפקודת מס הכנסה, למשל, מוגדר ב״ז: ""אדם נשוי החי ומנהל משק בית משותף עם מי שהוא נשוי לו"", כלומר נדרשת פורמליות גבוהה (נישואים) וגם התנהגות הולמת (ניהול משק בית משותף).",בן זוג,ב״ז.01,בן זוג,weak,2,בן זוג | בנימין זאב (הרצל),substituted,no,wikipedia,זוגיות,unreviewed,,substitution,wiki_substituted
ha-00639,ב״ז,"ארבעת הבסיסים החנקניים הללו הם אדנין (A), גואנין (G), תימין (T) וציטוזין (C), והם מסודרים לאורך הסליל הכפול כך שכל אחד מהם שנמצא בסליל אחד קשור בקשרי מימן עם ב״ז קבוע שנמצא בסליל הנגדי.",בן זוג,ב״ז.01,בן זוג,weak,2,בן זוג | בנימין זאב (הרצל),substituted,no,wikipedia,DNA,unreviewed,,substitution,wiki_substituted
ha-00640,ב״ז,"פורין A הוא ב״ז קבוע לפירימידין T, ופורין G הוא ב״ז קבוע לפירימידין C.",בן זוג,ב״ז.01,בן זוג,weak,2,בן זוג | בנימין זאב (הרצל),substituted,no,wikipedia,DNA,unreviewed,,substitution,wiki_substituted
ha-01127,חוה״מ,את ימי חוה״מ מכבדים באכילה ושתייה ובלבישת בגדים חגיגיים.,חול המועד,חוה״מ.01,חול המועד,weak,2,חול המועד | חוק המקרקעין,substituted,yes,wikipedia,חול המועד,unreviewed,,substitution,wiki_substituted
ha-01128,חוה״מ,כך למשל אצל החרדים נהוג ללכת בבגדי שבת במהלך חוה״מ.,חול המועד,חוה״מ.01,חול המועד,weak,2,חול המועד | חוק המקרקעין,substituted,yes,wikipedia,חול המועד,unreviewed,,substitution,wiki_substituted
ha-01129,חוה״מ,המצוות המיוחדות לחג כולו נוהגות בימי חוה״מ.,חול המועד,חוה״מ.01,חול המועד,weak,2,חול המועד | חוק המקרקעין,substituted,yes,wikipedia,חול המועד,unreviewed,,substitution,wiki_substituted
ha-01130,חוה״מ,"עד לחקיקת חוה״מ, ההגנה על המקרקעין הייתה באמצעות עוולות נזיקיות, כמו במשפט האנגלי.",חוק המקרקעין,חוה״מ.02,חוק המקרקעין,weak,2,חול המועד | חוק המקרקעין,substituted,yes,wikipedia,חוק המקרקעין,unreviewed,,substitution,wiki_substituted
ha-01131,חוה״מ,"בניגוד להסגת גבול בהיבטה הפלילי, במקרה של הסגת גבול בהיבט האזרחי, מתיר חוה״מ, במקרים מסוימים, עשיית דין עצמי כנגד מסיג הגבול.",חוק המקרקעין,חוה״מ.02,חוק המקרקעין,weak,2,חול המועד | חוק המקרקעין,substituted,yes,wikipedia,הסגת גבול (אזרחי),unreviewed,,substitution,wiki_substituted
ha-01132,חוה״מ,"אם הייתה נדונה שאלה זו לפני חקיקת חוה״מ, ניתן היה להגן על הרוכש על סמך דיני היושר, וזאת מכוח קליטת דיני היושר האנגליים לפי סימן 46 לדבר המלך במועצה על ארץ ישראל.",חוק המקרקעין,חוה״מ.02,חוק המקרקעין,weak,2,חול המועד | חוק המקרקעין,substituted,yes,wikipedia,"פסק דין בוקר נגד חברה אנגלו ישראלית לניהול ואחריות בע""מ",unreviewed,,substitution,wiki_substituted
ha-00852,דר״א,בעקבות יום-טוב ליפמן צונץ מקובל במחקר שפרקי דר״א הוא חיבור פסאודואפיגרפי מאוחר בהרבה.,דרבי אליעזר,דר״א.01,דרבי אליעזר,weak,2,דרבי אליעזר | דרך אגב,substituted,yes,wikipedia,פרקי דרבי אליעזר,unreviewed,,substitution,wiki_substituted
ha-00853,דר״א,אחרים מפקפקים בכך כי הנוסח של פירקוי זהה לגמרא ושונה מפרקי דר״א.,דרבי אליעזר,דר״א.01,דרבי אליעזר,weak,2,דרבי אליעזר | דרך אגב,substituted,yes,wikipedia,פרקי דרבי אליעזר,unreviewed,,substitution,wiki_substituted
ha-00854,דר״א,"ב-2012 התפרסם הספר פרקי דר״א נוסח, עריכה ודוגמת סינופסיס של כתבי היד של אליעזר טרייטל, המתבסס על עבודת הדוקטור שלו ועוסק בנוסחו של המדרש, בעריכתו ובאופיו.",דרבי אליעזר,דר״א.01,דרבי אליעזר,weak,2,דרבי אליעזר | דרך אגב,substituted,yes,wikipedia,פרקי דרבי אליעזר,unreviewed,,substitution,wiki_substituted
ha-00855,דר״א,"מקור השם אפרופו הוא מצרפתית (à propos) ופירושו הוא ""דר״א"".",דרך אגב,דר״א.02,דרך אגב,weak,2,דרבי אליעזר | דרך אגב,substituted,yes,wikipedia,אפרופו,unreviewed,,substitution,wiki_substituted
ha-00856,דר״א,"""By the Way"" (בעברית: ""דר״א"") הוא סינגל שהוקלט על ידי הזמרת-יוצרת הקנדית לינדזי אל.",דרך אגב,דר״א.02,דרך אגב,weak,2,דרבי אליעזר | דרך אגב,substituted,yes,wikipedia,By the Way (שיר של לינדזי אל),unreviewed,,substitution,wiki_substituted
ha-00857,דר״א,המשנה עוסקת במצוות שאין להם כמות מינימלית מהתורה ומציינת דר״א מצוות שיש להם שכר גם בעולם הזה וגם בעולם הבא.,דרך אגב,דר״א.02,דרך אגב,weak,2,דרבי אליעזר | דרך אגב,substituted,yes,wikipedia,מסכת פאה,unreviewed,,substitution,wiki_substituted
ha-02108,מ״צ,"הגרם הוגדר במקור כ""משקל האבסולוטי של נפח מים מזוקקים השווה לקוביה שמקצועה באורך מאית המטר בטמפרטורה שבה ניתך הקרח"" ולאחר מכן בטמפרטורה של 4 מ״צ.",מעלות צלזיוס,מ״צ.02,מעלות צלזיוס,weak,3,"מעלות צלזיוס | משטרה צבאית | משיח צדק, משיח צִדקנו",substituted,yes,wikipedia,גרם,unreviewed,,substitution,wiki_substituted
ha-02109,מ״צ,"בסולם ראומיר, נקודת האפס היא נקודת הקיפאון של המים, כמו בסולם צלזיוס; אולם גודלה של כל מעלה בסולם ראומיר הוא 0.8 מ״צ.",מעלות צלזיוס,מ״צ.02,מעלות צלזיוס,weak,3,"מעלות צלזיוס | משטרה צבאית | משיח צדק, משיח צִדקנו",substituted,yes,wikipedia,יחידות מידה לטמפרטורה,unreviewed,,substitution,wiki_substituted
ha-02110,מ״צ,הפסטור הקלאסי הוא חימום לטמפרטורה של 63–68 מ״צ למשך 30 דקות.,מעלות צלזיוס,מ״צ.02,מעלות צלזיוס,weak,3,"מעלות צלזיוס | משטרה צבאית | משיח צדק, משיח צִדקנו",substituted,yes,wikipedia,פסטור,unreviewed,,substitution,wiki_substituted
ha-02114,מ״צ,מ״צ היא חַיִל בצבא העוסק בשיטור (אכיפת החוק ושמירת הסדר הציבורי).,משטרה צבאית,מ״צ.01,משטרה צבאית,weak,3,"מעלות צלזיוס | משטרה צבאית | משיח צדק, משיח צִדקנו",substituted,yes,wikipedia,משטרה צבאית,unreviewed,,substitution,wiki_substituted
ha-02115,מ״צ,גוף אשר נלחם באויבים חיצוניים ועוצר אותם בתוך גבולות המדינה שלה שייכת אותה מ״צ בדומה לז’נדרמרייה במקרים מסוימים רבים.,משטרה צבאית,מ״צ.01,משטרה צבאית,weak,3,"מעלות צלזיוס | משטרה צבאית | משיח צדק, משיח צִדקנו",substituted,yes,wikipedia,משטרה צבאית,unreviewed,,substitution,wiki_substituted
ha-02116,מ״צ,מגן עמד על כך שבחטיבה היהודית תהיה מ״צ יהודית.,משטרה צבאית,מ״צ.01,משטרה צבאית,weak,3,"מעלות צלזיוס | משטרה צבאית | משיח צדק, משיח צִדקנו",substituted,yes,wikipedia,חיל המשטרה הצבאית,unreviewed,,substitution,wiki_substituted
ha-03245,תו״ל,"תו״ל או כוונה טובה (בלטינית: bona fide) הוא מצב רוחני ומוסרי של הגינות ויושר, וכן עיקרון בתחום המשפט.",תום לב,תו״ל.01,תום לב,weak,2,תורת לחימה | תום לב,substituted,yes,wikipedia,תום לב,unreviewed,,substitution,wiki_substituted
ha-03246,תו״ל,"במשפט העברי נתפס המונח ""תו״ל"" קודם כל כמידה מוסרית, ולא ככלל משפטי שהפרתו מזכה את הצד הנפגע בסעדים משפטיים.",תום לב,תו״ל.01,תום לב,weak,2,תורת לחימה | תום לב,substituted,yes,wikipedia,תום לב,unreviewed,,substitution,wiki_substituted
ha-03247,תו״ל,"במצב זה, בית המשפט יתקשה לבחון אם התנהלותו של האיש הייתה נגועה בחוסר תו״ל או לא.",תום לב,תו״ל.01,תום לב,weak,2,תורת לחימה | תום לב,substituted,yes,wikipedia,תום לב,unreviewed,,substitution,wiki_substituted
ha-03248,תו״ל,"בין השאר, תו״ל של מדינות חסות מושפעת רבות מזו של בוני צבא מדינת החסות (לרוב – המדינה נותנת החסות).",תורת לחימה,תו״ל.02,תורת לחימה,weak,2,תורת לחימה | תום לב,substituted,yes,wikipedia,תורת לחימה,unreviewed,,substitution,wiki_substituted
ha-03249,תו״ל,"לדוגמה, לסוריה הייתה במשך שנים רבות תו״ל שהתמקדה בהגנה לעומק, שעל פיה מוקמו כוחות גדולים בעלי הכשרה נמוכה על קו הגבול עם ישראל, וברצועות ההגנה הפנימיות יותר הוצבו כוחות בעלי הכשרה גבוהה יותר.",תורת לחימה,תו״ל.02,תורת לחימה,weak,2,תורת לחימה | תום לב,substituted,yes,wikipedia,תורת לחימה,unreviewed,,substitution,wiki_substituted
ha-03250,תו״ל,"הפצצה טקטית היא תו״ל אווירית התקפית העושה שימוש במטוסי קרב, מטוסי קרב-הפצצה או מסוקי קרב כדי להשיג יתרון טקטי בשדה הקרב (בעיקר כ""ארטילריה מוטסת"").",תורת לחימה,תו״ל.02,תורת לחימה,weak,2,תורת לחימה | תום לב,substituted,yes,wikipedia,הפצצה טקטית,unreviewed,,substitution,wiki_substituted
ha-02272,סג״ל,"כמו כן, הועלתה השערה כי בירושלים שלפני ישראל הייתה סג״ל בשם צדק, שכן שמותיהם של שני מלכי העיר, מלכי-צדק ואדני צדק, מכילים את השורש צ.ד.ק.",סגידה לאל,סג״ל.01,סגידה לאל,weak,5,סגן לויה | סגידה לאל | סגולת לויים | סגן לויים | סגן לכהונה (לכוהן),substituted,no,wikipedia,צדק (אל),unreviewed,,substitution,wiki_substituted
ha-02273,סג״ל,"לכן אין בעיניו הבדל עקרוני בין סג״ל, לבין צורות אחרות של סגידה - סגידה למנהיג, לגורל, לטבע, לרעיון, לאומה, למדינה, לממון, לקריירה, לכוח או לכל מושא אחר.",סגידה לאל,סג״ל.01,סגידה לאל,weak,5,סגן לויה | סגידה לאל | סגולת לויים | סגן לויים | סגן לכהונה (לכוהן),substituted,no,wikipedia,עקיבא אור,unreviewed,,substitution,wiki_substituted
ha-00036,אב״מ,אב״מ היא נושא רגיש עקב העובדה ששיטות האבטחה כשלו לא פעם בגלל מחדלים כמו יישום לקוי או אי הקפדה על נהלים וכללים ראויים.,אבטחת מידע,אב״מ.01,אבטחת מידע,weak,2,אבטחת מידע | אין בעד מה,substituted,yes,wikipedia,אבטחת מידע,unreviewed,,substitution,wiki_substituted
ha-00037,אב״מ,"אב״מ כוללת העיסוק בהבטחת אמינות נתונים, כך ששלמותם, סודיותם וזמינותם לא תפגע.",אבטחת מידע,אב״מ.01,אבטחת מידע,weak,2,אבטחת מידע | אין בעד מה,substituted,yes,wikipedia,אבטחת מידע,unreviewed,,substitution,wiki_substituted
ha-00038,אב״מ,"לכן, כל שכבה כוללת מגוון יישומים, טכנולוגיות וחוקים (חוקים, רגולציות, נהלים והוראות עבודה לתהליכים) לאכיפת מדיניות אב״מ תקינה ואמינה.",אבטחת מידע,אב״מ.01,אבטחת מידע,weak,2,אבטחת מידע | אין בעד מה,substituted,yes,wikipedia,אבטחת מידע,unreviewed,,substitution,wiki_substituted
ha-00039,אב״מ,"אב״מ הוא האלבום השלישי של זמר הראפ הישראלי ""איזי"".",אין בעד מה,אב״מ.02,אין בעד מה,weak,2,אבטחת מידע | אין בעד מה,substituted,yes,wikipedia,אין בעד מה,unreviewed,,substitution,wiki_substituted
ha-00040,אב״מ,"השתתף בשיר ""הויסקי והג'וני"" מתוך אלבום האולפן הרביעי של הראפר איזי, ""אב״מ"", שיצא בינואר 2020.",אין בעד מה,אב״מ.02,אין בעד מה,weak,2,אבטחת מידע | אין בעד מה,substituted,yes,wikipedia,נדב גדג',unreviewed,,substitution,wiki_substituted
ha-00041,אב״מ,"בנוסף התארח באותה השנה בשיר ""בומלה"" של הראפר איזי, מתוך אלבומו השלישי, ""אב״מ"".",אין בעד מה,אב״מ.02,אין בעד מה,weak,2,אבטחת מידע | אין בעד מה,substituted,yes,wikipedia,שחר סאול,unreviewed,,substitution,wiki_substituted
ha-00795,דב״א,"הגנה זו נרכשת בסיטואציות בהן המחוקק מצא שראוי להגן על ההתבטאות עצמה, על אף לשון הרע, גם אם הפרסום לא היווה דב״א, בשל אינטרסים חיוניים וציבוריים הראוי להגן עליהם.",דבר אמת,דב״א.02,דבר אמת,weak,2,דן בן אמוץ | דבר אמת,substituted,yes,wikipedia,הגנת תום הלב בלשון הרע,unreviewed,,substitution,wiki_substituted
ha-00796,דב״א,בפרק לא נאמר במפורש אם ציבא דב״א או שמפיבושת באמת רומה.,דבר אמת,דב״א.02,דבר אמת,weak,2,דן בן אמוץ | דבר אמת,substituted,yes,wikipedia,מפיבושת,unreviewed,,substitution,wiki_substituted
ha-00797,דב״א,"עקב אלימותו של דב״א כלפי אשתו, חבריו עזרו לה להימלט עם ילדיה לארצות הברית.",דן בן אמוץ,דב״א.01,דן בן אמוץ,weak,2,דן בן אמוץ | דבר אמת,substituted,yes,wikipedia,דן בן אמוץ,unreviewed,,substitution,wiki_substituted
ha-00798,דב״א,"ספי רכלבסקי כותב בספרו ""אין גבול"" כי בשנים שלאחר מלחמת ששת הימים היו שתי הדמויות המשפיעות על הישראלים, משה דיין ולצדו דב״א.",דן בן אמוץ,דב״א.01,דן בן אמוץ,weak,2,דן בן אמוץ | דבר אמת,substituted,yes,wikipedia,דן בן אמוץ,unreviewed,,substitution,wiki_substituted
ha-00799,דב״א,לא שם זין הוא ספרו רב-המכר של דב״א שיצא בשנת 1973.,דן בן אמוץ,דב״א.01,דן בן אמוץ,weak,2,דן בן אמוץ | דבר אמת,substituted,yes,wikipedia,לא שם זין,unreviewed,,substitution,wiki_substituted
ha-01641,מג״ש,"תלמיד שלמד אצל מג״ש, צריך לנהוג בו כבוד גם לאחר שסיים ללמוד אצלו, ואף אם התלמיד התמיד ועלה במעלות התורה, והפך תלמיד חכם בעצמו, הרי הוא חייב בכבוד מגיד השיעור הראשון.",מגיד שיעור,מג״ש.01,מגיד שיעור,weak,2,מגיד שיעור | מפקד גוש,substituted,yes,wikipedia,מגיד שיעור,unreviewed,,substitution,wiki_substituted
ha-01642,מג״ש,"דינו של מג״ש הוא בדרך כלל כדין רבו שאינו מובהק, אך ישנם מגידי שיעור, שעל התלמיד לכבד אותם כאת רבו המובהק, כגון ראש הישיבה המוסר את השיעור השבועי, אך גם מקנה לתלמיד דרכים בעבודת השם.",מגיד שיעור,מג״ש.01,מגיד שיעור,weak,2,מגיד שיעור | מפקד גוש,substituted,yes,wikipedia,מגיד שיעור,unreviewed,,substitution,wiki_substituted
ha-01643,מג״ש,"בנוסף הוא מג״ש בולט, שיעוריו על דף היומי בתלמוד בבלי מוקלטים במסגרת קול הדף וזוכים לאלפי האזנות.",מגיד שיעור,מג״ש.01,מגיד שיעור,weak,2,מגיד שיעור | מפקד גוש,substituted,yes,wikipedia,מיכל זילבר,unreviewed,,substitution,wiki_substituted
ha-01644,מג״ש,"בין היתר: מג״ש חפר, מפקד קבוצת כיבוש חניתה, מפקד הגליל, נַשָק ו""סליקר"" ארצי.",מפקד גוש,מג״ש.02,מפקד גוש,weak,2,מגיד שיעור | מפקד גוש,substituted,yes,wikipedia,צבי בן-יעקב (מפקד),unreviewed,,substitution,wiki_substituted
ha-01645,מג״ש,"כחבר ""ההגנה"" מילא בן-פורת תפקידים שונים, בהן מג״ש הרצליה (1938–1940) ומפקד מחוז חיפה (1947).",מפקד גוש,מג״ש.02,מפקד גוש,weak,2,מגיד שיעור | מפקד גוש,substituted,yes,wikipedia,יוסף בן-פורת (ניצב),unreviewed,,substitution,wiki_substituted
ha-01646,מג״ש,"לאחר המלחמה היה מג״ש מגן, ועשה קורס מג""דים.",מפקד גוש,מג״ש.02,מפקד גוש,weak,2,מגיד שיעור | מפקד גוש,substituted,yes,wikipedia,שאול גבעולי,unreviewed,,substitution,wiki_substituted
ha-01176,חזל״ש,"ב-17 בנובמבר חלה רגיעה במהומות, והמשטרה הכריזה על חזל״ש.",חזרה לשגרה,חזל״ש.01,חזרה לשגרה,weak,2,חזרה לשירות | חזרה לשגרה,substituted,yes,wikipedia,המהומות בצרפת (2005),unreviewed,,substitution,wiki_substituted
ha-01177,חזל״ש,"בסופו של דבר, המהומות החלו לדעוך וב-17 בנובמבר הכריזה המשטרה על חזל״ש.",חזרה לשגרה,חזל״ש.01,חזרה לשגרה,weak,2,חזרה לשירות | חזרה לשגרה,substituted,yes,wikipedia,המהומות בצרפת (2005),unreviewed,,substitution,wiki_substituted
ha-01178,חזל״ש,"במהלך שנה זו, הפעילות חזל״ש מסוימת בעקבות התחסנות האוכלוסייה.",חזרה לשגרה,חזל״ש.01,חזרה לשגרה,weak,2,חזרה לשירות | חזרה לשגרה,substituted,yes,wikipedia,משבר שרשרת האספקה,unreviewed,,substitution,wiki_substituted
ha-01179,חזל״ש,"הסדרה חזל״ש ה-VOD של HOT כחלק מספרייה חדשה של ערוץ הילדים, ""FOMO"".",חזרה לשירות,חזל״ש.02,חזרה לשירות,weak,2,חזרה לשירות | חזרה לשגרה,substituted,yes,wikipedia,החולמים (סדרת טלוויזיה),unreviewed,,substitution,wiki_substituted
ha-01180,חזל״ש,"את רוב שנות מלחמת העולם הראשונה עשתה במימי הים התיכון, ובמהלכה נפגעה בידי צוללת אוסטרו-הונגרית, אך חזל״ש לאחר תיקונים.",חזרה לשירות,חזל״ש.02,חזרה לשירות,weak,2,חזרה לשירות | חזרה לשגרה,substituted,yes,wikipedia,ז'אן באר (אוניית מערכה),unreviewed,,substitution,wiki_substituted
ha-01181,חזל״ש,"שמואל גודר שהיה נשיא בית הדין הצבאי לערעורים, גייס אותו חזל״ש הקבע.",חזרה לשירות,חזל״ש.02,חזרה לשירות,weak,2,חזרה לשירות | חזרה לשגרה,substituted,yes,wikipedia,בן ציון פרחי,unreviewed,,substitution,wiki_substituted
ha-02331,ס״ג,"בחודש ספטמבר, בעת שהפלוגה הייתה בפעילות מבצעית במרחב מצפון לעיר צידון, נחתה לפנות בוקר חוליית מחבלים עם ס״ג על החוף בשפך נהר האווהלי.",סירת גומי,ס״ג.02,סירת גומי,weak,2,סירת גומי | סנהדרין גדולה,substituted,yes,wikipedia,רמי צור חכם,unreviewed,,substitution,wiki_substituted
ha-02332,ס״ג,19 באוקטובר – ספינת דבור של חיל הים משמידה ס״ג שבה שני מחבלים שתכננו לבצע פיגוע מיקוח.,סירת גומי,ס״ג.02,סירת גומי,weak,2,סירת גומי | סנהדרין גדולה,substituted,yes,wikipedia,1984 בישראל,unreviewed,,substitution,wiki_substituted
ha-02333,ס״ג,"סנהדרין של 71 הייתה רק אחת והיא ישבה בלשכת הגזית שבחצר בית המקדש ונקראה ""ס״ג"".",סנהדרין גדולה,ס״ג.01,סנהדרין גדולה,weak,2,סירת גומי | סנהדרין גדולה,substituted,yes,wikipedia,מסכת סנהדרין,unreviewed,,substitution,wiki_substituted
ha-02334,ס״ג,"שמו נמצא בן כתבי גניזת קהיר: ""חבורת ס״ג בן מרנא יוסף ראש ישיבת ארץ ישראל נשמתו עדן"".",סנהדרין גדולה,ס״ג.01,סנהדרין גדולה,weak,2,סירת גומי | סנהדרין גדולה,substituted,yes,wikipedia,אברהם הכהן בן יוסף,unreviewed,,substitution,wiki_substituted
ha-02335,ס״ג,"כמו בישיבת בבל, גם ב""ישיבת ארץ ישראל"" הייתה קיימת מעין ס״ג וסנהדרין קטנה.",סנהדרין גדולה,ס״ג.01,סנהדרין גדולה,weak,2,סירת גומי | סנהדרין גדולה,substituted,yes,wikipedia,ישיבת ארץ ישראל (ימי הביניים),unreviewed,,substitution,wiki_substituted
ha-00931,ד״ר,מדרש ד״ר אינו מפרש את ספר דברים על פי סדרו.,דברים רבה,ד״ר.02,דברים רבה,weak,4,דוקטור | דברי רבי־ | דפוס ראשון | דברים רבה,substituted,yes,wikipedia,דברים רבה,unreviewed,,substitution,wiki_substituted
ha-00932,ד״ר,למדרש ד״ר לא פורסמה מהדורה מדעית מבוארת.,דברים רבה,ד״ר.02,דברים רבה,weak,4,דוקטור | דברי רבי־ | דפוס ראשון | דברים רבה,substituted,yes,wikipedia,דברים רבה,unreviewed,,substitution,wiki_substituted
ha-00933,ד״ר,"היא פורסמה בידי שאול ליברמן על פי כתב יד אוקספורד 147, בירושלים בשנת 1940, ומכונה ""ד״ר ליברמן"".",דברים רבה,ד״ר.02,דברים רבה,weak,4,דוקטור | דברי רבי־ | דפוס ראשון | דברים רבה,substituted,yes,wikipedia,דברים רבה,unreviewed,,substitution,wiki_substituted
ha-00937,ד״ר,"מקור המילה ד״ר בשפה הלטינית והיא לקוחה מיוונית: 'דוקסה' פירושה 'סברה', ובהשאלה 'ד״ר' הוא 'מי שמורשה לשאת סברה'.",דוקטור,ד״ר.01,דוקטור,weak,4,דוקטור | דברי רבי־ | דפוס ראשון | דברים רבה,substituted,yes,wikipedia,דוקטור,unreviewed,,substitution,wiki_substituted
ha-00938,ד״ר,"מכאן שבלטינית הקלאסית פירוש המילה 'ד״ר' הוא 'מורה', ובלטינית של ימי הביניים מלומד ויועץ דתי.",דוקטור,ד״ר.01,דוקטור,weak,4,דוקטור | דברי רבי־ | דפוס ראשון | דברים רבה,substituted,yes,wikipedia,דוקטור,unreviewed,,substitution,wiki_substituted
ha-00939,ד״ר,"באותה התקופה המונחים ""ד״ר"" (Doctor) ו""מוסמך"" (Master) היו בעלי משמעות זהה.",דוקטור,ד״ר.01,דוקטור,weak,4,דוקטור | דברי רבי־ | דפוס ראשון | דברים רבה,substituted,yes,wikipedia,דוקטור,unreviewed,,substitution,wiki_substituted
ha-00940,ד״ר,"בעצם השימוש במונח ""ד״ר"" מתכוונים לומר שזו הפעם הראשונה שהוא עלה על מכבש הדפוס, ועד אז הוא היה רשום בכתב יד בלבד.",דפוס ראשון,ד״ר.03,דפוס ראשון,weak,4,דוקטור | דברי רבי־ | דפוס ראשון | דברים רבה,substituted,yes,wikipedia,דפוס ראשון,unreviewed,,substitution,wiki_substituted
ha-00941,ד״ר,סוג ד- ד״ר שהודפס מכתב יד משובש הוא לפעמים נחות לעומת דפוס שני אם אנו יודעים שהדפוס השני נדפס מכתב יד אחר שעולה באיכותו על כתב היד שממנו נדפס הדפוס הראשון.,דפוס ראשון,ד״ר.03,דפוס ראשון,weak,4,דוקטור | דברי רבי־ | דפוס ראשון | דברים רבה,substituted,yes,wikipedia,דפוס ראשון,unreviewed,,substitution,wiki_substituted
ha-00942,ד״ר,"המהדורה היא על פי ד״ר ועל פי כתבי יד מדוקדקים, עם התייעצות בחכמי דור.",דפוס ראשון,ד״ר.03,דפוס ראשון,weak,4,דוקטור | דברי רבי־ | דפוס ראשון | דברים רבה,substituted,yes,wikipedia,שערי תשובה,unreviewed,,substitution,wiki_substituted
ha-03359,ת״צ,"ת״צ היא הליך במשפט אזרחי שבו אדם, רשות ציבורית או ארגון מנהלים תביעה בשם קבוצה של בני אדם שלא ייפו את כוחם לייצגם באופן אישי, כאשר מתעוררות בעניינם שאלות מהותיות משותפות של עובדה או משפט.",תובענה ייצוגית,ת״צ.01,תובענה ייצוגית,weak,2,תובענה ייצוגית | תענית ציבור,substituted,no,wikipedia,תובענה ייצוגית,unreviewed,,substitution,wiki_substituted
ha-03360,ת״צ,"התובע מגיש תחילה בקשה לאישור ת״צ, ורק אם בית המשפט קובע כי התקיימו התנאים שנקבעו בחוק הוא מאשר את ניהול ההליך בשם הקבוצה.",תובענה ייצוגית,ת״צ.01,תובענה ייצוגית,weak,2,תובענה ייצוגית | תענית ציבור,substituted,no,wikipedia,תובענה ייצוגית,unreviewed,,substitution,wiki_substituted
ha-03361,ת״צ,התפתחה מחלוקת בשאלה אם ניתן להשתמש בתקנה 29 כמקור כללי להגשת ת״צ גם במקום שבו המחוקק לא קבע מנגנון ייצוגי מפורש.,תובענה ייצוגית,ת״צ.01,תובענה ייצוגית,weak,2,תובענה ייצוגית | תענית ציבור,substituted,no,wikipedia,תובענה ייצוגית,unreviewed,,substitution,wiki_substituted
ha-03362,ת״צ,"אנשי עירו באו לפניו וביקשו ממנו שיגזור ת״צ, כדי שתפילתם ותעניתם של כל אנשי העיר תגרום לירידת הגשמים.",תענית ציבור,ת״צ.02,תענית ציבור,weak,2,תובענה ייצוגית | תענית ציבור,substituted,no,wikipedia,רבי תנחומא,unreviewed,,substitution,wiki_substituted
ha-01806,מח״כ,"מח״כ הוא סטטוס בהלכות טומאה, המסמל טומאה קלה, בדומה לטבול יום, שמונעת מהאדם במצב זה להיכנס למקדש ולאכול קורבנות.",מחוסר כיפורים,מח״כ.01,מחוסר כיפורים,weak,2,מחוסר כיפורים | מחילת כבודו,substituted,no,wikipedia,מחוסר כיפורים,unreviewed,,substitution,wiki_substituted
ha-01807,מח״כ,"קיימים סטטוסים הלכתיים שונים, כמו ""טבול יום"" או ""מח״כ"", למי שהתחיל בתהליך הטהרה אך עדיין לא השלים אותו.",מחוסר כיפורים,מח״כ.01,מחוסר כיפורים,weak,2,מחוסר כיפורים | מחילת כבודו,substituted,no,wikipedia,דרכי היטהרות מטומאה,unreviewed,,substitution,wiki_substituted
ha-01808,מח״כ,"לאחר שטבל והסתיים היום השביעי - המצורע טהור לגמרי, אלא שהוא מח״כ, כלומר אסור לו לאכול קדשים או להיכנס למקדש, עד שיביא את קרבנו.",מחוסר כיפורים,מח״כ.01,מחוסר כיפורים,weak,2,מחוסר כיפורים | מחילת כבודו,substituted,no,wikipedia,קרבן מצורע,unreviewed,,substitution,wiki_substituted
ha-01865,ממ״ד,ב-1985 הוא שב לירושלים לשרת כראש ממ״ד במשרד החוץ.,המרכז למחקר מדיני,ממ״ד.02,המרכז למחקר מדיני,weak,3,ממלכתי דתי | המרכז למחקר מדיני | מרחב מוגן דירתי,substituted,yes,wikipedia,אריה לוין (שגריר),unreviewed,,substitution,wiki_substituted
ha-01866,ממ״ד,בשנים 2008 עד 2014 כיהן כראש חטיבה וסגן ראש ממ״ד.,המרכז למחקר מדיני,ממ״ד.02,המרכז למחקר מדיני,weak,3,ממלכתי דתי | המרכז למחקר מדיני | מרחב מוגן דירתי,substituted,yes,wikipedia,דוד עקוב,unreviewed,,substitution,wiki_substituted
ha-01867,ממ״ד,"דוד ולצר (נולד ב-1953) הוא דיפלומט ישראלי, כיהן כשגריר ישראל באיחוד האירופי, כראש ממ״ד במשרד החוץ וכשגריר ישראל בדנמרק.",המרכז למחקר מדיני,ממ״ד.02,המרכז למחקר מדיני,weak,3,ממלכתי דתי | המרכז למחקר מדיני | מרחב מוגן דירתי,substituted,yes,wikipedia,דוד ולצר,unreviewed,,substitution,wiki_substituted
ha-01868,ממ״ד,"בבת ים הוקם, בשנות ה-30 של המאה ה-20, בית ספר ""תחכמוני"", הפועל כבית ספר ממ״ד.",ממלכתי דתי,ממ״ד.03,ממלכתי דתי,weak,3,ממלכתי דתי | המרכז למחקר מדיני | מרחב מוגן דירתי,substituted,yes,wikipedia,תחכמוני (בית ספר),unreviewed,,substitution,wiki_substituted
ha-01869,ממ״ד,"כמו כן הקים הקיבוץ את בית הספר ""ראשית"", בית ספר ממ״ד יסודי שש שנתי המנוהל על ידי תמי פרידמן בן שלום, הנמצא גם הוא בשכונת קריית מנחם.",ממלכתי דתי,ממ״ד.03,ממלכתי דתי,weak,3,ממלכתי דתי | המרכז למחקר מדיני | מרחב מוגן דירתי,substituted,yes,wikipedia,ראשית (קיבוץ),unreviewed,,substitution,wiki_substituted
ha-01873,ממ״ד,לצורך בניית ממ״ד יש צורך בהסכמה של 60% מבעלי הדירות שהרכוש המשותף צמוד לדירותיהם.,מרחב מוגן דירתי,ממ״ד.01,מרחב מוגן דירתי,weak,3,ממלכתי דתי | המרכז למחקר מדיני | מרחב מוגן דירתי,substituted,yes,wikipedia,ועד בית,unreviewed,,substitution,wiki_substituted
ha-01297,טמ״א,"מסכתנו עוסקת בעיקר בשלושה עניינים: טמ״א ומשקים – מתי אוכל נטמא ומתי לאו, העברת טומאה, דינו של אוכל שנטמא ועוד.",טומאת אוכלין,טמ״א.01,טומאת אוכלין,weak,2,טומאת אוכלין | טומוגרפיה ממוחשבת אנגיוגרפית,substituted,no,wikipedia,מסכת טהרות,unreviewed,,substitution,wiki_substituted
ha-01298,טמ״א,"בעל חיים המטמא טמ״א, הוא רק בעל החיים שנשחט כראוי שחיטה כשרה, מכיוון שלא הייתה זו בהמה טהורה שנשחטה על ידי יהודי, הייתה היא כשרה לאכילה.",טומאת אוכלין,טמ״א.01,טומאת אוכלין,weak,2,טומאת אוכלין | טומוגרפיה ממוחשבת אנגיוגרפית,substituted,no,wikipedia,מפרכסת,unreviewed,,substitution,wiki_substituted
ha-01299,טמ״א,"השאלה היא רק בבהמה טמאה, שאינה מותרת לו באכילה, והשאלה היא האם יש להחשיב את הבהמה כחיה שהרי אינה מטמאת טומאת נבלות, או שמא יש להחשיבה כאוכל, שהרי מטמאת טמ״א.",טומאת אוכלין,טמ״א.01,טומאת אוכלין,weak,2,טומאת אוכלין | טומוגרפיה ממוחשבת אנגיוגרפית,substituted,no,wikipedia,מפרכסת,unreviewed,,substitution,wiki_substituted
ha-02746,קרוב״ץ,"לעיתים קרוב״ץ מושג המילה ""יום"" מורחב להכליל את שעות הלילה (כהגדרת ""יממה""), למשל בחלוקת השבוע: יום ראשון, יום שני וכו'.",קרובות,קרוב״ץ.01,קרובות,weak,2,קרובות | קול רִנה וישועה באהלי צדיקים,substituted,no,wikipedia,יום,unreviewed,,substitution,wiki_substituted
ha-02747,קרוב״ץ,האתר מושווה[דרושה הבהרה] לעיתים קרוב״ץ למסד הנתונים IMDb.,קרובות,קרוב״ץ.01,קרובות,weak,2,קרובות | קול רִנה וישועה באהלי צדיקים,substituted,no,wikipedia,KinoPoisk,unreviewed,,substitution,wiki_substituted
ha-02748,קרוב״ץ,ההגליה נחשבת עונש חמור ביותר ועד למאה העשרים אף שימשה לעיתים קרוב״ץ כתחליף לעונש מוות.,קרובות,קרוב״ץ.01,קרובות,weak,2,קרובות | קול רִנה וישועה באהלי צדיקים,substituted,no,wikipedia,גלות,unreviewed,,substitution,wiki_substituted
ha-01319,יא״פ,"פירושים אחרים שנכתבו הם אשל אברהם (בתוך ""פרי מגדים"") של רבי יוסף תאומים, בגדי ישע של רבי שמואל בן יוסף הלוי מביאליסטוק, ""יא״פ"" ו""לבושי שרד"".",יד אפרים,יא״פ.01,יד אפרים,weak,2,יד אפרים | יחידת אשפוז פנימי,substituted,no,wikipedia,אברהם אבלי הלוי גומבינר,unreviewed,,substitution,wiki_substituted
ha-01320,יא״פ,"יש אומרים שאחיו סייע לו בכתיבת חיבורו כפי שרואים במספר מקומות בחיבור שמפנה ל""יא״פ"".",יד אפרים,יא״פ.01,יד אפרים,weak,2,יד אפרים | יחידת אשפוז פנימי,substituted,no,wikipedia,חיים מרדכי מרגליות,unreviewed,,substitution,wiki_substituted
ha-03070,שש״כ,"שש״כ הוא ספר הלכה נפוץ העוסק בהלכות שבת ויום טוב, שכתב הרב יהושע נויבירט.",שמירת שבת כהלכתה,שש״כ.01,שמירת שבת כהלכתה,weak,2,שמירת שבת כהלכתה | שומר שבת כשרות,substituted,no,wikipedia,שמירת שבת כהלכתה,unreviewed,,substitution,wiki_substituted
ha-03071,שש״כ,"שש״כ יצא לאור גם בתרגום ליידיש, אנגלית ולצרפתית.",שמירת שבת כהלכתה,שש״כ.01,שמירת שבת כהלכתה,weak,2,שמירת שבת כהלכתה | שומר שבת כשרות,substituted,no,wikipedia,שמירת שבת כהלכתה,unreviewed,,substitution,wiki_substituted
ha-03072,שש״כ,"בשנותיו ב""קול תורה"" התקרב אל הרב אוירבך, היה לתלמידו המובהק, והתייעץ עמו רבות בכתיבת ספרו ""שש״כ"".",שמירת שבת כהלכתה,שש״כ.01,שמירת שבת כהלכתה,weak,2,שמירת שבת כהלכתה | שומר שבת כשרות,substituted,no,wikipedia,יהושע ישעיה נויבירט,unreviewed,,substitution,wiki_substituted
ha-02673,קב״מ,"העוסק בכך קרוי קב״מ, משום שהוא פועל בשירותו של הקבלן הראשי, זה שהתחייב על ייצורו של המוצר השלם.",קבלן משנה,קב״מ.01,קבלן משנה,weak,2,קבלן משנה | קרינה בלתי מייננת,substituted,yes,wikipedia,קבלן,unreviewed,,substitution,wiki_substituted
ha-02674,קב״מ,"בנובמבר 2011 הגיע המאבק לשלב מכריע, עם תחילת עבודות בשטח על ידי קב״מ וסלילת דרכי גישה לדיונות.",קבלן משנה,קב״מ.01,קבלן משנה,weak,2,קבלן משנה | קרינה בלתי מייננת,substituted,yes,wikipedia,חולות סמר,unreviewed,,substitution,wiki_substituted
ha-02675,קב״מ,"בעקבות העיכובים בהשלמת הפרויקט פרצו מספר סכסוכים משפטיים בין רשות הנמלים לשותפות אשטרום-דרגדוס, ובינה לחברה דנית לעבודות ימיות שהייתה קב״מ, לגבי האחריות לעיכובים והפיצוי הכספי בעקבותיהם.",קבלן משנה,קב״מ.01,קבלן משנה,weak,2,קבלן משנה | קרינה בלתי מייננת,substituted,yes,wikipedia,נמל היובל,unreviewed,,substitution,wiki_substituted
ha-02676,קב״מ,קב״מ היא קרינה אלקטרומגנטית שאינה מסוגלת ליינן אטומים או מולקולות.,קרינה בלתי מייננת,קב״מ.02,קרינה בלתי מייננת,weak,2,קבלן משנה | קרינה בלתי מייננת,substituted,yes,wikipedia,קרינה בלתי מייננת,unreviewed,,substitution,wiki_substituted
ha-02677,קב״מ,"שלא כמו קרינה מייננת, קב״מ לא גורמת לנזקים בריאותיים, אם כי קב״מ בעוצמה גבוהה יכולה לחמם עצמים ורקמות בהם היא עוברת.",קרינה בלתי מייננת,קב״מ.02,קרינה בלתי מייננת,weak,2,קבלן משנה | קרינה בלתי מייננת,substituted,yes,wikipedia,קרינה בלתי מייננת,unreviewed,,substitution,wiki_substituted
ha-02678,קב״מ,"כמו קרינה מייננת, גם קב״מ מעבירה אנרגיה לחומר שהיא פוגעת בו במנות שגודלן קבוע עבור סוג הקרינה.",קרינה בלתי מייננת,קב״מ.02,קרינה בלתי מייננת,weak,2,קבלן משנה | קרינה בלתי מייננת,substituted,yes,wikipedia,קרינה בלתי מייננת,unreviewed,,substitution,wiki_substituted
ha-01814,מט״ל,במימוש הנפוץ של מט״ל מודדים את הזמן שדרוש לפעימה של קרן לייזר להגיע לעצם המטרה ולשוב אל המכשיר.,מד טווח לייזר,מט״ל.01,מד טווח לייזר,weak,2,מכון טכנולוגי לישראל | מד טווח לייזר,substituted,yes,wikipedia,מד טווח לייזר,unreviewed,,substitution,wiki_substituted
ha-01815,מט״ל,"מכשירי מט״ל צבאיים הם משקפת, שעליה מורכב מכשיר הלייזר.",מד טווח לייזר,מט״ל.01,מד טווח לייזר,weak,2,מכון טכנולוגי לישראל | מד טווח לייזר,substituted,yes,wikipedia,מד טווח לייזר,unreviewed,,substitution,wiki_substituted
ha-01816,מט״ל,הצורה הנפוצה ביותר של מט״ל פועלת על ידי שליחת פולס לייזר בקרן צרה לעבר העצם ומדידת הזמן שלוקח לפולס להשתקף מהמטרה ולחזור לשולח.,מד טווח לייזר,מט״ל.01,מד טווח לייזר,weak,2,מכון טכנולוגי לישראל | מד טווח לייזר,substituted,yes,wikipedia,מד טווח,unreviewed,,substitution,wiki_substituted
ha-01817,מט״ל,"הטכניון – מט״ל הוא אוניברסיטת מחקר ציבורית בחיפה המתמקדת בלימודי ומחקר הנדסה ומדעים מדויקים אך מלמדת ונחקרים בה גם רפואה, אדריכלות וחינוך למדע ולטכנולוגיה.",מכון טכנולוגי לישראל,מט״ל.02,מכון טכנולוגי לישראל,weak,2,מכון טכנולוגי לישראל | מד טווח לייזר,substituted,yes,wikipedia,הטכניון - מכון טכנולוגי לישראל,unreviewed,,substitution,wiki_substituted
ha-01818,מט״ל,"מפנה חשוב בתולדות הטכניון חל בשנות ה-50: המוסד ניתק מהגופים הציוניים, הפך למוסד עצמאי, ושמו שונה ל""טכניון – מט״ל"" – שמו עד היום.",מכון טכנולוגי לישראל,מט״ל.02,מכון טכנולוגי לישראל,weak,2,מכון טכנולוגי לישראל | מד טווח לייזר,substituted,yes,wikipedia,הטכניון - מכון טכנולוגי לישראל,unreviewed,,substitution,wiki_substituted
ha-01121,חה״פ,"שם זה מבטא את משמעותו הייחודית של חה״פ מדי שנה, כנקודת מפנה על ציר הזמן, בו מאירה ומתבררת בשורת החירות בעולם.",חג הפסח,חה״פ.01,חג הפסח,weak,2,חג הפסח | חול המועד פסח,substituted,yes,wikipedia,פסח,unreviewed,,substitution,wiki_substituted
ha-01122,חה״פ,"בעבר היו שחישבו את תאריך חה״פ לפי מניין הימים מיום הפורים, דבר שהוביל להשלכה דינית לגבי הנוהג לקרוא את המגילה קודם ליום הפורים, במקרים שונים.",חג הפסח,חה״פ.01,חג הפסח,weak,2,חג הפסח | חול המועד פסח,substituted,yes,wikipedia,פסח,unreviewed,,substitution,wiki_substituted
ha-01123,חה״פ,"לאורך הדורות התרחב האיסור גם לתקופה שלפני חה״פ, ויש הנוהגים של לאכול מצה מראש חודש ניסן, ויש אף המרחיבים את האיסור לכדי חודש לפני פסח.",חג הפסח,חה״פ.01,חג הפסח,weak,2,חג הפסח | חול המועד פסח,substituted,yes,wikipedia,פסח,unreviewed,,substitution,wiki_substituted
ha-01124,חה״פ,"בשנים מעוברות, פרשת בר המצווה, בשנים מקביעות בחה, זחג, וזשה היא פרשת מצורע, בשנים מקביעות בשז וגכז פרשת בר המצוה היא חה״פ, בשנים מקביעות החא והשג פרשת בר המצווה היא פרשת אחרי מות.",חול המועד פסח,חה״פ.02,חול המועד פסח,weak,2,חג הפסח | חול המועד פסח,substituted,yes,wikipedia,י' בניסן,unreviewed,,substitution,wiki_substituted
ha-01125,חה״פ,"בקהילות האשכנזים, קוראים מגילת שיר השירים בשבת חה״פ, ומגילת קהלת בשבת חול המועד סוכות.",חול המועד פסח,חה״פ.02,חול המועד פסח,weak,2,חג הפסח | חול המועד פסח,substituted,yes,wikipedia,חול המועד,unreviewed,,substitution,wiki_substituted
ha-01126,חה״פ,"סֶהֲרַנֶה הוא חג עממי, ללא מקור דתי, שהתקיים בעבר בקהילה היהודית בכורדיסטן במהלך חה״פ.",חול המועד פסח,חה״פ.02,חול המועד פסח,weak,2,חג הפסח | חול המועד פסח,substituted,yes,wikipedia,סהרנה,unreviewed,,substitution,wiki_substituted
ha-03151,ש״מ,ש״מ הוא החלק בשמו של האדם המציין את השתייכותו למשפחתו.,שם משפחה,ש״מ.01,שם משפחה,weak,3,שם משפחה | שמע מינא | תיאור כמות סופית,substituted,no,wikipedia,שם משפחה,unreviewed,,substitution,wiki_substituted
ha-03152,ש״מ,"בחברות מודרניות רבות אין יותר דרישה ששם המשפחה יצביע במפורש על קשרים משפחתיים, ולהורים ואנשים פרטיים יש זכות לבחור ש״מ לפי רצונם הפרטי.",שם משפחה,ש״מ.01,שם משפחה,weak,3,שם משפחה | שמע מינא | תיאור כמות סופית,substituted,no,wikipedia,שם משפחה,unreviewed,,substitution,wiki_substituted
ha-03153,ש״מ,ש״מ יהודי מעיד לכאורה על השתייכותו של אדם למשפחה יהודית.,שם משפחה,ש״מ.01,שם משפחה,weak,3,שם משפחה | שמע מינא | תיאור כמות סופית,substituted,no,wikipedia,שם משפחה יהודי,unreviewed,,substitution,wiki_substituted
ha-02461,ע״כ,"""ע״כ!"" היא תוכנית בידור סאטירית ישראלית של ערוץ הטלוויזיה כאן 11.",עד כאן,ע״כ.01,עד כאן,weak,4,"על כך | על כן | עד כאן | על כורחך, (על כורחי, על כורחו)",substituted,yes,wikipedia,עד כאן!,unreviewed,,substitution,wiki_substituted
ha-02462,ע״כ,"במהלך אפריל 2020 במקביל לשידור העונה החמישית (ע״כ 2020) התחילה ע״כ+ בה פורמט התכנית חזר להיות ""ימין נגד שמאל"".",עד כאן,ע״כ.01,עד כאן,weak,4,"על כך | על כן | עד כאן | על כורחך, (על כורחי, על כורחו)",substituted,yes,wikipedia,עד כאן!,unreviewed,,substitution,wiki_substituted
ha-02463,ע״כ,ע״כ הוא ארגון ימני העוסק בביצוע תחקירים ובפעילות ציבורית נגד תופעות שהוא מגדיר כפוגעות בחוסנה ובתדמיתה של מדינת ישראל.,עד כאן,ע״כ.01,עד כאן,weak,4,"על כך | על כן | עד כאן | על כורחך, (על כורחי, על כורחו)",substituted,yes,wikipedia,עד כאן צעירים למען ישראל,unreviewed,,substitution,wiki_substituted
ha-02464,ע״כ,"נוסף ע״כ, לשחקנים המועמדים לאוסקר על השתתפות בסרט דרמה יש סיכוי גבוה משמעותית לזכות בפרס בהשוואה למועמדים שהשתתפו בסוגות אחרות.",על כך,ע״כ.02,על כך,weak,4,"על כך | על כן | עד כאן | על כורחך, (על כורחי, על כורחו)",substituted,yes,wikipedia,סרט דרמה,unreviewed,,substitution,wiki_substituted
ha-02465,ע״כ,"במשחקי ידידות רשאיות הקבוצות, אם הוסכם ע״כ ביניהן, לחרוג מכללי ההחלפות הרגילים או לשתף שחקנים שאינם רשומים באופן רשמי כשחקני הקבוצה, כדי לאפשר שיתוף של שחקנים רבים במהלך המשחק.",על כך,ע״כ.02,על כך,weak,4,"על כך | על כן | עד כאן | על כורחך, (על כורחי, על כורחו)",substituted,yes,wikipedia,משחק ידידות,unreviewed,,substitution,wiki_substituted
ha-02466,ע״כ,"בנוסף ע״כ, בהיבט החברתי והתרבותי, מדינות מוגדרות מערביות כאשר הן מקיימות בתוכן רף מסוים של זכויות האדם.",על כך,ע״כ.02,על כך,weak,4,"על כך | על כן | עד כאן | על כורחך, (על כורחי, על כורחו)",substituted,yes,wikipedia,העולם המערבי,unreviewed,,substitution,wiki_substituted
ha-02467,ע״כ,"ע״כ, קורה לא אחת ששחקני הקבוצה מחליטים במוצהר לייצר מצבי הבקעה עבור שחקן אחד כדי שירבה לכבוש או נותנים לו את האחריות לביצוע בעיטות עונשין שבהן הסיכוי להבקעה גבוה.",על כן,ע״כ.03,על כן,weak,4,"על כך | על כן | עד כאן | על כורחך, (על כורחי, על כורחו)",substituted,yes,wikipedia,מלך השערים,unreviewed,,substitution,wiki_substituted
ha-02468,ע״כ,"גופים נוספים שמציגים את מצעדי המוזיקה הם MusicLoad ו-Mix 1.‏ יתר ע״כ, GfK אנטרטיינמנט מפעילה אתר אינטרנט ייעודי המספק חדשות הקשורות למצעדי המוזיקה, וגישה לרוב מצעדי המוזיקה.",על כן,ע״כ.03,על כן,weak,4,"על כך | על כן | עד כאן | על כורחך, (על כורחי, על כורחו)",substituted,yes,wikipedia,מצעדי ה-GfK אנטרטיינמנט,unreviewed,,substitution,wiki_substituted
ha-02469,ע״כ,"ע״כ, בדרך כלל התנאי הוא זמן קצר, והדרישה אינה פתוחה למשא ומתן.",על כן,ע״כ.03,על כן,weak,4,"על כך | על כן | עד כאן | על כורחך, (על כורחי, על כורחו)",substituted,yes,wikipedia,אולטימטום,unreviewed,,substitution,wiki_substituted
ha-00993,הצ״ח,הצ״ח מקובלת בארגונים כגון צבא ובית חולים.,הצבת חירום,הצ״ח.01,הצבת חירום,weak,3,הצעת חוק | הסתדרות ציונית חדשה | הצבת חירום,substituted,yes,wikipedia,הצבת חירום,unreviewed,,substitution,wiki_substituted
ha-00994,הצ״ח,הצ״ח מתקיימת בחיל האוויר גם לצוותי קרקע וקצינים במערך ההגנה האווירית.,הצבת חירום,הצ״ח.01,הצבת חירום,weak,3,הצעת חוק | הסתדרות ציונית חדשה | הצבת חירום,substituted,yes,wikipedia,הצבת חירום,unreviewed,,substitution,wiki_substituted
ha-00995,הצ״ח,"הצ״ח קיימת גם בכוחות היבשה, אם כי פחות נפוצה.",הצבת חירום,הצ״ח.01,הצבת חירום,weak,3,הצעת חוק | הסתדרות ציונית חדשה | הצבת חירום,substituted,yes,wikipedia,הצבת חירום,unreviewed,,substitution,wiki_substituted
ha-00996,הצ״ח,"הממשלה קיבלה את המלצתו של השופט רובינשטיין, והגישה לכנסת הצ״ח שבאה לתקן את הטעון תיקון.",הצעת חוק,הצ״ח.02,הצעת חוק,weak,3,הצעת חוק | הסתדרות ציונית חדשה | הצבת חירום,substituted,yes,wikipedia,החקיקה בישראל,unreviewed,,substitution,wiki_substituted
ha-00997,הצ״ח,בעקבות תוצאה זו הגישה הממשלה הצ״ח שבעקבותיה תוקנה פקודת מס הכנסה ונקבע בה במפורש כי לא יותרו ניכויים בשל הוצאות לרכישת השכלה אקדמית.,הצעת חוק,הצ״ח.02,הצעת חוק,weak,3,הצעת חוק | הסתדרות ציונית חדשה | הצבת חירום,substituted,yes,wikipedia,החקיקה בישראל,unreviewed,,substitution,wiki_substituted
ha-00998,הצ״ח,"הנחת הצ״ח פרטית לפני הכנסת טעונה אישור של נשיאות הכנסת (מורכבת מיושב ראש הכנסת וסגניו), והם רשאים למנוע העלאת הצעה ""גזענית במהותה"", או כזו השוללת את מהותה של מדינת ישראל כמדינת העם היהודי.",הצעת חוק,הצ״ח.02,הצעת חוק,weak,3,הצעת חוק | הסתדרות ציונית חדשה | הצבת חירום,substituted,yes,wikipedia,החקיקה בישראל,unreviewed,,substitution,wiki_substituted
ha-02251,נ״ע,"בתחילת הספר מופיע פיוט, ששמו חתום באקרוסטיכון ""אני ישראל המחבר בר רבי יוסף נ״ע בן אלנקאוה"".",נוחו עדן,נ״ע.02,נוחו עדן,weak,2,ניירות ערך | נוחו עדן,substituted,yes,wikipedia,ישראל אנקווה,unreviewed,,substitution,wiki_substituted
ha-02252,נ״ע,"מחשובי הלוחמים בעד רבי יהונתן, היה הרב אלעזר פלקלס, תלמידו המובהק של הרב לנדא, שכתב: הנה עדות זו עדות שקר, והוציא לעז על גדול עולם נ״ע...",נוחו עדן,נ״ע.02,נוחו עדן,weak,2,ניירות ערך | נוחו עדן,substituted,yes,wikipedia,יהונתן אייבשיץ,unreviewed,,substitution,wiki_substituted
ha-02253,נ״ע,"חברה ציבורית היא גם תאגיד מדווח מכוח חוק נ״ע, ולכן היא מפוקחת על ידי רשות נ״ע וכן חלות עליה חובות דיווח המבוצעות באמצעות מערכת המגנא (מערכת גילוי נאות) של רשות ניירות-ערך.",ניירות ערך,נ״ע.01,ניירות ערך,weak,2,ניירות ערך | נוחו עדן,substituted,yes,wikipedia,חברה ציבורית,unreviewed,,substitution,wiki_substituted
ha-02254,נ״ע,מקצת מן החברים ממונים מקרב הציבור ומקצתם מקרב עובדי המדינה (סעיף 3(א) לחוק נ״ע).,ניירות ערך,נ״ע.01,ניירות ערך,weak,2,ניירות ערך | נוחו עדן,substituted,yes,wikipedia,רשות ניירות ערך,unreviewed,,substitution,wiki_substituted
ha-02255,נ״ע,"בשל מורכבותו והתמשכותו של ההליך הפלילי, הוחלט בתחילת שנת 2011 על יצירת מנגנון אכיפה מנהלית אשר נועד לטפל בהפרות של חוקי נ״ע אשר היסוד הנפשי הנדרש בהן הוא של רשלנות לכל היותר.",ניירות ערך,נ״ע.01,ניירות ערך,weak,2,ניירות ערך | נוחו עדן,substituted,yes,wikipedia,רשות ניירות ערך,unreviewed,,substitution,wiki_substituted
ha-02212,נ״ב,"בעקבות זאת, שוריין מקום נ״ב לכנסת ה-14 לסופה לנדבר.",נוסף ברשימה,נ״ב.01,נוסף ברשימה,weak,5,נקודת בסיס | נוסף ברשימה | נזכרתי בדבר | נכתב בצדו | נזכר בזאת,substituted,yes,wikipedia,אדיסו מאסלה,unreviewed,,substitution,wiki_substituted
ha-02213,נ״ב,"חבר נ״ב מכובדת זו הוא אחיו, המפורסם לא פחות, מיכאל לאודרופ.",נוסף ברשימה,נ״ב.01,נוסף ברשימה,weak,5,נקודת בסיס | נוסף ברשימה | נזכרתי בדבר | נכתב בצדו | נזכר בזאת,substituted,yes,wikipedia,בריאן לאודרופ,unreviewed,,substitution,wiki_substituted
ha-02214,נ״ב,ב-15 במאי 1949 זכה במנדט נ״ב הלאומית של חזית העם ההונגרית לעצמאות.,נוסף ברשימה,נ״ב.01,נוסף ברשימה,weak,5,נקודת בסיס | נוסף ברשימה | נזכרתי בדבר | נכתב בצדו | נזכר בזאת,substituted,yes,wikipedia,דיולה היידו,unreviewed,,substitution,wiki_substituted
ha-02215,נ״ב,"עם הזמן נפוצו פירושים אטימולוגיים נוספים לראשי־התיבות, כמו ""נזכרתי בזאת"", ""נוסף בזאת"" ,""נ״ב"", ""נשכח בכתב"", ""נוסף בסוף"", ""נזכרתי בסוף"" וכן ""נזכרתי במשהו"".",נזכרתי בדבר,נ״ב.03,נזכרתי בדבר,weak,5,נקודת בסיס | נוסף ברשימה | נזכרתי בדבר | נכתב בצדו | נזכר בזאת,substituted,yes,wikipedia,"נ""ב",unreviewed,,substitution,wiki_substituted
ha-02216,נ״ב,"ב-2009 הציגה בגלריית החדר תערוכה בשם ""PF נ״ב"" שעסקה במנגנוני זיכרון.",נזכרתי בדבר,נ״ב.03,נזכרתי בדבר,weak,5,נקודת בסיס | נוסף ברשימה | נזכרתי בדבר | נכתב בצדו | נזכר בזאת,substituted,yes,wikipedia,אורית חסון ולדר,unreviewed,,substitution,wiki_substituted
ha-02217,נ״ב,"רְבָבִית (מלשון רבבה, לעיתים מכונה גם: נ״ב, באנגלית: Basis Point) היא מושג המציין את החלק העשרת-אלפים מתוך השלם (1/10,000).",נקודת בסיס,נ״ב.02,נקודת בסיס,weak,5,נקודת בסיס | נוסף ברשימה | נזכרתי בדבר | נכתב בצדו | נזכר בזאת,substituted,yes,wikipedia,רבבית,unreviewed,,substitution,wiki_substituted
ha-02218,נ״ב,"לדוגמה, אם מרווח ה- CDS של איגרת חוב קונצרנית מסוכנת הוא 50 נקודות בסיס, או 0.5% (1 נ״ב = 0.01%), והמשקיע קונה הגנה מבנק בדירוג AAA בשווי של $10,000,000 עליו יהיה לשלם לבנק 50,000$.",נקודת בסיס,נ״ב.02,נקודת בסיס,weak,5,נקודת בסיס | נוסף ברשימה | נזכרתי בדבר | נכתב בצדו | נזכר בזאת,substituted,yes,wikipedia,CDS,unreviewed,,substitution,wiki_substituted
ha-02219,נ״ב,"קו גובה הוא מונח גאוגרפי המציין קו דמיוני אופקי המשותף למספר נקודות המצויות באותו רום מעל נ״ב כלשהי, בשבילנו (תושבי כדור הארץ) פני הים.",נקודת בסיס,נ״ב.02,נקודת בסיס,weak,5,נקודת בסיס | נוסף ברשימה | נזכרתי בדבר | נכתב בצדו | נזכר בזאת,substituted,yes,wikipedia,קו גובה,unreviewed,,substitution,wiki_substituted
ha-01611,מב״א,"מב""אות (מרכז בקרה אווירי או מב״א) – אחריות על ניהול הרום הקרוב לקרקע, באוגדה 143, באוגדה 91 ובאוגדה 80.",מכלול בקרה אוגדתי,מב״א.02,מכלול בקרה אוגדתי,weak,2,מערכת בקרת אש | מכלול בקרה אוגדתי,substituted,no,wikipedia,מערך הבקרה האווירית,unreviewed,,substitution,wiki_substituted
ha-01612,מב״א,"מב״א חדשה מדגם 'Volna' הותקנה, וזו כללה מד טווח לייזר מעל התותח בעל טווח מרבי של 4,000 מטרים, מחשב בליסטי ומערכת ייצוב תותח משודרגת.",מערכת בקרת אש,מב״א.01,מערכת בקרת אש,weak,2,מערכת בקרת אש | מכלול בקרה אוגדתי,substituted,no,wikipedia,T-55/54,unreviewed,,substitution,wiki_substituted
ha-01613,מב״א,מב״א ממוחשבת חדשה (עם מד טווח לייזר ומחשב בליסטי) מתוצרת סלובניה הותקנה.,מערכת בקרת אש,מב״א.01,מערכת בקרת אש,weak,2,מערכת בקרת אש | מכלול בקרה אוגדתי,substituted,no,wikipedia,T-55/54,unreviewed,,substitution,wiki_substituted
ha-01614,מב״א,הותקנה מב״א מודרנית עם מד טווח לייזר ומערכות קשר חדשות.,מערכת בקרת אש,מב״א.01,מערכת בקרת אש,weak,2,מערכת בקרת אש | מכלול בקרה אוגדתי,substituted,no,wikipedia,T-55/54,unreviewed,,substitution,wiki_substituted
ha-01296,טל״מ,"""השיר שהקלטנו מצוין, זה שיר מיוחד ואני חושב שהפרויקט הזה יהיה טל״מ מה"" אמר דרייק בהתייחס ל-""What's My Name?"" אותו השניים הקליטו גם ביחד והוא נכנס לאלבומה החמישי Loud.",טוב לא משנה,טל״מ.01,טוב לא משנה,weak,3,טוב לא משנה | טיפוח לימודי מזרחנות | טכנולוגיות למידה מתוקשבות,substituted,no,wikipedia,What's My Name?,unreviewed,,substitution,wiki_substituted
ha-03041,שח״ל,"שתי הקבוצות אוחדו שוב ב-1927, בראשות שני המנהיגים: שח״ל ומשה שפירא.",שמואל חיים לנדוי,שח״ל.01,שמואל חיים לנדוי,weak,4,שמואל חיים לנדוי | שירות חלוצי לישראל | שירות חולי לב | שירות חירום לחולים,substituted,no,wikipedia,הפועל המזרחי,unreviewed,,substitution,wiki_substituted
ha-03042,שח״ל,"מראשיה וממקימי האידיאלוגיה של הציונות הדתית הסוציאלית נמנו שח״ל, הרב ישעיהו שפירא, ישעיהו ברנשטיין ועוד.",שמואל חיים לנדוי,שח״ל.01,שמואל חיים לנדוי,weak,4,שמואל חיים לנדוי | שירות חלוצי לישראל | שירות חולי לב | שירות חירום לחולים,substituted,no,wikipedia,הפועל המזרחי,unreviewed,,substitution,wiki_substituted
ha-03043,שח״ל,"השכונה נקראת על שמו של שח״ל, ממנהיגי הפועל המזרחי.",שמואל חיים לנדוי,שח״ל.01,שמואל חיים לנדוי,weak,4,שמואל חיים לנדוי | שירות חלוצי לישראל | שירות חולי לב | שירות חירום לחולים,substituted,no,wikipedia,קריית שמואל (חיפה),unreviewed,,substitution,wiki_substituted
ha-02558,פז״ם,תלמידי חוץ לארץ נדרשו להגיע לאחר פז״ם בישיבה בארצות מוצאם.,פרק זמן מינימלי,פז״ם.01,פרק זמן מינימלי,weak,2,פרק זמן ממושך | פרק זמן מינימלי,substituted,yes,wikipedia,ישיבת באר יעקב,unreviewed,,substitution,wiki_substituted
ha-02559,פז״ם,"בכל מקרה, לכל חומר הדברה, נקבע פז״ם החייב לחלוף, מזמן השימוש בחומר ועד המועד בו מותר לחקלאי לקטוף את התוצרת ולשלחה לשיווק.",פרק זמן מינימלי,פז״ם.01,פרק זמן מינימלי,weak,2,פרק זמן ממושך | פרק זמן מינימלי,substituted,yes,wikipedia,הדברת מזיקים,unreviewed,,substitution,wiki_substituted
ha-02560,פז״ם,שינוי חוק שכזה יצריך משאל עם חוזר לאחר פז״ם שיקבע בחוק.,פרק זמן מינימלי,פז״ם.01,פרק זמן מינימלי,weak,2,פרק זמן ממושך | פרק זמן מינימלי,substituted,yes,wikipedia,"לאו""ר",unreviewed,,substitution,wiki_substituted
ha-02561,פז״ם,נגיפים רבים המכילים מעטפת נגיפית אינם מסוגלים לשרוד פז״ם מחוץ למאחסן ומוכרחים להיות מועברים ישירות מפונדקאי לפונדקאי דרך נוזלי הגוף השונים.,פרק זמן ממושך,פז״ם.02,פרק זמן ממושך,weak,2,פרק זמן ממושך | פרק זמן מינימלי,substituted,yes,wikipedia,מעטפת נגיפית,unreviewed,,substitution,wiki_substituted
ha-02562,פז״ם,"חלק מהזיכרון הפנוי נותר תפוס ולא ניתן להשתמש בו במשך זמן ריצת התוכנה, מה שעלול לפגום בביצועי המערכת, בפרט אם מדובר בתוכנה שמתוכננת לרוץ פז״ם ברצף.",פרק זמן ממושך,פז״ם.02,פרק זמן ממושך,weak,2,פרק זמן ממושך | פרק זמן מינימלי,substituted,yes,wikipedia,דליפת זיכרון,unreviewed,,substitution,wiki_substituted
ha-02563,פז״ם,"בתחילת דרכה הייתה התוכנית משודרת מדי שבוע, אך לאחר כמה פרקים עברה לשידור מדי שבועיים, ואחרי פז״ם יותר עברה לשידור בתדירות של פעם בשלושה שבועות.",פרק זמן ממושך,פז״ם.02,פרק זמן ממושך,weak,2,פרק זמן ממושך | פרק זמן מינימלי,substituted,yes,wikipedia,עושים היסטוריה,unreviewed,,substitution,wiki_substituted
ha-01405,י״א,"י״א שנקראת על שם קטורת, בה סחרו נודדי המדבר אנשי הקדם, לשם נשלחו בניה, בני אברהם בעלה.",יש אומרים,י״א.01,יש אומרים,weak,4,יש אומרים | ירא אדוני | שווה בגודלה למרחק כדור-הארץ מהשמש | שנת הלימודים האחת־עשרה של התלמידים בישראל,substituted,no,wikipedia,קטורה (דמות מקראית),unreviewed,,substitution,wiki_substituted
ha-01406,י״א,"הוא נולד בבבל ועלה לארץ ישראל, י״א שהיה כהן.",יש אומרים,י״א.01,יש אומרים,weak,4,יש אומרים | ירא אדוני | שווה בגודלה למרחק כדור-הארץ מהשמש | שנת הלימודים האחת־עשרה של התלמידים בישראל,substituted,no,wikipedia,רב כהנא (הראשון),unreviewed,,substitution,wiki_substituted
ha-01407,י״א,"סגולות הארץ – ארץ ישראל מסוגלת לברכה בבנים, אוירה מחכים, ובה מתגלית הנבואה – י״א שכל אלו נוהגים גם בעבר לירדן ויש חולקים.",יש אומרים,י״א.01,יש אומרים,weak,4,יש אומרים | ירא אדוני | שווה בגודלה למרחק כדור-הארץ מהשמש | שנת הלימודים האחת־עשרה של התלמידים בישראל,substituted,no,wikipedia,עבר הירדן,unreviewed,,substitution,wiki_substituted
ha-02647,צח״מ,"באותו זמן, קבוצת אתלטים שנייה ביצעה חמישה אימונים בעלי עצימות בינונית (70% צח״מ) בשבוע.",צריכת חמצן מרבית,צח״מ.01,צריכת חמצן מרבית,weak,3,צוות חקירה מיוחד | צריכת חמצן מרבית | צוות חטיבתי משוריין,substituted,no,wikipedia,HIIT,unreviewed,,substitution,wiki_substituted
ha-02648,צח״מ,המדענים הבחינו שהערך VO 2 max - צח״מ של האדם (מדד הקובע את נפח זרימת החמצן המרבית לשריר הלב או שיעור ספיגת החמצן המרבי של גוף האדם) יורד כפונקציה של הגיל.,צריכת חמצן מרבית,צח״מ.01,צריכת חמצן מרבית,weak,3,צוות חקירה מיוחד | צריכת חמצן מרבית | צוות חטיבתי משוריין,substituted,no,wikipedia,משך חיים מרבי,unreviewed,,substitution,wiki_substituted
ha-02992,ר״נ,"ר״נ בר יעקב (230 לערך - 320) היה מגדולי אמוראי בבל בדור השני והשלישי, ראש ישיבת נהרדעא ומעמודי התווך של התלמוד הבבלי.",רב נחמן,ר״נ.01,רב נחמן,weak,3,רב נחמן | רישיון נהיגה | 250 (מספר),substituted,yes,wikipedia,רב נחמן,unreviewed,,substitution,wiki_substituted
ha-02993,ר״נ,"ר״נ היה עשיר ובעל נכסים, חתנו של ראש הגולה, דיין מפורסם ומגדולי דורו בהלכה ובאגדה.",רב נחמן,ר״נ.01,רב נחמן,weak,3,רב נחמן | רישיון נהיגה | 250 (מספר),substituted,yes,wikipedia,רב נחמן,unreviewed,,substitution,wiki_substituted
ha-02994,ר״נ,"הדעה המקובלת היא כי ""ר״נ"" 'סתם', בתלמוד הוא ר״נ בר יעקב, לעומת ר״נ בר יצחק המאוחר יותר, המוזכר בדרך כלל יחד עם שם אביו.",רב נחמן,ר״נ.01,רב נחמן,weak,3,רב נחמן | רישיון נהיגה | 250 (מספר),substituted,yes,wikipedia,רב נחמן,unreviewed,,substitution,wiki_substituted
ha-02995,ר״נ,ר״נ הוא אישור המקנה לבעליו את הזכות החוקית לנהוג ברכב מסוג מסוים.,רישיון נהיגה,ר״נ.02,רישיון נהיגה,weak,3,רב נחמן | רישיון נהיגה | 250 (מספר),substituted,yes,wikipedia,רישיון נהיגה,unreviewed,,substitution,wiki_substituted
ha-02996,ר״נ,על הנהג ברכב לציית לחוקי הכביש ובדרך כלל עליו להיות בעל ר״נ מתאים לסוג הרכב בו הוא נוהג.,רישיון נהיגה,ר״נ.02,רישיון נהיגה,weak,3,רב נחמן | רישיון נהיגה | 250 (מספר),substituted,yes,wikipedia,נהיגה,unreviewed,,substitution,wiki_substituted
ha-02997,ר״נ,"כללי הכביש, ר״נ של הנהג ורישום הרכב, חוקים וענישה בגין נהיגה רשלנית, בדיקות בטיחות הרכב וביטוח חובה שונים בין מדינה למדינה.",רישיון נהיגה,ר״נ.02,רישיון נהיגה,weak,3,רב נחמן | רישיון נהיגה | 250 (מספר),substituted,yes,wikipedia,נהיגה,unreviewed,,substitution,wiki_substituted
ha-03311,ת״ב,ת״ב היא תעודה מטעם משרד החינוך של מדינת ישראל המעידה על הצלחה במילוי הדרישות הלימודיות בבחינות הבגרות הנערכות בדרך כלל בבתי ספר תיכוניים בישראל.,תעודת בגרות,ת״ב.01,תעודת בגרות,weak,3,תשעה באב | תעודת בגרות | תרגילי בית,substituted,yes,wikipedia,תעודת בגרות,unreviewed,,substitution,wiki_substituted
ha-03312,ת״ב,יצוין כי קיימות גם אפשרויות קבלה לתואר ראשון ללא ת״ב.,תעודת בגרות,ת״ב.01,תעודת בגרות,weak,3,תשעה באב | תעודת בגרות | תרגילי בית,substituted,yes,wikipedia,תעודת בגרות,unreviewed,,substitution,wiki_substituted
ha-03313,ת״ב,"מעסיקים בשוק העבודה עלולים לדרוש ת״ב, כחלק מתנאי הקבלה למקום העבודה.",תעודת בגרות,ת״ב.01,תעודת בגרות,weak,3,תשעה באב | תעודת בגרות | תרגילי בית,substituted,yes,wikipedia,תעודת בגרות,unreviewed,,substitution,wiki_substituted
ha-03314,ת״ב,"במטופלים אשר סובלים מהתסמונת במשך פחות משישה חודשים, מתן ת״ב בשילוב עם זריקות קורטיקוסטרואידים במינון נמוך יכול להיות יעיל.",תרגילי בית,ת״ב.03,תרגילי בית,weak,3,תשעה באב | תעודת בגרות | תרגילי בית,substituted,yes,wikipedia,תסמונת הכתף הקפואה,unreviewed,,substitution,wiki_substituted
ha-03315,ת״ב,"תענית ת״ב, בשונה משאר התעניות שמדרבנן, נמשכת משקיעת החמה ביום שלפניו ועד צאת הכוכבים למחרת, וכוללת את כל חמשת העינויים הנהוגים ביום הכיפורים.",תשעה באב,ת״ב.02,תשעה באב,weak,3,תשעה באב | תעודת בגרות | תרגילי בית,substituted,yes,wikipedia,תשעה באב,unreviewed,,substitution,wiki_substituted
ha-03316,ת״ב,"לפי המסורת, לאחר ביאת המשיח ובניית בית המקדש השלישי, יהפוך ת״ב ליום של חג ושמחה, כשאר הצומות על החורבן.",תשעה באב,ת״ב.02,תשעה באב,weak,3,תשעה באב | תעודת בגרות | תרגילי בית,substituted,yes,wikipedia,תשעה באב,unreviewed,,substitution,wiki_substituted
ha-03317,ת״ב,"בדומה לחורבן בתי המקדש, שהאירועים שהובילו אליהם החלו לפני ת״ב עצמו ונמשכו לאחריו וכן בשל החשש מסכנה, מנהגי האבלות מתחילים בהדרגה לפני ת״ב ונמשכים לתוך עשרה באב.",תשעה באב,ת״ב.02,תשעה באב,weak,3,תשעה באב | תעודת בגרות | תרגילי בית,substituted,yes,wikipedia,תשעה באב,unreviewed,,substitution,wiki_substituted
ha-01547,לב״ב,"""לב״ב"", ספרית הפועלים 2012, 192 עמ’: נועם בטוח שהוא הילד הכי דפוק בכיתה בחשבון.",לא בא בחשבון,לב״ב.01,לא בא בחשבון,weak,2,לא בא בחשבון | לחימה בשטח בנוי (מיושן),substituted,no,wikipedia,פנינה אריאל,unreviewed,,substitution,wiki_substituted
ha-01548,לב״ב,"לב״ב"", שכתב המחזאי היהודי הדרום אפריקני ויקטור גורדון.",לא בא בחשבון,לב״ב.01,לא בא בחשבון,weak,2,לא בא בחשבון | לחימה בשטח בנוי (מיושן),substituted,no,wikipedia,ריכרד וגנר,unreviewed,,substitution,wiki_substituted
ha-01549,לב״ב,"לב״ב"" של תיאטרון הקריאה מיסודו של תיאטרון מיקרו, לצידם של מרים זוהר, עדי ביילסקי וניב פטל.",לא בא בחשבון,לב״ב.01,לא בא בחשבון,weak,2,לא בא בחשבון | לחימה בשטח בנוי (מיושן),substituted,no,wikipedia,רמי ברוך,unreviewed,,substitution,wiki_substituted
ha-01860,ממ״ג,בין השנים 1963–1968 כיהן כמנהל ממ״ג שורק והמנהל המדעי של הוועדה לאנרגיה אטומית.,המרכז למחקר גרעיני,ממ״ג.02,המרכז למחקר גרעיני,weak,6,המרכז למחקר גרעיני | מערכת מידע גאוגרפי | מצנח ממונע גלגלי | כלי טיס ממונע אשר בו מצנח המשמש לעילוי | מתקן למחקר גרעיני הממוקם בנחל שורק | קבוצת תוכנות לניתוח מידע גיאוגרפי,substituted,yes,wikipedia,שמעון יפתח,unreviewed,,substitution,wiki_substituted
ha-01861,ממ״ג,רפאל (רפי) ברקוביץ' (ברקו) (נולד ב-1958) הוא ראש ממ״ג שורק.,המרכז למחקר גרעיני,ממ״ג.02,המרכז למחקר גרעיני,weak,6,המרכז למחקר גרעיני | מערכת מידע גאוגרפי | מצנח ממונע גלגלי | כלי טיס ממונע אשר בו מצנח המשמש לעילוי | מתקן למחקר גרעיני הממוקם בנחל שורק | קבוצת תוכנות לניתוח מידע גיאוגרפי,substituted,yes,wikipedia,רפי ברקוביץ',unreviewed,,substitution,wiki_substituted
ha-01862,ממ״ג,"בימינו עושים המודדים שימוש במגוון ציוד ומקורות מידע כגון תחנה כוללת ידנית או רובוטית, מקלטי GPS תלת־ממדיים, מחזיר פינתי ומחזיר ישיר, סורקים תלת־ממדיים, ממ״ג, ציוד מחשוב ותקשורת.",מערכת מידע גאוגרפי,ממ״ג.01,מערכת מידע גאוגרפי,weak,6,המרכז למחקר גרעיני | מערכת מידע גאוגרפי | מצנח ממונע גלגלי | כלי טיס ממונע אשר בו מצנח המשמש לעילוי | מתקן למחקר גרעיני הממוקם בנחל שורק | קבוצת תוכנות לניתוח מידע גיאוגרפי,substituted,yes,wikipedia,מדידה (מקצוע),unreviewed,,substitution,wiki_substituted
ha-01863,ממ״ג,"Govmap (בשמה המלא - Govmap אתר המפות הממשלתי) היא ממ״ג ישראלית וממוחשבת המאפשרת ניהול, אחזור וניתוח מידע גאוגרפי תוך שילוב תכנים ממספר שכבות מידע.",מערכת מידע גאוגרפי,ממ״ג.01,מערכת מידע גאוגרפי,weak,6,המרכז למחקר גרעיני | מערכת מידע גאוגרפי | מצנח ממונע גלגלי | כלי טיס ממונע אשר בו מצנח המשמש לעילוי | מתקן למחקר גרעיני הממוקם בנחל שורק | קבוצת תוכנות לניתוח מידע גיאוגרפי,substituted,yes,wikipedia,Govmap,unreviewed,,substitution,wiki_substituted
ha-01864,ממ״ג,"QGIS (בעבר: Quantum GIS) היא תוכנה לניהול ממ״ג, חופשית ומופצת תחת רישיון קוד פתוח, שמתאימה למגוון של מערכות הפעלה.",מערכת מידע גאוגרפי,ממ״ג.01,מערכת מידע גאוגרפי,weak,6,המרכז למחקר גרעיני | מערכת מידע גאוגרפי | מצנח ממונע גלגלי | כלי טיס ממונע אשר בו מצנח המשמש לעילוי | מתקן למחקר גרעיני הממוקם בנחל שורק | קבוצת תוכנות לניתוח מידע גיאוגרפי,substituted,yes,wikipedia,QGIS,unreviewed,,substitution,wiki_substituted
ha-01550,לו״ז,"ההסכם קבע לו״ז והיקף של הנסיגות בהם ישראל מחויבת, ובמקביל הניח לו״ז לצעדים ביטחוניים של הפלסטינים באיסוף נשק בלתי חוקי, לחימה בטרור ומניעת הסתה.",לוח זמנים,לו״ז.01,לוח זמנים,weak,2,לוח זמנים | לוחמה זעירה,substituted,yes,wikipedia,הסכם ואי,unreviewed,,substitution,wiki_substituted
ha-01551,לו״ז,אהוד ברק הגיע בספטמבר 1999 להסכם שארם בו נקבע לו״ז חדש למחויבויות בהסכם ואי ונוספו מחויבויות ישראליות נוספות לשחרור אסירים.,לוח זמנים,לו״ז.01,לוח זמנים,weak,2,לוח זמנים | לוחמה זעירה,substituted,yes,wikipedia,הסכם ואי,unreviewed,,substitution,wiki_substituted
ha-01552,לו״ז,"למוניות שירות אין בדרך כלל לו״ז קבוע אלא הן מתבססות על שיטת ""מלא וסע"".",לוח זמנים,לו״ז.01,לוח זמנים,weak,2,לוח זמנים | לוחמה זעירה,substituted,yes,wikipedia,מוניות שירות בישראל,unreviewed,,substitution,wiki_substituted
ha-01553,לו״ז,"מפקד גדוד 890 של הצנחנים, אריק שרון וסגנו אהרן דוידי, גיבשו תוכנית מפורטת לקורס ""לו״ז"" המיועד לבוגרי בית הספר לקצינים בעלי כושר גופני טוב.",לוחמה זעירה,לו״ז.02,לוחמה זעירה,weak,2,לוח זמנים | לוחמה זעירה,substituted,yes,wikipedia,כוחות מיוחדים,unreviewed,,substitution,wiki_substituted
ha-01554,לו״ז,"תחת השם ""חבלה"" מאוגדות בעיקר פעולות קומנדו הנעשות בחשאי, בשיטות לו״ז, בהן יש התמקדות ספציפית במטרה טקטית ופגיעה בה, לרוב באמצעות מטעני נפץ.",לוחמה זעירה,לו״ז.02,לוחמה זעירה,weak,2,לוח זמנים | לוחמה זעירה,substituted,yes,wikipedia,חבלה (פעילות מלחמתית),unreviewed,,substitution,wiki_substituted
ha-01555,לו״ז,"צבי גבעתי (נולד ב-25 בנובמבר 1934) הוא קצין חיל הים בדימוס בדרגת אלוף-משנה, בתפקידו האחרון היה מפקד יחידת לו״ז בשנים 1974–1976.",לוחמה זעירה,לו״ז.02,לוחמה זעירה,weak,2,לוח זמנים | לוחמה זעירה,substituted,yes,wikipedia,צבי גבעתי,unreviewed,,substitution,wiki_substituted
ha-03198,ש״צ,התפרסם כסופרו של ש״צ ודבק בתורתו גם לאחר התאסלמותו.,שבתאי צבי,ש״צ.03,שבתאי צבי,weak,6,שליח ציבור | שבתאי צבי | שוטר צבאי | שמרהו צורו | שיעבוד צף | שתוק צעיר,substituted,yes,wikipedia,שמואל פרימו,unreviewed,,substitution,wiki_substituted
ha-03199,ש״צ,"מרבית השבתאים האמינו שבגאולה האחרונה תינתן תורה חדשה, ובביטול כמה מן הדינים על ידי ש״צ ראו את תחילתה של תורה חדשה זו.",שבתאי צבי,ש״צ.03,שבתאי צבי,weak,6,שליח ציבור | שבתאי צבי | שוטר צבאי | שמרהו צורו | שיעבוד צף | שתוק צעיר,substituted,yes,wikipedia,שבתאות,unreviewed,,substitution,wiki_substituted
ha-03200,ש״צ,"ש״צ רשאי לעצור אזרח שלא במרחב צבאי, אם האזרח והעבירה שבה הוא חשוד נתונים לשיפוט צבאי, או אם האזרח מפריע לפעילות צבאית.",שוטר צבאי,ש״צ.01,שוטר צבאי,weak,6,שליח ציבור | שבתאי צבי | שוטר צבאי | שמרהו צורו | שיעבוד צף | שתוק צעיר,substituted,yes,wikipedia,חיל המשטרה הצבאית,unreviewed,,substitution,wiki_substituted
ha-03201,ש״צ,"ש״צ רשאי בעת סריקה או ביקורת, לדרוש מכל אדם למסור לו את שמו וכתובתו ולהציג את תעודת הזיהוי או כל מסמך אחר שברשותו ושלפיהם אפשר לזהותו.",שוטר צבאי,ש״צ.01,שוטר צבאי,weak,6,שליח ציבור | שבתאי צבי | שוטר צבאי | שמרהו צורו | שיעבוד צף | שתוק צעיר,substituted,yes,wikipedia,חיל המשטרה הצבאית,unreviewed,,substitution,wiki_substituted
ha-03202,ש״צ,"נהג חייב לציית לאותות הניתנים על ידי ש״צ במדים, במרחב צבאי ומחוצה לו.",שוטר צבאי,ש״צ.01,שוטר צבאי,weak,6,שליח ציבור | שבתאי צבי | שוטר צבאי | שמרהו צורו | שיעבוד צף | שתוק צעיר,substituted,yes,wikipedia,חיל המשטרה הצבאית,unreviewed,,substitution,wiki_substituted
ha-03203,ש״צ,"לפי מנהג זה, רווק מתעטף בטלית רק במקרים מיוחדים, כגון ש״צ, עלייה לתורה, או ברכת כהנים.",שליח ציבור,ש״צ.02,שליח ציבור,weak,6,שליח ציבור | שבתאי צבי | שוטר צבאי | שמרהו צורו | שיעבוד צף | שתוק צעיר,substituted,yes,wikipedia,רווק,unreviewed,,substitution,wiki_substituted
ha-03204,ש״צ,"ש״צ או חזן: תפקידו של שליח הציבור להנחות את הקהל באמצעות תפילה בקול רם, כדי לשמור על אחידות התפילה וכדי להדגיש חלקי שיא או קטעי מעבר.",שליח ציבור,ש״צ.02,שליח ציבור,weak,6,שליח ציבור | שבתאי צבי | שוטר צבאי | שמרהו צורו | שיעבוד צף | שתוק צעיר,substituted,yes,wikipedia,בית כנסת,unreviewed,,substitution,wiki_substituted
ha-03205,ש״צ,"בנוסף, הוא שימש ש״צ, ומיוחסים לו רבים מניגוני התפילה.",שליח ציבור,ש״צ.02,שליח ציבור,weak,6,שליח ציבור | שבתאי צבי | שוטר צבאי | שמרהו צורו | שיעבוד צף | שתוק צעיר,substituted,yes,wikipedia,"מהרי""ל",unreviewed,,substitution,wiki_substituted
ha-01953,מר״ן,"אך חיבורים שונים נערכו מתורתו, מהם: ספר תורת אמת, וספר מר״ן, חידושים על המשנה, שנערכו על ידי רבי צבי בנימין אוירבך מתוך ההערות הקצרות שרשם על שולי ספר המשנה הפרטי שלו.",משנת רבי נתן,מר״ן.01,משנת רבי נתן,weak,3,משנת רבי נתן | מורנו רבי נחמן | ממאתים רבנים נסמך,substituted,no,wikipedia,נתן אדלר,unreviewed,,substitution,wiki_substituted
ha-00954,ד״ת,נהוג לומר ד״ת בעיקר בסעודת מצווה כגון סעודת שבע ברכות או בר מצווה בהם אף מקשרים את הנאמר לחתן או לכלה.,דברי תורה,ד״ת.01,דברי תורה,weak,3,דברי תורה | דין תורה | דעת תורה,substituted,yes,wikipedia,דברי תורה,unreviewed,,substitution,wiki_substituted
ha-00955,ד״ת,"שלושה שאכלו על שולחן אחד ולא אמרו עליו ד״ת, כאילו אכלו מזבחי מתים”.",דברי תורה,ד״ת.01,דברי תורה,weak,3,דברי תורה | דין תורה | דעת תורה,substituted,yes,wikipedia,דברי תורה,unreviewed,,substitution,wiki_substituted
ha-00956,ד״ת,"""דאורייתא"" הוא מונח בארמית שמשמעתו ""של התורה"", כינויים נוספים הם ""דבר תורה"" או ""ד״ת"".",דברי תורה,ד״ת.01,דברי תורה,weak,3,דברי תורה | דין תורה | דעת תורה,substituted,yes,wikipedia,דרבנן,unreviewed,,substitution,wiki_substituted
ha-00957,ד״ת,"לפיכך, צדדים המעוניינים להכריע בסכסוך כלכלי שביניהם על פי ד״ת יכולים לפנות לבתי דין פרטיים, וביניהם בית הדין לממונות, עליהם עדיין חל חוק הבוררות.",דין תורה,ד״ת.02,דין תורה,weak,3,דברי תורה | דין תורה | דעת תורה,substituted,yes,wikipedia,בית דין לממונות,unreviewed,,substitution,wiki_substituted
ha-00958,ד״ת,"חלק מתפיסות אלה נובעות, במקרה הטוב, משאיפה לקיום הליך משפטי על פי ד״ת, ולפי דעות אחרות, מעמדן הוא כשל ""ערכאות של גויים"".",דין תורה,ד״ת.02,דין תורה,weak,3,דברי תורה | דין תורה | דעת תורה,substituted,yes,wikipedia,בית דין לממונות,unreviewed,,substitution,wiki_substituted
ha-00959,ד״ת,"גם בתי הדין עצמם מעדיפים את מוסד הבוררות על פני דין בכפייה מנימוקים הלכתיים, כדוגמת אי־היכולת לכפייה כאשר הדיינים אינם סמוכים, ועקב חוסר במסורת שיפוטית הנוגע לשיפוט בכפייה ועל פי עקרונות ד״ת.",דין תורה,ד״ת.02,דין תורה,weak,3,דברי תורה | דין תורה | דעת תורה,substituted,yes,wikipedia,בית דין לממונות,unreviewed,,substitution,wiki_substituted
ha-00960,ד״ת,"בטרמינולוגיה החרדית, ד״ת היא דעתו של אדם גדול בתורה בכל נושא שאין לו התייחסות מפורשת בתורה.",דעת תורה,ד״ת.03,דעת תורה,weak,3,דברי תורה | דין תורה | דעת תורה,substituted,yes,wikipedia,דעת תורה,unreviewed,,substitution,wiki_substituted
ha-00961,ד״ת,המושג ד״ת נועד לייחס לאדם הנחשב גדול בתורה את היכולת לשמש לפה עבור התורה ולהביע את דעתה (שאינה מובעת בה בגלוי) בשאלה הנדונה.,דעת תורה,ד״ת.03,דעת תורה,weak,3,דברי תורה | דין תורה | דעת תורה,substituted,yes,wikipedia,דעת תורה,unreviewed,,substitution,wiki_substituted
ha-00962,ד״ת,ד״ת היא מוטיב מרכזי בחיי החברה החרדית וברמה פחותה אף בחיי החברה החרדית-לאומית.,דעת תורה,ד״ת.03,דעת תורה,weak,3,דברי תורה | דין תורה | דעת תורה,substituted,yes,wikipedia,דעת תורה,unreviewed,,substitution,wiki_substituted
ha-03013,ר״ת,"כינויו ""ר״ת"" נגזר מהפסוק ""ויעקב איש תם יושב אהלים"" (בראשית כה, כז).",רבנו תם,ר״ת.01,רבנו תם,weak,2,ראשי תיבות | רבנו תם,substituted,no,wikipedia,רבנו תם,unreviewed,,substitution,wiki_substituted
ha-03014,ר״ת,"תחילה למד ר״ת אצל אביו, ועוד בחייו הגיע להוראה.",רבנו תם,ר״ת.01,רבנו תם,weak,2,ראשי תיבות | רבנו תם,substituted,no,wikipedia,רבנו תם,unreviewed,,substitution,wiki_substituted
ha-03015,ר״ת,"ר״ת התפרנס מהלוואות וייצור יין, והיה עשיר.",רבנו תם,ר״ת.01,רבנו תם,weak,2,ראשי תיבות | רבנו תם,substituted,no,wikipedia,רבנו תם,unreviewed,,substitution,wiki_substituted
ha-03318,ת״ד,"ת״ד מתארת התנגשות בין כלי תחבורה לבין גורם אחר, למשל כלי תחבורה נוסף, הולך רגל, או גורם נייח כמו עץ או עמוד חשמל.",תאונת דרכים,ת״ד.01,תאונת דרכים,weak,2,תאונת דרכים | תיבת דואר,substituted,yes,wikipedia,תאונת דרכים,unreviewed,,substitution,wiki_substituted
ha-03319,ת״ד,תאונת פגע וברח היא ת״ד שבה גורם התאונה מסתלק מהאזור מבלי להגיש עזרה ומבלי להזדהות.,תאונת דרכים,ת״ד.01,תאונת דרכים,weak,2,תאונת דרכים | תיבת דואר,substituted,yes,wikipedia,תאונת דרכים,unreviewed,,substitution,wiki_substituted
ha-03320,ת״ד,"אמצעי בטיחות מיועדים למנוע תאונות (גדר מסביב לאזור בנייה, למשל, מגינה מפני כניסה בטעות לאזור מסוכן זה), או לצמצם את הנזק בעת התרחשות תאונה (חגורת בטיחות, למשל, נועדה לצמצם את הפגיעה בעת ת״ד).",תאונת דרכים,ת״ד.01,תאונת דרכים,weak,2,תאונת דרכים | תיבת דואר,substituted,yes,wikipedia,תאונה,unreviewed,,substitution,wiki_substituted
ha-03321,ת״ד,"ת״ד היא תיבה המיועדת לאיסוף דואר יוצא מבויל, לשם שליחתו ליעדו.",תיבת דואר,ת״ד.02,תיבת דואר,weak,2,תאונת דרכים | תיבת דואר,substituted,yes,wikipedia,תיבת דואר,unreviewed,,substitution,wiki_substituted
ha-03322,ת״ד,"לעיתים מכנים בטעות בשם ""ת״ד"" את תיבת המכתבים הממוקמת בפתחי בניינים לשם קבלת דואר נכנס עבור הדיירים.",תיבת דואר,ת״ד.02,תיבת דואר,weak,2,תאונת דרכים | תיבת דואר,substituted,yes,wikipedia,תיבת דואר,unreviewed,,substitution,wiki_substituted
ha-03323,ת״ד,"בעוד פרוטוקול POP3 מאפשר למשתמש לעבוד עם ת״ד אחת בלבד, היתרון בפרוטוקול IMAP הוא באפשרות עבודה עם מספר תיבות דואר.",תיבת דואר,ת״ד.02,תיבת דואר,weak,2,תאונת דרכים | תיבת דואר,substituted,yes,wikipedia,Internet Message Access Protocol,unreviewed,,substitution,wiki_substituted
ha-00281,א״ה,כיום השם א״ה משמש להגדרת מכלול הדינים הנוגעים לדיני נישואים וגירושים.,אבן העזר,א״ה.01,אבן העזר,weak,4,אבן העזר | אוצר הברכות | אי הכי (אם כך) | אמר הכותב/המחבר/העורך,substituted,no,wikipedia,אבן העזר,unreviewed,,substitution,wiki_substituted
ha-00282,א״ה,"פתחי תשובה – על יורה דעה, א״ה, וחושן משפט.",אבן העזר,א״ה.01,אבן העזר,weak,4,אבן העזר | אוצר הברכות | אי הכי (אם כך) | אמר הכותב/המחבר/העורך,substituted,no,wikipedia,שולחן ערוך,unreviewed,,substitution,wiki_substituted
ha-00283,א״ה,בשולחן ערוך א״ה חסרים אפוא 53 סימנים מתוך 178.,אבן העזר,א״ה.01,אבן העזר,weak,4,אבן העזר | אוצר הברכות | אי הכי (אם כך) | אמר הכותב/המחבר/העורך,substituted,no,wikipedia,ערוך השולחן,unreviewed,,substitution,wiki_substituted
ha-01789,מו״ח,"עם הזמן הורחבה גם משמעות המונח ""ביולוגיה"", עד כדי חפיפה חלקית או מלאה עם ""מו״ח"", אך עד היום מועדף השם ""מו״ח"" כשמו של התחום האקדמי באוניברסיטאות רבות בארצות הברית ובאנגליה.",מדעי החיים,מו״ח.01,מדעי החיים,weak,2,מדעי החיים | מורשה חתימה,substituted,yes,wikipedia,מדעי החיים,unreviewed,,substitution,wiki_substituted
ha-01790,מו״ח,"PubMed הוא מאגר מידע ביבליוגרפי העוסק בתחומי מו״ח, מדעי הרפואה והמקצועות הפרא-רפואיים.",מדעי החיים,מו״ח.01,מדעי החיים,weak,2,מדעי החיים | מורשה חתימה,substituted,yes,wikipedia,PubMed,unreviewed,,substitution,wiki_substituted
ha-01791,מו״ח,"פרס רוטשילד הוא פרס שמעניקה יד הנדיב מאז שנת 1959 בעשרה תחומים: הנדסה, מדעי המחשב, מתמטיקה, מו״ח, מדעי הסביבה, מדעי הכימיה, מדעי הפיזיקה, מדעי החברה, מדעי הרוח, ומדעי היהדות.",מדעי החיים,מו״ח.01,מדעי החיים,weak,2,מדעי החיים | מורשה חתימה,substituted,yes,wikipedia,פרס רוטשילד,unreviewed,,substitution,wiki_substituted
ha-01792,מו״ח,"הוא התקדם לתפקיד מו״ח, ומשנת 1940 לקח על עצמו את ניהול מפעל בסמוך ללייפציג בסקסוניה שם יוצרו כדורים ותחמושת על ידי יותר מ-1,000 עובדים, ביניהם עובדי כפייה רבים, בעיקר מפולין.",מורשה חתימה,מו״ח.02,מורשה חתימה,weak,2,מדעי החיים | מורשה חתימה,substituted,yes,wikipedia,הקלר וקוך,unreviewed,,substitution,wiki_substituted
ha-01793,מו״ח,"החתימה על ההמחאה אינה תואמת לחתימה הרשומה בתיק של בעל החשבון או של מו״ח בחשבון, או שהיא נוגעת בפס קריאת תווים מגנטית בתחתית ההמחאה.",מורשה חתימה,מו״ח.02,מורשה חתימה,weak,2,מדעי החיים | מורשה חתימה,substituted,yes,wikipedia,המחאה ללא כיסוי,unreviewed,,substitution,wiki_substituted
ha-00775,ג״ע,"ה""חתם סופר"" כותב בין השאר: ”אותו צדיק קדוש ישראל ג״ע ...",גאון עולם,ג״ע.04,גאון עולם,weak,4,גן עדן | גילוי עריות | גימנסיה עברית | גאון עולם,substituted,yes,wikipedia,דוד דייטש,unreviewed,,substitution,wiki_substituted
ha-00776,ג״ע,"במכתבו לקרובו, הרב צבי יחזקאל מיכלזון מפלונסק, תיאר הרב שור את בנו כמי ש""חשבתי כי יגיע למדרגת ג״ע"".",גאון עולם,ג״ע.04,גאון עולם,weak,4,גן עדן | גילוי עריות | גימנסיה עברית | גאון עולם,substituted,yes,wikipedia,יעקב שור,unreviewed,,substitution,wiki_substituted
ha-00777,ג״ע,"בעברית מודרנית ג״ע הוא קיום יחסי מין בין קרובי משפחה, דהיינו יחסים מיניים בין אב לבתו או בנו, בין אם לבתה או בנה, בין אח לאחות וכדומה.",גילוי עריות,ג״ע.01,גילוי עריות,weak,4,גן עדן | גילוי עריות | גימנסיה עברית | גאון עולם,substituted,yes,wikipedia,גילוי עריות,unreviewed,,substitution,wiki_substituted
ha-00778,ג״ע,"האנתרופולוג מרווין האריס מציין שעצם הצורך בחוק נגד ג״ע, והעובדה שקיימים עבריינים רבים על החוק למרות העונש, מעידים שבמקביל לסלידה האוניברסלית קיימת משיכה אוניברסלית.",גילוי עריות,ג״ע.01,גילוי עריות,weak,4,גן עדן | גילוי עריות | גימנסיה עברית | גאון עולם,substituted,yes,wikipedia,גילוי עריות,unreviewed,,substitution,wiki_substituted
ha-00779,ג״ע,"אף על פי כן, הגדרת ""קרוב משפחה"" לעניין האיסור על ג״ע משתנה מתרבות לתרבות.",גילוי עריות,ג״ע.01,גילוי עריות,weak,4,גן עדן | גילוי עריות | גימנסיה עברית | גאון עולם,substituted,yes,wikipedia,גילוי עריות,unreviewed,,substitution,wiki_substituted
ha-00780,ג״ע,בשנת 1924 הוקמה ג״ע במוקצ'בו שבראשה עמד חיים קוגל וכעבור עשור בשנת 1934 הוקמה ג״ע נוספת באוז'הורוד.,גימנסיה עברית,ג״ע.02,גימנסיה עברית,weak,4,גן עדן | גילוי עריות | גימנסיה עברית | גאון עולם,substituted,yes,wikipedia,זקרפטיה,unreviewed,,substitution,wiki_substituted
ha-00781,ג״ע,"אברהם הלוי (גילביץ) – לימד בחדר מתוקן ברוסיה, היה חבר באגודה שנקראה ""חובבי שפת עבר"" וניהל ג״ע לבנות.",גימנסיה עברית,ג״ע.02,גימנסיה עברית,weak,4,גן עדן | גילוי עריות | גימנסיה עברית | גאון עולם,substituted,yes,wikipedia,חדר מתוקן,unreviewed,,substitution,wiki_substituted
ha-00782,ג״ע,"בשנת 1940, בסמינר מדריכים שקיימה התנועה במחתרת, הוחלט להקים ג״ע-אידית בגטו.",גימנסיה עברית,ג״ע.02,גימנסיה עברית,weak,4,גן עדן | גילוי עריות | גימנסיה עברית | גאון עולם,substituted,yes,wikipedia,גימנסיה דרור-החלוץ,unreviewed,,substitution,wiki_substituted
ha-00783,ג״ע,"ג״ע ביהדות, בנצרות ובאסלאם, הוא גן אגדי שניטע על־ידי אלוהים.",גן עדן,ג״ע.03,גן עדן,weak,4,גן עדן | גילוי עריות | גימנסיה עברית | גאון עולם,substituted,yes,wikipedia,גן עדן,unreviewed,,substitution,wiki_substituted
ha-00784,ג״ע,"ביהדות הופיע לראשונה המושג 'ג״ע' כמקום אליו מגיעים הצדיקים לאחר מותם ובו הם מקבלים את גמולם, כבר בסוף המאה הראשונה.",גן עדן,ג״ע.03,גן עדן,weak,4,גן עדן | גילוי עריות | גימנסיה עברית | גאון עולם,substituted,yes,wikipedia,גן עדן,unreviewed,,substitution,wiki_substituted
ha-00785,ג״ע,"לאורך ימי הביניים היו ניסיונות רבים לזהות את מיקומו של ג״ע הארצי ולהגיע אליו, ונמצאו אנשים שטענו שראו אותו.",גן עדן,ג״ע.03,גן עדן,weak,4,גן עדן | גילוי עריות | גימנסיה עברית | גאון עולם,substituted,yes,wikipedia,גן עדן,unreviewed,,substitution,wiki_substituted
ha-02099,מ״פ,מ״פ יכול להכיל מאות אלפים ואף מיליוני אנשים.,מחנה פליטים,מ״פ.01,מחנה פליטים,weak,6,מפקד פלוגה | מחנה פליטים | מחשבה פלילית | לשון משלים פועל | מחשבים מגה פיקסל | מתמטיקה מכפלה פנימית,substituted,yes,wikipedia,מחנה פליטים,unreviewed,,substitution,wiki_substituted
ha-02100,מ״פ,"קלנדיה (בערבית: قلنديا – קלנדיא, או قلنديه – קלנדיה) הוא כפר ערבי באזור עטרות בצפון ירושלים וכן מ״פ פלסטינים סמוך.",מחנה פליטים,מ״פ.01,מחנה פליטים,weak,6,מפקד פלוגה | מחנה פליטים | מחשבה פלילית | לשון משלים פועל | מחשבים מגה פיקסל | מתמטיקה מכפלה פנימית,substituted,yes,wikipedia,קלנדיה,unreviewed,,substitution,wiki_substituted
ha-02101,מ״פ,"מחנה הפליטים אל-יַרְמוּכּ (בערבית: مخيم اليرموك, תעתיק מדויק: מח'ים אלירמוכ) הוא מ״פ פלסטינים בדמשק שבסוריה, והמרכז הגדול ביותר של פליטים פלסטינים בסוריה.",מחנה פליטים,מ״פ.01,מחנה פליטים,weak,6,מפקד פלוגה | מחנה פליטים | מחשבה פלילית | לשון משלים פועל | מחשבים מגה פיקסל | מתמטיקה מכפלה פנימית,substituted,yes,wikipedia,מחנה הפליטים אל-ירמוכ,unreviewed,,substitution,wiki_substituted
ha-02102,מ״פ,בעבירות של אחריות קפידה לא נדרשת מן התביעה הוכחת יסוד נפשי כלשהו אך הנאשם רשאי להוכיח כי לא הייתה לו מ״פ או רשלנות וכי נקט את כל האמצעים הסבירים כדי למנוע את העבירה.,מחשבה פלילית,מ״פ.02,מחשבה פלילית,weak,6,מפקד פלוגה | מחנה פליטים | מחשבה פלילית | לשון משלים פועל | מחשבים מגה פיקסל | מתמטיקה מכפלה פנימית,substituted,yes,wikipedia,עבירה,unreviewed,,substitution,wiki_substituted
ha-02103,מ״פ,"עם זאת, בשל אופייה של האחריות הקפידה קובע חוק העונשין כי אין להטיל מאסר בגין עבירות אלה אלא אם הוכחו מ״פ או רשלנות.",מחשבה פלילית,מ״פ.02,מחשבה פלילית,weak,6,מפקד פלוגה | מחנה פליטים | מחשבה פלילית | לשון משלים פועל | מחשבים מגה פיקסל | מתמטיקה מכפלה פנימית,substituted,yes,wikipedia,עבירה,unreviewed,,substitution,wiki_substituted
ha-02104,מ״פ,פזיזות – היא ענף משנה של מ״פ ועוסקת ביחס כלפי תוצאת העבירה.,מחשבה פלילית,מ״פ.02,מחשבה פלילית,weak,6,מפקד פלוגה | מחנה פליטים | מחשבה פלילית | לשון משלים פועל | מחשבים מגה פיקסל | מתמטיקה מכפלה פנימית,substituted,yes,wikipedia,עבירה,unreviewed,,substitution,wiki_substituted
ha-02105,מ״פ,"מ״פ יהיה בדרגת סרן או רב-סרן, מפקד גדוד יהיה בדרגת סגן-אלוף ומפקד חטיבה יהיה בדרגת אלוף-משנה.",מפקד פלוגה,מ״פ.03,מפקד פלוגה,weak,6,מפקד פלוגה | מחנה פליטים | מחשבה פלילית | לשון משלים פועל | מחשבים מגה פיקסל | מתמטיקה מכפלה פנימית,substituted,yes,wikipedia,דרגה צבאית,unreviewed,,substitution,wiki_substituted
ha-02106,מ״פ,"לאחר החלמתו היה מ״פ בקורס מ""כים (גדוד 17) ובהמשך הדריך בבית הספר לקצינים.",מפקד פלוגה,מ״פ.03,מפקד פלוגה,weak,6,מפקד פלוגה | מחנה פליטים | מחשבה פלילית | לשון משלים פועל | מחשבים מגה פיקסל | מתמטיקה מכפלה פנימית,substituted,yes,wikipedia,גבי אופיר,unreviewed,,substitution,wiki_substituted
ha-02107,מ״פ,הוא היה הדרוזי הראשון ששימש מ״פ וסגן מפקד גדוד בחיל השריון.,מפקד פלוגה,מ״פ.03,מפקד פלוגה,weak,6,מפקד פלוגה | מחנה פליטים | מחשבה פלילית | לשון משלים פועל | מחשבים מגה פיקסל | מתמטיקה מכפלה פנימית,substituted,yes,wikipedia,אמיר חמוד,unreviewed,,substitution,wiki_substituted
ha-01590,ל״ת,"מצוות עשה מחייבות בדרך כלל עשייה לשם קיומן, ומצוות ל״ת מחייבות בדרך כלל הימנעות מעשייה לשם קיומן, אך לעיתים נדרשת עשייה לשם קיומה של מצוות ל״ת.",לא תעשה,ל״ת.01,לא תעשה,weak,2,לא תעשה | ללא תוכן,substituted,yes,wikipedia,מצווה,unreviewed,,substitution,wiki_substituted
ha-01591,ל״ת,"דוגמה לכך היא המצווה ""לא תעמוד על דם רעך"", המנוסחת כמצוות ל״ת, אך כדי לקיימה יש לקום ולעשות מעשה ולהציל את האדם הנמצא בסכנה.",לא תעשה,ל״ת.01,לא תעשה,weak,2,לא תעשה | ללא תוכן,substituted,yes,wikipedia,מצווה,unreviewed,,substitution,wiki_substituted
ha-01592,ל״ת,"ל״ת לך פסל וכל תמונה: אלוהים שולל כל עצם דומם שנוצר לשבחו, וההסבר לכך שטיפוח פסלים ותמונות נחשב לעבודה זרה.",לא תעשה,ל״ת.01,לא תעשה,weak,2,לא תעשה | ללא תוכן,substituted,yes,wikipedia,מצווה,unreviewed,,substitution,wiki_substituted
ha-01593,ל״ת,"השפה עצמה היא כלי צורני (סינטקטי), ל״ת סמנטי.",ללא תוכן,ל״ת.02,ללא תוכן,weak,2,לא תעשה | ללא תוכן,substituted,yes,wikipedia,שפה מסדר ראשון,unreviewed,,substitution,wiki_substituted
ha-01594,ל״ת,"תוכן העניינים מכיל את רשימת כל הפרקים שבספר (כולל רכיבים פותחים ורכיבים מסיימים, אך ל״ת העניינים עצמו), ורושם בקצה השני של השורה את העמוד שבו מתחיל כל פרק.",ללא תוכן,ל״ת.02,ללא תוכן,weak,2,לא תעשה | ללא תוכן,substituted,yes,wikipedia,תוכן העניינים,unreviewed,,substitution,wiki_substituted
ha-01595,ל״ת,"כיום, כאמור, התואר הוא תואר כבוד ל״ת מעשי, המתייחס לארבע עשרה ערים השייכות לפדרציה של חמשת הנמלים.",ללא תוכן,ל״ת.02,ללא תוכן,weak,2,לא תעשה | ללא תוכן,substituted,yes,wikipedia,לורד חמשת הנמלים,unreviewed,,substitution,wiki_substituted
ha-01777,מה״ד,"ביהדות מופנית פעמים רבות תפילה לאלוהים שינהג על פי מידת הרחמים (רחמי שמים), כלומר, לא יעניש על פי החוק היבש (על פי מה״ד) אלא יגלה חמלה.",מידת הדין,מה״ד.01,מידת הדין,weak,6,משרד הדתות | משרד הדואר | מידת הדין | מהא דכתיב (=מזה שכתוב) | מהו דתימא (=מהו שתאמר) | מרכז/מחלקת הדרכה,substituted,yes,wikipedia,רחמים,unreviewed,,substitution,wiki_substituted
ha-01778,מה״ד,"ענה לו המלאך, שבזמן בו מתעוררת מה״ד בשמים ""עידנא דריתחא” עונשים גם על ביטול מצוות עשה כמו אי לבישת ציצית, למרות שלא חייבים בה מעיקר הדין.",מידת הדין,מה״ד.01,מידת הדין,weak,6,משרד הדתות | משרד הדואר | מידת הדין | מהא דכתיב (=מזה שכתוב) | מהו דתימא (=מהו שתאמר) | מרכז/מחלקת הדרכה,substituted,yes,wikipedia,רב קטינא,unreviewed,,substitution,wiki_substituted
ha-01779,מה״ד,"במקורות קבליים נזכר שגבריאל הוא המלאך העומד לשמאלו של האל, כלומר המייצג של מה״ד והגבורה.",מידת הדין,מה״ד.01,מידת הדין,weak,6,משרד הדתות | משרד הדואר | מידת הדין | מהא דכתיב (=מזה שכתוב) | מהו דתימא (=מהו שתאמר) | מרכז/מחלקת הדרכה,substituted,yes,wikipedia,גבריאל,unreviewed,,substitution,wiki_substituted
ha-01780,מה״ד,"לאחר פטירתו של דוד צבי פנקס, שהיה שר התחבורה, הוחלט מסיבות פוליטיות לפצל את מה״ד ממשרד התחבורה.",משרד הדואר,מה״ד.02,משרד הדואר,weak,6,משרד הדתות | משרד הדואר | מידת הדין | מהא דכתיב (=מזה שכתוב) | מהו דתימא (=מהו שתאמר) | מרכז/מחלקת הדרכה,substituted,yes,wikipedia,משרד התקשורת,unreviewed,,substitution,wiki_substituted
ha-01781,מה״ד,"משנת 1997, הסיומת נוהלה על ידי מה״ד והתקשורת של קמבודיה, ומשנת 2012, היא מנוהלת על ידי רגולטור התקשורת של קמבודיה.",משרד הדואר,מה״ד.02,משרד הדואר,weak,6,משרד הדתות | משרד הדואר | מידת הדין | מהא דכתיב (=מזה שכתוב) | מהו דתימא (=מהו שתאמר) | מרכז/מחלקת הדרכה,substituted,yes,wikipedia,.kh,unreviewed,,substitution,wiki_substituted
ha-01782,מה״ד,"מחלקת הדואר של ארצות הברית (באנגלית: United States Post Office Department,‏ USPOD, נודעה גם כ""מה״ד"" - Post Office, או ""דואר ארצות הברית"" - U.S.",משרד הדואר,מה״ד.02,משרד הדואר,weak,6,משרד הדתות | משרד הדואר | מידת הדין | מהא דכתיב (=מזה שכתוב) | מהו דתימא (=מהו שתאמר) | מרכז/מחלקת הדרכה,substituted,yes,wikipedia,מחלקת הדואר של ארצות הברית,unreviewed,,substitution,wiki_substituted
ha-01783,מה״ד,"בעבר נקרא מה״ד או המשרד לענייני דתות, ועסק בשירותי דת לבני כל הדתות.",משרד הדתות,מה״ד.03,משרד הדתות,weak,6,משרד הדתות | משרד הדואר | מידת הדין | מהא דכתיב (=מזה שכתוב) | מהו דתימא (=מהו שתאמר) | מרכז/מחלקת הדרכה,substituted,yes,wikipedia,המשרד לשירותי דת,unreviewed,,substitution,wiki_substituted
ha-01784,מה״ד,"על פי ההחלטה, מה״ד יפורק ואגפיו יחולקו בין משרדי הממשלה השונים.",משרד הדתות,מה״ד.03,משרד הדתות,weak,6,משרד הדתות | משרד הדואר | מידת הדין | מהא דכתיב (=מזה שכתוב) | מהו דתימא (=מהו שתאמר) | מרכז/מחלקת הדרכה,substituted,yes,wikipedia,המשרד לשירותי דת,unreviewed,,substitution,wiki_substituted
ha-01785,מה״ד,"מיזם חשיפת הכותל המערבי לכל אורכו לאחר מלחמת ששת הימים, במטרה לאפשר לכל יהודי לגשת אל הכותל ללא הפרעה וללא מכשול, היה יוזמה של מה״ד.",משרד הדתות,מה״ד.03,משרד הדתות,weak,6,משרד הדתות | משרד הדואר | מידת הדין | מהא דכתיב (=מזה שכתוב) | מהו דתימא (=מהו שתאמר) | מרכז/מחלקת הדרכה,substituted,yes,wikipedia,מנהרות הכותל,unreviewed,,substitution,wiki_substituted
ha-00099,אחב״י,"מקורם הוא בתוספתא: ”מי שיש לו פירות שביעית והגיע שעת הביעור, מחלק מהן לשכניו ולקרוביו וליודעיו ומוציא ומניח על ביתו ואומר: אחב״י, כל מי שצריך ליטול יבא ויטול.",אחינו בית ישראל,אחב״י.01,אחינו בית ישראל,weak,2,אחינו בית ישראל | אחינו בני ישראל,substituted,no,wikipedia,ביעור פירות שביעית,unreviewed,,substitution,wiki_substituted
ha-00100,אחב״י,"הדברים שכתב נתפסו בידי נמעניו (הוא פונה אל ""אחב״י הקדושים""), כדברי אמת וכדיווח חי מארץ הקודש, הדברים חידדו את ההצגה של הארץ כמקום הצומח מתוך דברי הנביאים ותיאורי התורה.",אחינו בני ישראל,אחב״י.02,אחינו בני ישראל,weak,2,אחינו בית ישראל | אחינו בני ישראל,substituted,no,wikipedia,משה ריישר,unreviewed,,substitution,wiki_substituted
ha-01662,מד״ח,"כמו כן, נזכר היישוב בחיבור אבות דרבי נתן: ”מעשה באדם אחד מבית רמה שהיה נוהג בעצמו מד״ח.",מדת חסידות,מד״ח.01,מדת חסידות,weak,5,משוואות דיפרנציאליות חלקיות | משוואה דיפרנציאלית חלקית | מדת חסידות | מדריך חוץ וטבע | אנגלית: PDE,substituted,yes,wikipedia,בית רימה,unreviewed,,substitution,wiki_substituted
ha-01663,מד״ח,"לעומתו רבי חיים בן עטר חלק על כך, משום שאין הוראה זו מפורשת בתלמוד, ולכן לדעתו המנהג הוא ""מד״ח"" ואינו מן הדין.",מדת חסידות,מד״ח.01,מדת חסידות,weak,5,משוואות דיפרנציאליות חלקיות | משוואה דיפרנציאלית חלקית | מדת חסידות | מדריך חוץ וטבע | אנגלית: PDE,substituted,yes,wikipedia,ברוך הוא וברוך שמו,unreviewed,,substitution,wiki_substituted
ha-01664,מד״ח,"אם כי המשנה ברורה מציין כי ""מד״ח"" ללובשו אף במקרה כזה.",מדת חסידות,מד״ח.01,מדת חסידות,weak,5,משוואות דיפרנציאליות חלקיות | משוואה דיפרנציאלית חלקית | מדת חסידות | מדריך חוץ וטבע | אנגלית: PDE,substituted,yes,wikipedia,גרטל,unreviewed,,substitution,wiki_substituted
ha-01665,מד״ח,משוואת הלמהולץ היא מד״ח בעלת שימושים בפיזיקה בתחום הגלים.,משוואה דיפרנציאלית חלקית,מד״ח.02,משוואה דיפרנציאלית חלקית,weak,5,משוואות דיפרנציאליות חלקיות | משוואה דיפרנציאלית חלקית | מדת חסידות | מדריך חוץ וטבע | אנגלית: PDE,substituted,yes,wikipedia,משוואת הלמהולץ,unreviewed,,substitution,wiki_substituted
ha-01666,מד״ח,"משוואת פואסון היא מד״ח עם שימושים רבים באלקטרוסטטיקה, הנדסת מכונות ופיזיקה תאורטית.",משוואה דיפרנציאלית חלקית,מד״ח.02,משוואה דיפרנציאלית חלקית,weak,5,משוואות דיפרנציאליות חלקיות | משוואה דיפרנציאלית חלקית | מדת חסידות | מדריך חוץ וטבע | אנגלית: PDE,substituted,yes,wikipedia,משוואת פואסון,unreviewed,,substitution,wiki_substituted
ha-01667,מד״ח,זוהי מד״ח מסדר שני אשר מתארת את ההתפשטות של גל אלקטרומגנטי.,משוואה דיפרנציאלית חלקית,מד״ח.02,משוואה דיפרנציאלית חלקית,weak,5,משוואות דיפרנציאליות חלקיות | משוואה דיפרנציאלית חלקית | מדת חסידות | מדריך חוץ וטבע | אנגלית: PDE,substituted,yes,wikipedia,משוואת הגל האלקטרומגנטי,unreviewed,,substitution,wiki_substituted
ha-01668,מד״ח,"פונקציית השגיאה (באנגלית: Error Function) היא פונקציה שאינה אלמנטרית המופיעה בהסתברות, סטטיסטיקה, מד״ח והנדסת חומרים.",משוואות דיפרנציאליות חלקיות,מד״ח.03,משוואות דיפרנציאליות חלקיות,weak,5,משוואות דיפרנציאליות חלקיות | משוואה דיפרנציאלית חלקית | מדת חסידות | מדריך חוץ וטבע | אנגלית: PDE,substituted,yes,wikipedia,פונקציית השגיאה,unreviewed,,substitution,wiki_substituted
ha-01669,מד״ח,"השיטה נחשבת קלה להבנה ופשוטה ליישום בתוכנה, ביחס לשיטות פתרון אחרות של מד״ח.",משוואות דיפרנציאליות חלקיות,מד״ח.03,משוואות דיפרנציאליות חלקיות,weak,5,משוואות דיפרנציאליות חלקיות | משוואה דיפרנציאלית חלקית | מדת חסידות | מדריך חוץ וטבע | אנגלית: PDE,substituted,yes,wikipedia,שיטת ההפרש הסופי בתחום הזמן,unreviewed,,substitution,wiki_substituted
ha-01670,מד״ח,"במתמטיקה, שיטת הקרקטריסטיקות (באנגלית: Method of characteristics) היא שיטה לפתרון מד״ח.",משוואות דיפרנציאליות חלקיות,מד״ח.03,משוואות דיפרנציאליות חלקיות,weak,5,משוואות דיפרנציאליות חלקיות | משוואה דיפרנציאלית חלקית | מדת חסידות | מדריך חוץ וטבע | אנגלית: PDE,substituted,yes,wikipedia,שיטת הקרקטריסטיקות,unreviewed,,substitution,wiki_substituted
ha-03076,ש״ב,"מכיוון שסעודות אלו מסתיימות באמירת ""ש״ב"", נהוג לכנות גם את הסעודות עצמן בשם זה.",שבע ברכות,ש״ב.01,שבע ברכות,weak,5,שמואל ב' | שירות ביטחון | שלום בית | שבע ברכות | שיעורי בית,substituted,yes,wikipedia,שבע ברכות,unreviewed,,substitution,wiki_substituted
ha-03077,ש״ב,"לפחות אחד מן המשתתפים צריך להיות אורח חדש שלא השתתף בסעודת ""ש״ב"" של הימים הקודמים או בחתונה (""פנים חדשות""), ויש האומרים שהוא צריך להיות מספיק חשוב ש""מרבים בשבילו בסעודה"".",שבע ברכות,ש״ב.01,שבע ברכות,weak,5,שמואל ב' | שירות ביטחון | שלום בית | שבע ברכות | שיעורי בית,substituted,yes,wikipedia,שבע ברכות,unreviewed,,substitution,wiki_substituted
ha-03078,ש״ב,"כאשר אין ""פנים חדשות"", ולדעתו של הרב עובדיה יוסף גם בסעודת ש״ב שאינה מתקיימת בבית החתנים, מברכים רק את ברכת ""בורא פרי הגפן"" וברכת ""אשר ברא"".",שבע ברכות,ש״ב.01,שבע ברכות,weak,5,שמואל ב' | שירות ביטחון | שלום בית | שבע ברכות | שיעורי בית,substituted,yes,wikipedia,שבע ברכות,unreviewed,,substitution,wiki_substituted
ha-03079,ש״ב,"בתקופה המודרנית מתן ש״ב נהוג במרבית בתי הספר, ובמרבית מדינות העולם, במערכת החינוך הפורמלית.",שיעורי בית,ש״ב.02,שיעורי בית,weak,5,שמואל ב' | שירות ביטחון | שלום בית | שבע ברכות | שיעורי בית,substituted,yes,wikipedia,שיעורי בית,unreviewed,,substitution,wiki_substituted
ha-03080,ש״ב,"מטלות אשר יכולות לשמש לצורך ש״ב על פי חוזר של משרד החינוך הן: קריאה של טקסט, מענה לשאלות, סיכום, ארגון של נתונים, איתור מידע באינטרנט, תרגול, לימוד בעל פה ועריכה של תצפית.",שיעורי בית,ש״ב.02,שיעורי בית,weak,5,שמואל ב' | שירות ביטחון | שלום בית | שבע ברכות | שיעורי בית,substituted,yes,wikipedia,שיעורי בית,unreviewed,,substitution,wiki_substituted
ha-03081,ש״ב,"האימון אשר מתאפשר דרך הכנת ש״ב, מהווה בסיס להעמקת הידע ושליטה במיומנויות למידה.",שיעורי בית,ש״ב.02,שיעורי בית,weak,5,שמואל ב' | שירות ביטחון | שלום בית | שבע ברכות | שיעורי בית,substituted,yes,wikipedia,שיעורי בית,unreviewed,,substitution,wiki_substituted
ha-03082,ש״ב,ש״ב המדינה (בגאורגית: სახელმწიფო უსაფრთხოების სამსახური) הוא הזרוע הממשלתית בגאורגיה האחראית לביטחון פנים במדינה.,שירות ביטחון,ש״ב.03,שירות ביטחון,weak,5,שמואל ב' | שירות ביטחון | שלום בית | שבע ברכות | שיעורי בית,substituted,yes,wikipedia,שירות ביטחון המדינה (גאורגיה),unreviewed,,substitution,wiki_substituted
ha-03083,ש״ב,"עם חקיקתו של חוק שירות המילואים בשנת 2008, עברו אליו מרבית ההוראות העוסקות בשירות המילואים, ואילו בחוק ש״ב נותרו הוראות העוסקות בשירות סדיר והוראות כלליות שרלוונטיות לשני סוגי השירותים.",שירות ביטחון,ש״ב.03,שירות ביטחון,weak,5,שמואל ב' | שירות ביטחון | שלום בית | שבע ברכות | שיעורי בית,substituted,yes,wikipedia,חוק שירות ביטחון,unreviewed,,substitution,wiki_substituted
ha-03084,ש״ב,"בשנת 2005 יזמה הממשלה תיקון לחוק ש״ב, שבו הציעה לנסח מחדש סעיפים אלה, כדי שיתאמו את המצב הקיים בפועל.",שירות ביטחון,ש״ב.03,שירות ביטחון,weak,5,שמואל ב' | שירות ביטחון | שלום בית | שבע ברכות | שיעורי בית,substituted,yes,wikipedia,חוק שירות ביטחון,unreviewed,,substitution,wiki_substituted
ha-03085,ש״ב,"ש״ב הוא מונח המתאר יחסי שלום והרמוניה בין בני משפחה, באופן המאפשר חיים משותפים ללא חיכוכים ומריבות קשות.",שלום בית,ש״ב.04,שלום בית,weak,5,שמואל ב' | שירות ביטחון | שלום בית | שבע ברכות | שיעורי בית,substituted,yes,wikipedia,שלום בית,unreviewed,,substitution,wiki_substituted
ha-03086,ש״ב,"ש״ב נחשב כערך ביהדות, הן מצד מצוות ומידות טובות שבין אדם לחבירו, והן כתשתית לחיי נישואים והקמת משפחה בצורה בריאה ואידיאלית.",שלום בית,ש״ב.04,שלום בית,weak,5,שמואל ב' | שירות ביטחון | שלום בית | שבע ברכות | שיעורי בית,substituted,yes,wikipedia,שלום בית,unreviewed,,substitution,wiki_substituted
ha-03087,ש״ב,"מושג זה עולה פעמים רבות במשפטי גירושים, כאשר אחד מבני הזוג מבקש להתגרש, ואילו האחר דורש ש״ב, כלומר חזרה לחיי נישואים הרמוניים.",שלום בית,ש״ב.04,שלום בית,weak,5,שמואל ב' | שירות ביטחון | שלום בית | שבע ברכות | שיעורי בית,substituted,yes,wikipedia,שלום בית,unreviewed,,substitution,wiki_substituted
ha-02444,ע״ח,"במילים אחרות, הגוף לא היה יכול להגביר את מהירותו אם לא היה בהתחלה במקום גבוה שמהווה צורת אנרגיה אחרת ומאפשר לו להגביר את מהירותו ע״ח אותה צורת אנרגיה.",על חשבון,ע״ח.01,על חשבון,weak,2,על חשבון | עץ חיים,substituted,yes,wikipedia,חוק שימור האנרגיה,unreviewed,,substitution,wiki_substituted
ha-02445,ע״ח,"במקרה שנזרוק גוף מגובה פני האדמה נקבל מעבר הפוך של האנרגיה, מאנרגיה קינטית שהזורק נותן לגוף, לאנרגיה פוטנציאלית כובדית, כך שהגוף צובר גובה ע״ח מהירותו שקטֵנה.",על חשבון,ע״ח.01,על חשבון,weak,2,על חשבון | עץ חיים,substituted,yes,wikipedia,חוק שימור האנרגיה,unreviewed,,substitution,wiki_substituted
ha-02446,ע״ח,"היחסים הדיפלומטיים בין המדינות נותקו בשנת 1964, כאשר שארל דה גול הכיר בלגיטימיות של הרפובליקה העממית של סין ע״ח הרפובליקה של סין.",על חשבון,ע״ח.01,על חשבון,weak,2,על חשבון | עץ חיים,substituted,yes,wikipedia,יחסי טאיוואן–צרפת,unreviewed,,substitution,wiki_substituted
ha-02447,ע״ח,"ישיבת ע״ח היא ישיבה ותיקה של היישוב הישן בירושלים, הכוללת תלמוד תורה, ישיבה וכולל.",עץ חיים,ע״ח.02,עץ חיים,weak,2,על חשבון | עץ חיים,substituted,yes,wikipedia,ישיבת עץ חיים,unreviewed,,substitution,wiki_substituted
ha-02448,ע״ח,מיזם נוסף שנבנה כדי לממן את פעולות הישיבה הוא שכונת ע״ח שבסמוך לגשר המיתרים.,עץ חיים,ע״ח.02,עץ חיים,weak,2,על חשבון | עץ חיים,substituted,yes,wikipedia,ישיבת עץ חיים,unreviewed,,substitution,wiki_substituted
ha-02449,ע״ח,לשכת הרב לאו דחתה את ההאשמות וטענה שמהלכיה בעניין הרב שטסמן אינם קשורים למוסדות ע״ח.,עץ חיים,ע״ח.02,עץ חיים,weak,2,על חשבון | עץ חיים,substituted,yes,wikipedia,ישיבת עץ חיים,unreviewed,,substitution,wiki_substituted
ha-01166,חו״ר,"חו״ר העיר ונציה הסכימו עם רבי דוד מילדולה, התשובה נחתמה בשמם על ידי רבי יצחק פאציפיקו.",חכמי ורבני,חו״ר.01,חכמי ורבני,weak,3,חכמי ורבני | חסד ורחמים | חנון ורחום,substituted,yes,wikipedia,פולמוס שבת החתונה,unreviewed,,substitution,wiki_substituted
ha-01167,חו״ר,"חו״ר העיר פיררה הסכימו עם רבי דוד מילדולה, התשובה נחתמה על ידי הסופר רבי משה חיים ריקאנטי.",חכמי ורבני,חו״ר.01,חכמי ורבני,weak,3,חכמי ורבני | חסד ורחמים | חנון ורחום,substituted,yes,wikipedia,פולמוס שבת החתונה,unreviewed,,substitution,wiki_substituted
ha-01168,חו״ר,"הרב יהושע משה, קץ הימין - תולדות חו״ר בבל ראשונים ואחרונים, עמ' 54, ירושלים: הוצאת ספרים בקאל, 1966.",חכמי ורבני,חו״ר.01,חכמי ורבני,weak,3,חכמי ורבני | חסד ורחמים | חנון ורחום,substituted,yes,wikipedia,יחזקאל משה הלוי,unreviewed,,substitution,wiki_substituted
ha-01169,חו״ר,"הם מתארים אותו כאל רודף צדק, קשוח ונקמן, ניגוד של האל הראשי, האל של הנצרות, אל חו״ר, אל שמהותו אהבה.",חנון ורחום,חו״ר.03,חנון ורחום,weak,3,חכמי ורבני | חסד ורחמים | חנון ורחום,substituted,yes,wikipedia,ביניטריות,unreviewed,,substitution,wiki_substituted
ha-01170,חו״ר,ברחוב הכרמל הוקם על ידי משפחת ארמוזה וסידיס שרמזו את שמם באות אחת לפני האחרונה בכל מילה; אגודת בית הכנסת חו״ר.,חסד ורחמים,חו״ר.02,חסד ורחמים,weak,3,חכמי ורבני | חסד ורחמים | חנון ורחום,substituted,yes,wikipedia,נחלאות,unreviewed,,substitution,wiki_substituted
ha-01171,חו״ר,"על פי אמירה המיוחסת לנביא מוחמד, מחלוקת בין המאמינים הנאמנים היא ברכה, חו״ר.",חסד ורחמים,חו״ר.02,חסד ורחמים,weak,3,חכמי ורבני | חסד ורחמים | חנון ורחום,substituted,yes,wikipedia,איח'תילאף,unreviewed,,substitution,wiki_substituted
ha-01172,חו״ר,"הוא הפעיל הבולט של עמותת ""כלל ישראל – חו״ר"", ארגון ""ביחד ננצח"" המסייע לחיילים, הפועל תחת העמותה.",חסד ורחמים,חו״ר.02,חסד ורחמים,weak,3,חכמי ורבני | חסד ורחמים | חנון ורחום,substituted,yes,wikipedia,שי גראוכר,unreviewed,,substitution,wiki_substituted
ha-01822,מל״ט,RQ-2 פיוניר (RQ-2 Pioneer) הוא מל״ט שפותח במשותף על ידי תאגיד AAI והתעשייה האווירית לישראל.,מטוס ללא טייס,מל״ט.01,מטוס ללא טייס,weak,2,מטוס ללא טייס | מיגו לחצי טענה,substituted,no,wikipedia,RQ-2 פיוניר,unreviewed,,substitution,wiki_substituted
ha-01823,מל״ט,במסגרת הניסוי המערכת יירטה בהצלחה מל״ט שדימה מטרה.,מטוס ללא טייס,מל״ט.01,מטוס ללא טייס,weak,2,מטוס ללא טייס | מיגו לחצי טענה,substituted,no,wikipedia,ברק 8,unreviewed,,substitution,wiki_substituted
ha-02889,רמ״ק,"לבד מכרטיס הקול, יש אזור קטן בלוח האם המעבד קול באופן מוגבל ומכיל גם רמ״ק.",רמקול קטן,רמ״ק.01,רמקול קטן,weak,2,רמקול קטן | רבי משה קורדברו,substituted,no,wikipedia,כרטיס קול,unreviewed,,substitution,wiki_substituted
ha-02890,רמ״ק,לשם כך המציאו את הטוויטר (tweeter) – רמ״ק יחסית אשר מסוגל לנוע בתדירויות גבוהות ולהשמיע צלילים גבוהים באיכות טובה.,רמקול קטן,רמ״ק.01,רמקול קטן,weak,2,רמקול קטן | רבי משה קורדברו,substituted,no,wikipedia,רמקול,unreviewed,,substitution,wiki_substituted
ha-02891,רמ״ק,"הן עוצבו מחדש עם רמ״ק יותר, וסימני ה-L/R הועברו לקדמת האוזניות, כך שלא נראו מבחוץ.",רמקול קטן,רמ״ק.01,רמקול קטן,weak,2,רמקול קטן | רבי משה קורדברו,substituted,no,wikipedia,אוזניות אפל,unreviewed,,substitution,wiki_substituted
ha-00444,בדר״כ,"הסיווג של מוזיקאים מתחלק בדר״כ לקטגוריות שלהלן: נגן או אינסטרומנטליסט, אדם המנגן בכלי נגינה.",בדרך כלל,בדר״כ.01,בדרך כלל,weak,2,בדרך כלל | ב-ד רב כהנא- ארמית בשל רב כהנא,substituted,no,wikipedia,מוזיקאי,unreviewed,,substitution,wiki_substituted
ha-00445,בדר״כ,מספר התושבים בעיירה נע בדר״כ בין כמה מאות לכמה עשרות אלפים.,בדרך כלל,בדר״כ.01,בדרך כלל,weak,2,בדרך כלל | ב-ד רב כהנא- ארמית בשל רב כהנא,substituted,no,wikipedia,עיירה,unreviewed,,substitution,wiki_substituted
ha-00446,בדר״כ,"באזורים שונים בעולם, למשל בהודו, מספר התושבים בכפר גדול יכול להיות גדול בהרבה מאשר בעיירה קטנה אך בדר״כ עיירה תהיה גדולה מכפר וקטנה מעיר.",בדרך כלל,בדר״כ.01,בדרך כלל,weak,2,בדרך כלל | ב-ד רב כהנא- ארמית בשל רב כהנא,substituted,no,wikipedia,עיירה,unreviewed,,substitution,wiki_substituted
ha-01974,מ״א,"עם הקמתה, הוכפפה מ״א תחת הוועד הלאומי והסוכנות היהודית בראשותו של דוד בן-גוריון.",המפקדה הארצית,מ״א.01,המפקדה הארצית,weak,15,מועצה אזורית | מקום אחר | מלכים א' | משנה א' | מגן אברהם | מעמד אישי | מערכות אלקטרוניות | המפקדה הארצית | מספר אישי | מודיעין אזרחי | מעצור אוויר | מחזור אחרון | מוסמך אוניברסיטה (נקרא גם 'תואר שני') | מֻסְמָךְ אוּנִיבֶרְסִיטָה | משתנה אקראי (תורת ההסתברות),substituted,yes,wikipedia,המפקדה הארצית,unreviewed,,substitution,wiki_substituted
ha-01975,מ״א,"ב־6 בספטמבר 1939 החליטה מ״א על הקמת מטה כללי להגנה, לאחר מאבק ארוך בין תומכי המהלך מחוגי ההסתדרות למתנגדיו מהחוגים האזרחיים.",המפקדה הארצית,מ״א.01,המפקדה הארצית,weak,15,מועצה אזורית | מקום אחר | מלכים א' | משנה א' | מגן אברהם | מעמד אישי | מערכות אלקטרוניות | המפקדה הארצית | מספר אישי | מודיעין אזרחי | מעצור אוויר | מחזור אחרון | מוסמך אוניברסיטה (נקרא גם 'תואר שני') | מֻסְמָךְ אוּנִיבֶרְסִיטָה | משתנה אקראי (תורת ההסתברות),substituted,yes,wikipedia,המפקדה הארצית,unreviewed,,substitution,wiki_substituted
ha-01976,מ״א,עוד ב-1947 חתר דוד בן-גוריון לביטול מ״א על מנת לפשט את שרשרת הפיקוד והשליטה של במדינה שבדרך וצמצום הפוליטיזציה.,המפקדה הארצית,מ״א.01,המפקדה הארצית,weak,15,מועצה אזורית | מקום אחר | מלכים א' | משנה א' | מגן אברהם | מעמד אישי | מערכות אלקטרוניות | המפקדה הארצית | מספר אישי | מודיעין אזרחי | מעצור אוויר | מחזור אחרון | מוסמך אוניברסיטה (נקרא גם 'תואר שני') | מֻסְמָךְ אוּנִיבֶרְסִיטָה | משתנה אקראי (תורת ההסתברות),substituted,yes,wikipedia,המפקדה הארצית,unreviewed,,substitution,wiki_substituted
ha-01977,מ״א,"מכונה על שם ספרו ""מ״א"", מהפירושים הבולטים לחלק ""אורח חיים"" ב""שולחן ערוך"".",מגן אברהם,מ״א.02,מגן אברהם,weak,15,מועצה אזורית | מקום אחר | מלכים א' | משנה א' | מגן אברהם | מעמד אישי | מערכות אלקטרוניות | המפקדה הארצית | מספר אישי | מודיעין אזרחי | מעצור אוויר | מחזור אחרון | מוסמך אוניברסיטה (נקרא גם 'תואר שני') | מֻסְמָךְ אוּנִיבֶרְסִיטָה | משתנה אקראי (תורת ההסתברות),substituted,yes,wikipedia,אברהם אבלי הלוי גומבינר,unreviewed,,substitution,wiki_substituted
ha-01978,מ״א,על מ״א נכתבו הפירושים פרי מגדים (אשל אברהם) ומחצית השקל.,מגן אברהם,מ״א.02,מגן אברהם,weak,15,מועצה אזורית | מקום אחר | מלכים א' | משנה א' | מגן אברהם | מעמד אישי | מערכות אלקטרוניות | המפקדה הארצית | מספר אישי | מודיעין אזרחי | מעצור אוויר | מחזור אחרון | מוסמך אוניברסיטה (נקרא גם 'תואר שני') | מֻסְמָךְ אוּנִיבֶרְסִיטָה | משתנה אקראי (תורת ההסתברות),substituted,yes,wikipedia,שולחן ערוך,unreviewed,,substitution,wiki_substituted
ha-01979,מ״א,"עיקרו של החיבור הוא פירוש על נושאי כליו של השולחן ערוך, מ״א, טורי זהב ושפתי כהן.",מגן אברהם,מ״א.02,מגן אברהם,weak,15,מועצה אזורית | מקום אחר | מלכים א' | משנה א' | מגן אברהם | מעמד אישי | מערכות אלקטרוניות | המפקדה הארצית | מספר אישי | מודיעין אזרחי | מעצור אוויר | מחזור אחרון | מוסמך אוניברסיטה (נקרא גם 'תואר שני') | מֻסְמָךְ אוּנִיבֶרְסִיטָה | משתנה אקראי (תורת ההסתברות),substituted,yes,wikipedia,פרי מגדים,unreviewed,,substitution,wiki_substituted
ha-01980,מ״א,"ברוב המקרים מכוניות משוריינות לצרכים כאלו נמצאות בבעלות חברות בלדרות מאובטחת, הקובעות בעצמן את תקן האבטחה של הרכבים (בישראל, חברות כמו: מ״א ודואר ישראל, ברינקס, 911VIP).",מודיעין אזרחי,מ״א.03,מודיעין אזרחי,weak,15,מועצה אזורית | מקום אחר | מלכים א' | משנה א' | מגן אברהם | מעמד אישי | מערכות אלקטרוניות | המפקדה הארצית | מספר אישי | מודיעין אזרחי | מעצור אוויר | מחזור אחרון | מוסמך אוניברסיטה (נקרא גם 'תואר שני') | מֻסְמָךְ אוּנִיבֶרְסִיטָה | משתנה אקראי (תורת ההסתברות),substituted,yes,wikipedia,מכונית משוריינת,unreviewed,,substitution,wiki_substituted
ha-01981,מ״א,"מ״א היא חברה המספקת שרותי אבטחה, בלדרות מאובטחת ושירותי מוקד וסיור באמצעות צי כלי רכב משוריינים.",מודיעין אזרחי,מ״א.03,מודיעין אזרחי,weak,15,מועצה אזורית | מקום אחר | מלכים א' | משנה א' | מגן אברהם | מעמד אישי | מערכות אלקטרוניות | המפקדה הארצית | מספר אישי | מודיעין אזרחי | מעצור אוויר | מחזור אחרון | מוסמך אוניברסיטה (נקרא גם 'תואר שני') | מֻסְמָךְ אוּנִיבֶרְסִיטָה | משתנה אקראי (תורת ההסתברות),substituted,yes,wikipedia,מודיעין אזרחי (חברה),unreviewed,,substitution,wiki_substituted
ha-01982,מ״א,קבוצת מ״א נוסדה בשנת 1963 והיא כוללת את חברות השמירה והאבטחה מהגדולות בישראל יחד עם חברת בילוש פרטי.,מודיעין אזרחי,מ״א.03,מודיעין אזרחי,weak,15,מועצה אזורית | מקום אחר | מלכים א' | משנה א' | מגן אברהם | מעמד אישי | מערכות אלקטרוניות | המפקדה הארצית | מספר אישי | מודיעין אזרחי | מעצור אוויר | מחזור אחרון | מוסמך אוניברסיטה (נקרא גם 'תואר שני') | מֻסְמָךְ אוּנִיבֶרְסִיטָה | משתנה אקראי (תורת ההסתברות),substituted,yes,wikipedia,מודיעין אזרחי (חברה),unreviewed,,substitution,wiki_substituted
ha-01983,מ״א,"מ״א בישראל היא צורת שלטון מקומי המאגדת, מבחינה מוניציפלית, מספר יישובים כפריים או קהילתיים באזור גאוגרפי מסוים.",מועצה אזורית,מ״א.04,מועצה אזורית,weak,15,מועצה אזורית | מקום אחר | מלכים א' | משנה א' | מגן אברהם | מעמד אישי | מערכות אלקטרוניות | המפקדה הארצית | מספר אישי | מודיעין אזרחי | מעצור אוויר | מחזור אחרון | מוסמך אוניברסיטה (נקרא גם 'תואר שני') | מֻסְמָךְ אוּנִיבֶרְסִיטָה | משתנה אקראי (תורת ההסתברות),substituted,yes,wikipedia,מועצה אזורית,unreviewed,,substitution,wiki_substituted
ha-01984,מ״א,שטחה של מ״א כולל את היישובים בתחומה ואת השטח ביניהם.,מועצה אזורית,מ״א.04,מועצה אזורית,weak,15,מועצה אזורית | מקום אחר | מלכים א' | משנה א' | מגן אברהם | מעמד אישי | מערכות אלקטרוניות | המפקדה הארצית | מספר אישי | מודיעין אזרחי | מעצור אוויר | מחזור אחרון | מוסמך אוניברסיטה (נקרא גם 'תואר שני') | מֻסְמָךְ אוּנִיבֶרְסִיטָה | משתנה אקראי (תורת ההסתברות),substituted,yes,wikipedia,מועצה אזורית,unreviewed,,substitution,wiki_substituted
ha-01985,מ״א,"בשל מדיניות זו נוצרו ""מובלעות"" עירוניות בעלות הגדרה מוניציפלית נפרדת, המוקפות על ידי מ״א אחת או יותר ואינן באחריות מ״א.",מועצה אזורית,מ״א.04,מועצה אזורית,weak,15,מועצה אזורית | מקום אחר | מלכים א' | משנה א' | מגן אברהם | מעמד אישי | מערכות אלקטרוניות | המפקדה הארצית | מספר אישי | מודיעין אזרחי | מעצור אוויר | מחזור אחרון | מוסמך אוניברסיטה (נקרא גם 'תואר שני') | מֻסְמָךְ אוּנִיבֶרְסִיטָה | משתנה אקראי (תורת ההסתברות),substituted,yes,wikipedia,מועצה אזורית,unreviewed,,substitution,wiki_substituted
ha-01986,מ״א,הפועל קטמון ירושלים שרק עלתה מהליגה הארצית סיימה שנייה לאחר מ״א דרמטי ועלתה לראשונה לליגת העל.,מחזור אחרון,מ״א.09,מחזור אחרון,weak,15,מועצה אזורית | מקום אחר | מלכים א' | משנה א' | מגן אברהם | מעמד אישי | מערכות אלקטרוניות | המפקדה הארצית | מספר אישי | מודיעין אזרחי | מעצור אוויר | מחזור אחרון | מוסמך אוניברסיטה (נקרא גם 'תואר שני') | מֻסְמָךְ אוּנִיבֶרְסִיטָה | משתנה אקראי (תורת ההסתברות),substituted,yes,wikipedia,עונת 2021/2022 בליגה הלאומית בכדורגל נשים,unreviewed,,substitution,wiki_substituted
ha-01987,מ״א,תושב ישראל הנמנה עם האוכלוסיות החייבות בגיוס מקבל מ״א בהגיעו לגיל המתאים לגיוס.,מספר אישי,מ״א.05,מספר אישי,weak,15,מועצה אזורית | מקום אחר | מלכים א' | משנה א' | מגן אברהם | מעמד אישי | מערכות אלקטרוניות | המפקדה הארצית | מספר אישי | מודיעין אזרחי | מעצור אוויר | מחזור אחרון | מוסמך אוניברסיטה (נקרא גם 'תואר שני') | מֻסְמָךְ אוּנִיבֶרְסִיטָה | משתנה אקראי (תורת ההסתברות),substituted,yes,wikipedia,"מספר אישי (צה""ל)",unreviewed,,substitution,wiki_substituted
ha-01988,מ״א,"חיילים בעלי מ״א שהתחיל ב-333 כונו ""חיילים ירדניים"", על שם המנעול ""ירדני 333"".",מספר אישי,מ״א.05,מספר אישי,weak,15,מועצה אזורית | מקום אחר | מלכים א' | משנה א' | מגן אברהם | מעמד אישי | מערכות אלקטרוניות | המפקדה הארצית | מספר אישי | מודיעין אזרחי | מעצור אוויר | מחזור אחרון | מוסמך אוניברסיטה (נקרא גם 'תואר שני') | מֻסְמָךְ אוּנִיבֶרְסִיטָה | משתנה אקראי (תורת ההסתברות),substituted,yes,wikipedia,"מספר אישי (צה""ל)",unreviewed,,substitution,wiki_substituted
ha-01989,מ״א,חיילים בעלי מ״א המתחיל ב-501 כונו ״ליוויס״ כשם דגם הג׳ינס המפורסם.,מספר אישי,מ״א.05,מספר אישי,weak,15,מועצה אזורית | מקום אחר | מלכים א' | משנה א' | מגן אברהם | מעמד אישי | מערכות אלקטרוניות | המפקדה הארצית | מספר אישי | מודיעין אזרחי | מעצור אוויר | מחזור אחרון | מוסמך אוניברסיטה (נקרא גם 'תואר שני') | מֻסְמָךְ אוּנִיבֶרְסִיטָה | משתנה אקראי (תורת ההסתברות),substituted,yes,wikipedia,"מספר אישי (צה""ל)",unreviewed,,substitution,wiki_substituted
ha-01990,מ״א,מצב משפחתי או מ״א של אדם הוא מצבו בהקשר של זוגיות.,מעמד אישי,מ״א.10,מעמד אישי,weak,15,מועצה אזורית | מקום אחר | מלכים א' | משנה א' | מגן אברהם | מעמד אישי | מערכות אלקטרוניות | המפקדה הארצית | מספר אישי | מודיעין אזרחי | מעצור אוויר | מחזור אחרון | מוסמך אוניברסיטה (נקרא גם 'תואר שני') | מֻסְמָךְ אוּנִיבֶרְסִיטָה | משתנה אקראי (תורת ההסתברות),substituted,yes,wikipedia,מצב משפחתי,unreviewed,,substitution,wiki_substituted
ha-01991,מ״א,למטוס הקרב הרוסי סוחוי־30 יש מ״א ממש מאחורי תא הטייס.,מעצור אוויר,מ״א.06,מעצור אוויר,weak,15,מועצה אזורית | מקום אחר | מלכים א' | משנה א' | מגן אברהם | מעמד אישי | מערכות אלקטרוניות | המפקדה הארצית | מספר אישי | מודיעין אזרחי | מעצור אוויר | מחזור אחרון | מוסמך אוניברסיטה (נקרא גם 'תואר שני') | מֻסְמָךְ אוּנִיבֶרְסִיטָה | משתנה אקראי (תורת ההסתברות),substituted,yes,wikipedia,מעצור אוויר,unreviewed,,substitution,wiki_substituted
ha-01992,מ״א,"אולם ה-124 כלל מספר שיפורים, בהם מדפים מחולקים לשניים, מ״א אמצעי, ספוילרים אוטומטיים, והארכים מקצה שפת הזרימה של הכנף.",מעצור אוויר,מ״א.06,מעצור אוויר,weak,15,מועצה אזורית | מקום אחר | מלכים א' | משנה א' | מגן אברהם | מעמד אישי | מערכות אלקטרוניות | המפקדה הארצית | מספר אישי | מודיעין אזרחי | מעצור אוויר | מחזור אחרון | מוסמך אוניברסיטה (נקרא גם 'תואר שני') | מֻסְמָךְ אוּנִיבֶרְסִיטָה | משתנה אקראי (תורת ההסתברות),substituted,yes,wikipedia,טופולב Tu-124,unreviewed,,substitution,wiki_substituted
ha-01993,מ״א,"ביצועי המכונית חייבו את מהנדסי החברה להוסיף לרכב מ״א, על מנת שיסייע למכונית לבלום בתנאים שונים.",מעצור אוויר,מ״א.06,מעצור אוויר,weak,15,מועצה אזורית | מקום אחר | מלכים א' | משנה א' | מגן אברהם | מעמד אישי | מערכות אלקטרוניות | המפקדה הארצית | מספר אישי | מודיעין אזרחי | מעצור אוויר | מחזור אחרון | מוסמך אוניברסיטה (נקרא גם 'תואר שני') | מֻסְמָךְ אוּנִיבֶרְסִיטָה | משתנה אקראי (תורת ההסתברות),substituted,yes,wikipedia,אסון לה מאן,unreviewed,,substitution,wiki_substituted
ha-01994,מ״א,"המהפכה האלקטרונית של המחצית השנייה של המאה העשרים לא פסחה על ענף התעופה, ובאופן הדרגתי נוספו לכלי הטיס מ״א רבות, אם כתחליף למערכות המכניות או החשמליות הקיימות או למטרות חדשות לחלוטין.",מערכות אלקטרוניות,מ״א.07,מערכות אלקטרוניות,weak,15,מועצה אזורית | מקום אחר | מלכים א' | משנה א' | מגן אברהם | מעמד אישי | מערכות אלקטרוניות | המפקדה הארצית | מספר אישי | מודיעין אזרחי | מעצור אוויר | מחזור אחרון | מוסמך אוניברסיטה (נקרא גם 'תואר שני') | מֻסְמָךְ אוּנִיבֶרְסִיטָה | משתנה אקראי (תורת ההסתברות),substituted,yes,wikipedia,אוויוניקה,unreviewed,,substitution,wiki_substituted
ha-01995,מ״א,כיום קיימות במרבית המטוסים המודרניים מ״א ספרתיות משולבות המשמשות למטרות שונות ומגוונות.,מערכות אלקטרוניות,מ״א.07,מערכות אלקטרוניות,weak,15,מועצה אזורית | מקום אחר | מלכים א' | משנה א' | מגן אברהם | מעמד אישי | מערכות אלקטרוניות | המפקדה הארצית | מספר אישי | מודיעין אזרחי | מעצור אוויר | מחזור אחרון | מוסמך אוניברסיטה (נקרא גם 'תואר שני') | מֻסְמָךְ אוּנִיבֶרְסִיטָה | משתנה אקראי (תורת ההסתברות),substituted,yes,wikipedia,אוויוניקה,unreviewed,,substitution,wiki_substituted
ha-01996,מ״א,"שעון העצר הדיגיטלי הראשון שנעשה בו שימוש רשמי בספורט היה Digitimer, שפותח על ידי חברת קוקס מ״א מסולט לייק סיטי שביוטה, ארצות הברית.",מערכות אלקטרוניות,מ״א.07,מערכות אלקטרוניות,weak,15,מועצה אזורית | מקום אחר | מלכים א' | משנה א' | מגן אברהם | מעמד אישי | מערכות אלקטרוניות | המפקדה הארצית | מספר אישי | מודיעין אזרחי | מעצור אוויר | מחזור אחרון | מוסמך אוניברסיטה (נקרא גם 'תואר שני') | מֻסְמָךְ אוּנִיבֶרְסִיטָה | משתנה אקראי (תורת ההסתברות),substituted,yes,wikipedia,שעון עצר,unreviewed,,substitution,wiki_substituted
ha-01997,מ״א,"הקוד מופיע כחלק מציטוטי מקורות במאמרים, בוויקיפדיות שונות ובכל מ״א בו חשוב לדייק בהפניה למקור, בדרך כלל עקב זכויות יוצרים.",מקום אחר,מ״א.08,מקום אחר,weak,15,מועצה אזורית | מקום אחר | מלכים א' | משנה א' | מגן אברהם | מעמד אישי | מערכות אלקטרוניות | המפקדה הארצית | מספר אישי | מודיעין אזרחי | מעצור אוויר | מחזור אחרון | מוסמך אוניברסיטה (נקרא גם 'תואר שני') | מֻסְמָךְ אוּנִיבֶרְסִיטָה | משתנה אקראי (תורת ההסתברות),substituted,yes,wikipedia,קוד מזהה בין-לאומי,unreviewed,,substitution,wiki_substituted
ha-01998,מ״א,לדוגמה לבנון הירקון הוא דג אנדמי לישראל ואינו גדל באופן טבעי בשום מ״א בעולם.,מקום אחר,מ״א.08,מקום אחר,weak,15,מועצה אזורית | מקום אחר | מלכים א' | משנה א' | מגן אברהם | מעמד אישי | מערכות אלקטרוניות | המפקדה הארצית | מספר אישי | מודיעין אזרחי | מעצור אוויר | מחזור אחרון | מוסמך אוניברסיטה (נקרא גם 'תואר שני') | מֻסְמָךְ אוּנִיבֶרְסִיטָה | משתנה אקראי (תורת ההסתברות),substituted,yes,wikipedia,אנדמיות (ביולוגיה),unreviewed,,substitution,wiki_substituted
ha-01999,מ״א,"בתוכניות אירוח אשר משודרות בשידור חי עשויים להיות אורחים או מרואיינים שאינם נמצאים פיזית באולפן הטלוויזיה או בתחנת הרדיו, אלא בביתם, במכוניתם או בכל מ״א, אשר ינהלו שיחה עם המנחה באמצעות הטלפון.",מקום אחר,מ״א.08,מקום אחר,weak,15,מועצה אזורית | מקום אחר | מלכים א' | משנה א' | מגן אברהם | מעמד אישי | מערכות אלקטרוניות | המפקדה הארצית | מספר אישי | מודיעין אזרחי | מעצור אוויר | מחזור אחרון | מוסמך אוניברסיטה (נקרא גם 'תואר שני') | מֻסְמָךְ אוּנִיבֶרְסִיטָה | משתנה אקראי (תורת ההסתברות),substituted,yes,wikipedia,תוכנית אירוח,unreviewed,,substitution,wiki_substituted
ha-01232,ח״ח,"פסק הדין בעניין ח״ח נגד עיתון הארץ הוא פסק הדין המנחה בתקופה זו, בו נדון האיזון העקרוני בין הזכויות.",חברת חשמל,ח״ח.01,חברת חשמל,weak,11,"חלקי חילוף | חברת חשמל | חרדה חברתית | חיזוק חיובי | חופת חתנים | חלק חוזר | חפץ חיים (ספר) | חפץ חיים (קיבוץ) | חשש חמץ | חלל חרב | חפץ חיים: ספר, מחברו, או קיבוץ",substituted,yes,wikipedia,חוק איסור לשון הרע,unreviewed,,substitution,wiki_substituted
ha-01233,ח״ח,"שינוי זה התאפשר בזכות כמויות הגז הטבעי אותן ניתן היה להזרים למשק הישראלי ממאגר הגז תמר, בגיבוי אנית הגז הטבעי הנוזלי של ח״ח, והחיבור הצפוי של מאגרי הגז הטבעי לוויתן (סוף 2019) וכריש (אמצע 2021).",חברת חשמל,ח״ח.01,חברת חשמל,weak,11,"חלקי חילוף | חברת חשמל | חרדה חברתית | חיזוק חיובי | חופת חתנים | חלק חוזר | חפץ חיים (ספר) | חפץ חיים (קיבוץ) | חשש חמץ | חלל חרב | חפץ חיים: ספר, מחברו, או קיבוץ",substituted,yes,wikipedia,משק החשמל בישראל,unreviewed,,substitution,wiki_substituted
ha-01234,ח״ח,לפי נתוני ח״ח נכון ל-2003 היו 370 רוכשים - ספקים כאלה (כמפורט בטבלה משמאל).,חברת חשמל,ח״ח.01,חברת חשמל,weak,11,"חלקי חילוף | חברת חשמל | חרדה חברתית | חיזוק חיובי | חופת חתנים | חלק חוזר | חפץ חיים (ספר) | חפץ חיים (קיבוץ) | חשש חמץ | חלל חרב | חפץ חיים: ספר, מחברו, או קיבוץ",substituted,yes,wikipedia,משק החשמל בישראל,unreviewed,,substitution,wiki_substituted
ha-01235,ח״ח,"חוק ההתניה האופרנטית - תדירות הופעת האופרנט עולה, אם לאחריו מופיע ח״ח.",חיזוק חיובי,ח״ח.02,חיזוק חיובי,weak,11,"חלקי חילוף | חברת חשמל | חרדה חברתית | חיזוק חיובי | חופת חתנים | חלק חוזר | חפץ חיים (ספר) | חפץ חיים (קיבוץ) | חשש חמץ | חלל חרב | חפץ חיים: ספר, מחברו, או קיבוץ",substituted,yes,wikipedia,התניה אופרנטית,unreviewed,,substitution,wiki_substituted
ha-01236,ח״ח,ח״ח ושלילי הם גירויים שמעלים את התרחשותה של התנהגות.,חיזוק חיובי,ח״ח.02,חיזוק חיובי,weak,11,"חלקי חילוף | חברת חשמל | חרדה חברתית | חיזוק חיובי | חופת חתנים | חלק חוזר | חפץ חיים (ספר) | חפץ חיים (קיבוץ) | חשש חמץ | חלל חרב | חפץ חיים: ספר, מחברו, או קיבוץ",substituted,yes,wikipedia,התניה אופרנטית,unreviewed,,substitution,wiki_substituted
ha-01237,ח״ח,"הכחדה - אם ח״ח יפסיק להופיע לאחר ההתנהגות שחוזקה, אז ההתנהגות תרד בתדירותה.",חיזוק חיובי,ח״ח.02,חיזוק חיובי,weak,11,"חלקי חילוף | חברת חשמל | חרדה חברתית | חיזוק חיובי | חופת חתנים | חלק חוזר | חפץ חיים (ספר) | חפץ חיים (קיבוץ) | חשש חמץ | חלל חרב | חפץ חיים: ספר, מחברו, או קיבוץ",substituted,yes,wikipedia,התניה אופרנטית,unreviewed,,substitution,wiki_substituted
ha-01238,ח״ח,"כל ח״ח פעמיים, פעם בצורה מאג'ורית ופעם בצורה מינורית.",חלק חוזר,ח״ח.03,חלק חוזר,weak,11,"חלקי חילוף | חברת חשמל | חרדה חברתית | חיזוק חיובי | חופת חתנים | חלק חוזר | חפץ חיים (ספר) | חפץ חיים (קיבוץ) | חשש חמץ | חלל חרב | חפץ חיים: ספר, מחברו, או קיבוץ",substituted,yes,wikipedia,מזורקה,unreviewed,,substitution,wiki_substituted
ha-01239,ח״ח,"להלן כמה מהצורות הנפוצות והחשובות ביותר: צורה בינארית (Binary form): מבנה דו-חלקי (A-B), כאשר כל ח״ח בדרך כלל.",חלק חוזר,ח״ח.03,חלק חוזר,weak,11,"חלקי חילוף | חברת חשמל | חרדה חברתית | חיזוק חיובי | חופת חתנים | חלק חוזר | חפץ חיים (ספר) | חפץ חיים (קיבוץ) | חשש חמץ | חלל חרב | חפץ חיים: ספר, מחברו, או קיבוץ",substituted,yes,wikipedia,מוזיקה קלאסית,unreviewed,,substitution,wiki_substituted
ha-01240,ח״ח,"כמו בחבורות אחרות, תורת ההצגות המודולרית מורכבת יותר: ההצגות האי-פריקות מתאימות לחלוקות ""p-רגולריות"" (אלו שבהן כל ח״ח פחות מ-p פעמים), אבל יש גם הצגות אי-פרידות שאינן אי-פריקות.",חלק חוזר,ח״ח.03,חלק חוזר,weak,11,"חלקי חילוף | חברת חשמל | חרדה חברתית | חיזוק חיובי | חופת חתנים | חלק חוזר | חפץ חיים (ספר) | חפץ חיים (קיבוץ) | חשש חמץ | חלל חרב | חפץ חיים: ספר, מחברו, או קיבוץ",substituted,yes,wikipedia,החבורה הסימטרית,unreviewed,,substitution,wiki_substituted
ha-01241,ח״ח,"ח״ח נפוצים בתחומי כלי רכב, כלי טיס וכלי שיט; מכשירי חשמל ואלקטרוניקה; מכונות תעשייתיות; כלי נשק ואמצעי לחימה.",חלקי חילוף,ח״ח.04,חלקי חילוף,weak,11,"חלקי חילוף | חברת חשמל | חרדה חברתית | חיזוק חיובי | חופת חתנים | חלק חוזר | חפץ חיים (ספר) | חפץ חיים (קיבוץ) | חשש חמץ | חלל חרב | חפץ חיים: ספר, מחברו, או קיבוץ",substituted,yes,wikipedia,חלקי חילוף,unreviewed,,substitution,wiki_substituted
ha-01242,ח״ח,ח״ח תואמים: ייצור ח״ח על ידי יצרן אחר לשימוש במכשירים של היצרן המקורי.,חלקי חילוף,ח״ח.04,חלקי חילוף,weak,11,"חלקי חילוף | חברת חשמל | חרדה חברתית | חיזוק חיובי | חופת חתנים | חלק חוזר | חפץ חיים (ספר) | חפץ חיים (קיבוץ) | חשש חמץ | חלל חרב | חפץ חיים: ספר, מחברו, או קיבוץ",substituted,yes,wikipedia,חלקי חילוף,unreviewed,,substitution,wiki_substituted
ha-01243,ח״ח,"המנשאים הכילו ח״ח עבור התחנה - גירוסקופים חלופיים, מכלי חנקן, משאבות ומכל אמוניה, וחלקים נוספים.",חלקי חילוף,ח״ח.04,חלקי חילוף,weak,11,"חלקי חילוף | חברת חשמל | חרדה חברתית | חיזוק חיובי | חופת חתנים | חלק חוזר | חפץ חיים (ספר) | חפץ חיים (קיבוץ) | חשש חמץ | חלל חרב | חפץ חיים: ספר, מחברו, או קיבוץ",substituted,yes,wikipedia,STS-129,unreviewed,,substitution,wiki_substituted
ha-01244,ח״ח,"ח״ח או פוביה חברתית (באנגלית: Social-Phobia או Social Anxiety Disorder) היא הפרעת חרדה, שמתאפיינת בפחד, חשש או דאגה ממגוון של מצבים חברתיים או מביצוע פעולות מסוימות בפומבי.",חרדה חברתית,ח״ח.05,חרדה חברתית,weak,11,"חלקי חילוף | חברת חשמל | חרדה חברתית | חיזוק חיובי | חופת חתנים | חלק חוזר | חפץ חיים (ספר) | חפץ חיים (קיבוץ) | חשש חמץ | חלל חרב | חפץ חיים: ספר, מחברו, או קיבוץ",substituted,yes,wikipedia,חרדה חברתית,unreviewed,,substitution,wiki_substituted
ha-01245,ח״ח,השכיחות של ח״ח בקרב זקנים נעה בין 2% ל-5% בקרב אזרחי ארצות הברית.,חרדה חברתית,ח״ח.05,חרדה חברתית,weak,11,"חלקי חילוף | חברת חשמל | חרדה חברתית | חיזוק חיובי | חופת חתנים | חלק חוזר | חפץ חיים (ספר) | חפץ חיים (קיבוץ) | חשש חמץ | חלל חרב | חפץ חיים: ספר, מחברו, או קיבוץ",substituted,yes,wikipedia,חרדה חברתית,unreviewed,,substitution,wiki_substituted
ha-01246,ח״ח,היא כוללת היבטים של ח״ח ושל הפרעת גוף דיסמורפית ובחלק מהמקרים גם הפרעה דלוזיונלית.,חרדה חברתית,ח״ח.05,חרדה חברתית,weak,11,"חלקי חילוף | חברת חשמל | חרדה חברתית | חיזוק חיובי | חופת חתנים | חלק חוזר | חפץ חיים (ספר) | חפץ חיים (קיבוץ) | חשש חמץ | חלל חרב | חפץ חיים: ספר, מחברו, או קיבוץ",substituted,yes,wikipedia,חרדה חברתית,unreviewed,,substitution,wiki_substituted
ha-01247,ח״ח,"המילה משמשת לרישום כשרות של מוצרים או יצרנים, בניסוח ""ללא חשש ערלה"", ""ללא ח״ח"", ""ללא חשש טבל ושביעית"" וכו'.",חשש חמץ,ח״ח.06,חשש חמץ,weak,11,"חלקי חילוף | חברת חשמל | חרדה חברתית | חיזוק חיובי | חופת חתנים | חלק חוזר | חפץ חיים (ספר) | חפץ חיים (קיבוץ) | חשש חמץ | חלל חרב | חפץ חיים: ספר, מחברו, או קיבוץ",substituted,yes,wikipedia,חשש,unreviewed,,substitution,wiki_substituted
ha-01248,ח״ח,"כך גם הוא האדם שזהיר מאוד בביעור כל ח״ח לפני פסח, ומרבה בניקיון ושטיפת הבית, אך אינו מבטל ומוכר בלב שלם את החמץ הגמור שברשותו, ועובר על הלאו ""בל יראה ובל ימצא"".",חשש חמץ,ח״ח.06,חשש חמץ,weak,11,"חלקי חילוף | חברת חשמל | חרדה חברתית | חיזוק חיובי | חופת חתנים | חלק חוזר | חפץ חיים (ספר) | חפץ חיים (קיבוץ) | חשש חמץ | חלל חרב | חפץ חיים: ספר, מחברו, או קיבוץ",substituted,yes,wikipedia,תנועת המוסר,unreviewed,,substitution,wiki_substituted
ha-01249,ח״ח,"בין החומרות, אפיית כל מצה בנפרד והשארתה זמן רב בתנור, עד שהיא משחירה (שאז ודאי אין בה ח״ח).",חשש חמץ,ח״ח.06,חשש חמץ,weak,11,"חלקי חילוף | חברת חשמל | חרדה חברתית | חיזוק חיובי | חופת חתנים | חלק חוזר | חפץ חיים (ספר) | חפץ חיים (קיבוץ) | חשש חמץ | חלל חרב | חפץ חיים: ספר, מחברו, או קיבוץ",substituted,yes,wikipedia,חוג בריסק,unreviewed,,substitution,wiki_substituted
ha-01711,מהרי״ח,"תמך בארגון הכספים לטובת עדת המערביים בירושלים, ולשם כך התכתב עם הרב מהרי״ח אב בית דין העדה.",יוסף חיים הכהן,מהרי״ח.01,יוסף חיים הכהן,weak,6,ישראל חיים פרידמן | יוסף חיים הכהן | יחזקיה ממגדבורג | ישראל חיים דייכס | ישראל חיים קצבורג | יואל חסיד מאמצ'יסלוב,substituted,no,wikipedia,שלמה אבן חיים,unreviewed,,substitution,wiki_substituted
ha-01712,מהרי״ח,"נמנה עם תלמידיו של הרב מהרי״ח, ששסמכו לרבנות ולדיינות, ולימים נישא לבתו רבקה.",יוסף חיים הכהן,מהרי״ח.01,יוסף חיים הכהן,weak,6,ישראל חיים פרידמן | יוסף חיים הכהן | יחזקיה ממגדבורג | ישראל חיים דייכס | ישראל חיים קצבורג | יואל חסיד מאמצ'יסלוב,substituted,no,wikipedia,עמרם אבורביע,unreviewed,,substitution,wiki_substituted
ha-01713,מהרי״ח,"עוד הדפיס גם את הספר ""מנחת כהן"", של הרב מהרי״ח.",יוסף חיים הכהן,מהרי״ח.01,יוסף חיים הכהן,weak,6,ישראל חיים פרידמן | יוסף חיים הכהן | יחזקיה ממגדבורג | ישראל חיים דייכס | ישראל חיים קצבורג | יואל חסיד מאמצ'יסלוב,substituted,no,wikipedia,שמואל אלעלוף,unreviewed,,substitution,wiki_substituted
ha-01714,מהרי״ח,"בין תלמידיו היו הרב שלמה יהודה טבק, והרב חיים אריה כהנא והרב מהרי״ח.",ישראל חיים פרידמן,מהרי״ח.02,ישראל חיים פרידמן,weak,6,ישראל חיים פרידמן | יוסף חיים הכהן | יחזקיה ממגדבורג | ישראל חיים דייכס | ישראל חיים קצבורג | יואל חסיד מאמצ'יסלוב,substituted,no,wikipedia,יקותיאל יהודה טייטלבוים (ייטב לב),unreviewed,,substitution,wiki_substituted
ha-00624,ב״ה,"מרבית המחלוקות בין ב״ה לבין בית שמאי הן האם לגזור גזרות חכמים מחמירות על העם (דעתם של בית שמאי) או גזרות מקלות יותר, אם בכלל (דעתם של ב״ה).",בית הלל,ב״ה.01,בית הלל,weak,7,ברוך הבא | בית הלל | בעולם הבא | בניין הורדוס | ברוך המקום ברוך הוא | בְּעֶזְרַת הַשֵּׁם (בסיעתא דשמיא) | בָּרוּךְ הַשֵׁם,substituted,yes,wikipedia,בית הלל ובית שמאי,unreviewed,,substitution,wiki_substituted
ha-00625,ב״ה,"ככלל, דברי בית שמאי תובעים החמרה במצוות יותר מאשר ב״ה, אך ישנם חריגים לכלל זה.",בית הלל,ב״ה.01,בית הלל,weak,7,ברוך הבא | בית הלל | בעולם הבא | בניין הורדוס | ברוך המקום ברוך הוא | בְּעֶזְרַת הַשֵּׁם (בסיעתא דשמיא) | בָּרוּךְ הַשֵׁם,substituted,yes,wikipedia,בית הלל ובית שמאי,unreviewed,,substitution,wiki_substituted
ha-00626,ב״ה,במסכת עדיות רוכזו כל המקרים היוצאים מהכלל שבהם בית שמאי דווקא מקלים לעומת ב״ה שמחמירים.,בית הלל,ב״ה.01,בית הלל,weak,7,ברוך הבא | בית הלל | בעולם הבא | בניין הורדוס | ברוך המקום ברוך הוא | בְּעֶזְרַת הַשֵּׁם (בסיעתא דשמיא) | בָּרוּךְ הַשֵׁם,substituted,yes,wikipedia,בית הלל ובית שמאי,unreviewed,,substitution,wiki_substituted
ha-00627,ב״ה,"שיא מפעל הבנייה הוא מתחם הר הבית, ובליבו בית המקדש, שעליו כתוב בתלמוד: ""מי שלא ראה ב״ה, לא ראה בניין יפה מימיו"".",בניין הורדוס,ב״ה.04,בניין הורדוס,weak,7,ברוך הבא | בית הלל | בעולם הבא | בניין הורדוס | ברוך המקום ברוך הוא | בְּעֶזְרַת הַשֵּׁם (בסיעתא דשמיא) | בָּרוּךְ הַשֵׁם,substituted,yes,wikipedia,הורדוס,unreviewed,,substitution,wiki_substituted
ha-00628,ב״ה,הגמול ב״ה בא לקיים עיקרון בסיסי ביהדות – עקרון הצדק האלוהי.,בעולם הבא,ב״ה.02,בעולם הבא,weak,7,ברוך הבא | בית הלל | בעולם הבא | בניין הורדוס | ברוך המקום ברוך הוא | בְּעֶזְרַת הַשֵּׁם (בסיעתא דשמיא) | בָּרוּךְ הַשֵׁם,substituted,yes,wikipedia,העולם הבא,unreviewed,,substitution,wiki_substituted
ha-00629,ב״ה,"בדרגות גבוהות אלו של החיים הרוחניים בעולם הזה יש, לדעתו, ראיה ודאית לגמול שיגיע לנפשות ב״ה לאחר המוות.",בעולם הבא,ב״ה.02,בעולם הבא,weak,7,ברוך הבא | בית הלל | בעולם הבא | בניין הורדוס | ברוך המקום ברוך הוא | בְּעֶזְרַת הַשֵּׁם (בסיעתא דשמיא) | בָּרוּךְ הַשֵׁם,substituted,yes,wikipedia,העולם הבא,unreviewed,,substitution,wiki_substituted
ha-00630,ב״ה,הצדוקים כפרו בהישארות הנפש ובשכר ועונש ב״ה.,בעולם הבא,ב״ה.02,בעולם הבא,weak,7,ברוך הבא | בית הלל | בעולם הבא | בניין הורדוס | ברוך המקום ברוך הוא | בְּעֶזְרַת הַשֵּׁם (בסיעתא דשמיא) | בָּרוּךְ הַשֵׁם,substituted,yes,wikipedia,העולם הבא,unreviewed,,substitution,wiki_substituted
ha-00631,ב״ה,"קיפמאייר סיפר שהתעלף יום אחד וכשהתעורר ראה את השלט ""ב״ה לאל סוברנטה"".",ברוך הבא,ב״ה.03,ברוך הבא,weak,7,ברוך הבא | בית הלל | בעולם הבא | בניין הורדוס | ברוך המקום ברוך הוא | בְּעֶזְרַת הַשֵּׁם (בסיעתא דשמיא) | בָּרוּךְ הַשֵׁם,substituted,yes,wikipedia,ג'ון קיפמאייר,unreviewed,,substitution,wiki_substituted
ha-00632,ב״ה,"בשל הטשטוש בו היה שרוי, חשב שכתוב שם ""ב״ה, אל סוברנטה"" ולאחר שסיפר על כך לחבריו, הם החלו לכנותו אל סוברנטה.",ברוך הבא,ב״ה.03,ברוך הבא,weak,7,ברוך הבא | בית הלל | בעולם הבא | בניין הורדוס | ברוך המקום ברוך הוא | בְּעֶזְרַת הַשֵּׁם (בסיעתא דשמיא) | בָּרוּךְ הַשֵׁם,substituted,yes,wikipedia,ג'ון קיפמאייר,unreviewed,,substitution,wiki_substituted
ha-00633,ב״ה,"אלו המתייחסים, בין שאר הנושאים, גם לאברי מין (""בונבונים"", ""עיגולים"" ו""וובוס חמינאדוס"", ""ב״ה"" וכדומה).",ברוך הבא,ב״ה.03,ברוך הבא,weak,7,ברוך הבא | בית הלל | בעולם הבא | בניין הורדוס | ברוך המקום ברוך הוא | בְּעֶזְרַת הַשֵּׁם (בסיעתא דשמיא) | בָּרוּךְ הַשֵׁם,substituted,yes,wikipedia,תמונות יפואיות,unreviewed,,substitution,wiki_substituted
ha-00634,ב״ה,"ויום טוב היו עושין שלא נמצא פסול בזרעו של אהרן, וכך היו אומרין: ב״ה, שלא נמצא פסול בזרעו של אהרן” (משנה מדות ה ד).",ברוך המקום ברוך הוא,ב״ה.05,ברוך המקום ברוך הוא,weak,7,ברוך הבא | בית הלל | בעולם הבא | בניין הורדוס | ברוך המקום ברוך הוא | בְּעֶזְרַת הַשֵּׁם (בסיעתא דשמיא) | בָּרוּךְ הַשֵׁם,substituted,yes,wikipedia,כהן מוחזק,unreviewed,,substitution,wiki_substituted
ha-01426,י״מ,"י״מ כי כינויו היה ""נחש"" עקב ייחוסו לנחשון בן עמינדב, ועל כן מפרשים כי משמעות כינויה הוא ""אביגיל בת (משפחת) נחשון"" כדי להבדילה מאביגיל אשת נבל הכרמלי.",יש מפרשים,י״מ.01,יש מפרשים,weak,2,יש מפרשים | יפה מראה (פירוש על אגדות התלמוד ירושלמי),substituted,no,wikipedia,אביגיל בת ישי,unreviewed,,substitution,wiki_substituted
ha-01427,י״מ,"י״מ את הסיסמה ""היה נכון"" כך שכל צופה וחבר תנועה (אף על פי שהסיסמה קוראת לכלל האנושות להתנהג כך) צריך להיות דרוך ומוכן להתמודד עם קונפליקטים בחייו - קונפליקטים במישור הפיסי והרוחני.",יש מפרשים,י״מ.01,יש מפרשים,weak,2,יש מפרשים | יפה מראה (פירוש על אגדות התלמוד ירושלמי),substituted,no,wikipedia,היה נכון,unreviewed,,substitution,wiki_substituted
ha-01428,י״מ,י״מ שהביטוי כהן גדול שבתפילת על הניסים מתייחס אל אביו יוחנן.,יש מפרשים,י״מ.01,יש מפרשים,weak,2,יש מפרשים | יפה מראה (פירוש על אגדות התלמוד ירושלמי),substituted,no,wikipedia,מתתיהו הכהן,unreviewed,,substitution,wiki_substituted
ha-02155,מ״ש,"אמר: מ״ש מן ביניתא [מין דג שמותר לאכלו נא, צלי וכולי]?",מאי שנא,מ״ש.01,מאי שנא,weak,7,"מטר לשנייה | מה שכתוב | מצה שמורה | מילת שאלה | מאי שנא | מרפסת שמש | משלים שם,לוואי",substituted,yes,wikipedia,ביאה שלא כדרכה,unreviewed,,substitution,wiki_substituted
ha-02156,מ״ש,"התלמוד מוסיף לשאול על המשנה: ""מ״ש דתני בערבית ברישא?",מאי שנא,מ״ש.01,מאי שנא,weak,7,"מטר לשנייה | מה שכתוב | מצה שמורה | מילת שאלה | מאי שנא | מרפסת שמש | משלים שם,לוואי",substituted,yes,wikipedia,מושגי יסוד בתלמוד הבבלי,unreviewed,,substitution,wiki_substituted
ha-02157,מ״ש,תשובה שונה לבעיה זו הציג האור זרוע: מ״ש הפרשת חלה שיכול לקיים מצותו על ידי שליח מכל המצות תפילין וציצית סוכה ולולב ואכילת מצה?,מאי שנא,מ״ש.01,מאי שנא,weak,7,"מטר לשנייה | מה שכתוב | מצה שמורה | מילת שאלה | מאי שנא | מרפסת שמש | משלים שם,לוואי",substituted,yes,wikipedia,שליח (הלכה),unreviewed,,substitution,wiki_substituted
ha-02158,מ״ש,"מבקר הספרות האנגלי וולטר אלכסנדר ראלי כתב: ""אמנות ביקורת הספרות, שלעיתים תכופות ממעטים בחשיבותה עד כדי מעמד שולי בין האומנויות, אינה אלא אמנות הקריאה והפרשנות של מ״ש...",מה שכתוב,מ״ש.02,מה שכתוב,weak,7,"מטר לשנייה | מה שכתוב | מצה שמורה | מילת שאלה | מאי שנא | מרפסת שמש | משלים שם,לוואי",substituted,yes,wikipedia,ביקורת ספרות,unreviewed,,substitution,wiki_substituted
ha-02159,מ״ש,"התלמוד מפרש את אזכור חתונת שלמה בשיר השירים על פי הכלל של רבי עקיבא ששיר השירים הוא ""קודש קודשים"", כלומר, כל מ״ש בו הוא משל ולא תיאור פשוט.",מה שכתוב,מ״ש.02,מה שכתוב,weak,7,"מטר לשנייה | מה שכתוב | מצה שמורה | מילת שאלה | מאי שנא | מרפסת שמש | משלים שם,לוואי",substituted,yes,wikipedia,חתונה,unreviewed,,substitution,wiki_substituted
ha-02160,מ״ש,"בהרבה נאומים הושמעו טענות ""לא קראתי את הספר אך מגנה מ״ש בה"".",מה שכתוב,מ״ש.02,מה שכתוב,weak,7,"מטר לשנייה | מה שכתוב | מצה שמורה | מילת שאלה | מאי שנא | מרפסת שמש | משלים שם,לוואי",substituted,yes,wikipedia,1958 בברית המועצות,unreviewed,,substitution,wiki_substituted
ha-02161,מ״ש,גוף שנע במהירות קבועה של מ״ש עובר במשך שנייה אחת מרחק של מטר אחד.,מטר לשנייה,מ״ש.03,מטר לשנייה,weak,7,"מטר לשנייה | מה שכתוב | מצה שמורה | מילת שאלה | מאי שנא | מרפסת שמש | משלים שם,לוואי",substituted,yes,wikipedia,מטר לשנייה,unreviewed,,substitution,wiki_substituted
ha-02162,מ״ש,"נהוג לסמן את תאוצת הכובד באות g, וערכה על פני השטח של כדור הארץ נע בין m/s²‏ 9.72 ל-m/s² ‏9.82 (מ״ש בריבוע).",מטר לשנייה,מ״ש.03,מטר לשנייה,weak,7,"מטר לשנייה | מה שכתוב | מצה שמורה | מילת שאלה | מאי שנא | מרפסת שמש | משלים שם,לוואי",substituted,yes,wikipedia,תאוצת הכובד,unreviewed,,substitution,wiki_substituted
ha-02163,מ״ש,"""ניוטון"" מוגדר ככוח הנדרש על מנת להאיץ מסה של קילוגרם אחד בתאוצה של מ״ש בריבוע.",מטר לשנייה,מ״ש.03,מטר לשנייה,weak,7,"מטר לשנייה | מה שכתוב | מצה שמורה | מילת שאלה | מאי שנא | מרפסת שמש | משלים שם,לוואי",substituted,yes,wikipedia,ניוטון (יחידת מידה),unreviewed,,substitution,wiki_substituted
ha-02164,מ״ש,"מ״ש היא מילה, שהימצאותה במשפט תורמת להפיכת משמעות המשפט לשאלה, דהיינו, למשפט שמבקש מהזולת מידע.",מילת שאלה,מ״ש.04,מילת שאלה,weak,7,"מטר לשנייה | מה שכתוב | מצה שמורה | מילת שאלה | מאי שנא | מרפסת שמש | משלים שם,לוואי",substituted,yes,wikipedia,מילת שאלה,unreviewed,,substitution,wiki_substituted
ha-02165,מ״ש,"לפי LFG, למילה ""מה"" יש שני תפקידים במשפט: מ״ש ומושא.",מילת שאלה,מ״ש.04,מילת שאלה,weak,7,"מטר לשנייה | מה שכתוב | מצה שמורה | מילת שאלה | מאי שנא | מרפסת שמש | משלים שם,לוואי",substituted,yes,wikipedia,דקדוק לקסיקלי פונקציונלי,unreviewed,,substitution,wiki_substituted
ha-02166,מ״ש,"המיקום שלה מתאים לתפקיד של מ״ש, ומערכת האילוצים של השפה העברית מתירה לה למלא גם את הפונקציה של מושא.",מילת שאלה,מ״ש.04,מילת שאלה,weak,7,"מטר לשנייה | מה שכתוב | מצה שמורה | מילת שאלה | מאי שנא | מרפסת שמש | משלים שם,לוואי",substituted,yes,wikipedia,דקדוק לקסיקלי פונקציונלי,unreviewed,,substitution,wiki_substituted
ha-02167,מ״ש,"מ״ש היא מצה שבמהלך הכנתה נעשתה שמירה מיוחדת על מנת שלא תחמיץ, ולא רק שלא החמיצה ""במקרה"".",מצה שמורה,מ״ש.05,מצה שמורה,weak,7,"מטר לשנייה | מה שכתוב | מצה שמורה | מילת שאלה | מאי שנא | מרפסת שמש | משלים שם,לוואי",substituted,yes,wikipedia,מצה שמורה,unreviewed,,substitution,wiki_substituted
ha-02168,מ״ש,"ישנן דעות שונות בגמרא ובפוסקים בשאלה מאיזה שלב בהכנת המצה יש לשמור עליה כדי שתחשב ""מ״ש"".",מצה שמורה,מ״ש.05,מצה שמורה,weak,7,"מטר לשנייה | מה שכתוב | מצה שמורה | מילת שאלה | מאי שנא | מרפסת שמש | משלים שם,לוואי",substituted,yes,wikipedia,מצה שמורה,unreviewed,,substitution,wiki_substituted
ha-02169,מ״ש,"באפיית מצות לפסח בחוץ לארץ, יש מקפידים שמעיסת הבצק עבור מ״ש של ליל הסדר תופרש חלה לאכילה (ולא לשריפה) על ידי כהן.",מצה שמורה,מ״ש.05,מצה שמורה,weak,7,"מטר לשנייה | מה שכתוב | מצה שמורה | מילת שאלה | מאי שנא | מרפסת שמש | משלים שם,לוואי",substituted,yes,wikipedia,חלה (מתנות כהונה),unreviewed,,substitution,wiki_substituted
ha-02170,מ״ש,"הדירות הן בגדלים מגוונים, כאשר דירה טיפוסית היא בת 4 או 5 חדרים ולה מ״ש מעוגלת.",מרפסת שמש,מ״ש.06,מרפסת שמש,weak,7,"מטר לשנייה | מה שכתוב | מצה שמורה | מילת שאלה | מאי שנא | מרפסת שמש | משלים שם,לוואי",substituted,yes,wikipedia,מגדלי נאמן,unreviewed,,substitution,wiki_substituted
ha-02171,מ״ש,"למבנה נוספו מ״ש גדולה, חדרי אירוח ועבודה, אולם קולנוע ומרתף.",מרפסת שמש,מ״ש.06,מרפסת שמש,weak,7,"מטר לשנייה | מה שכתוב | מצה שמורה | מילת שאלה | מאי שנא | מרפסת שמש | משלים שם,לוואי",substituted,yes,wikipedia,ברגהוף,unreviewed,,substitution,wiki_substituted
ha-02172,מ״ש,"דייריו נהנים ממגוון דירות מרווחות עם 2,3 חדרים ודירות גן שתוכננו בקפידה על מנת להעניק חווית מגורים ברמה הגבוהה ביותר כשלכל דירה מ״ש רחבת ידיים הצופה לשדות ירוקים ולנופיה של העיר.",מרפסת שמש,מ״ש.06,מרפסת שמש,weak,7,"מטר לשנייה | מה שכתוב | מצה שמורה | מילת שאלה | מאי שנא | מרפסת שמש | משלים שם,לוואי",substituted,yes,wikipedia,בית בכפר,unreviewed,,substitution,wiki_substituted
ha-01351,יח״ל,"נושאי הלימוד הנדרשים לתעודה מוגדרים ב""יח״ל"" המאפיינות הן את מידת ההעמקה במקצוע, רמת קושי הבחינה והן את מספר שעות הלימוד באותו המקצוע.",יחידות לימוד,יח״ל.01,יחידות לימוד,weak,3,יחידות לימוד | ישיבת חכמי לובלין | יחידת לבגרות,substituted,yes,wikipedia,תעודת בגרות,unreviewed,,substitution,wiki_substituted
ha-01352,יח״ל,טווח הרמות למקצועות השונים הוא בדרך כלל בין 1 יחידת לימוד ל־5 יח״ל.,יחידות לימוד,יח״ל.01,יחידות לימוד,weak,3,יחידות לימוד | ישיבת חכמי לובלין | יחידת לבגרות,substituted,yes,wikipedia,תעודת בגרות,unreviewed,,substitution,wiki_substituted
ha-01353,יח״ל,"בנוסף חובה ללמוד מקצוע אחד המוגדר ""תרבות עולם"", מקצוע אחד ברמה מוגברת (5 יחידות ומעלה, חובה או בחירה אך לא אנגלית) ולפחות 21 יח״ל בסך הכל.",יחידות לימוד,יח״ל.01,יחידות לימוד,weak,3,יחידות לימוד | ישיבת חכמי לובלין | יחידת לבגרות,substituted,yes,wikipedia,תעודת בגרות,unreviewed,,substitution,wiki_substituted
ha-01354,יח״ל,יח״ל היא ישיבה כלל חסידית השוכנת בשכונת זכרון מאיר בבני ברק.,ישיבת חכמי לובלין,יח״ל.02,ישיבת חכמי לובלין,weak,3,יחידות לימוד | ישיבת חכמי לובלין | יחידת לבגרות,substituted,yes,wikipedia,ישיבת חכמי לובלין (בני ברק),unreviewed,,substitution,wiki_substituted
ha-01355,יח״ל,"בעידודם של החזון איש, הרב דב בריש וידנפלד, והרב איסר זלמן מלצר, הקים בשכונה את ""יח״ל"", לזכר הישיבה שבה למד.",ישיבת חכמי לובלין,יח״ל.02,ישיבת חכמי לובלין,weak,3,יחידות לימוד | ישיבת חכמי לובלין | יחידת לבגרות,substituted,yes,wikipedia,שמואל הלוי ואזנר,unreviewed,,substitution,wiki_substituted
ha-01105,חדו״א,"הוא כתב חיבור על חדו״א שזכה לשבחים מהמתמטיקאים המפורסמים לגראנז' ולפלס, שעמם עמד בקשר.",חשבון דיפרנציאלי ואינטגרלי,חדו״א.01,חשבון דיפרנציאלי ואינטגרלי,weak,2,חידושי אגדות | חשבון דיפרנציאלי ואינטגרלי,substituted,no,wikipedia,משה אנסהיים,unreviewed,,substitution,wiki_substituted
ha-01106,חדו״א,"לימד באוניברסיטת תל אביב מגוון רחב של קורסים ברמות שונות, בהם חדו״א, משוואות דיפרנציאליות חלקיות ועוד.",חשבון דיפרנציאלי ואינטגרלי,חדו״א.01,חשבון דיפרנציאלי ואינטגרלי,weak,2,חידושי אגדות | חשבון דיפרנציאלי ואינטגרלי,substituted,no,wikipedia,מרדכי אפשטיין,unreviewed,,substitution,wiki_substituted
ha-01107,חדו״א,"הקורסים העיקריים, ולעיתים היחידים, אליהם נדרשים סטודנטים לביולוגיה הם חדו״א וסטטיסטיקה.",חשבון דיפרנציאלי ואינטגרלי,חדו״א.01,חשבון דיפרנציאלי ואינטגרלי,weak,2,חידושי אגדות | חשבון דיפרנציאלי ואינטגרלי,substituted,no,wikipedia,ביולוג,unreviewed,,substitution,wiki_substituted
ha-03061,שפ״ח,"שפ״ח היא שפעת אנדמית (קיים באזור תפוצה מצומצם, שעל-פי רוב יש לו אפיון אקולוגי ברור וגבולות חדים) לחזירים, העוברת מחזיר אחד למשנהו בדומה לשפעת אנושית.",שפעת החזירים,שפ״ח.01,שפעת החזירים,weak,2,שפעת החזירים | שירות פסיכולוגי חנוכי,substituted,no,wikipedia,שפעת החזירים,unreviewed,,substitution,wiki_substituted
ha-03062,שפ״ח,"במקרים נדירים, יכולה המחלה לעבור מחזירים לבני אדם, אולם הסכנה העיקרית לבני אדם היא יצירת זן חדש של נגיף שפעת אנושית שמורכב ממקטעים גנטיים של נגיף שפ״ח, העובר בצורה ישירה בין אדם לאדם.",שפעת החזירים,שפ״ח.01,שפעת החזירים,weak,2,שפעת החזירים | שירות פסיכולוגי חנוכי,substituted,no,wikipedia,שפעת החזירים,unreviewed,,substitution,wiki_substituted
ha-03063,שפ״ח,"הנגיפים גורמי המחלה נקראים ""נגיפי שפ״ח"" (Swine influenza virus; SIV) והם בדרך כלל נגיפים אנדמיים לאוכלוסיית החזירים.",שפעת החזירים,שפ״ח.01,שפעת החזירים,weak,2,שפעת החזירים | שירות פסיכולוגי חנוכי,substituted,no,wikipedia,שפעת החזירים,unreviewed,,substitution,wiki_substituted
ha-02925,ר״א,"ר״א, ששמח על הפיוס עם אביו, סירב לקבל רכוש שמיועד לאחיו וביקש לחלק את הרכוש באופן שווה.",רבי אליעזר,ר״א.01,רבי אליעזר,weak,3,רבי אלעזר | רבי אליעזר | אלגברה ריבוי אלגברי,substituted,yes,wikipedia,רבי אליעזר בן הורקנוס,unreviewed,,substitution,wiki_substituted
ha-02926,ר״א,"לאחר חורבן בית המקדש בירושלים עבר ר״א ליבנה, שם הפך לחבר בסנהדרין תחת נשיאותו של רבן גמליאל דיבנה, ונישא לאחותו של רבן גמליאל, אמא שלום.",רבי אליעזר,ר״א.01,רבי אליעזר,weak,3,רבי אלעזר | רבי אליעזר | אלגברה ריבוי אלגברי,substituted,yes,wikipedia,רבי אליעזר בן הורקנוס,unreviewed,,substitution,wiki_substituted
ha-02927,ר״א,"ר״א ישב בעיר לוד, ועמד בראש בית דין וישיבה בה, וכן החזיק בכרמים בכפר טבי הסמוכה ללוד ממזרח.",רבי אליעזר,ר״א.01,רבי אליעזר,weak,3,רבי אלעזר | רבי אליעזר | אלגברה ריבוי אלגברי,substituted,yes,wikipedia,רבי אליעזר בן הורקנוס,unreviewed,,substitution,wiki_substituted
ha-02928,ר״א,"ר״א ברבי שמעון (מוכר גם בשמות דומים אחרים) היה תנא בדור החמישי, בן תקופתו וידידו של רבי יהודה הנשיא.",רבי אלעזר,ר״א.02,רבי אלעזר,weak,3,רבי אלעזר | רבי אליעזר | אלגברה ריבוי אלגברי,substituted,yes,wikipedia,רבי אלעזר ברבי שמעון,unreviewed,,substitution,wiki_substituted
ha-02929,ר״א,"דבריו של ר״א מובאים גם בספר הזוהר בו הוא מופיע פעמים רבות, ומתואר בתור יד ימינו של אביו - רבי שמעון - מנהיג חבורת הזוהר והדמות החשובה ביותר בספר.",רבי אלעזר,ר״א.02,רבי אלעזר,weak,3,רבי אלעזר | רבי אליעזר | אלגברה ריבוי אלגברי,substituted,yes,wikipedia,רבי אלעזר ברבי שמעון,unreviewed,,substitution,wiki_substituted
ha-02930,ר״א,בשורה ארוכה של מקורות במדרשים ובתלמוד הירושלמי מובא סיפור דברים אחר לחלוטין בנוגע לאופן צאתם של רבי שמעון בר יוחאי ובנו ר״א ברבי שמעון מהמערה.,רבי אלעזר,ר״א.02,רבי אלעזר,weak,3,רבי אלעזר | רבי אליעזר | אלגברה ריבוי אלגברי,substituted,yes,wikipedia,רבי אלעזר ברבי שמעון,unreviewed,,substitution,wiki_substituted
ha-01056,זה״ב,"כמו כן, באגף מפעילים רכזי זה״ב במוסדות החינוך, שמטרתם קידום הוראת התחום והמודעות אליו.",זהירות בדרכים,זה״ב.01,זהירות בדרכים,weak,2,זהירות בדרכים | הימים בהם קוראים בתורה: ז' (שבת),substituted,no,wikipedia,בטיחות בדרכים,unreviewed,,substitution,wiki_substituted
ha-01057,זה״ב,בולבול הקבולבול היא סדרת טלוויזיה ששודרה בטלוויזיה החינוכית הישראלית שעסקה בהעברת תוכני זה״ב לילדים.,זהירות בדרכים,זה״ב.01,זהירות בדרכים,weak,2,זהירות בדרכים | הימים בהם קוראים בתורה: ז' (שבת),substituted,no,wikipedia,בולבול הקבולבול,unreviewed,,substitution,wiki_substituted
ha-01058,זה״ב,"באופן זה ביקשו יוצרי הסדרה להעביר את המסר לפיו זה״ב היא נורמה שיש לנהוג לפיה, וכשם שאין מסתרקים עם מברשת שיניים, אין חוצים את הכביש מבלי להסתכל לצדדים.",זהירות בדרכים,זה״ב.01,זהירות בדרכים,weak,2,זהירות בדרכים | הימים בהם קוראים בתורה: ז' (שבת),substituted,no,wikipedia,בולבול הקבולבול,unreviewed,,substitution,wiki_substituted
ha-00081,או״א,"כיבוד או״א היא מצוות עשה דאורייתא, הדיבר החמישי בעשרת הדיברות.",אב ואם,או״א.01,אב ואם,weak,3,אב ואם | אלוהינו ואלוהי אבותינו | לוגיקה אם ורק אם,substituted,yes,wikipedia,כיבוד אב ואם,unreviewed,,substitution,wiki_substituted
ha-00082,או״א,"בכלל מצוות מורא או״א, איסורים שנועדו לשמור על כבודם, שלא לעשות פעולות שמביעות זלזול בהם: המצווה מטילה חובה על הצאצא (בן או בת) שלא לבזות אותם, לא לזלזל בהם, לא לסתור את דבריהם בפומבי.",אב ואם,או״א.01,אב ואם,weak,3,אב ואם | אלוהינו ואלוהי אבותינו | לוגיקה אם ורק אם,substituted,yes,wikipedia,מורא אב ואם,unreviewed,,substitution,wiki_substituted
ha-00083,או״א,"היה שם אביו כשם אחרים, משנה שמם, אם הוא שם שהוא פלאי שאין הכל רגילים לקרות בו"" מצוות זו משלימה את מצוות כיבוד או״א, הדורשת מהצאצא התנהגות של עזרה ויחס חיובי - ""מאכיל ומשקה מלביש ומכסה מכניס ומוציא"".",אב ואם,או״א.01,אב ואם,weak,3,אב ואם | אלוהינו ואלוהי אבותינו | לוגיקה אם ורק אם,substituted,yes,wikipedia,מורא אב ואם,unreviewed,,substitution,wiki_substituted
ha-00084,או״א,"ביניהן מצויה השאלה האם יכול גר לומר את נוסח הברכה ""או״א"" ובכך להימנע מבושת פנים ולא להסגיר בפומבי את העובדה שהוא גר.",אלוהינו ואלוהי אבותינו,או״א.02,אלוהינו ואלוהי אבותינו,weak,3,אב ואם | אלוהינו ואלוהי אבותינו | לוגיקה אם ורק אם,substituted,yes,wikipedia,עובדיה הגר,unreviewed,,substitution,wiki_substituted
ha-00085,או״א,"על פי התלמוד הירושלמי משפחות הגרים ""בני עשתור"" שהתגוררה בחומס היו אומרים בתפילתם ""או״א"" מאחר שהם נישאו לבנות ישראל כשרות.",אלוהינו ואלוהי אבותינו,או״א.02,אלוהינו ואלוהי אבותינו,weak,3,אב ואם | אלוהינו ואלוהי אבותינו | לוגיקה אם ורק אם,substituted,yes,wikipedia,חומס,unreviewed,,substitution,wiki_substituted
ha-02872,רמ״ד,ערב מלחמת יום הכיפורים ובמהלכה שימש רמ״ד דיווח והתרעה במפקדת היחידה.,ראש מדור,רמ״ד.01,ראש מדור,weak,4,ראש מדור | רבי משה די ליאון | רבי משה דוד ואלי | רבי משה מדסאו,substituted,yes,wikipedia,פסח מלובני,unreviewed,,substitution,wiki_substituted
ha-02873,רמ״ד,ב-2008 שימש רמ״ד פיתוח מערכות הגנה בזרוע היבשה.,ראש מדור,רמ״ד.01,ראש מדור,weak,4,ראש מדור | רבי משה די ליאון | רבי משה דוד ואלי | רבי משה מדסאו,substituted,yes,wikipedia,רלי מרגלית,unreviewed,,substitution,wiki_substituted
ha-02874,רמ״ד,"הוא שימש מדריך בקורס מש""קים, רמ״ד בבית הספר להנדסה צבאית, עבר קורס קציני הנדסה בארצות הברית ושימש מפקד קורס קציני הנדסה קרבית.",ראש מדור,רמ״ד.01,ראש מדור,weak,4,ראש מדור | רבי משה די ליאון | רבי משה דוד ואלי | רבי משה מדסאו,substituted,yes,wikipedia,יוסף איל,unreviewed,,substitution,wiki_substituted
ha-02875,רמ״ד,"התפרסם בין היתר בזכות מחקר ההתחקות שלו על מקורותיו של ספר הזוהר, שהופץ לראשונה בזמנו על ידי רמ״ד, המתואר בספר יוחסין השלם.",רבי משה די ליאון,רמ״ד.02,רבי משה די ליאון,weak,4,ראש מדור | רבי משה די ליאון | רבי משה דוד ואלי | רבי משה מדסאו,substituted,yes,wikipedia,יצחק דמן עכו,unreviewed,,substitution,wiki_substituted
ha-02876,רמ״ד,"יוסף רוזנבוים, טען שקיים קשר הדוק בין ספר אור זרוע של רמ״ד לחיבור זה.",רבי משה די ליאון,רמ״ד.02,רבי משה די ליאון,weak,4,ראש מדור | רבי משה די ליאון | רבי משה דוד ואלי | רבי משה מדסאו,substituted,yes,wikipedia,מסכת אצילות,unreviewed,,substitution,wiki_substituted
ha-02877,רמ״ד,עדות נאמנה בת זמנו באה מיצחק דמן עכו אשר מעיד באגרותיו כי פגש את די ליאון וביקש ממנו לראות את עותק המקור אך רמ״ד נפטר בטרם הספיק להביא לו את העותק.,רבי משה די ליאון,רמ״ד.02,רבי משה די ליאון,weak,4,ראש מדור | רבי משה די ליאון | רבי משה דוד ואלי | רבי משה מדסאו,substituted,yes,wikipedia,ספר הזוהר,unreviewed,,substitution,wiki_substituted
ha-00001,אא״ב,"ביטוי ביהדות המתכתב עם ביטוי זה הוא ""אא״ב ושיני בנים תקהינה"".",אבות אכלו בוסר,אא״ב.01,אבות אכלו בוסר,weak,2,אבות אכלו בוסר | אי אמרת בשלמא,substituted,no,wikipedia,מעשה אבות סימן לבנים,unreviewed,,substitution,wiki_substituted
ha-00002,אא״ב,"למשל, העיקרון התנ""כי – ""אא״ב ושיני בנים תקהינה"", פירושו שיכול לקרות מצב שבו האב יחטא אך צאצאיו ישלמו את המחיר.",אבות אכלו בוסר,אא״ב.01,אבות אכלו בוסר,weak,2,אבות אכלו בוסר | אי אמרת בשלמא,substituted,no,wikipedia,תהלה (נובלה),unreviewed,,substitution,wiki_substituted
ha-00003,אא״ב,"יהודה אטלס, ""רוברט בראונינג: אא״ב"", בספר ילדים גדולים (כרך 1, עמ' 58-45), הוצאת ידיעות אחרונות, 2003.",אבות אכלו בוסר,אא״ב.01,אבות אכלו בוסר,weak,2,אבות אכלו בוסר | אי אמרת בשלמא,substituted,no,wikipedia,רוברט בראונינג,unreviewed,,substitution,wiki_substituted
ha-00506,בל״ח,"ביהדות, גירושין מתבצעים כאשר איש נותן לאשתו שטר (המכונה ""ספר כריתות"" בלשון המקרא, או ""גט"" בל״ח), שבו משחרר אותה מן הנישואים.",בלשון חכמים,בל״ח.01,בלשון חכמים,weak,3,בלשון חכמים | בחור/ה לחוץ/ת חתונה | בלא חרטה,substituted,no,wikipedia,מסכת גיטין,unreviewed,,substitution,wiki_substituted
ha-00507,בל״ח,בל״ח חבית היא שם לכלי הגדול מכד וקטן מפיטס.,בלשון חכמים,בל״ח.01,בלשון חכמים,weak,3,בלשון חכמים | בחור/ה לחוץ/ת חתונה | בלא חרטה,substituted,no,wikipedia,חבית,unreviewed,,substitution,wiki_substituted
ha-00508,בל״ח,"לפני כן שימשה המילה ענבה בל״ח כגרסה נקבית של ""עינב"" או לתיאור גרגיר בודד של פירות רבים אחרים.",בלשון חכמים,בל״ח.01,בלשון חכמים,weak,3,בלשון חכמים | בחור/ה לחוץ/ת חתונה | בלא חרטה,substituted,no,wikipedia,ענבה,unreviewed,,substitution,wiki_substituted
ha-00148,אמ״ן,בתפקידו כראש אמ״ן בדרגת אלוף-משנה היה אחראי לגיוסה ולהפעלתה של חוליית יהודים במצרים על ידי יחידה 131.,אגף מודיעין,אמ״ן.01,אגף מודיעין,weak,2,אגף מודיעין | אל מלך נאמן,substituted,yes,wikipedia,בנימין גיבלי,unreviewed,,substitution,wiki_substituted
ha-00149,אמ״ן,שירת כראש אמ״ן אותות וסגן מנהל הסוכנות לביטחון לאומי.,אגף מודיעין,אמ״ן.01,אגף מודיעין,weak,2,אגף מודיעין | אל מלך נאמן,substituted,yes,wikipedia,כריסטופר באלרד,unreviewed,,substitution,wiki_substituted
ha-00150,אמ״ן,ביולי 2018 מונה לראש אמ״ן אותות וסגן מנהל הסוכנות לביטחון לאומי.,אגף מודיעין,אמ״ן.01,אגף מודיעין,weak,2,אגף מודיעין | אל מלך נאמן,substituted,yes,wikipedia,כריסטופר באלרד,unreviewed,,substitution,wiki_substituted
ha-00151,אמ״ן,"אמר רבי חנינא: אמ״ן."" בתלמוד הבבלי במסכת שבועות נאמר: ""אָמַר שְׁמוּאֵל: כׇּל הָעוֹנֶה אָמֵן אַחַר שְׁבוּעָה כְּמוֹצִיא שְׁבוּעָה בְּפִיו דָּמֵי דִּכְתִיב ""וְאָמְרָה הָאִשָּׁה אָמֵן אָמֵן"""".",אל מלך נאמן,אמ״ן.02,אל מלך נאמן,weak,2,אגף מודיעין | אל מלך נאמן,substituted,yes,wikipedia,עניית אמן (הלכה),unreviewed,,substitution,wiki_substituted
ha-00152,אמ״ן,אמ״ן הם שלוש מילים שנוהגים בחלק מהקהילות להוסיף לפני קריאת שמע.,אל מלך נאמן,אמ״ן.02,אל מלך נאמן,weak,2,אגף מודיעין | אל מלך נאמן,substituted,yes,wikipedia,אל מלך נאמן,unreviewed,,substitution,wiki_substituted
ha-01877,ממ״ס,"מקצועות האחזקה הם כל מקצועות המכונאות, החימוש והחשמל למשל ממ״ס/ מסוקים (המכונה ממ""סניקים), חמשים (חימוש), חמ""מניקים (חשמלאי מטוסים) ועוד.",מכונאי מטוסים,ממ״ס.01,מכונאי מטוסים,weak,3,מכונאי מטוסים | ממזר ספק | ממש ממש סודי,substituted,no,wikipedia,בית הספר למקצועות הטכניים,unreviewed,,substitution,wiki_substituted
ha-01878,ממ״ס,"באחדים מן הרומנים שלו יש גם יסוד על-טבעי, בייחוד בספר Round the Bend משנת 1951, העוסק בדת חדשה, הצומחת סביב ממ״ס.",מכונאי מטוסים,ממ״ס.01,מכונאי מטוסים,weak,3,מכונאי מטוסים | ממזר ספק | ממש ממש סודי,substituted,no,wikipedia,נוויל שוט,unreviewed,,substitution,wiki_substituted
ha-01879,ממ״ס,"הקרחון נקרא על שמו של דייוויד אלכסנדר פורמן (David Alexander Foreman) ממ״ס של משלחת הסקר האנטארקטי הבריטי, בתחנת אדלייד בין השנים 1973–1976.",מכונאי מטוסים,ממ״ס.01,מכונאי מטוסים,weak,3,מכונאי מטוסים | ממזר ספק | ממש ממש סודי,substituted,no,wikipedia,קרחון פורמן (האי אלכסנדר),unreviewed,,substitution,wiki_substituted
ha-02721,קפ״ל,"קפ״ל היא תחרות אתלטיקה ומקצוע אולימפי בענף הקפיצות, בה המתחרים נדרשים לקפוץ מעל רף (מוט) אופקי הממוקם בגובה מסוים, מבלי להפילו.",קפיצה לגובה,קפ״ל.01,קפיצה לגובה,weak,2,קפיצה לגובה | קפיצה לרוחק,substituted,yes,wikipedia,קפיצה לגובה,unreviewed,,substitution,wiki_substituted
ha-02722,קפ״ל,מבצע קפ״ל החל ב־26 באוגוסט 1946 והסתיים בסוף פברואר 1947.,קפיצה לגובה,קפ״ל.01,קפיצה לגובה,weak,2,קפיצה לגובה | קפיצה לרוחק,substituted,yes,wikipedia,מבצע קפיצה לגובה,unreviewed,,substitution,wiki_substituted
ha-02723,קפ״ל,"משימתו העיקרית של מבצע קפ״ל הייתה להקים את הבסיס למחקר אנטארקטיקה ""אמריקה הקטנה IV"" על מדף הקרח רוס.",קפיצה לגובה,קפ״ל.01,קפיצה לגובה,weak,2,קפיצה לגובה | קפיצה לרוחק,substituted,yes,wikipedia,מבצע קפיצה לגובה,unreviewed,,substitution,wiki_substituted
ha-02724,קפ״ל,"קפ״ל, או קפיצה למרחק, היא מקצוע באתלטיקה קלה, שמטרת האתלט שמתחרה בו היא לעבור מרחק גדול ככל האפשר בקפיצה אופקית.",קפיצה לרוחק,קפ״ל.02,קפיצה לרוחק,weak,2,קפיצה לגובה | קפיצה לרוחק,substituted,yes,wikipedia,קפיצה לרוחק,unreviewed,,substitution,wiki_substituted
ha-02725,קפ״ל,תחרויות קפ״ל נכללות בתוכנית האולימפית לגברים החל מהאולימפיאדה הראשונה ב-1896 ולנשים מאולימפיאדת אמסטרדם (1928).,קפיצה לרוחק,קפ״ל.02,קפיצה לרוחק,weak,2,קפיצה לגובה | קפיצה לרוחק,substituted,yes,wikipedia,קפיצה לרוחק,unreviewed,,substitution,wiki_substituted
ha-02726,קפ״ל,"אלופה אולימפית (סיאול 1988), פעמיים ברציפות אלופת עולם (רומא 1987 וטוקיו 1991) ושיאנית עולם בעבר קפ״ל.",קפיצה לרוחק,קפ״ל.02,קפיצה לרוחק,weak,2,קפיצה לגובה | קפיצה לרוחק,substituted,yes,wikipedia,ג'קי ג'וינר קרסי,unreviewed,,substitution,wiki_substituted
ha-01278,ח״ק,"בקהילות התקיימו בעבר גם ארגוני חסד אחרים שנודעו אף הם בשם ""ח״ק"" – לחינוך יתומים, טיפול בחולים וכיוצא בזה – אך כיום השם מזוהה כמעט בלעדית עם האחראים על הקבורה.",חברה קדישא,ח״ק.01,חברה קדישא,weak,3,חברה קדישא | חצי קדיש | חסר קליע,substituted,yes,wikipedia,חברה קדישא,unreviewed,,substitution,wiki_substituted
ha-01279,ח״ק,"ביום זה היו מתאספים אנשי ח״ק לאמירת סליחות ותפילת תענית ציבור, ולעיתים מרא דאתרא היה דורש בפניהם דברי מוסר והתעוררות.",חברה קדישא,ח״ק.01,חברה קדישא,weak,3,חברה קדישא | חצי קדיש | חסר קליע,substituted,yes,wikipedia,חברה קדישא,unreviewed,,substitution,wiki_substituted
ha-01280,ח״ק,"העדה הספרדית גבתה דמי קבורה גבוהים, בסך 30 פרנק, ומשלא עמדו החייבים בתשלום החוב היו פרנסי ח״ק הספרדית מעכבים את הקבורה.",חברה קדישא,ח״ק.01,חברה קדישא,weak,3,חברה קדישא | חצי קדיש | חסר קליע,substituted,yes,wikipedia,בית הקברות היהודי בהר הזיתים,unreviewed,,substitution,wiki_substituted
ha-01281,ח״ק,תחמיש - כדור ח״ק המיועד לירי של אמצעים המורכבים על קנה הרובה.,חסר קליע,ח״ק.02,חסר קליע,weak,3,חברה קדישא | חצי קדיש | חסר קליע,substituted,yes,wikipedia,כדור (תחמושת),unreviewed,,substitution,wiki_substituted
ha-01282,ח״ק,"סוגים מסוימים, כגון ח״ק או כדור גומי, נועדו ליישומים שאינם מצריכים פגיעה, או לפגיעה קלה יחסית אשר אינה מסכנת את חייו של הנורה.",חסר קליע,ח״ק.02,חסר קליע,weak,3,חברה קדישא | חצי קדיש | חסר קליע,substituted,yes,wikipedia,כדור (תחמושת),unreviewed,,substitution,wiki_substituted
ha-01283,ח״ק,"הגלילונים נורים על ידי כדור תחמיש ח״ק, כאשר הניילון המאגד את הגלילונים יחד מתפרק עם יציאת הגלילונים מהרובה בזמן הירי והגלילונים עפים, כל אחד בנפרד.",חסר קליע,ח״ק.02,חסר קליע,weak,3,חברה קדישא | חצי קדיש | חסר קליע,substituted,yes,wikipedia,כדור גומי,unreviewed,,substitution,wiki_substituted
ha-01284,ח״ק,ח״ק הוא קדיש בו אומרים רק את עיקר הקדיש ללא תוספות.,חצי קדיש,ח״ק.03,חצי קדיש,weak,3,חברה קדישא | חצי קדיש | חסר קליע,substituted,yes,wikipedia,קדיש,unreviewed,,substitution,wiki_substituted
ha-01285,ח״ק,ח״ק נאמר לרוב בין קטעים בתפילה כדי להבדיל ביניהם.,חצי קדיש,ח״ק.03,חצי קדיש,weak,3,חברה קדישא | חצי קדיש | חסר קליע,substituted,yes,wikipedia,קדיש,unreviewed,,substitution,wiki_substituted
ha-01286,ח״ק,"למשל, ח״ק נאמר לפני תפילת שמונה עשרה במנחה ובערבית, בין פסוקי דזמרא לקריאת שמע וברכותיה, ובין תפילת שמונה עשרה לאשרי וובא לציון.",חצי קדיש,ח״ק.03,חצי קדיש,weak,3,חברה קדישא | חצי קדיש | חסר קליע,substituted,yes,wikipedia,קדיש,unreviewed,,substitution,wiki_substituted
ha-00724,ב״ת,"זה המקום היחיד באנטארקטיקה בו יש ב״ת – ""קפלת השלגים"".",בית תפילה,ב״ת.01,בית תפילה,weak,5,בלתי תלוי | בית תפילה | בן תורה | בעל תשובה | בל תשחית,substituted,yes,wikipedia,תחנת מקמרדו,unreviewed,,substitution,wiki_substituted
ha-00725,ב״ת,ב״ת הוא מבנה המיועד לתפילות ולטקסים דתיים שונים.,בית תפילה,ב״ת.01,בית תפילה,weak,5,בלתי תלוי | בית תפילה | בן תורה | בעל תשובה | בל תשחית,substituted,yes,wikipedia,בית תפילה,unreviewed,,substitution,wiki_substituted
ha-00726,ב״ת,"השלטון העות'מאני התנגד לבניית ב״ת נוצרי, וכך גם היהודים שגרו בסמוך.",בית תפילה,ב״ת.01,בית תפילה,weak,5,בלתי תלוי | בית תפילה | בן תורה | בעל תשובה | בל תשחית,substituted,yes,wikipedia,הכנסייה האוונגלית הבין-לאומית,unreviewed,,substitution,wiki_substituted
ha-00727,ב״ת,ב״ת הוא איסור בתורה על השחתת דבר שבני אדם יכולים ליהנות ממנו.,בל תשחית,ב״ת.02,בל תשחית,weak,5,בלתי תלוי | בית תפילה | בן תורה | בעל תשובה | בל תשחית,substituted,yes,wikipedia,בל תשחית,unreviewed,,substitution,wiki_substituted
ha-00728,ב״ת,"איסור ב״ת נאמר רק בדרך של קלקול והשחתה, אבל לא בדרך של תיקון.",בל תשחית,ב״ת.02,בל תשחית,weak,5,בלתי תלוי | בית תפילה | בן תורה | בעל תשובה | בל תשחית,substituted,yes,wikipedia,בל תשחית,unreviewed,,substitution,wiki_substituted
ha-00729,ב״ת,"איסור ב״ת, למשל, הוא איסור כללי, אך בתורה הוא נכתב לגבי השחתת עצי מאכל בשעת מצור.",בל תשחית,ב״ת.02,בל תשחית,weak,5,בלתי תלוי | בית תפילה | בן תורה | בעל תשובה | בל תשחית,substituted,yes,wikipedia,הלכות מלחמה,unreviewed,,substitution,wiki_substituted
ha-00730,ב״ת,"השם מציין אמני רוק אשר חתומים בחברות תקליטים עצמאיות (""אינדי"", מן המילה האנגלית independent עצמאי, ב״ת), ובדרך כלל קשורים לסוגת הרוק האלטרנטיבי.",בלתי תלוי,ב״ת.03,בלתי תלוי,weak,5,בלתי תלוי | בית תפילה | בן תורה | בעל תשובה | בל תשחית,substituted,yes,wikipedia,אינדי רוק,unreviewed,,substitution,wiki_substituted
ha-00731,ב״ת,"לפיכך, העתיד אינו מושג אובייקטיבי או ב״ת.",בלתי תלוי,ב״ת.03,בלתי תלוי,weak,5,בלתי תלוי | בית תפילה | בן תורה | בעל תשובה | בל תשחית,substituted,yes,wikipedia,עתיד,unreviewed,,substitution,wiki_substituted
ha-00732,ב״ת,קביעת מחוזות הבחירה נעשית בדרך כלל בידי גוף ב״ת האחראי על ארגון הבחירות.,בלתי תלוי,ב״ת.03,בלתי תלוי,weak,5,בלתי תלוי | בית תפילה | בן תורה | בעל תשובה | בל תשחית,substituted,yes,wikipedia,מחוז בחירה,unreviewed,,substitution,wiki_substituted
ha-00733,ב״ת,"לאחר מכן למד בישיבת מיר שם למד בחברותא עם הרב חיים שמואלביץ ואף קיבל ממנו סמיכה, והסכמה לספרו ב״ת וישיבה.",בן תורה,ב״ת.04,בן תורה,weak,5,בלתי תלוי | בית תפילה | בן תורה | בעל תשובה | בל תשחית,substituted,yes,wikipedia,יואל שוורץ,unreviewed,,substitution,wiki_substituted
ha-00734,ב״ת,"מספריו: ספרו הראשון ראשית פרי ביכוריו היה ספר ""ב״ת וישיבה"" – ספר הדרכה לבני ישיבות.",בן תורה,ב״ת.04,בן תורה,weak,5,בלתי תלוי | בית תפילה | בן תורה | בעל תשובה | בל תשחית,substituted,yes,wikipedia,יואל שוורץ,unreviewed,,substitution,wiki_substituted
ha-00735,ב״ת,"כך ביום שהושיבו את רבי אלעזר בן עזריה בישיבה, היה רבי עקיבא יושב ומצטער ואמר: לא שהוא ב״ת יותר ממני אלא שהוא בן גדולים יותר ממני, אשרי אדם שזכו לו אבותיו; אשרי אדם שיש לו יתד במי להיתלות בה.",בן תורה,ב״ת.04,בן תורה,weak,5,בלתי תלוי | בית תפילה | בן תורה | בעל תשובה | בל תשחית,substituted,yes,wikipedia,תנאים,unreviewed,,substitution,wiki_substituted
ha-00736,ב״ת,"רבי שניאור זלמן מלאדי, מדייק שבפרטיות ישנן ארבע רמות בתשובה, שכן כל אחת משתי החלוקות הנזכרות כוללת בתוכה דרגת ""תשובה"" ודרגת ""ב״ת"".",בעל תשובה,ב״ת.05,בעל תשובה,weak,5,בלתי תלוי | בית תפילה | בן תורה | בעל תשובה | בל תשחית,substituted,yes,wikipedia,תשובה (יהדות),unreviewed,,substitution,wiki_substituted
ha-00737,ב״ת,"הגמרא מדגימה בדוגמאות רבות איסור זה והן עוסקות בהזכרת עבר של אדם ששינה דרכיו כמו ב״ת או גר, בחוסר כבוד לאדם אחר כמו יחס בין בני זוג וכן בגרימת צער בענייני מסחר.",בעל תשובה,ב״ת.05,בעל תשובה,weak,5,בלתי תלוי | בית תפילה | בן תורה | בעל תשובה | בל תשחית,substituted,yes,wikipedia,אונאת דברים,unreviewed,,substitution,wiki_substituted
ha-00738,ב״ת,מאז שנת 2022 הוא ב״ת ועסוק בחקר תופעות של דחיקה ומחיקה של הזהות היהודית בבנייה ובעיצוב המרחב בישראל.,בעל תשובה,ב״ת.05,בעל תשובה,weak,5,בלתי תלוי | בית תפילה | בן תורה | בעל תשובה | בל תשחית,substituted,yes,wikipedia,צבי אלחייני,unreviewed,,substitution,wiki_substituted
ha-00174,את״ד,את״ד היא עמותה ישראלית שמטרתה טיפוח איכות החיים ושמירה על הרכוש המשותף בבתים משותפים.,האגודה לתרבות הדיור,את״ד.01,האגודה לתרבות הדיור,weak,2,האגודה לתרבות הדיור | אלו תמצית דבריו,substituted,no,wikipedia,האגודה לתרבות הדיור,unreviewed,,substitution,wiki_substituted
ha-00175,את״ד,חברת עזרה ובצרון משתפת פעולה עם את״ד הפועלת למען החדרת מודעות ודרכי פעולה לשמירה על הרכוש המשותף וטיפוח איכות החיים בבית המשותף.,האגודה לתרבות הדיור,את״ד.01,האגודה לתרבות הדיור,weak,2,האגודה לתרבות הדיור | אלו תמצית דבריו,substituted,no,wikipedia,עזרה ובצרון,unreviewed,,substitution,wiki_substituted
ha-02690,קג״מ,"כך לדוגמה נפסק, שנתינת מטבע מהווה מעשה קניין: ""אם המקום מקום שקונין קג״מ בנתינת אותו פשוט [מטבע], הדין עם ראובן [הקונה]..."", שהקניין תקף מדין סיטומתא.",קנין גמור,קג״מ.01,קנין גמור,weak,2,קילוגרם מסה | קנין גמור,substituted,no,wikipedia,סיטומתא,unreviewed,,substitution,wiki_substituted
ha-02943,ר״ה,"לעומת זאת, אם ר״ה חל בשבת או ביום חמישי בשנת בר המצווה, פרשת בר המצווה תהיה פרשת האזינו.",ראש השנה,ר״ה.01,ראש השנה,weak,3,ראש השנה | רב הונא | רשות הרבים,substituted,yes,wikipedia,א' בתשרי,unreviewed,,substitution,wiki_substituted
ha-02944,ר״ה,"השם ”ר״ה” בהתייחסות לא' בתשרי מופיע לראשונה במשנה, במסכת שביעית ובמסכת ר״ה.",ראש השנה,ר״ה.01,ראש השנה,weak,3,ראש השנה | רב הונא | רשות הרבים,substituted,yes,wikipedia,ראש השנה,unreviewed,,substitution,wiki_substituted
ha-02945,ר״ה,"בלוח השנה במגילות קומראן, וכן בתפילות ר״ה ובברכות הנאמרות בו, נקרא החג ”יום הזיכרון”.",ראש השנה,ר״ה.01,ראש השנה,weak,3,ראש השנה | רב הונא | רשות הרבים,substituted,yes,wikipedia,ראש השנה,unreviewed,,substitution,wiki_substituted
ha-02946,ר״ה,שמו של ר״ה מוזכר מאות פעמים בתלמוד הבבלי והירושלמי.,רב הונא,ר״ה.02,רב הונא,weak,3,ראש השנה | רב הונא | רשות הרבים,substituted,yes,wikipedia,רב הונא,unreviewed,,substitution,wiki_substituted
ha-02947,ר״ה,"ר״ה נודע בזכות ידיעותיו המקיפות במשפט העברי ובהלכה, ובזכות בית הדין שעמד בראשו, שהוסמך על ידי ראש הגולה.",רב הונא,ר״ה.02,רב הונא,weak,3,ראש השנה | רב הונא | רשות הרבים,substituted,yes,wikipedia,רב הונא,unreviewed,,substitution,wiki_substituted
ha-02948,ר״ה,"השפעתו של ר״ה ניכרת גם בדור השלישי של אמוראי בבל, באמצעות תלמידיו המובהקים רב חִסְדָא ורב שַׁשֶת ובנו המפורסם רבה בר ר״ה.",רב הונא,ר״ה.02,רב הונא,weak,3,ראש השנה | רב הונא | רשות הרבים,substituted,yes,wikipedia,רב הונא,unreviewed,,substitution,wiki_substituted
ha-02949,ר״ה,"בהלכות שבת, ר״ה היא אחת מארבע רשויות השבת.",רשות הרבים,ר״ה.03,רשות הרבים,weak,3,ראש השנה | רב הונא | רשות הרבים,substituted,yes,wikipedia,רשות הרבים (שבת),unreviewed,,substitution,wiki_substituted
ha-02950,ר״ה,"וכל זמן שאין עוברים בו מספר כזה של אנשים, אין הוא ר״ה אלא כרמלית.",רשות הרבים,ר״ה.03,רשות הרבים,weak,3,ראש השנה | רב הונא | רשות הרבים,substituted,yes,wikipedia,רשות הרבים (שבת),unreviewed,,substitution,wiki_substituted
ha-02951,ר״ה,"לפי שיטה זו, רוב מוחלט של המקומות כיום אינם ר״ה אלא כרמלית ולכן אפשר להקיף אותם בעירוב המורכב מצורת הפתח ולהוציא חפצים מרשות היחיד אליהם, להכניס מהם לרשות היחיד, ולטלטל בהם בצורה חפשית.",רשות הרבים,ר״ה.03,רשות הרבים,weak,3,ראש השנה | רב הונא | רשות הרבים,substituted,yes,wikipedia,רשות הרבים (שבת),unreviewed,,substitution,wiki_substituted
ha-00826,דמ״ש,"דמ״ש דן בהפרת התקנות, הכללים או החוקים הנהוגים באותו הארגון.",דין משמעתי,דמ״ש.01,דין משמעתי,weak,5,דמי שכירות | דין משמעתי | דרך משל | דמי משלוח | דע מה שתשיב,substituted,yes,wikipedia,דין משמעתי,unreviewed,,substitution,wiki_substituted
ha-00827,דמ״ש,חוק הדיינים מורה על הקמת בית דמ״ש לדיינים בבתי הדין הרבניים.,דין משמעתי,דמ״ש.01,דין משמעתי,weak,5,דמי שכירות | דין משמעתי | דרך משל | דמי משלוח | דע מה שתשיב,substituted,yes,wikipedia,דין משמעתי,unreviewed,,substitution,wiki_substituted
ha-00828,דמ״ש,"על פסיקה של בית דמ״ש מחוזי קיימת רשות ערעור לבית הדין המשמעתי הארצי, שעל פסיקתו ניתן לערעור בזכות לבית המשפט המחוזי בירושלים.",דין משמעתי,דמ״ש.01,דין משמעתי,weak,5,דמי שכירות | דין משמעתי | דרך משל | דמי משלוח | דע מה שתשיב,substituted,yes,wikipedia,דין משמעתי,unreviewed,,substitution,wiki_substituted
ha-00829,דמ״ש,"עסקאות מקוונות: במסחר אלקטרוני, עלויות העסקה כוללות דמ״ש, עמלות עיבוד תשלומים ועלויות הקשורות להחזרות והחזרים.",דמי משלוח,דמ״ש.02,דמי משלוח,weak,5,דמי שכירות | דין משמעתי | דרך משל | דמי משלוח | דע מה שתשיב,substituted,yes,wikipedia,עלות עסקה,unreviewed,,substitution,wiki_substituted
ha-00830,דמ״ש,"ישנן מסעדות וחברות משלוח שמוסיפות לחשבונית סעיף ""דמ״ש"" על מנת לכסות את ההוצאות הללו, אולם עדיין נהוג לתת טיפ בנוסף ישירות לשליח.",דמי משלוח,דמ״ש.02,דמי משלוח,weak,5,דמי שכירות | דין משמעתי | דרך משל | דמי משלוח | דע מה שתשיב,substituted,yes,wikipedia,תשר,unreviewed,,substitution,wiki_substituted
ha-00831,דמ״ש,ריהוט ונכסים ניידים: עלות רכישה + דמ״ש והובלה + הוצאות התקנה.,דמי משלוח,דמ״ש.02,דמי משלוח,weak,5,דמי שכירות | דין משמעתי | דרך משל | דמי משלוח | דע מה שתשיב,substituted,yes,wikipedia,עלות היסטורית,unreviewed,,substitution,wiki_substituted
ha-00832,דמ״ש,"בכלכלה ובמימון, השקעה, היא העברה של סכום כסף (או הון) לגורם אחר כדי לייצר הכנסה משני סוגים: הכנסה פירותית (תשואה), כלומר הכנסה שוטפת מפירות ההשקעה, כגון דמ״ש, דיבידנד או ריבית.",דמי שכירות,דמ״ש.03,דמי שכירות,weak,5,דמי שכירות | דין משמעתי | דרך משל | דמי משלוח | דע מה שתשיב,substituted,yes,wikipedia,השקעה,unreviewed,,substitution,wiki_substituted
ha-00833,דמ״ש,בשנת 1921 חוקקה פקודה שאסרה על העלאת דמ״ש ופינוי דיירים ללא אישור המושל.,דמי שכירות,דמ״ש.03,דמי שכירות,weak,5,דמי שכירות | דין משמעתי | דרך משל | דמי משלוח | דע מה שתשיב,substituted,yes,wikipedia,דמי מפתח,unreviewed,,substitution,wiki_substituted
ha-00834,דמ״ש,"בעסקה זו נרכשות זכויות מסוימות בנכס נדל""ני במחיר נמוך, הרוכש מקבל חזקה על הנכס וממשיך לשלם דמ״ש נמוכים במיוחד.",דמי שכירות,דמ״ש.03,דמי שכירות,weak,5,דמי שכירות | דין משמעתי | דרך משל | דמי משלוח | דע מה שתשיב,substituted,yes,wikipedia,שכר דירה,unreviewed,,substitution,wiki_substituted
ha-00835,דמ״ש,"דמ״ש לעצמך הוא ספר שכתב הרב זאב קרוב ומיועד לבני נוער, ועוסק בעיון ביסודות אמונה והשקפה לאור שאלות בדורנו.",דע מה שתשיב,דמ״ש.05,דע מה שתשיב,weak,5,דמי שכירות | דין משמעתי | דרך משל | דמי משלוח | דע מה שתשיב,substituted,yes,wikipedia,דע מה שתשיב לעצמך,unreviewed,,substitution,wiki_substituted
ha-00836,דמ״ש,"דמ״ש לעצמך – הוצאת קורן, 1989 (הספר בקטלוג ULI) (הדפסה נוספת 1995).",דע מה שתשיב,דמ״ש.05,דע מה שתשיב,weak,5,דמי שכירות | דין משמעתי | דרך משל | דמי משלוח | דע מה שתשיב,substituted,yes,wikipedia,זאב קרוב,unreviewed,,substitution,wiki_substituted
ha-00837,דמ״ש,"דמ״ש, אדם הממציא תרופה למחלת הסרטן מתגבר על חוסר האונים של המין האנושי מולה ומפצה על הנחיתות האוניברסלית.",דרך משל,דמ״ש.04,דרך משל,weak,5,דמי שכירות | דין משמעתי | דרך משל | דמי משלוח | דע מה שתשיב,substituted,yes,wikipedia,פסיכולוגיה אינדיבידואלית,unreviewed,,substitution,wiki_substituted
ha-00838,דמ״ש,והעניין על דמ״ש שיהא נזכר באהבת השם תמיד כזיכרון החושק תכלית החשק בחשוקתו היום שישיג להביאה אל ביתו.,דרך משל,דמ״ש.04,דרך משל,weak,5,דמי שכירות | דין משמעתי | דרך משל | דמי משלוח | דע מה שתשיב,substituted,yes,wikipedia,אהבת ה',unreviewed,,substitution,wiki_substituted
ha-00839,דמ״ש,"דמ״ש, אדם יכול להיות בה בעת מתמטיקאי, בעל ואבא.",דרך משל,דמ״ש.04,דרך משל,weak,5,דמי שכירות | דין משמעתי | דרך משל | דמי משלוח | דע מה שתשיב,substituted,yes,wikipedia,זיכרון,unreviewed,,substitution,wiki_substituted
ha-01596,מא״ג,"מא״ג, או בשמו המלא FN MAG 58, הוא מקלע בינוני רב-תכליתי בלגי.",מאג,מא״ג.01,מאג,weak,3,מאג | מדרש אגדה | מקלע אחיד גדודי,substituted,yes,wikipedia,מאג,unreviewed,,substitution,wiki_substituted
ha-01597,מא״ג,"דוגמאות למקלעים כאלה מא״ג, מקלע MG3, מקלע MG5, ומקלע SIG MG 338.",מאג,מא״ג.01,מאג,weak,3,מאג | מדרש אגדה | מקלע אחיד גדודי,substituted,yes,wikipedia,מקלע,unreviewed,,substitution,wiki_substituted
ha-01598,מא״ג,"ברחבי אמריקה מקובל ספל גדול הקרוי ""מא״ג"" (mug), המיועד בעיקר לשתיית קפה נמס.",מאג,מא״ג.01,מאג,weak,3,מאג | מדרש אגדה | מקלע אחיד גדודי,substituted,yes,wikipedia,ספל,unreviewed,,substitution,wiki_substituted
ha-01599,מא״ג,מדרש שמואל על ספר שמואל מדרש שוחר טוב – מא״ג לתהלים.,מדרש אגדה,מא״ג.02,מדרש אגדה,weak,3,מאג | מדרש אגדה | מקלע אחיד גדודי,substituted,yes,wikipedia,אגדה (יהדות),unreviewed,,substitution,wiki_substituted
ha-01600,מא״ג,שמות רבה ידוע גם כמדרש ואלה שמות רבה הוא מא״ג לספר שמות האוגד שני חיבורים נפרדים.,מדרש אגדה,מא״ג.02,מדרש אגדה,weak,3,מאג | מדרש אגדה | מקלע אחיד גדודי,substituted,yes,wikipedia,שמות רבה,unreviewed,,substitution,wiki_substituted
ha-01601,מא״ג,"מדרש תנחומא, המכונה גם מדרש ילמדנו, הוא שם כולל לשלושה קובצי מא״ג.",מדרש אגדה,מא״ג.02,מדרש אגדה,weak,3,מאג | מדרש אגדה | מקלע אחיד גדודי,substituted,yes,wikipedia,מדרש תנחומא,unreviewed,,substitution,wiki_substituted
ha-01476,כ״ז,"כ״ז בעזרת תבניות פעלים ואוצר מילים מסוים המציין את הסטטוס החברתי היחסי של הדובר, המאזין, והאדם המוזכר בשיחה.",כל זאת,כ״ז.01,כל זאת,weak,2,כל זאת | כל זמן,substituted,yes,wikipedia,יפנית,unreviewed,,substitution,wiki_substituted
ha-01477,כ״ז,"כ״ז באמצעות פעילות קהילתית ענפה בתחומי החינוך, התרבות והספורט - ""נפש בריאה בגוף בריא"".",כל זאת,כ״ז.01,כל זאת,weak,2,כל זאת | כל זמן,substituted,yes,wikipedia,מכבי (ספורט),unreviewed,,substitution,wiki_substituted
ha-01478,כ״ז,"עם זאת, בשנים האחרונות יותר זמרי רגאיי שרים שירים על החיים הקשים בגטו, שירים על נשים ושירי זימה, כ״ז בהשפעת ההיפ הופ האמריקאי.",כל זאת,כ״ז.01,כל זאת,weak,2,כל זאת | כל זמן,substituted,yes,wikipedia,רגאיי,unreviewed,,substitution,wiki_substituted
ha-01479,כ״ז,"למשך כ״ז זה, רייבן נלחמה בהשפעתו המזיקה של אביה.",כל זמן,כ״ז.02,כל זמן,weak,2,כל זאת | כל זמן,substituted,yes,wikipedia,רייבן (קומיקס),unreviewed,,substitution,wiki_substituted
ha-01480,כ״ז,"מהתורה החובה להוליד לפחות בן ובת, ומדברי חכמים יש מצווה להמשיך לפרות ולרבות כ״ז שיש בו כוח.",כל זמן,כ״ז.02,כל זמן,weak,2,כל זאת | כל זמן,substituted,yes,wikipedia,פרייה ורבייה,unreviewed,,substitution,wiki_substituted
ha-01481,כ״ז,או שאין לחשוש לכך כ״ז שלא ראינו בעינינו שהן פרשו.,כל זמן,כ״ז.02,כל זמן,weak,2,כל זאת | כל זמן,substituted,yes,wikipedia,קמח,unreviewed,,substitution,wiki_substituted
ha-00086,או״ח,"הכינוי ""או״ח"" משמש במובן הרחב ככינוי להלכות אלו, ובספרות האחרונים משמש הכינוי ""או״ח"" בספרי הלכה ושות""ים, לאותו חלק מהספר המתייחס לנושאי היום יום ומעגל השנה היהודי.",אורח חיים,או״ח.01,אורח חיים,weak,2,אורח חיים | אינטרנט ומידע חיוני,substituted,no,wikipedia,אורח חיים (שולחן ערוך),unreviewed,,substitution,wiki_substituted
ha-00087,או״ח,שערי תשובה – ספרו של רבי חיים מרדכי מרגליות על או״ח.,אורח חיים,או״ח.01,אורח חיים,weak,2,אורח חיים | אינטרנט ומידע חיוני,substituted,no,wikipedia,שולחן ערוך,unreviewed,,substitution,wiki_substituted
ha-00088,או״ח,פירושים חשובים נוספים אשר הודפסו בנפרד מהמובאים לעיל: משנה ברורה – ספרו של החפץ חיים על או״ח.,אורח חיים,או״ח.01,אורח חיים,weak,2,אורח חיים | אינטרנט ומידע חיוני,substituted,no,wikipedia,שולחן ערוך,unreviewed,,substitution,wiki_substituted
ha-00490,בי״מ,בי״מ הוא מקום המשמש לביצוע עבודות תיקון ויצור שונות.,בית מלאכה,בי״מ.01,בית מלאכה,weak,2,בית משפט | בית מלאכה,substituted,yes,wikipedia,בית מלאכה,unreviewed,,substitution,wiki_substituted
ha-00491,בי״מ,"החל מתקופת המהפכה התעשייתית, ""בי״מ"" עשוי להיות חדר, חדרים או בניין המספקים את השטח ואת הכלים (או המכונות) העשויים להידרש לייצור או לתיקון של מוצרים מיוצרים.",בית מלאכה,בי״מ.01,בית מלאכה,weak,2,בית משפט | בית מלאכה,substituted,yes,wikipedia,בית מלאכה,unreviewed,,substitution,wiki_substituted
ha-00492,בי״מ,"ישנם אמנים שקוראים למקום היצירה שלהם בי״מ, סטודיו או אטלייה.",בית מלאכה,בי״מ.01,בית מלאכה,weak,2,בית משפט | בית מלאכה,substituted,yes,wikipedia,בית מלאכה,unreviewed,,substitution,wiki_substituted
ha-00493,בי״מ,בי״מ הוא חלק מהרשות השופטת– מוסד אשר המדינה מעניקה לו סמכות שפיטה כללית.,בית משפט,בי״מ.02,בית משפט,weak,2,בית משפט | בית מלאכה,substituted,yes,wikipedia,בית משפט,unreviewed,,substitution,wiki_substituted
ha-00494,בי״מ,"""בי״מ"" הוא חלק ממערכת בתי המשפט הכללית של המדינה, בעוד ש""בית דין"" דן בעניין מסוים, ובדרך כלל לפי מערכת דינים מיוחדת ושונה ממערכת החוקים הרגילה.",בית משפט,בי״מ.02,בית משפט,weak,2,בית משפט | בית מלאכה,substituted,yes,wikipedia,בית משפט,unreviewed,,substitution,wiki_substituted
ha-00495,בי״מ,בי״מ הוא ערכאה לה נותנת המדינה סמכות שפיטה כללית.,בית משפט,בי״מ.02,בית משפט,weak,2,בית משפט | בית מלאכה,substituted,yes,wikipedia,בתי המשפט בישראל,unreviewed,,substitution,wiki_substituted
ha-00136,אמ״ט,"אדם הנוגע בנבלה (ואינו נושאה) אמ״ט את בגדיו בהם הוא לבוש בשעת הנגיעה, או את הכלים בהם הוא נוגע תוך כדי המגע בנבלה.",אינו מטמא,אמ״ט.01,אינו מטמא,weak,2,אינו מטמא | אזור מוגן טילים,substituted,no,wikipedia,טומאת נבלה,unreviewed,,substitution,wiki_substituted
ha-00137,אמ״ט,"בהלכה היהודית, דם בתולים אמ״ט את האישה מהתורה.",אינו מטמא,אמ״ט.01,אינו מטמא,weak,2,אינו מטמא | אזור מוגן טילים,substituted,no,wikipedia,דם בתולים,unreviewed,,substitution,wiki_substituted
ha-00138,אמ״ט,"ולמרות שדם בתולים אמ״ט, יש לנהוג בו דיני טומאה.",אינו מטמא,אמ״ט.01,אינו מטמא,weak,2,אינו מטמא | אזור מוגן טילים,substituted,no,wikipedia,דם בתולים,unreviewed,,substitution,wiki_substituted
ha-03034,שו״מ,"סדרת תשובותיו בשם ""שו״מ"", המורכבת משישה כרכים עבי כרס, נודעת כחיבור בעל סמכות הלכתית חשובה.",שואל ומשיב,שו״מ.01,שואל ומשיב,weak,2,שואל ומשיב | שלוש קהילות בגרמניה אשר עברו תלאות רבות בימי מסעי הצלב,substituted,no,wikipedia,יוסף שאול נתנזון,unreviewed,,substitution,wiki_substituted
ha-00553,בר״מ,"רבי יצחק בר״מ הלוי מדורא (דירן) שבגרמניה, היה מרבני אשכנז במאה הראשונה לאלף השישי (המאה ה-13 - המאה ה-14).",בן רבי מאיר,בר״מ.01,בן רבי מאיר,weak,3,בן רבי משה | בן רבי מרדכי | בן רבי מאיר,substituted,yes,wikipedia,יצחק מדורא,unreviewed,,substitution,wiki_substituted
ha-00554,בר״מ,"רבי יהודה היה בן לרבי קלונימוס בר״מ ממשפחת קלונימוס, שהיגרה מאיטליה לאשכנז במאה ה-10 ונטלה חלק פעיל בהקמת מרכז התורה באשכנז במשך מאות בשנים.",בן רבי מאיר,בר״מ.01,בן רבי מאיר,weak,3,בן רבי משה | בן רבי מרדכי | בן רבי מאיר,substituted,yes,wikipedia,יהודה בן קלונימוס משפיירא,unreviewed,,substitution,wiki_substituted
ha-00555,בר״מ,נכתב במאה ה-13 על ידי רבי יצחק בר״מ הלוי מהעיר דורא (דירן) שבגרמניה.,בן רבי מאיר,בר״מ.01,בן רבי מאיר,weak,3,בן רבי משה | בן רבי מרדכי | בן רבי מאיר,substituted,yes,wikipedia,שערי דורא,unreviewed,,substitution,wiki_substituted
ha-00556,בר״מ,"רבי יצחק בר״מ, דיין בבית הדין של רגנשבורג.",בן רבי מרדכי,בר״מ.02,בן רבי מרדכי,weak,3,בן רבי משה | בן רבי מרדכי | בן רבי מאיר,substituted,yes,wikipedia,יצחק בן אשר הלוי,unreviewed,,substitution,wiki_substituted
ha-00557,בר״מ,"רבותיו היו: דודו, רבי אברהם בן שמואל (אחיו של רבי יהודה החסיד), רבי אפרים מרגנשבורג, וכנראה גם רבי שמריה בר״מ.",בן רבי מרדכי,בר״מ.02,בן רבי מרדכי,weak,3,בן רבי משה | בן רבי מרדכי | בן רבי מאיר,substituted,yes,wikipedia,יהודה בן קלונימוס משפיירא,unreviewed,,substitution,wiki_substituted
ha-00558,בר״מ,"חתנו היה קרובו, רבי ראובן (בר״מ דוד) הרב הצעיר מאולינוב.",בן רבי מרדכי,בר״מ.02,בן רבי מרדכי,weak,3,בן רבי משה | בן רבי מרדכי | בן רבי מאיר,substituted,yes,wikipedia,חסידות בארנוב,unreviewed,,substitution,wiki_substituted
ha-00559,בר״מ,"חתניו: רבי ירחמיאל בר״מ יוסף מאויהל, ובזיווג שני רבי יצחק ישעיה מטשכויב; רבי יקותיאל שמואל שמעלקע ערבליך, נינו של רבי משה לייב מסאסוב.",בן רבי משה,בר״מ.03,בן רבי משה,weak,3,בן רבי משה | בן רבי מרדכי | בן רבי מאיר,substituted,yes,wikipedia,חסידות פוריסוב,unreviewed,,substitution,wiki_substituted
ha-00560,בר״מ,";בקאלושין כיהן תלמידו של רבי מאיר שלום, רבי אלעזר אלתר אליקים בריעה בידרמן (בן רבי דוד יוסף בן רבי שלמה יחיאל בר״מ מלעלוב).",בן רבי משה,בר״מ.03,בן רבי משה,weak,3,בן רבי משה | בן רבי מרדכי | בן רבי מאיר,substituted,yes,wikipedia,חסידות פוריסוב,unreviewed,,substitution,wiki_substituted
ha-00561,בר״מ,"חתנו של רבי אשר אלימלך, רבי נחום שלמה פרלוב (בר״מ מסטולין) מילא את מקום חמיו עד הירצחו בשואה.",בן רבי משה,בר״מ.03,בן רבי משה,weak,3,בן רבי משה | בן רבי מרדכי | בן רבי מאיר,substituted,yes,wikipedia,חסידות קוז'ניץ,unreviewed,,substitution,wiki_substituted
ha-00712,ב״ש,"ב״ש היא עיר במחוז הדרום המשמשת בירת המחוז (ולעיתים מכונה ""בירת הנגב"").",באר שבע,ב״ש.01,באר שבע,weak,5,באר שבע | בית שאן | בית שמש | בית שמאי | ברוך שמו,substituted,yes,wikipedia,באר שבע,unreviewed,,substitution,wiki_substituted
ha-00713,ב״ש,"שטח השיפוט של ב״ש הוא 117,500 דונם, ובשטח השיפוט היא הרביעית בגודלה בישראל והשלישית במחוז הדרום, אחרי דימונה וערד.",באר שבע,ב״ש.01,באר שבע,weak,5,באר שבע | בית שאן | בית שמש | בית שמאי | ברוך שמו,substituted,yes,wikipedia,באר שבע,unreviewed,,substitution,wiki_substituted
ha-00714,ב״ש,"העיר שוכנת בצפון הנגב, בקצה המערבי של בקעת ב״ש.",באר שבע,ב״ש.01,באר שבע,weak,5,באר שבע | בית שאן | בית שמש | בית שמאי | ברוך שמו,substituted,yes,wikipedia,באר שבע,unreviewed,,substitution,wiki_substituted
ha-00715,ב״ש,"בֵּית שְׁאָן היא עיר במחוז הצפון בישראל, בעמק ב״ש, מזרחית לעמק יזרעאל, ממוקמת על כביש 90, כ־25 קילומטרים דרומית לכנרת.",בית שאן,ב״ש.02,בית שאן,weak,5,באר שבע | בית שאן | בית שמש | בית שמאי | ברוך שמו,substituted,yes,wikipedia,בית שאן,unreviewed,,substitution,wiki_substituted
ha-00716,ב״ש,ב״ש היא אחת הערים העתיקות ביותר בארץ ישראל.,בית שאן,ב״ש.02,בית שאן,weak,5,באר שבע | בית שאן | בית שמש | בית שמאי | ברוך שמו,substituted,yes,wikipedia,בית שאן,unreviewed,,substitution,wiki_substituted
ha-00717,ב״ש,בתל ב״ש נתגלו ממצאים החל מהתקופה הכלקוליתית.,בית שאן,ב״ש.02,בית שאן,weak,5,באר שבע | בית שאן | בית שמש | בית שמאי | ברוך שמו,substituted,yes,wikipedia,בית שאן,unreviewed,,substitution,wiki_substituted
ha-00718,ב״ש,"מרבית המחלוקות בין בית הלל לבין ב״ש הן האם לגזור גזרות חכמים מחמירות על העם (דעתם של ב״ש) או גזרות מקלות יותר, אם בכלל (דעתם של בית הלל).",בית שמאי,ב״ש.03,בית שמאי,weak,5,באר שבע | בית שאן | בית שמש | בית שמאי | ברוך שמו,substituted,yes,wikipedia,בית הלל ובית שמאי,unreviewed,,substitution,wiki_substituted
ha-00719,ב״ש,"ככלל, דברי ב״ש תובעים החמרה במצוות יותר מאשר בית הלל, אך ישנם חריגים לכלל זה.",בית שמאי,ב״ש.03,בית שמאי,weak,5,באר שבע | בית שאן | בית שמש | בית שמאי | ברוך שמו,substituted,yes,wikipedia,בית הלל ובית שמאי,unreviewed,,substitution,wiki_substituted
ha-00720,ב״ש,במסכת עדיות רוכזו כל המקרים היוצאים מהכלל שבהם ב״ש דווקא מקלים לעומת בית הלל שמחמירים.,בית שמאי,ב״ש.03,בית שמאי,weak,5,באר שבע | בית שאן | בית שמש | בית שמאי | ברוך שמו,substituted,yes,wikipedia,בית הלל ובית שמאי,unreviewed,,substitution,wiki_substituted
ha-00721,ב״ש,"ב״ש היא עיר במחוז ירושלים שבישראל, אשר הוקמה בראשית שנות החמישים כמעברה והוכרזה כעיר ב־25 ביוני 1991.",בית שמש,ב״ש.04,בית שמש,weak,5,באר שבע | בית שאן | בית שמש | בית שמאי | ברוך שמו,substituted,yes,wikipedia,בית שמש,unreviewed,,substitution,wiki_substituted
ha-00722,ב״ש,"ב״ש נמצאת במרכז הגאוגרפי של מדינת ישראל, בין גוש דן (מטרופולין תל אביב) ובין מטרופולין ירושלים – בין הרי ירושלים לשפלת יהודה.",בית שמש,ב״ש.04,בית שמש,weak,5,באר שבע | בית שאן | בית שמש | בית שמאי | ברוך שמו,substituted,yes,wikipedia,בית שמש,unreviewed,,substitution,wiki_substituted
ha-00723,ב״ש,"בשנת 1953 שונה שמה של ""מעברת הר־טוב"" לשם ""ב״ש"".",בית שמש,ב״ש.04,בית שמש,weak,5,באר שבע | בית שאן | בית שמש | בית שמאי | ברוך שמו,substituted,yes,wikipedia,בית שמש,unreviewed,,substitution,wiki_substituted
ha-00454,בד״מ,הקמת האינקוויזיציה הספרדית: בד״מ שנועד לדכא כפירה ואפיקורסות.,בית דין מיוחד,בד״מ.01,בית דין מיוחד,weak,2,בית דין מיוחד | בית דין משמעתי,substituted,yes,wikipedia,"איזבלה הראשונה, מלכת קסטיליה",unreviewed,,substitution,wiki_substituted
ha-00455,בד״מ,"בד״מ שהוקם לצורך העניין, ובו נציגים משלושת בתי הדין החרדיים החשובים ביותר, פסק כי ""שומר נפשו ירחק ממנו"".",בית דין מיוחד,בד״מ.01,בית דין מיוחד,weak,2,בית דין מיוחד | בית דין משמעתי,substituted,yes,wikipedia,אליעזר ברלנד,unreviewed,,substitution,wiki_substituted
ha-00456,בד״מ,ביוני 2019 החל לפעול בד״מ ובו דיינים משלושת בתי הדין החרדיים הבולטים בישראל כדי לפסוק את דינו של ברלנד.,בית דין מיוחד,בד״מ.01,בית דין מיוחד,weak,2,בית דין מיוחד | בית דין משמעתי,substituted,yes,wikipedia,אליעזר ברלנד,unreviewed,,substitution,wiki_substituted
ha-00457,בד״מ,חוק הדיינים מורה על הקמת בד״מ לדיינים בבתי הדין הרבניים.,בית דין משמעתי,בד״מ.02,בית דין משמעתי,weak,2,בית דין מיוחד | בית דין משמעתי,substituted,yes,wikipedia,דין משמעתי,unreviewed,,substitution,wiki_substituted
ha-00458,בד״מ,"על פסיקה של בד״מ מחוזי קיימת רשות ערעור לבית הדין המשמעתי הארצי, שעל פסיקתו ניתן לערעור בזכות לבית המשפט המחוזי בירושלים.",בית דין משמעתי,בד״מ.02,בית דין משמעתי,weak,2,בית דין מיוחד | בית דין משמעתי,substituted,yes,wikipedia,דין משמעתי,unreviewed,,substitution,wiki_substituted
ha-00459,בד״מ,"בד״מ רשאי להטיל על נאשם שהורשע בעבירת משמעת את העונשים הבאים: אזהרה, נזיפה, קנס (עד סך של 25,000 שקלים כנגד כל עבירה), השעיה מן הלשכה והוצאה מן הלשכה (כלומר, שלילת רישיון לעסוק בעריכת דין).",בית דין משמעתי,בד״מ.02,בית דין משמעתי,weak,2,בית דין מיוחד | בית דין משמעתי,substituted,yes,wikipedia,לשכת עורכי הדין בישראל,unreviewed,,substitution,wiki_substituted
ha-02727,קצא״א,"ב-2014, לאחר קצא״א, ניהלה שורקי מבצע לגיוס מתנדבים לשיקום השמורה.",דליפת הנפט בשמורת עברונה,קצא״א.03,דליפת הנפט בשמורת עברונה,weak,3,קו צינור אילת-אשקלון | דליפת הנפט בשמורת עברונה | חברת קו צינור אירופה אסיה,substituted,yes,wikipedia,רעיה שורקי,unreviewed,,substitution,wiki_substituted
ha-02728,קצא״א,"הנמל הופעל משנת 1970, ועד 2019 על ידי חברת קו צינור אילת אשקלון ומאז על ידי ממשיכתה - ""קצא״א"".",חברת קו צינור אירופה אסיה,קצא״א.02,חברת קו צינור אירופה אסיה,weak,3,קו צינור אילת-אשקלון | דליפת הנפט בשמורת עברונה | חברת קו צינור אירופה אסיה,substituted,yes,wikipedia,"נמל אשקלון - קצא""א",unreviewed,,substitution,wiki_substituted
ha-02729,קצא״א,הקו הופעל על ידי חברת קו צינור אילת אשקלון וכיום מופעל על ידי קצא״א.,חברת קו צינור אירופה אסיה,קצא״א.02,חברת קו צינור אירופה אסיה,weak,3,קו צינור אילת-אשקלון | דליפת הנפט בשמורת עברונה | חברת קו צינור אירופה אסיה,substituted,yes,wikipedia,קו צינור אילת-אשקלון,unreviewed,,substitution,wiki_substituted
ha-02733,קצא״א,בשנת 2017 עבר תפעול הקו מחברת קצא״א לחברת קו צינור אירופה אסיה.,קו צינור אילת-אשקלון,קצא״א.01,קו צינור אילת-אשקלון,weak,3,קו צינור אילת-אשקלון | דליפת הנפט בשמורת עברונה | חברת קו צינור אירופה אסיה,substituted,yes,wikipedia,קו צינור אילת-אשקלון,unreviewed,,substitution,wiki_substituted
ha-02734,קצא״א,"כמו כן, הוקם קצא״א שהזרים את הדלק הגולמי שהגיע לאילת אל הים התיכון, ומשם למדינות שונות.",קו צינור אילת-אשקלון,קצא״א.01,קו צינור אילת-אשקלון,weak,3,קו צינור אילת-אשקלון | דליפת הנפט בשמורת עברונה | חברת קו צינור אירופה אסיה,substituted,yes,wikipedia,חברת קו צינור אילת אשקלון,unreviewed,,substitution,wiki_substituted
ha-02735,קצא״א,"בדצמבר 1969 הסתיימה בניית קצא״א וכן נמלי הדלק באילת ובאשקלון, והחל השימוש בקו להזרמת נפט איראני לאירופה.",קו צינור אילת-אשקלון,קצא״א.01,קו צינור אילת-אשקלון,weak,3,קו צינור אילת-אשקלון | דליפת הנפט בשמורת עברונה | חברת קו צינור אירופה אסיה,substituted,yes,wikipedia,חברת קו צינור אילת אשקלון,unreviewed,,substitution,wiki_substituted
ha-00895,ד״ל,"את סיפורו, ""נתן בן נתן"" חתם מיכה יוסף ברדיצ'בסקי במשפט: ""הקורא בוודאי יבין את סוף פסוק של אותו מכתב, ד״ל...",ודי לחכימא,ד״ל.01,ודי לחכימא,weak,2,ודי לחכימא | ודי למבין,substituted,no,wikipedia,די לחכימא ברמיזא,unreviewed,,substitution,wiki_substituted
ha-00896,ד״ל,"ד״ל."" בין אם סיפוריו הם עדות לדו-קיום מוצלח או לא, הם בהחלט מציירים תמונה ייחודית של אוכלוסייה מסוימת מתקופת היישוב שאין כמותה בספרות העברית.",ודי לחכימא,ד״ל.01,ודי לחכימא,weak,2,ודי לחכימא | ודי למבין,substituted,no,wikipedia,יצחק שמי,unreviewed,,substitution,wiki_substituted
ha-03007,ר״ש,"ר״ש מתואר בתלמוד כ""מלומד בנסים"", וחכמי דורו שלחו אותו למשימות קשות למען עם ישראל.",רבי שמעון,ר״ש.01,רבי שמעון,weak,2,רבי שמעון | רפואה שלמה,substituted,yes,wikipedia,רבי שמעון בר יוחאי,unreviewed,,substitution,wiki_substituted
ha-03008,ר״ש,"כן מתוארת השתתפותו בכינוס מצומצם של ""שבעה זקינים"" (רבי מאיר, רבי יהודה, רבי יוסי, ר״ש, רבי נחמיה, רבי אליעזר בן יעקב ורבי יוחנן הסנדלר), שהתרחש בבקעת רימון בנושא עיבור השנה.",רבי שמעון,ר״ש.01,רבי שמעון,weak,2,רבי שמעון | רפואה שלמה,substituted,yes,wikipedia,רבי שמעון בר יוחאי,unreviewed,,substitution,wiki_substituted
ha-03009,ר״ש,אחד הסיפורים הידועים ביותר על ר״ש עוסק בהסתתרותו במערה עם בנו בתקופת השלטון הרומי.,רבי שמעון,ר״ש.01,רבי שמעון,weak,2,רבי שמעון | רפואה שלמה,substituted,yes,wikipedia,רבי שמעון בר יוחאי,unreviewed,,substitution,wiki_substituted
ha-03010,ר״ש,"לפעמים הברכה היא ספציפית וממוקדת בצרכי המתברך, כמו: ""בהצלחה במבחן"", ""בקרוב אצלכם"" (נאמר למשל בחתונות לרווקים ובאירועי ברית מילה לזוגות שאינם הורים או המצפים ללידה), ""ר״ש"" וכיוצא בזה.",רפואה שלמה,ר״ש.02,רפואה שלמה,weak,2,רבי שמעון | רפואה שלמה,substituted,yes,wikipedia,ברכה (נימוס),unreviewed,,substitution,wiki_substituted
ha-03011,ר״ש,"יהי רצון מלפניך שתרפאני ר״ש, ואם אמות תהא מיתתי כפרה על כל עונות וחטאים ופשעים שחטאתי ושעויתי ושפשעתי לפניך.",רפואה שלמה,ר״ש.02,רפואה שלמה,weak,2,רבי שמעון | רפואה שלמה,substituted,yes,wikipedia,שכיב מרע,unreviewed,,substitution,wiki_substituted
ha-03012,ר״ש,הגבס מלא לרוב באיחולי ר״ש מחברים ובני משפחה בתוספת אימרות כנף ושירבוטים.,רפואה שלמה,ר״ש.02,רפואה שלמה,weak,2,רבי שמעון | רפואה שלמה,substituted,yes,wikipedia,תחבושת גבס,unreviewed,,substitution,wiki_substituted
ha-01046,ה״ש,"את רשימת המועמדים הוביל הסרט ""ה״ש"" עם 13 מועמדויות, אחריו הסרט ""בוקר טוב אדון פידלמן"" עם 11 מועמדויות.",הערת שוליים,ה״ש.01,הערת שוליים,weak,2,הערת שוליים | הוראת שינוי,substituted,no,wikipedia,טקס פרסי אופיר לשנת 2011,unreviewed,,substitution,wiki_substituted
ha-01047,ה״ש,"""ה״ש"" (הופץ בעולם בשם: Footnote) הוא סרט דרמה ישראלי על פי תסריט של יוסף סידר ובבימויו, בכיכובם של ליאור אשכנזי ושלמה בראבא.",הערת שוליים,ה״ש.01,הערת שוליים,weak,2,הערת שוליים | הוראת שינוי,substituted,no,wikipedia,הערת שוליים (סרט),unreviewed,,substitution,wiki_substituted
ha-01048,ה״ש,"בשנת 2022 יצא הסרט ""מאסטרו"", שהוא עיבוד צרפתי לסרט ""ה״ש"".",הערת שוליים,ה״ש.01,הערת שוליים,weak,2,הערת שוליים | הוראת שינוי,substituted,no,wikipedia,הערת שוליים (סרט),unreviewed,,substitution,wiki_substituted
ha-00428,בב״ד,"בב״ד היא מכלול הצעדים הננקטים לשם מניעת תאונות דרכים, למזעור מספר הנפגעים והפחתת חומרת הפגיעות השונות בתאונות אלו.",בטיחות בדרכים,בב״ד.01,בטיחות בדרכים,weak,2,בפני בית דין | בטיחות בדרכים,substituted,yes,wikipedia,בטיחות בדרכים,unreviewed,,substitution,wiki_substituted
ha-00429,בב״ד,"לכן, מודל יעיל של ניהול בב״ד מתמקד בגישה מערכתית: תיאום בין בעלי העניין לצורך שיפור מרכיבי מערכת התחבורה באופן שיפחית את הסיכוי לתאונה, ואם תתרחש כזו עוצמתה לא תוביל להיפגעות חמורה.",בטיחות בדרכים,בב״ד.01,בטיחות בדרכים,weak,2,בפני בית דין | בטיחות בדרכים,substituted,yes,wikipedia,בטיחות בדרכים,unreviewed,,substitution,wiki_substituted
ha-00430,בב״ד,"בשנת 2012 הושג היעד הכמותי שהוצב בתוכנית ומספר ההרוגים בתאונות דרכים באותה שנה היה נמוך מ-300, כאשר גם ביתר המדדים של בב״ד ובהשוואות בינלאומיות מצבה של ישראל השתפר.",בטיחות בדרכים,בב״ד.01,בטיחות בדרכים,weak,2,בפני בית דין | בטיחות בדרכים,substituted,yes,wikipedia,בטיחות בדרכים,unreviewed,,substitution,wiki_substituted
ha-00431,בב״ד,לאחר המלחמה הועמדו לדין חלק ממנהלי המפעל שייצר את ציקלון בה בב״ד צבאי אמריקאי בנירנברג וכמה מהם נידונו לתקופות מאסר על חלקם בתהליך ההשמדה.,בפני בית דין,בב״ד.02,בפני בית דין,weak,2,בפני בית דין | בטיחות בדרכים,substituted,yes,wikipedia,ציקלון בה,unreviewed,,substitution,wiki_substituted
ha-00432,בב״ד,"לאחר מלחמת העולם השנייה נלכדו מיכאילוביץ' ואנשיו, הועמדו למשפט בב״ד ממלכתי, ורובם הוצאו להורג.",בפני בית דין,בב״ד.02,בפני בית דין,weak,2,בפני בית דין | בטיחות בדרכים,substituted,yes,wikipedia,צ'טניקים,unreviewed,,substitution,wiki_substituted
ha-00433,בב״ד,"משפט הרופאים בגרמניה הוא משפט בו הועמדו לדין בב״ד צבאי של ארצות הברית 23 פושעי מלחמה נאציים, שביצעו ניסויים רפואיים בגופם של אסירים ואשר היה חלק מסדרת משפטי נירנברג הנוספים.",בפני בית דין,בב״ד.02,בפני בית דין,weak,2,בפני בית דין | בטיחות בדרכים,substituted,yes,wikipedia,משפט הרופאים בגרמניה,unreviewed,,substitution,wiki_substituted
ha-02679,קב״ר,"מקטע T71, רינתיה-טירת יהודה, קב״ר חברת ""יואל וגילי עזריה"" – הנחת מסילה נוספת.",קבלן ראשי,קב״ר.01,קבלן ראשי,weak,2,קבלן ראשי | קצין בינה רשתית,substituted,yes,wikipedia,המסילה המזרחית החדשה,unreviewed,,substitution,wiki_substituted
ha-02680,קב״ר,"מקטעים T72-T73, טירת יהודה-בני עטרות, קב״ר חברת ""קן התור"" – הנחת מסילה נוספת.",קבלן ראשי,קב״ר.01,קבלן ראשי,weak,2,קבלן ראשי | קצין בינה רשתית,substituted,yes,wikipedia,המסילה המזרחית החדשה,unreviewed,,substitution,wiki_substituted
ha-02681,קב״ר,נפסק כי קב״ר וקבלן משנה חייבים בחובה כללית להבטחת שלומו וביטחונו של כל אדם שהם צופים ו/או צריכים לצפות שהוא עשוי להיות מושפע מהמתרחש בשטח.,קבלן ראשי,קב״ר.01,קבלן ראשי,weak,2,קבלן ראשי | קצין בינה רשתית,substituted,yes,wikipedia,אחריות מעסיק קבלן (בעל חוזה),unreviewed,,substitution,wiki_substituted
ha-02682,קב״ר,היה קב״ר של האמצעים המיוחדים בתקופה שקדמה למלחמת יום הכיפורים.,קצין בינה רשתית,קב״ר.02,קצין בינה רשתית,weak,2,קבלן ראשי | קצין בינה רשתית,substituted,yes,wikipedia,ספי בן-יוסף,unreviewed,,substitution,wiki_substituted
ha-02683,קב״ר,"עם השבויים נמנה עמוס לוינברג, קב״ר במודיעין אשר כונה בפי הסורים ""הפרופסור היהודי"" בשל הידיעות הרבות שמסר בשבי.",קצין בינה רשתית,קב״ר.02,קצין בינה רשתית,weak,2,קבלן ראשי | קצין בינה רשתית,substituted,yes,wikipedia,מוצב החרמון,unreviewed,,substitution,wiki_substituted
ha-02009,מ״ד,"ההרחבה למושג זה נמצאת כבר במסכת ערכין, שם נכתב: ”אמר ריש לקיש: מ״ד 'זאת תהיה תורת המצורע'?",מאי דכתיב,מ״ד.03,מאי דכתיב,weak,3,מאי דכתיב | מאן דאמר | מהו דתימא,substituted,yes,wikipedia,הוצאת שם רע,unreviewed,,substitution,wiki_substituted
ha-02010,מ״ד,"ולא פליגי מ״ד ששים רבוא, לכל עדר ועדר חד כלב.",מאן דאמר,מ״ד.01,מאן דאמר,weak,3,מאי דכתיב | מאן דאמר | מהו דתימא,substituted,yes,wikipedia,כלב הבית,unreviewed,,substitution,wiki_substituted
ha-02011,מ״ד,"מ״ד מאה ועשרים רבוא, לכל עדר תרין כלבין"".",מאן דאמר,מ״ד.01,מאן דאמר,weak,3,מאי דכתיב | מאן דאמר | מהו דתימא,substituted,yes,wikipedia,כלב הבית,unreviewed,,substitution,wiki_substituted
ha-02012,מ״ד,"כשחברת מטריקס הקימה שלוחה בעירו הוא הורה שלא לתת משכורות גבוהות לנשים כדי: ""הסתפקות במועט וכדי שהבעל יישאר מ״ד בבית"".",מאן דאמר,מ״ד.01,מאן דאמר,weak,3,מאי דכתיב | מאן דאמר | מהו דתימא,substituted,yes,wikipedia,מאיר קסלר,unreviewed,,substitution,wiki_substituted
ha-02013,מ״ד,"התירוץ יופיע לרוב במבנה ""צריכא, מ״ד [...סברא מסוימת...] קא משמע לן [...סברא אחרת...]"", כלומר: יש חידוש בדברים, כיון שהיה ניתן להעלות סברא השוללת את ההיגד, ולכן הוצרך החכם להשמיע את דבריו.",מהו דתימא,מ״ד.02,מהו דתימא,weak,3,מאי דכתיב | מאן דאמר | מהו דתימא,substituted,yes,wikipedia,פשיטא,unreviewed,,substitution,wiki_substituted
ha-02014,מ״ד,מ״ד הואיל ועקר עקר (-שמכיוון שעקר הוא מביתו התבטלה שביתתו) קא משמע לן.,מהו דתימא,מ״ד.02,מהו דתימא,weak,3,מאי דכתיב | מאן דאמר | מהו דתימא,substituted,yes,wikipedia,הבלעת תחומין,unreviewed,,substitution,wiki_substituted
ha-02279,סד״פ,"היא מבצעת סד״פ מספר פעמים, לפי הקוד אותו היא משמשת.",סדר פעולות,סד״פ.01,סדר פעולות,weak,2,סדר דין פלילי | סדר פעולות,substituted,no,wikipedia,לולאה (תכנות),unreviewed,,substitution,wiki_substituted
ha-02280,סד״פ,סנכרון תהליכים מתייחס לרעיון שלמספר תהליכים קיימת נקודה משותפת בה הם חוברים יחדיו או נפגשים כדי ליישם סד״פ מסוים.,סדר פעולות,סד״פ.01,סדר פעולות,weak,2,סדר דין פלילי | סדר פעולות,substituted,no,wikipedia,סנכרון (מדעי המחשב),unreviewed,,substitution,wiki_substituted
ha-02281,סד״פ,"מכאן נובע שסיפור אינו סד״פ המתרחשות בעולם, אלא פעולות בעולם מיוצג.",סדר פעולות,סד״פ.01,סדר פעולות,weak,2,סדר דין פלילי | סדר פעולות,substituted,no,wikipedia,נרטולוגיה,unreviewed,,substitution,wiki_substituted
ha-02959,ר״י,"מנערותו למד מפי רבי שמעון בר יוחאי, ר״י בר אילעאי, רבי אלעזר בן שמוע, וכן מפי אביו, רבן שמעון בן גמליאל.",רבי יהודה,ר״י.01,רבי יהודה,weak,6,רבי יצחק | רבי יהודה | רבי יהושע | רבי יוחנן | רבי יוסי | רבי יודן,substituted,yes,wikipedia,רבי יהודה הנשיא,unreviewed,,substitution,wiki_substituted
ha-02960,ר״י,ר״י חי בטבריה ובציפורי (בה נפטר כנראה בסביבות שנת 220) ונקבר בבית שערים.,רבי יהודה,ר״י.01,רבי יהודה,weak,6,רבי יצחק | רבי יהודה | רבי יהושע | רבי יוחנן | רבי יוסי | רבי יודן,substituted,yes,wikipedia,רבי יהודה הנשיא,unreviewed,,substitution,wiki_substituted
ha-02961,ר״י,"מסורות מימי הגאונים ממשיכות קו זה ומציינות את רבי כבנו בכורו של רבן שמעון בן גמליאל וכמי שלמד אצל חכמי הדור של אביו, בהם ר״י, רבי מאיר ורבי אלעזר בן שמוע.",רבי יהודה,ר״י.01,רבי יהודה,weak,6,רבי יצחק | רבי יהודה | רבי יהושע | רבי יוחנן | רבי יוסי | רבי יודן,substituted,yes,wikipedia,רבי יהודה הנשיא,unreviewed,,substitution,wiki_substituted
ha-02962,ר״י,"ר״י שימש כאב בית דין, והוא נחלק רבות עם נשיא הסנהדרין רבן גמליאל, עם חברו רבי אליעזר, ועם תלמידו רבי עקיבא.",רבי יהושע,ר״י.02,רבי יהושע,weak,6,רבי יצחק | רבי יהודה | רבי יהושע | רבי יוחנן | רבי יוסי | רבי יודן,substituted,yes,wikipedia,רבי יהושע בן חנניה,unreviewed,,substitution,wiki_substituted
ha-02963,ר״י,"אם ישמעאל זה הוא רבי ישמעאל בן אלישע כהן גדול, אזי ר״י היה כבר בעל מעמד של פעיל ציבורי, לפחות כעשרים שנה לפני החורבן.",רבי יהושע,ר״י.02,רבי יהושע,weak,6,רבי יצחק | רבי יהודה | רבי יהושע | רבי יוחנן | רבי יוסי | רבי יודן,substituted,yes,wikipedia,רבי יהושע בן חנניה,unreviewed,,substitution,wiki_substituted
ha-02964,ר״י,"מסופר כי ר״י ניסה להחזיר את החיים לתלם, ניחם את היהודים, והדריך אנשים לא להתאבל יותר מדי על החורבן.",רבי יהושע,ר״י.02,רבי יהושע,weak,6,רבי יצחק | רבי יהודה | רבי יהושע | רבי יוחנן | רבי יוסי | רבי יודן,substituted,yes,wikipedia,רבי יהושע בן חנניה,unreviewed,,substitution,wiki_substituted
ha-02965,ר״י,"יש שקשרו[דרוש מקור][מפני ש...] את ר״י ב""יודן בן ישמעאל"" המוזכר בכתובת ארמית שנמצאה על כיסא בבית הכנסת בכורזים:”זכור לטוב יודן בן ישמעאל, שעשה את העמודים ואת המדרגות מכספו, יהיה חלקו עם צדיקים”.",רבי יודן,ר״י.03,רבי יודן,weak,6,רבי יצחק | רבי יהודה | רבי יהושע | רבי יוחנן | רבי יוסי | רבי יודן,substituted,yes,wikipedia,יודן בן ישמעאל,unreviewed,,substitution,wiki_substituted
ha-02966,ר״י,"בנו של האמורא ר״י, חבירו של רבי אבא מרי ושל רבי אלעזר ברבי יוסי.",רבי יודן,ר״י.03,רבי יודן,weak,6,רבי יצחק | רבי יהודה | רבי יהושע | רבי יוחנן | רבי יוסי | רבי יודן,substituted,yes,wikipedia,רבי מתניא,unreviewed,,substitution,wiki_substituted
ha-02967,ר״י,"רבי יהודה בן גרים (""יהודה בן גריס"", או ""ר״י בר גיורי"") היה חכם (או תנא) בן הדור החמישי לתנאים, מתלמידי רבי שמעון בן יוחי.",רבי יודן,ר״י.03,רבי יודן,weak,6,רבי יצחק | רבי יהודה | רבי יהושע | רבי יוחנן | רבי יוסי | רבי יודן,substituted,yes,wikipedia,יהודה בן גרים,unreviewed,,substitution,wiki_substituted
ha-02968,ר״י,תרומתו של ר״י למפעל התלמוד הירושלמי היא גולת הכותרת של חייו.,רבי יוחנן,ר״י.04,רבי יוחנן,weak,6,רבי יצחק | רבי יהודה | רבי יהושע | רבי יוחנן | רבי יוסי | רבי יודן,substituted,yes,wikipedia,רבי יוחנן,unreviewed,,substitution,wiki_substituted
ha-02969,ר״י,"ר״י זכה לאריכות ימים, ועם תלמידיו נמנים אף גדולי האמוראים בדור הרביעי.",רבי יוחנן,ר״י.04,רבי יוחנן,weak,6,רבי יצחק | רבי יהודה | רבי יהושע | רבי יוחנן | רבי יוסי | רבי יודן,substituted,yes,wikipedia,רבי יוחנן,unreviewed,,substitution,wiki_substituted
ha-02970,ר״י,"ר״י עצמו, כשגדל ללא אב ואם, התנחם ואמר שהוא שמח בכך שהוא יודע לבטח שלא עבר על איסורי כיבוד אב ואם שקשה מאוד לעמוד בהם.",רבי יוחנן,ר״י.04,רבי יוחנן,weak,6,רבי יצחק | רבי יהודה | רבי יהושע | רבי יוחנן | רבי יוסי | רבי יודן,substituted,yes,wikipedia,רבי יוחנן,unreviewed,,substitution,wiki_substituted
ha-02971,ר״י,"עם התנאים הבולטים נמנים רבן יוחנן בן זכאי, רבי אליעזר הגדול, רבי יהושע, רבן גמליאל, רבי טרפון, רבי עקיבה, ר״י הגלילי, ר״י, רבי יהודה, רבי מאיר, רבי שמעון ורבי יהודה הנשיא - עורך המשנה.",רבי יוסי,ר״י.05,רבי יוסי,weak,6,רבי יצחק | רבי יהודה | רבי יהושע | רבי יוחנן | רבי יוסי | רבי יודן,substituted,yes,wikipedia,"חז""ל",unreviewed,,substitution,wiki_substituted
ha-02972,ר״י,רוב מאמריו של ר״י עוסקים באגדה ורובם נמסרו על ידי תלמידו רבי אלעזר בן פדת.,רבי יוסי,ר״י.05,רבי יוסי,weak,6,רבי יצחק | רבי יהודה | רבי יהושע | רבי יוחנן | רבי יוסי | רבי יודן,substituted,yes,wikipedia,רבי יוסי בן זמרה,unreviewed,,substitution,wiki_substituted
ha-02973,ר״י,"כ-1000 שנים אחר פטירתו, בין השנים 1153–1187 יעקב בן נתנאל הכהן תיאר את מקום קבורתו של ר״י עם אביו חלפתא הנמצא כיום בכפר חנניה.",רבי יוסי,ר״י.05,רבי יוסי,weak,6,רבי יצחק | רבי יהודה | רבי יהושע | רבי יוחנן | רבי יוסי | רבי יודן,substituted,yes,wikipedia,רבי יוסי,unreviewed,,substitution,wiki_substituted
ha-02974,ר״י,"ר״י הוא אמורא ארצישראלי מן הדור השלישי לאמוראים, שירד מספר פעמים לבבל ומוזכר פעמים רבות בתלמוד בבלי.",רבי יצחק,ר״י.06,רבי יצחק,weak,6,רבי יצחק | רבי יהודה | רבי יהושע | רבי יוחנן | רבי יוסי | רבי יודן,substituted,yes,wikipedia,רבי יצחק,unreviewed,,substitution,wiki_substituted
ha-02975,ר״י,"ר״י זה היה חבירו של רב נחמן, ולפי השערת רבנו יהודה בן קלונימוס משפיירא היה תלמידו של רבי יוחנן.",רבי יצחק,ר״י.06,רבי יצחק,weak,6,רבי יצחק | רבי יהודה | רבי יהושע | רבי יוחנן | רבי יוסי | רבי יודן,substituted,yes,wikipedia,רבי יצחק,unreviewed,,substitution,wiki_substituted
ha-02976,ר״י,ר״י אחר המוזכר בתלמוד היה תלמידו של רבי חייא.,רבי יצחק,ר״י.06,רבי יצחק,weak,6,רבי יצחק | רבי יהודה | רבי יהושע | רבי יוחנן | רבי יוסי | רבי יודן,substituted,yes,wikipedia,רבי יצחק,unreviewed,,substitution,wiki_substituted
ha-02668,קא״ם,קא״ם שנמשך כשלושה חודשים ובמסגרתו מבצעים בוגרי קורס מפעיל הכשרה מבצעית לפני הגעתם לטייסות.,קורס אימון מבצעי,קא״ם.02,קורס אימון מבצעי,weak,3,קורס אימון מבצעי | קורס אימון מתקדם | קצין אקדמאי מיוחד,substituted,yes,wikipedia,"בית הספר למפעילי כטמ""ם",unreviewed,,substitution,wiki_substituted
ha-02669,קא״ם,"הוא עבר קא״ם ושירת בטייסת 110, טייסת מטוסי סקייהוק בבסיס רמת דוד.",קורס אימון מבצעי,קא״ם.02,קורס אימון מבצעי,weak,3,קורס אימון מבצעי | קורס אימון מתקדם | קצין אקדמאי מיוחד,substituted,yes,wikipedia,משה כהן (טייס),unreviewed,,substitution,wiki_substituted
ha-02670,קא״ם,בינואר 1996 נפתח קורס מכונאים מוטסים מספר 1 בטייסת 123 שבבסיס חיל האוויר בחצרים בצורה ממוסדת המשולבת קא״ם ומשכו 35 שבועות.,קורס אימון מתקדם,קא״ם.01,קורס אימון מתקדם,weak,3,קורס אימון מבצעי | קורס אימון מתקדם | קצין אקדמאי מיוחד,substituted,yes,wikipedia,מכונאי מוטס,unreviewed,,substitution,wiki_substituted
ha-02671,קא״ם,"הוא עבר קא״ם על מטוסי אוראגן, שירת כטייס סקייהוק, עבר הסבה למטוסי F-4 פנטום והוצב כטייס קרב בטייסת העטלף.",קורס אימון מתקדם,קא״ם.01,קורס אימון מתקדם,weak,3,קורס אימון מבצעי | קורס אימון מתקדם | קצין אקדמאי מיוחד,substituted,yes,wikipedia,אבי ברבר,unreviewed,,substitution,wiki_substituted
ha-02672,קא״ם,"לאחר קא״ם על מסוקי MD 500 דיפנדר ""להטוט"" בטייסת 190 (אז נקראה ""הטייסת הלהטוט"") נשלח לארצות הברית, הוכשר כטייס AH-64 אפאצ'י ושירת בטייסת 113 (""הצרעה"").",קורס אימון מתקדם,קא״ם.01,קורס אימון מתקדם,weak,3,קורס אימון מבצעי | קורס אימון מתקדם | קצין אקדמאי מיוחד,substituted,yes,wikipedia,נמרוד שפרוני,unreviewed,,substitution,wiki_substituted
ha-02450,ע״י,"על פי המתואר במקרא, אוהל זה שימש את ישראל לאורך כל תקופת המדבר, וכן לאחר שנכנסו בני ישראל לארץ ישראל, להקרבת קורבנות ולמטרות פולחניות נוספות, וכן לשם היוועדות האל עם משה, והשראת שכינתו בקרב ע״י.",עַם ישראל,ע״י.02,עַם ישראל,weak,3,על ידי | על יד | עַם ישראל,substituted,yes,wikipedia,המשכן,unreviewed,,substitution,wiki_substituted
ha-02451,ע״י,"אוהל זה שימש את ישראל לאורך כל תקופת המדבר, וכן לאחר שנכנסו בני ישראל לארץ ישראל, להקרבת קורבנות ולמטרות פולחניות נוספות, וכן לשם היוועדות האל עם משה, והשראת שכינתו בקרב ע״י.",עַם ישראל,ע״י.02,עַם ישראל,weak,3,על ידי | על יד | עַם ישראל,substituted,yes,wikipedia,שבעת ימי המילואים,unreviewed,,substitution,wiki_substituted
ha-02452,ע״י,"מאתגרת אפילו עצם גישתו למקרא ולתולדות ישראל ואמונתו, הכורכת יחדיו הכרה באופיים ההתפתחותי של אלו, על דרך ביקורת המקרא הגבוהה, עם הזדהות אישית ברורה ועמוקה עִם ע״י, קורותיו ותורתו...",עַם ישראל,ע״י.02,עַם ישראל,weak,3,על ידי | על יד | עַם ישראל,substituted,yes,wikipedia,ישראל קנוהל,unreviewed,,substitution,wiki_substituted
ha-02453,ע״י,"חוק זה, המכונה ""גולטנדינג"" (מאנגלית: Goaltending), נועד למנוע משחקני הגנה לתפקד כ""שוערים"" ע״י הסל.",על יד,ע״י.03,על יד,weak,3,על ידי | על יד | עַם ישראל,substituted,yes,wikipedia,חסימה (כדורסל),unreviewed,,substitution,wiki_substituted
ha-02454,ע״י,"המושג נטבע ע״י ריצ'רד סטולמן, מייסד המוסד לתוכנה חופשית, בשנת 1984.",על יד,ע״י.03,על יד,weak,3,על ידי | על יד | עַם ישראל,substituted,yes,wikipedia,תוכנה חופשית,unreviewed,,substitution,wiki_substituted
ha-02455,ע״י,"כמו כן יצאו בהוצאה מחקרים וחיבורים מדעיים וכתב עת הנקרא ""קובץ ע״י"".",על יד,ע״י.03,על יד,weak,3,על ידי | על יד | עַם ישראל,substituted,yes,wikipedia,מקיצי נרדמים,unreviewed,,substitution,wiki_substituted
ha-02458,ע״י,התקן פותח ע״י ארגון התקינה הבין-לאומי (ISO) תחת טיוטת תקן בין-לאומי 27729.,על ידי,ע״י.01,על ידי,weak,3,על ידי | על יד | עַם ישראל,substituted,yes,wikipedia,תקן בין-לאומי למזהי שמות,unreviewed,,substitution,wiki_substituted
ha-02459,ע״י,"הוא מנוהל ע״י נציגי ארגונים אלו, במקרה של CENL, ע״י נציגים של הספרייה הלאומית של צרפת ושל הספרייה הבריטית.",על ידי,ע״י.01,על ידי,weak,3,על ידי | על יד | עַם ישראל,substituted,yes,wikipedia,תקן בין-לאומי למזהי שמות,unreviewed,,substitution,wiki_substituted
ha-02460,ע״י,"המערכת מבוססת בעיקר על VIAF, אשר פותחה ע״י OCLC ליצירת קטלוגים לספריות.",על ידי,ע״י.01,על ידי,weak,3,על ידי | על יד | עַם ישראל,substituted,yes,wikipedia,תקן בין-לאומי למזהי שמות,unreviewed,,substitution,wiki_substituted
ha-01954,משה״ד,"לאחר פטירתו של דוד צבי פנקס, שהיה שר התחבורה, הוחלט מסיבות פוליטיות לפצל את משה״ד ממשרד התחבורה.",משרד הדואר,משה״ד.01,משרד הדואר,weak,2,משרד הדתות | משרד הדואר,substituted,yes,wikipedia,משרד התקשורת,unreviewed,,substitution,wiki_substituted
ha-01955,משה״ד,"משנת 1997, הסיומת נוהלה על ידי משה״ד והתקשורת של קמבודיה, ומשנת 2012, היא מנוהלת על ידי רגולטור התקשורת של קמבודיה.",משרד הדואר,משה״ד.01,משרד הדואר,weak,2,משרד הדתות | משרד הדואר,substituted,yes,wikipedia,.kh,unreviewed,,substitution,wiki_substituted
ha-01956,משה״ד,"מחלקת הדואר של ארצות הברית (באנגלית: United States Post Office Department,‏ USPOD, נודעה גם כ""משה״ד"" - Post Office, או ""דואר ארצות הברית"" - U.S.",משרד הדואר,משה״ד.01,משרד הדואר,weak,2,משרד הדתות | משרד הדואר,substituted,yes,wikipedia,מחלקת הדואר של ארצות הברית,unreviewed,,substitution,wiki_substituted
ha-01957,משה״ד,"בעבר נקרא משה״ד או המשרד לענייני דתות, ועסק בשירותי דת לבני כל הדתות.",משרד הדתות,משה״ד.02,משרד הדתות,weak,2,משרד הדתות | משרד הדואר,substituted,yes,wikipedia,המשרד לשירותי דת,unreviewed,,substitution,wiki_substituted
ha-01958,משה״ד,"על פי ההחלטה, משה״ד יפורק ואגפיו יחולקו בין משרדי הממשלה השונים.",משרד הדתות,משה״ד.02,משרד הדתות,weak,2,משרד הדתות | משרד הדואר,substituted,yes,wikipedia,המשרד לשירותי דת,unreviewed,,substitution,wiki_substituted
ha-01959,משה״ד,"מיזם חשיפת הכותל המערבי לכל אורכו לאחר מלחמת ששת הימים, במטרה לאפשר לכל יהודי לגשת אל הכותל ללא הפרעה וללא מכשול, היה יוזמה של משה״ד.",משרד הדתות,משה״ד.02,משרד הדתות,weak,2,משרד הדתות | משרד הדואר,substituted,yes,wikipedia,מנהרות הכותל,unreviewed,,substitution,wiki_substituted
ha-00800,דב״ז,דב״ז או דברים זוטי הוא מדרש על ספר דברים.,דברים זוטא,דב״ז.01,דברים זוטא,weak,2,דברים זוטא | דברים זוטי,substituted,no,wikipedia,דברים זוטא,unreviewed,,substitution,wiki_substituted
ha-00801,דב״ז,דברים זוטא או דב״ז הוא מדרש על ספר דברים.,דברים זוטי,דב״ז.02,דברים זוטי,weak,2,דברים זוטא | דברים זוטי,substituted,no,wikipedia,דברים זוטא,unreviewed,,substitution,wiki_substituted
ha-03157,ש״ס,תצורת דרגות הקצונה דימתה את אלה של הצבא האמריקאי בדרגות סגן־ש״ס ורב־סרן.,משנה,ש״ס.01,משנה,weak,8,משנה | תלמוד | תלמוד בבלי | תלמוד ירושלמי | שחר סוויסה | שישה סדרים | שעה סמסטריאלית | שומרי תורה ספרדיים,substituted,yes,wikipedia,"דרגות צה""ל",unreviewed,,substitution,wiki_substituted
ha-03158,ש״ס,"לבסוף, ב־2 בנובמבר 1949 כתב בן-גוריון ביומנו, שתונהג דרגת קצונה בכירה אחת אלוף־ש״ס בלבד.",משנה,ש״ס.01,משנה,weak,8,משנה | תלמוד | תלמוד בבלי | תלמוד ירושלמי | שחר סוויסה | שישה סדרים | שעה סמסטריאלית | שומרי תורה ספרדיים,substituted,yes,wikipedia,"דרגות צה""ל",unreviewed,,substitution,wiki_substituted
ha-03159,ש״ס,"בינואר 1950 נוספה דרגת קצונה שמינית בין סגן־אלוף לאלוף: אלוף־ש״ס, אשר נועדה למפקדי חטיבות ולמפקדי שירותים (חילות).",משנה,ש״ס.01,משנה,weak,8,משנה | תלמוד | תלמוד בבלי | תלמוד ירושלמי | שחר סוויסה | שישה סדרים | שעה סמסטריאלית | שומרי תורה ספרדיים,substituted,yes,wikipedia,"דרגות צה""ל",unreviewed,,substitution,wiki_substituted
ha-03160,ש״ס,"ב-2006 הוציא סוויסה את אלבום הבכורה שלו, ""ש״ס"", תחת חסותה של חברת התקליטים NMC.",שחר סוויסה,ש״ס.03,שחר סוויסה,weak,8,משנה | תלמוד | תלמוד בבלי | תלמוד ירושלמי | שחר סוויסה | שישה סדרים | שעה סמסטריאלית | שומרי תורה ספרדיים,substituted,yes,wikipedia,שחר סוויסה,unreviewed,,substitution,wiki_substituted
ha-03161,ש״ס,"באלבום נכללו מספר דואטים, בהם ""פרח השכונות"" עם השחקנית עלמה זק (שהפך לשיר המצליח ביותר מתוך האלבום), ""כלוב של זהב"" עם מירי מסיקה ו""אהבה ראשונה"" עם ש״ס.",שחר סוויסה,ש״ס.03,שחר סוויסה,weak,8,משנה | תלמוד | תלמוד בבלי | תלמוד ירושלמי | שחר סוויסה | שישה סדרים | שעה סמסטריאלית | שומרי תורה ספרדיים,substituted,yes,wikipedia,רדיו/מוסיקה/עברית,unreviewed,,substitution,wiki_substituted
ha-03162,ש״ס,"ש״ס הוא אלבום הבכורה של המוזיקאי והראפר הישראלי ש״ס, שיצא בשנת 2006 דרך NMC ושבק מיוזיק.",שחר סוויסה,ש״ס.03,שחר סוויסה,weak,8,משנה | תלמוד | תלמוד בבלי | תלמוד ירושלמי | שחר סוויסה | שישה סדרים | שעה סמסטריאלית | שומרי תורה ספרדיים,substituted,yes,wikipedia,שחר סוויסה (אלבום),unreviewed,,substitution,wiki_substituted
ha-03163,ש״ס,"התוספתא מסודרת לפי סדר המסכתות במשנה, ולכן היא כוללת ש״ס המחולקים לכ-60 מסכתות.",שישה סדרים,ש״ס.04,שישה סדרים,weak,8,משנה | תלמוד | תלמוד בבלי | תלמוד ירושלמי | שחר סוויסה | שישה סדרים | שעה סמסטריאלית | שומרי תורה ספרדיים,substituted,yes,wikipedia,תוספתא,unreviewed,,substitution,wiki_substituted
ha-03164,ש״ס,"היא מסודרת לפי סדר המסכתות במשנה, ולכן היא כוללת ש״ס המחולקים לכ-60 מסכתות, ולפרקים (חלוקת הפרקים אינה לפי הפרקים במשנה).",שישה סדרים,ש״ס.04,שישה סדרים,weak,8,משנה | תלמוד | תלמוד בבלי | תלמוד ירושלמי | שחר סוויסה | שישה סדרים | שעה סמסטריאלית | שומרי תורה ספרדיים,substituted,yes,wikipedia,"ספרות חז""ל",unreviewed,,substitution,wiki_substituted
ha-03165,ש״ס,"התוספתא מסודרת לפי סדר המסכתות במשנה, וכוללת ש״ס המחולקים לכ-60 מסכתות.",שישה סדרים,ש״ס.04,שישה סדרים,weak,8,משנה | תלמוד | תלמוד בבלי | תלמוד ירושלמי | שחר סוויסה | שישה סדרים | שעה סמסטריאלית | שומרי תורה ספרדיים,substituted,yes,wikipedia,ספרות תורנית,unreviewed,,substitution,wiki_substituted
ha-03168,ש״ס,"השם ""ש״ס"" מקורו בזמן התנאים ומשמעו לימוד, עיון ופירוש.",תלמוד,ש״ס.02,תלמוד,weak,8,משנה | תלמוד | תלמוד בבלי | תלמוד ירושלמי | שחר סוויסה | שישה סדרים | שעה סמסטריאלית | שומרי תורה ספרדיים,substituted,yes,wikipedia,תלמוד,unreviewed,,substitution,wiki_substituted
ha-03169,ש״ס,"בתקופת הגאונים החלו להשתמש במונח ""ש״ס"" לציון החיבור עצמו.",תלמוד,ש״ס.02,תלמוד,weak,8,משנה | תלמוד | תלמוד בבלי | תלמוד ירושלמי | שחר סוויסה | שישה סדרים | שעה סמסטריאלית | שומרי תורה ספרדיים,substituted,yes,wikipedia,תלמוד בבלי,unreviewed,,substitution,wiki_substituted
ha-03170,ש״ס,"כתוצאה מכך, היטשטש ההבדל בין שתי המילים, והשם ""גמרא"" לציון החיבור נעשה שגור בציבור הלומדים המסורתי, בעוד בחוגים האקדמיים מקפידים לכנותו ""ש״ס"".",תלמוד,ש״ס.02,תלמוד,weak,8,משנה | תלמוד | תלמוד בבלי | תלמוד ירושלמי | שחר סוויסה | שישה סדרים | שעה סמסטריאלית | שומרי תורה ספרדיים,substituted,yes,wikipedia,תלמוד בבלי,unreviewed,,substitution,wiki_substituted
ha-03172,ש״ס,"ב-1831 הוציא לאור אפרים משה פינר ""קיצור ש״ס ותלמוד ירושלמי"", שכלל תרגום של קטעים משני התלמודים לגרמנית.",תלמוד בבלי,ש״ס.06,תלמוד בבלי,weak,8,משנה | תלמוד | תלמוד בבלי | תלמוד ירושלמי | שחר סוויסה | שישה סדרים | שעה סמסטריאלית | שומרי תורה ספרדיים,substituted,yes,wikipedia,תלמוד בבלי,unreviewed,,substitution,wiki_substituted
ha-03173,ש״ס,"ש״ס המאור - ביאור לכל מסכתות הירושלמי עמוד מול עמוד, פירוש ""הבהיר"" המבוסס על פירושי הראשונים והאחרונים, ובסוף כל מסכת ""ביאורי הדף"" - השוואה לתלמוד הבבלי.",תלמוד ירושלמי,ש״ס.05,תלמוד ירושלמי,weak,8,משנה | תלמוד | תלמוד בבלי | תלמוד ירושלמי | שחר סוויסה | שישה סדרים | שעה סמסטריאלית | שומרי תורה ספרדיים,substituted,yes,wikipedia,תלמוד ירושלמי,unreviewed,,substitution,wiki_substituted
ha-03174,ש״ס,"כמרבית המסכתות בסדר זה, המסכת מופיעה במשנה בלבד ולא נכתב לה תלמוד בבלי אלא ש״ס ותוספתא בלבד.",תלמוד ירושלמי,ש״ס.05,תלמוד ירושלמי,weak,8,משנה | תלמוד | תלמוד בבלי | תלמוד ירושלמי | שחר סוויסה | שישה סדרים | שעה סמסטריאלית | שומרי תורה ספרדיים,substituted,yes,wikipedia,מסכת תרומות,unreviewed,,substitution,wiki_substituted
ha-03175,ש״ס,"על מסכת זו אין תלמוד בבלי, אלא ש״ס ותוספתא בלבד.",תלמוד ירושלמי,ש״ס.05,תלמוד ירושלמי,weak,8,משנה | תלמוד | תלמוד בבלי | תלמוד ירושלמי | שחר סוויסה | שישה סדרים | שעה סמסטריאלית | שומרי תורה ספרדיים,substituted,yes,wikipedia,מסכת שביעית,unreviewed,,substitution,wiki_substituted
ha-01113,חה״ס,על פי דעתו של הרב אלעזר מגרמייזא הסוכות שעל שמם נקרא חה״ס הם הסוכות שישבו בהם הלוחמים הישראלים במלחמה לכיבוש עמון ומואב וחובת הישיבה בסוכה נקבעה רק בערבות מואב ולא ניתנה בסיני .,חג הסוכות,חה״ס.01,חג הסוכות,weak,3,חג הסוכות | חול המועד סוכות | חיל הספקה,substituted,yes,wikipedia,סוכות,unreviewed,,substitution,wiki_substituted
ha-01114,חה״ס,הרב קוק רואה בשמחת חה״ס יסוד מאזן כנגד הרצינות והעצבות העלולים להיות כרוכים בראש השנה ויום כיפור.,חג הסוכות,חה״ס.01,חג הסוכות,weak,3,חג הסוכות | חול המועד סוכות | חיל הספקה,substituted,yes,wikipedia,סוכות,unreviewed,,substitution,wiki_substituted
ha-01115,חה״ס,"בימינו נוהגים לקיים ערבי ניגון וריקוד בלילות של חה״ס, כזכר לשמחת בית השואבה המקורית.",חג הסוכות,חה״ס.01,חג הסוכות,weak,3,חג הסוכות | חול המועד סוכות | חיל הספקה,substituted,yes,wikipedia,סוכות,unreviewed,,substitution,wiki_substituted
ha-01116,חה״ס,"בקהילות האשכנזים, קוראים מגילת שיר השירים בשבת חול המועד פסח, ומגילת קהלת בשבת חה״ס.",חול המועד סוכות,חה״ס.02,חול המועד סוכות,weak,3,חג הסוכות | חול המועד סוכות | חיל הספקה,substituted,yes,wikipedia,חול המועד,unreviewed,,substitution,wiki_substituted
ha-01117,חה״ס,"הפיגוע בראס בורקה (או: הטבח בראס בורקה) התרחש ב־5 באוקטובר 1985, שבת חה״ס, כששוטר משמר הגבול המצרי, סלימאן חאטר, ירה לעבר 12 מטיילים ישראלים ורצח 7 מהם באתר נופש בראס בורקה שבסיני.",חול המועד סוכות,חה״ס.02,חול המועד סוכות,weak,3,חג הסוכות | חול המועד סוכות | חיל הספקה,substituted,yes,wikipedia,הפיגוע בראס בורקה,unreviewed,,substitution,wiki_substituted
ha-01118,חה״ס,"בפסטיבל מתקיימים מופעים של מוזיקאים ישראלים ובין-לאומיים במשך 4 ימים, במהלך חה״ס.",חול המועד סוכות,חה״ס.02,חול המועד סוכות,weak,3,חג הסוכות | חול המועד סוכות | חיל הספקה,substituted,yes,wikipedia,פסטיבל התמר,unreviewed,,substitution,wiki_substituted
ha-01119,חה״ס,סמל כובﬠ של חה״ס החדש ירש את גבﬠול החיטה של חה״ס ותובלה ומפתח וחרב מצטלבים של חיל חימוש וציוד.,חיל הספקה,חה״ס.03,חיל הספקה,weak,3,חג הסוכות | חול המועד סוכות | חיל הספקה,substituted,yes,wikipedia,"תגי כובע בצה""ל",unreviewed,,substitution,wiki_substituted
ha-01120,חה״ס,סמל כובﬠ של חיל הובלה ירש את סוס דוהר רתום למרכבה הﬠתיקה וחרב מסמל של חה״ס ותובלה.,חיל הספקה,חה״ס.03,חיל הספקה,weak,3,חג הסוכות | חול המועד סוכות | חיל הספקה,substituted,yes,wikipedia,"תגי כובע בצה""ל",unreviewed,,substitution,wiki_substituted
ha-00139,אמ״ם,קיבוציות – אסוציאטיביות: ( A ⟺ B ) ⟺ C {\displaystyle \ (A\iff B)\iff C} אמ״ם A ⟺ ( B ⟺ C ) {\displaystyle \ A\iff (B\iff C)} .,אם ורק אם,אמ״ם.01,אם ורק אם,weak,2,אם ורק אם | אמצעים מיוחדים,substituted,yes,wikipedia,אם ורק אם,unreviewed,,substitution,wiki_substituted
ha-00140,אמ״ם,משולש הוא משולש ישר-זווית אמ״ם סכום שטחי הריבועים שעל שתיים מצלעותיו שווה לשטח ריבוע שעל הצלע השלישית (משפט פיתגורס).,אם ורק אם,אמ״ם.01,אם ורק אם,weak,2,אם ורק אם | אמצעים מיוחדים,substituted,yes,wikipedia,אם ורק אם,unreviewed,,substitution,wiki_substituted
ha-00141,אמ״ם,גרף בלתי־מכוון הוא עץ אמ״ם הוא קשיר וחסר־מעגלים אמ״ם הוא קשיר מינימלי (הסרת קשת כלשהי מהגרף תבטל את קשירותו) אמ״ם הוא חסר־מעגלים מקסימלי (הוספה של קשת כלשהי לגרף תיצור מעגל).,אם ורק אם,אמ״ם.01,אם ורק אם,weak,2,אם ורק אם | אמצעים מיוחדים,substituted,yes,wikipedia,אם ורק אם,unreviewed,,substitution,wiki_substituted
ha-00142,אמ״ם,את תורת הלחימה משלימה תורת הפעלה של כוחות או אמ״ם.,אמצעים מיוחדים,אמ״ם.02,אמצעים מיוחדים,weak,2,אם ורק אם | אמצעים מיוחדים,substituted,yes,wikipedia,תורת לחימה,unreviewed,,substitution,wiki_substituted
ha-00143,אמ״ם,מכהן כעוזר שר הביטחון להתגוננות וראש אגף אמ״ם.,אמצעים מיוחדים,אמ״ם.02,אמצעים מיוחדים,weak,2,אם ורק אם | אמצעים מיוחדים,substituted,yes,wikipedia,אמיר לזר,unreviewed,,substitution,wiki_substituted
ha-00144,אמ״ם,"קודם לכן שימש כעוזר שר הביטחון להתגוננות, כראש אגף אמ״ם במשרד הביטחון.",אמצעים מיוחדים,אמ״ם.02,אמצעים מיוחדים,weak,2,אם ורק אם | אמצעים מיוחדים,substituted,yes,wikipedia,"משה אדרי (קצין צה""ל)",unreviewed,,substitution,wiki_substituted
ha-03092,ש״ד,שכל ישר או היגיון בריא (Common sense) הוא ש״ד והחלטה המבוססים על תפיסה פשוטה של מצב או עובדות.,שיקול דעת,ש״ד.01,שיקול דעת,weak,2,שיקול דעת | שפיכות דמים,substituted,yes,wikipedia,שכל ישר,unreviewed,,substitution,wiki_substituted
ha-03093,ש״ד,"כלומר, שיכולתו של אותו אדם להבדיל בין מציאות לבין דמיון ולהפעיל ש״ד סביר היא טובה מספיק בשביל לשאת באחריות פלילית.",שיקול דעת,ש״ד.01,שיקול דעת,weak,2,שיקול דעת | שפיכות דמים,substituted,yes,wikipedia,שפיות,unreviewed,,substitution,wiki_substituted
ha-03094,ש״ד,"אדם יכול לגלות תסמינים שונים של מחלת נפש, כולל תסמינים התנהגותיים, ועדיין להיות מסוגל לזהות את המציאות ולהפעיל ש״ד המאפשר לקיחת אחריות פלילית.",שיקול דעת,ש״ד.01,שיקול דעת,weak,2,שיקול דעת | שפיכות דמים,substituted,yes,wikipedia,שפיות,unreviewed,,substitution,wiki_substituted
ha-03095,ש״ד,"יש סימן לזכירת שבע המצוות: שלוש מצוות שייהרג ובל יעבור (עבודה זרה, ש״ד וגילוי עריות), א - אבר מן החי, ב - ברכת השם, ג - גזל, ד - דינים.",שפיכות דמים,ש״ד.02,שפיכות דמים,weak,2,שיקול דעת | שפיכות דמים,substituted,yes,wikipedia,שבע מצוות בני נח,unreviewed,,substitution,wiki_substituted
ha-03096,ש״ד,"גור (באנגלית: Gore, מילולית דם שנשפך, ובהשאלה ש״ד במובן אלימות ורצח) היא תת-סוגה קולנועית מסוגת סרט אימה.",שפיכות דמים,ש״ד.02,שפיכות דמים,weak,2,שיקול דעת | שפיכות דמים,substituted,yes,wikipedia,גור (קולנוע),unreviewed,,substitution,wiki_substituted
ha-03097,ש״ד,"לאירוע זה מתייחסים לעיתים כ""מהפכה ללא ש״ד"", אף שהשתוללו בסקוטלנד ובאירלנד קרבות קשים לאחר שג'יימס השני עזב את אנגליה.",שפיכות דמים,ש״ד.02,שפיכות דמים,weak,2,שיקול דעת | שפיכות דמים,substituted,yes,wikipedia,המהפכה המהוללת,unreviewed,,substitution,wiki_substituted
ha-01203,חפ״ק,"את פנייתו אליהם הוא חותם בנוסח ""חפ״ק מיץ וכל גלילות צרפת"", ונראה שהוא ביקש להסתמך בפנייתו זו על סמכותו כרב הקהילה הראשית בצרפת ולכלול בתחומה גם את קהילות דרום צרפת.",חונה פה קהילת,חפ״ק.01,חונה פה קהילת,weak,2,חבורת פיקוד קדמית | חונה פה קהילת,substituted,no,wikipedia,יהדות מץ,unreviewed,,substitution,wiki_substituted
ha-03064,שק״ד,שכל ישר או היגיון בריא (Common sense) הוא שק״ד והחלטה המבוססים על תפיסה פשוטה של מצב או עובדות.,שיקול דעת,שק״ד.01,שיקול דעת,weak,4,שיקול דעת | שקיעת דם | שיקום דתי לאסיר | שיקלול דיפרנציאלי,substituted,yes,wikipedia,שכל ישר,unreviewed,,substitution,wiki_substituted
ha-03065,שק״ד,"כלומר, שיכולתו של אותו אדם להבדיל בין מציאות לבין דמיון ולהפעיל שק״ד סביר היא טובה מספיק בשביל לשאת באחריות פלילית.",שיקול דעת,שק״ד.01,שיקול דעת,weak,4,שיקול דעת | שקיעת דם | שיקום דתי לאסיר | שיקלול דיפרנציאלי,substituted,yes,wikipedia,שפיות,unreviewed,,substitution,wiki_substituted
ha-03066,שק״ד,"אדם יכול לגלות תסמינים שונים של מחלת נפש, כולל תסמינים התנהגותיים, ועדיין להיות מסוגל לזהות את המציאות ולהפעיל שק״ד המאפשר לקיחת אחריות פלילית.",שיקול דעת,שק״ד.01,שיקול דעת,weak,4,שיקול דעת | שקיעת דם | שיקום דתי לאסיר | שיקלול דיפרנציאלי,substituted,yes,wikipedia,שפיות,unreviewed,,substitution,wiki_substituted
ha-03067,שק״ד,"חולים עם מיוקרדיטיס מציגים בבדיקות המעבדה בדרך כלל לויקוציטוזיס, שק״ד מוחשת, רמות CRP גבוהות, וכן אנזימי לב מוגברים.",שקיעת דם,שק״ד.02,שקיעת דם,weak,4,שיקול דעת | שקיעת דם | שיקום דתי לאסיר | שיקלול דיפרנציאלי,substituted,yes,wikipedia,דלקת שריר הלב,unreviewed,,substitution,wiki_substituted
ha-03068,שק״ד,"שק״ד, CRP ומערכת המשלים עולים, ולכן לא משתמשים בהם כמדד קליני להערכת דלקת.",שקיעת דם,שק״ד.02,שקיעת דם,weak,4,שיקול דעת | שקיעת דם | שיקום דתי לאסיר | שיקלול דיפרנציאלי,substituted,yes,wikipedia,פיזיולוגיה של ההיריון,unreviewed,,substitution,wiki_substituted
ha-03069,שק״ד,בבדיקות המעבדה ניתן למצוא שק״ד מוחשת ולויקוציטוזיס.,שקיעת דם,שק״ד.02,שקיעת דם,weak,4,שיקול דעת | שקיעת דם | שיקום דתי לאסיר | שיקלול דיפרנציאלי,substituted,yes,wikipedia,דלקת העצם,unreviewed,,substitution,wiki_substituted
ha-02983,ר״מ,"ר״מ הוא הדמות הבכירה בממשלה, שהיא הרשות המבצעת במדינות דמוקרטיות.",ראש ממשלה,ר״מ.02,ראש ממשלה,weak,5,רבי מאיר | ראש ממשלה | ריש מתיבתא | רב המלמד בישיבה | רַב מורה,substituted,yes,wikipedia,ראש ממשלה,unreviewed,,substitution,wiki_substituted
ha-02984,ר״מ,"וכך בשנת 1721 כיהן לראשונה ר״מ לא-רשמי בבריטניה, רוברט וולפול, אשר החזיק במשרה במשך 21 שנים.",ראש ממשלה,ר״מ.02,ראש ממשלה,weak,5,רבי מאיר | ראש ממשלה | ריש מתיבתא | רב המלמד בישיבה | רַב מורה,substituted,yes,wikipedia,ראש ממשלה,unreviewed,,substitution,wiki_substituted
ha-02985,ר״מ,"יוקרתו של הממסד הבריטי במהלך המאה ה-19 וגדילתה של האימפריה הבריטית גרמו להעתקת המודל הבריטי של קבינט מדיני ובראשו ר״מ על ידי מדינות רבות, הן באירופה והן במושבות בריטיות, כאשר אלו זכו בעצמאות.",ראש ממשלה,ר״מ.02,ראש ממשלה,weak,5,רבי מאיר | ראש ממשלה | ריש מתיבתא | רב המלמד בישיבה | רַב מורה,substituted,yes,wikipedia,ראש ממשלה,unreviewed,,substitution,wiki_substituted
ha-02987,ר״מ,"בתלמוד מוזכר יהושע בן זירוז שהיה בן חמיו של ר״מ, קיים דיון איך בדיוק הוא קרוב משפחתו של ר״מ.",רבי מאיר,ר״מ.01,רבי מאיר,weak,5,רבי מאיר | ראש ממשלה | ריש מתיבתא | רב המלמד בישיבה | רַב מורה,substituted,yes,wikipedia,רבי מאיר,unreviewed,,substitution,wiki_substituted
ha-02988,ר״מ,"רבי עקיבא הוא רבו המובהק של ר״מ, הנמנה בין חמשת התלמידים הגדולים, עם רבי יהודה, רבי יוסי, רבי שמעון, ורבי אלעזר.",רבי מאיר,ר״מ.01,רבי מאיר,weak,5,רבי מאיר | ראש ממשלה | ריש מתיבתא | רב המלמד בישיבה | רַב מורה,substituted,yes,wikipedia,רבי מאיר,unreviewed,,substitution,wiki_substituted
ha-02989,ר״מ,"ר״מ הוסמך לרבנות על ידי רבי עקיבא, אך מאחר שהיה צעיר לא קיבלו את סמיכתו, והוא הוסמך לאחר מכן על ידי רבי יהודה בן בבא במסירות-נפש בתנאים מחתרתיים באזור שבין אושא לשפרעם (צומת סומך).",רבי מאיר,ר״מ.01,רבי מאיר,weak,5,רבי מאיר | ראש ממשלה | ריש מתיבתא | רב המלמד בישיבה | רַב מורה,substituted,yes,wikipedia,רבי מאיר,unreviewed,,substitution,wiki_substituted
ha-02990,ר״מ,"רבי מנחם מאניש חיות (נפטר ב-1636) היה הרב, ר״מ, ואב בית הדין של הקהילה היהודית בווילנה.",ריש מתיבתא,ר״מ.03,ריש מתיבתא,weak,5,רבי מאיר | ראש ממשלה | ריש מתיבתא | רב המלמד בישיבה | רַב מורה,substituted,yes,wikipedia,מנחם מאניש חיות,unreviewed,,substitution,wiki_substituted
ha-02991,ר״מ,"היה ר״מ בלוד, ורק בסוף ימיו הייתה ישיבתו בטבריה.",ריש מתיבתא,ר״מ.03,ריש מתיבתא,weak,5,רבי מאיר | ראש ממשלה | ריש מתיבתא | רב המלמד בישיבה | רַב מורה,substituted,yes,wikipedia,רבי יהושע בן לוי,unreviewed,,substitution,wiki_substituted
ha-02756,ק״א,"ק״א משמשת מרכז עירוני ליישובים הישראלים באזור, ובה נציגויות של מספר רשויות ומועצה דתית.",קריית ארבע,ק״א.01,קריית ארבע,weak,2,קריית ארבע | קרב־אוויר,substituted,no,wikipedia,קריית ארבע,unreviewed,,substitution,wiki_substituted
ha-02757,ק״א,ואכן באותה שנה החלו עבודות אינטנסיביות להקמתה של ק״א בידי ממשלת המערך בראשות גולדה מאיר.,קריית ארבע,ק״א.01,קריית ארבע,weak,2,קריית ארבע | קרב־אוויר,substituted,no,wikipedia,קריית ארבע,unreviewed,,substitution,wiki_substituted
ha-02758,ק״א,ק״א תוכננה לראשונה על ידי האדריכלים שמואל שקד ויעקב ונטורה.,קריית ארבע,ק״א.01,קריית ארבע,weak,2,קריית ארבע | קרב־אוויר,substituted,no,wikipedia,קריית ארבע,unreviewed,,substitution,wiki_substituted
ha-00990,הנ״ץ,"המייחד את ""הנ״ץ"" באותה תקופה מתנועות אחרות היה היותה תנועת נוער ציונית, חילונית, שאינה משתייכת לזרם השמאלי (כלומר לא סוציאליסטית).",הנוער הציוני,הנ״ץ.01,הנוער הציוני,weak,2,הנוער הציוני | נפתלי הירץ יהודה נימנוביץ',substituted,no,wikipedia,הנוער הציוני,unreviewed,,substitution,wiki_substituted
ha-00991,הנ״ץ,"ראשי התארגנויות אלו, שקראו לעצמם בשמות כמו 'הנוער העברי', 'השומר הלאומי', 'הנ״ץ הכללי' וכדומה, עמדו בקשר זה עם זה לכל המאוחר כבר ב-1926.",הנוער הציוני,הנ״ץ.01,הנוער הציוני,weak,2,הנוער הציוני | נפתלי הירץ יהודה נימנוביץ',substituted,no,wikipedia,הנוער הציוני,unreviewed,,substitution,wiki_substituted
ha-00992,הנ״ץ,"ב-25 במאי 1931, התכנסו נציגי הארגונים המקומיים בעיר לבוב, ובהנהגת יצחק שטייגר הוחלט על הקמת ארגון גג שנקרא ""הסתדרות חלוצית עולמית הנ״ץ"", כמשקל נגד לתנועת השומר הצעיר בעלת הגוון הסוציאליסטי.",הנוער הציוני,הנ״ץ.01,הנוער הציוני,weak,2,הנוער הציוני | נפתלי הירץ יהודה נימנוביץ',substituted,no,wikipedia,הנוער הציוני,unreviewed,,substitution,wiki_substituted
ha-03388,פל״ם,"בכל אחד ממושבי הגוש והסביבה, היה כוח של ההגנה, כיתת פל""ם שהורכבה מצעירים שאומנו בנשק, באימוני שדה ברמת הכיתה, והיו חברי ההגנה.",פטרול לוחם,פל״ם.deglossed,פטרול לוחם,weak,2,פטרול לוחם | פלוגת ממתינים,deglossed,unknown,wikipedia,קרב טירה,unreviewed,,deglossed,wiki_deglossed
ha-03389,מלמ״ש,"יחידת מידה קטנה יותר, אך משקפת ספיקה על פני תקופה ארוכה יותר, היא מלמ""ש.",מיליון מטר מעוקב לשנה,מלמ״ש.deglossed,מיליון מטר מעוקב לשנה,weak,2,מיליון מטר מעוקב לשנה | מרכז ללימודי משטרה,deglossed,unknown,wikipedia,מטר מעוקב לשנייה,unreviewed,,deglossed,wiki_deglossed
ha-03391,שח״ל,"בראשית שנת 1987 הקים יחד עם גיסו, יורם אלרואי, את חברת הרפואה הפרטית שח""ל, ארגון המעניק שירות רפואי לחולי מחלות לב.",שירות חולי לב,שח״ל.deglossed,שירות חולי לב,weak,4,שמואל חיים לנדוי | שירות חלוצי לישראל | שירות חולי לב | שירות חירום לחולים,deglossed,unknown,wikipedia,אילון שליו,unreviewed,,deglossed,wiki_deglossed
ha-03392,חפ״ק,"חפ""ק ברמת היחידה הלוחמת, (באנגלית: Tac – Tactical HQ).",חבורת פיקוד קדמית,חפ״ק.deglossed,חבורת פיקוד קדמית,weak,2,חבורת פיקוד קדמית | חונה פה קהילת,deglossed,unknown,wikipedia,מפקדה,unreviewed,,deglossed,wiki_deglossed
ha-03393,חפ״ק,"בקרבת מקום, בגבעת שאול, הוקם חפ""ק של ""ההגנה"" שבו נמצא מפקד ירושלים דוד שאלתיאל ביחד עם מפקד גדוד ""מוריה"", זלמן מרט.",חבורת פיקוד קדמית,חפ״ק.deglossed,חבורת פיקוד קדמית,weak,2,חבורת פיקוד קדמית | חונה פה קהילת,deglossed,unknown,wikipedia,פרשת דיר יאסין,unreviewed,,deglossed,wiki_deglossed
ha-03394,חק״ש,"בהמשך עבר לחטיבה 17 שלימים הפכה לחטיבת גבעתי (חטיבה 5) בפיקודו של זוניק שחם, שם פיקד על גדוד 964, שהיה גדוד חק""ש.",חיל קשישים,חק״ש.deglossed,חיל קשישים,weak,2,חוקר שבויים | חיל קשישים,deglossed,unknown,wikipedia,אמנון ענבר,unreviewed,,deglossed,wiki_deglossed
ha-03395,ענ״א,"הגעתי לשם אחרי שלמדתי כלכלה באוניברסיטה, ושם גיליתי את עולם ה-IT, שאז קראו לזה ענ""א.",עיבוד נתונים אלקטרוני,ענ״א.deglossed,עיבוד נתונים אלקטרוני,weak,2,עיבוד נתונים אוטומטי | עיבוד נתונים אלקטרוני,deglossed,unknown,wikipedia,פלי הנמר פלד,unreviewed,,deglossed,wiki_deglossed
ha-03396,צב״י,"כיהן כנשיא ארגון בעלי הסטומה בישראל וכיושב ראש ארגון הגג צב""י, והיה ממובילי המאבק לשיפור זכויות החולים, קידום סל התרופות והציוד הרפואי ושמירה על זכויות סוציאליות במערכת הבריאות הציבורית בישראל.",צרכני בריאות ישראל,צב״י.deglossed,צרכני בריאות ישראל,weak,3,צדיק באמונתו יחיה | צרכני בריאות ישראל | צעיר באלפי ישראל,deglossed,unknown,wikipedia,מידד גיסין,unreviewed,,deglossed,wiki_deglossed
nat-0109,ש״ס,"הדרישה ללימוד גברה, ובעקבות כך הודפסו סטים חדשים של ש""ס.",משנה,ש״ס.01,שישה סדרים,verified,8,משנה | תלמוד | תלמוד בבלי | תלמוד ירושלמי | שחר סוויסה | שישה סדרים | שעה סמסטריאלית | שומרי תורה ספרדיים,natural,yes,wikipedia,ישיבת וולוז'ין,,,wikipedia_natural,wiki_natural
kn-0049,ש״ס,"אדוני היושב-ראש, חברי הכנסת, שרי הממשלה, תנועת ש""ס וחברי הכנסת שלה אמונים על כך שהמצע המדיני והחברתי שלה הוא פסיקת הרב עובדיה יוסף ומועצת חכמי התורה, ויצאנו עם זה אל הציבור מאז הקמתה של תנועת ש""ס.",שומרי תורה ספרדיים,,שומרי תורה ספרדיים,verified,9,משנה | תלמוד | תלמוד בבלי | תלמוד ירושלמי | שחר סוויסה | שישה סדרים | שעה סמסטריאלית | שומרי תורה ספרדיים | שלוש מאות ושישים (גימטריה),knesset,,knesset,13_ptm_532019.docx,clean,,human_review,knesset
kn-0046,ש״ס,"אני חשבתי לתומי, שיש כל הזמן שיחות בין מפלגת העבודה ובין ראש הממשלה לבין ש""ס, הרב עובדיה יוסף.",שומרי תורה ספרדיים,,שומרי תורה ספרדיים,verified,9,משנה | תלמוד | תלמוד בבלי | תלמוד ירושלמי | שחר סוויסה | שישה סדרים | שעה סמסטריאלית | שומרי תורה ספרדיים | שלוש מאות ושישים (גימטריה),knesset,,knesset,13_ptm_532019.docx,clean,,human_review,knesset
kn-0056,ש״ס,"אני עסקתי בנושא הזה, ואני רוצה לומר שיש גידול ניכר בגיוס של בחורי ישיבות, דווקא ממוסדות ש""ס.",שומרי תורה ספרדיים,,שומרי תורה ספרדיים,verified,9,משנה | תלמוד | תלמוד בבלי | תלמוד ירושלמי | שחר סוויסה | שישה סדרים | שעה סמסטריאלית | שומרי תורה ספרדיים | שלוש מאות ושישים (גימטריה),knesset,,knesset,13_ptm_532019.docx,clean,,human_review,knesset
kn-0052,ש״ס,"אני מבקש לדעת, הואיל והיו פה הסתודדויות בין שר האוצר לבין סיעת ש""ס – – –",שומרי תורה ספרדיים,,שומרי תורה ספרדיים,verified,9,משנה | תלמוד | תלמוד בבלי | תלמוד ירושלמי | שחר סוויסה | שישה סדרים | שעה סמסטריאלית | שומרי תורה ספרדיים | שלוש מאות ושישים (גימטריה),knesset,,knesset,13_ptm_532019.docx,clean,,human_review,knesset
nat-0112,ש״ס,"עמד יחד עם הרב איסר זלמן מלצר והרב יצחק אייזיק הרצוג והרב שלמה יוסף זוין בראשות מערכת ש""ס הארצישראלי שהקים הרב מאיר בר-אילן.",תלמוד,ש״ס.02,שומרי תורה ספרדיים,verified,8,משנה | תלמוד | תלמוד בבלי | תלמוד ירושלמי | שחר סוויסה | שישה סדרים | שעה סמסטריאלית | שומרי תורה ספרדיים,natural,yes,wikipedia,"יעקב משה חרל""פ",,,wikipedia_natural,wiki_natural
nat-0111,ש״ס,"בבחירות למועצה זכתה ש""ס ב־6 מנדטים, אגודת ישראל ב־4, דגל התורה ב־3, תושבים שווים בראשות יצחק חלה והבית שלנו באלעד בראשות יניב בדלוב במנדט 1 כל אחת.",משנה,ש״ס.01,שומרי תורה ספרדיים,verified,8,משנה | תלמוד | תלמוד בבלי | תלמוד ירושלמי | שחר סוויסה | שישה סדרים | שעה סמסטריאלית | שומרי תורה ספרדיים,natural,yes,wikipedia,הבחירות לרשויות המקומיות בישראל (2024),,,wikipedia_natural,wiki_natural
kn-0068,ש״ס,"אני רוצה לשאול אותו ואני רוצה לשאול את מצביעי ש""ס: השתנה משהו?",שומרי תורה ספרדיים,,שומרי תורה ספרדיים,verified,9,משנה | תלמוד | תלמוד בבלי | תלמוד ירושלמי | שחר סוויסה | שישה סדרים | שעה סמסטריאלית | שומרי תורה ספרדיים | שלוש מאות ושישים (גימטריה),knesset,,knesset,13_ptm_532022.docx,clean,,human_review,knesset
kn-0040,הנ״ל,"המגזר החרדי זכה בשנים האחרונות לתגבור משמעותי, ואין כל יסוד לטענה הנ""ל.",הנזכר לעיל,,הנזכר לעיל,verified,4,הנזכר לעיל | הנראה למעלה | הנזכר למטה | שמונים וחמש (גימטריה),knesset,,knesset,13_ptm_532017.docx,clean,,human_review,knesset
kn-0038,הנ״ל,"אם כן – האם יימנע ביטול הבחינה הנ""ל, ביטול העלול להפוך מקצוע חשוב זה למקצוע משני?",הנזכר לעיל,,הנזכר לעיל,verified,4,הנזכר לעיל | הנראה למעלה | הנזכר למטה | שמונים וחמש (גימטריה),knesset,,knesset,13_ptm_532017.docx,clean,,human_review,knesset
kn-0012,הנ״ל,"כאן אני מדגיש ואני מצטט: ""כל המפות הנ""ל פורסמו ונמצאות ברשות כל משתמש.",הנזכר לעיל,,הנזכר לעיל,verified,4,הנזכר לעיל | הנראה למעלה | הנזכר למטה | שמונים וחמש (גימטריה),knesset,,knesset,13_ptm_532015.docx,clean,,human_review,knesset
kn-0018,הנ״ל,"כאשר ניגש הנ""ל באותו יום כדי להגיש תלונה על הגנבה בתחנת המשטרה של טייבה, הוא נעצר לחקירה יחד עם חבריו.",הנזכר לעיל,,הנזכר לעיל,verified,4,הנזכר לעיל | הנראה למעלה | הנזכר למטה | שמונים וחמש (גימטריה),knesset,,knesset,13_ptm_532016.docx,clean,,human_review,knesset
kn-0039,הנ״ל,"האם אין התהליך הנ""ל מהווה סממן לכרסום המתמשך במעמד הציונות במערכת החינוך?",הנזכר לעיל,,הנזכר לעיל,verified,4,הנזכר לעיל | הנראה למעלה | הנזכר למטה | שמונים וחמש (גימטריה),knesset,,knesset,13_ptm_532017.docx,clean,,human_review,knesset
kn-0016,הנ״ל,"האם מרכז המידע הנ""ל דייק בדיווחיו ובהודעותיו בעבר בכל הנוגע להתנהגות כוחות הביטחון?",הנזכר לעיל,,הנזכר לעיל,verified,4,הנזכר לעיל | הנראה למעלה | הנזכר למטה | שמונים וחמש (גימטריה),knesset,,knesset,13_ptm_532016.docx,clean,,human_review,knesset
kn-0033,הנ״ל,"ועדת השרים לענייני חקיקה החליטה להתנגד להצעת החוק הנ""ל, ועל כן הנני מבקש מהכנסת להסיר את הצעת החוק מסדר-היום.",הנזכר לעיל,,הנזכר לעיל,verified,4,הנזכר לעיל | הנראה למעלה | הנזכר למטה | שמונים וחמש (גימטריה),knesset,,knesset,13_ptm_532017.docx,clean,,human_review,knesset
kn-0009,הנ״ל,"היום, ממש הבוקר, נמסר לי מרשות העתיקות, כי הגיעו להסדר עם הגורמים הנ""ל והעבודה תחודש.",הנזכר לעיל,,הנזכר לעיל,verified,4,הנזכר לעיל | הנראה למעלה | הנזכר למטה | שמונים וחמש (גימטריה),knesset,,knesset,13_ptm_532015.docx,clean,,human_review,knesset
nat-0016,ד״ר,"אש שימש בתפקיד זה עד אוקטובר 2011, והוחלף על ידי תת-אלוף ד""ר יצחק קרייס.",דוקטור,ד״ר.01,דוקטור,verified,4,דוקטור | דברי רבי־ | דפוס ראשון | דברים רבה,natural,yes,wikipedia,נחמן אש,,,wikipedia_natural,wiki_natural
nat-0015,ד״ר,"ד״ר דניאל מאיר וייל בספרו ניגון טעמי המקרא על פי המסורה מציע פענוח של המנגינה המקורית האבודה, מתוך ניתוח תאורטי וחיפוש מודל שיסביר את כללי טעמי המקרא המפורטים הידועים.",דוקטור,ד״ר.01,דוקטור,verified,4,דוקטור | דברי רבי־ | דפוס ראשון | דברים רבה,natural,yes,wikipedia,טעמי המקרא,,,wikipedia_natural,wiki_natural
kn-0028,ד״ר,"אני רוצה להזכיר, שמחקר של ד""ר בן-יהודה מהאוניברסיטה העברית קבע, שבתקופת המנדט הבריטי נרצחו כ-50 יהודים שנחשדו בשיתוף פעולה עם הבריטים, על-ידי ארגונים יהודיים.",דוקטור,,דוקטור,verified,5,דוקטור | דברי רבי־ | דפוס ראשון | דברים רבה | מאתיים וארבע (גימטריה),knesset,,knesset,13_ptm_532017.docx,clean,,human_review,knesset
kn-0083,ד״ר,"אבל קבלו הסתייגות והוכיחו שלאזרחי מדינת ישראל, כמו ד""ר עודד קריב, שניהל מאבק שרבים מזדהים אתו, יש יכולת השפעה מסוימת, ולו סמלית, גם על הבית הזה.",דוקטור,,דוקטור,verified,5,דוקטור | דברי רבי־ | דפוס ראשון | דברים רבה | מאתיים וארבע (גימטריה),knesset,,knesset,13_ptm_532025.docx,clean,,human_review,knesset
kn-0175,ד״ר,"על כן, לפני שמטילים אשמה, ואינני רוצה להטיל כל אשמה בד""ר גולדשמידט, ראוי וחובה שמה שהוא עשה ייבדק.",דוקטור,,דוקטור,verified,5,דוקטור | דברי רבי־ | דפוס ראשון | דברים רבה | מאתיים וארבע (גימטריה),knesset,,knesset,13_ptm_532072.docx,human_review,,human_review,knesset
kn-0062,ד״ר,"עכשיו ברצוני לפנות אל חבר הכנסת ד""ר רענן כהן.",דוקטור,,דוקטור,verified,5,דוקטור | דברי רבי־ | דפוס ראשון | דברים רבה | מאתיים וארבע (גימטריה),knesset,,knesset,13_ptm_532020.docx,clean,,human_review,knesset
kn-0011,ד״ר,"– אני מצטט ממכתבו של מנהל המחקר למדעי האדמה, ד""ר מיכאל וייט, במשרד האנרגיה והתשתית, הכותב כך: ""המפות אשר הועברו על-ידי – זו היתה בקשה של המדענים – למסירה למצרים כללו: 1.",דוקטור,,דוקטור,verified,5,דוקטור | דברי רבי־ | דפוס ראשון | דברים רבה | מאתיים וארבע (גימטריה),knesset,,knesset,13_ptm_532015.docx,clean,,human_review,knesset
kn-0063,ד״ר,"אני חושב שמה שעושה בעניין הזה חבר הכנסת ד""ר רענן כהן זו מלאכה חשובה שצריכה לקבל ביטוי, כי בסופו של דבר כאשר אדם הולך לצבא הוא מסכן את הדבר החשוב ביותר, את חייו, והוא מוכן להקריב חיים למען מטרה.",דוקטור,,דוקטור,verified,5,דוקטור | דברי רבי־ | דפוס ראשון | דברים רבה | מאתיים וארבע (גימטריה),knesset,,knesset,13_ptm_532020.docx,clean,,human_review,knesset
kn-0102,רש״י,"אומר רש""י, כדי שיוסף הצדיק לא יוזק מריח רע.",ר' שלמה יצחקי,,ר' שלמה יצחקי,verified,3,ר' שלמה יצחקי | רחיים של יד | חמש מאות ועשר (גימטריה),knesset,,knesset,13_ptm_532033.docx,clean,,human_review,knesset
kn-0103,רש״י,"אומר רש""י: כשהריחו ריח ארצם, את ריח אתונה, סבורים להיות קרובים לעצמם ברומא, העזו ודיברו קשות עם המלך.",ר' שלמה יצחקי,,ר' שלמה יצחקי,verified,3,ר' שלמה יצחקי | רחיים של יד | חמש מאות ועשר (גימטריה),knesset,,knesset,13_ptm_532033.docx,clean,,human_review,knesset
kn-0137,רש״י,"מפרש רש""י: וירא – שמא יהרג, ויצר לו – אם יהרוג הוא אחרים.",ר' שלמה יצחקי,,ר' שלמה יצחקי,verified,3,ר' שלמה יצחקי | רחיים של יד | חמש מאות ועשר (גימטריה),knesset,,knesset,13_ptm_532047.docx,clean,,human_review,knesset
kn-0129,רש״י,"מסביר רש""י: כל מקום שאתה מוצא גדר ערווה, אתה מוצא קדושה.",ר' שלמה יצחקי,,ר' שלמה יצחקי,verified,3,ר' שלמה יצחקי | רחיים של יד | חמש מאות ועשר (גימטריה),knesset,,knesset,13_ptm_532046.docx,clean,,human_review,knesset
kn-0128,רש״י,"אומר רש""י: קדושים תהיו, הוו פרושים מעריות.",ר' שלמה יצחקי,,ר' שלמה יצחקי,verified,3,ר' שלמה יצחקי | רחיים של יד | חמש מאות ועשר (גימטריה),knesset,,knesset,13_ptm_532046.docx,clean,,human_review,knesset
kn-0031,רש״י,"שואל רש""י: וכי עלתה על לב שזקני בית-דין שופכי דמים אלה?",ר' שלמה יצחקי,,ר' שלמה יצחקי,verified,3,ר' שלמה יצחקי | רחיים של יד | חמש מאות ועשר (גימטריה),knesset,,knesset,13_ptm_532017.docx,clean,,human_review,knesset
kn-0104,רש״י,"אומר על כך רש""י: נעשה בשרו חידודין חידודין.",ר' שלמה יצחקי,,ר' שלמה יצחקי,verified,3,ר' שלמה יצחקי | רחיים של יד | חמש מאות ועשר (גימטריה),knesset,,knesset,13_ptm_532035.docx,clean,,human_review,knesset
kn-0209,רש״י,"אחרי ""ליל הבדולח"", בשנת 1938, נפגעו בתי-כנסת של וורמס, ובית-מדרשו של רש""י, ואילו בית-העלמין ניצל מחורבן על-ידי ראש עיריית וורמס, שהוא אחד מחסידי אומות העולם.",ר' שלמה יצחקי,,ר' שלמה יצחקי,verified,3,ר' שלמה יצחקי | רחיים של יד | חמש מאות ועשר (גימטריה),knesset,,knesset,13_ptm_532094.docx,clean,,human_review,knesset
kn4-0047,מג״ב,"שלשום בצהריים הומת עבד אל-רחמן אבראהים אל-עארורי מעארורה שבנפת רמאללה, על-ידי מסתערבים של מג""ב, ומתחקיר שבוצע התברר שהוא לא היה חמוש, שלאיש היתה תעודת זהות רגילה ואף מותר היה לו להיכנס לישראל.",משמר הגבול,,משמר הגבול,verified,4,משמר הגבול | מגה בית (גם: מגה בייט). בדיוק מיליון בית | מיירט גובה בינוני | ארבעים וחמש (גימטריה),knesset,,knesset,13_ptm_532210.docx,clean,,human_review,knesset
kn-0017,מג״ב,"פרקליטות מחוז הצפון החליטה לסגור את התיק כנגד אנשי מג""ב, באין אשמה פלילית.",משמר הגבול,,משמר הגבול,verified,4,משמר הגבול | מגה בית (גם: מגה בייט). בדיוק מיליון בית | מיירט גובה בינוני | ארבעים וחמש (גימטריה),knesset,,knesset,13_ptm_532016.docx,clean,,human_review,knesset
kn4-0161,מג״ב,"אני קורא ליהודים בישראל להתייחס אל שוטר או שוטר מג""ב בלי תג זיהוי כאל מתחזה ולא להתחשב בו.",משמר הגבול,,משמר הגבול,verified,4,משמר הגבול | מגה בית (גם: מגה בייט). בדיוק מיליון בית | מיירט גובה בינוני | ארבעים וחמש (גימטריה),knesset,,knesset,13_ptm_532278.docx,clean,,human_review,knesset
nat-0034,מג״ב,"8 במרץ – מחבלת ממזרח ירושלים בת 50 ניסתה לדקור שוטרי מג""ב ברחוב הגיא שבעיר העתיקה בירושלים.",משמר הגבול,מג״ב.01,משמר הגבול,verified,3,משמר הגבול | מגה בית (גם: מגה בייט). בדיוק מיליון בית | מיירט גובה בינוני,natural,no,wikipedia,פיגועי טרור נגד ישראלים בישראל ובשטחים ב-2017,,,wikipedia_natural,wiki_natural
kn-0276,מג״ב,"ב-10 באוקטובר נפצעו שני שוטרי מג""ב ברצועת-עזה מיידוי אבנים.",משמר הגבול,,משמר הגבול,verified,4,משמר הגבול | מגה בית (גם: מגה בייט). בדיוק מיליון בית | מיירט גובה בינוני | ארבעים וחמש (גימטריה),knesset,,knesset,13_ptm_532144.docx,clean,,human_review,knesset
kn4-0067,מג״ב,"בשלב זה שוחחו שוטרי מג""ב עם מכובד מקומי, והוא ביקש דקות מספר כדי להשתלט על המפגינים, אולם הם המשיכו ביידויי אבנים.",משמר הגבול,,משמר הגבול,verified,4,משמר הגבול | מגה בית (גם: מגה בייט). בדיוק מיליון בית | מיירט גובה בינוני | ארבעים וחמש (גימטריה),knesset,,knesset,13_ptm_532227.docx,clean,,human_review,knesset
kn-0206,מג״ב,"כוחות גדולים של משטרה, מג""ב והמשמר האזרחי ערכו סריקות נרחבות באזור לאיתור המחבל השלישי.",משמר הגבול,,משמר הגבול,verified,4,משמר הגבול | מגה בית (גם: מגה בייט). בדיוק מיליון בית | מיירט גובה בינוני | ארבעים וחמש (גימטריה),knesset,,knesset,13_ptm_532092.docx,clean,,human_review,knesset
kn4-0068,מג״ב,"שוטרי מג""ב גילו סבלנות ואיפוק בפינוי המפגינים, שנעשה כדין.",משמר הגבול,,משמר הגבול,verified,4,משמר הגבול | מגה בית (גם: מגה בייט). בדיוק מיליון בית | מיירט גובה בינוני | ארבעים וחמש (גימטריה),knesset,,knesset,13_ptm_532227.docx,clean,,human_review,knesset
kn-0092,קמ״ש,"כבר היום המשטרה אוכפת החל במהירות 105 קמ""ש, כדי להתגבר על אי-דיוקים במד-המהירות שברכב.",קילומטרים לשעה,,קילומטרים לשעה,verified,4,קילומטרים לשעה | קצין משמרת | קצין משפטים | ארבע מאות וארבעים (גימטריה),knesset,,knesset,13_ptm_532028.docx,clean,,human_review,knesset
kn-0094,קמ״ש,"חבר הכנסת מגן דיבר על 110 קמ""ש, והוא צודק.",קילומטרים לשעה,,קילומטרים לשעה,verified,4,קילומטרים לשעה | קצין משמרת | קצין משפטים | ארבע מאות וארבעים (גימטריה),knesset,,knesset,13_ptm_532028.docx,clean,,human_review,knesset
kn-0195,קמ״ש,"אני אומר לכם מה שאני חש אם שוטר מסתתר מאחורי עץ ומחכה שמישהו לא יעצור עצירה מוחלטת בתמרור ""עצור"", ומי שנסע במהירות של 2 קמ""ש, הגלגלים לא נעצרו עד הסוף, זאת עבירה.",קילומטרים לשעה,,קילומטרים לשעה,verified,4,קילומטרים לשעה | קצין משמרת | קצין משפטים | ארבע מאות וארבעים (גימטריה),knesset,,knesset,13_ptm_532089.docx,clean,,human_review,knesset
kn-0093,קמ״ש,"מי שנוסע 110 קמ""ש מסתכן בדוח תנועה, ומי שנוהג במהירות העולה על 120 קמ""ש מסתכן בשלילה מינהלית של רשיון הנהיגה שלו.",קילומטרים לשעה,,קילומטרים לשעה,verified,4,קילומטרים לשעה | קצין משמרת | קצין משפטים | ארבע מאות וארבעים (גימטריה),knesset,,knesset,13_ptm_532028.docx,clean,,human_review,knesset
kn-0115,קמ״ש,"דרך מס' 2, המכונה כביש חיפה–תל-אביב, אינה מוכרזת עדיין כדרך מהירה בין-עירונית, ולכן לא ניתן להעלות את מהירות הנסיעה מ-90 קמ""ש ל-100 קמ""ש.",קילומטרים לשעה,,קילומטרים לשעה,verified,4,קילומטרים לשעה | קצין משמרת | קצין משפטים | ארבע מאות וארבעים (גימטריה),knesset,,knesset,13_ptm_532040.docx,clean,,human_review,knesset
kn-0117,קמ״ש,"מה הן תוצאות הניסוי של העלאת מהירות הנסיעה המותרת ל-100 קמ""ש בשלושה כבישים בין-עירוניים בארץ?",קילומטרים לשעה,,קילומטרים לשעה,verified,4,קילומטרים לשעה | קצין משמרת | קצין משפטים | ארבע מאות וארבעים (גימטריה),knesset,,knesset,13_ptm_532040.docx,clean,,human_review,knesset
kn-0114,קמ״ש,"שר התחבורה הוציא תקנה המעלה את מהירות הנסיעה בדרך מהירה בין-עירונית מ-90 קמ""ש ל-100 קמ""ש, בהסתמך על ועדת מומחים בראשותו של פרופסור ליבנה מהטכניון.",קילומטרים לשעה,,קילומטרים לשעה,verified,4,קילומטרים לשעה | קצין משמרת | קצין משפטים | ארבע מאות וארבעים (גימטריה),knesset,,knesset,13_ptm_532040.docx,clean,,human_review,knesset
kn-0155,קמ״ש,"מעניין, המשטרה רדפה אחריהם בג'יפ שהיה יכול לנוע במהירות של 80 קמ""ש מקסימום.",קילומטרים לשעה,,קילומטרים לשעה,verified,4,קילומטרים לשעה | קצין משמרת | קצין משפטים | ארבע מאות וארבעים (גימטריה),knesset,,knesset,13_ptm_532055.docx,clean,,human_review,knesset
kn4-0008,השב״ס,"דיברתי עם מפקד השב""ס, לפי בקשתו של שר המשטרה.",שירות בתי הסוהר,,שירות בתי הסוהר,verified,3,שירות בתי הסוהר | השאלה בין-ספרייתית | שלוש מאות ושישים ושבע (גימטריה),knesset,,knesset,13_ptm_532166.docx,clean,,human_review,knesset
kn-0085,השב״ס,"שהייה ארוכה בתאי ההפרדה – החזקה של אסיר בהפרדה נעשית בהתאם לקבוע בסעיף 21 לתקנות בתי-הסוהר ולפקודות ולנוהלי השב""ס, שהוצאו בעקבות התקנות.",שירות בתי הסוהר,,שירות בתי הסוהר,verified,3,שירות בתי הסוהר | השאלה בין-ספרייתית | שלוש מאות ושישים ושבע (גימטריה),knesset,,knesset,13_ptm_532025.docx,clean,,human_review,knesset
kn4-0230,השב״ס,"ה""סקר"" נעשה בתקופה קרובה להחלטת השב""ס אם להיענות לבקשתו.",שירות בתי הסוהר,,שירות בתי הסוהר,verified,3,שירות בתי הסוהר | השאלה בין-ספרייתית | שלוש מאות ושישים ושבע (גימטריה),knesset,,knesset,13_ptm_532343.docx,clean,,human_review,knesset
kn-0136,השב״ס,"חבר הכנסת גולדשמידט, יש שירות רפואי של השב""ס; הם מזלזלים בו, וזה מה שטענתי גם בפעם הקודמת.",שירות בתי הסוהר,,שירות בתי הסוהר,verified,3,שירות בתי הסוהר | השאלה בין-ספרייתית | שלוש מאות ושישים ושבע (גימטריה),knesset,,knesset,13_ptm_532047.docx,clean,,human_review,knesset
kn4-0166,השב״ס,"אדוני היושב-ראש, רבותי חברי הכנסת, כבוד השר, קיבלתי פניות רבות מהרב עוזי משולם על הפרת סיכומים שהיו עם צמרת השב""ס ולא קוימו.",שירות בתי הסוהר,,שירות בתי הסוהר,verified,3,שירות בתי הסוהר | השאלה בין-ספרייתית | שלוש מאות ושישים ושבע (גימטריה),knesset,,knesset,13_ptm_532282.docx,clean,,human_review,knesset
kn4-0269,השב״ס,"כמו-כן רצוני לשאול: מי הדליף את המכתב – האם לשכת שר המשטרה או נציבות השב""ס?",שירות בתי הסוהר,,שירות בתי הסוהר,verified,3,שירות בתי הסוהר | השאלה בין-ספרייתית | שלוש מאות ושישים ושבע (גימטריה),knesset,,knesset,13_ptm_532380.docx,clean,,human_review,knesset
nat-0019,השב״ס,ב-2011 מונה לתפקיד סגן מפקד המחוז הדרומי של השב״ס.,שירות בתי הסוהר,השב״ס.01,שירות בתי הסוהר,verified,2,שירות בתי הסוהר | השאלה בין-ספרייתית,natural,yes,wikipedia,יוסי מקדש,,,wikipedia_natural,wiki_natural
kn-0023,השב״ס,"בעקבות הביקור והדיונים שקיים הנציב עם קציני המטה החליט נציב השב""ס על הצעדים הבאים: א.",שירות בתי הסוהר,,שירות בתי הסוהר,verified,3,שירות בתי הסוהר | השאלה בין-ספרייתית | שלוש מאות ושישים ושבע (גימטריה),knesset,,knesset,13_ptm_532016.docx,clean,,human_review,knesset
kn4-0411,אש״ל,"הוא מקבל תוספות עבור רכב ועבור אש""ל, אשר משום-מה נשים אפילו במשרות בכירות בשירות המדינה אינן מקבלות.",אכילה שתיה לינה,,אכילה שתיה לינה,verified,4,אין שומעין לו | איפה שלמה | אכילה שתיה לינה | שלוש מאות ושלושים ואחת (גימטריה),knesset,,knesset,14_ptm_532542.docx,clean,,human_review,knesset
kn4-0038,אש״ל,"למה 7 מיליוני שקלים הולכים לתשלום אש""ל לפרוטקציונרים?",אכילה שתיה לינה,,אכילה שתיה לינה,verified,4,אין שומעין לו | איפה שלמה | אכילה שתיה לינה | שלוש מאות ושלושים ואחת (גימטריה),knesset,,knesset,13_ptm_532195.docx,clean,,human_review,knesset
kn-0183,אש״ל,"תבוא איזו ועדה של פקידים, עם כל הכבוד, היא תהיה מכובדת, תיסע, תקבל אש""ל, תגיע, יכבדו אותה, והיא תחליט לפי ראות עיניה איזה יישוב יקבל הטבות אלו ואחרות.",אכילה שתיה לינה,,אכילה שתיה לינה,verified,4,אין שומעין לו | איפה שלמה | אכילה שתיה לינה | שלוש מאות ושלושים ואחת (גימטריה),knesset,,knesset,13_ptm_532078.docx,clean,,human_review,knesset
kn4-0096,אש״ל,"יש עדכונים אוטומטיים ופחות אוטומטיים, אבל יש דברים רבים נוספים שיש בהם פיגור: בקצבאות לנכים, לאלמנות וליתומים, שלא לדבר על קצבאות הזיקנה, על פנסיונרים, שלא לדבר אפילו על נושא כמו ארוחות, אש""ל.",שלוש מאות ושלושים ואחת (גימטריה),,שלוש מאות ושלושים ואחת (גימטריה),verified,4,אין שומעין לו | איפה שלמה | אכילה שתיה לינה | שלוש מאות ושלושים ואחת (גימטריה),knesset,,knesset,13_ptm_532243.docx,clean,,human_review,knesset
kn4-0239,אש״ל,"הוא נהנה מלשכה, מעוזרים שהוא ממנה בהתאם לרצונו; הוא נהנה מטלפונים; הוא נהנה מהוצאות אש""ל, לדעתי לא מוגבלות.",אכילה שתיה לינה,,אכילה שתיה לינה,verified,4,אין שומעין לו | איפה שלמה | אכילה שתיה לינה | שלוש מאות ושלושים ואחת (גימטריה),knesset,,knesset,13_ptm_532346.docx,clean,,human_review,knesset
kn4-0388,אש״ל,"אף פרוטה אחת לא – לא משכורת ולא אש""ל, אלא רק הוצאת התפעול של המוסד הזה כאן אחת לשבוע או פעמיים בחודש.",אכילה שתיה לינה,,אכילה שתיה לינה,verified,4,אין שומעין לו | איפה שלמה | אכילה שתיה לינה | שלוש מאות ושלושים ואחת (גימטריה),knesset,,knesset,14_ptm_532506.docx,clean,,human_review,knesset
kn4-0242,אש״ל,"עכשיו תשלמו על הוצאות הרכב שאתם מקבלים, על הוצאות הביגוד, על הוצאות אש""ל, על הוצאות טלפון, על כל הוצאה שהיתה לכם – – –",אכילה שתיה לינה,,אכילה שתיה לינה,verified,4,אין שומעין לו | איפה שלמה | אכילה שתיה לינה | שלוש מאות ושלושים ואחת (גימטריה),knesset,,knesset,13_ptm_532356.docx,clean,,human_review,knesset
kn4-0339,אש״ל,"כשאתה אומר לי אש""ל ומימון של שני אנשים, לי זה לא אומר שום דבר, אני חושב שגם לאף אחד אחר זה לא היה אומר דבר.",אכילה שתיה לינה,,אכילה שתיה לינה,verified,4,אין שומעין לו | איפה שלמה | אכילה שתיה לינה | שלוש מאות ושלושים ואחת (גימטריה),knesset,,knesset,13_ptm_532431.docx,clean,,human_review,knesset
kn4-0601,אצ״ל,"יתירה מזאת, הקצאת חלקות מיוחדות בבתי-עלמין קיימת לא מהיום ולאוכלוסיות שונות ומגוונות, כגון: חלקת גדולי האומה, חלקת עיתונאים – גם יש – חלקת אצ""ל, חלקת ""ההגנה"" וחלקה לשומרי שבת.",ארגון צבאי לאומי,,ארגון צבאי לאומי,verified,3,ארגון צבאי לאומי | אין צריך לומר | מאה ועשרים ואחת (גימטריה),knesset,,knesset,15_ptm_532936.docx,clean,,human_review,knesset
kn4-0344,אצ״ל,"אני בית""רי, אני איש אצ""ל, אני עליתי באונייה ""אלטלנה"", והייתי חבר מפקדה בכיר ב""אלטלנה"".",ארגון צבאי לאומי,,ארגון צבאי לאומי,verified,3,ארגון צבאי לאומי | אין צריך לומר | מאה ועשרים ואחת (גימטריה),knesset,,knesset,13_ptm_532434.docx,clean,,human_review,knesset
kn4-0368,אצ״ל,"ב-6 ביולי 1938 ב-18:00 ירד איש אצ""ל לשוק הערבי בחיפה מחופש לסבל.",ארגון צבאי לאומי,,ארגון צבאי לאומי,verified,3,ארגון צבאי לאומי | אין צריך לומר | מאה ועשרים ואחת (גימטריה),knesset,,knesset,14_ptm_532469.docx,clean,,human_review,knesset
kn4-0298,אצ״ל,"יש לי לא רק צער וכאב, כי עם כל חילוקי הדעות שהיו לנו עם הקיבוצים, גם בתקופה שהיינו במחתרת, גם בתקופה שהחזיקו בקיבוצים חטופים של אנשי אצ""ל ועינו אותם, את כל זה שכחתי, מחקתי, עבר.",ארגון צבאי לאומי,,ארגון צבאי לאומי,verified,3,ארגון צבאי לאומי | אין צריך לומר | מאה ועשרים ואחת (גימטריה),knesset,,knesset,13_ptm_532397.docx,clean,,human_review,knesset
kn-0041,אצ״ל,"הוא מגיע לחוף, הוא פוגש שם אנשי אצ""ל שכבר היו מגויסים לצבא העברי, ששמעו את פשר העניין והגיעו אליו על מנת להשיב אש ליורים.",ארגון צבאי לאומי,,ארגון צבאי לאומי,verified,3,ארגון צבאי לאומי | אין צריך לומר | מאה ועשרים ואחת (גימטריה),knesset,,knesset,13_ptm_532017.docx,clean,,human_review,knesset
kn-0042,אצ״ל,"והוא מוסיף: כעבור ימים מועטים עמדו בחורי אצ""ל, ביניהם בחורי ""אלטלנה"" שעליהם ירו, בכל החזיתות, כנגד האויב הפולש.",ארגון צבאי לאומי,,ארגון צבאי לאומי,verified,3,ארגון צבאי לאומי | אין צריך לומר | מאה ועשרים ואחת (גימטריה),knesset,,knesset,13_ptm_532017.docx,clean,,human_review,knesset
nat-0008,אצ״ל,"בצעירותו עמד בראש תא של אצ״ל בזופייבקה (בפולנית: Sofievka), עיירה יהודית בחבל ווהלין במערב אוקראינה, שהייתה אז חלק מפולין.",ארגון צבאי לאומי,אצ״ל.01,ארגון צבאי לאומי,verified,2,ארגון צבאי לאומי | אין צריך לומר,natural,no,wikipedia,אנשל שפילמן,,,wikipedia_natural,wiki_natural
kn4-0240,אצ״ל,"בגין ירד למלון ""סבוי"", הגיעו חיילי אצ""ל מהצבא החדש של מדינת ישראל ואמרו: תן לנו אפשרות לעצור את האש הזאת.",ארגון צבאי לאומי,,ארגון צבאי לאומי,verified,3,ארגון צבאי לאומי | אין צריך לומר | מאה ועשרים ואחת (גימטריה),knesset,,knesset,13_ptm_532347.docx,clean,,human_review,knesset
kn-0122,י״א,"בחרתי לציין את י""א באדר דווקא בנושא העוסק בנגע ההתבוללות, כי נראה לי שאין נושא מתאים יותר דווקא היום ודווקא בהקשר זה.",אחת עשרה (גימטריה),,אחת עשרה (גימטריה),verified,5,יש אומרים | ירא אדוני | שווה בגודלה למרחק כדור-הארץ מהשמש | שנת הלימודים האחת־עשרה של התלמידים בישראל | אחת עשרה (גימטריה),knesset,,knesset,13_ptm_532044.docx,human_review,,human_review,knesset
kn-0090,י״א,"בכיתות י""א לימוד חובה של בטיחות ולימודי נהיגה עיוניים, שבסיומם יקבל התלמיד תעודה המשחררת אותו מצורך במבחן בתיאוריה ללימוד נהיגה.",שנת הלימודים האחת־עשרה של התלמידים בישראל,,שנת הלימודים האחת־עשרה של התלמידים בישראל,verified,5,יש אומרים | ירא אדוני | שווה בגודלה למרחק כדור-הארץ מהשמש | שנת הלימודים האחת־עשרה של התלמידים בישראל | אחת עשרה (גימטריה),knesset,,knesset,13_ptm_532028.docx,clean,,human_review,knesset
kn-0181,י״א,"תוכניות למניעת שימוש בעייתי באלכוהול מועברות על-ידי יועצים ומחנכים בהיקף של 20-10 שעות בכיתות העל-יסודיות, וכוללות, בין היתר, גם תוכנית לכיתות י""א על אלכוהול ונהיגה.",שנת הלימודים האחת־עשרה של התלמידים בישראל,,שנת הלימודים האחת־עשרה של התלמידים בישראל,verified,5,יש אומרים | ירא אדוני | שווה בגודלה למרחק כדור-הארץ מהשמש | שנת הלימודים האחת־עשרה של התלמידים בישראל | אחת עשרה (גימטריה),knesset,,knesset,13_ptm_532075.docx,clean,,human_review,knesset
kn-0121,י״א,"אל מול השבר העכשווי והמודרני הזה עומד לו יום י""א באדר החל היום ועמו האירועים הנזכרים בהקשרו והמנהיגים שהובילו אותם אירועים כענקי הדור, כנביאים של ממש.",אחת עשרה (גימטריה),,אחת עשרה (גימטריה),verified,5,יש אומרים | ירא אדוני | שווה בגודלה למרחק כדור-הארץ מהשמש | שנת הלימודים האחת־עשרה של התלמידים בישראל | אחת עשרה (גימטריה),knesset,,knesset,13_ptm_532044.docx,human_review,,human_review,knesset
kn-0058,י״א,"אשר לחינוך: אם אתבקש ללמד בכיתות י""א ובכיתות אחרות, יחד עם משרד החינוך, את נושא הבטיחות, אעשה את זה מכל הלב וברצון.",שנת הלימודים האחת־עשרה של התלמידים בישראל,,שנת הלימודים האחת־עשרה של התלמידים בישראל,verified,5,יש אומרים | ירא אדוני | שווה בגודלה למרחק כדור-הארץ מהשמש | שנת הלימודים האחת־עשרה של התלמידים בישראל | אחת עשרה (גימטריה),knesset,,knesset,13_ptm_532020.docx,clean,,human_review,knesset
kn-0171,י״א,"ההודעה של דובר משרד החינוך והתרבות בעניין השמירה על-ידי תלמידי י""א היא הודעה נכונה, פרט לאי-הבנה אחת, שהבהרתי אותה.",שנת הלימודים האחת־עשרה של התלמידים בישראל,,שנת הלימודים האחת־עשרה של התלמידים בישראל,verified,5,יש אומרים | ירא אדוני | שווה בגודלה למרחק כדור-הארץ מהשמש | שנת הלימודים האחת־עשרה של התלמידים בישראל | אחת עשרה (גימטריה),knesset,,knesset,13_ptm_532069.docx,clean,,human_review,knesset
kn-0119,י״א,"המשיבים הם תלמידי כיתות י""א במדגם ארצי מייצג של בתי-ספר יהודיים, ערביים, דרוזיים ובדואיים, סך-הכול כ-200 בתי-ספר שנבחרו באקראי על-פי שיטות דגימה מקובלות.",שנת הלימודים האחת־עשרה של התלמידים בישראל,,שנת הלימודים האחת־עשרה של התלמידים בישראל,verified,5,יש אומרים | ירא אדוני | שווה בגודלה למרחק כדור-הארץ מהשמש | שנת הלימודים האחת־עשרה של התלמידים בישראל | אחת עשרה (גימטריה),knesset,,knesset,13_ptm_532042.docx,clean,,human_review,knesset
kn-0198,י״א,"להיפך, הגמרא אומרת במסכת סוטה, דף י""א: בזכות נשים צדקניות נגאלו ישראל ממצרים.",אחת עשרה (גימטריה),,אחת עשרה (גימטריה),verified,5,יש אומרים | ירא אדוני | שווה בגודלה למרחק כדור-הארץ מהשמש | שנת הלימודים האחת־עשרה של התלמידים בישראל | אחת עשרה (גימטריה),knesset,,knesset,13_ptm_532090.docx,human_review,,human_review,knesset
kn4-0479,אג״ם,"המיילד העיקרי של המדינה הפלסטינית הוא מנחם בגין, וזו אחת הסיבות לכך שאני מוקיר אותו, בסיוע של עזר וייצמן, אז ראש אג""ם, ומשה דיין.",אגף המבצעים,,אגף המבצעים,verified,5,"אגף המבצעים | אגף המטה | אגף המטה הכללי | ארבעים וארבע (גימטריה) | אג""ם חקירות (משרד חוקרים פרטי)",knesset,,knesset,14_ptm_532668.docx,clean,,human_review,knesset
kn4-0069,אג״ם,"אני גם מתפלא על שר המשטרה מר משה שחל שטען: ""למשטרה ידוע זה שנים על 'אג""ם חקירות' כמי שעוסקים בביצוע האזנות סתר"".","אג""ם חקירות (משרד חוקרים פרטי)",,"אג""ם חקירות (משרד חוקרים פרטי)",verified,5,"אגף המבצעים | אגף המטה | אגף המטה הכללי | ארבעים וארבע (גימטריה) | אג""ם חקירות (משרד חוקרים פרטי)",knesset,,knesset,13_ptm_532227.docx,human_review,,human_review,knesset
kn4-0492,אג״ם,"התפלגות המגויסים היא כדלקמן: מערך החקירות – 162; מערך אג""ם – 1,116.",אגף המבצעים,,אגף המבצעים,verified,5,"אגף המבצעים | אגף המטה | אגף המטה הכללי | ארבעים וארבע (גימטריה) | אג""ם חקירות (משרד חוקרים פרטי)",knesset,,knesset,14_ptm_532701.docx,clean,,human_review,knesset
kn4-0191,אג״ם,"אדוני היושב-ראש, בתביעה של אנשי אג""ם היום, למרות ההודעה של המפקח הכללי דאז, הוגשו חלק מהתלונות גם בנושא הפקסים.",אגף המבצעים,,אגף המבצעים,verified,5,"אגף המבצעים | אגף המטה | אגף המטה הכללי | ארבעים וארבע (גימטריה) | אג""ם חקירות (משרד חוקרים פרטי)",knesset,,knesset,13_ptm_532297.docx,clean,,human_review,knesset
kn-0060,אג״ם,"בשל חשיבות הנושא הפניתי את הדבר אל ראש אג""ם במטה הארצי של המשטרה, אשר יבחן את הדרכים למנוע הישנות מקרה כמו זה בעתיד.",אגף המבצעים,,אגף המבצעים,verified,4,אגף המבצעים | אגף המטה | אגף המטה הכללי | ארבעים וארבע (גימטריה),knesset,,knesset,13_ptm_532020.docx,clean,,human_review,knesset
kn4-0535,אג״ם,"שמעתי אג""ם של הצבא, וחשבתי שהפכת את הנחל לאגם צבאי.",אגף המבצעים,,אגף המבצעים,verified,5,"אגף המבצעים | אגף המטה | אגף המטה הכללי | ארבעים וארבע (גימטריה) | אג""ם חקירות (משרד חוקרים פרטי)",knesset,,knesset,15_ptm_532770.docx,clean,,human_review,knesset
kn4-0124,אג״ם,"עוזר ראש אג""ם, בדרגת אלוף, הוא האחראי לפורום ההסברה.",אגף המבצעים,,אגף המבצעים,verified,5,"אגף המבצעים | אגף המטה | אגף המטה הכללי | ארבעים וארבע (גימטריה) | אג""ם חקירות (משרד חוקרים פרטי)",knesset,,knesset,13_ptm_532262.docx,clean,,human_review,knesset
kn4-0626,אג״ם,"הגברת אפשטיין טענה בפני קצין אג""ם ירקון, שמדובר בקבוצת אנשים שאינם קשורים לפורום שהיא מייצגת.",אגף המבצעים,,אגף המבצעים,verified,5,"אגף המבצעים | אגף המטה | אגף המטה הכללי | ארבעים וארבע (גימטריה) | אג""ם חקירות (משרד חוקרים פרטי)",knesset,,knesset,15_ptm_532970.docx,clean,,human_review,knesset
kn4-0313,קמ״ט,"נוסף על האמור לעיל נמצאות בבדיקה ובטיפול של הוועדה הרפואית שהוקמה לצורך העניין על-ידי המינהל האזרחי (בראשות קמ""ט בריאות) 36 בקשות נוספות.",קצין מטה,,קצין מטה,verified,4,קצין מטה | קורס מפקדי טנקים | קצין מיון טרומי | מאה וארבעים ותשע (גימטריה),knesset,,knesset,13_ptm_532410.docx,clean,,human_review,knesset
kn-0073,קמ״ט,"כיום מתקיימות התייעצויות בין שירותי בריאות הציבור ביהודה ובשומרון לבין משרד קמ""ט חינוך בנושא היערכות לפעולות הסברה בקרב תלמידים בבתי-ספר.",קצין מטה,,קצין מטה,verified,4,קצין מטה | קורס מפקדי טנקים | קצין מיון טרומי | מאה וארבעים ותשע (גימטריה),knesset,,knesset,13_ptm_532022.docx,clean,,human_review,knesset
kn4-0257,קמ״ט,"נוסף על כך השתתפו בישיבות הוועדה קמ""ט דתות שמואל המבורגר ומוזמנים של נציגי העדות.",קצין מטה,,קצין מטה,verified,4,קצין מטה | קורס מפקדי טנקים | קצין מיון טרומי | מאה וארבעים ותשע (גימטריה),knesset,,knesset,13_ptm_532367.docx,clean,,human_review,knesset
kn4-0487,קמ״ט,"מדור סיור, קמ""ט לאיכות הסביבה והמשרד לאיכות הסביבה פועלים בשיתוף עם תחנות המשטרה, בצורה אינטנסיבית, למנוע גנבות חול בכל מישור החוף.",קצין מטה,,קצין מטה,verified,4,קצין מטה | קורס מפקדי טנקים | קצין מיון טרומי | מאה וארבעים ותשע (גימטריה),knesset,,knesset,14_ptm_532680.docx,clean,,human_review,knesset
kn-0144,קמ״ט,"האין שיתופו של קמ""ט ארכיאולוגיה של הגדה המערבית מעיד על כך שיש כאן רצון לבצע מחטף ארכיאולוגי, קודם שהשטח יימסר לידי רשויות האוטונומיה או הממשל הפלשתיני ביריחו?",קצין מטה,,קצין מטה,verified,4,קצין מטה | קורס מפקדי טנקים | קצין מיון טרומי | מאה וארבעים ותשע (גימטריה),knesset,,knesset,13_ptm_532053.docx,clean,,human_review,knesset
kn4-0602,קמ״ט,"תלונה שהגיעה מטעם ועד הפעולה ברמות טופלה מייד על-ידי קמ""ט איכות הסביבה במינהל האזרחי, לשביעות רצון ועד הפעולה של השכונה.",קצין מטה,,קצין מטה,verified,4,קצין מטה | קורס מפקדי טנקים | קצין מיון טרומי | מאה וארבעים ותשע (גימטריה),knesset,,knesset,15_ptm_532937.docx,clean,,human_review,knesset
kn-0124,קמ״ט,"האם זה כולל הוצאות מטעם המינהל האזרחי – קמ""ט התיירות?",קצין מטה,,קצין מטה,verified,4,קצין מטה | קורס מפקדי טנקים | קצין מיון טרומי | מאה וארבעים ותשע (גימטריה),knesset,,knesset,13_ptm_532045.docx,clean,,human_review,knesset
kn4-0017,קמ״ט,"כל נושא אתרי העתיקות ביהודה ובשומרון הינו באחריות קמ""ט ארכיאולוגיה במינהל האזרחי ביהודה ושומרון הכפוף למתאם הפעולות בשטחים במשרד הביטחון.",קצין מטה,,קצין מטה,verified,4,קצין מטה | קורס מפקדי טנקים | קצין מיון טרומי | מאה וארבעים ותשע (גימטריה),knesset,,knesset,13_ptm_532175.docx,clean,,human_review,knesset
kn4-0481,איו״ש,"ל-2,000 מתוכם יש גם דבר מעבר לכך – יש להם גם היתר מעבר בין עזה לבין איו""ש, וזה דבר חריג, כמו שאתה יודע.",אזור יהודה ושומרון,,אזור יהודה ושומרון,verified,3,אזור יהודה ושומרון | אריכות ימים ושנים | שלוש מאות ושבע עשרה (גימטריה),knesset,,knesset,14_ptm_532674.docx,clean,,human_review,knesset
kn4-0444,איו״ש,"חלקם אזרחים ישראלים וחלקם תיירים, תושבי חוץ, ערביי שטחי איו""ש, עזה וסיני (מלפני החזרת השטח למצרים).",אזור יהודה ושומרון,,אזור יהודה ושומרון,verified,3,אזור יהודה ושומרון | אריכות ימים ושנים | שלוש מאות ושבע עשרה (גימטריה),knesset,,knesset,14_ptm_532591.docx,clean,,human_review,knesset
kn4-0514,איו״ש,"אין ספק, שמעשי האלימות האחרונים, ובפרט המעשה המחפיר בצומת איו""ש, מעיבים ומחבלים בניסיונות לקדם את תהליך השלום.",אזור יהודה ושומרון,,אזור יהודה ושומרון,verified,3,אזור יהודה ושומרון | אריכות ימים ושנים | שלוש מאות ושבע עשרה (גימטריה),knesset,,knesset,14_ptm_532725.docx,clean,,human_review,knesset
kn4-0476,איו״ש,"פיקוד מרכז ובכלל זה מפקדת איו""ש בסיוע משטרת ישראל, ימשיכו לפעול לאכיפת החוק והסדר.",אזור יהודה ושומרון,,אזור יהודה ושומרון,verified,3,אזור יהודה ושומרון | אריכות ימים ושנים | שלוש מאות ושבע עשרה (גימטריה),knesset,,knesset,14_ptm_532666.docx,clean,,human_review,knesset
nat-0004,איו״ש,"ב-1 ביוני 2026, חטיבת יהונתן שהוקמו במסגרת חטיבות המילואים ""חטיבות דוד"" תחת עוצבת גלעד הועברה לאוגדת איו""ש.",אזור יהודה ושומרון,איו״ש.01,אזור יהודה ושומרון,verified,2,אזור יהודה ושומרון | אריכות ימים ושנים,natural,no,wikipedia,אוגדת אזור יהודה ושומרון,,,wikipedia_natural,wiki_natural
kn4-0110,איו״ש,"לפי מה שנמסר מהמינהל האזרחי איו""ש, מדובר ב-25 עצי זית ותאנים בלבד.",אזור יהודה ושומרון,,אזור יהודה ושומרון,verified,3,אזור יהודה ושומרון | אריכות ימים ושנים | שלוש מאות ושבע עשרה (גימטריה),knesset,,knesset,13_ptm_532252.docx,clean,,human_review,knesset
kn4-0512,איו״ש,"בינתיים, בצומת איו""ש מתגודדים אלפי פלסטינים משולהבים.",אזור יהודה ושומרון,,אזור יהודה ושומרון,verified,3,אזור יהודה ושומרון | אריכות ימים ושנים | שלוש מאות ושבע עשרה (גימטריה),knesset,,knesset,14_ptm_532725.docx,clean,,human_review,knesset
kn4-0190,איו״ש,"מתוך מכסת כלל איו""ש מאושרות 116 מוניות מנפת רמאללה, אשר כולן מורשות לצאת לישראל, ובכלל זה לעבוד בקו ירושלים–רמאללה.",אזור יהודה ושומרון,,אזור יהודה ושומרון,verified,3,אזור יהודה ושומרון | אריכות ימים ושנים | שלוש מאות ושבע עשרה (גימטריה),knesset,,knesset,13_ptm_532297.docx,clean,,human_review,knesset
kn-0087,יש״י,"יש""י, יחד שבטי ישראל – לא ניתן לקבוע אם עמדו באיסורים על סכומי ההוצאות ועל תרומות.",יחד שבטי ישראל,,יחד שבטי ישראל,verified,3,יחידת השליטה הימית | יחד שבטי ישראל | שלוש מאות ועשרים (גימטריה),knesset,,knesset,13_ptm_532026.docx,clean,,human_review,knesset
kn-0214,בע״מ,"בעקבות תלונה על תיווך בלתי-חוקי בעובדים זרים, פתח המשרד בחקירה מקיפה נגד חברת ""טובלי בע""מ"".",בערבון מוגבל,,בערבון מוגבל,verified,5,בערבון מוגבל | בעל מלאכה | בעל מום | בקשת ערעור משפחה | מאה ושתים עשרה (גימטריה),knesset,,knesset,13_ptm_532099.docx,clean,,human_review,knesset
kn-0130,בע״מ,"חברת החשמל לישראל בע""מ, וכן חברת החשמל למחוז ירושלים בע""מ, פועלות מכוח זיכיון שהחל עוד בתקופת המנדט.",בערבון מוגבל,,בערבון מוגבל,verified,5,בערבון מוגבל | בעל מלאכה | בעל מום | בקשת ערעור משפחה | מאה ושתים עשרה (גימטריה),knesset,,knesset,13_ptm_532046.docx,clean,,human_review,knesset
kn-0176,בע״מ,"הריני להתייחס לעסקה אשר סוכמה בין 'צור-שמיר', חברה לביטוח בע""מ, ביניכם ובין חברות שבשליטתכם, למכירת מניות בנק לפיתוח התעשייה.",בערבון מוגבל,,בערבון מוגבל,verified,5,בערבון מוגבל | בעל מלאכה | בעל מום | בקשת ערעור משפחה | מאה ושתים עשרה (גימטריה),knesset,,knesset,13_ptm_532072.docx,clean,,human_review,knesset
kn4-0013,בע״מ,"לאחר התראה קצרה של חודשים מספר ימונה לרשות כונס נכסים כמו לכל חברה ציבורית או חברה בע""מ אחרת הנמצאת בכינוס נכסים.",בערבון מוגבל,,בערבון מוגבל,verified,5,בערבון מוגבל | בעל מלאכה | בעל מום | בקשת ערעור משפחה | מאה ושתים עשרה (גימטריה),knesset,,knesset,13_ptm_532170.docx,clean,,human_review,knesset
kn-0168,בע״מ,"חברת ""אינטל אלקטרוניקה בע""מ"" הגישה ביום 28 בספטמבר 1993 את בקשתה לקבלת מעמד של מפעל מאושר בגין תוכנית השקעה, הכוללת, בין היתר, חכירת קרקע נוספת הצמודה למפעל הקיים באזור הר-חוצבים.",בערבון מוגבל,,בערבון מוגבל,verified,5,בערבון מוגבל | בעל מלאכה | בעל מום | בקשת ערעור משפחה | מאה ושתים עשרה (גימטריה),knesset,,knesset,13_ptm_532068.docx,clean,,human_review,knesset
kn-0268,בע״מ,"אני מבין אם היה מדובר בחברה בע""מ, אבל סתם תאגיד, כל תאגיד, אפילו תאגיד פרטי של בעל ואשה או שני אחים שהקימו תאגיד – החוק לא חל עליהם.",בערבון מוגבל,,בערבון מוגבל,verified,5,בערבון מוגבל | בעל מלאכה | בעל מום | בקשת ערעור משפחה | מאה ושתים עשרה (גימטריה),knesset,,knesset,13_ptm_532133.docx,clean,,human_review,knesset
nat-0014,בע״מ,"על סמך החלטות אלו נחתם ב-2 בדצמבר 2002 הסכם בין המדינה לבין החברה לישראל בע""מ ובתי זיקוק לנפט בע""מ, על פיו הפיצול וההפרטה של בתי הזיקוק יבוצעו במהלך השנים 2004–2005.",בערבון מוגבל,בע״מ.01,בערבון מוגבל,verified,4,בערבון מוגבל | בעל מלאכה | בעל מום | בקשת ערעור משפחה,natural,yes,wikipedia,בתי זיקוק לנפט,,,wikipedia_natural,wiki_natural
kn-0095,בע״מ,"סעיף 4 להצעת החוק מחיל את החוק לגבי המקרה של ""הסנה חברה ישראלית לביטוח בע""מ"", שב-8 בדצמבר 1992 מונה לה מנהל מורשה.",בערבון מוגבל,,בערבון מוגבל,verified,5,בערבון מוגבל | בעל מלאכה | בעל מום | בקשת ערעור משפחה | מאה ושתים עשרה (גימטריה),knesset,,knesset,13_ptm_532028.docx,clean,,human_review,knesset
kn-0099,פר״ח,"מלגות פר""ח, פרויקט חונכות, שבמסגרתו פועלים כ-14,000 סטודנטים כחונכים הזוכים במלגות בשיעור של קרוב למחצית משכר הלימוד.",פרויקט חונכות,,פרויקט חונכות,verified,4,פרי חדש | פרויקט חונכות | פירש רבנו חננאל | מאתיים ושמונים ושמונה (גימטריה),knesset,,knesset,13_ptm_532030.docx,clean,,human_review,knesset
kn4-0498,פר״ח,"כך, למשל, נוסף מנגנון סיוע נוסף במסגרת חוק חיילים משוחררים וכן גדלו מספר המלגות בתוכניות פר""ח.",פרויקט חונכות,,פרויקט חונכות,verified,4,פרי חדש | פרויקט חונכות | פירש רבנו חננאל | מאתיים ושמונים ושמונה (גימטריה),knesset,,knesset,14_ptm_532708.docx,clean,,human_review,knesset
kn4-0332,פר״ח,"האם המפה צוירה מתוך מגמה פוליטית של אנשי פר""ח?",פרויקט חונכות,,פרויקט חונכות,verified,4,פרי חדש | פרויקט חונכות | פירש רבנו חננאל | מאתיים ושמונים ושמונה (גימטריה),knesset,,knesset,13_ptm_532427.docx,clean,,human_review,knesset
kn4-0311,פר״ח,"אין באפשרות משרד האוצר לכמת את המס הנגבה מהכנסת הסטודנטים המשתתפים בפרויקט, אולם, מאחר שבפועל מרבית הסטודנטים אינם ממוסים על הכנסתם ממלגת פר""ח, אין חשש שתשלום המס יפגע בפרויקט זה.",פרויקט חונכות,,פרויקט חונכות,verified,4,פרי חדש | פרויקט חונכות | פירש רבנו חננאל | מאתיים ושמונים ושמונה (גימטריה),knesset,,knesset,13_ptm_532405.docx,clean,,human_review,knesset
kn4-0506,פר״ח,"אם כן – מה היא הסיבה להבדלי הקצבות פר""ח ביישובים היהודיים והערביים?",פרויקט חונכות,,פרויקט חונכות,verified,4,פרי חדש | פרויקט חונכות | פירש רבנו חננאל | מאתיים ושמונים ושמונה (גימטריה),knesset,,knesset,14_ptm_532716.docx,clean,,human_review,knesset
kn4-0379,פר״ח,"על-פי ההערכה, אחד מכל שני סטודנטים ערבים נהנה ממלגת פר""ח, כאשר בקרב המגזר היהודי היחס הוא בערך אחד לכל שבעה סטודנטים.",פרויקט חונכות,,פרויקט חונכות,verified,4,פרי חדש | פרויקט חונכות | פירש רבנו חננאל | מאתיים ושמונים ושמונה (גימטריה),knesset,,knesset,14_ptm_532486.docx,clean,,human_review,knesset
kn4-0310,פר״ח,"בדרך כלל, הסטודנטים המשתתפים בפרויקט פר""ח, אינם מגיעים לסף המס, ולכן בפועל אינם משלמים מס על הכנסתם זו.",פרויקט חונכות,,פרויקט חונכות,verified,4,פרי חדש | פרויקט חונכות | פירש רבנו חננאל | מאתיים ושמונים ושמונה (גימטריה),knesset,,knesset,13_ptm_532405.docx,clean,,human_review,knesset
kn4-0308,פר״ח,"בפרויקט פר""ח מקבל סטודנט מלגה של חצי שכר לימוד בעבור שעות השקעה רבות מעבר לחובת ארבע שעות.",פרויקט חונכות,,פרויקט חונכות,verified,4,פרי חדש | פרויקט חונכות | פירש רבנו חננאל | מאתיים ושמונים ושמונה (גימטריה),knesset,,knesset,13_ptm_532405.docx,clean,,human_review,knesset
kn4-0595,קק״ל,"ההחלטה בדבר הסרת השלט התקבלה על-ידי ועדה ציבורית שהוקמה על-ידי קק""ל בעקבות דרישתם של חלק מיוצאי בולגריה ועמותת יוצאי תרקיה ומקדוניה.",קרן קיימת לישראל,,קרן קיימת לישראל,verified,3,קרן קיימת לישראל | קילו קלוריה | מאתיים ושלושים (גימטריה),knesset,,knesset,15_ptm_532916.docx,clean,,human_review,knesset
kn4-0596,קק״ל,"קק""ל מסרה למשרד החוץ, כי היא תקים אנדרטה מפוארת ביער אשר תהיה מכובדת וראויה לעם הבולגרי.",קרן קיימת לישראל,,קרן קיימת לישראל,verified,3,קרן קיימת לישראל | קילו קלוריה | מאתיים ושלושים (גימטריה),knesset,,knesset,15_ptm_532916.docx,clean,,human_review,knesset
nat-0093,קק״ל,"בחודש אוגוסט 2014 פורסם כי דירקטוריון קק""ל קיבל החלטה לפיה קק""ל תיערך להיפרדות מן המדינה והפסקת ההתקשרות עם רשות מקרקעי ישראל המנהלת את אדמות קק""ל.",קרן קיימת לישראל,קק״ל.01,קרן קיימת לישראל,verified,2,קרן קיימת לישראל | קילו קלוריה,natural,no,wikipedia,קרן קיימת לישראל,,,wikipedia_natural,wiki_natural
kn4-0531,קק״ל,"אני לא רוצה להיכנס כרגע לוויכוח בין קק""ל לבין רשות שמורות הטבע בעניין נטיעת עצי אורן.",קרן קיימת לישראל,,קרן קיימת לישראל,verified,3,קרן קיימת לישראל | קילו קלוריה | מאתיים ושלושים (גימטריה),knesset,,knesset,15_ptm_532757.docx,clean,,human_review,knesset
kn4-0062,קק״ל,"בשיתוף עם קק""ל נערך משרד החקלאות לתכנון שיקום תשתיות לחידוש לולי הפיטום במושב; 2.",קרן קיימת לישראל,,קרן קיימת לישראל,verified,3,קרן קיימת לישראל | קילו קלוריה | מאתיים ושלושים (גימטריה),knesset,,knesset,13_ptm_532225.docx,clean,,human_review,knesset
kn4-0537,קק״ל,"כל ההיבטים הסביבתיים נבחנו בעת תהליך התכנון ביחד עם קק""ל, מוסדות איכות הסביבה והגופים הירוקים.",קרן קיימת לישראל,,קרן קיימת לישראל,verified,3,קרן קיימת לישראל | קילו קלוריה | מאתיים ושלושים (גימטריה),knesset,,knesset,15_ptm_532772.docx,clean,,human_review,knesset
nat-0092,קק״ל,"לפני קום המדינה עסקה קק""ל בעיקר ברכישת קרקעות בארץ ישראל לשם יישוב יהודים בהן.",קרן קיימת לישראל,קק״ל.01,קרן קיימת לישראל,verified,2,קרן קיימת לישראל | קילו קלוריה,natural,no,wikipedia,קרן קיימת לישראל,,,wikipedia_natural,wiki_natural
kn4-0584,קק״ל,"היערכות למניעה ולסיכול שרפות בתיאום עם קק""ל ומשרד הפנים; ג.",קרן קיימת לישראל,,קרן קיימת לישראל,verified,3,קרן קיימת לישראל | קילו קלוריה | מאתיים ושלושים (גימטריה),knesset,,knesset,15_ptm_532880.docx,clean,,human_review,knesset
kn4-0094,תמ״א,"הממשלה הנוכחית אישרה את תוכנית המתאר הארצית, תמ""א 31, ובה נקבעו תכנון והקמה של בית-חולים בן 600 מיטות באשדוד, כאשר השלב הראשון יפעל עד שנת 1996.",תוכנית מתאר ארצית,,תוכנית מתאר ארצית,verified,3,תוכנית מתאר ארצית | תוספת מכסת אחוזים | ארבע מאות וארבעים ואחת (גימטריה),knesset,,knesset,13_ptm_532242.docx,clean,,human_review,knesset
kn4-0050,תמ״א,"לפי תוכנית מיתאר ארצית מס' 13 ולפי תמ""א 13ג – חוף הים התיכון, מיועד שטח אתר הקרוונים חצרות-יסף לתיירות.",תוכנית מתאר ארצית,,תוכנית מתאר ארצית,verified,3,תוכנית מתאר ארצית | תוספת מכסת אחוזים | ארבע מאות וארבעים ואחת (גימטריה),knesset,,knesset,13_ptm_532214.docx,clean,,human_review,knesset
kn4-0120,תמ״א,"תוכנית המתאר הארצית לחופים – תמ""א 13 – קובעת את רמת הפיתוח של מקטעי חוף ואת ייעודי השטחים לאורך רצועת החוף, ובכלל זה שמורות וגנים.",תוכנית מתאר ארצית,,תוכנית מתאר ארצית,verified,3,תוכנית מתאר ארצית | תוספת מכסת אחוזים | ארבע מאות וארבעים ואחת (גימטריה),knesset,,knesset,13_ptm_532257.docx,clean,,human_review,knesset
kn4-0106,תמ״א,"הממשלה אישרה הקמת בית-החולים באשדוד במסגרת תמ""א ארצית וכללית.",תוכנית מתאר ארצית,,תוכנית מתאר ארצית,verified,3,תוכנית מתאר ארצית | תוספת מכסת אחוזים | ארבע מאות וארבעים ואחת (גימטריה),knesset,,knesset,13_ptm_532249.docx,clean,,human_review,knesset
kn4-0192,תמ״א,"תמ""א 16, תוכנית מתאר ארצית 16, הוכנה כבר לפני 20 שנה.",תוכנית מתאר ארצית,,תוכנית מתאר ארצית,verified,3,תוכנית מתאר ארצית | תוספת מכסת אחוזים | ארבע מאות וארבעים ואחת (גימטריה),knesset,,knesset,13_ptm_532297.docx,clean,,human_review,knesset
kn-0165,תמ״א,"שר הבריאות ומשרד הבריאות מתנגדים לכך על אף החלטת הממשלה הזאת, שאישרה בישיבתה ב-21 בינואר 1993, במסגרת תוכנית מתאר ארצית, תמ""א 31, להקים באשדוד בית-חולים עם 600 מיטות, אשר בחלקו יתחיל לפעול כבר ב-1996.",תוכנית מתאר ארצית,,תוכנית מתאר ארצית,verified,3,תוכנית מתאר ארצית | תוספת מכסת אחוזים | ארבע מאות וארבעים ואחת (גימטריה),knesset,,knesset,13_ptm_532068.docx,clean,,human_review,knesset
nat-0117,תמ״א,"בתקופתה הוכנו שש תוכניות מתאר מחוזיות מעודכנות, ששימשו תשתית ישירה להכנתה של תמ""א 35, שאושרה מאוחר יותר בשנת 2005.",תוכנית מתאר ארצית,תמ״א.01,תוכנית מתאר ארצית,verified,2,תוכנית מתאר ארצית | תוספת מכסת אחוזים,natural,no,wikipedia,דינה רצ'בסקי,,,wikipedia_natural,wiki_natural
kn4-0202,תמ״א,"משלא הגענו להצעת פשרה הוחלט לפצל את החוק, ובפנינו מונחת לקריאה שנייה ושלישית הצעת חוק שמבטלת את תמ""א-18.",תוכנית מתאר ארצית,,תוכנית מתאר ארצית,verified,3,תוכנית מתאר ארצית | תוספת מכסת אחוזים | ארבע מאות וארבעים ואחת (גימטריה),knesset,,knesset,13_ptm_532303.docx,clean,,human_review,knesset
kn4-0049,ז״ל,"לא יעבור זמן רב והחבורה הזאת, החבורה המושפלת והרפויה של מפלגת העבודה, ז""ל, תובל חזרה אל האופוזיציה ומשם היא תשרת באמונה את עם ישראל.",זכרו לברכה; זכרונו לברכה,,זכרו לברכה; זכרונו לברכה,verified,8,זרע לבטלה | זכור לטוב | זכר לחורבן | זכרנו לחיים | זה לשונו | זכר לדבר | זכרו לברכה; זכרונו לברכה | שלושים ושבע (גימטריה),knesset,,knesset,13_ptm_532211.docx,clean,,human_review,knesset
kn4-0252,ז״ל,"עמד פה השר לשעבר רמון, ז""ל מבחינת היותו שר – – –",זכרו לברכה; זכרונו לברכה,,זכרו לברכה; זכרונו לברכה,verified,8,זרע לבטלה | זכור לטוב | זכר לחורבן | זכרנו לחיים | זה לשונו | זכר לדבר | זכרו לברכה; זכרונו לברכה | שלושים ושבע (גימטריה),knesset,,knesset,13_ptm_532364.docx,clean,,human_review,knesset
kn-0120,ז״ל,"פרצופיהם של אהוד חלמיש ז""ל, אשר עזרא ז""ל, יעקב גבאי ז""ל, דביר יעקב מור-חיים ז""ל, הם – אני מביאה מובאה מ""המודיע"" – ""פרצופיהם של חיות ילדים המעוררים רגשי חמלה ורחמים"".",זכרו לברכה; זכרונו לברכה,,זכרו לברכה; זכרונו לברכה,verified,8,זרע לבטלה | זכור לטוב | זכר לחורבן | זכרנו לחיים | זה לשונו | זכר לדבר | זכרו לברכה; זכרונו לברכה | שלושים ושבע (גימטריה),knesset,,knesset,13_ptm_532043.docx,clean,,human_review,knesset
kn4-0335,ז״ל,"פעולות אלה נמשכו, ועודן נמשכות, אף שגורמים רבים שאליהם פנה אביו של סרן אלתגר ז""ל קבעו כי החקירה מוצתה.",זכרו לברכה; זכרונו לברכה,,זכרו לברכה; זכרונו לברכה,verified,8,זרע לבטלה | זכור לטוב | זכר לחורבן | זכרנו לחיים | זה לשונו | זכר לדבר | זכרו לברכה; זכרונו לברכה | שלושים ושבע (גימטריה),knesset,,knesset,13_ptm_532427.docx,clean,,human_review,knesset
kn4-0327,ז״ל,"חברי הכנסת, מישהו מכם יכול בכלל לתאר לעצמו את מדינת ישראל הולכת לבחירות בתוך 60 יום מאז רצח יצחק רבין ז""ל?",זכרו לברכה; זכרונו לברכה,,זכרו לברכה; זכרונו לברכה,verified,8,זרע לבטלה | זכור לטוב | זכר לחורבן | זכרנו לחיים | זה לשונו | זכר לדבר | זכרו לברכה; זכרונו לברכה | שלושים ושבע (גימטריה),knesset,,knesset,13_ptm_532416.docx,clean,,human_review,knesset
kn4-0321,ז״ל,"לומר ""בעזרת האל"" זו עצה טובה, שאני השמעתי למר רבין ז""ל, ואני חוזר להציע למר פרס, שייבדל לחיים ארוכים.",זכרו לברכה; זכרונו לברכה,,זכרו לברכה; זכרונו לברכה,verified,8,זרע לבטלה | זכור לטוב | זכר לחורבן | זכרנו לחיים | זה לשונו | זכר לדבר | זכרו לברכה; זכרונו לברכה | שלושים ושבע (גימטריה),knesset,,knesset,13_ptm_532414.docx,clean,,human_review,knesset
nat-0021,ז״ל,"יש לנו בקבלת אבינו [רבי מרדכי] הטשערנאבליר ז״ל שלא לומר תורה, רק בעת ששורף אותו יפה בין שפתיו ולא יוכל להתאפק אז יאמר.",זרע לבטלה,ז״ל.01,זכרו לברכה; זכרונו לברכה,verified,7,זרע לבטלה | זכור לטוב | זכר לחורבן | זכרנו לחיים | זה לשונו | זכר לדבר | זכרו לברכה; זכרונו לברכה,natural,yes,wikipedia,בית צ'רנוביל,,,wikipedia_natural,wiki_natural
kn4-0005,ז״ל,"שר האוצר ציטט את אחד מראשי האיגודים שבא ואמר: דוח ועדת-זוסמן ז""ל.",זכרו לברכה; זכרונו לברכה,,זכרו לברכה; זכרונו לברכה,verified,8,זרע לבטלה | זכור לטוב | זכר לחורבן | זכרנו לחיים | זה לשונו | זכר לדבר | זכרו לברכה; זכרונו לברכה | שלושים ושבע (גימטריה),knesset,,knesset,13_ptm_532164.docx,clean,,human_review,knesset
nat-0049,מ״מ,"דגם ה-OLED כולל צג OLED בגודל 7 אינץ' (180 מ""מ) 720p, וכשהוא מחובר לעגינה, פלט ברזולוציית 1080p בדומה לדגם המקורי.",מילימטר,מ״מ.01,מילימטר,verified,16,מילימטר | ממלא מקום | מכל מקום | מערכות מידע | מפקד מחלקה | מראה מקום | משתנה מקרי | מרחב מטרי | מגיד מישרים | מרחב מכפלה | מערכות מחשב | מגיד משנה | מערך המבצעים המיוחדים | מכונאי מוטס | מקרא מגילה | מרחב מדגם,natural,yes,wikipedia,נינטנדו סוויץ',,,wikipedia_natural,wiki_natural
kn4-0407,מ״מ,"לא היו נפגעים ולא היה נזק, למעט חדירת כדור 9 מ""מ לבית פלסטיני בקסבה.",מילימטר,,מילימטר,verified,18,מילימטר | ממלא מקום | מכל מקום | מערכות מידע | מפקד מחלקה | מראה מקום | משתנה מקרי | מרחב מטרי | מגיד מישרים | מרחב מכפלה | מערכות מחשב | מגיד משנה | מערך המבצעים המיוחדים | מכונאי מוטס | מקרא מגילה | מרחב מדגם | שמונים (גימטריה) | מעצר מנהלי,knesset,,knesset,14_ptm_532538.docx,clean,,human_review,knesset
kn4-0386,מ״מ,"על אחד מזנבות פצצות המרגמה 120 מ""מ היו כתובות אירניות, שמצביעות על המקום שממנו הגיעה התחמושת הזו.",מילימטר,,מילימטר,verified,18,מילימטר | ממלא מקום | מכל מקום | מערכות מידע | מפקד מחלקה | מראה מקום | משתנה מקרי | מרחב מטרי | מגיד מישרים | מרחב מכפלה | מערכות מחשב | מגיד משנה | מערך המבצעים המיוחדים | מכונאי מוטס | מקרא מגילה | מרחב מדגם | שמונים (גימטריה) | מעצר מנהלי,knesset,,knesset,14_ptm_532499.docx,clean,,human_review,knesset
nat-0051,מ״מ,"בחודשים היבשים ביותר כמות המשקעים היא פחות מ־60 מ""מ בחודש.",מילימטר,מ״מ.01,מילימטר,verified,16,מילימטר | ממלא מקום | מכל מקום | מערכות מידע | מפקד מחלקה | מראה מקום | משתנה מקרי | מרחב מטרי | מגיד מישרים | מרחב מכפלה | מערכות מחשב | מגיד משנה | מערך המבצעים המיוחדים | מכונאי מוטס | מקרא מגילה | מרחב מדגם,natural,yes,wikipedia,אקלים סוואנה טרופי,,,wikipedia_natural,wiki_natural
kn4-0328,מ״מ,"באורון יורדים מקסימום 100 מ""מ משקעים בשנה, לעומת 400 בדודאים, מה שמאפשר הקטנת הצורך בניקוז למינימום.",מילימטר,,מילימטר,verified,18,מילימטר | ממלא מקום | מכל מקום | מערכות מידע | מפקד מחלקה | מראה מקום | משתנה מקרי | מרחב מטרי | מגיד מישרים | מרחב מכפלה | מערכות מחשב | מגיד משנה | מערך המבצעים המיוחדים | מכונאי מוטס | מקרא מגילה | מרחב מדגם | שמונים (גימטריה) | מעצר מנהלי,knesset,,knesset,13_ptm_532416.docx,clean,,human_review,knesset
kn4-0448,מ״מ,"לכן, אתה היום בעצם מ""מ-מ""מ, כלומר ממלא-מקום של ממלא-מקום, כי אני מבין שהיושב-ראש הוא ממלא-מקום של הנשיא.",ממלא מקום,,ממלא מקום,verified,18,מילימטר | ממלא מקום | מכל מקום | מערכות מידע | מפקד מחלקה | מראה מקום | משתנה מקרי | מרחב מטרי | מגיד מישרים | מרחב מכפלה | מערכות מחשב | מגיד משנה | מערך המבצעים המיוחדים | מכונאי מוטס | מקרא מגילה | מרחב מדגם | שמונים (גימטריה) | מעצר מנהלי,knesset,,knesset,14_ptm_532610.docx,clean,,human_review,knesset
nat-0052,מ״מ,"יגאל תמיר (יניב ביטון) - מ""מ של המאבטח, קיבל יחס קר מפולישוק לאור העובדה שהיה דומה ליגאל עמיר, רוצחו של ראש ממשלת ישראל, יצחק רבין והיה בעל שם דומה.",ממלא מקום,מ״מ.02,ממלא מקום,verified,16,מילימטר | ממלא מקום | מכל מקום | מערכות מידע | מפקד מחלקה | מראה מקום | משתנה מקרי | מרחב מטרי | מגיד מישרים | מרחב מכפלה | מערכות מחשב | מגיד משנה | מערך המבצעים המיוחדים | מכונאי מוטס | מקרא מגילה | מרחב מדגם,natural,yes,wikipedia,פולישוק (סדרת טלוויזיה),,,wikipedia_natural,wiki_natural
nat-0050,מ״מ,"כמות המשקעים הממוצעת היא 700 - 1,500 מ״מ בשנה ברוב האזורים בהם מתקיים אקלים סובטרופי גשום.",מילימטר,מ״מ.01,מילימטר,verified,16,מילימטר | ממלא מקום | מכל מקום | מערכות מידע | מפקד מחלקה | מראה מקום | משתנה מקרי | מרחב מטרי | מגיד מישרים | מרחב מכפלה | מערכות מחשב | מגיד משנה | מערך המבצעים המיוחדים | מכונאי מוטס | מקרא מגילה | מרחב מדגם,natural,yes,wikipedia,אקלים סובטרופי גשום,,,wikipedia_natural,wiki_natural
nat-0007,אמ״ן,"ועדת חקירה שהוקמה בעקבות האירוע הטילה את האחריות על ראש אגף המטה הכללי, האלוף מאיר זורע, ועל ראש אמ""ן, האלוף יהושפט הרכבי.",אגף מודיעין,אמ״ן.01,אגף מודיעין,verified,2,אגף מודיעין | אל מלך נאמן,natural,yes,wikipedia,אגף המודיעין,,,wikipedia_natural,wiki_natural
kn4-0132,אמ״ן,"הנה אני שומע, שבאחד מדיוני ועדת החוץ והביטחון נשאל ראש אמ""ן, לאחר הסכם אוסלו, האם יש הסכמים נוספים, וראש אמ""ן אומר: אין הסכמים, יש הבנות.",אגף מודיעין,,אגף מודיעין,verified,3,אגף מודיעין | אל מלך נאמן | תשעים ואחת (גימטריה),knesset,,knesset,13_ptm_532265.docx,clean,,human_review,knesset
kn4-0082,אמ״ן,"והנה, תוך כדי שהייה של אנשים אחדים, ואני ביניהם, בעמדת הסוואה מכוסה ברשת, בחולות המפורסמים, נכנס אלוף, לא גבה-קומה, ואני כבר ידעתי שזה ראש אמ""ן.",אגף מודיעין,,אגף מודיעין,verified,3,אגף מודיעין | אל מלך נאמן | תשעים ואחת (גימטריה),knesset,,knesset,13_ptm_532232.docx,clean,,human_review,knesset
nat-0006,אמ״ן,"בעקבות פרשה זו הודח גיבלי מתפקיד ראש אמ""ן, ובמקומו מונה יהושפט הרכבי.",אגף מודיעין,אמ״ן.01,אגף מודיעין,verified,2,אגף מודיעין | אל מלך נאמן,natural,yes,wikipedia,אגף המודיעין,,,wikipedia_natural,wiki_natural
kn4-0026,אמ״ן,"ומה נמתין, להערכת אמ""ן בדבר סבירות נמוכה או גבוהה למלחמה, כדי להקדים אותם ולהשתלט על גב ההר?",אגף מודיעין,,אגף מודיעין,verified,3,אגף מודיעין | אל מלך נאמן | תשעים ואחת (גימטריה),knesset,,knesset,13_ptm_532188.docx,clean,,human_review,knesset
kn4-0125,אמ״ן,"ראש אמ""ן מופיע בראיונות של סוף השבוע עם דעה מסוימת ביחס לרמת-הגולן.",אגף מודיעין,,אגף מודיעין,verified,3,אגף מודיעין | אל מלך נאמן | תשעים ואחת (גימטריה),knesset,,knesset,13_ptm_532262.docx,clean,,human_review,knesset
kn4-0108,אמ״ן,"ראש אמ""ן אמר שאין להם שום בעיה של יכולת להילחם בטרור.",אגף מודיעין,,אגף מודיעין,verified,3,אגף מודיעין | אל מלך נאמן | תשעים ואחת (גימטריה),knesset,,knesset,13_ptm_532251.docx,clean,,human_review,knesset
kn4-0169,אמ״ן,"הנושא איננו האדם אורי שגיא, אלא קבלה או אי-קבלה של תחזיות אמ""ן, וחשש חס וחלילה למחדלים עתידיים כתוצאה מאי-הצגת תחזיות, מחשש שמקבל תחזיות אלה לא יאהב אותן.",אגף מודיעין,,אגף מודיעין,verified,3,אגף מודיעין | אל מלך נאמן | תשעים ואחת (גימטריה),knesset,,knesset,13_ptm_532285.docx,clean,,human_review,knesset
kn4-0315,כ״ח,"נדמה לי שבספר דברים פרק כ""ח כתוב: וכל המכה שלא כתובה בתורה.",עשרים ושמונה (גימטריה),,עשרים ושמונה (גימטריה),verified,5,כהנא חי | כתיב חסר | כדור חוזר | כינוי חבור | עשרים ושמונה (גימטריה),knesset,,knesset,13_ptm_532411.docx,clean,,human_review,knesset
kn4-0447,כ״ח,"ביום שני, כ""ח בכסליו, פורסמה ב""ידיעות אחרונות"" רשימה, שמצטטת בעצם את ה""טיים"" שמדווח על טילי ""לאו"", טילי ""טאו"" וטילים אחרים, שערפאת אוגר ברשות הפלשתינית.",עשרים ושמונה (גימטריה),,עשרים ושמונה (גימטריה),verified,5,כהנא חי | כתיב חסר | כדור חוזר | כינוי חבור | עשרים ושמונה (גימטריה),knesset,,knesset,14_ptm_532604.docx,clean,,human_review,knesset
kn4-0418,כ״ח,"כדי שלא לגרום לחילול שבת וכדי לציין באורח ממלכתי ומכובד את יום הזיכרון לשואה ולגבורה, הציעה הממשלה, כהוראת שעה, כי יום הזיכרון יידחה ביום אחד והוא יקוים השנה ביום שני בשבוע, כ""ח בניסן.",עשרים ושמונה (גימטריה),,עשרים ושמונה (גימטריה),verified,5,כהנא חי | כתיב חסר | כדור חוזר | כינוי חבור | עשרים ושמונה (גימטריה),knesset,,knesset,14_ptm_532553.docx,clean,,human_review,knesset
kn4-0419,כ״ח,"אי-לכך החליטה הוועדה לחוקק חוק כהוראת קבע – הוראת קבע ולא כהוראת שעה בלבד, כך שבכל שנה שבה יחול יום הזיכרון לשואה ולגבורה ביום ראשון בשבוע, הוא יידחה ליום שני בשבוע ויחול ביום כ""ח בניסן.",עשרים ושמונה (גימטריה),,עשרים ושמונה (גימטריה),verified,5,כהנא חי | כתיב חסר | כדור חוזר | כינוי חבור | עשרים ושמונה (גימטריה),knesset,,knesset,14_ptm_532553.docx,clean,,human_review,knesset
kn4-0019,כ״ח,"ההצעה קובעת: הכנסת מכריזה בזה על יום כ""ח באייר כעל יום ירושלים, שיוחג מדי שנה כחג המדינה וייקרא בשם יום ירושלים.",עשרים ושמונה (גימטריה),,עשרים ושמונה (גימטריה),verified,5,כהנא חי | כתיב חסר | כדור חוזר | כינוי חבור | עשרים ושמונה (גימטריה),knesset,,knesset,13_ptm_532178.docx,clean,,human_review,knesset
kn4-0482,כ״ח,"ב-24 באפריל, כ""ח בניסן, התקיים במקום טקס תפילת אשכבה, והמצבות וחלקי המצבות שנתגלו בעבודות הרחבת הכביש הועברו לבית-הקברות החדש.",עשרים ושמונה (גימטריה),,עשרים ושמונה (גימטריה),verified,5,כהנא חי | כתיב חסר | כדור חוזר | כינוי חבור | עשרים ושמונה (גימטריה),knesset,,knesset,14_ptm_532674.docx,clean,,human_review,knesset
kn4-0296,כ״ח,"ישיבת הכנסת – מחר, אם ירצה השם, יום שלישי, כ""ח בסיוון, בשעה 16:00.",עשרים ושמונה (גימטריה),,עשרים ושמונה (גימטריה),verified,5,כהנא חי | כתיב חסר | כדור חוזר | כינוי חבור | עשרים ושמונה (גימטריה),knesset,,knesset,13_ptm_532395.docx,clean,,human_review,knesset
kn4-0146,כ״ח,"ובאותו היום הנשגב, כ""ח באייר, נפתחו השמים וכל עם ישראל ראה את מראות אלוקים, כאשר הלוחמים האמיצים, בהקרבה ללא גבול ובחירוף נפש, תקעו שוב את היתד לבניין ירושלים הגדולה והמאוחדת.",עשרים ושמונה (גימטריה),,עשרים ושמונה (גימטריה),verified,5,כהנא חי | כתיב חסר | כדור חוזר | כינוי חבור | עשרים ושמונה (גימטריה),knesset,,knesset,13_ptm_532270.docx,clean,,human_review,knesset
kn-0159,ת״ש,"האם קיימת התייחסות ספציפית לבעיות הקשורות למגויסים מעולי אתיופיה – מבחינת בעיות ת""ש, בעיות הסתגלות, חוסר התמצאות במערכת הצבאית, אי-ידיעת מלוא זכויותיהם כחיילים?",תנאי שירות,,תנאי שירות,verified,6,תפילת שחרית | תקיעת שופר | תנאי שירות | תחנת שאיבה | בא שמע | שבע מאות (גימטריה),knesset,,knesset,13_ptm_532065.docx,clean,,human_review,knesset
kn4-0070,ת״ש,"על כן, אין צורך בהכשרה מקצועית של מש""קיות ת""ש.",תנאי שירות,,תנאי שירות,verified,6,תפילת שחרית | תקיעת שופר | תנאי שירות | תחנת שאיבה | בא שמע | שבע מאות (גימטריה),knesset,,knesset,13_ptm_532228.docx,clean,,human_review,knesset
kn4-0071,ת״ש,"מעבר לכך, כל חייל בודד מטופל על-ידי מש""קית ת""ש ביחידתו.",תנאי שירות,,תנאי שירות,verified,6,תפילת שחרית | תקיעת שופר | תנאי שירות | תחנת שאיבה | בא שמע | שבע מאות (גימטריה),knesset,,knesset,13_ptm_532228.docx,clean,,human_review,knesset
kn4-0579,ת״ש,"האם היא מהווה קצינת ת""ש אזרחית לנשים שעובדות במועצה?",תנאי שירות,,תנאי שירות,verified,6,תפילת שחרית | תקיעת שופר | תנאי שירות | תחנת שאיבה | בא שמע | שבע מאות (גימטריה),knesset,,knesset,15_ptm_532872.docx,clean,,human_review,knesset
kn4-0635,ת״ש,"באמת, הרבה מאוד שנים, ויש קמב""ציות ויש פקידות ת""ש ביחידות – –",תנאי שירות,,תנאי שירות,verified,6,תפילת שחרית | תקיעת שופר | תנאי שירות | תחנת שאיבה | בא שמע | שבע מאות (גימטריה),knesset,,knesset,15_ptm_532985.docx,clean,,human_review,knesset
kn4-0636,ת״ש,"אבל עכשיו אלה כבר לא מדריכות ולא מש""קיות ת""ש, ולא פקידות פלוגתיות, אלא לוחמות ממש.",תנאי שירות,,תנאי שירות,verified,6,תפילת שחרית | תקיעת שופר | תנאי שירות | תחנת שאיבה | בא שמע | שבע מאות (גימטריה),knesset,,knesset,15_ptm_532985.docx,clean,,human_review,knesset
kn4-0577,הרא״ה,"עד שהוא יתפוס את מקומו אני רוצה לקדם בברכה את תלמידי ישיבת כפר-הרא""ה שהגיעו לכאן לצפות בנו.",הרב אברהם יצחק הכהן קוק,,הרב אברהם יצחק הכהן קוק,verified,3,הרב אברהם יצחק הכהן קוק | רבי אהרן הלוי | מאתיים ואחת עשרה (גימטריה),knesset,,knesset,15_ptm_532851.docx,clean,,human_review,knesset
kn-0277,הרא״ה,"חלק מהילדים עוברים ונקלטים במוסדות כמו כפר-פינס, כפר-אברהם, כפר-הרא""ה, כדי ללמד אותם שם קצת יהדות, משום שהם צריכים לעבור אחר כך את התהליך המחייב.",הרב אברהם יצחק הכהן קוק,,הרב אברהם יצחק הכהן קוק,verified,3,הרב אברהם יצחק הכהן קוק | רבי אהרן הלוי | מאתיים ואחת עשרה (גימטריה),knesset,,knesset,13_ptm_532145.docx,clean,,human_review,knesset
kn4-0238,הרא״ה,"היינו בני-פלוגתא בשאלות רבות, אבל דווקא היום העלינו על נס את הישיבה שהוא עמד בראשה, ישיבת כפר-הרא""ה, שהגיעה להישג מופלג בקליטת תלמידים יוצאי אתיופיה.",הרב אברהם יצחק הכהן קוק,,הרב אברהם יצחק הכהן קוק,verified,3,הרב אברהם יצחק הכהן קוק | רבי אהרן הלוי | מאתיים ואחת עשרה (גימטריה),knesset,,knesset,13_ptm_532346.docx,clean,,human_review,knesset
kn4-0464,הרא״ה,"הוא עושה עבודה מצוינת, ואני מציע לתושבי כפר-הרא""ה להיפגש אתו, הוא יעזור להם.",הרב אברהם יצחק הכהן קוק,,הרב אברהם יצחק הכהן קוק,verified,3,הרב אברהם יצחק הכהן קוק | רבי אהרן הלוי | מאתיים ואחת עשרה (גימטריה),knesset,,knesset,14_ptm_532652.docx,clean,,human_review,knesset
kn4-0463,הרא״ה,"אכן, במחצית הראשונה של שנת 1998 חלה עלייה בעבירות הרכוש ביישובים כפר-הרא""ה, אלישיב, ובמידת מה גם ביישוב חיבת-ציון, לעומת התקופה המקבילה בשנה שעברה.",הרב אברהם יצחק הכהן קוק,,הרב אברהם יצחק הכהן קוק,verified,3,הרב אברהם יצחק הכהן קוק | רבי אהרן הלוי | מאתיים ואחת עשרה (גימטריה),knesset,,knesset,14_ptm_532652.docx,clean,,human_review,knesset
kn4-0421,הרא״ה,"יליד חיפה, תלמיד בבית-הספר ""יבנה"" וחניך ישיבת ""בני עקיבא"" בכפר-הרא""ה.",הרב אברהם יצחק הכהן קוק,,הרב אברהם יצחק הכהן קוק,verified,3,הרב אברהם יצחק הכהן קוק | רבי אהרן הלוי | מאתיים ואחת עשרה (גימטריה),knesset,,knesset,14_ptm_532555.docx,clean,,human_review,knesset
kn4-0223,הרא״ה,"אני חושב שמן הראוי היה שהכנסת תייחד דיון לתרומתו של הרב משה צבי נריה לדמותה הרוחנית של מדינת ישראל עם הקמת ישיבת ""בני עקיבא"" כפר-הרא""ה, הישיבות התיכוניות והאולפנות, ישיבות ההסדר ודור הכיפות הסרוגות.",הרב אברהם יצחק הכהן קוק,,הרב אברהם יצחק הכהן קוק,verified,3,הרב אברהם יצחק הכהן קוק | רבי אהרן הלוי | מאתיים ואחת עשרה (גימטריה),knesset,,knesset,13_ptm_532336.docx,clean,,human_review,knesset
kn4-0236,הרא״ה,") הלך מאתנו הבוקר חבר הכנסת לשעבר משה צבי נריה, ובשעות אלו ממש הוא מובא למנוחת עולמים בבית-העלמין בכפר-הרא""ה.",הרב אברהם יצחק הכהן קוק,,הרב אברהם יצחק הכהן קוק,verified,3,הרב אברהם יצחק הכהן קוק | רבי אהרן הלוי | מאתיים ואחת עשרה (גימטריה),knesset,,knesset,13_ptm_532346.docx,clean,,human_review,knesset
kn4-0383,ת״ק,"יש אצל ראש הממשלה הזה, לצערי הרב, הבדל בין אמר לעשה ת""ק על ת""ק פרסה, וזה מטריד אותי מאוד.",חמש מאות (גימטריה),,חמש מאות (גימטריה),verified,3,תנא קמא | תביעות קטנות | חמש מאות (גימטריה),knesset,,knesset,14_ptm_532491.docx,clean,,human_review,knesset
kn4-0340,ת״ק,"חברי הכנסת, כל הארץ היתה צריכה להזדעזע ת""ק פרסה על ת""ק פרסה כאשר מי שממונה על המשפט ברשות הפלשתינית השווה את מדינת ישראל, ביחסה לפלשתינים, לנאצים, יימח שמם, ביחסם ליהודים.",חמש מאות (גימטריה),,חמש מאות (גימטריה),verified,3,תנא קמא | תביעות קטנות | חמש מאות (גימטריה),knesset,,knesset,13_ptm_532431.docx,clean,,human_review,knesset
kn-0174,ת״ק,"וחיינו כפי שהם, והם מדיפים – החיים היומיומיים, הפשוטים, החיים בלי מליצות, מדיפים ריח כבד ת""ק על ת""ק פרסה.",חמש מאות (גימטריה),,חמש מאות (גימטריה),verified,3,תנא קמא | תביעות קטנות | חמש מאות (גימטריה),knesset,,knesset,13_ptm_532070.docx,human_review,,human_review,knesset
kn4-0520,ת״ק,"העם, החברה והרחוב כבר רחוקים מאתנו ת""ק פרסה על ת""ק פרסה.",חמש מאות (גימטריה),,חמש מאות (גימטריה),verified,3,תנא קמא | תביעות קטנות | חמש מאות (גימטריה),knesset,,knesset,15_ptm_532735.docx,clean,,human_review,knesset
kn4-0342,ת״ק,"כל מי שמופיע כאן מול המיקרופון מביע את דעתו, כפי שאתה הבעת את דעתך, שלדעתי היתה רחוקה מהאמת האובייקטיבית ת""ק פרסה.",חמש מאות (גימטריה),,חמש מאות (גימטריה),verified,3,תנא קמא | תביעות קטנות | חמש מאות (גימטריה),knesset,,knesset,13_ptm_532434.docx,clean,,human_review,knesset
kn4-0054,ת״ק,"הייתי שם כמה פעמים, זה באמת אחד המקומות שריחם הולך ת""ק על ת""ק פרסה.",חמש מאות (גימטריה),,חמש מאות (גימטריה),verified,3,תנא קמא | תביעות קטנות | חמש מאות (גימטריה),knesset,,knesset,13_ptm_532216.docx,clean,,human_review,knesset
kn-0258,ת״ק,"כיוון שהגיע לחצי חומה נעץ ציפורניו בחומה ונזדעזעה ארץ ישראל ארבע מאות פרסה על ארבע מאות פרסה; ת""ק על ת""ק פרסה.",חמש מאות (גימטריה),,חמש מאות (גימטריה),verified,3,תנא קמא | תביעות קטנות | חמש מאות (גימטריה),knesset,,knesset,13_ptm_532126.docx,human_review,,human_review,knesset
kn4-0341,ת״ק,"אם צריך להשמיץ את התנועה הקיבוצית, גם אם העובדות הן שונות לחלוטין, גם אם העובדות רחוקות ממה שנאמר ת""ק פרסה, זה לא משנה.",חמש מאות (גימטריה),,חמש מאות (גימטריה),verified,3,תנא קמא | תביעות קטנות | חמש מאות (גימטריה),knesset,,knesset,13_ptm_532434.docx,clean,,human_review,knesset
kn-0178,ת״ב,"הצעת התיקון היא פרי יוזמתה הברוכה של חברת הכנסת נעמי חזן בהצעת חוק ת""ב, אשר הובאה לדיון מוקדם במליאת הכנסת ביום 24 בפברואר 1993 ולקריאה ראשונה ביום 31 במאי 1993.",ארבע מאות ושתיים (גימטריה),,ארבע מאות ושתיים (גימטריה),verified,4,תשעה באב | תעודת בגרות | תרגילי בית | ארבע מאות ושתיים (גימטריה),knesset,,knesset,13_ptm_532073.docx,human_review,,human_review,knesset
kn4-0615,שח״ר,"בתום תקופת ההתקשרות עם אגף שח""ר, יפרסם המשרד מכרז להמשך הפעלת הפרויקט ויקבע את היקף יישומו בבתי-הספר הערביים.",שירותי חינוך ורווחה,,שירותי חינוך ורווחה,verified,4,שירותי חינוך ורווחה | שיבוץ וחזרה לשירות | תנועה פוליטית שהוקמה בשלהי הכנסת ה-15 | חמש מאות ושמונה (גימטריה),knesset,,knesset,15_ptm_532948.docx,clean,,human_review,knesset
kn4-0455,שח״ר,"הפרויקט מבוסס על התפיסה החינוכית המרכזית באגף שח""ר, כי ""כל תלמיד יכול"", והינו נדבך נוסף וחשוב של כמה פרויקטים לקידום לבגרות בקרב האוכלוסיות החלשות.",שירותי חינוך ורווחה,,שירותי חינוך ורווחה,verified,4,שירותי חינוך ורווחה | שיבוץ וחזרה לשירות | תנועה פוליטית שהוקמה בשלהי הכנסת ה-15 | חמש מאות ושמונה (גימטריה),knesset,,knesset,14_ptm_532626.docx,clean,,human_review,knesset
kn-0185,שח״ר,"אגף שח""ר עובד בעיקר בהתאם לתוכנית הרווחה והשיקום ביישובים שנקבעו על-פי החלטת הממשלה וועדת שרים.",שירותי חינוך ורווחה,,שירותי חינוך ורווחה,verified,4,שירותי חינוך ורווחה | שיבוץ וחזרה לשירות | תנועה פוליטית שהוקמה בשלהי הכנסת ה-15 | חמש מאות ושמונה (גימטריה),knesset,,knesset,13_ptm_532079.docx,clean,,human_review,knesset
kn4-0607,שח״ר,"אם תציצו בתקציב תראו איך מקצצים בחינוך, ובתוך מערכת החינוך מקצצים באותו אגף, אגף שח""ר, שירותי חברה ורווחה, שאמור לעזור לילדים במצוקה ולפתרון בעיות חברתיות מיוחדות.",שירותי חינוך ורווחה,,שירותי חינוך ורווחה,verified,4,שירותי חינוך ורווחה | שיבוץ וחזרה לשירות | תנועה פוליטית שהוקמה בשלהי הכנסת ה-15 | חמש מאות ושמונה (גימטריה),knesset,,knesset,15_ptm_532939.docx,clean,,human_review,knesset
kn-0184,שח״ר,"(לא נקראה, נמסרה לפרוטוקול) התוכנית אכן מתוקצבת באגף שח""ר, ובדרך כלל תוקצבה יותר מהתכנון הצפוי לשנת הכספים, בהתאם למדד ההתייקרויות במשרד.",שירותי חינוך ורווחה,,שירותי חינוך ורווחה,verified,4,שירותי חינוך ורווחה | שיבוץ וחזרה לשירות | תנועה פוליטית שהוקמה בשלהי הכנסת ה-15 | חמש מאות ושמונה (גימטריה),knesset,,knesset,13_ptm_532079.docx,clean,,human_review,knesset
kn4-0516,שח״ר,"חבר הכנסת יצחק כהן, בתקציב אגף שח""ר יש 188 מיליון שקל.",שירותי חינוך ורווחה,,שירותי חינוך ורווחה,verified,4,שירותי חינוך ורווחה | שיבוץ וחזרה לשירות | תנועה פוליטית שהוקמה בשלהי הכנסת ה-15 | חמש מאות ושמונה (גימטריה),knesset,,knesset,14_ptm_532727.docx,clean,,human_review,knesset
kn-0187,שח״ר,"תפקיד אגף שח""ר הינו לדאוג לקידום ההישגים הלימודיים של האוכלוסיות החלשות במערכת החינוך.",שירותי חינוך ורווחה,,שירותי חינוך ורווחה,verified,4,שירותי חינוך ורווחה | שיבוץ וחזרה לשירות | תנועה פוליטית שהוקמה בשלהי הכנסת ה-15 | חמש מאות ושמונה (גימטריה),knesset,,knesset,13_ptm_532079.docx,clean,,human_review,knesset
kn4-0385,שח״ר,"לא קיימות תוכניות פיתוח, שח""ר לא קיים, ועכשיו מוסיפים קיצוץ נוסף, כדי שנוציא לשוק המובטלים מורים רבים מאוד, משום שיש עודף של מורים בבתי-הספר הערביים.",שירותי חינוך ורווחה,,שירותי חינוך ורווחה,verified,4,שירותי חינוך ורווחה | שיבוץ וחזרה לשירות | תנועה פוליטית שהוקמה בשלהי הכנסת ה-15 | חמש מאות ושמונה (גימטריה),knesset,,knesset,14_ptm_532495.docx,clean,,human_review,knesset
kn-0189,ע״ש,"ועוד מכתב על משה חוברה, ממינהל האוכלוסין: ""בעניין בקשתך למתן תעודת פטירה ע""ש חוברה משה, צר לנו להודיעך כי לא מצאנו את שם המנוח/ה בפנקס הפטירות"".",על שם,,על שם,verified,7,על שום | עמוד השדרה | ערב שבת | עיין שם | עיקר שכחתי | על שם | שלוש מאות ושבעים (גימטריה),knesset,,knesset,13_ptm_532081.docx,human_review,,human_review,knesset
kn4-0559,ע״ש,"מרכז חינוכי ע""ש משה שרת – כנס בין-יבשתי לשלום; 2.",על שם,,על שם,verified,7,על שום | עמוד השדרה | ערב שבת | עיין שם | עיקר שכחתי | על שם | שלוש מאות ושבעים (גימטריה),knesset,,knesset,15_ptm_532799.docx,clean,,human_review,knesset
kn4-0560,ע״ש,"האוניברסיטה העברית – המרכז הבין-לאומי לחקר האנטישמיות ע""ש וידאל ששון, סדנה בנושא ""היהודים והאנטישמיות בשיח הציבור הפוסט-קומוניסטי במזרח-אירופה""; 16.",על שם,,על שם,verified,7,על שום | עמוד השדרה | ערב שבת | עיין שם | עיקר שכחתי | על שם | שלוש מאות ושבעים (גימטריה),knesset,,knesset,15_ptm_532799.docx,clean,,human_review,knesset
kn4-0561,ע״ש,"המרכז הקהילתי ע""ש סאלי ופיליפ ליאון – פרויקט ""גשר לשלום"" בין בני נוער ישראלי וירדני.",על שם,,על שם,verified,7,על שום | עמוד השדרה | ערב שבת | עיין שם | עיקר שכחתי | על שם | שלוש מאות ושבעים (גימטריה),knesset,,knesset,15_ptm_532799.docx,clean,,human_review,knesset
kn-0190,ב״א,"חבר הכנסת יהלום, כשהוא אומר שלילי, זה לא מפני שחסרה לו תעודת הוראה, או שאין לו תואר ב""א, או שהוא לא בוגר סמינר.",בּוֹגֵר אוּנִיבֶרְסִיטָה,,בּוֹגֵר אוּנִיבֶרְסִיטָה,verified,4,בן אדם | ב' אֲלָפִים | בּוֹגֵר אוּנִיבֶרְסִיטָה | שלוש (גימטריה),knesset,,knesset,13_ptm_532083.docx,clean,,human_review,knesset
kn4-0377,ב״א,"כמו שאני מאמין, הם צריכים לתת פתרון להשכלה גבוהה לתואר ב""א, כאשר האוניברסיטאות צריכות לאפשר מחקר ותארים גבוהים יותר.",בּוֹגֵר אוּנִיבֶרְסִיטָה,,בּוֹגֵר אוּנִיבֶרְסִיטָה,verified,4,בן אדם | ב' אֲלָפִים | בּוֹגֵר אוּנִיבֶרְסִיטָה | שלוש (גימטריה),knesset,,knesset,14_ptm_532486.docx,clean,,human_review,knesset
kn-0191,ש״פ,"חברי הכנסת, אנחנו עוברים לסעיף הבא בסדר-היום, הצעת חוק ש""פ, הצעת חוק-יסוד: נשיא המדינה (תיקון – בחירה ישירה של הנשיא) – של חבר הכנסת אליעזר זנדברג.",שלוש מאות ושמונים (גימטריה),,שלוש מאות ושמונים (גימטריה),verified,5,שושן פורים | שם פרטי | שבת פרשת | שווה פרוטה | שלוש מאות ושמונים (גימטריה),knesset,,knesset,13_ptm_532087.docx,human_review,,human_review,knesset
kn-0194,ת״פ,"וקיבלנו במתכונת מדריד את המשלחת האש""פיסטית מהשטחים כבת-שיח, הנמצאת במגע ישיר, שלא לדבר על ת""פ, תחת פיקוד, של מנהיגות העם הפלשתיני, היושבת בחלקה בתוניס.",תחת פיקוד,,תחת פיקוד,verified,3,תחת פיקוד | תיק פלילי | ארבע מאות ושמונים (גימטריה),knesset,,knesset,13_ptm_532088.docx,clean,,human_review,knesset
kn4-0519,ת״פ,"אדוני, אתה יודע שיש משרה של רב-טפסר, ואתה ת""פ שר – תחת פיקוד שר.",תחת פיקוד,,תחת פיקוד,verified,3,תחת פיקוד | תיק פלילי | ארבע מאות ושמונים (גימטריה),knesset,,knesset,14_ptm_532731.docx,clean,,human_review,knesset
kn4-0396,ת״פ,"אנחנו לא ת""פ שלה – לא שלה ולא של ראש הממשלה.",תחת פיקוד,,תחת פיקוד,verified,3,תחת פיקוד | תיק פלילי | ארבע מאות ושמונים (גימטריה),knesset,,knesset,14_ptm_532525.docx,clean,,human_review,knesset
kn4-0389,ת״פ,"כאן אנחנו עוסקים בתחנה שהיא ת""פ שר הביטחון, ואפשר לקבוע את זה.",תחת פיקוד,,תחת פיקוד,verified,3,תחת פיקוד | תיק פלילי | ארבע מאות ושמונים (גימטריה),knesset,,knesset,14_ptm_532506.docx,clean,,human_review,knesset
kn4-0599,ת״פ,"הם בעלי ברית אבל הם לא מה שנקרא ת""פ, הם לא תחת פיקודנו, אין לנו עליהם סמכויות שיפוט וענישה.",תחת פיקוד,,תחת פיקוד,verified,3,תחת פיקוד | תיק פלילי | ארבע מאות ושמונים (גימטריה),knesset,,knesset,15_ptm_532924.docx,clean,,human_review,knesset
kn4-0618,ת״פ,"מהרגע שהגופות נמסרות למכון לרפואה משפטית באבו-כביר, שכידוע לך כסגן שר הבריאות לשעבר, הוא ת""פ של משרד הבריאות.",תחת פיקוד,,תחת פיקוד,verified,3,תחת פיקוד | תיק פלילי | ארבע מאות ושמונים (גימטריה),knesset,,knesset,15_ptm_532965.docx,clean,,human_review,knesset
kn4-0439,ת״פ,"אני מציעה אותן יחידות סיוע, על דעתו של שר העבודה והרווחה אלי ישי ובתמיכתו המוחלטת, היחידות האלה נמצאות בפיקוחו והן ת""פ שלו, להקים את יחידות הסיוע האלה בבתי-הדין הדתיים.",תחת פיקוד,,תחת פיקוד,verified,3,תחת פיקוד | תיק פלילי | ארבע מאות ושמונים (גימטריה),knesset,,knesset,14_ptm_532584.docx,clean,,human_review,knesset
kn4-0573,ת״פ,"אגב, מי שמניע שם את המהלכים זה לאו דווקא הווקף, ת""פ הרשות הפלסטינית, אלא דווקא התנועה האסלאמית, קרי ""חמאס"".",תחת פיקוד,,תחת פיקוד,verified,3,תחת פיקוד | תיק פלילי | ארבע מאות ושמונים (גימטריה),knesset,,knesset,15_ptm_532823.docx,clean,,human_review,knesset
kn-0199,נ״ב,"והגמרא אומרת במסכת גיטין, דף נ""ב, שרבי יוסי לא היה קורא לאשתו ""אשתי"", אלא ""ביתי"".",חמישים ושתיים (גימטריה),,חמישים ושתיים (גימטריה),verified,6,נקודת בסיס | נוסף ברשימה | נזכרתי בדבר | נכתב בצדו | נזכר בזאת | חמישים ושתיים (גימטריה),knesset,,knesset,13_ptm_532090.docx,human_review,,human_review,knesset
kn4-0055,נ״ב,"שר החוץ יצא, אבל הוספתי נ""ב בשבילו אישית, ואני מקווה ששר התעשייה והמסחר יעביר לו חלק מן הדברים אם הוא מתעצל לקרוא את הפרוטוקול.",נכתב בצדו,,נכתב בצדו,verified,6,נקודת בסיס | נוסף ברשימה | נזכרתי בדבר | נכתב בצדו | נזכר בזאת | חמישים ושתיים (גימטריה),knesset,,knesset,13_ptm_532221.docx,clean,,human_review,knesset
kn4-0297,נ״ב,"וכנאמר בישעיה נ""ב: ""עורי עורי לבשי עזך ציון, לבשי בגדי תפארתך ירושלים עיר הקדש"".",חמישים ושתיים (גימטריה),,חמישים ושתיים (גימטריה),verified,6,נקודת בסיס | נוסף ברשימה | נזכרתי בדבר | נכתב בצדו | נזכר בזאת | חמישים ושתיים (גימטריה),knesset,,knesset,13_ptm_532396.docx,clean,,human_review,knesset
kn-0200,ת״ד,"יציג את הצעת החוק, שסימנה ת""ד, חבר הכנסת דוד מנע.",ארבע מאות וארבע (גימטריה),,ארבע מאות וארבע (גימטריה),verified,3,תאונת דרכים | תיבת דואר | ארבע מאות וארבע (גימטריה),knesset,,knesset,13_ptm_532090.docx,human_review,,human_review,knesset
kn-0289,ת״ד,"בתקופה האחרונה עדים תושבי שכונת קריית-הרצוג בבני-ברק להימצאות חומר מיסיונרי בתיבות הדואר שלהם, כשכתובת השולח היא: ת""ד 8185, יפו.",תיבת דואר,,תיבת דואר,verified,3,תאונת דרכים | תיבת דואר | ארבע מאות וארבע (גימטריה),knesset,,knesset,13_ptm_532155.docx,clean,,human_review,knesset
kn4-0491,ת״ד,"אם קבוצת אוכלוסין וקבוצת אזרחים רוצה שהכתובת שלה תהיה ת""ד 8, יריחו, לדוגמה, מדוע שהכתובת הזאת לא תהיה כתובת מוכרת ורשמית?",תיבת דואר,,תיבת דואר,verified,3,תאונת דרכים | תיבת דואר | ארבע מאות וארבע (גימטריה),knesset,,knesset,14_ptm_532697.docx,clean,,human_review,knesset
kn-0202,ממ״ד,"כחלק מהמלצות הוועדה הוחלט על הוצאת תקנות על-ידי משרד הפנים, בהתייעצות עם משרד השיכון, שמטרתן מתן תמריצים לאזרחים להקמת ממ""ד בדירותיהם.",מרחב מוגן דירתי,,מרחב מוגן דירתי,verified,4,ממלכתי דתי | המרכז למחקר מדיני | מרחב מוגן דירתי | שמונים וארבע (גימטריה),knesset,,knesset,13_ptm_532091.docx,clean,,human_review,knesset
kn4-0576,ממ״ד,"מה שמדאיג אותי זה שתקני הבטיחות משתנים ועשוי להיווצר מצב שמי שבנה לפי התקנים הקודמים בעצם חושב, שיש לו ממ""ד בטיחותי, ואין לו.",מרחב מוגן דירתי,,מרחב מוגן דירתי,verified,4,ממלכתי דתי | המרכז למחקר מדיני | מרחב מוגן דירתי | שמונים וארבע (גימטריה),knesset,,knesset,15_ptm_532836.docx,clean,,human_review,knesset
kn4-0628,ממ״ד,"כל מי שיש לו ממ""ד בבית, זה באחריותו הפרטית.",מרחב מוגן דירתי,,מרחב מוגן דירתי,verified,4,ממלכתי דתי | המרכז למחקר מדיני | מרחב מוגן דירתי | שמונים וארבע (גימטריה),knesset,,knesset,15_ptm_532974.docx,clean,,human_review,knesset
kn4-0632,ממ״ד,"אני לא יודע אם אתם יודעים – יש עמלת ממ""ד.",מרחב מוגן דירתי,,מרחב מוגן דירתי,verified,4,ממלכתי דתי | המרכז למחקר מדיני | מרחב מוגן דירתי | שמונים וארבע (גימטריה),knesset,,knesset,15_ptm_532980.docx,clean,,human_review,knesset
kn4-0633,ממ״ד,"נכון שזה לא מהחדר האטום, אבל חשבתי שעוד מימי החדר האטום הם גובים עמלת ממ""ד, כיוון שאז הם ישבו בחדר האטום, אבל זה לא כך.",מרחב מוגן דירתי,,מרחב מוגן דירתי,verified,4,ממלכתי דתי | המרכז למחקר מדיני | מרחב מוגן דירתי | שמונים וארבע (גימטריה),knesset,,knesset,15_ptm_532980.docx,clean,,human_review,knesset
nat-0045,ממ״ד,"במקרה של תוספת ממ""ד לדירה בבית משותף, נדרשת הסכמתם של בעלי 60% מן הדירות.",מרחב מוגן דירתי,ממ״ד.01,מרחב מוגן דירתי,verified,3,ממלכתי דתי | המרכז למחקר מדיני | מרחב מוגן דירתי,natural,yes,wikipedia,מרחב מוגן,,,wikipedia_natural,wiki_natural
nat-0046,ממ״ד,"בשנת 2021, בהובלת שרת הפנים איילת שקד, אושרו הקלות בהוצאת היתר בנייה, כך שבוטלה החובה להשיג היתר בנייה לכל המבנה, על מנת לקבל היתר לבניית ממ""ד.",מרחב מוגן דירתי,ממ״ד.01,מרחב מוגן דירתי,verified,3,ממלכתי דתי | המרכז למחקר מדיני | מרחב מוגן דירתי,natural,yes,wikipedia,מרחב מוגן,,,wikipedia_natural,wiki_natural
nat-0047,ממ״ד,"במהלך מלחמת חרבות ברזל אושרו הקלות נוספות באופן שאפשרו הקמת ממ""ד ללא היתר בנייה.",מרחב מוגן דירתי,ממ״ד.01,מרחב מוגן דירתי,verified,3,ממלכתי דתי | המרכז למחקר מדיני | מרחב מוגן דירתי,natural,yes,wikipedia,מרחב מוגן,,,wikipedia_natural,wiki_natural
kn-0204,ע״ח,"אני מזמין כעת את חבר הכנסת מאיר שטרית להעלות את הצעת חוק ע""ח, הצעת חוק-יסוד: הכנסת (תיקון) (שיטת הבחירות).",שבעים ושמונה (גימטריה),,שבעים ושמונה (גימטריה),verified,3,על חשבון | עץ חיים | שבעים ושמונה (גימטריה),knesset,,knesset,13_ptm_532092.docx,human_review,,human_review,knesset
kn-0205,סמ״ר,"בתאריך 21 בנובמבר 1992, סמוך לשעה 02:35, הבחינו שוטר סיור סמ""ר אהרן בן-נון ומתנדב המשמר אזרחי ליאון כחלון, שהיו בניידת סיור של תחנת משטרת מסובים, ברכב ""טרנספורטר"" חום באזור התעשייה באור-יהודה.",סמל ראשון,,סמל ראשון,verified,4,סמל ראשון | ספינת משמר | סנטימטר רבוע | שלוש מאות (גימטריה),knesset,,knesset,13_ptm_532092.docx,clean,,human_review,knesset
kn4-0358,סמ״ר,"אדוני היושב-ראש, חברי הכנסת, ייתכן שחייל גולני, סמ""ר מאירי, יוקע כמי שקלקל את התסריט שעליו עמלו יחצ""ני מערכת הבחירות של הליכוד.",סמל ראשון,,סמל ראשון,verified,4,סמל ראשון | ספינת משמר | סנטימטר רבוע | שלוש מאות (גימטריה),knesset,,knesset,13_ptm_532446.docx,clean,,human_review,knesset
kn4-0429,סמ״ר,"""באתי לתת למולדת את המירב"" – נימק סמ""ר גיא גולן, זיכרונו לברכה, את בקשתו בשאלון הקבלה לשייטת.",סמל ראשון,,סמל ראשון,verified,4,סמל ראשון | ספינת משמר | סנטימטר רבוע | שלוש מאות (גימטריה),knesset,,knesset,14_ptm_532572.docx,clean,,human_review,knesset
kn4-0591,סמ״ר,"אומר כאן באולם חבר הכנסת מוסי רז ""הוא נהרג בגללך"", הוא מדבר על סמ""ר יוסף מדחת, שנהרג בקבר יוסף, וחזר על זה כמה פעמים – –",סמל ראשון,,סמל ראשון,verified,4,סמל ראשון | ספינת משמר | סנטימטר רבוע | שלוש מאות (גימטריה),knesset,,knesset,15_ptm_532906.docx,clean,,human_review,knesset
nat-0070,סמ״ר,"ב-8 ביולי 1992 נהרג סמ""ר אלי אישה, לוחם היחידה, מירי דו-צדדי במבצע ללכידת מבוקש במסגד בכפר ברטעה, לאחר שנחשד בטעות כמחבל.",סמל ראשון,סמ״ר.01,סמל ראשון,verified,3,סמל ראשון | ספינת משמר | סנטימטר רבוע,natural,yes,wikipedia,יחידת דובדבן,,,wikipedia_natural,wiki_natural
nat-0071,סמ״ר,"ב-20 במרץ 2018 נהרג סמ""ר שחר סטרוג מכדור שנפלט מאקדחו של לוחם אחר ביחידה.",סמל ראשון,סמ״ר.01,סמל ראשון,verified,3,סמל ראשון | ספינת משמר | סנטימטר רבוע,natural,yes,wikipedia,יחידת דובדבן,,,wikipedia_natural,wiki_natural
nat-0072,סמ״ר,"לפתע נורתה רקטת RPG על אחד הדחפורים, ומהפגיעה נהרג אחד מאנשי הצוות, סמ""ר משה דוינו, והשני נפצע קשה.",סמל ראשון,סמ״ר.01,סמל ראשון,verified,3,סמל ראשון | ספינת משמר | סנטימטר רבוע,natural,yes,wikipedia,קרב ח'וזאעה,,,wikipedia_natural,wiki_natural
kn4-0219,רמ״ח,"תרשו לי לומר לכם, אני אומנם לא נולדתי בארץ, אבל אני מרגיש את עצמי ישראלי בכל רמ""ח איברי, יהודי גא, עם כל המשתמע מכך.",מספר האיברים בגוף האדם,,מספר האיברים בגוף האדם,verified,3,ראש מחלקה | מספר האיברים בגוף האדם | מאתיים וארבעים ושמונה (גימטריה),knesset,,knesset,13_ptm_532330.docx,clean,,human_review,knesset
kn4-0312,רמ״ח,"ממצאי ועדת החקירה הועברו להמשך טיפול רמ""ח רפואה, הממתין לתוצאות נתיחת הגופה.",מספר האיברים בגוף האדם,,מספר האיברים בגוף האדם,verified,3,ראש מחלקה | מספר האיברים בגוף האדם | מאתיים וארבעים ושמונה (גימטריה),knesset,,knesset,13_ptm_532408.docx,clean,,human_review,knesset
kn4-0271,רמ״ח,"חבר הכנסת טלב אלסאנע, אתה לא צריך להמריץ אותי, בענייני שוויון אף אחד לא יתחרה בי כי אני מאמין בזה בכל רמ""ח איברי.",מספר האיברים בגוף האדם,,מספר האיברים בגוף האדם,verified,3,ראש מחלקה | מספר האיברים בגוף האדם | מאתיים וארבעים ושמונה (גימטריה),knesset,,knesset,13_ptm_532383.docx,clean,,human_review,knesset
kn4-0305,רמ״ח,"ב-17 בחודש הייתי עם ראש המועצה של בית-שמש, מערכניק בכל רמ""ח איבריו.",מספר האיברים בגוף האדם,,מספר האיברים בגוף האדם,verified,3,ראש מחלקה | מספר האיברים בגוף האדם | מאתיים וארבעים ושמונה (גימטריה),knesset,,knesset,13_ptm_532402.docx,clean,,human_review,knesset
kn4-0422,רמ״ח,"הוא עבר לבאר-שבע להיות ראש עיר, אבל הוא היה ירושלמי בכל רמ""ח איבריו.",מספר האיברים בגוף האדם,,מספר האיברים בגוף האדם,verified,3,ראש מחלקה | מספר האיברים בגוף האדם | מאתיים וארבעים ושמונה (גימטריה),knesset,,knesset,14_ptm_532555.docx,clean,,human_review,knesset
kn4-0329,רמ״ח,"חבר הכנסת מנחם בגין, זיכרונו לברכה, היה יהודי בכל רמ""ח איבריו.",מספר האיברים בגוף האדם,,מספר האיברים בגוף האדם,verified,3,ראש מחלקה | מספר האיברים בגוף האדם | מאתיים וארבעים ושמונה (גימטריה),knesset,,knesset,13_ptm_532417.docx,clean,,human_review,knesset
kn-0212,רמ״ח,"כיוון שאני קשור למערכת בכל רמ""ח איברי, מובן שאיני יכול לעבור בשקט על חלק מהדברים.",מספר האיברים בגוף האדם,,מספר האיברים בגוף האדם,verified,3,ראש מחלקה | מספר האיברים בגוף האדם | מאתיים וארבעים ושמונה (גימטריה),knesset,,knesset,13_ptm_532097.docx,clean,,human_review,knesset
kn4-0270,רמ״ח,"אני משוכנע בכל רמ""ח איברי, שבנושא של מלחמה ושלום צריך קונסנסוס רחב יותר וצריך רוב גדול יותר מרוב רגיל.",מספר האיברים בגוף האדם,,מספר האיברים בגוף האדם,verified,3,ראש מחלקה | מספר האיברים בגוף האדם | מאתיים וארבעים ושמונה (גימטריה),knesset,,knesset,13_ptm_532383.docx,clean,,human_review,knesset
kn4-0006,מ״ק,"תושבי רשפון ביקשו פיצוי על 385,000 מ""ק מים, בעוד זכאים היו לפיצוי על היקף הקיצוץ למושב, צרכן המים, של 345,200 מ""ק בלבד.",מטר מעוקב,,מטר מעוקב,verified,11,מספר קטן | מטר מעוקב | מרכז קהילתי | מועד קטן | מכשיר קשר | מרא קמא | מחנה קבע | מילת קריאה | מלכין קדמאין | משמע קצת | מאה וארבעים (גימטריה),knesset,,knesset,13_ptm_532164.docx,clean,,human_review,knesset
nat-0058,מ״ק,הספיקה המקסימלית (השיטפונית) הגבוהה ביותר בירדן ההררי בגשר הפקק היא 214 מ״ק בשנייה ונרשמה ביום ה־23 בינואר 1969.,מטר מעוקב,מ״ק.01,מטר מעוקב,verified,10,מספר קטן | מטר מעוקב | מרכז קהילתי | מועד קטן | מכשיר קשר | מרא קמא | מחנה קבע | מילת קריאה | מלכין קדמאין | משמע קצת,natural,yes,wikipedia,נהר הירדן,,,wikipedia_natural,wiki_natural
kn-0237,מ״ק,"המילוי החוזר של כלל האקוויפרים ביהודה ובשומרון נאמד ב-620 מיליון מ""ק בשנה.",מטר מעוקב,,מטר מעוקב,verified,11,מספר קטן | מטר מעוקב | מרכז קהילתי | מועד קטן | מכשיר קשר | מרא קמא | מחנה קבע | מילת קריאה | מלכין קדמאין | משמע קצת | מאה וארבעים (גימטריה),knesset,,knesset,13_ptm_532111.docx,clean,,human_review,knesset
kn-0239,מ״ק,"דבר אחד – שאיבת יתר או קידוחים במקומות ביהודה ובשומרון, שיקטינו את כמות המים באקוויפרים שמנוצלים על-ידינו היום בקידוחים שלנו במישור החוף, בשיעור של 150-100 מיליון מ""ק לשנה.",מטר מעוקב,,מטר מעוקב,verified,11,מספר קטן | מטר מעוקב | מרכז קהילתי | מועד קטן | מכשיר קשר | מרא קמא | מחנה קבע | מילת קריאה | מלכין קדמאין | משמע קצת | מאה וארבעים (גימטריה),knesset,,knesset,13_ptm_532111.docx,clean,,human_review,knesset
kn4-0278,מ״ק,"פעולות דומות ל""השבחת"" מי הים נעשו גם ב-8 באפריל – 18,000 מ""ק מי שופכין; ב-7 באפריל – 35,700 מ""ק; ב-6 באפריל – 38,000 מ""ק; וב-5 באפריל – 52,700 מ""ק.",מטר מעוקב,,מטר מעוקב,verified,11,מספר קטן | מטר מעוקב | מרכז קהילתי | מועד קטן | מכשיר קשר | מרא קמא | מחנה קבע | מילת קריאה | מלכין קדמאין | משמע קצת | מאה וארבעים (גימטריה),knesset,,knesset,13_ptm_532392.docx,clean,,human_review,knesset
kn4-0275,מ״ק,"האם הובאו נתונים אלה בחשבון בעת שמדינת ישראל ויתרה על מיליוני מ""ק ממי הירדן לטובת הממלכה ההאשמית, כדי להקל על מצוקת המים בעמאן?",מטר מעוקב,,מטר מעוקב,verified,11,מספר קטן | מטר מעוקב | מרכז קהילתי | מועד קטן | מכשיר קשר | מרא קמא | מחנה קבע | מילת קריאה | מלכין קדמאין | משמע קצת | מאה וארבעים (גימטריה),knesset,,knesset,13_ptm_532387.docx,clean,,human_review,knesset
kn4-0085,מ״ק,"מן החצבני ומן הבניאס, שניים מתוך שלושת מקורות הירדן הנמצאים ברמת-הגולן, ואני קצת מפשט כאן את הגיאוגרפיה ואת הטופוגרפיה, אנחנו מפיקים פחות או יותר 300 מיליון מ""ק.",מטר מעוקב,,מטר מעוקב,verified,11,מספר קטן | מטר מעוקב | מרכז קהילתי | מועד קטן | מכשיר קשר | מרא קמא | מחנה קבע | מילת קריאה | מלכין קדמאין | משמע קצת | מאה וארבעים (גימטריה),knesset,,knesset,13_ptm_532233.docx,clean,,human_review,knesset
kn4-0484,מ״ק,"לפי ההצעה שלנו, על כל מ""ק מים שפירים שנלקח יינתנו 1.42 מ""ק מי קולחין.",מטר מעוקב,,מטר מעוקב,verified,11,מספר קטן | מטר מעוקב | מרכז קהילתי | מועד קטן | מכשיר קשר | מרא קמא | מחנה קבע | מילת קריאה | מלכין קדמאין | משמע קצת | מאה וארבעים (גימטריה),knesset,,knesset,14_ptm_532679.docx,clean,,human_review,knesset
kn4-0539,נ״ט,"עד עכשיו היו שלושה פיגועים כואבים: חטיפת שלושה חיילים ושתי התקפות נ""ט שבכל אחת נפל אחד מלוחמינו.",צבא נגד טנקים,,צבא נגד טנקים,verified,3,ניסוי טיסה | צבא נגד טנקים | חמישים ותשע (גימטריה),knesset,,knesset,15_ptm_532779.docx,clean,,human_review,knesset
kn4-0007,נ״ט,"הנהגנו שיטות שעוררו ביקורת בעולם, כשמנענו הסתכנות בכניסת חיילי היחידות לבתים, שמא יש שם מחבלים חמושים: ירי נ""ט, פיצוץ הבתים לאחר פינוי האזרחים.",צבא נגד טנקים,,צבא נגד טנקים,verified,3,ניסוי טיסה | צבא נגד טנקים | חמישים ותשע (גימטריה),knesset,,knesset,13_ptm_532166.docx,clean,,human_review,knesset
kn-0231,נ״ט,"פוסק הגאון הרב משה פיינשטיין, זכר צדיק לברכה, ב""איגרות משה"", חושן משפט, סימן נ""ט – – –",חמישים ותשע (גימטריה),,חמישים ותשע (גימטריה),verified,3,ניסוי טיסה | צבא נגד טנקים | חמישים ותשע (גימטריה),knesset,,knesset,13_ptm_532105.docx,human_review,,human_review,knesset
kn4-0530,נ״ט,"אם יורים טילי נ""ט מתוך אזור בנוי, זו עמדה.",צבא נגד טנקים,,צבא נגד טנקים,verified,3,ניסוי טיסה | צבא נגד טנקים | חמישים ותשע (גימטריה),knesset,,knesset,15_ptm_532755.docx,clean,,human_review,knesset
kn4-0258,נ״ט,"הוא העמיד לרשותנו 24 מסוקי תקיפה ""אפאצ'י"", 10 מסוקי ""בלקהוק"", 50 מטוסי 16-טילי נ""ט, טילי ים-ים, פצצות אוויר-קרקע – – –",צבא נגד טנקים,,צבא נגד טנקים,verified,3,ניסוי טיסה | צבא נגד טנקים | חמישים ותשע (גימטריה),knesset,,knesset,13_ptm_532368.docx,clean,,human_review,knesset
kn4-0502,נ״ט,"המצרים מדברים על 15-F, הסורים קונים היום אמצעי נ""ט מהמשוכללים בעולם.",צבא נגד טנקים,,צבא נגד טנקים,verified,3,ניסוי טיסה | צבא נגד טנקים | חמישים ותשע (גימטריה),knesset,,knesset,14_ptm_532716.docx,clean,,human_review,knesset
kn4-0593,נ״ט,"לאחרונה חלקנו זוכה גם למרגמות ולטילי נ""ט.",צבא נגד טנקים,,צבא נגד טנקים,verified,3,ניסוי טיסה | צבא נגד טנקים | חמישים ותשע (גימטריה),knesset,,knesset,15_ptm_532913.docx,clean,,human_review,knesset
kn4-0212,נ״ט,"במסגרת זו סוכם כי ישראל תקבל: 24 מסוקי ""אפאצ'י"" בערך של 354 מיליון דולר; 10 מסוקי ""בלקהוק"" בערך של 84 מיליון דולר; שישה ""יסעורים"", טילי נ""ט, טילי ים-ים ופצצות אוויר-קרקע בהיקף של 52 מיליון דולר.",צבא נגד טנקים,,צבא נגד טנקים,verified,3,ניסוי טיסה | צבא נגד טנקים | חמישים ותשע (גימטריה),knesset,,knesset,13_ptm_532322.docx,clean,,human_review,knesset
kn-0241,ל״א,"צער בעלי חיים הוא מונח תלמודי, אנחנו מוצאים אותו במסכת בבא מציעא דף ל""א ובמקומות נוספים.",שלושים ואחת (גימטריה),,שלושים ואחת (גימטריה),verified,3,לוחמה אלקטרונית | לשון אחר | שלושים ואחת (גימטריה),knesset,,knesset,13_ptm_532114.docx,human_review,,human_review,knesset
kn4-0032,ל״א,"בשמות רבה ל""א: ""אין לך מידה קשה מן העניות, שהעני דבוקים בו כל ייסורים שבעולם וכאילו באו עליו כל הקללות שבעולם"".",שלושים ואחת (גימטריה),,שלושים ואחת (גימטריה),verified,3,לוחמה אלקטרונית | לשון אחר | שלושים ואחת (גימטריה),knesset,,knesset,13_ptm_532191.docx,clean,,human_review,knesset
kn4-0272,ל״א,"הגמרא אומרת במסכת ברכות, ל""א: ""הנפטר מחברו, אל ייפטר אלא מתוך דבר הלכה, שמתוך כך זוכרהו"".",לשון אחר,,לשון אחר,verified,3,לוחמה אלקטרונית | לשון אחר | שלושים ואחת (גימטריה),knesset,,knesset,13_ptm_532383.docx,clean,,human_review,knesset
kn4-0375,ל״א,"(לא נקראה, נמסרה לפרוטוקול) מר ל""א לא הציג עד כה למשרד הבריאות שום תעודה המעידה על סיום לימודיו בצרפת, דיפלומה שניתנה לו, ולא כל שכן רשיון לעבוד כרופא בצרפת.",לשון אחר,,לשון אחר,verified,3,לוחמה אלקטרונית | לשון אחר | שלושים ואחת (גימטריה),knesset,,knesset,14_ptm_532479.docx,clean,,human_review,knesset
kn4-0381,ל״א,"אני חושב שברוב הבתים היהודיים, אפילו בבתים חילוניים, נהנים לקרוא את הזמירות האלה מתוך משלי ל""א.",שלושים ואחת (גימטריה),,שלושים ואחת (גימטריה),verified,3,לוחמה אלקטרונית | לשון אחר | שלושים ואחת (גימטריה),knesset,,knesset,14_ptm_532489.docx,clean,,human_review,knesset
kn-0245,כ״א,"יש גם סעיף כ""א, שאילתות ותשובות, אני מתאר לעצמי שיהיה פה מאוד סוער בשלב הזה.",(גימטריה) 21,,(גימטריה) 21,verified,8,כל אחד | כי אם | כוח אדם | כי אתה | כרטיס אשראי | כיווני אוויר | (גימטריה) 21 | עשרים ואחת (גימטריה),knesset,,knesset,13_ptm_532116.docx,clean,,human_review,knesset
nat-0029,כ״א,פָּסֵק׀ – מתפקד כפי שנכתב לעיל בטעמי כ״א ספרים.,כל אחד,כ״א.01,(גימטריה) 21,verified,7,כל אחד | כי אם | כוח אדם | כי אתה | כרטיס אשראי | כיווני אוויר | (גימטריה) 21,natural,yes,wikipedia,טעמי המקרא,,,wikipedia_natural,wiki_natural
nat-0027,כ״א,"מערכת טעמי שאר הספרים נקראת בניגוד אליה ""טעמי כ״א ספרים"".",כל אחד,כ״א.01,(גימטריה) 21,verified,7,כל אחד | כי אם | כוח אדם | כי אתה | כרטיס אשראי | כיווני אוויר | (גימטריה) 21,natural,yes,wikipedia,טעמי המקרא,,,wikipedia_natural,wiki_natural
kn4-0523,כ״א,"הישיבה הבאה תיפתח מחר, יום שלישי, כ""א בכסליו, 30 בנובמבר, בשעה 16:00.",עשרים ואחת (גימטריה),,עשרים ואחת (גימטריה),verified,8,כל אחד | כי אם | כוח אדם | כי אתה | כרטיס אשראי | כיווני אוויר | (גימטריה) 21 | עשרים ואחת (גימטריה),knesset,,knesset,15_ptm_532739.docx,clean,,human_review,knesset
kn4-0314,כ״א,"גם אם אנו מתקנים היום את הדירוג לדרגה כ""א, וזה בוודאי יהיה המצב העכשווי, כל אחד יודע כי זוהי דרגה בינונית מאוד בדירוג עובדי המדינה.",(גימטריה) 21,,(גימטריה) 21,verified,8,כל אחד | כי אם | כוח אדם | כי אתה | כרטיס אשראי | כיווני אוויר | (גימטריה) 21 | עשרים ואחת (גימטריה),knesset,,knesset,13_ptm_532410.docx,clean,,human_review,knesset
kn4-0208,כ״א,"אומרת הגמרא במסכת בבא בתרא, דף כ""א: אם אחד פותח חנות והשני פותח חנות לידו, יכול לעכב עליו, ""דאמר לי קא פסקת ליה לחיותי""; אתה יורד לחיי.",(גימטריה) 21,,(גימטריה) 21,verified,8,כל אחד | כי אם | כוח אדם | כי אתה | כרטיס אשראי | כיווני אוויר | (גימטריה) 21 | עשרים ואחת (גימטריה),knesset,,knesset,13_ptm_532314.docx,clean,,human_review,knesset
kn4-0403,כ״א,"בספר בראשית פרק כ""א מסופר: ותרא שרה את בן הגר המצרית – – – ותאמר לאברהם: גרש האמה הזאת ואת בנה, כי לא יירש בן האמה הזאת עם בני, עם יצחק.",עשרים ואחת (גימטריה),,עשרים ואחת (גימטריה),verified,8,כל אחד | כי אם | כוח אדם | כי אתה | כרטיס אשראי | כיווני אוויר | (גימטריה) 21 | עשרים ואחת (גימטריה),knesset,,knesset,14_ptm_532534.docx,clean,,human_review,knesset
kn4-0338,כ״א,"במסכת בבא בתרא, פרק שני, עמוד כ""א, כמה שורות מלמטה מתקיים דיון מעניין: מהו מספר התלמידים בכיתה.",עשרים ואחת (גימטריה),,עשרים ואחת (גימטריה),verified,8,כל אחד | כי אם | כוח אדם | כי אתה | כרטיס אשראי | כיווני אוויר | (גימטריה) 21 | עשרים ואחת (גימטריה),knesset,,knesset,13_ptm_532429.docx,clean,,human_review,knesset
nat-0090,קצא״א,"נגד קצא""א הוגשו מספר תביעות ייצוגיות שאוחדו לתובענה ייצוגית אזרחית אחת.",קו צינור אילת-אשקלון,קצא״א.01,קו צינור אילת-אשקלון,verified,3,קו צינור אילת-אשקלון | דליפת הנפט בשמורת עברונה | חברת קו צינור אירופה אסיה,natural,yes,wikipedia,עברונה,,,wikipedia_natural,wiki_natural
kn-0249,קצא״א,"קצא""א, אשר עוסקת בשינוע דלקים, אינה נמצאת באחריות משרד האנרגיה, אלא כאמור באחריות משרד האוצר.",קו צינור אילת-אשקלון,,קו צינור אילת-אשקלון,verified,4,קו צינור אילת-אשקלון | דליפת הנפט בשמורת עברונה | חברת קו צינור אירופה אסיה | מאה ותשעים ושתיים (גימטריה),knesset,,knesset,13_ptm_532118.docx,clean,,human_review,knesset
kn4-0178,קצא״א,"כאן נשאלת השאלה: באיזו זכות נוהגת הנהלת קצא""א כפי שנהגה במקרה דנן?",קו צינור אילת-אשקלון,,קו צינור אילת-אשקלון,verified,4,קו צינור אילת-אשקלון | דליפת הנפט בשמורת עברונה | חברת קו צינור אירופה אסיה | מאה ותשעים ושתיים (גימטריה),knesset,,knesset,13_ptm_532287.docx,clean,,human_review,knesset
kn4-0173,קצא״א,"אני מזכיר את השרפה שהיתה בפי-גלילות משום האפיונים המשותפים לה ולשרפה שפרצה ב-1 בספטמבר באתר קצא""א באשקלון.",קו צינור אילת-אשקלון,,קו צינור אילת-אשקלון,verified,4,קו צינור אילת-אשקלון | דליפת הנפט בשמורת עברונה | חברת קו צינור אירופה אסיה | מאה ותשעים ושתיים (גימטריה),knesset,,knesset,13_ptm_532287.docx,clean,,human_review,knesset
kn-0248,קצא״א,"לגבי קצא""א, לחברה אחראי רק שר האוצר, ויש להפנות את השאלה אליו.",קו צינור אילת-אשקלון,,קו צינור אילת-אשקלון,verified,4,קו צינור אילת-אשקלון | דליפת הנפט בשמורת עברונה | חברת קו צינור אירופה אסיה | מאה ותשעים ושתיים (גימטריה),knesset,,knesset,13_ptm_532118.docx,clean,,human_review,knesset
kn4-0176,קצא״א,"אני מאשים את הנהלת קצא""א בחוסר אחריות ציבורית, חוסר רגישות וחוסר מודעות לאיכות הסביבה.",קו צינור אילת-אשקלון,,קו צינור אילת-אשקלון,verified,4,קו צינור אילת-אשקלון | דליפת הנפט בשמורת עברונה | חברת קו צינור אירופה אסיה | מאה ותשעים ושתיים (גימטריה),knesset,,knesset,13_ptm_532287.docx,clean,,human_review,knesset
kn4-0084,קצא״א,"ניתן היה להעביר את הצנרת של קצא""א באותו זמן ובעלות מינימלית, אבל קצא""א מסרבת, יש לה הנהלה אחרת, יש לה שר אחר, כאילו היא שייכת למדינה אחרת, או רחמנא ליצלן לאוטונומיה של הפלשתינים.",קו צינור אילת-אשקלון,,קו צינור אילת-אשקלון,verified,4,קו צינור אילת-אשקלון | דליפת הנפט בשמורת עברונה | חברת קו צינור אירופה אסיה | מאה ותשעים ושתיים (גימטריה),knesset,,knesset,13_ptm_532232.docx,clean,,human_review,knesset
kn4-0180,קצא״א,"בינתיים, טרם יבשה הדיו על מסקנות ועדת החקירה בנושא קצא""א, כבר נודע על פרשייה חדשה, שרפה שפרצה בחוות הדלק פי-גלילות הסמוכה לתל-אביב.",קו צינור אילת-אשקלון,,קו צינור אילת-אשקלון,verified,4,קו צינור אילת-אשקלון | דליפת הנפט בשמורת עברונה | חברת קו צינור אירופה אסיה | מאה ותשעים ושתיים (גימטריה),knesset,,knesset,13_ptm_532287.docx,clean,,human_review,knesset
kn-0256,אח״ם,"ו-3.2 מיליוני שקל אלה מתחלקים ללא קריטריונים בשיטה של תשלום עבור שירות, כאשר לא ברור איזה שירות מגיע לאותו אח""ם.",אישיות חשובה מאוד,,אישיות חשובה מאוד,verified,3,אגף החקירות והמודיעין | אישיות חשובה מאוד | ארבעים ותשע (גימטריה),knesset,,knesset,13_ptm_532125.docx,clean,,human_review,knesset
kn4-0365,אח״ם,"הרי לא ייתכן שאדם אומר במפורש שהאנשים האלה דינם מוות – ואפילו סוחרים ברמלה ובלוד – והוא יסתובב כשיש תעודת אח""ם בכיסו, איש חשוב מאוד מטעם מדינת ישראל.",אישיות חשובה מאוד,,אישיות חשובה מאוד,verified,3,אגף החקירות והמודיעין | אישיות חשובה מאוד | ארבעים ותשע (גימטריה),knesset,,knesset,14_ptm_532462.docx,clean,,human_review,knesset
kn4-0366,אח״ם,"ואותם אנשים מסתובבים בינינו מכובדים, עם תעודת אח""ם, בכל מקום ומקום ועוברים עבירות פליליות על-פי החוק הישראלי, הן באיום ברצח והן בשליחת מרצחים, אבל הם מסתובבים עם תעודת אח""ם כזאת בכבוד רב.",אישיות חשובה מאוד,,אישיות חשובה מאוד,verified,3,אגף החקירות והמודיעין | אישיות חשובה מאוד | ארבעים ותשע (גימטריה),knesset,,knesset,14_ptm_532462.docx,clean,,human_review,knesset
kn4-0373,אח״ם,"כשקלינטון או כל אח""ם מגיע למדינת ישראל, אתה, בתור תושב ירושלים לשעבר – ואתה נמצא פה הרבה – אתה יודע כמה כבישים נסגרים פה בירושלים, כמה מסלולים.",אישיות חשובה מאוד,,אישיות חשובה מאוד,verified,3,אגף החקירות והמודיעין | אישיות חשובה מאוד | ארבעים ותשע (גימטריה),knesset,,knesset,14_ptm_532474.docx,clean,,human_review,knesset
kn4-0556,אח״ם,"אה, סגן השר, מורנו ורבנו סגן שר הביטחון ישיב על שאילתא בעל-פה מס' 107, מאת חבר הכנסת אחמד טיבי, בנושא: שלילת תעודות אח""ם.",אישיות חשובה מאוד,,אישיות חשובה מאוד,verified,3,אגף החקירות והמודיעין | אישיות חשובה מאוד | ארבעים ותשע (גימטריה),knesset,,knesset,15_ptm_532791.docx,clean,,human_review,knesset
kn4-0587,אח״ם,"יותר מזה, אותו שר פלסטיני נהנה מתעודת אח""ם.",אישיות חשובה מאוד,,אישיות חשובה מאוד,verified,3,אגף החקירות והמודיעין | אישיות חשובה מאוד | ארבעים ותשע (גימטריה),knesset,,knesset,15_ptm_532894.docx,clean,,human_review,knesset
kn4-0588,אח״ם,"הוא קורא להרוג את המתנחלים, להחזיר אותם בארון מתים, אנחנו מעניקים לו כלי ביטוי בטלוויזיה הישראלית בשידור חי, לא בפרשנות, וגם מעניקים לו תעודת אח""ם.",אישיות חשובה מאוד,,אישיות חשובה מאוד,verified,3,אגף החקירות והמודיעין | אישיות חשובה מאוד | ארבעים ותשע (גימטריה),knesset,,knesset,15_ptm_532894.docx,clean,,human_review,knesset
kn-0259,מס״ר,"ובכן, אותו מס""ר, מרכז לסיוע ורעיונות, אמור לענות על הציפיות שאתה העלית.",מרכז לסיוע ורעיונות,,מרכז לסיוע ורעיונות,verified,4,מפקד סירת | מרכז סימולציה רפואית | מרכז לסיוע ורעיונות | שלוש מאות (גימטריה),knesset,,knesset,13_ptm_532127.docx,human_review,,human_review,knesset
kn-0263,ת״א,"חבר הכנסת תיכון, כדי שלא תהיינה אי-הבנות, אנחנו דנים כאן בהצעת חוק ת""א – – –",תל אביב,,תל אביב,verified,8,תל אביב | תפוח אדמה | תרגום אונקלוס | תיק אזרחי | תחבושת אישית | מדדים של הבורסה לניירות ערך בתל אביב | תכנית אימונים | ארבע מאות ואחת (גימטריה),knesset,,knesset,13_ptm_532128.docx,human_review,,human_review,knesset
kn-0264,ת״א,"גם בדפים שמונחים לפני מדובר על הצעה ת""א, מ-1992.",תל אביב,,תל אביב,verified,8,תל אביב | תפוח אדמה | תרגום אונקלוס | תיק אזרחי | תחבושת אישית | מדדים של הבורסה לניירות ערך בתל אביב | תכנית אימונים | ארבע מאות ואחת (גימטריה),knesset,,knesset,13_ptm_532128.docx,human_review,,human_review,knesset
kn4-0585,ת״א,"(לא נקראה, נמסרה לפרוטוקול) אציין תחילה, כי ההחלטה לסגור את ""בית הנערה"" היא של עיריית ת""א–יפו, ומשיקולים כלכליים.",תל אביב,,תל אביב,verified,8,תל אביב | תפוח אדמה | תרגום אונקלוס | תיק אזרחי | תחבושת אישית | מדדים של הבורסה לניירות ערך בתל אביב | תכנית אימונים | ארבע מאות ואחת (גימטריה),knesset,,knesset,15_ptm_532887.docx,clean,,human_review,knesset
nat-0119,ת״א,"רוב השקעות הציבור הלא מתוחכם, המבקש להשקיע בבורסה באופן ישיר, מתבצעות דרך מוצרי מדד ת""א 35 (לשעבר ת""א 25).",תל אביב,ת״א.01,תל אביב,verified,7,תל אביב | תפוח אדמה | תרגום אונקלוס | תיק אזרחי | תחבושת אישית | מדדים של הבורסה לניירות ערך בתל אביב | תכנית אימונים,natural,yes,wikipedia,מדד תל אביב 35,,,wikipedia_natural,wiki_natural
nat-0120,ת״א,"רוב התעודות העוקבות אחר מדד ת""א 35 עושות זאת ביחס של 1:1 עם שער המדד.",תל אביב,ת״א.01,תל אביב,verified,7,תל אביב | תפוח אדמה | תרגום אונקלוס | תיק אזרחי | תחבושת אישית | מדדים של הבורסה לניירות ערך בתל אביב | תכנית אימונים,natural,yes,wikipedia,מדד תל אביב 35,,,wikipedia_natural,wiki_natural
nat-0121,ת״א,"התנהגות מדד ת""א 35 מושפעת באופן בולט מהתנהגות המדדים בארצות הברית ומדד DAX הגרמני.",תל אביב,ת״א.01,תל אביב,verified,7,תל אביב | תפוח אדמה | תרגום אונקלוס | תיק אזרחי | תחבושת אישית | מדדים של הבורסה לניירות ערך בתל אביב | תכנית אימונים,natural,yes,wikipedia,מדד תל אביב 35,,,wikipedia_natural,wiki_natural
kn4-0289,י״ל,"אישור הנושאים וההצעות לעבודות הגמר (ארבע י""ל) נעשה על-ידי הפיקוח על עבודות הגמר והפיקוח המקצועי על תחום הדעת שבו נכתבת העבודה.",ארבעים (גימטריה),,ארבעים (גימטריה),verified,6,יש להם | יש לומר | יהודה לב | יצחק לייבוש | יראה לי | ארבעים (גימטריה),knesset,,knesset,13_ptm_532393.docx,clean,,human_review,knesset
kn-0269,י״ל,"דרך אגב, חבל שאין שם על י""ל פרץ, שמספר ומקרב את ההווי מבחינה זו אל הציבור.",יצחק לייבוש,,יצחק לייבוש,verified,6,יש להם | יש לומר | יהודה לב | יצחק לייבוש | יראה לי | ארבעים (גימטריה),knesset,,knesset,13_ptm_532134.docx,human_review,,human_review,knesset
kn4-0244,י״ל,"הוא הזכיר לי סיפור של י""ל פרץ, ""בונצ'ה שתוק"", שלמדתי בנערותי, ואתה אפילו אמרת את זה ביידיש.",יצחק לייבוש,,יצחק לייבוש,verified,6,יש להם | יש לומר | יהודה לב | יצחק לייבוש | יראה לי | ארבעים (גימטריה),knesset,,knesset,13_ptm_532356.docx,clean,,human_review,knesset
kn4-0245,י״ל,"הוא היה צדיק כמו אותו כפרי בסיפור אחר של י""ל פרץ, שהתפלל – –",יצחק לייבוש,,יצחק לייבוש,verified,6,יש להם | יש לומר | יהודה לב | יצחק לייבוש | יראה לי | ארבעים (גימטריה),knesset,,knesset,13_ptm_532356.docx,clean,,human_review,knesset
nat-0024,י״ל,"י""ל פרץ הרבה להשתתף באספות פועלים, והחל משנת 1894–1897 הוציא 17 קונטרסים שכתב בעיקר בעצמו, ואלו היוו את מבשרי הספרות הסוציאליסטית ביידיש ברוסיה ובפולין.",יצחק לייבוש,י״ל.01,יצחק לייבוש,verified,5,יש להם | יש לומר | יהודה לב | יצחק לייבוש | יראה לי,natural,yes,wikipedia,"י""ל פרץ",,,wikipedia_natural,wiki_natural
kn4-0541,י״ל,"י""ל פרץ אמר: ""עם שחי – שר; עם ששר – חי"", ועם ישראל שר.",יצחק לייבוש,,יצחק לייבוש,verified,6,יש להם | יש לומר | יהודה לב | יצחק לייבוש | יראה לי | ארבעים (גימטריה),knesset,,knesset,15_ptm_532786.docx,clean,,human_review,knesset
nat-0023,י״ל,"לימים התפייסו שני היוצרים ביידיש, י""ל פרץ ושלום עליכם, ושבחו זה את יצירתו של חברו.",יצחק לייבוש,י״ל.01,יצחק לייבוש,verified,5,יש להם | יש לומר | יהודה לב | יצחק לייבוש | יראה לי,natural,yes,wikipedia,"י""ל פרץ",,,wikipedia_natural,wiki_natural
kn4-0243,י״ל,"חבר הכנסת שילנסקי, אתה מכיר את הסיפור של י""ל פרץ ""בונצ'ה שתוק""?",יצחק לייבוש,,יצחק לייבוש,verified,6,יש להם | יש לומר | יהודה לב | יצחק לייבוש | יראה לי | ארבעים (גימטריה),knesset,,knesset,13_ptm_532356.docx,clean,,human_review,knesset
kn-0270,ש״מ,"חברת הכנסת לימור לבנת, הצעת חוק ש""מ, בבקשה.",שלוש מאות וארבעים (גימטריה),,שלוש מאות וארבעים (גימטריה),verified,4,שם משפחה | שמע מינא | תיאור כמות סופית | שלוש מאות וארבעים (גימטריה),knesset,,knesset,13_ptm_532134.docx,human_review,,human_review,knesset
kn-0274,מל״ם,"כל ברשימת החברות העומדות להפרטה, כגון: החברה לפיתוח מפעלי תיירות, מל""ם מערכות, ""שיכון ופיתוח לישראל"", ""נפטא"", החברה לשירותי איכות הסביבה ברמת-חובב, ""מגן"", ""בזק"", ""כימיקלים לישראל"" וכן הלאה וכן הלאה.",מרכז למיכון משרדי,,מרכז למיכון משרדי,verified,7,"המרכז למורשת המודיעין | מוליך למחצה | המרכז (הישראלי) לחינוך מדעי | מודיעין לקראת משימה | משנה למלך, ספרו של רבי יהודה רוזאניס | מרכז למיכון משרדי | מאה ועשר (גימטריה)",knesset,,knesset,13_ptm_532139.docx,human_review,,human_review,knesset
kn-0275,ת״י,"ת""י 1498 הוא תקן רשמי למתקני שעשועים החל במדינת ישראל.",תקן ישראלי,,תקן ישראלי,verified,3,תקן ישראלי | תרג(ו)ם יונתן | ארבע מאות ועשר (גימטריה),knesset,,knesset,13_ptm_532140.docx,clean,,human_review,knesset
kn4-0095,ת״י,"גובה המעקה נקבע לפי דרישות התקן הישראלי ת""י-114.",תקן ישראלי,,תקן ישראלי,verified,3,תקן ישראלי | תרג(ו)ם יונתן | ארבע מאות ועשר (גימטריה),knesset,,knesset,13_ptm_532243.docx,clean,,human_review,knesset
kn4-0568,ת״י,"מכון התקנים הישראלי אישר ב-1991 תקן בין-לאומי כתקן ישראלי ת""י 1346, 8317 ISO, לאריזות קשות-פתיחה לילדים.",תקן ישראלי,,תקן ישראלי,verified,3,תקן ישראלי | תרג(ו)ם יונתן | ארבע מאות ועשר (גימטריה),knesset,,knesset,15_ptm_532817.docx,clean,,human_review,knesset
nat-0122,ת״י,"התקן של מכון התקנים הישראלי למקלדת עברית נקרא ת""י 1452 (או SI 1452).",תקן ישראלי,ת״י.01,תקן ישראלי,verified,2,תקן ישראלי | תרג(ו)ם יונתן,natural,no,wikipedia,מקלדת עברית,,,wikipedia_natural,wiki_natural
nat-0123,ת״י,"ת""י 1452 חלק 2 באתר מכון התקנים הישראלי.",תקן ישראלי,ת״י.01,תקן ישראלי,verified,2,תקן ישראלי | תרג(ו)ם יונתן,natural,no,wikipedia,מקלדת עברית,,,wikipedia_natural,wiki_natural
kn4-0064,ד״ש,"ד""ש עם ידין – עוד לפני המפולת, בשיא תפארתה, מול מפלגת העבודה המובסת, המושחתת והמסואבת, שבסוף איבדה את השלטון.",תנועה דמוקרטית לשינוי,,תנועה דמוקרטית לשינוי,verified,7,דו-שנתי | דרישת שלום | דוד שמש | דיני שמים | דו-שבעון | תנועה דמוקרטית לשינוי | שלוש מאות וארבע (גימטריה),knesset,,knesset,13_ptm_532226.docx,clean,,human_review,knesset
kn4-0564,ד״ש,"אחר כך היתוספו ד""ש, עם עוד ארבעה חברי כנסת, והיא הפכה להיות ממשלה של 17 שרים.",תנועה דמוקרטית לשינוי,,תנועה דמוקרטית לשינוי,verified,7,דו-שנתי | דרישת שלום | דוד שמש | דיני שמים | דו-שבעון | תנועה דמוקרטית לשינוי | שלוש מאות וארבע (גימטריה),knesset,,knesset,15_ptm_532807.docx,clean,,human_review,knesset
kn4-0538,ד״ש,"כמובן, אני מוחה על כך שראש הממשלה שולח לנו ד""ש כל יום מארץ אחרת ולא מוצא לו זמן גם לבוא לכבד אותנו בבית הזה ולא בוועדת החוץ והביטחון ולא בשום מקום.",דרישת שלום,,דרישת שלום,verified,7,דו-שנתי | דרישת שלום | דוד שמש | דיני שמים | דו-שבעון | תנועה דמוקרטית לשינוי | שלוש מאות וארבע (גימטריה),knesset,,knesset,15_ptm_532776.docx,clean,,human_review,knesset
kn-0286,ד״ש,"נוסף על שלוש הוועדות שהליכוד מסר אז למערך, הוא מסר ועדה אופוזיציונית של ביקורת המדינה למפלגת אופוזיציה נוספת, ד""ש.",תנועה דמוקרטית לשינוי,,תנועה דמוקרטית לשינוי,verified,7,דו-שנתי | דרישת שלום | דוד שמש | דיני שמים | דו-שבעון | תנועה דמוקרטית לשינוי | שלוש מאות וארבע (גימטריה),knesset,,knesset,13_ptm_532151.docx,human_review,,human_review,knesset
kn4-0489,ד״ש,"לעומת זאת, מפלגות קטנות אחרות – היתה פעם ד""ש והיא נעלמה, היתה צומת עם שמונה חברים, ואם יהיו עכשיו בחירות, היא לא תעבור את אחוז החסימה, וכו'.",תנועה דמוקרטית לשינוי,,תנועה דמוקרטית לשינוי,verified,7,דו-שנתי | דרישת שלום | דוד שמש | דיני שמים | דו-שבעון | תנועה דמוקרטית לשינוי | שלוש מאות וארבע (גימטריה),knesset,,knesset,14_ptm_532684.docx,clean,,human_review,knesset
kn4-0598,ד״ש,"שלומו מצוין והוא מוסר ד""ש לכל האנשים שרוצים שלום.",דרישת שלום,,דרישת שלום,verified,7,דו-שנתי | דרישת שלום | דוד שמש | דיני שמים | דו-שבעון | תנועה דמוקרטית לשינוי | שלוש מאות וארבע (גימטריה),knesset,,knesset,15_ptm_532924.docx,clean,,human_review,knesset
kn4-0131,ד״ש,"גם אתם לא עליתם לשיא אחרי מפלה אחת בתקופת ד""ש.",תנועה דמוקרטית לשינוי,,תנועה דמוקרטית לשינוי,verified,7,דו-שנתי | דרישת שלום | דוד שמש | דיני שמים | דו-שבעון | תנועה דמוקרטית לשינוי | שלוש מאות וארבע (גימטריה),knesset,,knesset,13_ptm_532265.docx,clean,,human_review,knesset
kn4-0445,ד״ש,"אבל, האם גם חבר הכנסת אמנון רובינשטיין מנסה להחזיר אותנו לימי ד""ש העליזים, לתקופת שינוי?",תנועה דמוקרטית לשינוי,,תנועה דמוקרטית לשינוי,verified,7,דו-שנתי | דרישת שלום | דוד שמש | דיני שמים | דו-שבעון | תנועה דמוקרטית לשינוי | שלוש מאות וארבע (גימטריה),knesset,,knesset,14_ptm_532594.docx,clean,,human_review,knesset
kn3-0003,אחמ״ש,"אדוני היושב-ראש, שמעתי חברי כנסת מדברים על איחוד משפחות, מה שנקרא אחמ""ש.",אִחוד משפחות,,אִחוד משפחות,verified,3,אחראי משמרת | אִחוד משפחות | שלוש מאות וארבעים ותשע (גימטריה),knesset,,knesset,14_ptm_532665.docx,clean,,human_review,knesset
kn3-0004,אח״י,"חברת ""נתיבי איילון"" מתכננת ומבצעת הקמת מעברים דו-מפלסיים ברחוב יששכר – קריית-מוצקין, ברחוב אח""י אילת – קריית-ים, וכן ברחובות חלוצי התעשייה ומעבר חירם – חיפה.",אניית חיל הים,,אניית חיל הים,verified,3,אניית חיל הים | אחזקה יבשה | תשע עשרה (גימטריה),knesset,,knesset,13_ptm_532178.docx,clean,,human_review,knesset
kn3-0005,אח״מ,"לג'יבריל רג'וב יש באופן אישי תעודה של אח""מ המאפשרת לו לנוע ביהודה ובשומרון.",אישיות חשובה מאוד,,אישיות חשובה מאוד,verified,6,"אחרי מות | אחר מכן | אגף חקירות ומודיעין | אישיות חשובה מאוד | אחר מיתה, אחר מוֹת־ | ארבעים ותשע (גימטריה)",knesset,,knesset,13_ptm_532380.docx,clean,,human_review,knesset
kn4-0273,אח״מ,"במדינת ישראל, בנושא בריאות, לא תופיע המלה אח""מ.",אישיות חשובה מאוד,,אישיות חשובה מאוד,verified,6,"אחרי מות | אחר מכן | אגף חקירות ומודיעין | אישיות חשובה מאוד | אחר מיתה, אחר מוֹת־ | ארבעים ותשע (גימטריה)",knesset,,knesset,13_ptm_532384.docx,clean,,human_review,knesset
kn4-0395,אח״מ,"תעודות אח""מ לא הוחזרו אף שאנשים הפסיקו למלא תפקידים רשמיים.",אישיות חשובה מאוד,,אישיות חשובה מאוד,verified,6,"אחרי מות | אחר מכן | אגף חקירות ומודיעין | אישיות חשובה מאוד | אחר מיתה, אחר מוֹת־ | ארבעים ותשע (גימטריה)",knesset,,knesset,14_ptm_532523.docx,clean,,human_review,knesset
kn4-0480,אח״מ,"בדומה לכך קרה כעת ברצועת-עזה: המחבל אבו-עלי אל-עזיז שאהין התפרע בכיסוי של איש חשוב מאוד – אח""מ.",אישיות חשובה מאוד,,אישיות חשובה מאוד,verified,6,"אחרי מות | אחר מכן | אגף חקירות ומודיעין | אישיות חשובה מאוד | אחר מיתה, אחר מוֹת־ | ארבעים ותשע (גימטריה)",knesset,,knesset,14_ptm_532674.docx,clean,,human_review,knesset
kn4-0500,אח״מ,"שר הביטחון נשאל על-ידי חבר הכנסת חנן פורת בנושא: החזרת תעודת אח""מ לתאופיק טיראווי.",אגף חקירות ומודיעין,,אגף חקירות ומודיעין,verified,6,"אחרי מות | אחר מכן | אגף חקירות ומודיעין | אישיות חשובה מאוד | אחר מיתה, אחר מוֹת־ | ארבעים ותשע (גימטריה)",knesset,,knesset,14_ptm_532716.docx,clean,,human_review,knesset
kn4-0501,אח״מ,"תאופיק טיראווי נשא תעודת אח""מ – VIP – על בסיס הסכמים מן העבר.",אישיות חשובה מאוד,,אישיות חשובה מאוד,verified,6,"אחרי מות | אחר מכן | אגף חקירות ומודיעין | אישיות חשובה מאוד | אחר מיתה, אחר מוֹת־ | ארבעים ותשע (גימטריה)",knesset,,knesset,14_ptm_532716.docx,clean,,human_review,knesset
kn4-0646,אח״מ,"אישורי אח""מ של משרד הדתות – משרד הדתות המנהל את האירוע חילק כ-1,500 אישורי אח""מ.",אישיות חשובה מאוד,,אישיות חשובה מאוד,verified,6,"אחרי מות | אחר מכן | אגף חקירות ומודיעין | אישיות חשובה מאוד | אחר מיתה, אחר מוֹת־ | ארבעים ותשע (גימטריה)",knesset,,knesset,15_ptm_533003.docx,clean,,human_review,knesset
kn3-0010,א״ב,"אני שמעתי גם כן את א""ב יהושע, שזורק כל מיני רעיונות שצריך כנראה לשנות קצת את מערכת החינוך ולהכניס קצת יותר יהדות; קצת יידישקייט, כדי להחדיר לנוער מה זה יהודי, רבותי, כדי לקשור אותו לארצו.",אברהם בולי (א.ב. יהושע),,אברהם בולי (א.ב. יהושע),verified,19,ארצות הברית | אדר ב' | ארוחת בוקר | אלף-בית | אין ביכולתו | אתה בחרתנו | אבן בוחן | אמרי בינה | אנשי ביתו | איסור בישול | איסור בנייה | אמת בניין | איתור בית | אישור בחירות | איכא ביניהו (יש ביניהם | אין בו; אין בה | אין ברֵרה | שלוש (גימטריה) | אברהם בולי (א.ב. יהושע),knesset,,knesset,13_ptm_532425.docx,human_review,,human_review,knesset
kn4-0353,א״ב,"ממנה יצאו פרופסור עדי צמח, א""ב יהושע ואחרים, שדיברו על מלחמת אזרחים.",אברהם בולי (א.ב. יהושע),,אברהם בולי (א.ב. יהושע),verified,19,ארצות הברית | אדר ב' | ארוחת בוקר | אלף-בית | אין ביכולתו | אתה בחרתנו | אבן בוחן | אמרי בינה | אנשי ביתו | איסור בישול | איסור בנייה | אמת בניין | איתור בית | אישור בחירות | איכא ביניהו (יש ביניהם | אין בו; אין בה | אין ברֵרה | שלוש (גימטריה) | אברהם בולי (א.ב. יהושע),knesset,,knesset,13_ptm_532439.docx,clean,,human_review,knesset
kn4-0400,א״ב,"הסופר א""ב יהושע כתב, שבעוד חמש-שש שנים תהיה לנו מלחמת אזרחים בינינו וביניכם, ובמלחמה כמו במלחמה.",אברהם בולי (א.ב. יהושע),,אברהם בולי (א.ב. יהושע),verified,19,ארצות הברית | אדר ב' | ארוחת בוקר | אלף-בית | אין ביכולתו | אתה בחרתנו | אבן בוחן | אמרי בינה | אנשי ביתו | איסור בישול | איסור בנייה | אמת בניין | איתור בית | אישור בחירות | איכא ביניהו (יש ביניהם | אין בו; אין בה | אין ברֵרה | שלוש (גימטריה) | אברהם בולי (א.ב. יהושע),knesset,,knesset,14_ptm_532533.docx,clean,,human_review,knesset
kn4-0605,א״ב,"יש רבנים גדולים, פרופסורים באקדמיה, לרבות חתן פרס ישראל, ראש האקדמיה ללשון עברית, פרופסור משה בר-אשר; אמנים במוזיקה, בשירה, במשחק, בציור; סופרים כמו א""ב יהושע ועוד.",אברהם בולי (א.ב. יהושע),,אברהם בולי (א.ב. יהושע),verified,19,ארצות הברית | אדר ב' | ארוחת בוקר | אלף-בית | אין ביכולתו | אתה בחרתנו | אבן בוחן | אמרי בינה | אנשי ביתו | איסור בישול | איסור בנייה | אמת בניין | איתור בית | אישור בחירות | איכא ביניהו (יש ביניהם | אין בו; אין בה | אין ברֵרה | שלוש (גימטריה) | אברהם בולי (א.ב. יהושע),knesset,,knesset,15_ptm_532939.docx,clean,,human_review,knesset
kn3-0011,א״ג,"כותב אפרים סידון הבוקר ב""מעריב"": ""אל הפועלת המפוטרת א""ג, אשר נותרה באופקים בלי פרנסה, ולא תוכל עוד להביא לילדיה את אותם 2,000 שקל הכנסה.",ראשי תיבות שם פרטי ומשפחה (זהות חסויה),,ראשי תיבות שם פרטי ומשפחה (זהות חסויה),verified,5,אימון גופני | אבן גבול | איכות גבולית | ארבע (גימטריה) | ראשי תיבות שם פרטי ומשפחה (זהות חסויה),knesset,,knesset,13_ptm_532434.docx,human_review,,human_review,knesset
kn3-0012,א״ה,"נודע לי, כי במהלך התקרית פצעה הירייה הראשונה את מר א""ה.",ראשי תיבות שם פרטי ומשפחה (זהות חסויה),,ראשי תיבות שם פרטי ומשפחה (זהות חסויה),verified,6,אבן העזר | אוצר הברכות | אי הכי (אם כך) | אמר הכותב/המחבר/העורך | שש (גימטריה) | ראשי תיבות שם פרטי ומשפחה (זהות חסויה),knesset,,knesset,15_ptm_532749.docx,human_review,,human_review,knesset
kn4-0581,א״ה,"נודע לי כי במהלך התקרית פצעה הירייה הראשונה את מר א""ה.",ראשי תיבות שם פרטי ומשפחה (זהות חסויה),,ראשי תיבות שם פרטי ומשפחה (זהות חסויה),verified,6,אבן העזר | אוצר הברכות | אי הכי (אם כך) | אמר הכותב/המחבר/העורך | שש (גימטריה) | ראשי תיבות שם פרטי ומשפחה (זהות חסויה),knesset,,knesset,15_ptm_532874.docx,clean,,human_review,knesset
kn3-0014,א״נ,"אם כן – אילו צעדים יינקטו כדי לזרז את הליכי החקירה בעניינו של א""נ?",ראשי תיבות שם פרטי ומשפחה (זהות חסויה),,ראשי תיבות שם פרטי ומשפחה (זהות חסויה),verified,7,אינו נאמן | אדון נכבד | און נאך (ועוד) | אי נימא (אם נאׂמר) | אי נמי (מילולית: או גם | חמישים ואחת (גימטריה) | ראשי תיבות שם פרטי ומשפחה (זהות חסויה),knesset,,knesset,13_ptm_532255.docx,human_review,,human_review,knesset
kn4-0544,א״נ,"האם ההפניה של א""נ ליבואן מקובלת כפתרון הולם?",ראשי תיבות שם פרטי ומשפחה (זהות חסויה),,ראשי תיבות שם פרטי ומשפחה (זהות חסויה),verified,7,אינו נאמן | אדון נכבד | און נאך (ועוד) | אי נימא (אם נאׂמר) | אי נמי (מילולית: או גם | חמישים ואחת (גימטריה) | ראשי תיבות שם פרטי ומשפחה (זהות חסויה),knesset,,knesset,15_ptm_532789.docx,clean,,human_review,knesset
kn3-0015,א״ע,"המבקר הפנימי של הרשות בדק תלונת ועד עגינה – נמל חיפה, בנושאים הבאים: מכרז למשרת רכז עגינה מיום 9 באוקטובר 1996 ומימון קורס מנהלי עבודה למר א""ע.",ראשי תיבות שם פרטי ומשפחה (זהות חסויה),,ראשי תיבות שם פרטי ומשפחה (זהות חסויה),verified,5,את עצמו | אנציקלופדיה עברית | אוניברסיטה עברית | שבעים ואחת (גימטריה) | ראשי תיבות שם פרטי ומשפחה (זהות חסויה),knesset,,knesset,14_ptm_532456.docx,human_review,,human_review,knesset
kn4-0517,א״ע,"לאשה א""ע תעודת זהות ישראלית והיא נשואה לתושב השטחים, אך לא צוין בשאילתא אם היא מתגוררת בישראל או בשטחים.",ראשי תיבות שם פרטי ומשפחה (זהות חסויה),,ראשי תיבות שם פרטי ומשפחה (זהות חסויה),verified,5,את עצמו | אנציקלופדיה עברית | אוניברסיטה עברית | שבעים ואחת (גימטריה) | ראשי תיבות שם פרטי ומשפחה (זהות חסויה),knesset,,knesset,14_ptm_532728.docx,clean,,human_review,knesset
kn3-0020,בד״א,"49 חיילים משוחררים דרוזים גויסו (בדרגות בד""א), ו-67 בני מיעוטים אחרים, מהם שני קצינים.",בדרוג אחיד,,בדרוג אחיד,verified,6,במה דברים אמורים | בעלי דרגות אחרות | בד' אמות | ברוך דיָן אמת | שבע (גימטריה) | בדרוג אחיד,knesset,,knesset,13_ptm_532195.docx,human_review,,human_review,knesset
kn3-0021,בד״צ,"אני אסכם ואומר רק כך: כשאני מתבונן על ההסכם שחתמה הממשלה, זהו בעצם הסכם אוסלו, עכשיו עם חותמת ""כשר"" של בד""צ הליכוד.",בית דין צדק,,בית דין צדק,verified,3,בית דין צבאי | בית דין צדק | תשעים ושש (גימטריה),knesset,,knesset,14_ptm_532454.docx,clean,,human_review,knesset
kn3-0023,ר״מ,"אין סיבה לשלם תגמול מיוחד למי שנמצא בר""מ-2 מעל 60 יום.","רשימת מקבצים (יחידה רישומית צה""לית)",,"רשימת מקבצים (יחידה רישומית צה""לית)",verified,7,"רבי מאיר | ראש ממשלה | ריש מתיבתא | רב המלמד בישיבה | רַב מורה | מאתיים וארבעים (גימטריה) | רשימת מקבצים (יחידה רישומית צה""לית)",knesset,,knesset,15_ptm_532943.docx,human_review,,human_review,knesset
kn3-0099,ר״מ,"מחובת ר""מ-2 לדווח למשפחות חיילים שהגיעו לבית-החולים רק במצב בינוני ומעלה.","רשימת מקבצים (יחידה רישומית צה""לית)",,"רשימת מקבצים (יחידה רישומית צה""לית)",verified,7,"רבי מאיר | ראש ממשלה | ריש מתיבתא | רב המלמד בישיבה | רַב מורה | מאתיים וארבעים (גימטריה) | רשימת מקבצים (יחידה רישומית צה""לית)",knesset,,knesset,13_ptm_532196.docx,human_review,,human_review,knesset
kn4-0040,ר״מ,"בתקופת אשפוזו הוא קיבל טיפול מסור מיחידת ר""מ-2, ניתנו לו טלוויזיה, נעלי בית, עיתונים וכל מיני הטבות.","רשימת מקבצים (יחידה רישומית צה""לית)",,"רשימת מקבצים (יחידה רישומית צה""לית)",verified,7,"רבי מאיר | ראש ממשלה | ריש מתיבתא | רב המלמד בישיבה | רַב מורה | מאתיים וארבעים (גימטריה) | רשימת מקבצים (יחידה רישומית צה""לית)",knesset,,knesset,13_ptm_532196.docx,clean,,human_review,knesset
kn4-0126,ר״מ,"החייל אושפז בבית-החולים ""בילינסון"", שבו לא קיימת יחידת רפואה צבאית, האחראית לאשפוז חיילים (ר""מ 2).","רשימת מקבצים (יחידה רישומית צה""לית)",,"רשימת מקבצים (יחידה רישומית צה""לית)",verified,7,"רבי מאיר | ראש ממשלה | ריש מתיבתא | רב המלמד בישיבה | רַב מורה | מאתיים וארבעים (גימטריה) | רשימת מקבצים (יחידה רישומית צה""לית)",knesset,,knesset,13_ptm_532262.docx,clean,,human_review,knesset
kn4-0316,ר״מ,"ר""מ בישיבת ""כרם דיבנה"", למד אצלו הרוצח לפני שלוש, ארבע או חמש שנים.",רב המלמד בישיבה,,רב המלמד בישיבה,verified,7,"רבי מאיר | ראש ממשלה | ריש מתיבתא | רב המלמד בישיבה | רַב מורה | מאתיים וארבעים (גימטריה) | רשימת מקבצים (יחידה רישומית צה""לית)",knesset,,knesset,13_ptm_532411.docx,clean,,human_review,knesset
kn4-0490,ר״מ,"ראש ישיבה מקבל משכורת, או ר""מ בישיבה, כמו מרצה זוטר?",רב המלמד בישיבה,,רב המלמד בישיבה,verified,7,"רבי מאיר | ראש ממשלה | ריש מתיבתא | רב המלמד בישיבה | רַב מורה | מאתיים וארבעים (גימטריה) | רשימת מקבצים (יחידה רישומית צה""לית)",knesset,,knesset,14_ptm_532694.docx,clean,,human_review,knesset
kn4-0609,ר״מ,"לגבי השאלה השלישית, לגבי ר""מ-2 – אני חושב, בניגוד לך, אבל זה עניין של מדיניות, שהם צודקים.","רשימת מקבצים (יחידה רישומית צה""לית)",,"רשימת מקבצים (יחידה רישומית צה""לית)",verified,7,"רבי מאיר | ראש ממשלה | ריש מתיבתא | רב המלמד בישיבה | רַב מורה | מאתיים וארבעים (גימטריה) | רשימת מקבצים (יחידה רישומית צה""לית)",knesset,,knesset,15_ptm_532943.docx,clean,,human_review,knesset
kn3-0025,ב״ה,"קודם כול, חלק מכם כבר התחילו להוסיף ""ב""ה"" בברכות לראש השנה ובמכתבים.",בָּרוּךְ הַשֵׁם,,בָּרוּךְ הַשֵׁם,verified,8,ברוך הבא | בית הלל | בעולם הבא | בניין הורדוס | ברוך המקום ברוך הוא | בְּעֶזְרַת הַשֵּׁם (בסיעתא דשמיא) | בָּרוּךְ הַשֵׁם | שבע (גימטריה),knesset,,knesset,13_ptm_532267.docx,clean,,human_review,knesset
kn4-0477,ב״ה,"אני לא יכוללכתוב שורה מבלי שלפני זה יהיה ב""ה, כי אני יודע שחלילה בלי ב""ה – – –",בְּעֶזְרַת הַשֵּׁם (בסיעתא דשמיא),,בְּעֶזְרַת הַשֵּׁם (בסיעתא דשמיא),verified,8,ברוך הבא | בית הלל | בעולם הבא | בניין הורדוס | ברוך המקום ברוך הוא | בְּעֶזְרַת הַשֵּׁם (בסיעתא דשמיא) | בָּרוּךְ הַשֵׁם | שבע (גימטריה),knesset,,knesset,14_ptm_532666.docx,clean,,human_review,knesset
kn3-0028,ב״ש,"כ-300,000 אזרחי המדינה המשתמשים בכרטיסי מנוי חודשיים מדי חודש בשירותי ""אגד"", ""דן"", ""חב' ב""ש"" ו""חב' אוטובוסים מאוחדים נצרת"".",באר שבע,,באר שבע,verified,6,באר שבע | בית שאן | בית שמש | בית שמאי | ברוך שמו | שלוש מאות ושתיים (גימטריה),knesset,,knesset,13_ptm_532367.docx,clean,,human_review,knesset
kn4-0255,ב״ש,"שיעור ההתייקרות הממוצע שבוצע היה 7.1% ולא 7.7%, כפי שציין חבר הכנסת; שיעור ההתייקרות הממוצע ב""אגד"" – 7.25%, ב""דן"" – 4.29%, בחברת ב""ש – 5.2%; ב.",באר שבע,,באר שבע,verified,6,באר שבע | בית שאן | בית שמש | בית שמאי | ברוך שמו | שלוש מאות ושתיים (גימטריה),knesset,,knesset,13_ptm_532367.docx,clean,,human_review,knesset
kn4-0399,ב״ש,"כיום מותקנות מערכות מיזוג אוויר בחברות הבאות: ""אגד"" – בכ-93% מצי האוטובוסים; ""דן"" – בכ-70% מצי האוטובוסים; חברת ב""ש –51% מצי האוטובוסים.",באר שבע,,באר שבע,verified,6,באר שבע | בית שאן | בית שמש | בית שמאי | ברוך שמו | שלוש מאות ושתיים (גימטריה),knesset,,knesset,14_ptm_532533.docx,clean,,human_review,knesset
kn3-0030,דמ״צ,"כי היה לי חלק בעניין יצירת המאפיינים ליצור הזה שנקרא דמ""צ, ואני רוצה לומר לך, שכל הדמ""צים – אולי מלבד אחד או שניים; כל השאר אכזבו ושימשו כנציגים של בעלי העניין.",דירקטור מקרב הציבור,,דירקטור מקרב הציבור,verified,3,דרישות מבצעיות | דירקטור מקרב הציבור | מאה ושלושים וארבע (גימטריה),knesset,,knesset,14_ptm_532718.docx,clean,,human_review,knesset
kn4-0508,דמ״צ,"אבל קבענו שהחברה לא תמנה דמ""צ כזה באמצעות מנגנון האישור ולא תוכל לאשר עסקאות עם בעלי עניין.",דירקטור מקרב הציבור,,דירקטור מקרב הציבור,verified,3,דרישות מבצעיות | דירקטור מקרב הציבור | מאה ושלושים וארבע (גימטריה),knesset,,knesset,14_ptm_532718.docx,clean,,human_review,knesset
kn3-0031,ד״א,"(לא נקראה, נמסרה לפרוטוקול) השאילתא עוסקת בתלונה ספציפית של מר ד""א.",ראשי תיבות שם פרטי ומשפחה (זהות חסויה),,ראשי תיבות שם פרטי ומשפחה (זהות חסויה),verified,15,חזיר | עבודה זרה | דבר אחר | דרך ארץ | יחסי אישות | ד' אלפים | עניין אחר | דרך אגב | ד' אמות | דיני אדם | דבר אחר.במשמעות | דרך אכילה/אכילתו | דרכא אחרינא (דרך אחרת) | חמש (גימטריה) | ראשי תיבות שם פרטי ומשפחה (זהות חסויה),knesset,,knesset,15_ptm_532880.docx,human_review,,human_review,knesset
kn3-0032,ד״ל,"מה הן הסיבות להעברת רב-כלאי ד""ל מתפקידו?",ראשי תיבות שם פרטי ומשפחה (זהות חסויה),,ראשי תיבות שם פרטי ומשפחה (זהות חסויה),verified,4,ודי לחכימא | ודי למבין | שלושים וארבע (גימטריה) | ראשי תיבות שם פרטי ומשפחה (זהות חסויה),knesset,,knesset,14_ptm_532497.docx,human_review,,human_review,knesset
kn3-0034,ד״ת,"אילו היה ד""ת עובד יחיד במשק, ניתן היה להשלים עם העניין הזה.",ראשי תיבות שם פרטי ומשפחה (זהות חסויה),,ראשי תיבות שם פרטי ומשפחה (זהות חסויה),verified,5,דברי תורה | דין תורה | דעת תורה | ארבע מאות וארבע (גימטריה) | ראשי תיבות שם פרטי ומשפחה (זהות חסויה),knesset,,knesset,13_ptm_532210.docx,human_review,,human_review,knesset
kn3-0035,זה״ב,"השבועון ""משפחה"", המנהל מאבק ציבורי בנושא, מדווח, כי התוכניות של פרויקט זה""ב ומרכז ההדרכה בירושלים אינן מופעלות במגזר החרדי.",זהירות בדרכים,,זהירות בדרכים,verified,3,זהירות בדרכים | הימים בהם קוראים בתורה: ז' (שבת) | ארבע עשרה (גימטריה),knesset,,knesset,15_ptm_532748.docx,clean,,human_review,knesset
kn3-0037,ז״ק,"אני קראתי לשר החוץ שלנו שר האוצר של ערפאת, כי ב""מעריב"" אתמול פורסם בשם משה ז""ק: שר החוץ של מדינת פלשתין, כך הציג את עצמו פארוק קדומי, קרא לישראל מדינה רמאית, שקרנית וברוטלית.",זרע קדושים (שם משפחה),,זרע קדושים (שם משפחה),verified,7,זמן קצר | זנב קשיח | זקף קטן | זרע קדושים (שם משפחה) | זרע קודש (שם משפחה) | זרע קיים | מאה ושבע (גימטריה),knesset,,knesset,13_ptm_532284.docx,clean,,human_review,knesset
kn3-0038,חו״ש,"עבודות חו""ש – 13%, כ-300 מיליון שקל חדש; ד.",חוץ ושטח (עבודות פיתוח),,חוץ ושטח (עבודות פיתוח),verified,4,חס ושלום | חדש ושבת | שלוש מאות וארבע עשרה (גימטריה) | חוץ ושטח (עבודות פיתוח),knesset,,knesset,13_ptm_532369.docx,human_review,,human_review,knesset
kn3-0039,חי״ל,"כן, אדוני ראש הממשלה שהיה פעם גם אלוף פיקוד המרכז: גם לגבעות שמעל איתמר יש חשיבות אסטרטגית ולא רק טקטית, וגם להר-חרשה וגם לגבעת-חי""ל, וגם לכל המאחזים האחרים.",חזית יהודית לאומית,,חזית יהודית לאומית,verified,4,חזית יהודית לאומית | (הבריגדה היהודית) אשר לחמה באירופה במלחמת העולם השניה | האגודה לפיתוח הימאות העברית ולהחדרת תודעתה בארץ ובעולם | ארבעים ושמונה (גימטריה),knesset,,knesset,15_ptm_532793.docx,clean,,human_review,knesset
kn3-0041,חפ״ק,"המשטרה הקימה הבוקר חפ""ק של מחוז תל-אביב.",חבורת פיקוד קדמית,,חבורת פיקוד קדמית,verified,3,חבורת פיקוד קדמית | חונה פה קהילת | מאה ושמונים ושמונה (גימטריה),knesset,,knesset,13_ptm_532294.docx,clean,,human_review,knesset
kn3-0045,יחב״ל,"פרידן גם אישר, כי אנשי יחב""ל הבטיחו לסייע לו להיות מוחזק בכלא שהוא יבחר.",היחידה לחקירות בינלאומיות,,היחידה לחקירות בינלאומיות,verified,4,יחסים בינלאומיים | יחידות בינלאומיות | היחידה לחקירות בינלאומיות | חמישים (גימטריה),knesset,,knesset,15_ptm_532803.docx,clean,,human_review,knesset
kn3-0046,יח״ל,"שיעור העוברים בשלוש יחידות לימוד – יח""ל – 84% במגזר היהודי ו-82% במגזר הלא-יהודי; בארבע יח""ל – 93% במגזר היהודי ו-86% במגזר הלא-יהודי; בחמש יח""ל – 95% במגזר היהודי ו-94% במגזר הלא-יהודי.",יחידות לימוד,,יחידות לימוד,verified,4,יחידות לימוד | ישיבת חכמי לובלין | יחידת לבגרות | ארבעים ושמונה (גימטריה),knesset,,knesset,14_ptm_532682.docx,clean,,human_review,knesset
kn4-0488,יח״ל,"שיעור המצטיינים בשלוש יח""ל – 33% במגזר היהודי ו-24% במגזר הלא-יהודי; בארבע יח""ל – 41% במגזר היהודי ו-33% במגזר הלא-יהודי; ובחמש יח""ל – 47% במגזר היהודי ו-46% במגזר הלא-יהודי.",יחידות לימוד,,יחידות לימוד,verified,4,יחידות לימוד | ישיבת חכמי לובלין | יחידת לבגרות | ארבעים ושמונה (גימטריה),knesset,,knesset,14_ptm_532682.docx,clean,,human_review,knesset
kn4-0235,כ״ז,"שחר אילן כותב בעיתון ""הארץ"" מיום כ""ז באב: ""מטה הביצוע מסר את כל הטיפול בהכנת תוכניות הלימודים בנושאי חגים לרפורמים, לקונסרבטיבים ולתנועה הקיבוצית"".",עשרים ושבע (גימטריה),,עשרים ושבע (גימטריה),verified,3,כל זאת | כל זמן | עשרים ושבע (גימטריה),knesset,,knesset,13_ptm_532345.docx,clean,,human_review,knesset
kn4-0213,כ״ז,"אנחנו עומדים לחגוג את שנת ה-27 לשחרור ירושלים; כ""ז שנה.",עשרים ושבע (גימטריה),,עשרים ושבע (גימטריה),verified,3,כל זאת | כל זמן | עשרים ושבע (גימטריה),knesset,,knesset,13_ptm_532323.docx,clean,,human_review,knesset
kn4-0473,כ״ז,"במה זו אינה רק נכס פרטי, היא גם נכס ציבורי, שהעיתון מחזיק בו כנאמן של הציבור"" – מאמר שהתפרסם בכתב העת ""משפטים"", כרך כ""ז, עמ' 223.",עשרים ושבע (גימטריה),,עשרים ושבע (גימטריה),verified,3,כל זאת | כל זמן | עשרים ושבע (גימטריה),knesset,,knesset,14_ptm_532666.docx,clean,,human_review,knesset
kn4-0367,כ״ז,"הישיבה הבאה תיפתח מחר, יום שלישי, כ""ז באייר, 3 ביוני, בשעה 16:00.",עשרים ושבע (גימטריה),,עשרים ושבע (גימטריה),verified,3,כל זאת | כל זמן | עשרים ושבע (גימטריה),knesset,,knesset,14_ptm_532462.docx,clean,,human_review,knesset
kn4-0356,כ״ז,"""ודמות החיות מראיהם כגחלי אש בערות כמראה הלפדים""; ואני מדלג לפסוק כ""ז: ""וארא כעין חשמל כמראה אש בית-לה סביב"" וכו'.",עשרים ושבע (גימטריה),,עשרים ושבע (גימטריה),verified,3,כל זאת | כל זמן | עשרים ושבע (גימטריה),knesset,,knesset,13_ptm_532442.docx,clean,,human_review,knesset
kn4-0361,כ״ז,"גברתי היושבת-ראש, חברי הכנסת, ב-1951 החליטה הכנסת שיום כ""ז בניסן יוכרז כיום הזיכרון לשואה ולמרד הגטאות.",עשרים ושבע (גימטריה),,עשרים ושבע (גימטריה),verified,3,כל זאת | כל זמן | עשרים ושבע (גימטריה),knesset,,knesset,14_ptm_532450.docx,clean,,human_review,knesset
kn4-0608,כ״ז,"ישיבת הכנסת הבאה, אם ירצה השם, מחר, יום רביעי, כ""ז בכסליו, 12 בדצמבר 2001, בשעה 09:00.",עשרים ושבע (גימטריה),,עשרים ושבע (גימטריה),verified,3,כל זאת | כל זמן | עשרים ושבע (גימטריה),knesset,,knesset,15_ptm_532942.docx,clean,,human_review,knesset
kn3-0047,כ״ז,"אומרת הגמרא, מסכת ראש השנה כ""ז: ""התוקע לתוך הבור או לתוך הדות או לתוך הפיטס"".",עשרים ושבע (גימטריה),,עשרים ושבע (גימטריה),verified,3,כל זאת | כל זמן | עשרים ושבע (גימטריה),knesset,,knesset,13_ptm_532188.docx,clean,,human_review,knesset
kn3-0048,לו״ז,"כאן היה לו""ז שמאפשר הכנות מקדימות ומסודרות.",לוח זמנים,,לוח זמנים,verified,3,לוח זמנים | לוחמה זעירה | ארבעים ושלוש (גימטריה),knesset,,knesset,15_ptm_532742.docx,clean,,human_review,knesset
kn4-0570,לו״ז,"לא יכול להיות שראש ממשלה לא יקבע לו""ז, יעד; זו גם גבעה שצריך להסתער עליה.",לוח זמנים,,לוח זמנים,verified,3,לוח זמנים | לוחמה זעירה | ארבעים ושלוש (גימטריה),knesset,,knesset,15_ptm_532819.docx,clean,,human_review,knesset
kn4-0644,מב״ר,"אני חושב שהמשרד צריך לשקול מחדש את הביטול הזה, שלא ייגע בנושא הבגרויות, ובמיוחד לא בתוכנית מב""ר.",מסלול בגרויות רגיל,,מסלול בגרויות רגיל,verified,4,משרד הבריאות | מסלול בגרויות רגיל | מפגר בעל רצון | מאתיים וארבעים ושתיים (גימטריה),knesset,,knesset,15_ptm_532994.docx,clean,,human_review,knesset
kn3-0051,מב״ר,"אחת התוכניות היא תוכנית כיתות מב""ר, או מעבר לבגרות.",מסלול בגרויות רגיל,,מסלול בגרויות רגיל,verified,4,משרד הבריאות | מסלול בגרויות רגיל | מפגר בעל רצון | מאתיים וארבעים ושתיים (גימטריה),knesset,,knesset,13_ptm_532220.docx,clean,,human_review,knesset
kn4-0432,מב״ר,"מה ייעשה כדי להבטיח שגם התלמידים לקויי הלמידה ימשיכו ליהנות מתוכנית מב""ר?",מסלול בגרויות רגיל,,מסלול בגרויות רגיל,verified,4,משרד הבריאות | מסלול בגרויות רגיל | מפגר בעל רצון | מאתיים וארבעים ושתיים (גימטריה),knesset,,knesset,14_ptm_532576.docx,clean,,human_review,knesset
kn4-0642,מב״ר,"הקיצוץ שהושת על משרד החינוך פוגע, לצערי, גם בתוכניות שהושקעו בהן מחשבה ומאמצים רבים והן פועלות בהצלחה יתירה בקרב אוכלוסיות חלשות במגזרים השונים במערכת, ובכלל זה תוכנית מב""ר.",מסלול בגרויות רגיל,,מסלול בגרויות רגיל,verified,4,משרד הבריאות | מסלול בגרויות רגיל | מפגר בעל רצון | מאתיים וארבעים ושתיים (גימטריה),knesset,,knesset,15_ptm_532994.docx,clean,,human_review,knesset
kn4-0186,מב״ר,"נפתחו כיתות מב""ר, מעבר לבגרות, וכיתה 13 במטרה לסייע לתלמידים לקבל תעודת בגרות.",מסלול בגרויות רגיל,,מסלול בגרויות רגיל,verified,4,משרד הבריאות | מסלול בגרויות רגיל | מפגר בעל רצון | מאתיים וארבעים ושתיים (גימטריה),knesset,,knesset,13_ptm_532293.docx,clean,,human_review,knesset
kn4-0159,מב״ר,"למי שלא יודע, תוכנית מב""ר זו תוכנית שנותנת הזדמנות שנייה.",מסלול בגרויות רגיל,,מסלול בגרויות רגיל,verified,4,משרד הבריאות | מסלול בגרויות רגיל | מפגר בעל רצון | מאתיים וארבעים ושתיים (גימטריה),knesset,,knesset,13_ptm_532277.docx,clean,,human_review,knesset
kn4-0434,מב״ר,"נקבע מראש, כי תלמידי מב""ר, הזקוקים להקלות ממשיות – בחינה בעל-פה ושאלון בית-ספרי – לא ייבחנו במועד החורף, כיוון שזהו מועד מצומצם, והמשרד אינו ערוך מבחינה מינהלית לתת שירותים אלה.",מסלול בגרויות רגיל,,מסלול בגרויות רגיל,verified,4,משרד הבריאות | מסלול בגרויות רגיל | מפגר בעל רצון | מאתיים וארבעים ושתיים (גימטריה),knesset,,knesset,14_ptm_532576.docx,clean,,human_review,knesset
kn4-0430,מב״ר,"אדוני סגן השר, הגשתי את השאילתא לא בשביל להביע משאלת-לב, אלא כדי שמשרד החינוך יאמר מה עמדתו לגבי מב""ר, ואם הוא הולך לתגבר את התוכנית הזו.",מסלול בגרויות רגיל,,מסלול בגרויות רגיל,verified,4,משרד הבריאות | מסלול בגרויות רגיל | מפגר בעל רצון | מאתיים וארבעים ושתיים (גימטריה),knesset,,knesset,14_ptm_532574.docx,clean,,human_review,knesset
kn3-0053,מהר״ם,"הסביר מהר""ם שפירא במשפט: ""עם ישראל נקרא אדם אחד, אומות העולם נקראים הרבה בני אדם"".",מורנו הרב רבי מאיר,,מורנו הרב רבי מאיר,verified,23,רבי מרדכי יפה | רבי מרדכי בנט | רבי מאיר ברבי | רבי מאיר איזנשטט | רבי משה מינץ | רבי מאיר קצנלנבוגן | רבי מאיר פישלס | רבי משה אלשקר | רבי משה גאלנטי (הראשון) | רבי משה שיק | רבי יהודה מאיר שפירא | רבי מאיר בן ברוך מרוטנבורג | רבי מאיר שיף | רבי מרדכי בריסק | רבי מנחם דוד בן יצחק | רבי מאיר הלוי איש הורוביץ | רבי מנחם מנדל אביגדורש | דורותי מהרם | מהרם (חברה) | משפט מהרם | מורנו הרב רבי מאיר | מורנו הרב רבי מנדל | מאתיים ושמונים וחמש (גימטריה),knesset,,knesset,14_ptm_532631.docx,clean,,human_review,knesset
kn3-0054,מזל״ט,"אבל, לצערי הרב, אותם דברים, אותן השמצות, אותם דברי רהב, אותם דברים מזלזלים, ואלה הקטנים שבהם: שרוול שאין בו כלום, מזל""ט מקורקע, אין טייס, אין צוות, מדמה עצמו לצ'רצ'יל.",מטוז זעיר ללא טייס,,מטוז זעיר ללא טייס,verified,3,מזל טוב | מטוז זעיר ללא טייס | שמונים ושש (גימטריה),knesset,,knesset,14_ptm_532540.docx,clean,,human_review,knesset
kn3-0056,מלמ״ש,"(לא נקראה, נמסרה לפרוטוקול) ממשלת ישראל החליטה על ביצוע מכרז להפקת מים מליחים באזור מישור רותם בהיקף של 30 מלמ""ש כמי גלם להתפלה.",מיליון מטר מעוקב לשנה,,מיליון מטר מעוקב לשנה,verified,3,מיליון מטר מעוקב לשנה | מרכז ללימודי משטרה | ארבע מאות ועשר (גימטריה),knesset,,knesset,15_ptm_533006.docx,clean,,human_review,knesset
kn3-0057,מל״ט,"המנחים מועסקים במערכת החינוך כמורים, ויום או יומיים בשבוע הם מועסקים על-ידי מל""ט חולון על-פי חוזה מיוחד.",מרכז ללימודים טכנולוגיים,,מרכז ללימודים טכנולוגיים,verified,4,מטוס ללא טייס | מיגו לחצי טענה | שבעים ותשע (גימטריה) | מרכז ללימודים טכנולוגיים,knesset,,knesset,14_ptm_532472.docx,human_review,,human_review,knesset
kn4-0369,מל״ט,"הפרויקטים שבוצעו עד כה באמצעות מל""ט חולון יוצאים בימים אלה למכרז, כפי שהתבקש המשרד.",מרכז ללימודים טכנולוגיים,,מרכז ללימודים טכנולוגיים,verified,4,מטוס ללא טייס | מיגו לחצי טענה | שבעים ותשע (גימטריה) | מרכז ללימודים טכנולוגיים,knesset,,knesset,14_ptm_532472.docx,clean,,human_review,knesset
kn3-0061,מפמ״ר,"לכל מקצוע שעליו מופקד מפמ""ר, תמנה המזכירות הפדגוגית ועדת משנה – ועדה להוראת מקצוע.",מפקח מרכז,,מפקח מרכז,verified,3,מפקד מרכז | מפקח מרכז | שלוש מאות ושישים (גימטריה),knesset,,knesset,14_ptm_532682.docx,clean,,human_review,knesset
kn3-0064,מ״א,"האם ידוע למשרד כי מ""א זקוק לטיפול גריאטרי?",ראשי תיבות שם פרטי ומשפחה (זהות חסויה),,ראשי תיבות שם פרטי ומשפחה (זהות חסויה),verified,17,מועצה אזורית | מקום אחר | מלכים א' | משנה א' | מגן אברהם | מעמד אישי | מערכות אלקטרוניות | המפקדה הארצית | מספר אישי | מודיעין אזרחי | מעצור אוויר | מחזור אחרון | מוסמך אוניברסיטה (נקרא גם 'תואר שני') | מֻסְמָךְ אוּנִיבֶרְסִיטָה | משתנה אקראי (תורת ההסתברות) | ארבעים ואחת (גימטריה) | ראשי תיבות שם פרטי ומשפחה (זהות חסויה),knesset,,knesset,13_ptm_532242.docx,human_review,,human_review,knesset
kn4-0274,מ״א,"כמו-כן, נערכו דיונים עם האוניברסיטאות לפתיחת מסלולי מ""א אינטגרטיביים למקצועות היהדות והקמת מרכזי פיתוח לתוכניות לימודים.",מוסמך אוניברסיטה (נקרא גם 'תואר שני'),,מוסמך אוניברסיטה (נקרא גם 'תואר שני'),verified,17,מועצה אזורית | מקום אחר | מלכים א' | משנה א' | מגן אברהם | מעמד אישי | מערכות אלקטרוניות | המפקדה הארצית | מספר אישי | מודיעין אזרחי | מעצור אוויר | מחזור אחרון | מוסמך אוניברסיטה (נקרא גם 'תואר שני') | מֻסְמָךְ אוּנִיבֶרְסִיטָה | משתנה אקראי (תורת ההסתברות) | ארבעים ואחת (גימטריה) | ראשי תיבות שם פרטי ומשפחה (זהות חסויה),knesset,,knesset,13_ptm_532386.docx,clean,,human_review,knesset
kn3-0065,מ״ג,"בדבר מתן הכרה ממלכתית לחללים, מ""ג המעפילים, במלאות 20 שנה לטביעתה של הספינה ""אגוז"" במצר גיברלטר; ב.",ארבעים ושלוש (גימטריה),,ארבעים ושלוש (גימטריה),verified,4,מפקד גף | מילת־גוף | מיליגרם (אלפית הגרם) | ארבעים ושלוש (גימטריה),knesset,,knesset,13_ptm_532192.docx,clean,,human_review,knesset
kn4-0259,מ״ג,"בנק ישראל אכן החל, ב-1 במאי 1994, להנפיק מטבע בערך של שקל אחד בנתך השוקל 4 מ""ג פחות מזה שהונפק עד אז.",מיליגרם (אלפית הגרם),,מיליגרם (אלפית הגרם),verified,6,"מפקד גף | מילת־גוף | מיליגרם (אלפית הגרם) | ארבעים ושלוש (גימטריה) | ראשי תיבות שם פרטי ומשפחה (זהות חסויה) | מקלע מא""ג (שיבוש כתיב)",knesset,,knesset,13_ptm_532370.docx,clean,,human_review,knesset
kn4-0349,מ״ג,"מר מ""ג עבד במשרד הבינוי והשיכון כעובד זמני במסגרת חברת כוח אדם.",ראשי תיבות שם פרטי ומשפחה (זהות חסויה),,ראשי תיבות שם פרטי ומשפחה (זהות חסויה),verified,6,"מפקד גף | מילת־גוף | מיליגרם (אלפית הגרם) | ארבעים ושלוש (גימטריה) | ראשי תיבות שם פרטי ומשפחה (זהות חסויה) | מקלע מא""ג (שיבוש כתיב)",knesset,,knesset,13_ptm_532438.docx,human_review,,human_review,knesset
kn4-0372,מ״ג,"לצערי הרב, המחבלים לקחו עמם את הבט""שית, מקלע מ""ג ורובה סער 16-M ונמלטו.","מקלע מא""ג (שיבוש כתיב)",,"מקלע מא""ג (שיבוש כתיב)",verified,6,"מפקד גף | מילת־גוף | מיליגרם (אלפית הגרם) | ארבעים ושלוש (גימטריה) | ראשי תיבות שם פרטי ומשפחה (זהות חסויה) | מקלע מא""ג (שיבוש כתיב)",knesset,,knesset,14_ptm_532474.docx,human_review,,human_review,knesset
kn3-0066,מ״ד,"אבל הוא לא פרש, הוא עבר ללמוד גיאוגרפיה וסיים למרות שהוא הגיע מ""ד' צפון"".",שכונת ד' צפון (באר שבע),,שכונת ד' צפון (באר שבע),verified,5,מאי דכתיב | מאן דאמר | מהו דתימא | ארבעים וארבע (גימטריה) | שכונת ד' צפון (באר שבע),knesset,,knesset,15_ptm_532748.docx,human_review,,human_review,knesset
kn4-0566,מ״ד,"אדוני היושב-ראש, כנסת נכבדה, הפסוק בישעיהו בפרק מ""ד אומר: ""לא ידעו ולא יבינו כי טח מראות עיניהם מהשכיל לבתם"", ואני מוסיף: למי?",ארבעים וארבע (גימטריה),,ארבעים וארבע (גימטריה),verified,5,מאי דכתיב | מאן דאמר | מהו דתימא | ארבעים וארבע (גימטריה) | שכונת ד' צפון (באר שבע),knesset,,knesset,15_ptm_532809.docx,clean,,human_review,knesset
kn3-0068,מ״ח,"ראוי העם בישראל וראויה מדינת ישראל שתהיה להם שיטה אחרת, שיטה טובה ובדוקה אשר התנסינו בה מ""ח שנים.",ארבעים ושמונה (גימטריה),,ארבעים ושמונה (גימטריה),verified,5,מדעי החיים | משפט חוזר | מועצת חכמים | מילת חיבור | ארבעים ושמונה (גימטריה),knesset,,knesset,14_ptm_532506.docx,clean,,human_review,knesset
kn4-0387,מ״ח,"מ""ח שנים, ואיבדנו את המוח והתפתינו לשיטה הנפסדת, ואחת הסיבות המרכזיות למשבר האחרון בממשלה שלנו היא בעטיה ובגללה.",ארבעים ושמונה (גימטריה),,ארבעים ושמונה (גימטריה),verified,5,מדעי החיים | משפט חוזר | מועצת חכמים | מילת חיבור | ארבעים ושמונה (גימטריה),knesset,,knesset,14_ptm_532506.docx,clean,,human_review,knesset
kn3-0069,מ״ס,"מדוע לא הושלם הדיון בבקשתו של מ""ס לזכאות, אף שהגישה לפני כארבע שנים?",ראשי תיבות שם פרטי ומשפחה (זהות חסויה),,ראשי תיבות שם פרטי ומשפחה (זהות חסויה),verified,4,מועדון ספורט | מהירות סגירה | מאה (גימטריה) | ראשי תיבות שם פרטי ומשפחה (זהות חסויה),knesset,,knesset,13_ptm_532388.docx,human_review,,human_review,knesset
kn4-0362,מ״ס,"מקום התעסוקה המוגן שבו שוהה מ""ס מספק לחוסים תעסוקה במגוון תחומים.",ראשי תיבות שם פרטי ומשפחה (זהות חסויה),,ראשי תיבות שם פרטי ומשפחה (זהות חסויה),verified,4,מועדון ספורט | מהירות סגירה | מאה (גימטריה) | ראשי תיבות שם פרטי ומשפחה (זהות חסויה),knesset,,knesset,14_ptm_532456.docx,clean,,human_review,knesset
kn4-0363,מ״ס,"כן נמסר, כי הופעלה עבור החניך מ""ס תוכנית השמה אישית בתעסוקה – שילוב חלקי בחנות.",ראשי תיבות שם פרטי ומשפחה (זהות חסויה),,ראשי תיבות שם פרטי ומשפחה (זהות חסויה),verified,4,מועדון ספורט | מהירות סגירה | מאה (גימטריה) | ראשי תיבות שם פרטי ומשפחה (זהות חסויה),knesset,,knesset,14_ptm_532456.docx,clean,,human_review,knesset
kn3-0070,מ״ע,"שתי החיילות אכן קבלו על הטרדות מיניות מצדו של סגן-אלוף מ""ע.",ראשי תיבות שם פרטי ומשפחה (זהות חסויה),,ראשי תיבות שם פרטי ומשפחה (זהות חסויה),verified,4,מצות עשה | מנוחתו עדן | מאה ועשר (גימטריה) | ראשי תיבות שם פרטי ומשפחה (זהות חסויה),knesset,,knesset,14_ptm_532553.docx,human_review,,human_review,knesset
kn4-0420,מ״ע,"נעיר עוד, כי שתי החיילות עברו לשרת בבסיס אחר, על-פי בקשתן שקדמה להחלטת הוועדה לאי-התרת התחייבות מ""ע, ולא כאמור בכתבה – כאילו נבעה העברתן לבסיס אחר מהחלטת הוועדה כאמור.",התחייבות תמורת מענק עידוד,,התחייבות תמורת מענק עידוד,verified,5,מצות עשה | מנוחתו עדן | מאה ועשר (גימטריה) | ראשי תיבות שם פרטי ומשפחה (זהות חסויה) | התחייבות תמורת מענק עידוד,knesset,,knesset,14_ptm_532553.docx,human_review,,human_review,knesset
kn4-0182,מ״פ,"חבר הכנסת לס, אם מחר תעלה מולדת לשלטון ותחליט על טרנספר לערבים, אתה תקיים את ההחלטה אם תצטרך להיות מ""פ בפלוגה שתפעל שם?",מפקד פלוגה,,מפקד פלוגה,verified,7,מפקד פלוגה | מחנה פליטים | מחשבה פלילית | לשון משלים פועל | מחשבים מגה פיקסל | מתמטיקה מכפלה פנימית | מאה ועשרים (גימטריה),knesset,,knesset,13_ptm_532290.docx,clean,,human_review,knesset
kn4-0645,מ״פ,"אותו סגן או מפקד מחלקה או מ""פ שהיה בלילה – –",מפקד פלוגה,,מפקד פלוגה,verified,7,מפקד פלוגה | מחנה פליטים | מחשבה פלילית | לשון משלים פועל | מחשבים מגה פיקסל | מתמטיקה מכפלה פנימית | מאה ועשרים (גימטריה),knesset,,knesset,15_ptm_533002.docx,clean,,human_review,knesset
kn4-0436,מ״פ,"זה מה שהתרחש בחטיבת גולני, בפלוגה המסוימת, כאשר מ""פ החליט בראשית דרכו, שהוא רוצה להכניס אמות מידה ונורמות משמעתיות מאוד מאוד רציניות בתוך הפלוגה.",מפקד פלוגה,,מפקד פלוגה,verified,7,מפקד פלוגה | מחנה פליטים | מחשבה פלילית | לשון משלים פועל | מחשבים מגה פיקסל | מתמטיקה מכפלה פנימית | מאה ועשרים (גימטריה),knesset,,knesset,14_ptm_532576.docx,clean,,human_review,knesset
kn4-0217,מ״פ,"הדבר השני – לנזוף באותו מ""פ שטעה, שדרש מהחיילים לחזור ברכב לבסיס, שלא על מנת לעשות כוננות מבצעית, והענישם משום שסירבו לחלל את השבת.",מפקד פלוגה,,מפקד פלוגה,verified,7,מפקד פלוגה | מחנה פליטים | מחשבה פלילית | לשון משלים פועל | מחשבים מגה פיקסל | מתמטיקה מכפלה פנימית | מאה ועשרים (גימטריה),knesset,,knesset,13_ptm_532326.docx,clean,,human_review,knesset
kn3-0071,מ״פ,"אני לא יודע אם כל מ""פ יודע בדיוק מה צריך לעשות כאשר הוא נתקל במשטרה פלשתינית.",מפקד פלוגה,,מפקד פלוגה,verified,7,מפקד פלוגה | מחנה פליטים | מחשבה פלילית | לשון משלים פועל | מחשבים מגה פיקסל | מתמטיקה מכפלה פנימית | מאה ועשרים (גימטריה),knesset,,knesset,13_ptm_532263.docx,clean,,human_review,knesset
kn4-0457,מ״פ,"אבל לפני שאומר את דברי, אני רוצה מעל במה זו להשתתף בצערה של משפחת מילוא על נדב שהיה מ""פ חם בחטיבת הצנחנים.",מפקד פלוגה,,מפקד פלוגה,verified,7,מפקד פלוגה | מחנה פליטים | מחשבה פלילית | לשון משלים פועל | מחשבים מגה פיקסל | מתמטיקה מכפלה פנימית | מאה ועשרים (גימטריה),knesset,,knesset,14_ptm_532628.docx,clean,,human_review,knesset
kn4-0251,מ״פ,"ידידי חבר הכנסת זאבי, מדבר אליך מ""פ בצנחנים; אני לא צריך קבלות ממך.",מפקד פלוגה,,מפקד פלוגה,verified,7,מפקד פלוגה | מחנה פליטים | מחשבה פלילית | לשון משלים פועל | מחשבים מגה פיקסל | מתמטיקה מכפלה פנימית | מאה ועשרים (גימטריה),knesset,,knesset,13_ptm_532364.docx,clean,,human_review,knesset
kn4-0437,מ״פ,"אם יש לנו צבא שבו קצין בדרגת מ""פ, ודאי קצינים שהם מ""מים, לא יכולים להשתית משמעת בתוך פלוגה, כי יש מגילת זכויות הוותיקים שאסור לפגוע בה, חלילה.",מפקד פלוגה,,מפקד פלוגה,verified,7,מפקד פלוגה | מחנה פליטים | מחשבה פלילית | לשון משלים פועל | מחשבים מגה פיקסל | מתמטיקה מכפלה פנימית | מאה ועשרים (גימטריה),knesset,,knesset,14_ptm_532576.docx,clean,,human_review,knesset
kn3-0072,מ״צ,"אף אחד לא לוקח את האחריות ולא חושב שזה יהיה המצב, ואל תפחידו אותנו בסיפור הזה, האם את או אתה רוצים שיבואו מ""צ ויגייסו בכוח.",משטרה צבאית,,משטרה צבאית,verified,4,"מעלות צלזיוס | משטרה צבאית | משיח צדק, משיח צִדקנו | מאה ושלושים (גימטריה)",knesset,,knesset,15_ptm_532771.docx,clean,,human_review,knesset
nat-0053,מ״צ,"בחזית הדרום פעלו שלוש אוגדות להן לא היה כוח מ""צ אורגני.",משטרה צבאית,מ״צ.01,משטרה צבאית,verified,3,"מעלות צלזיוס | משטרה צבאית | משיח צדק, משיח צִדקנו",natural,yes,wikipedia,חיל המשטרה הצבאית,,,wikipedia_natural,wiki_natural
nat-0054,מ״צ,"כוחות מ""צ עסקו בשילוט נתיבי העלייה לרמת הגולן ובסימון צירים נקיים ממיקוש.",משטרה צבאית,מ״צ.01,משטרה צבאית,verified,3,"מעלות צלזיוס | משטרה צבאית | משיח צדק, משיח צִדקנו",natural,yes,wikipedia,חיל המשטרה הצבאית,,,wikipedia_natural,wiki_natural
nat-0055,מ״צ,"תחנת מ""צ שנפתחה בגדות סייעה והשתלבה במשימות השונות של השלמת הכיבוש וההתארגנות ברמה.",משטרה צבאית,מ״צ.01,משטרה צבאית,verified,3,"מעלות צלזיוס | משטרה צבאית | משיח צדק, משיח צִדקנו",natural,yes,wikipedia,חיל המשטרה הצבאית,,,wikipedia_natural,wiki_natural
kn3-0076,נ״י,"היא סיפקה את הבובות לתשדירים של מפלגת נ""י הפיקטיבית, שאני רוצה לדעת מי עומד מאחוריה.",נצח ישראל,,נצח ישראל,verified,5,ניו יורק | נצח ישראל | נרו יאיר | נסמך יחיד | שישים (גימטריה),knesset,,knesset,15_ptm_532738.docx,clean,,human_review,knesset
kn4-0522,נ״י,"""שובו בנים"", ""שנית גמלא לא תיפול"", ""הוועד הדתי-חרדי למען נתניהו"", מפלגת הדמה נ""י.",נצח ישראל,,נצח ישראל,verified,5,ניו יורק | נצח ישראל | נרו יאיר | נסמך יחיד | שישים (גימטריה),knesset,,knesset,15_ptm_532738.docx,clean,,human_review,knesset
kn4-0534,נ״י,"רשימה נ""י, שאתם הרצתם כרשימה פיקטיבית, כאשר – – –",נצח ישראל,,נצח ישראל,verified,5,ניו יורק | נצח ישראל | נרו יאיר | נסמך יחיד | שישים (גימטריה),knesset,,knesset,15_ptm_532766.docx,clean,,human_review,knesset
kn4-0562,נ״י,"חברת הכנסת לימור לבנת, אני רוצה שתגידי מי עמד מאחורי הקמפיין של נ""י.",נצח ישראל,,נצח ישראל,verified,5,ניו יורק | נצח ישראל | נרו יאיר | נסמך יחיד | שישים (גימטריה),knesset,,knesset,15_ptm_532801.docx,clean,,human_review,knesset
kn3-0077,ס״ג,"ואם יש למישהו ספק בדבר היחס המועדף של היהדות לנשים, אני רוצה לקרוא לכם את דברי הגמרא ביבמות ס""ג: רבי חיא היתה אשתו מצערתו.",שישים ושלוש (גימטריה),,שישים ושלוש (גימטריה),verified,3,סירת גומי | סנהדרין גדולה | שישים ושלוש (גימטריה),knesset,,knesset,13_ptm_532252.docx,clean,,human_review,knesset
kn3-0078,ס״ד,"אדוני ימצא סעד בכל עניין של ס""ד אצל אגודת ישראל ודגל התורה.",סייעתא דשמיא (עזרת השם),,סייעתא דשמיא (עזרת השם),verified,6,סוף דבר | סוציאל דמוקרטי | ספרא דצניעותא | סייעתא דשמיא (עזרת השם) | סלקא דעתך (= עולה ב/על דעתך) | שישים וארבע (גימטריה),knesset,,knesset,15_ptm_532832.docx,clean,,human_review,knesset
kn3-0079,ס״ט,"כמה הדבר חמור, תראו מן הגמרא במסכת קידושין, דף ס""ט, ביטוי מאוד קשה: ""כוולד במעי בהמה היא"".",שישים ותשע (גימטריה),,שישים ותשע (גימטריה),verified,5,סימן טוב | ספרדי טהור | סופו טוב (סיפיה טב) | סינא טינא (עפר ואפר) | שישים ותשע (גימטריה),knesset,,knesset,13_ptm_532239.docx,clean,,human_review,knesset
kn3-0080,ס״ס,"מבדיקה שערך משרד הבריאות עולה כי גב' ס""ס, שהינה תלמידת סיעוד, התבקשה לסדר את מטפחתה באופן שלא תבוא במגע עם החולה בעת הטיפול.",ראשי תיבות שם פרטי ומשפחה (זהות חסויה),,ראשי תיבות שם פרטי ומשפחה (זהות חסויה),verified,5,סוף-סוף | סוף סימן־ | ספק ספיקא | מאה ועשרים (גימטריה) | ראשי תיבות שם פרטי ומשפחה (זהות חסויה),knesset,,knesset,14_ptm_532535.docx,human_review,,human_review,knesset
kn4-0404,ס״ס,"על-פי הנמסר לנו, הגברת ס""ס לא קיבלה הערות לגבי אורך לבושה, ולא ננקטו שום צעדים נגדה.",ראשי תיבות שם פרטי ומשפחה (זהות חסויה),,ראשי תיבות שם פרטי ומשפחה (זהות חסויה),verified,5,סוף-סוף | סוף סימן־ | ספק ספיקא | מאה ועשרים (גימטריה) | ראשי תיבות שם פרטי ומשפחה (זהות חסויה),knesset,,knesset,14_ptm_532535.docx,clean,,human_review,knesset
kn3-0083,ע״ד,"פיקוח נפש דוחה כל התורה כולה, חוץ משלושה דברים שהתלמוד מלמד, במסכת סנהדרין דף ע""ד, הגמרא המפורסמת, שהם גילוי עריות, שפיכות דמים ועבודה זרה.",שבעים וארבע (גימטריה),,שבעים וארבע (גימטריה),verified,5,על דרך | על דעת | עריכת דין | על דבר/דברי | שבעים וארבע (גימטריה),knesset,,knesset,13_ptm_532307.docx,clean,,human_review,knesset
kn3-0084,ע״ז,"כך, לדוגמה, פסק הראשון לציון הרב עוזיאל, זכרו לברכה, בספרו ""משפטי עוזיאל"", חלק ד', סימן ע""ז, כי לפי המשפט העברי גבר חייב במזונות בת זוגו אם הם נישאו בנישואין אזרחיים, שמכוחם הוא חייב לפרנסה.",שבעים ושבע (גימטריה),,שבעים ושבע (גימטריה),verified,3,על זה | עבודה זרה | שבעים ושבע (גימטריה),knesset,,knesset,13_ptm_532342.docx,clean,,human_review,knesset
kn3-0085,ע״י,"ביצוע הפרויקטים כאמור מותנה במסגרת התקציבית המאושרת ע""י האוצר.",על ידי,,על ידי,verified,4,על ידי | על יד | עַם ישראל | שמונים (גימטריה),knesset,,knesset,13_ptm_532347.docx,clean,,human_review,knesset
nat-0079,ע״י,"עם זאת, עלו טענות[דרוש מקור: ע״י מי?] כי תווי הפנים של האמוג'ים החדשים עודם מבטאים תווי פנים של אנשים לבנים.",על ידי,ע״י.01,על ידי,verified,3,על ידי | על יד | עַם ישראל,natural,yes,wikipedia,אמוג'י,,,wikipedia_natural,wiki_natural
nat-0080,ע״י,"יחד עם זאת, חלק מנגני המוזיקה הים-תיכונית מחפשים להתגבר על מגבלה זו ולהרחיב את המנעד הצלילי של הכלי ע״י הוספת ""סריג צף"" לצוואר הבוזוקי (סריג ביניים אשר אינו מקובע לעץ הלוח).",על ידי,ע״י.01,על ידי,verified,3,על ידי | על יד | עַם ישראל,natural,yes,wikipedia,בוזוקי,,,wikipedia_natural,wiki_natural
kn3-0086,ע״מ,"זהו המקרה השלישי לאחר התלונות על הכאת האחים ר', ב-10 בנובמבר 1999, ומר ע""מ, ב-16 בנובמבר 1999 – שמותיהם המלאים מופיעים במקור.",ראשי תיבות שם פרטי ומשפחה (זהות חסויה),,ראשי תיבות שם פרטי ומשפחה (זהות חסויה),verified,4,על מנת | עוסק מורשה | מאה ועשר (גימטריה) | ראשי תיבות שם פרטי ומשפחה (זהות חסויה),knesset,,knesset,15_ptm_532899.docx,human_review,,human_review,knesset
kn4-0232,פו״ם,"כמו כן התייחס מפקד פו""ם לאספות, להפגנות ולהטפות שהיו באוניברסיטה טרם הירצחו של ראש הממשלה.",המכללה הבין זרועית לפיקוד ולמטה,,המכללה הבין זרועית לפיקוד ולמטה,verified,5,פיקוד ומטה | פוליטיקה וממשל | המכללה הבין זרועית לפיקוד ולמטה | פלוגות מיוחדות | מאה ועשרים ושש (גימטריה),knesset,,knesset,13_ptm_532343.docx,clean,,human_review,knesset
kn4-0098,פו״ם,"אדוני היושב-ראש, כנסת נכבדה, חניכי פו""ם, אתמול חגגנו לראשונה את יום החייל, אבל למעשה כל יום הוא יום החייל.",המכללה הבין זרועית לפיקוד ולמטה,,המכללה הבין זרועית לפיקוד ולמטה,verified,5,פיקוד ומטה | פוליטיקה וממשל | המכללה הבין זרועית לפיקוד ולמטה | פלוגות מיוחדות | מאה ועשרים ושש (גימטריה),knesset,,knesset,13_ptm_532244.docx,clean,,human_review,knesset
kn4-0231,פו״ם,"לדעתו של מפקד פו""ם, הם לא הדגישו מספיק את הפגיעה בעקרונות הדמוקרטיה.",המכללה הבין זרועית לפיקוד ולמטה,,המכללה הבין זרועית לפיקוד ולמטה,verified,5,פיקוד ומטה | פוליטיקה וממשל | המכללה הבין זרועית לפיקוד ולמטה | פלוגות מיוחדות | מאה ועשרים ושש (גימטריה),knesset,,knesset,13_ptm_532343.docx,clean,,human_review,knesset
kn3-0088,פו״ם,"אנחנו מארחים כאן, היום, באופן מסורתי, את חניכי פו""ם, הם היו אורחינו ביציע בעת האזכרה ליעקב מרידור, זיכרונו לברכה.",המכללה הבין זרועית לפיקוד ולמטה,,המכללה הבין זרועית לפיקוד ולמטה,verified,5,פיקוד ומטה | פוליטיקה וממשל | המכללה הבין זרועית לפיקוד ולמטה | פלוגות מיוחדות | מאה ועשרים ושש (גימטריה),knesset,,knesset,13_ptm_532244.docx,clean,,human_review,knesset
kn4-0248,פו״ם,"יש ארבע הצעות לסדר-היום על ההתבטאות של מפקד פו""ם על אוניברסיטת בר-אילן.",המכללה הבין זרועית לפיקוד ולמטה,,המכללה הבין זרועית לפיקוד ולמטה,verified,5,פיקוד ומטה | פוליטיקה וממשל | המכללה הבין זרועית לפיקוד ולמטה | פלוגות מיוחדות | מאה ועשרים ושש (גימטריה),knesset,,knesset,13_ptm_532359.docx,clean,,human_review,knesset
kn4-0100,פו״ם,"אני רוצה למסור לחניכי פו""ם: לא התכוונו לקריאות ביניים.",המכללה הבין זרועית לפיקוד ולמטה,,המכללה הבין זרועית לפיקוד ולמטה,verified,5,פיקוד ומטה | פוליטיקה וממשל | המכללה הבין זרועית לפיקוד ולמטה | פלוגות מיוחדות | מאה ועשרים ושש (גימטריה),knesset,,knesset,13_ptm_532244.docx,clean,,human_review,knesset
kn4-0424,פו״ם,"יושבים כאן ביציע האורחים אנשי פו""ם של המשטרה, והם רואים מה שקורה בכבישי הארץ.",פיקוד ומטה,,פיקוד ומטה,verified,5,פיקוד ומטה | פוליטיקה וממשל | המכללה הבין זרועית לפיקוד ולמטה | פלוגות מיוחדות | מאה ועשרים ושש (גימטריה),knesset,,knesset,14_ptm_532563.docx,clean,,human_review,knesset
kn4-0233,פו״ם,"מפקד פו""ם לא מבקש כלל במכתבו ואינו מעלה בו את האפשרות של הפסקת לימודים של קצינים מכוחות הביטחון באוניברסיטת בר-אילן, כפי שעלה פה בהצעות לסדר-היום.",המכללה הבין זרועית לפיקוד ולמטה,,המכללה הבין זרועית לפיקוד ולמטה,verified,5,פיקוד ומטה | פוליטיקה וממשל | המכללה הבין זרועית לפיקוד ולמטה | פלוגות מיוחדות | מאה ועשרים ושש (גימטריה),knesset,,knesset,13_ptm_532343.docx,clean,,human_review,knesset
kn3-0089,פז״ם,"אני חושב שיש מקום לחלק השני של השאלה שלך, שאנחנו כאנשי ציבור וכמי שמופקדים על מערכות גדולות כאלה נשאל את השאלות, נתלבט בהן, נעסוק בהן, ולא נקבל החלטה שנובעת מאיזה פז""ם של מישהו שהגיע לפרקו.",פרק זמן ממושך,,פרק זמן ממושך,verified,3,פרק זמן ממושך | פרק זמן מינימלי | מאה ועשרים ושבע (גימטריה),knesset,,knesset,14_ptm_532716.docx,clean,,human_review,knesset
kn4-0580,פז״ם,"לפי הבירור שעשיתי, היא לא נכללת בתקופת פז""ם.",פרק זמן ממושך,,פרק זמן ממושך,verified,3,פרק זמן ממושך | פרק זמן מינימלי | מאה ועשרים ושבע (גימטריה),knesset,,knesset,15_ptm_532872.docx,clean,,human_review,knesset
kn3-0091,פ״ד,"מספרת הגמרא במסכת בבא מציעא, דף פ""ד: פעם אחת הוליכו עגל לשחיטה, והיה רבי, רבי יהודה הנשיא, יושב ועוסק בתורה לפני בית-המדרש של הבבליים בציפורי.",שמונים וארבע (גימטריה),,שמונים וארבע (גימטריה),verified,3,פרק רביעי | פסק(י) דין | שמונים וארבע (גימטריה),knesset,,knesset,13_ptm_532390.docx,clean,,human_review,knesset
kn4-0427,פ״ד,"אני שאלתי את השאלה השנייה משום שכאן יש לי ביד, כך אמרתי, פ""ד/2358 – – –",פסק(י) דין,,פסק(י) דין,verified,3,פרק רביעי | פסק(י) דין | שמונים וארבע (גימטריה),knesset,,knesset,14_ptm_532565.docx,clean,,human_review,knesset
kn3-0093,צח״מ,"בעקבות האירועים האלה הוקם במחוז תל-אביב צוות חקירה מיוחד – צח""מ, כפי שנקרא בז'רגון המשטרתי – כשהנושא עצמו מקבל טיפול בעדיפות ראשונה.",צוות חקירה מיוחד,,צוות חקירה מיוחד,verified,4,צוות חקירה מיוחד | צריכת חמצן מרבית | צוות חטיבתי משוריין | מאה ושלושים ושמונה (גימטריה),knesset,,knesset,13_ptm_532331.docx,clean,,human_review,knesset
kn4-0359,צח״מ,"וגם במקרה זה אני רוצה להתחיל בציטוט מדוח צח""מ, מרחב דן, שהובא אלי היום, על תיק פלילי 1414/96, של תחנת הרצלייה.",צוות חקירה מיוחד,,צוות חקירה מיוחד,verified,4,צוות חקירה מיוחד | צריכת חמצן מרבית | צוות חטיבתי משוריין | מאה ושלושים ושמונה (גימטריה),knesset,,knesset,13_ptm_532446.docx,clean,,human_review,knesset
kn4-0452,צח״מ,"משטרת ירושלים מטפלת כרגע בנושא הזה, הוקם צח""מ, נעצרו כמה אנשים שקשורים ברצח, ואינני יכול לפרט את שמותיהם או כמה הם קרובים או נגעו בדם, אבל אנחנו כנראה נמצאים בכיוון ובדרך הנכונה.",צוות חקירה מיוחד,,צוות חקירה מיוחד,verified,4,צוות חקירה מיוחד | צריכת חמצן מרבית | צוות חטיבתי משוריין | מאה ושלושים ושמונה (גימטריה),knesset,,knesset,14_ptm_532616.docx,clean,,human_review,knesset
kn4-0571,צח״מ,"הוקם צח""מ במאגר חוקרים שרון, שאסף ראיות נגד החשוד במעשה.",צוות חקירה מיוחד,,צוות חקירה מיוחד,verified,4,צוות חקירה מיוחד | צריכת חמצן מרבית | צוות חטיבתי משוריין | מאה ושלושים ושמונה (גימטריה),knesset,,knesset,15_ptm_532820.docx,clean,,human_review,knesset
kn4-0624,צח״מ,"רבותי, אדם שודד בנק, שודד 20,000 שקל, מדינת ישראל מקימה צח""מ, עשרות ניידות רודפות אחריו, שמים אותו בבית-סוהר.",צוות חקירה מיוחד,,צוות חקירה מיוחד,verified,4,צוות חקירה מיוחד | צריכת חמצן מרבית | צוות חטיבתי משוריין | מאה ושלושים ושמונה (גימטריה),knesset,,knesset,15_ptm_532967.docx,clean,,human_review,knesset
kn4-0625,צח״מ,"היום אם פורצים לבנק וגונבים 50,000 או 100,000 שקל, המשטרה מקימה צח""מ, צוות חקירה מיוחד.",צוות חקירה מיוחד,,צוות חקירה מיוחד,verified,4,צוות חקירה מיוחד | צריכת חמצן מרבית | צוות חטיבתי משוריין | מאה ושלושים ושמונה (גימטריה),knesset,,knesset,15_ptm_532969.docx,clean,,human_review,knesset
kn3-0094,ק״ו,"אנחנו עוברים לסעיף הבא בסדר-היום – הצעת חוק ק""ו; הצעת חוק-יסוד: הממשלה (סייג לזכות השתיקה), של חבר הכנסת חנן פורת.",מאה ושש (גימטריה),,מאה ושש (גימטריה),verified,3,קל וחומר | קצר וקולע | מאה ושש (גימטריה),knesset,,knesset,13_ptm_532204.docx,clean,,human_review,knesset
kn4-0092,ק״ו,"קו החשמל נשוא השאילתא הוא קו מתח עליון 161 ק""ו המקשר את תחנת המשנה זבולון עם תחנת משנה נצרת.",קילוולט,,קילוולט,verified,4,קל וחומר | קצר וקולע | מאה ושש (גימטריה) | קילוולט,knesset,,knesset,13_ptm_532239.docx,human_review,,human_review,knesset
kn4-0151,ק״ו,"קו החשמל שעמודים מספר שלו התמוטטו בסופה בתאריך 22 באפריל 1994 הינו קו מתח עליון של 161 ק""ו הקיים כבר 25 שנה.",קילוולט,,קילוולט,verified,4,קל וחומר | קצר וקולע | מאה ושש (גימטריה) | קילוולט,knesset,,knesset,13_ptm_532276.docx,human_review,,human_review,knesset
kn3-0095,רל״א,"חבר הכנסת יוסף עזרן, בבקשה, הצעת חוק רל""א.",מאתיים ושלושים ואחת (גימטריה),,מאתיים ושלושים ואחת (גימטריה),verified,3,רופאים לזכויות אדם | ראש להק האוויר בחיל האוויר הישראלי | מאתיים ושלושים ואחת (גימטריה),knesset,,knesset,13_ptm_532260.docx,clean,,human_review,knesset
kn3-0096,רע״מ,"מבצע רענון ערכות מגן, רע""מ, אשר נערך בשנים 1995-1992 על-ידי פיקוד העורף, הביא לידי ביטוי את מכלול השיפורים והחידושים.",רענון ערכות מגן,,רענון ערכות מגן,verified,6,הרשימה הערבית המאוחדת | ריצודי עיניים מהירים | רקטה עתירת משקל | הרשימה הערבית המאוחדת (הכנסת השמינית) | רענון ערכות מגן | שלוש מאות ועשר (גימטריה),knesset,,knesset,15_ptm_532756.docx,clean,,human_review,knesset
kn3-0097,רש״ת,"אני שמח לבשר, כי בימים האחרונים הגיעה רש""ת להסדר שיאפשר להפעיל את השדה במתכונת שעות הפעילות המורחבת, דהיינו עד השעה 22:00, וזאת החל מיום 1 בינואר 1995.",רשות שדות התעופה,,רשות שדות התעופה,verified,3,ראשי תיבות | רשות שדות התעופה | תשע מאות (גימטריה),knesset,,knesset,13_ptm_532325.docx,clean,,human_review,knesset
nat-0094,רש״ת,"בתחילת יולי 2026 פורסם מכרז של רש""ת להרחבה של טרמינל 3.",ראשי תיבות,רש״ת.02,רשות שדות התעופה,verified,2,ראשי תיבות | רשות שדות התעופה,natural,no,wikipedia,נמל התעופה בן-גוריון,,,wikipedia_natural,wiki_natural
kn3-0101,שח״ל,"היום דנה הוועדה עם סגנית השר במה שנקרא ביטוח במכונים למחלות לב וגביית הכספים, כאשר החברות כמו ""שח""ל"" ממשיכות לגבות כספים ממשפחת המבוטח גם כאשר המבוטח נפטר.",שירות חולי לב,,שירות חולי לב,verified,5,שמואל חיים לנדוי | שירות חלוצי לישראל | שירות חולי לב | שירות חירום לחולים | שלוש מאות ושלושים ושמונה (גימטריה),knesset,,knesset,13_ptm_532358.docx,clean,,human_review,knesset
kn4-0246,שח״ל,"אבל מצאנו מקרים, לצערנו הרב, והראשונה שעסקה בכך היתה המועצה הישראלית לצרכנות, שאדם נפטר תקופה קצרה אחרי שמשפחתו עשתה בעבורו את הביטוח או קנתה בעבורו את השירות של ""שח""ל"" וכספו לא הוחזר למשפחה.",שירות חולי לב,,שירות חולי לב,verified,5,שמואל חיים לנדוי | שירות חלוצי לישראל | שירות חולי לב | שירות חירום לחולים | שלוש מאות ושלושים ושמונה (גימטריה),knesset,,knesset,13_ptm_532358.docx,clean,,human_review,knesset
kn3-0102,ש״ב,"האם נחקרה פרשת המדען ש""ב, זיכרונו לברכה, והאם הדברים שצוינו לעיל נכונים?",שמעון בראנד (המדען),,שמעון בראנד (המדען),verified,8,שמואל ב' | שירות ביטחון | שלום בית | שבע ברכות | שיעורי בית | ראשי תיבות שם פרטי ומשפחה (זהות חסויה) | שלוש מאות ושתיים (גימטריה) | שמעון בראנד (המדען),knesset,,knesset,13_ptm_532156.docx,human_review,,human_review,knesset
kn4-0130,ש״ב,"יצאנו מעזה, לא נוכל לרוץ אחריהם, לא נוכל לטפל בהם, לא יהיו שם לא צבא ולא משטרה ולא ש""ב.",שירות ביטחון,,שירות ביטחון,verified,8,שמואל ב' | שירות ביטחון | שלום בית | שבע ברכות | שיעורי בית | ראשי תיבות שם פרטי ומשפחה (זהות חסויה) | שלוש מאות ושתיים (גימטריה) | שמעון בראנד (המדען),knesset,,knesset,13_ptm_532264.docx,clean,,human_review,knesset
kn4-0574,ש״ב,"ב-20 בינואר 2000 הוגשה תלונה לתחנת אשדוד על-ידי ש""ב בגין תקיפתו.",ראשי תיבות שם פרטי ומשפחה (זהות חסויה),,ראשי תיבות שם פרטי ומשפחה (זהות חסויה),verified,8,שמואל ב' | שירות ביטחון | שלום בית | שבע ברכות | שיעורי בית | ראשי תיבות שם פרטי ומשפחה (זהות חסויה) | שלוש מאות ושתיים (גימטריה) | שמעון בראנד (המדען),knesset,,knesset,15_ptm_532823.docx,clean,,human_review,knesset
kn3-0103,ש״ג,"עמדתי ש""ג, כמעט לא נתתי לאריק שרון להיכנס, וזו היתה ההזדמנות היחידה שהייתי בחברון.",שומר גבול,,שומר גבול,verified,5,שומר גבול | שוטר גדודי | שער גבול | תורת הזרימה שכבת גבול | שלוש מאות ושלוש (גימטריה),knesset,,knesset,13_ptm_532290.docx,clean,,human_review,knesset
kn4-0215,ש״ג,"אלא שהם משרתים בתפקידי ש""ג, בתפקידי שמירה.",שומר גבול,,שומר גבול,verified,5,שומר גבול | שוטר גדודי | שער גבול | תורת הזרימה שכבת גבול | שלוש מאות ושלוש (גימטריה),knesset,,knesset,13_ptm_532324.docx,clean,,human_review,knesset
kn4-0249,ש״ג,"עדותו של חייל ששמו דורון כהן: הייתי בשמירה, ש""ג, ולפתע אני שומע מתוך רמקול: תעמידי את האוטו בצד.",שער גבול,,שער גבול,verified,5,שומר גבול | שוטר גדודי | שער גבול | תורת הזרימה שכבת גבול | שלוש מאות ושלוש (גימטריה),knesset,,knesset,13_ptm_532363.docx,clean,,human_review,knesset
kn4-0343,ש״ג,"אני מבקש, הוא נושא בתפקיד של יושב-ראש הקואליציה, הוא לא יושב כאן על תקן של ש""ג שמסתובב ועושה סדר.",שומר גבול,,שומר גבול,verified,5,שומר גבול | שוטר גדודי | שער גבול | תורת הזרימה שכבת גבול | שלוש מאות ושלוש (גימטריה),knesset,,knesset,13_ptm_532434.docx,clean,,human_review,knesset
kn4-0578,ש״ג,"מה שקוצץ זה האבטחה שבעיקרה היא איוש ש""ג ולא דברים אחרים.",שומר גבול,,שומר גבול,verified,5,שומר גבול | שוטר גדודי | שער גבול | תורת הזרימה שכבת גבול | שלוש מאות ושלוש (גימטריה),knesset,,knesset,15_ptm_532858.docx,clean,,human_review,knesset
kn4-0612,ש״ג,"אם הם היו משתמטים, הם היו היום ש""ג בקריה.",שומר גבול,,שומר גבול,verified,5,שומר גבול | שוטר גדודי | שער גבול | תורת הזרימה שכבת גבול | שלוש מאות ושלוש (גימטריה),knesset,,knesset,15_ptm_532943.docx,clean,,human_review,knesset
kn3-0104,ש״ז,"אחד מגדולי המומחים בישראל לדיני העונשין, פרופסור ש""ז פלר, הגדיר חוק זה שאנו מבקשים לבטלו כ""חוק לביזוי עקרונות דיני העונשין"".",שניאור זלמן (פלר),,שניאור זלמן (פלר),verified,4,שנה זו | שמואל זנוויל (כהנא) | שלוש מאות ושבע (גימטריה) | שניאור זלמן (פלר),knesset,,knesset,13_ptm_532211.docx,human_review,,human_review,knesset
kn3-0105,ש״ת,"בכמה כתבים קבועים – מעמד ש""ת, היינו שובר תשלום – מדובר?",שובר תשלום (מעמד העסקה),,שובר תשלום (מעמד העסקה),verified,5,שמחת תורה | שבת תשובה | שה תמים | שבע מאות (גימטריה) | שובר תשלום (מעמד העסקה),knesset,,knesset,13_ptm_532393.docx,human_review,,human_review,knesset
kn3-0106,תו״ל,"ולא רק שכל גורם יודע מה האחריות והסמכות שלו, אלא בפעם הראשונה יש תורת הפעלה, מה שנקרא תו""ל, שני כרכים כאלה, כל אחד יודע גם מה הוא צריך לעשות.",תורת לחימה,,תורת לחימה,verified,3,תורת לחימה | תום לב | ארבע מאות ושלושים ושש (גימטריה),knesset,,knesset,13_ptm_532216.docx,clean,,human_review,knesset
kn4-0630,תע״ל,"חברי הכנסת, אנחנו ניגש להצבעה בסדר הבא: הצבעה ראשונה תהיה הצבעה על הצעת הסיכום שהוצעה על-ידי חבר הכנסת אחמד טיבי מטעם סיעת תע""ל.",תנועה ערבית להתחדשות,,תנועה ערבית להתחדשות,verified,3,תצוגה עילית | תנועה ערבית להתחדשות | חמש מאות (גימטריה),knesset,,knesset,15_ptm_532975.docx,clean,,human_review,knesset
kn4-0623,תע״ל,"אני רוצה לומר לחברי הכנסת, ששמעתי את היושבת בראש, שאמרה: הצעת ההחלטה של תע""ל, שהולכים מלמטה למעלה, והיא צדקה.",תנועה ערבית להתחדשות,,תנועה ערבית להתחדשות,verified,3,תצוגה עילית | תנועה ערבית להתחדשות | חמש מאות (גימטריה),knesset,,knesset,15_ptm_532966.docx,clean,,human_review,knesset
kn4-0532,תע״ל,"ינמקו את האי-אמון חבר הכנסת שרון וחבר הכנסת מטעם תע""ל.",תנועה ערבית להתחדשות,,תנועה ערבית להתחדשות,verified,3,תצוגה עילית | תנועה ערבית להתחדשות | חמש מאות (גימטריה),knesset,,knesset,15_ptm_532761.docx,clean,,human_review,knesset
kn3-0107,תע״ל,"יעלה ויבוא חבר הכנסת אחמד טיבי בשם סיעת תע""ל.",תנועה ערבית להתחדשות,,תנועה ערבית להתחדשות,verified,3,תצוגה עילית | תנועה ערבית להתחדשות | חמש מאות (גימטריה),knesset,,knesset,15_ptm_532760.docx,clean,,human_review,knesset
kn4-0586,תע״ל,"הצבעה מס' 3 בעד הצעת סיעת תע""ל להביע אי-אמון בראש הממשלה – 9 נגד – 74 נמנעים – אין הצעת סיעת תע""ל להביע אי-אמון בראש הממשלה לא נתקבלה.",תנועה ערבית להתחדשות,,תנועה ערבית להתחדשות,verified,3,תצוגה עילית | תנועה ערבית להתחדשות | חמש מאות (גימטריה),knesset,,knesset,15_ptm_532893.docx,clean,,human_review,knesset
kn4-0637,תע״ל,"הצבעה שלישית, רבותי, של הצעת סיעת תע""ל להביע אי-אמון בראש הממשלה.",תנועה ערבית להתחדשות,,תנועה ערבית להתחדשות,verified,3,תצוגה עילית | תנועה ערבית להתחדשות | חמש מאות (גימטריה),knesset,,knesset,15_ptm_532986.docx,clean,,human_review,knesset
kn4-0622,תע״ל,"ההצבעה הראשונה – על הצעת הסיכום של סיעת תע""ל.",תנועה ערבית להתחדשות,,תנועה ערבית להתחדשות,verified,3,תצוגה עילית | תנועה ערבית להתחדשות | חמש מאות (גימטריה),knesset,,knesset,15_ptm_532966.docx,clean,,human_review,knesset
kn4-0617,תע״ל,"אין ספק שבנושא הזה סיעת תע""ל עומדת לצד המציעים בכל הקשור לכישלון כמעט מחפיר של מדיניות הממשלה החל מיום כינונה ועד עצם היום הזה.",תנועה ערבית להתחדשות,,תנועה ערבית להתחדשות,verified,3,תצוגה עילית | תנועה ערבית להתחדשות | חמש מאות (גימטריה),knesset,,knesset,15_ptm_532950.docx,clean,,human_review,knesset
kn3-0110,ת״ל,"כתוב ב""שולחן ערוך"", אורח חיים, הלכות פסח סימן ת""ל: שבת שלפני הפסח קורין אותו שבת הגדול.",ארבע מאות ושלושים (גימטריה),,ארבע מאות ושלושים (גימטריה),verified,3,תלמוד לומר | תיפוק ליה | ארבע מאות ושלושים (גימטריה),knesset,,knesset,13_ptm_532291.docx,clean,,human_review,knesset
kn4-0256,ת״ל,"יש לציין שב""שולחן ערוך"" מובאת בסימן ת""ל הסיבה ל""שבת הגדול"", לנס המיוחד.",ארבע מאות ושלושים (גימטריה),,ארבע מאות ושלושים (גימטריה),verified,3,תלמוד לומר | תיפוק ליה | ארבע מאות ושלושים (גימטריה),knesset,,knesset,13_ptm_532367.docx,clean,,human_review,knesset
kn3-0111,ת״ת,"אולי זאת פעם ראשונה, שאני בניסיון שלי – הקמנו בית-ספר, ת""ת, גם לבנים וגם לבנות, שכמעט הייתי אומר מחכה לתלמידים.",תלמוד תורה,,תלמוד תורה,verified,5,תלמוד תורה | תרומה תצוה | תומכי תורה | השנה ה-800 במניין השנים העבריות | שמונה מאות (גימטריה),knesset,,knesset,14_ptm_532719.docx,clean,,human_review,knesset
kn4-0401,מד״ר,"אני חושב שהכרזת השביתה מחר כלחץ על חברי כנסת מהלכת אימים על החברה בישראל ושומטת את הכוח המוסרי מד""ר בלשר להטיף לנו מוסר.","ד""ר (מ- קליטי)",,"ד""ר (מ- קליטי)",verified,5,"מדרש רבה | מדריך ראשי | משוואה דיפרנציאלית רגילה | ד""ר (מ- קליטי) | מאתיים וארבעים וארבע (גימטריה)",knesset,,knesset,14_ptm_532534.docx,clean,,human_review,knesset
kn4-0009,מד״ר,"חברי הכנסת גונן שגב ויורם לס, בלי לפגוע בכם, אנחנו לא נוהגים לאזכר תארים כאן בכנסת, אבל זה יהיה בכל זאת מוזר אם אני אבקש מד""ר שגב, מד""ר טמקין ומפרופסור לס לאפשר את המשך הדיון.","ד""ר (מ- קליטי)",,"ד""ר (מ- קליטי)",verified,5,"מדרש רבה | מדריך ראשי | משוואה דיפרנציאלית רגילה | ד""ר (מ- קליטי) | מאתיים וארבעים וארבע (גימטריה)",knesset,,knesset,13_ptm_532167.docx,clean,,human_review,knesset
kn4-0221,מד״ר,"ובחוק התקציב, בתל-אביב, על-פי נתונים שקיבלתי מד""ר אביטל כהן, הרופאה המחוזית, בעיר תל-אביב רבתי, וזה לא רק תל-אביב, הממשלה מכסה היום כ-2,100 מיטות.","ד""ר (מ- קליטי)",,"ד""ר (מ- קליטי)",verified,5,"מדרש רבה | מדריך ראשי | משוואה דיפרנציאלית רגילה | ד""ר (מ- קליטי) | מאתיים וארבעים וארבע (גימטריה)",knesset,,knesset,13_ptm_532336.docx,clean,,human_review,knesset
kn4-0262,מד״ר,"אני מוכן להעביר לחבר הכנסת לוי בנפרד מכתב מד""ר זימין שבו היא מציינת שדאגו לערוך את השבת כיאות.","ד""ר (מ- קליטי)",,"ד""ר (מ- קליטי)",verified,5,"מדרש רבה | מדריך ראשי | משוואה דיפרנציאלית רגילה | ד""ר (מ- קליטי) | מאתיים וארבעים וארבע (גימטריה)",knesset,,knesset,13_ptm_532375.docx,clean,,human_review,knesset
kn4-0613,מד״ר,"שמעתי מד""ר לבנטל, שהופיע הרבה מאוד ונתן את ההנחיות וכו', שהוא מעדיף את מי הברז על המים המינרליים בבקבוקים.","ד""ר (מ- קליטי)",,"ד""ר (מ- קליטי)",verified,5,"מדרש רבה | מדריך ראשי | משוואה דיפרנציאלית רגילה | ד""ר (מ- קליטי) | מאתיים וארבעים וארבע (גימטריה)",knesset,,knesset,15_ptm_532945.docx,clean,,human_review,knesset
kn4-0402,מד״ר,"זה שומט מד""ר בלשר את הכוח המוסרי להטיף מוסר לנו, כמחוקקים.","ד""ר (מ- קליטי)",,"ד""ר (מ- קליטי)",verified,5,"מדרש רבה | מדריך ראשי | משוואה דיפרנציאלית רגילה | ד""ר (מ- קליטי) | מאתיים וארבעים וארבע (גימטריה)",knesset,,knesset,14_ptm_532534.docx,clean,,human_review,knesset
kn4-0004,מד״ר,"שמעתי היום מד""ר קדמן – העומד בראש המועצה לשלום הילד, וללא ספק עיסוקו העיקרי הוא שלום הילד בישראל – דבר מתמיה, שהייתי שמח מאוד אילו הבאת אותו לידיעת חברי הממשלה, ובעיקר אילו טיפלת בו.","ד""ר (מ- קליטי)",,"ד""ר (מ- קליטי)",verified,5,"מדרש רבה | מדריך ראשי | משוואה דיפרנציאלית רגילה | ד""ר (מ- קליטי) | מאתיים וארבעים וארבע (גימטריה)",knesset,,knesset,13_ptm_532149.docx,clean,,human_review,knesset
kn4-0277,מד״ר,"קיבלתי היום מכתב, אדוני היושב-ראש, מד""ר נח'לה בשארה, מנהל רפואי של בית-החולים נצרת, שנקרא בית-החולים האנגלי – EMMS, ובו הוא כותב לי: ""לכבוד חבר הכנסת האשם מחאמיד, בניין הכנסת, ירושלים.","ד""ר (מ- קליטי)",,"ד""ר (מ- קליטי)",verified,5,"מדרש רבה | מדריך ראשי | משוואה דיפרנציאלית רגילה | ד""ר (מ- קליטי) | מאתיים וארבעים וארבע (גימטריה)",knesset,,knesset,13_ptm_532391.docx,clean,,human_review,knesset
kn4-0164,אב״ש,"מר אב""ש הציג בפני משרדנו דיפלומה של דוקטור להיסטוריה של העם הצ'רקסי.",ראשי תיבות שם פרטי ומשפחה (זהות חסויה),,ראשי תיבות שם פרטי ומשפחה (זהות חסויה),verified,4,אבינו שבשמיים | אבן שושן (המילונאי הנודע) | שלוש מאות ושלוש (גימטריה) | ראשי תיבות שם פרטי ומשפחה (זהות חסויה),knesset,,knesset,13_ptm_532282.docx,clean,,human_review,knesset
kn4-0224,ב״ז,"מדוע נמשכה חקירתו האינטנסיבית של מר ב""ז למרות מצבו הבריאותי?",ראשי תיבות שם פרטי ומשפחה (זהות חסויה),,ראשי תיבות שם פרטי ומשפחה (זהות חסויה),verified,4,בן זוג | בנימין זאב (הרצל) | תשע (גימטריה) | ראשי תיבות שם פרטי ומשפחה (זהות חסויה),knesset,,knesset,13_ptm_532336.docx,clean,,human_review,knesset
kn4-0225,ב״ז,"מר ב""ז היה אדם חולה, וסמיכות פטירתו לחקירתו היא מקרית.",ראשי תיבות שם פרטי ומשפחה (זהות חסויה),,ראשי תיבות שם פרטי ומשפחה (זהות חסויה),verified,4,בן זוג | בנימין זאב (הרצל) | תשע (גימטריה) | ראשי תיבות שם פרטי ומשפחה (זהות חסויה),knesset,,knesset,13_ptm_532336.docx,clean,,human_review,knesset
kn4-0226,ב״ז,"ביום פטירתו נחקר מר ב""ז כשעה, ולא הביע במהלך אותה חקירה טענה כי אינו חש בטוב.",ראשי תיבות שם פרטי ומשפחה (זהות חסויה),,ראשי תיבות שם פרטי ומשפחה (זהות חסויה),verified,4,בן זוג | בנימין זאב (הרצל) | תשע (גימטריה) | ראשי תיבות שם פרטי ומשפחה (זהות חסויה),knesset,,knesset,13_ptm_532336.docx,clean,,human_review,knesset
kn4-0527,ח״ש,"ח""ש נעצר ביום 31 בדצמבר 1999 כחשוד שקשור לתכנון ולהוצאתו אל הפועל של פיגוע טרור.",חשוד (קיצור משטרתי/משפטי),,חשוד (קיצור משטרתי/משפטי),verified,6,חיי שרה | חילול שבת | חודר שריון | חיי שעה | שלוש מאות ושמונה (גימטריה) | חשוד (קיצור משטרתי/משפטי),knesset,,knesset,15_ptm_532748.docx,clean,,human_review,knesset
kn4-0528,ח״ש,"למרות האמור לעיל, נחקר ח""ש רק פעמיים ברציפות מעל 20 שעות.",חשוד (קיצור משטרתי/משפטי),,חשוד (קיצור משטרתי/משפטי),verified,6,חיי שרה | חילול שבת | חודר שריון | חיי שעה | שלוש מאות ושמונה (גימטריה) | חשוד (קיצור משטרתי/משפטי),knesset,,knesset,15_ptm_532748.docx,clean,,human_review,knesset
kn4-0610,בר״מ,"אין סיבה לשלם תגמול מיוחד למי שנמצא בר""מ-2 מעל 60 יום.","רשימת מקבצים 2 (יחידה רישומית צה""לית)",,"רשימת מקבצים 2 (יחידה רישומית צה""לית)",verified,5,"בן רבי משה | בן רבי מרדכי | בן רבי מאיר | מאתיים וארבעים ושתיים (גימטריה) | רשימת מקבצים 2 (יחידה רישומית צה""לית)",knesset,,knesset,15_ptm_532943.docx,clean,,human_review,knesset
kn4-0611,בר״מ,"החייל בר""מ-2 מקבל תשלום בסיסי עבור ימי מילואים, ואין שום סיבה לשלם לו תשלום מעבר לזה.","רשימת מקבצים 2 (יחידה רישומית צה""לית)",,"רשימת מקבצים 2 (יחידה רישומית צה""לית)",verified,5,"בן רבי משה | בן רבי מרדכי | בן רבי מאיר | מאתיים וארבעים ושתיים (גימטריה) | רשימת מקבצים 2 (יחידה רישומית צה""לית)",knesset,,knesset,15_ptm_532943.docx,clean,,human_review,knesset
nat-0012,בדר״כ,"בצוות הלוחמים של רכבי הסיור, נמצאים בדר״כ עליו חייל קלע, חייל נגביסט וחייל חובש, לצד שאר הלוחמים ומפקדי סיור.",בדרך כלל,בדר״כ.01,בדרך כלל,verified,2,בדרך כלל | ב-ד רב כהנא- ארמית בשל רב כהנא,natural,no,wikipedia,סיור,,,wikipedia_natural,wiki_natural
nat-0013,בדר״כ,"במערכת המבוססת על 'דו' נייד, סימני הסולפג' וגבהי הצלילים אמנם מתואמים בדר״כ באותו אופן כמו במערכת המנוגדת, אך אין שום דרישה מחייבת שהמוזיקאים יקשרו את סימני הסולפג' עם גבהי הצליל הממשיים.",בדרך כלל,בדר״כ.01,בדרך כלל,verified,2,בדרך כלל | ב-ד רב כהנא- ארמית בשל רב כהנא,natural,no,wikipedia,פיתוח שמיעה,,,wikipedia_natural,wiki_natural
nat-0018,האר״י,"ר' יצחק לוריא אשכנזי (האר""י הקדוש) (1534–1572) – גדול מקובלי צפת; ניסח שיטה חדשה בקבלה (“קבלת האר״י"") שהפכה לציר מרכזי בקבלה המאוחרת.",רבי יצחק לוריא,האר״י.02,רבי יצחק לוריא,verified,3,רבי יצחק לוריא | האשכנזי רבי יצחק | האדון רבי יצחק,natural,no,wikipedia,מקובל,,,wikipedia_natural,wiki_natural
nat-0048,מע״ר,"מינימום שעות הלימוד בקורס מע""רים הוא 44 שעות, כאשר מע""ר המעוניין להתלוות לצוות אמבולנס יידרש לעבור הסמכת מע""ר עד 60 שעות.",מגיש עזרה ראשונה,מע״ר.01,מגיש עזרה ראשונה,verified,3,מרכז עסקים ראשי | מגיש עזרה ראשונה | מע'אר (בערבית: المغار),natural,yes,wikipedia,החייאה,,,wikipedia_natural,wiki_natural
nat-0065,סאפ,"השקעותיו בבנצ'מרק כוללות את Finjan Holdings (הונפקה בשנת 2014) Gigya (נרכשה בשנת 2017 על ידי חברת סאפ) סיקינג אלפא, Digital Fuel, (נרכשה ב-2011 על ידי VMware).",SAP (חברה),סאפ.01,SAP (חברה),verified,7,בוב סאפ | סאפ לאבס ישראל | SAP (חברה) | סאפ (גלישה) | SAP (חומר) | SAP (מפלגה) | Sap (אלבום),natural,yes,wikipedia,מייקל אייזנברג,,,wikipedia_natural,wiki_natural
nat-0066,סאפ,"לצורך כך הוקם צוות לבחינת פתרונות לניהול כלל משאבי הארגון (ERP), שנפגש עם שתי השחקניות העולמיות החזקות בתחום: ""אורקל"" ו""סאפ"".",SAP (חברה),סאפ.01,SAP (חברה),verified,7,בוב סאפ | סאפ לאבס ישראל | SAP (חברה) | סאפ (גלישה) | SAP (חומר) | SAP (מפלגה) | Sap (אלבום),natural,yes,wikipedia,"מרכב""ה",,,wikipedia_natural,wiki_natural
nat-0067,סאפ,"למרות זאת, הוחלט בשנת 2000, בתמיכת החשב הכללי, ניר גלעד, ונציב שירות המדינה, שמואל הולנדר, לצאת למכרז לרכישת מערכת כזו, בו זכתה חברת ""סאפ"".",SAP (חברה),סאפ.01,SAP (חברה),verified,7,בוב סאפ | סאפ לאבס ישראל | SAP (חברה) | סאפ (גלישה) | SAP (חומר) | SAP (מפלגה) | Sap (אלבום),natural,yes,wikipedia,"מרכב""ה",,,wikipedia_natural,wiki_natural
nat-0068,סאפ,"בנוסף לאוניות הנוסעים ולסירות הכבול התיירותיות, פועלות בנהר גם סירות מנוע קטנות יותר, קאנו, קיאק וסאפ.",סאפ (גלישה),סאפ.02,סאפ (גלישה),verified,7,בוב סאפ | סאפ לאבס ישראל | SAP (חברה) | סאפ (גלישה) | SAP (חומר) | SAP (מפלגה) | Sap (אלבום),natural,yes,wikipedia,המה (נהר),,,wikipedia_natural,wiki_natural
nat-0069,סאפ,באזור החוף קיימת שונית אליה מגיעים גם גולשי סאפ.,סאפ (גלישה),סאפ.02,סאפ (גלישה),verified,7,בוב סאפ | סאפ לאבס ישראל | SAP (חברה) | סאפ (גלישה) | SAP (חומר) | SAP (מפלגה) | Sap (אלבום),natural,yes,wikipedia,קברטה,,,wikipedia_natural,wiki_natural
nat-0078,ע״ג,"לפנות בוקר אותר אדם בים ע״ג מצוף במרחק 1,000 מטר מנמל בירות.",על גבי,ע״ג.01,על גבי,verified,2,על גבי | עבודת גילולים,natural,no,wikipedia,אלי רונן,,,wikipedia_natural,wiki_natural
nat-0083,ע״ר,"תכלית - המכון למדיניות ישראלית ע״ר הוא מכון מחקר ישראלי יישומי הפועל לחיזוק הדמוקרטיה הישראלית ומוסדותיה, ולחידוש האמנה האזרחית בין כל חלקי החברה הישראלית.",עמותה רשומה,ע״ר.01,עמותה רשומה,verified,3,עזרה ראשונה | עמותה רשומה | עיתון רשמי,natural,yes,wikipedia,מכון תכלית,,,wikipedia_natural,wiki_natural
thintrain-0000,הי״ו,"לכבוד ידידי הרב הי״ו, הנני מבקש את חוות דעתו בעניין שהובא לפניי.",היקר והחשוב,,היקר והחשוב,verified,3,היקר והחשוב | השם יחייהו ויחזקהו | עשרים ואחת (גימטריה),authored,,claude-sonnet-5,,human_review,authored to fill a thin train-sense gap (<3 examples),claude_authored,manual
thintrain-0001,הי״ו,במכתבו פנה אל אחיו הי״ו וביקש ממנו לסייע למשפחה הנזקקת.,היקר והחשוב,,היקר והחשוב,verified,3,היקר והחשוב | השם יחייהו ויחזקהו | עשרים ואחת (גימטריה),authored,,claude-sonnet-5,,human_review,authored to fill a thin train-sense gap (<3 examples),claude_authored,manual
thintrain-0002,מע״ד,החוקר זיהה את מע״ד הסופר בכתב היד העתיק שנמצא בגניזה.,מערכת יד,,מערכת יד,verified,3,מערכת יד | מכשיר עזר דיבורי | מאה וארבע עשרה (גימטריה),authored,,claude-sonnet-5,,human_review,authored to fill a thin train-sense gap (<3 examples),claude_authored,manual
thintrain-0003,מע״ד,הספרייה הלאומית שימרה את מע״ד הרב באמצעים דיגיטליים מתקדמים.,מערכת יד,,מערכת יד,verified,3,מערכת יד | מכשיר עזר דיבורי | מאה וארבע עשרה (גימטריה),authored,,claude-sonnet-5,,human_review,authored to fill a thin train-sense gap (<3 examples),claude_authored,manual
thintrain-0004,תו״ת,אגף תו״ת במשרד האוצר אחראי על הכנת התחזיות הכלכליות השנתיות.,תכנון ותקציבים,,תכנון ותקציבים,verified,3,תכנון ותקציבים | תדפיסים ותמונות | שמונה מאות ושש (גימטריה),authored,,claude-sonnet-5,,human_review,authored to fill a thin train-sense gap (<3 examples),claude_authored,manual
thintrain-0005,תו״ת,ראש אגף תו״ת הציג בפני הוועדה את תוכנית העבודה לשנה הקרובה.,תכנון ותקציבים,,תכנון ותקציבים,verified,3,תכנון ותקציבים | תדפיסים ותמונות | שמונה מאות ושש (גימטריה),authored,,claude-sonnet-5,,human_review,authored to fill a thin train-sense gap (<3 examples),claude_authored,manual
thintrain-0006,דה״כ,"הפוסק ציין כי זהו דה״כ, ולכן אין צורך להביא ראיה נוספת.",דברי הכל,,דברי הכל,verified,3,דברי הכתוב | דברי הכל | עשרים ותשע (גימטריה),authored,,claude-sonnet-5,,human_review,authored to fill a thin train-sense gap (<3 examples),claude_authored,manual
thintrain-0007,דה״כ,הפרשן הסביר כי דה״כ כאן אינם מתפרשים כפשוטם אלא כמשל.,דברי הכתוב,,דברי הכתוב,verified,3,דברי הכתוב | דברי הכל | עשרים ותשע (גימטריה),authored,,claude-sonnet-5,,human_review,authored to fill a thin train-sense gap (<3 examples),claude_authored,manual
thintrain-0008,מהרש״ק,משפחת בני מהרש״ק המשיכה במסורת הלימוד של אביהם עד דורות רבים.,בני מהרשק,,בני מהרשק,verified,12,רבקה מהרשק | ר' שלמה קלוגר | בני מהרשק | ר' שלמה מקרלין | ר' שמואל קאיידנובר | ישראל מהרשק | רבי שמשון בן יצחק מקינון (לעיתים | מורנו הרב רבי שלמה כהן | מורנו הרב רבי שלמה קלוגר | מורנו הרב רבי שלמה קרלינר | מורנו הרב רבי שמואל קיידאנובר | שש מאות וארבעים וחמש (גימטריה),authored,,claude-sonnet-5,,human_review,authored to fill a thin train-sense gap (<3 examples),claude_authored,manual
thintrain-0009,מהרש״ק,ישראל מהרש״ק נודע כמורה הוראה בקהילתו וכתב חיבורים רבים בהלכה.,ישראל מהרשק,,ישראל מהרשק,verified,12,רבקה מהרשק | ר' שלמה קלוגר | בני מהרשק | ר' שלמה מקרלין | ר' שמואל קאיידנובר | ישראל מהרשק | רבי שמשון בן יצחק מקינון (לעיתים | מורנו הרב רבי שלמה כהן | מורנו הרב רבי שלמה קלוגר | מורנו הרב רבי שלמה קרלינר | מורנו הרב רבי שמואל קיידאנובר | שש מאות וארבעים וחמש (גימטריה),authored,,claude-sonnet-5,,human_review,authored to fill a thin train-sense gap (<3 examples),claude_authored,manual
thintrain-0010,מהרש״ק,רבקה מהרש״ק תרמה סכום ניכר להקמת בית המדרש בעירה.,רבקה מהרשק,,רבקה מהרשק,verified,12,רבקה מהרשק | ר' שלמה קלוגר | בני מהרשק | ר' שלמה מקרלין | ר' שמואל קאיידנובר | ישראל מהרשק | רבי שמשון בן יצחק מקינון (לעיתים | מורנו הרב רבי שלמה כהן | מורנו הרב רבי שלמה קלוגר | מורנו הרב רבי שלמה קרלינר | מורנו הרב רבי שמואל קיידאנובר | שש מאות וארבעים וחמש (גימטריה),authored,,claude-sonnet-5,,human_review,authored to fill a thin train-sense gap (<3 examples),claude_authored,manual
thintrain-0011,בלו״ך,"בפיוט המסורתי נאמר בלו״ך, ברכת המשפחה כולה בליל החג.",בני לוי כולנו,,בני לוי כולנו,verified,3,בני לוי כולנו | בר לבב ונקי כפיים | חמישים ושמונה (גימטריה),authored,,claude-sonnet-5,,human_review,authored to fill a thin train-sense gap (<3 examples),claude_authored,manual
thintrain-0012,בלו״ך,המנהג בקהילה היה לומר בלו״ך בעת עליית הכהנים לדוכן.,בני לוי כולנו,,בני לוי כולנו,verified,3,בני לוי כולנו | בר לבב ונקי כפיים | חמישים ושמונה (גימטריה),authored,,claude-sonnet-5,,human_review,authored to fill a thin train-sense gap (<3 examples),claude_authored,manual
thintrain-0013,אד״ש,"הפוסק קבע שהאיסור אד״ש, ולכן אין להתירו אף במקרה דחוק.",אינו דוחה שבת,,אינו דוחה שבת,verified,4,אדר שני | אינו דוחה שבת | אחר דרישת שלומו | שלוש מאות וחמש (גימטריה),authored,,claude-sonnet-5,,human_review,authored to fill a thin train-sense gap (<3 examples),claude_authored,manual
thintrain-0014,אד״ש,"בשיעור ההלכה הוסבר כי דין זה אד״ש, בניגוד לפיקוח נפש.",אינו דוחה שבת,,אינו דוחה שבת,verified,4,אדר שני | אינו דוחה שבת | אחר דרישת שלומו | שלוש מאות וחמש (גימטריה),authored,,claude-sonnet-5,,human_review,authored to fill a thin train-sense gap (<3 examples),claude_authored,manual
thintrain-0015,תע״ס,התלמיד למד פרק מתוך תע״ס בהדרכת רבו בעניין סדר ההשתלשלות.,תלמוד עשר הספירות,,תלמוד עשר הספירות,verified,3,תלמוד עשר הספירות | תקנון עבודה סוציאלית | חמש מאות ושלושים (גימטריה),authored,,claude-sonnet-5,,human_review,authored to fill a thin train-sense gap (<3 examples),claude_authored,manual
thintrain-0016,תע״ס,הישיבה רכשה סדרה שלמה של תע״ס לספריית בית המדרש הקבלי.,תלמוד עשר הספירות,,תלמוד עשר הספירות,verified,3,תלמוד עשר הספירות | תקנון עבודה סוציאלית | חמש מאות ושלושים (גימטריה),authored,,claude-sonnet-5,,human_review,authored to fill a thin train-sense gap (<3 examples),claude_authored,manual
thintrain-0017,קרפ״ח,קרפ״ח החטיבה פיקח על הפינוי הרפואי של הפצועים מן השטח.,קצין רפואה חטיבתי,,קצין רפואה חטיבתי,verified,3,קצין רפואה חילי | קצין רפואה חטיבתי | שלוש מאות ושמונים ושמונה (גימטריה),authored,,claude-sonnet-5,,human_review,authored to fill a thin train-sense gap (<3 examples),claude_authored,manual
thintrain-0018,קרפ״ח,הקרפ״ח תדרך את הצוותים הרפואיים לפני תחילת התרגיל.,קצין רפואה חטיבתי,,קצין רפואה חטיבתי,verified,3,קצין רפואה חילי | קצין רפואה חטיבתי | שלוש מאות ושמונים ושמונה (גימטריה),authored,,claude-sonnet-5,,human_review,authored to fill a thin train-sense gap (<3 examples),claude_authored,manual
thintrain-0019,מהרש״ג,בשו״ת מהרש״ג דן הרב בשאלות רבות שהופנו אליו מרחבי אירופה.,רבי שמעון גרינפלד,,רבי שמעון גרינפלד,verified,3,רבי שמעון גרינפלד | רבי שמואל גאון | חמש מאות וארבעים ושמונה (גימטריה),authored,,claude-sonnet-5,,human_review,authored to fill a thin train-sense gap (<3 examples),claude_authored,manual
thintrain-0020,מהרש״ג,תלמידי מהרש״ג המשיכו ללמד את פסיקותיו בישיבות שהקימו.,רבי שמעון גרינפלד,,רבי שמעון גרינפלד,verified,3,רבי שמעון גרינפלד | רבי שמואל גאון | חמש מאות וארבעים ושמונה (גימטריה),authored,,claude-sonnet-5,,human_review,authored to fill a thin train-sense gap (<3 examples),claude_authored,manual
thintrain-0021,ברז״ל,ברז״ל נודע כפוסק בעל שיעור קומה בקהילתו בליטא.,בן רבי זלמן לייב,,בן רבי זלמן לייב,verified,3,בן רבי זלמן לייב | בלהה רחל זלפה לאה | מאתיים ושלושים ותשע (גימטריה),authored,,claude-sonnet-5,,human_review,authored to fill a thin train-sense gap (<3 examples),claude_authored,manual
thintrain-0022,ברז״ל,בכתביו מזכיר ברז״ל את רבותיו ואת דרך לימודם.,בן רבי זלמן לייב,,בן רבי זלמן לייב,verified,3,בן רבי זלמן לייב | בלהה רחל זלפה לאה | מאתיים ושלושים ותשע (גימטריה),authored,,claude-sonnet-5,,human_review,authored to fill a thin train-sense gap (<3 examples),claude_authored,manual
thintrain-0023,סמב״ס,סמב״ס אחראי על הסדר והביטחון השוטף בבסיס בהיעדר המפקד.,סגן מפקד בסיס,,סגן מפקד בסיס,verified,3,סגן מפקד בסיס | סתם מסתובב בבסיס | מאה ושישים ושתיים (גימטריה),authored,,claude-sonnet-5,,human_review,authored to fill a thin train-sense gap (<3 examples),claude_authored,manual
thintrain-0024,סמב״ס,הסמב״ס ניהל את התרגיל לאחר שהמפקד יצא לישיבת מטה.,סגן מפקד בסיס,,סגן מפקד בסיס,verified,3,סגן מפקד בסיס | סתם מסתובב בבסיס | מאה ושישים ושתיים (גימטריה),authored,,claude-sonnet-5,,human_review,authored to fill a thin train-sense gap (<3 examples),claude_authored,manual
thintrain-0025,טמ״מ,"בפסוק המקראי נאמר טמ״מ, ביטוי לייאוש עמוק מן החיים.",טוב מותי מחיי,,טוב מותי מחיי,verified,5,טוב מותי מחיי | טכנאי מערכות מחשוב | טכנאי מזרונים מתנפחים | טכנאי מערכות תקשורת נתונים מתקדמות | שמונים ותשע (גימטריה),authored,,claude-sonnet-5,,human_review,authored to fill a thin train-sense gap (<3 examples),claude_authored,manual
thintrain-0026,טמ״מ,הדרשן הביא את המילים טמ״מ כדוגמה למשבר אמונה קשה.,טוב מותי מחיי,,טוב מותי מחיי,verified,5,טוב מותי מחיי | טכנאי מערכות מחשוב | טכנאי מזרונים מתנפחים | טכנאי מערכות תקשורת נתונים מתקדמות | שמונים ותשע (גימטריה),authored,,claude-sonnet-5,,human_review,authored to fill a thin train-sense gap (<3 examples),claude_authored,manual
thintrain-0027,בח״ם,"המבקר קבע כי הפסקה כולה בח״ם, ואין בה תוכן של ממש.",ביטוי חסר משמעות,,ביטוי חסר משמעות,verified,4,ביטוי חסר משמעות | בחבר מרכז | בחטיבת מבצעים | חמישים (גימטריה),authored,,claude-sonnet-5,,human_review,authored to fill a thin train-sense gap (<3 examples),claude_authored,manual
thintrain-0028,בח״ם,"לדעת החוקר, הצירוף הזה בח״ם ואינו מוסיף דבר לטקסט.",ביטוי חסר משמעות,,ביטוי חסר משמעות,verified,4,ביטוי חסר משמעות | בחבר מרכז | בחטיבת מבצעים | חמישים (גימטריה),authored,,claude-sonnet-5,,human_review,authored to fill a thin train-sense gap (<3 examples),claude_authored,manual
thintrain-0029,יש״ו,בחיבורים עתיקים נהגו לכתוב יש״ו לצד שמו של אויב ישראל המושבע.,ימח שמו וזכרו,,ימח שמו וזכרו,verified,3,ימח שמו וזכרו | יש שם ושן | שלוש מאות ושש עשרה (גימטריה),authored,,claude-sonnet-5,,human_review,authored to fill a thin train-sense gap (<3 examples),claude_authored,manual
thintrain-0030,יש״ו,"הסופר הוסיף יש״ו לאחר הזכרת שמו של הרודף, כמנהג הדורות.",ימח שמו וזכרו,,ימח שמו וזכרו,verified,3,ימח שמו וזכרו | יש שם ושן | שלוש מאות ושש עשרה (גימטריה),authored,,claude-sonnet-5,,human_review,authored to fill a thin train-sense gap (<3 examples),claude_authored,manual
thintrain-0031,שו״ס,הוא היה שו״ס לרב בפרשה הרגישה ולא גילה דבר לאיש.,שותף סוד,,שותף סוד,verified,3,שותף סוד | שותפות סוד | שלוש מאות ושישים ושש (גימטריה),authored,,claude-sonnet-5,,human_review,authored to fill a thin train-sense gap (<3 examples),claude_authored,manual
thintrain-0032,שו״ס,בין השניים נרקמה שו״ס שנשמרה במשך שנים רבות.,שותפות סוד,,שותפות סוד,verified,3,שותף סוד | שותפות סוד | שלוש מאות ושישים ושש (גימטריה),authored,,claude-sonnet-5,,human_review,authored to fill a thin train-sense gap (<3 examples),claude_authored,manual
thintrain-0033,סד״א,עורך הדין הפנה לתקנות סד״א כדי לבסס את בקשתו הדיונית.,סדר דין אזרחי,,סדר דין אזרחי,verified,3,סדר דין אזרחי | סלקא דעתך אמינא | שישים וחמש (גימטריה),authored,,claude-sonnet-5,,human_review,authored to fill a thin train-sense gap (<3 examples),claude_authored,manual
thintrain-0034,סד״א,"השופט דחה את הבקשה מטעמים של סד״א, ולא לגופו של עניין.",סדר דין אזרחי,,סדר דין אזרחי,verified,3,סדר דין אזרחי | סלקא דעתך אמינא | שישים וחמש (גימטריה),authored,,claude-sonnet-5,,human_review,authored to fill a thin train-sense gap (<3 examples),claude_authored,manual
thintrain-0035,צב״י,"הרב פתח את דרשתו בפסוק צב״י, וקישר אותו לחיי היום-יום.",צדיק באמונתו יחיה,,צדיק באמונתו יחיה,verified,4,צדיק באמונתו יחיה | צרכני בריאות ישראל | צעיר באלפי ישראל | מאה ושתיים (גימטריה),authored,,claude-sonnet-5,,human_review,authored to fill a thin train-sense gap (<3 examples),claude_authored,manual
thintrain-0036,צב״י,ארגון צב״י פרסם דוח שנתי על מגמות הצריכה בשוק הבריאות.,צרכני בריאות ישראל,,צרכני בריאות ישראל,verified,4,צדיק באמונתו יחיה | צרכני בריאות ישראל | צעיר באלפי ישראל | מאה ושתיים (גימטריה),authored,,claude-sonnet-5,,human_review,authored to fill a thin train-sense gap (<3 examples),claude_authored,manual
thintrain-0037,יה״ש,יה״ש נודע כחוקר מקרא בולט בתקופת ההשכלה בגליציה.,יהושע השל שור,,יהושע השל שור,verified,3,יחידת השתתפות | יהושע השל שור | שלוש מאות וחמש עשרה (גימטריה),authored,,claude-sonnet-5,,human_review,authored to fill a thin train-sense gap (<3 examples),claude_authored,manual
thintrain-0038,יה״ש,כל דייר קיבל יה״ש בהוצאות התחזוקה של הבניין המשותף.,יחידת השתתפות,,יחידת השתתפות,verified,3,יחידת השתתפות | יהושע השל שור | שלוש מאות וחמש עשרה (גימטריה),authored,,claude-sonnet-5,,human_review,authored to fill a thin train-sense gap (<3 examples),claude_authored,manual
thintrain-0039,ק״צ,גבאי בית הכנסת אספו כספים לק״צ לקראת חג הפסח.,קופת צדקה,,קופת צדקה,verified,3,קופת צדקה | קרבן ציבור | מאה ותשעים (גימטריה),authored,,claude-sonnet-5,,human_review,authored to fill a thin train-sense gap (<3 examples),claude_authored,manual
thintrain-0040,ק״צ,בשיעור למד המורה על סדר הקרבתו של ק״צ בבית המקדש.,קרבן ציבור,,קרבן ציבור,verified,3,קופת צדקה | קרבן ציבור | מאה ותשעים (גימטריה),authored,,claude-sonnet-5,,human_review,authored to fill a thin train-sense gap (<3 examples),claude_authored,manual
thintrain-0041,רס״ג,פירושו של רס״ג לתורה נחשב ליסודי בפרשנות היהודית-ערבית.,רבי סעדיה גאון,,רבי סעדיה גאון,verified,3,רבי סעדיה גאון | רב סמל גדודי | מאתיים ושישים ושלוש (גימטריה),authored,,claude-sonnet-5,,human_review,authored to fill a thin train-sense gap (<3 examples),claude_authored,manual
thintrain-0042,רס״ג,רס״ג חיבר סידור תפילה שהשפיע רבות על קהילות המזרח.,רבי סעדיה גאון,,רבי סעדיה גאון,verified,3,רבי סעדיה גאון | רב סמל גדודי | מאתיים ושישים ושלוש (גימטריה),authored,,claude-sonnet-5,,human_review,authored to fill a thin train-sense gap (<3 examples),claude_authored,manual
thintrain-0043,פ״ד,עורך הדין הביא אסמכתא מתוך אוסף פ״ד עדכני לבית המשפט.,פסק(י) דין,,פסק(י) דין,verified,3,פרק רביעי | פסק(י) דין | שמונים וארבע (גימטריה),authored,,claude-sonnet-5,,human_review,authored to fill a thin train-sense gap (<3 examples),claude_authored,manual
thintrain-0044,פ״ד,בפ״ד למסכת עוסקת הגמרא בדיני שכירות ופיקדון.,פרק רביעי,,פרק רביעי,verified,3,פרק רביעי | פסק(י) דין | שמונים וארבע (גימטריה),authored,,claude-sonnet-5,,human_review,authored to fill a thin train-sense gap (<3 examples),claude_authored,manual
thintrain-0045,הי״ת,הרב הודה להי״ת על החסד שנעשה עם הקהילה כולה.,השם יתברך,,השם יתברך,verified,3,"השם יתברך | המשביר, יכין, תנובה | ארבע מאות וחמש עשרה (גימטריה)",authored,,claude-sonnet-5,,human_review,authored to fill a thin train-sense gap (<3 examples),claude_authored,manual
thintrain-0046,הי״ת,בתפילתו ביקש מהי״ת רפואה שלמה לחולים ולנצרכים.,השם יתברך,,השם יתברך,verified,3,"השם יתברך | המשביר, יכין, תנובה | ארבע מאות וחמש עשרה (גימטריה)",authored,,claude-sonnet-5,,human_review,authored to fill a thin train-sense gap (<3 examples),claude_authored,manual
thintrain-0047,מרת״א,החולה הועבר למרת״א לצורך ניתוח דחוף בבית החולים.,המרכז הרפואי תל אביב,,המרכז הרפואי תל אביב,verified,3,המרכז הרפואי תל אביב | מועדון רצי תל אביב | שש מאות וארבעים ואחת (גימטריה),authored,,claude-sonnet-5,,human_review,authored to fill a thin train-sense gap (<3 examples),claude_authored,manual
thintrain-0048,מרת״א,מרת״א הכריז על פתיחת מחלקה חדשה לטיפול נמרץ.,המרכז הרפואי תל אביב,,המרכז הרפואי תל אביב,verified,3,המרכז הרפואי תל אביב | מועדון רצי תל אביב | שש מאות וארבעים ואחת (גימטריה),authored,,claude-sonnet-5,,human_review,authored to fill a thin train-sense gap (<3 examples),claude_authored,manual
thintrain-0049,מז״א,התלמיד שאל את המורה מז״א המשפט הקשה שנכתב בספר.,מה זאת אומרת?,,מה זאת אומרת?,verified,3,מזג אויר | מה זאת אומרת? | ארבעים ושמונה (גימטריה),authored,,claude-sonnet-5,,human_review,authored to fill a thin train-sense gap (<3 examples),claude_authored,manual
thintrain-0050,מז״א,השירות המטאורולוגי פרסם תחזית מז״א לסוף השבוע הקרוב.,מזג אויר,,מזג אויר,verified,3,מזג אויר | מה זאת אומרת? | ארבעים ושמונה (גימטריה),authored,,claude-sonnet-5,,human_review,authored to fill a thin train-sense gap (<3 examples),claude_authored,manual
thintrain-0051,רא״מ,רא״מ נמנה עם בעלי התוספות שכתבו על מסכתות התלמוד.,רבי אליעזר ממיץ,,רבי אליעזר ממיץ,verified,3,רבי אליעזר ממיץ | רבי אהרון משה טאובס מיאסי | מאתיים וארבעים ואחת (גימטריה),authored,,claude-sonnet-5,,human_review,authored to fill a thin train-sense gap (<3 examples),claude_authored,manual
thintrain-0052,רא״מ,בספרו מזכיר רא״מ את חכמי צרפת ואת שיטת לימודם.,רבי אליעזר ממיץ,,רבי אליעזר ממיץ,verified,3,רבי אליעזר ממיץ | רבי אהרון משה טאובס מיאסי | מאתיים וארבעים ואחת (גימטריה),authored,,claude-sonnet-5,,human_review,authored to fill a thin train-sense gap (<3 examples),claude_authored,manual
thintrain-0053,מפמ״ר,מפמ״ר גיוס תיאם עם היחידות את קליטת המתגייסים החדשים.,מפקד מרכז,,מפקד מרכז,verified,3,מפקד מרכז | מפקח מרכז | שלוש מאות ושישים (גימטריה),authored,,claude-sonnet-5,,human_review,authored to fill a thin train-sense gap (<3 examples),claude_authored,manual
thintrain-0054,מפמ״ר,מפמ״ר ביקר בבתי הספר לבדוק את יישום תוכנית הלימודים.,מפקח מרכז,,מפקח מרכז,verified,3,מפקד מרכז | מפקח מרכז | שלוש מאות ושישים (גימטריה),authored,,claude-sonnet-5,,human_review,authored to fill a thin train-sense gap (<3 examples),claude_authored,manual
thintrain-0055,טר״א,בעל טר״א חיבר חידושים נרחבים על מסכתות הש״ס.,טורי אבן,,טורי אבן,verified,3,טורי אבן | טיפול רפואי אישי | מאתיים ועשר (גימטריה),authored,,claude-sonnet-5,,human_review,authored to fill a thin train-sense gap (<3 examples),claude_authored,manual
thintrain-0056,טר״א,בשיעור עיינו התלמידים בדברי טר״א על סוגיית הגמרא.,טורי אבן,,טורי אבן,verified,3,טורי אבן | טיפול רפואי אישי | מאתיים ועשר (גימטריה),authored,,claude-sonnet-5,,human_review,authored to fill a thin train-sense gap (<3 examples),claude_authored,manual
thintrain-0057,וד״ל,וד״ל אישרה תוכנית להקמת אלפי יחידות דיור חדשות.,ועדה לדיור לאומי,,ועדה לדיור לאומי,verified,4,ועדה לדיור לאומי | ודי למבין | ודי לחַכִּימָא (בִּרְמִיזָא): עברית 'ודי לחכם (ברמז)' | ארבעים (גימטריה),authored,,claude-sonnet-5,,human_review,authored to fill a thin train-sense gap (<3 examples),claude_authored,manual
thintrain-0058,וד״ל,יו״ר וד״ל הציג בכנסת את התקדמות פרויקטי הבנייה.,ועדה לדיור לאומי,,ועדה לדיור לאומי,verified,4,ועדה לדיור לאומי | ודי למבין | ודי לחַכִּימָא (בִּרְמִיזָא): עברית 'ודי לחכם (ברמז)' | ארבעים (גימטריה),authored,,claude-sonnet-5,,human_review,authored to fill a thin train-sense gap (<3 examples),claude_authored,manual
thintrain-0059,יהב״י,יהב״י פרסם מאמרים רבים בתחום מדעי היהדות במאה התשע עשרה.,יהודה ייטלס,,יהודה ייטלס,verified,3,יקותיאל הכהן | יהודה ייטלס | עשרים ושבע (גימטריה),authored,,claude-sonnet-5,,human_review,authored to fill a thin train-sense gap (<3 examples),claude_authored,manual
thintrain-0060,יהב״י,יהב״י שימש רב הקהילה במשך עשרות שנים ברציפות.,יקותיאל הכהן,,יקותיאל הכהן,verified,3,יקותיאל הכהן | יהודה ייטלס | עשרים ושבע (גימטריה),authored,,claude-sonnet-5,,human_review,authored to fill a thin train-sense gap (<3 examples),claude_authored,manual
thintrain-0061,הרה״ג,הרה״ג נשא דברים בטקס הסיום של מחזור הבוגרים.,הרב הגאון,,הרב הגאון,verified,3,הרב הגאון | הרבנים הגאונים | מאתיים ושלוש עשרה (גימטריה),authored,,claude-sonnet-5,,human_review,authored to fill a thin train-sense gap (<3 examples),claude_authored,manual
thintrain-0062,הרה״ג,הרה״ג התכנסו לדיון משותף בנושאי הלכה עדכניים.,הרבנים הגאונים,,הרבנים הגאונים,verified,3,הרב הגאון | הרבנים הגאונים | מאתיים ושלוש עשרה (גימטריה),authored,,claude-sonnet-5,,human_review,authored to fill a thin train-sense gap (<3 examples),claude_authored,manual
thintrain-0063,אג״ס,אג״ס האוניברסיטה ארגנה הפגנה למען הוזלת שכר הלימוד.,אגודת סטודנטים,,אגודת סטודנטים,verified,4,"אגודת סטודנטים | אזור גאוגרפי-סטטיסטי | איתור, גילוי, סימון | שישים וארבע (גימטריה)",authored,,claude-sonnet-5,,human_review,authored to fill a thin train-sense gap (<3 examples),claude_authored,manual
thintrain-0064,אג״ס,יו״ר אג״ס נפגש עם הנהלת המוסד לדון בתנאי המגורים.,אגודת סטודנטים,,אגודת סטודנטים,verified,4,"אגודת סטודנטים | אזור גאוגרפי-סטטיסטי | איתור, גילוי, סימון | שישים וארבע (גימטריה)",authored,,claude-sonnet-5,,human_review,authored to fill a thin train-sense gap (<3 examples),claude_authored,manual
thintrain-0065,קמ״א,קמ״א הפיקוד ליווה את תוכנית ההכשרה האקדמית לחיילים.,קצין מקצועי אקדמי,,קצין מקצועי אקדמי,verified,3,קורס מפקדי איסוף | קצין מקצועי אקדמי | מאה וארבעים ואחת (גימטריה),authored,,claude-sonnet-5,,human_review,authored to fill a thin train-sense gap (<3 examples),claude_authored,manual
thintrain-0066,קמ״א,הקמ״א אישר את מלגות הלימודים לקצינים המצטיינים.,קצין מקצועי אקדמי,,קצין מקצועי אקדמי,verified,3,קורס מפקדי איסוף | קצין מקצועי אקדמי | מאה וארבעים ואחת (גימטריה),authored,,claude-sonnet-5,,human_review,authored to fill a thin train-sense gap (<3 examples),claude_authored,manual
thintrain-0067,ש״ק,"בערב ש״ק הדליקה האם את הנרות בברכה, כמנהג המשפחה.",שבת קודש,,שבת קודש,verified,4,שבת קודש | שליח קודש | שנת קציר | ארבע מאות (גימטריה),authored,,claude-sonnet-5,,human_review,authored to fill a thin train-sense gap (<3 examples),claude_authored,manual
thintrain-0068,ש״ק,הקהילה התכנסה לתפילת ש״ק בבית הכנסת המרכזי.,שבת קודש,,שבת קודש,verified,4,שבת קודש | שליח קודש | שנת קציר | ארבע מאות (גימטריה),authored,,claude-sonnet-5,,human_review,authored to fill a thin train-sense gap (<3 examples),claude_authored,manual
thintrain-0069,הי״מ,בספרי הקבלה מבואר עניין הי״מ כשלוש הספירות התחתונות.,"הוד, יסוד, מלכות",,"הוד, יסוד, מלכות",verified,5,"הוד, יסוד, מלכות | ה' יצילנו משגיאות | היכי מצי (=איפה מצינו, איך אפשר) | היש מפרשים | חמישים וחמש (גימטריה)",authored,,claude-sonnet-5,,human_review,authored to fill a thin train-sense gap (<3 examples),claude_authored,manual
thintrain-0070,הי״מ,השיעור עסק בקשר שבין הי״מ לבין שאר הספירות העליונות.,"הוד, יסוד, מלכות",,"הוד, יסוד, מלכות",verified,5,"הוד, יסוד, מלכות | ה' יצילנו משגיאות | היכי מצי (=איפה מצינו, איך אפשר) | היש מפרשים | חמישים וחמש (גימטריה)",authored,,claude-sonnet-5,,human_review,authored to fill a thin train-sense gap (<3 examples),claude_authored,manual
thintrain-0071,ענ״א,המחלקה עברה למערכת ענ״א חדשה לניהול רישומי הלקוחות.,עיבוד נתונים אוטומטי,,עיבוד נתונים אוטומטי,verified,3,עיבוד נתונים אוטומטי | עיבוד נתונים אלקטרוני | מאה ועשרים ואחת (גימטריה),authored,,claude-sonnet-5,,human_review,authored to fill a thin train-sense gap (<3 examples),claude_authored,manual
thintrain-0072,ענ״א,מרכז ענ״א של הבנק אחראי על עיבוד כל תנועות החשבון.,עיבוד נתונים אלקטרוני,,עיבוד נתונים אלקטרוני,verified,3,עיבוד נתונים אוטומטי | עיבוד נתונים אלקטרוני | מאה ועשרים ואחת (גימטריה),authored,,claude-sonnet-5,,human_review,authored to fill a thin train-sense gap (<3 examples),claude_authored,manual
thintrain-0073,האר״י,בכתביו מוזכר האר״י כמורה דרך בתורת הנסתר.,האשכנזי רבי יצחק,,האשכנזי רבי יצחק,verified,4,רבי יצחק לוריא | האשכנזי רבי יצחק | האדון רבי יצחק | מאתיים ושש עשרה (גימטריה),authored,,claude-sonnet-5,,human_review,authored to fill a thin train-sense gap (<3 examples),claude_authored,manual
thintrain-0074,האר״י,תלמידי האר״י הפיצו את תורתו בכל קהילות ישראל.,רבי יצחק לוריא,,רבי יצחק לוריא,verified,4,רבי יצחק לוריא | האשכנזי רבי יצחק | האדון רבי יצחק | מאתיים ושש עשרה (גימטריה),authored,,claude-sonnet-5,,human_review,authored to fill a thin train-sense gap (<3 examples),claude_authored,manual
thintrain-0075,ס״ל,המחקר נערך על סמך כתבי יד נדירים השמורים בס״ל.,ספריה לאומית,,ספריה לאומית,verified,4,"ספריה לאומית | סבירא ליה ( הוא סבור, מסתבר לו) | סמיך ליה (ארמית:סמוך לו) | תשעים (גימטריה)",authored,,claude-sonnet-5,,human_review,authored to fill a thin train-sense gap (<3 examples),claude_authored,manual
thintrain-0076,ס״ל,ס״ל פרסמה תערוכה דיגיטלית של כתבי יד עתיקים.,ספריה לאומית,,ספריה לאומית,verified,4,"ספריה לאומית | סבירא ליה ( הוא סבור, מסתבר לו) | סמיך ליה (ארמית:סמוך לו) | תשעים (גימטריה)",authored,,claude-sonnet-5,,human_review,authored to fill a thin train-sense gap (<3 examples),claude_authored,manual
thintrain-0077,ח״מ,ח״מ במפלגה נדרש להשתתף בכל הצבעות הוועד המנהל.,חבר מרכז,,חבר מרכז,verified,3,חבר מרכז | חתום מטה | ארבעים ושמונה (גימטריה),authored,,claude-sonnet-5,,human_review,authored to fill a thin train-sense gap (<3 examples),claude_authored,manual
thintrain-0078,ח״מ,מספר החברי מרכז ח״מ שהצביעו בעד ההצעה עמד על רוב מוחלט.,חבר מרכז,,חבר מרכז,verified,3,חבר מרכז | חתום מטה | ארבעים ושמונה (גימטריה),authored,,claude-sonnet-5,,human_review,authored to fill a thin train-sense gap (<3 examples),claude_authored,manual
thintrain-0079,רא״ת,רא״ת בית הספר אחראי על תחזוקת המחשבים והרשת הפנימית.,רכז אמצעי תקשוב,,רכז אמצעי תקשוב,verified,3,ראשי תיבות | רכז אמצעי תקשוב | שש מאות ואחת (גימטריה),authored,,claude-sonnet-5,,human_review,authored to fill a thin train-sense gap (<3 examples),claude_authored,manual
thintrain-0080,רא״ת,הרא״ת התקין תוכנה חדשה בכל כיתות הלימוד.,רכז אמצעי תקשוב,,רכז אמצעי תקשוב,verified,3,ראשי תיבות | רכז אמצעי תקשוב | שש מאות ואחת (גימטריה),authored,,claude-sonnet-5,,human_review,authored to fill a thin train-sense gap (<3 examples),claude_authored,manual
thintrain-0081,תת״מ,המהנדס בדק אם תת״מ מסוים חוסם את המערכת ומאט אותה.,תהליך תופס מקום,,תהליך תופס מקום,verified,3,תת משקל | תהליך תופס מקום | שמונה מאות וארבעים (גימטריה),authored,,claude-sonnet-5,,human_review,authored to fill a thin train-sense gap (<3 examples),claude_authored,manual
thintrain-0082,תת״מ,הרופאה ציינה בתיק כי התינוק נולד עם תת״מ קל.,תת משקל,,תת משקל,verified,3,תת משקל | תהליך תופס מקום | שמונה מאות וארבעים (גימטריה),authored,,claude-sonnet-5,,human_review,authored to fill a thin train-sense gap (<3 examples),claude_authored,manual
thintrain-0083,חו״ג,המפעל ייבא חו״ג מחו״ל לצורך ייצור המוצרים המוגמרים.,חומרי גלם,,חומרי גלם,verified,3,חומרי גלם | חסד וגבורה | שבע עשרה (גימטריה),authored,,claude-sonnet-5,,human_review,authored to fill a thin train-sense gap (<3 examples),claude_authored,manual
thintrain-0084,חו״ג,מחיר חו״ג עלה משמעותית בשוק העולמי השנה.,חומרי גלם,,חומרי גלם,verified,3,חומרי גלם | חסד וגבורה | שבע עשרה (גימטריה),authored,,claude-sonnet-5,,human_review,authored to fill a thin train-sense gap (<3 examples),claude_authored,manual
thintrain-0085,פל״א,השמועה עברה בשיטת פל״א בין תושבי השכונה תוך יום אחד.,פה לאוזן,,פה לאוזן,verified,3,פה לאוזן | פקדונות לזמנים ארוכים | מאה ואחת עשרה (גימטריה),authored,,claude-sonnet-5,,human_review,authored to fill a thin train-sense gap (<3 examples),claude_authored,manual
thintrain-0086,פל״א,הפרסום התבסס על פל״א ולא על מסע פרסום ממומן.,פה לאוזן,,פה לאוזן,verified,3,פה לאוזן | פקדונות לזמנים ארוכים | מאה ואחת עשרה (גימטריה),authored,,claude-sonnet-5,,human_review,authored to fill a thin train-sense gap (<3 examples),claude_authored,manual
thintrain-0087,ת״ל,"הגמרא שואלת מה ת״ל, ומביאה מכך הלכה נוספת.",תלמוד לומר,,תלמוד לומר,verified,3,תלמוד לומר | תיפוק ליה | ארבע מאות ושלושים (גימטריה),authored,,claude-sonnet-5,,human_review,authored to fill a thin train-sense gap (<3 examples),claude_authored,manual
thintrain-0088,ת״ל,המפרש הסביר את הפסוק על פי הכלל של ת״ל בתורה שבעל פה.,תלמוד לומר,,תלמוד לומר,verified,3,תלמוד לומר | תיפוק ליה | ארבע מאות ושלושים (גימטריה),authored,,claude-sonnet-5,,human_review,authored to fill a thin train-sense gap (<3 examples),claude_authored,manual
thintrain-0089,מס״ר,מס״ר החילוץ הנחה את הצוות במהלך מבצע ההצלה בים.,מפקד סירת,,מפקד סירת,verified,4,מפקד סירת | מרכז סימולציה רפואית | מרכז לסיוע ורעיונות | שלוש מאות (גימטריה),authored,,claude-sonnet-5,,human_review,authored to fill a thin train-sense gap (<3 examples),claude_authored,manual
thintrain-0090,מס״ר,מס״ר הרשות המקומית סייע לתושבים בהגשת בקשות סיוע.,מרכז לסיוע ורעיונות,,מרכז לסיוע ורעיונות,verified,4,מפקד סירת | מרכז סימולציה רפואית | מרכז לסיוע ורעיונות | שלוש מאות (גימטריה),authored,,claude-sonnet-5,,human_review,authored to fill a thin train-sense gap (<3 examples),claude_authored,manual
thintrain-0091,סג״ל,הפיוט מתאר את סג״ל של המאמין בעת התפילה.,סגידה לאל,,סגידה לאל,verified,6,סגן לויה | סגידה לאל | סגולת לויים | סגן לויים | סגן לכהונה (לכוהן) | תשעים ושלוש (גימטריה),authored,,claude-sonnet-5,,human_review,authored to fill a thin train-sense gap (<3 examples),claude_authored,manual
thintrain-0092,סג״ל,הדרשה עסקה במשמעות סג״ל בחיי היום-יום של המאמין.,סגידה לאל,,סגידה לאל,verified,6,סגן לויה | סגידה לאל | סגולת לויים | סגן לויים | סגן לכהונה (לכוהן) | תשעים ושלוש (גימטריה),authored,,claude-sonnet-5,,human_review,authored to fill a thin train-sense gap (<3 examples),claude_authored,manual
thintrain-0093,יא״פ,בעל יא״פ כתב חידושים על הלכות רבות בשולחן ערוך.,יד אפרים,,יד אפרים,verified,3,יד אפרים | יחידת אשפוז פנימי | תשעים ואחת (גימטריה),authored,,claude-sonnet-5,,human_review,authored to fill a thin train-sense gap (<3 examples),claude_authored,manual
thintrain-0094,יא״פ,התלמידים למדו את פירושו של יא״פ למסכת הנלמדת.,יד אפרים,,יד אפרים,verified,3,יד אפרים | יחידת אשפוז פנימי | תשעים ואחת (גימטריה),authored,,claude-sonnet-5,,human_review,authored to fill a thin train-sense gap (<3 examples),claude_authored,manual
thintrain-0095,טל״מ,"לדעתו טל״מ אם הפתרון יהיה זה או אחר, העיקר שהבעיה תיפתר.",טוב לא משנה,,טוב לא משנה,verified,4,טוב לא משנה | טיפוח לימודי מזרחנות | טכנולוגיות למידה מתוקשבות | שבעים ותשע (גימטריה),authored,,claude-sonnet-5,,human_review,authored to fill a thin train-sense gap (<3 examples),claude_authored,manual
thintrain-0096,טל״מ,"הוא ענה בקצרה: טל״מ, העיקר שנגיע להחלטה כלשהי.",טוב לא משנה,,טוב לא משנה,verified,4,טוב לא משנה | טיפוח לימודי מזרחנות | טכנולוגיות למידה מתוקשבות | שבעים ותשע (גימטריה),authored,,claude-sonnet-5,,human_review,authored to fill a thin train-sense gap (<3 examples),claude_authored,manual
thintrain-0097,מר״ן,בשיעור הובא ציטוט ממר״ן להבהרת סוגיית המידות.,משנת רבי נתן,,משנת רבי נתן,verified,4,משנת רבי נתן | מורנו רבי נחמן | ממאתים רבנים נסמך | מאתיים ותשעים (גימטריה),authored,,claude-sonnet-5,,human_review,authored to fill a thin train-sense gap (<3 examples),claude_authored,manual
thintrain-0098,מר״ן,החוקר השווה בין מר״ן לבין מקבילותיה בספרות התנאית.,משנת רבי נתן,,משנת רבי נתן,verified,4,משנת רבי נתן | מורנו רבי נחמן | ממאתים רבנים נסמך | מאתיים ותשעים (גימטריה),authored,,claude-sonnet-5,,human_review,authored to fill a thin train-sense gap (<3 examples),claude_authored,manual
thintrain-0099,אחב״י,בתפילת המזכיר הזכיר הרב את אחב״י הנתונים בצרה.,אחינו בית ישראל,,אחינו בית ישראל,verified,3,אחינו בית ישראל | אחינו בני ישראל | עשרים ואחת (גימטריה),authored,,claude-sonnet-5,,human_review,authored to fill a thin train-sense gap (<3 examples),claude_authored,manual
thintrain-0100,אחב״י,הקהילה תרמה כספים לעזרת אחב״י ברחבי העולם.,אחינו בני ישראל,,אחינו בני ישראל,verified,3,אחינו בית ישראל | אחינו בני ישראל | עשרים ואחת (גימטריה),authored,,claude-sonnet-5,,human_review,authored to fill a thin train-sense gap (<3 examples),claude_authored,manual
thintrain-0101,מל״ט,צה״ל הפעיל מל״ט לצורך תצפית על השטח לפני המבצע.,מטוס ללא טייס,,מטוס ללא טייס,verified,4,מטוס ללא טייס | מיגו לחצי טענה | שבעים ותשע (גימטריה) | מרכז ללימודים טכנולוגיים,authored,,claude-sonnet-5,,human_review,authored to fill a thin train-sense gap (<3 examples),claude_authored,manual
thintrain-0102,מל״ט,בוגרי מל״ט השתלבו במפעלי ההייטק באזור המרכז.,מרכז ללימודים טכנולוגיים,,מרכז ללימודים טכנולוגיים,verified,4,מטוס ללא טייס | מיגו לחצי טענה | שבעים ותשע (גימטריה) | מרכז ללימודים טכנולוגיים,authored,,claude-sonnet-5,,human_review,authored to fill a thin train-sense gap (<3 examples),claude_authored,manual
thintrain-0103,את״ד,את״ד פרסמה מדריך לדיירי בתים משותפים בנושא תחזוקה.,האגודה לתרבות הדיור,,האגודה לתרבות הדיור,verified,3,האגודה לתרבות הדיור | אלו תמצית דבריו | ארבע מאות וחמש (גימטריה),authored,,claude-sonnet-5,,human_review,authored to fill a thin train-sense gap (<3 examples),claude_authored,manual
thintrain-0104,את״ד,נציג את״ד הרצה בפני ועד הבית על זכויות וחובות הדיירים.,האגודה לתרבות הדיור,,האגודה לתרבות הדיור,verified,3,האגודה לתרבות הדיור | אלו תמצית דבריו | ארבע מאות וחמש (גימטריה),authored,,claude-sonnet-5,,human_review,authored to fill a thin train-sense gap (<3 examples),claude_authored,manual
thintrain-0105,קג״מ,"הפוסק קבע כי מדובר בקג״מ, ולכן לא ניתן לבטל את המכירה.",קנין גמור,,קנין גמור,verified,3,קילוגרם מסה | קנין גמור | מאה וארבעים ושלוש (גימטריה),authored,,claude-sonnet-5,,human_review,authored to fill a thin train-sense gap (<3 examples),claude_authored,manual
thintrain-0106,קג״מ,בשיעור דיני ממונות הוסבר מתי חל קג״מ בעסקה.,קנין גמור,,קנין גמור,verified,3,קילוגרם מסה | קנין גמור | מאה וארבעים ושלוש (גימטריה),authored,,claude-sonnet-5,,human_review,authored to fill a thin train-sense gap (<3 examples),claude_authored,manual
thintrain-0107,שו״מ,בשו״ת שו״מ נענו שאלות רבות שהופנו מקהילות אירופה.,שואל ומשיב,,שואל ומשיב,verified,3,שואל ומשיב | שלוש קהילות בגרמניה אשר עברו תלאות רבות בימי מסעי הצלב | שלוש מאות וארבעים ושש (גימטריה),authored,,claude-sonnet-5,,human_review,authored to fill a thin train-sense gap (<3 examples),claude_authored,manual
thintrain-0108,שו״מ,בעל שו״מ נודע בפסיקותיו הבהירות והמנומקות.,שואל ומשיב,,שואל ומשיב,verified,3,שואל ומשיב | שלוש קהילות בגרמניה אשר עברו תלאות רבות בימי מסעי הצלב | שלוש מאות וארבעים ושש (גימטריה),authored,,claude-sonnet-5,,human_review,authored to fill a thin train-sense gap (<3 examples),claude_authored,manual
thintrain-0109,ד״ל,"הכותב סיים במילים ד״ל, ולא הרחיב מעבר לרמז הקצר.",ודי לחכימא,,ודי לחכימא,verified,4,ודי לחכימא | ודי למבין | שלושים וארבע (גימטריה) | ראשי תיבות שם פרטי ומשפחה (זהות חסויה),authored,,claude-sonnet-5,,human_review,authored to fill a thin train-sense gap (<3 examples),claude_authored,manual
thintrain-0110,ד״ל,הרב הסתפק ברמז בלבד ואמר ד״ל למבינים.,ודי לחכימא,,ודי לחכימא,verified,4,ודי לחכימא | ודי למבין | שלושים וארבע (גימטריה) | ראשי תיבות שם פרטי ומשפחה (זהות חסויה),authored,,claude-sonnet-5,,human_review,authored to fill a thin train-sense gap (<3 examples),claude_authored,manual
thintrain-0111,דב״ז,בדב״ז מובאים מדרשים קצרים על ספר דברים.,דברים זוטא,,דברים זוטא,verified,3,דברים זוטא | דברים זוטי | שלוש עשרה (גימטריה),authored,,claude-sonnet-5,,human_review,authored to fill a thin train-sense gap (<3 examples),claude_authored,manual
thintrain-0112,דב״ז,המהדורה החדשה של דב״ז כוללת הערות מהדיר מפורטות.,דברים זוטי,,דברים זוטי,verified,3,דברים זוטא | דברים זוטי | שלוש עשרה (גימטריה),authored,,claude-sonnet-5,,human_review,authored to fill a thin train-sense gap (<3 examples),claude_authored,manual
thintrain-0113,פל״ם,פל״ם היחידה יצא לסיור לילי לאורך קו הגבול.,פטרול לוחם,,פטרול לוחם,verified,3,פטרול לוחם | פלוגת ממתינים | מאה וחמישים (גימטריה),authored,,claude-sonnet-5,,human_review,authored to fill a thin train-sense gap (<3 examples),claude_authored,manual
thintrain-0114,פל״ם,חיילי הפל״ם דיווחו על תנועה חשודה באזור המוצב.,פטרול לוחם,,פטרול לוחם,verified,3,פטרול לוחם | פלוגת ממתינים | מאה וחמישים (גימטריה),authored,,claude-sonnet-5,,human_review,authored to fill a thin train-sense gap (<3 examples),claude_authored,manual
thintrain-0115,מלמ״ש,התכנון הצפוי לצריכת המים עומד על כ-40 מלמ״ש באזור.,מיליון מטר מעוקב לשנה,,מיליון מטר מעוקב לשנה,verified,3,מיליון מטר מעוקב לשנה | מרכז ללימודי משטרה | ארבע מאות ועשר (גימטריה),authored,,claude-sonnet-5,,human_review,authored to fill a thin train-sense gap (<3 examples),claude_authored,manual
thintrain-0116,מלמ״ש,המפעל החדש יזרים לביוב עד 5 מלמ״ש של שפכים מטופלים.,מיליון מטר מעוקב לשנה,,מיליון מטר מעוקב לשנה,verified,3,מיליון מטר מעוקב לשנה | מרכז ללימודי משטרה | ארבע מאות ועשר (גימטריה),authored,,claude-sonnet-5,,human_review,authored to fill a thin train-sense gap (<3 examples),claude_authored,manual
finalgap-0000,דה״כ,"הדיין הכריע שדה״כ בעניין זה, ולכן אין מקום להמשיך בדיון.",דברי הכל,,דברי הכל,verified,3,דברי הכתוב | דברי הכל | עשרים ותשע (גימטריה),authored,,claude-sonnet-5,,human_review,authored to close the final <3-example gap,claude_authored,manual
finalgap-0001,דה״כ,המפרש טען שדה״כ נדרשים כאן לפי דרך הפשט ולא הדרש.,דברי הכתוב,,דברי הכתוב,verified,3,דברי הכתוב | דברי הכל | עשרים ותשע (גימטריה),authored,,claude-sonnet-5,,human_review,authored to close the final <3-example gap,claude_authored,manual
finalgap-0002,מהרש״ק,בני מהרש״ק המשיכו לשמר את מנהגי אביהם בקהילה.,בני מהרשק,,בני מהרשק,verified,12,רבקה מהרשק | ר' שלמה קלוגר | בני מהרשק | ר' שלמה מקרלין | ר' שמואל קאיידנובר | ישראל מהרשק | רבי שמשון בן יצחק מקינון (לעיתים | מורנו הרב רבי שלמה כהן | מורנו הרב רבי שלמה קלוגר | מורנו הרב רבי שלמה קרלינר | מורנו הרב רבי שמואל קיידאנובר | שש מאות וארבעים וחמש (גימטריה),authored,,claude-sonnet-5,,human_review,authored to close the final <3-example gap,claude_authored,manual
finalgap-0003,מהרש״ק,ישראל מהרש״ק פרסם מספר קונטרסים בענייני הלכה.,ישראל מהרשק,,ישראל מהרשק,verified,12,רבקה מהרשק | ר' שלמה קלוגר | בני מהרשק | ר' שלמה מקרלין | ר' שמואל קאיידנובר | ישראל מהרשק | רבי שמשון בן יצחק מקינון (לעיתים | מורנו הרב רבי שלמה כהן | מורנו הרב רבי שלמה קלוגר | מורנו הרב רבי שלמה קרלינר | מורנו הרב רבי שמואל קיידאנובר | שש מאות וארבעים וחמש (גימטריה),authored,,claude-sonnet-5,,human_review,authored to close the final <3-example gap,claude_authored,manual
finalgap-0004,מהרש״ק,רבקה מהרש״ק זכתה להוקרה על תרומתה לקהילה במשך שנים.,רבקה מהרשק,,רבקה מהרשק,verified,12,רבקה מהרשק | ר' שלמה קלוגר | בני מהרשק | ר' שלמה מקרלין | ר' שמואל קאיידנובר | ישראל מהרשק | רבי שמשון בן יצחק מקינון (לעיתים | מורנו הרב רבי שלמה כהן | מורנו הרב רבי שלמה קלוגר | מורנו הרב רבי שלמה קרלינר | מורנו הרב רבי שמואל קיידאנובר | שש מאות וארבעים וחמש (גימטריה),authored,,claude-sonnet-5,,human_review,authored to close the final <3-example gap,claude_authored,manual
finalgap-0005,שו״ס,רק חברו הקרוב ביותר היה שו״ס בעניין הרגיש שהעסיק אותו.,שותף סוד,,שותף סוד,verified,3,שותף סוד | שותפות סוד | שלוש מאות ושישים ושש (גימטריה),authored,,claude-sonnet-5,,human_review,authored to close the final <3-example gap,claude_authored,manual
finalgap-0006,שו״ס,השניים שמרו על שו״ס גם כשנשאלו ישירות על הפרשה.,שותפות סוד,,שותפות סוד,verified,3,שותף סוד | שותפות סוד | שלוש מאות ושישים ושש (גימטריה),authored,,claude-sonnet-5,,human_review,authored to close the final <3-example gap,claude_authored,manual
finalgap-0007,צב״י,הדרשן חזר על הפסוק צב״י כמסר מרכזי לקהל המתפללים.,צדיק באמונתו יחיה,,צדיק באמונתו יחיה,verified,4,צדיק באמונתו יחיה | צרכני בריאות ישראל | צעיר באלפי ישראל | מאה ושתיים (גימטריה),authored,,claude-sonnet-5,,human_review,authored to close the final <3-example gap,claude_authored,manual
finalgap-0008,צב״י,נציג צב״י הציג נתונים על מגמות בריאות הציבור בכנס השנתי.,צרכני בריאות ישראל,,צרכני בריאות ישראל,verified,4,צדיק באמונתו יחיה | צרכני בריאות ישראל | צעיר באלפי ישראל | מאה ושתיים (גימטריה),authored,,claude-sonnet-5,,human_review,authored to close the final <3-example gap,claude_authored,manual
finalgap-0009,מז״א,"מז״א שאתה מתכוון להתפטר עכשיו, באמצע הפרויקט?",מה זאת אומרת?,,מה זאת אומרת?,verified,3,מזג אויר | מה זאת אומרת? | ארבעים ושמונה (גימטריה),authored,,claude-sonnet-5,,human_review,authored to close the final <3-example gap,claude_authored,manual
finalgap-0010,מז״א,"לפי תחזית מז״א, צפויים גשמים כבדים בסוף השבוע.",מזג אויר,,מזג אויר,verified,3,מזג אויר | מה זאת אומרת? | ארבעים ושמונה (גימטריה),authored,,claude-sonnet-5,,human_review,authored to close the final <3-example gap,claude_authored,manual
finalgap-0011,הרה״ג,הרה״ג נשא דרשה מרתקת בפני קהל רב באולם בית הכנסת.,הרב הגאון,,הרב הגאון,verified,3,הרב הגאון | הרבנים הגאונים | מאתיים ושלוש עשרה (גימטריה),authored,,claude-sonnet-5,,human_review,authored to close the final <3-example gap,claude_authored,manual
finalgap-0012,הרה״ג,הרה״ג נועדו לדון בשאלה ההלכתית שהועלתה בכנס.,הרבנים הגאונים,,הרבנים הגאונים,verified,3,הרב הגאון | הרבנים הגאונים | מאתיים ושלוש עשרה (גימטריה),authored,,claude-sonnet-5,,human_review,authored to close the final <3-example gap,claude_authored,manual
finalgap-0013,ענ״א,המערכת מבצעת ענ״א של כל הבקשות המתקבלות מהלקוחות.,עיבוד נתונים אוטומטי,,עיבוד נתונים אוטומטי,verified,3,עיבוד נתונים אוטומטי | עיבוד נתונים אלקטרוני | מאה ועשרים ואחת (גימטריה),authored,,claude-sonnet-5,,human_review,authored to close the final <3-example gap,claude_authored,manual
finalgap-0014,ענ״א,מחלקת ענ״א שדרגה את השרתים לצורך עמידה בעומס הנתונים.,עיבוד נתונים אלקטרוני,,עיבוד נתונים אלקטרוני,verified,3,עיבוד נתונים אוטומטי | עיבוד נתונים אלקטרוני | מאה ועשרים ואחת (גימטריה),authored,,claude-sonnet-5,,human_review,authored to close the final <3-example gap,claude_authored,manual
finalgap-0015,האר״י,בין תלמידיו של האר״י נמנו רבים מגדולי הדור.,האשכנזי רבי יצחק,,האשכנזי רבי יצחק,verified,4,רבי יצחק לוריא | האשכנזי רבי יצחק | האדון רבי יצחק | מאתיים ושש עשרה (גימטריה),authored,,claude-sonnet-5,,human_review,authored to close the final <3-example gap,claude_authored,manual
finalgap-0016,האר״י,תורת האר״י השפיעה עמוקות על התפתחות הקבלה בצפת.,רבי יצחק לוריא,,רבי יצחק לוריא,verified,4,רבי יצחק לוריא | האשכנזי רבי יצחק | האדון רבי יצחק | מאתיים ושש עשרה (גימטריה),authored,,claude-sonnet-5,,human_review,authored to close the final <3-example gap,claude_authored,manual
finalgap-0017,תת״מ,המהנדסת זיהתה תת״מ שגרם להאטה משמעותית במחשב.,תהליך תופס מקום,,תהליך תופס מקום,verified,3,תת משקל | תהליך תופס מקום | שמונה מאות וארבעים (גימטריה),authored,,claude-sonnet-5,,human_review,authored to close the final <3-example gap,claude_authored,manual
finalgap-0018,תת״מ,התינוקת שנולדה עם תת״מ הועברה למעקב צמוד בפגייה.,תת משקל,,תת משקל,verified,3,תת משקל | תהליך תופס מקום | שמונה מאות וארבעים (גימטריה),authored,,claude-sonnet-5,,human_review,authored to close the final <3-example gap,claude_authored,manual
finalgap-0019,מס״ר,מס״ר החילוץ הורה לצוות לפרוש רשת חיפוש נרחבת.,מפקד סירת,,מפקד סירת,verified,4,מפקד סירת | מרכז סימולציה רפואית | מרכז לסיוע ורעיונות | שלוש מאות (גימטריה),authored,,claude-sonnet-5,,human_review,authored to close the final <3-example gap,claude_authored,manual
finalgap-0020,מס״ר,מס״ר העירייה סייע לתושבים חדשים בהשתלבות בקהילה.,מרכז לסיוע ורעיונות,,מרכז לסיוע ורעיונות,verified,4,מפקד סירת | מרכז סימולציה רפואית | מרכז לסיוע ורעיונות | שלוש מאות (גימטריה),authored,,claude-sonnet-5,,human_review,authored to close the final <3-example gap,claude_authored,manual
finalgap-0021,אחב״י,התפילה כללה בקשה לשלום אחב״י בכל מקומות מושבותיהם.,אחינו בית ישראל,,אחינו בית ישראל,verified,3,אחינו בית ישראל | אחינו בני ישראל | עשרים ואחת (גימטריה),authored,,claude-sonnet-5,,human_review,authored to close the final <3-example gap,claude_authored,manual
finalgap-0022,אחב״י,הקהילה גייסה תרומות למען אחב״י הנמצאים במצוקה.,אחינו בני ישראל,,אחינו בני ישראל,verified,3,אחינו בית ישראל | אחינו בני ישראל | עשרים ואחת (גימטריה),authored,,claude-sonnet-5,,human_review,authored to close the final <3-example gap,claude_authored,manual
finalgap-0023,דב״ז,בשיעור הובא קטע מתוך דב״ז להמחשת הסוגיה הנלמדת.,דברים זוטא,,דברים זוטא,verified,3,דברים זוטא | דברים זוטי | שלוש עשרה (גימטריה),authored,,claude-sonnet-5,,human_review,authored to close the final <3-example gap,claude_authored,manual
finalgap-0024,דב״ז,המהדיר הוסיף הערות מפורטות למהדורה החדשה של דב״ז.,דברים זוטי,,דברים זוטי,verified,3,דברים זוטא | דברים זוטי | שלוש עשרה (גימטריה),authored,,claude-sonnet-5,,human_review,authored to close the final <3-example gap,claude_authored,manual
