scenario,role,item_id,acronym,candidate_pairs,proposal_status
all_available,extension_proposed,item-e87c8f555c57077a3b846a12,חמ״ל,2,not an active training input
all_available,extension_proposed,item-d4159d3b9596a41024b9f04c,חמ״ל,2,not an active training input
all_available,extension_proposed,item-3c1a529609c2133c98f2b12e,חמ״ל,2,not an active training input
all_available,extension_proposed,item-1c8a9958255dd2de664f65a0,י״ח,2,not an active training input
all_available,extension_proposed,item-2b0c223dd9fc735e8b6bb0c9,י״ח,2,not an active training input
all_available,extension_proposed,item-c8ed30fa7cadf9535ced6975,י״ח,2,not an active training input
all_available,extension_proposed,item-90be1f8b4dc894e62dd756a2,י״ח,2,not an active training input
all_available,extension_proposed,item-e7877466ada4db36eaa10043,מו״מ,3,not an active training input
all_available,extension_proposed,item-47c49e332b7f76452862e7c0,מו״מ,3,not an active training input
all_available,extension_proposed,item-9573c73e966e3eaf23cac04c,מו״מ,3,not an active training input
all_available,extension_proposed,item-9b33215e1cf722e092ea4058,מו״מ,3,not an active training input
all_available,extension_proposed,item-9781452600d1bc29478de74e,אי״ל,2,not an active training input
all_available,extension_proposed,item-c905c6482664de991f8f1bc7,אי״ל,2,not an active training input
all_available,extension_proposed,item-87be04cd27c16b4461980771,אי״ל,2,not an active training input
all_available,extension_proposed,item-8affbd2dd4552e0179c39e93,א״י,4,not an active training input
all_available,extension_proposed,item-f477fe8ffb7bb2fccb43047e,א״י,4,not an active training input
all_available,extension_proposed,item-4ab8d2484795a20e963e7054,א״י,4,not an active training input
all_available,extension_proposed,item-465a8e28c28d18066b8094c0,א״י,4,not an active training input
all_available,extension_proposed,item-36c20e155c26ce1a7fcb3cbf,א״י,4,not an active training input
all_available,extension_proposed,item-ff99243be97c3f21c91bedd8,א״י,4,not an active training input
all_available,extension_proposed,item-7d00e92143a18818336eb628,א״י,4,not an active training input
all_available,extension_proposed,item-1e72b05858b43fe255ac5b53,א״י,4,not an active training input
all_available,extension_proposed,item-e1922397d88526f6b345d885,א״י,4,not an active training input
all_available,extension_proposed,item-3a427888712f0339176a6ac3,א״י,4,not an active training input
all_available,extension_proposed,item-cb3f4c628889a9546a98bdc4,א״י,4,not an active training input
all_available,extension_proposed,item-feaf6af22d89c12fa9c824fe,א״י,4,not an active training input
all_available,extension_proposed,item-382dabaef6c16b782fa24fba,כי״ח,2,not an active training input
all_available,extension_proposed,item-25953116d96dbe800081406e,כי״ח,2,not an active training input
all_available,extension_proposed,item-a3f8288f5ac21a059b885d15,כי״ח,2,not an active training input
all_available,extension_proposed,item-0aeadfee86a777efffb072cd,מע״ש,3,not an active training input
all_available,extension_proposed,item-eb9eddee788e7c45d10e9743,מע״ש,3,not an active training input
all_available,extension_proposed,item-509ccfcaf93bc12d6c400c9d,מע״ש,3,not an active training input
all_available,extension_proposed,item-c9b2dc7f4b4d5ddb8ba9bcc0,מע״ש,3,not an active training input
all_available,extension_proposed,item-5ff24f70c2b251768a934c50,ס״ב,2,not an active training input
all_available,extension_proposed,item-7b092bd128b3ca30a96729ee,ס״ב,2,not an active training input
all_available,extension_proposed,item-5da42cca18acfaa5e75f9518,ס״ב,2,not an active training input
all_available,extension_proposed,item-41f3ce00cbcccb667bfd2104,ס״ב,2,not an active training input
all_available,extension_proposed,item-51106561ff64ac4613a947aa,ס״ב,2,not an active training input
all_available,extension_proposed,item-4db0fe59153e299f745acf04,ס״ב,2,not an active training input
all_available,extension_proposed,item-7032628a5d05bef5672c7331,את״ל,6,not an active training input
all_available,extension_proposed,item-633cec16bce415600063bbd1,את״ל,6,not an active training input
all_available,extension_proposed,item-5a6ff53e7dde159a38178633,את״ל,6,not an active training input
all_available,extension_proposed,item-bbb4ec638123976f1514e025,ח״ן,4,not an active training input
all_available,extension_proposed,item-a4897198a5ff439a492353c4,ח״ן,4,not an active training input
all_available,extension_proposed,item-ddf4c38db998d6ed44c973dd,ח״ן,4,not an active training input
all_available,extension_proposed,item-30ed506cb9277ea855f99ebb,ח״ן,4,not an active training input
all_available,extension_proposed,item-e372aad229fd90c3c3ad1db5,עכו״ם,6,not an active training input
all_available,extension_proposed,item-089c62552db410512422e8b0,עכו״ם,6,not an active training input
all_available,extension_proposed,item-558d00f50e6528c498d8ea29,עכו״ם,6,not an active training input
all_available,extension_proposed,item-e52bbc48d6758d96682a63a8,עכו״ם,6,not an active training input
all_available,extension_proposed,item-ead4fbce220c3c1f0e4de904,עכו״ם,6,not an active training input
all_available,extension_proposed,item-d51fbd878b316cf2029c0e31,עכו״ם,6,not an active training input
all_available,extension_proposed,item-dc763cd5139c4c6c4c1de5c6,עכו״ם,6,not an active training input
all_available,extension_proposed,item-a94a544af41a8118b98d19e6,עכו״ם,6,not an active training input
all_available,extension_proposed,item-349f391af0baee88038ed8a8,עכו״ם,6,not an active training input
all_available,extension_proposed,item-fccb573621e86288aec093cc,עכו״ם,6,not an active training input
all_available,extension_proposed,item-386fc0a4981b5fa7b78ade3c,עכו״ם,6,not an active training input
all_available,extension_proposed,item-a96a4c3c17c04f079f45819e,ס״מ,4,not an active training input
all_available,extension_proposed,item-f1e9bc0ba5e9f2f97d7c8468,ס״מ,4,not an active training input
all_available,extension_proposed,item-b0448e7fb1989cbc18af524b,ס״מ,4,not an active training input
all_available,extension_proposed,item-1ee8628e04fa9c2019593981,ס״מ,4,not an active training input
all_available,extension_proposed,item-2eba0e71995503bd5c72a24e,ס״מ,4,not an active training input
all_available,extension_proposed,item-bfc172f458ba4df7cdf6f92b,ס״מ,4,not an active training input
all_available,extension_proposed,item-2ef059bb01cb631302b3f2e9,א״ד,7,not an active training input
all_available,extension_proposed,item-3c45b9e7cf80438c896d1beb,א״ד,7,not an active training input
all_available,extension_proposed,item-7ccb7a6c956fc690b44d0edc,א״ד,7,not an active training input
all_available,extension_proposed,item-b00a476942a29dd23ee97deb,א״ד,7,not an active training input
all_available,extension_proposed,item-1fb748aae01f88e1c7272a91,א״ד,7,not an active training input
all_available,extension_proposed,item-afbd7f6f7af8875b06145fd9,א״ד,7,not an active training input
all_available,extension_proposed,item-d5c29d08f82b2d31990c08f8,א״ד,7,not an active training input
all_available,extension_proposed,item-47e2a45ca5ce4eba06147bf6,א״ד,7,not an active training input
all_available,extension_proposed,item-d4bfbee27a29d8aeb8bebfcf,א״ד,7,not an active training input
all_available,extension_proposed,item-131df099afc5d21eeb6c4689,א״ד,7,not an active training input
all_available,extension_proposed,item-9baa029f5a87d0e0317f5207,כ״ס,3,not an active training input
all_available,extension_proposed,item-67ec2d2aeafcdaafc9bbb7c0,כ״ס,3,not an active training input
all_available,extension_proposed,item-b9bf2844072f17fc378e01c5,כ״ס,3,not an active training input
all_available,extension_proposed,item-852c09f12fffb3d9d2ed2002,כ״ס,3,not an active training input
all_available,extension_proposed,item-c00ee6e39ef0f3f0987b1e7b,כ״ס,3,not an active training input
all_available,extension_proposed,item-90558c5bfe19ad5eae749fdc,כ״ס,3,not an active training input
all_available,extension_proposed,item-5e25b3254b8094ba128f5cdf,כ״ס,3,not an active training input
all_available,extension_proposed,item-47cedcd0fec9bd4d2861fe01,כ״ס,3,not an active training input
all_available,extension_proposed,item-4150e82fd97c4156e2c7fa2a,כ״ס,3,not an active training input
all_available,extension_proposed,item-158d264cf6432d164df40fda,מל״ל,3,not an active training input
all_available,extension_proposed,item-3a7343666ca6d01ce5fd79e2,מל״ל,3,not an active training input
all_available,extension_proposed,item-ee8c2c745b06159e7a406f62,מל״ל,3,not an active training input
all_available,extension_proposed,item-15f21fdffaf5c2b65420cbc0,מל״ל,3,not an active training input
all_available,extension_proposed,item-b80c0c26dac48712cac9302e,מל״ל,3,not an active training input
all_available,extension_proposed,item-424b578ee8f747f83f9cfd3c,מל״ל,3,not an active training input
all_available,extension_proposed,item-bc654d60a66ce83406832aa3,מל״ל,3,not an active training input
all_available,extension_proposed,item-3588f460feab1e8caebf60b4,מל״ל,3,not an active training input
all_available,extension_proposed,item-1766cf96f74ca4df136fb2fc,מל״ל,3,not an active training input
all_available,extension_proposed,item-6d751c20b43e6d11ace84c75,מח״ל,2,not an active training input
all_available,extension_proposed,item-6c15c45cfa233369093e57a4,א״ת,3,not an active training input
all_available,extension_proposed,item-a1b99312350c510519ea1070,א״ת,3,not an active training input
all_available,extension_proposed,item-49d6571974f3d40fe9b2c639,א״ת,3,not an active training input
all_available,extension_proposed,item-7b9411c0cf1623b5a99ccdd7,א״ת,3,not an active training input
all_available,extension_proposed,item-760ec98b993341d00bfb25f5,א״ת,3,not an active training input
all_available,extension_proposed,item-3b52ecb0abcad8b4a2757f4b,א״ת,3,not an active training input
all_available,extension_proposed,item-e0be66cbe2216a14403fe009,מל״מ,7,not an active training input
all_available,extension_proposed,item-e4f8b3b9de5463c14fd7b142,מל״מ,7,not an active training input
all_available,extension_proposed,item-278287584514af45161b1df2,מל״מ,7,not an active training input
all_available,extension_proposed,item-b087ebd33d87439c1366afd3,מל״מ,7,not an active training input
all_available,extension_proposed,item-0d5e2df34bb45a8ae8c3d8c5,מל״מ,7,not an active training input
all_available,extension_proposed,item-014e9473443f2d80d6d105a4,מל״מ,7,not an active training input
all_available,extension_proposed,item-b0410494f60e8046b1aed7e4,מל״מ,7,not an active training input
all_available,extension_proposed,item-a37d0076b53751834090d2f2,מל״מ,7,not an active training input
all_available,extension_proposed,item-f017418490384c020602e87c,מל״מ,7,not an active training input
all_available,extension_proposed,item-f8da1635a76d72ef514d0825,מל״מ,7,not an active training input
all_available,extension_proposed,item-7e64966199e764efc45363a0,מל״מ,7,not an active training input
all_available,extension_proposed,item-09ba7b06f4c769b2806cb8e1,מל״מ,7,not an active training input
all_available,extension_proposed,item-d4232b713e32f6c96277a8ce,מל״מ,7,not an active training input
all_available,extension_proposed,item-71df30854f9fe1b54ba722c5,מל״מ,7,not an active training input
all_available,extension_proposed,item-08bea567f6fd724af57b831b,מל״מ,7,not an active training input
all_available,extension_proposed,item-0a677f138eb7c961eec9e60e,מל״מ,7,not an active training input
all_available,extension_proposed,item-6d56dfd1e6392372c5e32381,מל״מ,7,not an active training input
all_available,extension_proposed,item-225ebad81f42f5ea68b8cffc,מל״מ,7,not an active training input
all_available,extension_proposed,item-ca5dcea3bb5ab3ee62e46f29,יו״ד,3,not an active training input
all_available,extension_proposed,item-522bacbda9853747dfdeb077,יו״ד,3,not an active training input
all_available,extension_proposed,item-aedf73df94c247ed5e5cd5cb,יו״ד,3,not an active training input
all_available,extension_proposed,item-5c01442fc93d9d9cc410b966,יו״ד,3,not an active training input
all_available,extension_proposed,item-4cc11df12b20d4b8b9bd74e6,יו״ד,3,not an active training input
all_available,extension_proposed,item-9825b9313685c7ad35ac4542,יו״ד,3,not an active training input
all_available,extension_proposed,item-0299f413530e38e8979fa44a,מד״א,5,not an active training input
all_available,extension_proposed,item-3c7667cc6fd40d770d5b01b8,מד״א,5,not an active training input
all_available,extension_proposed,item-17917355915081fefc7e0e9e,מד״א,5,not an active training input
all_available,extension_proposed,item-f5e72a6a09e6d524afb5ff06,מד״א,5,not an active training input
all_available,extension_proposed,item-bf19d97a1cc7475a239faae2,מד״א,5,not an active training input
all_available,extension_proposed,item-8770a4e2a4979511bcc48938,מד״א,5,not an active training input
all_available,extension_proposed,item-976c41d684c105a31dedad90,תצ״א,2,not an active training input
all_available,extension_proposed,item-03c4ce7e92d49acd61c39b0d,תצ״א,2,not an active training input
all_available,extension_proposed,item-abd911852c28f3cd72f9335b,תצ״א,2,not an active training input
all_available,extension_proposed,item-27617e24676fe9178f56324a,אג״מ,2,not an active training input
all_available,extension_proposed,item-e175d7cf3613a837cb0c0d87,אג״מ,2,not an active training input
all_available,extension_proposed,item-b9f9b7d693fad6b30336003c,אג״מ,2,not an active training input
all_available,extension_proposed,item-e39cdb5ae2f0228860ee80f8,אג״מ,2,not an active training input
all_available,extension_proposed,item-741447da20b3fb521ea1ce0c,אג״מ,2,not an active training input
all_available,extension_proposed,item-1449bd720cbd701e7fecde21,אג״מ,2,not an active training input
all_available,extension_proposed,item-c4079e119c58301e5b7128fe,סמ״ק,2,not an active training input
all_available,extension_proposed,item-fd60c2ec066347a669333db8,סמ״ק,2,not an active training input
all_available,extension_proposed,item-81876882f9d4d1b89cbbbb86,סמ״ק,2,not an active training input
all_available,extension_proposed,item-042cdcb887367ee6c6f288f3,סמ״ק,2,not an active training input
all_available,extension_proposed,item-23bf79acfa88be11c688184f,סמ״ק,2,not an active training input
all_available,extension_proposed,item-fad880ba8059cefefaa8fb4e,אמ״ץ,3,not an active training input
all_available,extension_proposed,item-7d7c04d3f32928157144361b,אמ״ץ,3,not an active training input
all_available,extension_proposed,item-6e09d6131bdb70f9f089827e,אמ״ץ,3,not an active training input
all_available,extension_proposed,item-10238ff84f58c912913b050e,ל״ע,3,not an active training input
all_available,extension_proposed,item-b1b805457312de247ce8474b,ל״ע,3,not an active training input
all_available,extension_proposed,item-6aa22594e75f0bf7f512d84e,ל״ע,3,not an active training input
all_available,extension_proposed,item-5d206e9c908fb967a0607736,ל״ע,3,not an active training input
all_available,extension_proposed,item-b24ebac41af1ef1b513b36f3,ל״ע,3,not an active training input
all_available,extension_proposed,item-a1fadb498a5e490e6daed3c0,ל״ע,3,not an active training input
all_available,extension_proposed,item-d0d71bc5d470d5c5acec4944,ל״ע,3,not an active training input
all_available,extension_proposed,item-30a19061c939d08348ae0708,ל״ע,3,not an active training input
all_available,extension_proposed,item-eaf1677fab6e8c41dc60a75f,ל״ע,3,not an active training input
all_available,extension_proposed,item-1ff7293748ccc845e71b4a12,דפ״ר,2,not an active training input
all_available,extension_proposed,item-f7f62885ed14771842292942,דפ״ר,2,not an active training input
all_available,extension_proposed,item-978e31877386f4a30d676ffc,דפ״ר,2,not an active training input
all_available,extension_proposed,item-90082c2364f5fcebb9b26d39,דפ״ר,2,not an active training input
all_available,extension_proposed,item-23ead1198cd9922e2468c0be,ש״ח,5,not an active training input
all_available,extension_proposed,item-43bde41609d00992bc9e4466,ש״ח,5,not an active training input
all_available,extension_proposed,item-8a44c9d3c5b9384669d9fe4d,ש״ח,5,not an active training input
all_available,extension_proposed,item-afc259788f05b7618c8a2543,ש״ח,5,not an active training input
all_available,extension_proposed,item-d5de30170457fa47dec50692,ש״ח,5,not an active training input
all_available,extension_proposed,item-4668e200c2b0752ceadafdb5,ש״ח,5,not an active training input
all_available,extension_proposed,item-fd0f6bf5138b9c9a569a018e,ש״ח,5,not an active training input
all_available,extension_proposed,item-de0c404997a95907bd928806,ש״ח,5,not an active training input
all_available,extension_proposed,item-26df8a02b16fd45ff203ef53,ש״ח,5,not an active training input
all_available,extension_proposed,item-110c9af9e98bcbd37ad75cb4,ש״ח,5,not an active training input
all_available,extension_proposed,item-4fe38ffa7e3c30dcdbb2b176,ש״ח,5,not an active training input
all_available,extension_proposed,item-f516a7da47922254f28f7163,ש״ח,5,not an active training input
all_available,extension_proposed,item-1ffa56e9e2b2b8d157e8e174,ח״פ,2,not an active training input
all_available,extension_proposed,item-25cb49760b6933f4de1cfa97,ח״פ,2,not an active training input
all_available,extension_proposed,item-5d0d042f14946f377821a11c,ח״פ,2,not an active training input
all_available,extension_proposed,item-b518b53bca490ddfc13d2521,ח״פ,2,not an active training input
all_available,extension_proposed,item-3f8229e2c8f25f4675b26faf,נ״מ,2,not an active training input
all_available,extension_proposed,item-a6e7d5c77af3b654fa101c42,נ״מ,2,not an active training input
all_available,extension_proposed,item-742ecaefb3a9022b971eaeb0,נ״מ,2,not an active training input
all_available,extension_proposed,item-c8e16580f4d66d5e90e268b4,נ״מ,2,not an active training input
all_available,extension_proposed,item-8c3c680827638d18c1a94da8,נ״מ,2,not an active training input
all_available,extension_proposed,item-aa556b97e3d855f41b8611ba,נ״מ,2,not an active training input
all_available,extension_proposed,item-f3628d2e1869efc957b74f36,ש״ש,12,not an active training input
all_available,extension_proposed,item-a0952ebe2b1164bbe6e7a480,ש״ש,12,not an active training input
all_available,extension_proposed,item-dd2c9ad01add4fcfeccc616c,ש״ש,12,not an active training input
all_available,extension_proposed,item-48018985aeac6cc0777904b5,ש״ש,12,not an active training input
all_available,extension_proposed,item-511a0f1dca0cad5ec421e60f,ש״ש,12,not an active training input
all_available,extension_proposed,item-441f0ea12db80521e0a26d0c,ש״ש,12,not an active training input
all_available,extension_proposed,item-7b9736bc7ea0d8a3fff77e67,ש״ש,12,not an active training input
all_available,extension_proposed,item-1376a72383cc101d5dbe7c03,ש״ש,12,not an active training input
all_available,extension_proposed,item-8d6d24279a32eef1cfb37e06,ש״ש,12,not an active training input
all_available,extension_proposed,item-ee363ebf251a3b41c76fdba0,ש״ש,12,not an active training input
all_available,extension_proposed,item-9b14019a7f4376880df0228e,ש״ש,12,not an active training input
all_available,extension_proposed,item-7452cd3216215a48bc004028,ש״ש,12,not an active training input
all_available,extension_proposed,item-3d797068cd18473b9746ec40,ש״ש,12,not an active training input
all_available,extension_proposed,item-6273f2ef82ec95d4f03afa68,ש״ש,12,not an active training input
all_available,extension_proposed,item-902126a4d945846ff61e6851,ש״ש,12,not an active training input
all_available,extension_proposed,item-34d7a025ff4a7fd76300346b,ש״ש,12,not an active training input
all_available,extension_proposed,item-1fac7f52a4ae34bda2432164,ש״ש,12,not an active training input
all_available,extension_proposed,item-ee9eb2820d67b1fcebbb69fb,ש״ש,12,not an active training input
all_available,extension_proposed,item-77395b04eee5d3f6c1934f46,ש״ש,12,not an active training input
all_available,extension_proposed,item-67faa6e857e9d84e01d3477f,ש״ש,12,not an active training input
all_available,extension_proposed,item-36efda66bed9183e9178d7e0,ש״ש,12,not an active training input
all_available,extension_proposed,item-87c988f91155d7dbe5154e73,ש״ש,12,not an active training input
all_available,extension_proposed,item-7dddaf25ba5b237074803b24,ש״ש,12,not an active training input
all_available,extension_proposed,item-48bd57d0094c6f6104d26bd6,ש״ש,12,not an active training input
all_available,extension_proposed,item-d1508be4a420ddcfdca9f05e,ש״ש,12,not an active training input
all_available,extension_proposed,item-c01ae4df7c43a56b5fc1506d,ש״י,4,not an active training input
all_available,extension_proposed,item-3884bb0e7dfe5d1d42017008,בס״ד,2,not an active training input
all_available,extension_proposed,item-4439ea7290a31c186fc6a505,בס״ד,2,not an active training input
all_available,extension_proposed,item-4e3dcb34c180e009fa4a03d9,בס״ד,2,not an active training input
all_available,extension_proposed,item-c26af3852f9cd4b92ae551e4,ג״ג,2,not an active training input
all_available,extension_proposed,item-8b20034ed074ab79da938910,ג״ג,2,not an active training input
all_available,extension_proposed,item-17a456a740261721054d36e6,ג״ג,2,not an active training input
all_available,extension_proposed,item-946f9f9594b914479649b93f,ג״ג,2,not an active training input
all_available,extension_proposed,item-002dfab087ee3031c50dd7ff,ג״ג,2,not an active training input
all_available,extension_proposed,item-7cbb0c8c3d9b92edfdd0f50a,תמ״ג,2,not an active training input
all_available,extension_proposed,item-ecb40b61d57e64a2dae7c997,תמ״ג,2,not an active training input
all_available,extension_proposed,item-aef93abd07eef6402968c039,תמ״ג,2,not an active training input
all_available,extension_proposed,item-6796a989ead65600a50e5dc4,תמ״ג,2,not an active training input
all_available,extension_proposed,item-9bd61c0a47975592bca1d6bb,תמ״ג,2,not an active training input
all_available,extension_proposed,item-39f608c84a5021f8109a69a0,תמ״ג,2,not an active training input
all_available,extension_proposed,item-ef4d04167a3e9ecf137afa4b,ע״פ,5,not an active training input
all_available,extension_proposed,item-8a4c387231bfd66907fb068c,ע״פ,5,not an active training input
all_available,extension_proposed,item-c49030301d58ac6249c65435,ע״פ,5,not an active training input
all_available,extension_proposed,item-fe8bc5943979355fc5017e99,ע״פ,5,not an active training input
all_available,extension_proposed,item-8d688273dea5aed4bc0c4d32,ע״פ,5,not an active training input
all_available,extension_proposed,item-f9a00587d8582c4201b386a4,ע״פ,5,not an active training input
all_available,extension_proposed,item-0fdd11224b655a60367504eb,ע״פ,5,not an active training input
all_available,extension_proposed,item-4f13481db5766d03a5e2d65f,ע״פ,5,not an active training input
all_available,extension_proposed,item-9f811e99adf3baa6482b722e,ר״ג,3,not an active training input
all_available,extension_proposed,item-71c999fc42dc389d4258e067,ר״ג,3,not an active training input
all_available,extension_proposed,item-d92a66bbe2c510285f5ec8ce,ר״ג,3,not an active training input
all_available,extension_proposed,item-a7bb8c485a2c60ab9d3c0803,ר״ג,3,not an active training input
all_available,extension_proposed,item-9e1bb2aa69ae8400be2acc11,ר״ג,3,not an active training input
all_available,extension_proposed,item-ed8a148f1eaa970568e8fad3,ר״ג,3,not an active training input
all_available,extension_proposed,item-d757cb9d64bb59046cbbbb10,מ״ר,3,not an active training input
all_available,extension_proposed,item-3b666812e44a8a400fa6958b,מ״ר,3,not an active training input
all_available,extension_proposed,item-572186446d1836d61d67de76,מ״ר,3,not an active training input
all_available,extension_proposed,item-f5ddc59febb21a46391d19c7,מ״ר,3,not an active training input
all_available,extension_proposed,item-af5244b4d0968a3b52aa6a7c,מ״ר,3,not an active training input
all_available,extension_proposed,item-0962291aa3fbccda0f7ebe1a,מ״ר,3,not an active training input
all_available,extension_proposed,item-1cce0abfc41e68248d1e6e75,פ״א,11,not an active training input
all_available,extension_proposed,item-6d6f3e1f26bde944b7e56965,פ״א,11,not an active training input
all_available,extension_proposed,item-0e45c98d389adf5aa5e2c9ac,פ״א,11,not an active training input
all_available,extension_proposed,item-d60ed5ee04850b387d64546a,פ״א,11,not an active training input
all_available,extension_proposed,item-09d7d457d4c55a77663f920e,פ״א,11,not an active training input
all_available,extension_proposed,item-ce5d7b6dcbf46b94e7b0141b,פ״א,11,not an active training input
all_available,extension_proposed,item-b97477d2d5562a0dce69eb7b,פ״א,11,not an active training input
all_available,extension_proposed,item-5ea08d057459fd9a2ae97876,פ״א,11,not an active training input
all_available,extension_proposed,item-8bf7e617898718268acd51d3,פ״א,11,not an active training input
all_available,extension_proposed,item-c284bf5b927e0598a44484a5,פ״א,11,not an active training input
all_available,extension_proposed,item-81390f81b178db454c852cff,פ״א,11,not an active training input
all_available,extension_proposed,item-11deea416339c0eee366de75,פ״א,11,not an active training input
all_available,extension_proposed,item-654004d73dde345a3df8e33f,פ״א,11,not an active training input
all_available,extension_proposed,item-be8b22f61cdbb1701d81ca2c,פ״א,11,not an active training input
all_available,extension_proposed,item-66b7f3cb01063a5c1c71e4a4,פ״א,11,not an active training input
all_available,extension_proposed,item-6abfd3fe4201e8e14f6c35c8,פ״א,11,not an active training input
all_available,extension_proposed,item-9bacd28ba83b7dada23d4f78,פ״א,11,not an active training input
all_available,extension_proposed,item-3c6fa44a24827debbadf6422,פ״א,11,not an active training input
all_available,extension_proposed,item-9ad7a593815e364e7607eca3,פ״א,11,not an active training input
all_available,extension_proposed,item-e0ad1837fe67665c3c55552e,פ״א,11,not an active training input
all_available,extension_proposed,item-600863f52295c4bf97a1de97,פ״א,11,not an active training input
all_available,extension_proposed,item-eda7d767a1856c65a96c1bbb,פ״א,11,not an active training input
all_available,extension_proposed,item-45bd3d4b3a77029c57d50759,פ״א,11,not an active training input
all_available,extension_proposed,item-6f98d0694eb86ce7fabc738f,פ״א,11,not an active training input
all_available,extension_proposed,item-cda4c76b232eef6db45650f2,פ״א,11,not an active training input
all_available,extension_proposed,item-81ddaa5824786747504536c3,פ״א,11,not an active training input
all_available,extension_proposed,item-e8d68b0192efbe4f0ef3d597,מת״ש,2,not an active training input
all_available,extension_proposed,item-6e9d495e0b5d866340a53cca,מת״ש,2,not an active training input
all_available,extension_proposed,item-ec74ac5a78b95e3f5b136c1a,מת״ש,2,not an active training input
all_available,extension_proposed,item-2ad788b07d89dd7e5421b20f,אז״ר,2,not an active training input
all_available,extension_proposed,item-3364c52b07add782fc51e751,מע״ש,3,not an active training input
all_available,extension_proposed,item-2d91078355050d63258a0062,אז״ר,2,not an active training input
all_available,extension_proposed,item-ef254669947ccfa83269819f,אז״ר,2,not an active training input
all_available,control_replacement_proposed,item-7e4ace79a4e7b621561b3b26,משה״ד,2,not an active training input
all_available,control_replacement_proposed,item-1c898f73056c98dd0f851512,ת״ק,2,not an active training input
all_available,control_replacement_proposed,item-79b1866d366974782e2bdb89,ס״ג,2,not an active training input
all_available,control_replacement_proposed,item-5a96545c4614630f7aad01e8,רמ״ח,2,not an active training input
all_available,control_replacement_proposed,item-0aaa214bd12a5e33a534d2d6,דמ״צ,2,not an active training input
all_available,control_replacement_proposed,item-45df329d982f0df7bc17de51,דר״א,2,not an active training input
all_available,control_replacement_proposed,item-4490c52b5b25f892162f196d,ב״ז,2,not an active training input
all_available,control_replacement_proposed,item-68da7fee800bd215d7a4b879,ב״ז,2,not an active training input
all_available,control_replacement_proposed,item-8afde40bbe4252fd266f877d,יש״ו,2,not an active training input
all_available,control_replacement_proposed,item-7206fb59230df29b0445b094,ת״ד,2,not an active training input
all_available,control_replacement_proposed,item-aa63fe2def82a3ca1ac66d4c,קרוב״ץ,2,not an active training input
all_available,control_replacement_proposed,item-f26368d6cd987fa1066e7f68,תא״מ,2,not an active training input
all_available,control_replacement_proposed,item-f60fc1cd4ba6598f8b07ea19,ג״א,2,not an active training input
all_available,control_replacement_proposed,item-b24b29e5cd8e46e19a12e4b3,מל״ב,2,not an active training input
all_available,control_replacement_proposed,item-e1940397a148d4b6642dacb3,מל״ב,2,not an active training input
all_available,control_replacement_proposed,item-e3d8e290b7a95bd15ef2aa37,מו״ח,2,not an active training input
all_available,control_replacement_proposed,item-7d01691d1e38315b9e7fce0a,מל״ט,2,not an active training input
all_available,control_replacement_proposed,item-7d30eadcf9950c85703dabe4,מב״א,2,not an active training input
all_available,control_replacement_proposed,item-8263bcc325ad836ad9424f16,מב״א,2,not an active training input
all_available,control_replacement_proposed,item-0be84ba6f41a84c56271ff34,מב״א,2,not an active training input
all_available,control_replacement_proposed,item-03530e65624a185226afa0a7,אב״ד,2,not an active training input
all_available,control_replacement_proposed,item-5adc5d3bd48c70c4af16c878,חנ״ה,2,not an active training input
all_available,control_replacement_proposed,item-0c99a8f7397a94782b8a9583,אב״מ,2,not an active training input
all_available,control_replacement_proposed,item-18499ad7ad3301a77ae01345,אב״מ,2,not an active training input
all_available,control_replacement_proposed,item-6c1f3c391e9b2f625c4288cb,אב״מ,2,not an active training input
all_available,control_replacement_proposed,item-fd46a6861d9cc2531ab3582e,מפמ״ר,2,not an active training input
all_available,control_replacement_proposed,item-60d337bc201ab3d856f1aab3,י״מ,2,not an active training input
all_available,control_replacement_proposed,item-dce0f3f5433ca9bcb1ff8635,אב״ש,2,not an active training input
all_available,control_replacement_proposed,item-7969b64e2bc54c89334b8587,יא״פ,2,not an active training input
all_available,control_replacement_proposed,item-07a75490a45f47c1e3fbec64,ס״ת,2,not an active training input
all_available,control_replacement_proposed,item-7e6b385ea960a34b520c6fe8,מע״ת,2,not an active training input
all_available,control_replacement_proposed,item-4bfe65a5747b6998766e95f7,ס״ג,2,not an active training input
all_available,control_replacement_proposed,item-79170da6853dc1233c2da0cd,רמ״ז,2,not an active training input
all_available,control_replacement_proposed,item-83e70a29fc5c796492410665,רמ״ז,2,not an active training input
all_available,control_replacement_proposed,item-05605e149307320409a224c9,ק״צ,2,not an active training input
all_available,control_replacement_proposed,item-7717efede5f581808d24ed54,מדא״ג,2,not an active training input
all_available,control_replacement_proposed,item-bb573b0557ccd709c1e7c42b,אי״ה,2,not an active training input
all_available,control_replacement_proposed,item-fcde3db8ed105ae10e6c1144,דל״ש,2,not an active training input
all_available,control_replacement_proposed,item-50f65f137bf40849604cc723,הגה״צ,2,not an active training input
all_available,control_replacement_proposed,item-45e7bc0279caf4afbab87b1e,הגה״צ,2,not an active training input
all_available,control_replacement_proposed,item-bafab3398722c0fbe9b6e586,בל״ע,2,not an active training input
all_available,control_replacement_proposed,item-e7518b6bbcb55a2ccfd6cf5f,עד״מ,2,not an active training input
all_available,control_replacement_proposed,item-288c195783fab1c51664af93,אמ״ש,2,not an active training input
all_available,control_replacement_proposed,item-11dd586bc39f9315549bbc57,ברז״ל,2,not an active training input
all_available,control_replacement_proposed,item-8a23b8231d2b18dbf14921d5,עמ״ט,2,not an active training input
all_available,control_replacement_proposed,item-507f17cb0c9a2941173c57ab,איו״ש,2,not an active training input
all_available,control_replacement_proposed,item-b30a54ff0751d6be3e536e5d,איו״ש,2,not an active training input
all_available,control_replacement_proposed,item-adecbcec6b1f5bfe4566a05f,איו״ש,2,not an active training input
all_available,control_replacement_proposed,item-aa9751a12002907c49e2805d,רמ״ק,2,not an active training input
all_available,control_replacement_proposed,item-68176b2fecbaf5809b1323ea,מקל״ש,2,not an active training input
all_available,control_replacement_proposed,item-f831defa93fbd803e1573169,או״ח,2,not an active training input
all_available,control_replacement_proposed,item-871654046d3d43c1b195930d,יר״ש,2,not an active training input
all_available,control_replacement_proposed,item-47e3671ecdcd520a6decd08a,ימ״ח,2,not an active training input
all_available,control_replacement_proposed,item-4668f66d258e3c45db8b2019,או״ק,2,not an active training input
all_available,control_replacement_proposed,item-5b2f28428bd8004f8a570ad3,או״ק,2,not an active training input
all_available,control_replacement_proposed,item-96d9da037e66f8ccb2dce50e,או״ק,2,not an active training input
all_available,control_replacement_proposed,item-0ceb94375643b07cac8117d3,ל״ל,2,not an active training input
all_available,control_replacement_proposed,item-caceca05b99a9661f04f0eb0,רשב״ג,2,not an active training input
all_available,control_replacement_proposed,item-584a0e15a900a92c8476634c,רשב״ג,2,not an active training input
all_available,control_replacement_proposed,item-644362f7d631fa4b24661d06,אח״י,2,not an active training input
all_available,control_replacement_proposed,item-558442c7ed097dc17f24c8a8,קב״ר,2,not an active training input
all_available,control_replacement_proposed,item-793376921884a18ba0e8794e,תת״מ,2,not an active training input
all_available,control_replacement_proposed,item-168e0f54b1347a58e02573ba,אב״מ,2,not an active training input
all_available,control_replacement_proposed,item-20e4ec2982a82f2ef1d55f1e,ט״נ,2,not an active training input
all_available,control_replacement_proposed,item-26a25c6a35eba5bf0ca6f08c,ת״פ,2,not an active training input
all_available,control_replacement_proposed,item-f8c16b7152f0733a38c0686e,שו״ש,3,not an active training input
all_available,control_replacement_proposed,item-c3a97d8cbbb55f6b80ae08fb,א״ע,3,not an active training input
all_available,control_replacement_proposed,item-f52649238290f07625754096,צח״מ,3,not an active training input
all_available,control_replacement_proposed,item-f72602893e769fab31e605b2,טל״מ,3,not an active training input
all_available,control_replacement_proposed,item-f2383e6acfa8e5b00f855b07,ר״ה,3,not an active training input
all_available,control_replacement_proposed,item-6dba2c4b52205854dc32a605,קמ״ש,3,not an active training input
all_available,control_replacement_proposed,item-27b0899be51ddea1d84f6b67,קמ״ש,3,not an active training input
all_available,control_replacement_proposed,item-6578ab8ac3025301b9021eda,שו״ש,3,not an active training input
all_available,control_replacement_proposed,item-f6bfd2443e2afe3b0f154a4c,מד״ן,3,not an active training input
all_available,control_replacement_proposed,item-18dee930ead9be4cf41f0261,קא״ם,3,not an active training input
all_available,control_replacement_proposed,item-527e7b1c161f9e8ef4d3d251,א״ע,3,not an active training input
all_available,control_replacement_proposed,item-486171091e1cb7a95b05bd15,א״ג,3,not an active training input
all_available,control_replacement_proposed,item-171c80f6aa665dde2c37a58a,ראב״ן,3,not an active training input
all_available,control_replacement_proposed,item-3650a920f99f85535098f873,ראב״ן,3,not an active training input
all_available,control_replacement_proposed,item-0ababe49e2a4ebd20418ef69,ראב״ן,3,not an active training input
all_available,control_replacement_proposed,item-6241cd150829735a4ad7644f,ז״א,3,not an active training input
all_available,control_replacement_proposed,item-fb505600e6af8cd145be99cc,ז״א,3,not an active training input
all_available,control_replacement_proposed,item-3b93d9efafc3f45a0c054290,פא״י,3,not an active training input
all_available,control_replacement_proposed,item-2fa678b1fc6cbfe25d0618c2,מא״ג,3,not an active training input
all_available,control_replacement_proposed,item-3d0a5b07a7cd9445b3bd14aa,אג״ס,3,not an active training input
all_available,control_replacement_proposed,item-72d6143727692a6b879b94f3,אג״ם,3,not an active training input
all_available,control_replacement_proposed,item-9d44c14661b83c2b0ba7c61f,אג״ם,3,not an active training input
all_available,control_replacement_proposed,item-a9fcda0b894f0ef81b1793bf,אג״ם,3,not an active training input
all_available,control_replacement_proposed,item-dd2fcb149462e65ed08d7ee9,ד״מ,3,not an active training input
all_available,control_replacement_proposed,item-f5c554f8261941496644c344,אש״ל,3,not an active training input
all_available,control_replacement_proposed,item-3af55fe6155b82d803b48578,תו״מ,3,not an active training input
all_available,control_replacement_proposed,item-a15e9a519fa69942787b36b9,אס״י,3,not an active training input
all_available,control_replacement_proposed,item-f3ece302e79faefb009edae0,כה״ג,3,not an active training input
all_available,control_replacement_proposed,item-3457aaa41f5cca8ca81f169d,חו״ר,3,not an active training input
all_available,control_replacement_proposed,item-0bc4940de1db83660ab5ae98,א״ג,3,not an active training input
all_available,control_replacement_proposed,item-eeccc8a38431b5143780eee2,ב״א,3,not an active training input
all_available,control_replacement_proposed,item-6d952560c3a69b8966bdf361,סמ״ר,3,not an active training input
all_available,control_replacement_proposed,item-ddb381bd92c9833222910205,ז״א,3,not an active training input
all_available,control_replacement_proposed,item-0520d08963545e158ace8b45,קו״נ,3,not an active training input
all_available,control_replacement_proposed,item-8dbfdfc58fa7471d9a7211cc,קו״נ,3,not an active training input
all_available,control_replacement_proposed,item-5931e8db96f907e218bbc84d,קו״נ,3,not an active training input
all_available,control_replacement_proposed,item-dc069a2e6074f97797dd2dfc,ע״ר,3,not an active training input
all_available,control_replacement_proposed,item-b343bdb73dffa755317d7828,ע״ר,3,not an active training input
all_available,control_replacement_proposed,item-cf1359d971530b5c9d2144f7,ע״ר,3,not an active training input
all_available,control_replacement_proposed,item-8da063a68da8c34e5e69ee1a,קמ״ט,3,not an active training input
all_available,control_replacement_proposed,item-6ce964d12c3388755a013840,יחב״ל,3,not an active training input
all_available,control_replacement_proposed,item-8e55080a98fbcb4d9d0197b7,ד״נ,3,not an active training input
all_available,control_replacement_proposed,item-c6f92d7b0bc7ce0dbb4916a5,ד״נ,3,not an active training input
all_available,control_replacement_proposed,item-6f031037c69318c17f56dc05,ד״נ,3,not an active training input
all_available,control_replacement_proposed,item-7598899c10fa9a850e6fac5a,אה״ק,3,not an active training input
all_available,control_replacement_proposed,item-13a030e58d363dccffa74f83,אה״ק,3,not an active training input
all_available,control_replacement_proposed,item-0e9eda33343423a41b0beabc,אה״ק,3,not an active training input
all_available,control_replacement_proposed,item-0397ac67f0d510ed3d98f9c7,סמ״ט,3,not an active training input
all_available,control_replacement_proposed,item-c39a86893f87e00b8af8b9cc,אג״ם,3,not an active training input
all_available,control_replacement_proposed,item-7ca660ab7e5f1f19322bb001,ממ״ד,3,not an active training input
all_available,control_replacement_proposed,item-788eddde3c4aec40c7757198,אה״ק,3,not an active training input
all_available,control_replacement_proposed,item-f653f1d56138845442ce2437,אה״ק,3,not an active training input
all_available,control_replacement_proposed,item-4b89b7367e83ab2ac6f4a8e3,אה״ק,3,not an active training input
all_available,control_replacement_proposed,item-b24dbf7520f55db494c9a4b7,ד״צ,3,not an active training input
all_available,control_replacement_proposed,item-fab8852e8a4fb8473256d75f,א״ג,3,not an active training input
all_available,control_replacement_proposed,item-2baa26cba2c256ed4f50e008,חו״ר,3,not an active training input
all_available,control_replacement_proposed,item-8c49fb02dcff59cdbc1a15e1,ד״ת,3,not an active training input
all_available,control_replacement_proposed,item-8bd2c011dfdf227de54af3e5,ד״ת,3,not an active training input
all_available,control_replacement_proposed,item-31de994da455d1ffe4d8e30f,ד״ת,3,not an active training input
all_available,control_replacement_proposed,item-ddf5554490a766897dda6f3d,קא״ם,3,not an active training input
all_available,control_replacement_proposed,item-e32d38bd2d4e3bbfb50fc827,ממ״ס,3,not an active training input
all_available,control_replacement_proposed,item-19002aebb61f498c1df1f97e,ח״ק,3,not an active training input
all_available,control_replacement_proposed,item-d65bb00abe7bc11b6439f1ce,ח״ש,4,not an active training input
all_available,control_replacement_proposed,item-0033a8c45a3fa56e63fb9ac7,כד״א,4,not an active training input
all_available,control_replacement_proposed,item-26dcf2a8a5ea9cb28eb06f62,מ״ח,4,not an active training input
all_available,control_replacement_proposed,item-a064efb96275af4b4dc9b8b1,ע״ס,4,not an active training input
all_available,control_replacement_proposed,item-f11c2f6c0c6af8f68ab56788,ש״פ,4,not an active training input
all_available,control_replacement_proposed,item-24f1e8a00c0f5e18cc35dc2e,ש״פ,4,not an active training input
all_available,control_replacement_proposed,item-0cee8281f891b153bd172190,מד״ס,4,not an active training input
all_available,control_replacement_proposed,item-e0d36dc72b010a0167117661,אב״ג,4,not an active training input
all_available,control_replacement_proposed,item-aa6b383b3e50b7b76d80d635,אב״ג,4,not an active training input
all_available,control_replacement_proposed,item-01fd7aeeab119f4e7f67cc11,ב״נ,4,not an active training input
all_available,control_replacement_proposed,item-74e87a1752e48aad9688ffb9,א״ה,4,not an active training input
all_available,control_replacement_proposed,item-ede3cc9423203412c71def72,שו״ב,4,not an active training input
all_available,control_replacement_proposed,item-2e4b2dff06d9d5f4682e4af2,פו״ם,4,not an active training input
all_available,control_replacement_proposed,item-862fcc7550b7e17ad5a98942,רמ״ך,4,not an active training input
all_available,control_replacement_proposed,item-111c5ca8d2204c08b2b26a29,ע״כ,4,not an active training input
all_available,control_replacement_proposed,item-4474ba9f7f0b561ca712efc2,אב״ג,4,not an active training input
all_available,control_replacement_proposed,item-815acc2e9b5111e0a7f4b65f,אב״ג,4,not an active training input
all_available,control_replacement_proposed,item-a467e9d6612071e10d98f8a7,אב״ג,4,not an active training input
all_available,control_replacement_proposed,item-bc7e35b8c57cb4bd899e35d2,ח״ד,4,not an active training input
all_available,control_replacement_proposed,item-9cffa7f1388a7f918a7f2620,ח״ד,4,not an active training input
all_available,control_replacement_proposed,item-07a201609a1c69cb3390ed6e,מד״ס,4,not an active training input
all_available,control_replacement_proposed,item-83f784d6f4efa3f5ed6a7099,כ״ש,4,not an active training input
all_available,control_replacement_proposed,item-da2de8c397a5ff8c172a8a96,סל״ש,4,not an active training input
all_available,control_replacement_proposed,item-a152e591a4ec4ef38e7e6a88,נ״ב,5,not an active training input
all_available,control_replacement_proposed,item-7cfe5041d4866d0416be8102,רע״מ,5,not an active training input
all_available,control_replacement_proposed,item-4fe8e56f6331c143877a2fb9,מהו״ת,5,not an active training input
all_available,control_replacement_proposed,item-7b64f9eb6a24328025f10d56,מהו״ת,5,not an active training input
all_available,control_replacement_proposed,item-80526cfb90f0a0d01799faee,מהו״ת,5,not an active training input
all_available,control_replacement_proposed,item-36e4993b6cc811c3f6208e52,נ״ב,5,not an active training input
all_available,control_replacement_proposed,item-eb6db926864fd8a42293b2aa,א״נ,5,not an active training input
all_available,control_replacement_proposed,item-a23d143c86a0df131f2584c2,דמ״ש,5,not an active training input
all_available,control_replacement_proposed,item-ae3693ddc5920d8a39b26ec7,ב״ת,5,not an active training input
all_available,control_replacement_proposed,item-3545dbd9fab771494c6be472,נ״ב,5,not an active training input
all_available,control_replacement_proposed,item-9e54a7749598ff01f327973f,ב״ת,5,not an active training input
all_available,control_replacement_proposed,item-54f717c37c04bd55f84dc66c,מל״ם,5,not an active training input
all_available,control_replacement_proposed,item-2c30afee1fc580f87a1f08b6,אח״מ,5,not an active training input
all_available,control_replacement_proposed,item-fc1871825a375588fcc046b5,קו״ח,5,not an active training input
all_available,control_replacement_proposed,item-50848314bb44048b2a6cd2b6,קו״ח,5,not an active training input
all_available,control_replacement_proposed,item-1ecc3304228fb45df2cce266,קו״ח,5,not an active training input
all_available,control_replacement_proposed,item-2a9675202624f30ab71bbf02,ס״ד,5,not an active training input
all_available,control_replacement_proposed,item-ffa9846f2ea3f6ecb36a3d27,ע״ש,5,not an active training input
all_available,control_replacement_proposed,item-debe2a2ccebd35e36a58abfa,ד״ש,5,not an active training input
all_available,control_replacement_proposed,item-eb0448d987d66d55d864fea6,ב״ש,5,not an active training input
all_available,control_replacement_proposed,item-0d951ebcbff625a4e59aceb6,ב״ש,5,not an active training input
all_available,control_replacement_proposed,item-c0467c54ba878a31d3e86126,ב״ש,5,not an active training input
all_available,control_replacement_proposed,item-5707fc7d91064c64a5cc5109,ד״ש,5,not an active training input
all_available,control_replacement_proposed,item-1894b093a7d8584a88113586,רע״מ,5,not an active training input
all_available,control_replacement_proposed,item-249afa1a1f2e2016d700a444,ב״ש,5,not an active training input
all_available,control_replacement_proposed,item-842a6dcc6428a9930bd6f30b,ב״ש,5,not an active training input
all_available,control_replacement_proposed,item-72eb8b3422044b0513d788b8,מה״ד,6,not an active training input
all_available,control_replacement_proposed,item-ce39281b5347d1bab9142591,ממ״ג,6,not an active training input
all_available,control_replacement_proposed,item-f5a59bf8bd8d4b05dd10827c,ממ״ג,6,not an active training input
all_available,control_replacement_proposed,item-5b88b322c3d37e90e6985921,רא״ם,6,not an active training input
all_available,control_replacement_proposed,item-4810e9b21428019ddf672051,ב״ח,6,not an active training input
all_available,control_replacement_proposed,item-14dc05854c7390298769efb1,ב״ח,6,not an active training input
all_available,control_replacement_proposed,item-3f01603dff42fd41ca4c37d6,רא״ם,6,not an active training input
all_available,control_replacement_proposed,item-c347a9a7c3cd79281fa44266,רא״ם,6,not an active training input
all_available,control_replacement_proposed,item-163c00940581cb80d67f0d1f,רא״ם,6,not an active training input
all_available,control_replacement_proposed,item-2b661cc60ab7b6d4648c0ab0,מ״פ,6,not an active training input
all_available,control_replacement_proposed,item-ff4f5938978bca25fdb0c351,ב״מ,6,not an active training input
all_available,control_replacement_proposed,item-5a68700f4f5da90aa611ae57,ב״מ,6,not an active training input
all_available,control_replacement_proposed,item-ed3676940695783a76a41994,ב״מ,6,not an active training input
all_available,control_replacement_proposed,item-af009fb0b38005f39c2c78ec,ז״ק,6,not an active training input
all_available,control_replacement_proposed,item-af70a3d5cdfd50cf655e4663,מ״ש,7,not an active training input
all_available,control_replacement_proposed,item-906fbca19dc03aa537833145,ב״י,7,not an active training input
all_available,control_replacement_proposed,item-77f2d852d363a21b5c143fe0,כ״א,7,not an active training input
all_available,control_replacement_proposed,item-d712d9d5fa743f8c176b5131,ז״ל,7,not an active training input
all_available,control_replacement_proposed,item-d7f5765497364f4538305618,ב״י,7,not an active training input
all_available,control_replacement_proposed,item-e96b08000c114db01f4ae8b4,מ״ש,7,not an active training input
all_available,control_replacement_proposed,item-81eddaa2b6103774e715937d,מ״ש,7,not an active training input
all_available,control_replacement_proposed,item-a3ee4744f18dff64169e816b,כ״א,7,not an active training input
all_available,control_replacement_proposed,item-805fce74f0d3e489ba8a2b5e,ז״ל,7,not an active training input
all_available,control_replacement_proposed,item-0b50a79eb37453eca95534c9,ז״ל,7,not an active training input
all_available,control_replacement_proposed,item-d4e07a92bfdacdf8fbecb107,ב״ה,7,not an active training input
all_available,control_replacement_proposed,item-f9fdd99ce92c6eaa68a2079f,ב״ה,7,not an active training input
all_available,control_replacement_proposed,item-2a3d31eeca9d467f96bb3d59,ב״ה,7,not an active training input
all_available,control_replacement_proposed,item-3daa0f4cb5e51d91bc4e2fdd,ב״י,7,not an active training input
all_available,control_replacement_proposed,item-4c6072e2fef4c9ee0006079e,ב״י,7,not an active training input
all_available,control_replacement_proposed,item-c9b113893f7c347ebc82576d,ב״י,7,not an active training input
all_available,control_replacement_proposed,item-699dc043e25cdd44088a9ea8,ב״י,7,not an active training input
all_available,control_replacement_proposed,item-15a3ac7b9e1b76f69cb9f914,ב״י,7,not an active training input
all_available,control_replacement_proposed,item-0d693171bcbad069ae0c80e8,ב״י,7,not an active training input
all_available,control_replacement_proposed,item-6aaebf346defa69b0b7c34b0,ב״י,7,not an active training input
all_available,control_replacement_proposed,item-9e11ae736b6894be004cb906,ב״י,7,not an active training input
all_available,control_replacement_proposed,item-97355c229eb82b2343ba263e,כ״א,7,not an active training input
all_available,control_replacement_proposed,item-ff271a8070dbacf1d02eaa9c,ב״י,7,not an active training input
all_available,control_replacement_proposed,item-2031d9a411fcae809595d24d,ב״י,7,not an active training input
all_available,control_replacement_proposed,item-7e914187f7075145de8039d9,מ״ש,7,not an active training input
all_available,control_replacement_proposed,item-b0425cab2b8ef3c3d8cf047a,ז״ל,7,not an active training input
all_available,control_replacement_proposed,item-a516b08dcb568b291da21be3,ב״ה,7,not an active training input
all_available,control_replacement_proposed,item-a184c014081bad699ac2efa9,ב״ה,7,not an active training input
all_available,control_replacement_proposed,item-0d9d65e0b3bccbe8e223028a,ח״ח,11,not an active training input
all_available,control_replacement_proposed,item-9171b21f204c9ec0171707a2,מהרש״ק,11,not an active training input
all_available,control_replacement_proposed,item-b2e0a688c9d1c04a025f4d65,א״כ,11,not an active training input
all_available,control_replacement_proposed,item-4352cdff5c4b6bc4bfc59309,א״כ,11,not an active training input
all_available,control_replacement_proposed,item-d3ebac0856ab4ac09bda0876,א״כ,11,not an active training input
all_available,control_replacement_proposed,item-a44a9ac41e24c7ade0a3604c,א״כ,11,not an active training input
all_available,control_replacement_proposed,item-479168354a1882fd6cf015e2,א״כ,11,not an active training input
all_available,control_replacement_proposed,item-c2588a6be61e1da96c120113,ח״ח,11,not an active training input
all_available,control_replacement_proposed,item-cfa6c9faf5b382d74c3a48cf,א״כ,11,not an active training input
all_available,control_replacement_proposed,item-caf170afc4004b25fd87b98f,ח״ח,11,not an active training input
all_available,control_replacement_proposed,item-246b62ae15eb375a669696de,ח״ח,11,not an active training input
all_available,control_replacement_proposed,item-2e447f20ff80e8ea29155894,ח״ח,11,not an active training input
all_available,control_replacement_proposed,item-f96d4eba75572d70db886c10,א״כ,11,not an active training input
all_available,control_replacement_proposed,item-36786500d8be91345d2b50c9,ח״ח,11,not an active training input
all_available,control_replacement_proposed,item-7eb90883f88524ca8aac9239,ח״ח,11,not an active training input
all_available,control_replacement_proposed,item-0e8b9142b33f10aaf3c916f4,ח״ח,11,not an active training input
all_available,control_replacement_proposed,item-ee92d9301602222978e3e9e8,ח״ח,11,not an active training input
all_available,control_replacement_proposed,item-d5c5fe567716dc74058608b7,ח״ח,11,not an active training input
all_available,control_replacement_proposed,item-f416129db5f389ae532d4410,ח״ח,11,not an active training input
all_available,control_replacement_proposed,item-8763c76aed66fa19ba189ae8,ח״ח,11,not an active training input
all_available,control_replacement_proposed,item-1418be346ad9458f7dc868cb,ח״ח,11,not an active training input
all_available,control_replacement_proposed,item-d38c86a9b0982e3d250357ee,א״כ,11,not an active training input
all_available,control_replacement_proposed,item-8978fd9b09305e4d0d900fb1,מהרש״ק,11,not an active training input
all_available,control_replacement_proposed,item-5715e48b114aa3c7a7c0b295,א״כ,11,not an active training input
all_available,control_replacement_proposed,item-72e175049c2dda8f0af1eefe,ח״ח,11,not an active training input
all_available,control_replacement_proposed,item-b187b708048ffae938293e3b,ח״ח,11,not an active training input
same_source_substituted,extension_proposed,item-e87c8f555c57077a3b846a12,חמ״ל,2,not an active training input
same_source_substituted,extension_proposed,item-d4159d3b9596a41024b9f04c,חמ״ל,2,not an active training input
same_source_substituted,extension_proposed,item-3c1a529609c2133c98f2b12e,חמ״ל,2,not an active training input
same_source_substituted,extension_proposed,item-1c8a9958255dd2de664f65a0,י״ח,2,not an active training input
same_source_substituted,extension_proposed,item-2b0c223dd9fc735e8b6bb0c9,י״ח,2,not an active training input
same_source_substituted,extension_proposed,item-c8ed30fa7cadf9535ced6975,י״ח,2,not an active training input
same_source_substituted,extension_proposed,item-90be1f8b4dc894e62dd756a2,י״ח,2,not an active training input
same_source_substituted,extension_proposed,item-e7877466ada4db36eaa10043,מו״מ,3,not an active training input
same_source_substituted,extension_proposed,item-47c49e332b7f76452862e7c0,מו״מ,3,not an active training input
same_source_substituted,extension_proposed,item-9573c73e966e3eaf23cac04c,מו״מ,3,not an active training input
same_source_substituted,extension_proposed,item-9b33215e1cf722e092ea4058,מו״מ,3,not an active training input
same_source_substituted,extension_proposed,item-9781452600d1bc29478de74e,אי״ל,2,not an active training input
same_source_substituted,extension_proposed,item-c905c6482664de991f8f1bc7,אי״ל,2,not an active training input
same_source_substituted,extension_proposed,item-87be04cd27c16b4461980771,אי״ל,2,not an active training input
same_source_substituted,extension_proposed,item-8affbd2dd4552e0179c39e93,א״י,4,not an active training input
same_source_substituted,extension_proposed,item-f477fe8ffb7bb2fccb43047e,א״י,4,not an active training input
same_source_substituted,extension_proposed,item-4ab8d2484795a20e963e7054,א״י,4,not an active training input
same_source_substituted,extension_proposed,item-465a8e28c28d18066b8094c0,א״י,4,not an active training input
same_source_substituted,extension_proposed,item-36c20e155c26ce1a7fcb3cbf,א״י,4,not an active training input
same_source_substituted,extension_proposed,item-ff99243be97c3f21c91bedd8,א״י,4,not an active training input
same_source_substituted,extension_proposed,item-7d00e92143a18818336eb628,א״י,4,not an active training input
same_source_substituted,extension_proposed,item-1e72b05858b43fe255ac5b53,א״י,4,not an active training input
same_source_substituted,extension_proposed,item-e1922397d88526f6b345d885,א״י,4,not an active training input
same_source_substituted,extension_proposed,item-3a427888712f0339176a6ac3,א״י,4,not an active training input
same_source_substituted,extension_proposed,item-cb3f4c628889a9546a98bdc4,א״י,4,not an active training input
same_source_substituted,extension_proposed,item-feaf6af22d89c12fa9c824fe,א״י,4,not an active training input
same_source_substituted,extension_proposed,item-382dabaef6c16b782fa24fba,כי״ח,2,not an active training input
same_source_substituted,extension_proposed,item-25953116d96dbe800081406e,כי״ח,2,not an active training input
same_source_substituted,extension_proposed,item-a3f8288f5ac21a059b885d15,כי״ח,2,not an active training input
same_source_substituted,extension_proposed,item-0aeadfee86a777efffb072cd,מע״ש,3,not an active training input
same_source_substituted,extension_proposed,item-eb9eddee788e7c45d10e9743,מע״ש,3,not an active training input
same_source_substituted,extension_proposed,item-509ccfcaf93bc12d6c400c9d,מע״ש,3,not an active training input
same_source_substituted,extension_proposed,item-c9b2dc7f4b4d5ddb8ba9bcc0,מע״ש,3,not an active training input
same_source_substituted,extension_proposed,item-5ff24f70c2b251768a934c50,ס״ב,2,not an active training input
same_source_substituted,extension_proposed,item-7b092bd128b3ca30a96729ee,ס״ב,2,not an active training input
same_source_substituted,extension_proposed,item-5da42cca18acfaa5e75f9518,ס״ב,2,not an active training input
same_source_substituted,extension_proposed,item-41f3ce00cbcccb667bfd2104,ס״ב,2,not an active training input
same_source_substituted,extension_proposed,item-51106561ff64ac4613a947aa,ס״ב,2,not an active training input
same_source_substituted,extension_proposed,item-4db0fe59153e299f745acf04,ס״ב,2,not an active training input
same_source_substituted,extension_proposed,item-7032628a5d05bef5672c7331,את״ל,6,not an active training input
same_source_substituted,extension_proposed,item-633cec16bce415600063bbd1,את״ל,6,not an active training input
same_source_substituted,extension_proposed,item-5a6ff53e7dde159a38178633,את״ל,6,not an active training input
same_source_substituted,extension_proposed,item-bbb4ec638123976f1514e025,ח״ן,4,not an active training input
same_source_substituted,extension_proposed,item-a4897198a5ff439a492353c4,ח״ן,4,not an active training input
same_source_substituted,extension_proposed,item-ddf4c38db998d6ed44c973dd,ח״ן,4,not an active training input
same_source_substituted,extension_proposed,item-30ed506cb9277ea855f99ebb,ח״ן,4,not an active training input
same_source_substituted,extension_proposed,item-e372aad229fd90c3c3ad1db5,עכו״ם,6,not an active training input
same_source_substituted,extension_proposed,item-089c62552db410512422e8b0,עכו״ם,6,not an active training input
same_source_substituted,extension_proposed,item-558d00f50e6528c498d8ea29,עכו״ם,6,not an active training input
same_source_substituted,extension_proposed,item-e52bbc48d6758d96682a63a8,עכו״ם,6,not an active training input
same_source_substituted,extension_proposed,item-ead4fbce220c3c1f0e4de904,עכו״ם,6,not an active training input
same_source_substituted,extension_proposed,item-d51fbd878b316cf2029c0e31,עכו״ם,6,not an active training input
same_source_substituted,extension_proposed,item-dc763cd5139c4c6c4c1de5c6,עכו״ם,6,not an active training input
same_source_substituted,extension_proposed,item-a94a544af41a8118b98d19e6,עכו״ם,6,not an active training input
same_source_substituted,extension_proposed,item-349f391af0baee88038ed8a8,עכו״ם,6,not an active training input
same_source_substituted,extension_proposed,item-fccb573621e86288aec093cc,עכו״ם,6,not an active training input
same_source_substituted,extension_proposed,item-386fc0a4981b5fa7b78ade3c,עכו״ם,6,not an active training input
same_source_substituted,extension_proposed,item-a96a4c3c17c04f079f45819e,ס״מ,4,not an active training input
same_source_substituted,extension_proposed,item-f1e9bc0ba5e9f2f97d7c8468,ס״מ,4,not an active training input
same_source_substituted,extension_proposed,item-b0448e7fb1989cbc18af524b,ס״מ,4,not an active training input
same_source_substituted,extension_proposed,item-1ee8628e04fa9c2019593981,ס״מ,4,not an active training input
same_source_substituted,extension_proposed,item-2eba0e71995503bd5c72a24e,ס״מ,4,not an active training input
same_source_substituted,extension_proposed,item-bfc172f458ba4df7cdf6f92b,ס״מ,4,not an active training input
same_source_substituted,extension_proposed,item-2ef059bb01cb631302b3f2e9,א״ד,7,not an active training input
same_source_substituted,extension_proposed,item-3c45b9e7cf80438c896d1beb,א״ד,7,not an active training input
same_source_substituted,extension_proposed,item-7ccb7a6c956fc690b44d0edc,א״ד,7,not an active training input
same_source_substituted,extension_proposed,item-b00a476942a29dd23ee97deb,א״ד,7,not an active training input
same_source_substituted,extension_proposed,item-1fb748aae01f88e1c7272a91,א״ד,7,not an active training input
same_source_substituted,extension_proposed,item-afbd7f6f7af8875b06145fd9,א״ד,7,not an active training input
same_source_substituted,extension_proposed,item-d5c29d08f82b2d31990c08f8,א״ד,7,not an active training input
same_source_substituted,extension_proposed,item-47e2a45ca5ce4eba06147bf6,א״ד,7,not an active training input
same_source_substituted,extension_proposed,item-d4bfbee27a29d8aeb8bebfcf,א״ד,7,not an active training input
same_source_substituted,extension_proposed,item-131df099afc5d21eeb6c4689,א״ד,7,not an active training input
same_source_substituted,extension_proposed,item-9baa029f5a87d0e0317f5207,כ״ס,3,not an active training input
same_source_substituted,extension_proposed,item-67ec2d2aeafcdaafc9bbb7c0,כ״ס,3,not an active training input
same_source_substituted,extension_proposed,item-b9bf2844072f17fc378e01c5,כ״ס,3,not an active training input
same_source_substituted,extension_proposed,item-852c09f12fffb3d9d2ed2002,כ״ס,3,not an active training input
same_source_substituted,extension_proposed,item-c00ee6e39ef0f3f0987b1e7b,כ״ס,3,not an active training input
same_source_substituted,extension_proposed,item-90558c5bfe19ad5eae749fdc,כ״ס,3,not an active training input
same_source_substituted,extension_proposed,item-5e25b3254b8094ba128f5cdf,כ״ס,3,not an active training input
same_source_substituted,extension_proposed,item-47cedcd0fec9bd4d2861fe01,כ״ס,3,not an active training input
same_source_substituted,extension_proposed,item-4150e82fd97c4156e2c7fa2a,כ״ס,3,not an active training input
same_source_substituted,extension_proposed,item-158d264cf6432d164df40fda,מל״ל,3,not an active training input
same_source_substituted,extension_proposed,item-3a7343666ca6d01ce5fd79e2,מל״ל,3,not an active training input
same_source_substituted,extension_proposed,item-ee8c2c745b06159e7a406f62,מל״ל,3,not an active training input
same_source_substituted,extension_proposed,item-15f21fdffaf5c2b65420cbc0,מל״ל,3,not an active training input
same_source_substituted,extension_proposed,item-b80c0c26dac48712cac9302e,מל״ל,3,not an active training input
same_source_substituted,extension_proposed,item-424b578ee8f747f83f9cfd3c,מל״ל,3,not an active training input
same_source_substituted,extension_proposed,item-bc654d60a66ce83406832aa3,מל״ל,3,not an active training input
same_source_substituted,extension_proposed,item-3588f460feab1e8caebf60b4,מל״ל,3,not an active training input
same_source_substituted,extension_proposed,item-1766cf96f74ca4df136fb2fc,מל״ל,3,not an active training input
same_source_substituted,extension_proposed,item-6d751c20b43e6d11ace84c75,מח״ל,2,not an active training input
same_source_substituted,extension_proposed,item-6c15c45cfa233369093e57a4,א״ת,3,not an active training input
same_source_substituted,extension_proposed,item-a1b99312350c510519ea1070,א״ת,3,not an active training input
same_source_substituted,extension_proposed,item-49d6571974f3d40fe9b2c639,א״ת,3,not an active training input
same_source_substituted,extension_proposed,item-7b9411c0cf1623b5a99ccdd7,א״ת,3,not an active training input
same_source_substituted,extension_proposed,item-760ec98b993341d00bfb25f5,א״ת,3,not an active training input
same_source_substituted,extension_proposed,item-3b52ecb0abcad8b4a2757f4b,א״ת,3,not an active training input
same_source_substituted,extension_proposed,item-e0be66cbe2216a14403fe009,מל״מ,7,not an active training input
same_source_substituted,extension_proposed,item-e4f8b3b9de5463c14fd7b142,מל״מ,7,not an active training input
same_source_substituted,extension_proposed,item-278287584514af45161b1df2,מל״מ,7,not an active training input
same_source_substituted,extension_proposed,item-b087ebd33d87439c1366afd3,מל״מ,7,not an active training input
same_source_substituted,extension_proposed,item-0d5e2df34bb45a8ae8c3d8c5,מל״מ,7,not an active training input
same_source_substituted,extension_proposed,item-014e9473443f2d80d6d105a4,מל״מ,7,not an active training input
same_source_substituted,extension_proposed,item-b0410494f60e8046b1aed7e4,מל״מ,7,not an active training input
same_source_substituted,extension_proposed,item-a37d0076b53751834090d2f2,מל״מ,7,not an active training input
same_source_substituted,extension_proposed,item-f017418490384c020602e87c,מל״מ,7,not an active training input
same_source_substituted,extension_proposed,item-f8da1635a76d72ef514d0825,מל״מ,7,not an active training input
same_source_substituted,extension_proposed,item-7e64966199e764efc45363a0,מל״מ,7,not an active training input
same_source_substituted,extension_proposed,item-09ba7b06f4c769b2806cb8e1,מל״מ,7,not an active training input
same_source_substituted,extension_proposed,item-d4232b713e32f6c96277a8ce,מל״מ,7,not an active training input
same_source_substituted,extension_proposed,item-71df30854f9fe1b54ba722c5,מל״מ,7,not an active training input
same_source_substituted,extension_proposed,item-08bea567f6fd724af57b831b,מל״מ,7,not an active training input
same_source_substituted,extension_proposed,item-0a677f138eb7c961eec9e60e,מל״מ,7,not an active training input
same_source_substituted,extension_proposed,item-6d56dfd1e6392372c5e32381,מל״מ,7,not an active training input
same_source_substituted,extension_proposed,item-225ebad81f42f5ea68b8cffc,מל״מ,7,not an active training input
same_source_substituted,extension_proposed,item-ca5dcea3bb5ab3ee62e46f29,יו״ד,3,not an active training input
same_source_substituted,extension_proposed,item-522bacbda9853747dfdeb077,יו״ד,3,not an active training input
same_source_substituted,extension_proposed,item-aedf73df94c247ed5e5cd5cb,יו״ד,3,not an active training input
same_source_substituted,extension_proposed,item-5c01442fc93d9d9cc410b966,יו״ד,3,not an active training input
same_source_substituted,extension_proposed,item-4cc11df12b20d4b8b9bd74e6,יו״ד,3,not an active training input
same_source_substituted,extension_proposed,item-9825b9313685c7ad35ac4542,יו״ד,3,not an active training input
same_source_substituted,extension_proposed,item-0299f413530e38e8979fa44a,מד״א,5,not an active training input
same_source_substituted,extension_proposed,item-3c7667cc6fd40d770d5b01b8,מד״א,5,not an active training input
same_source_substituted,extension_proposed,item-17917355915081fefc7e0e9e,מד״א,5,not an active training input
same_source_substituted,extension_proposed,item-f5e72a6a09e6d524afb5ff06,מד״א,5,not an active training input
same_source_substituted,extension_proposed,item-bf19d97a1cc7475a239faae2,מד״א,5,not an active training input
same_source_substituted,extension_proposed,item-8770a4e2a4979511bcc48938,מד״א,5,not an active training input
same_source_substituted,extension_proposed,item-976c41d684c105a31dedad90,תצ״א,2,not an active training input
same_source_substituted,extension_proposed,item-03c4ce7e92d49acd61c39b0d,תצ״א,2,not an active training input
same_source_substituted,extension_proposed,item-abd911852c28f3cd72f9335b,תצ״א,2,not an active training input
same_source_substituted,extension_proposed,item-27617e24676fe9178f56324a,אג״מ,2,not an active training input
same_source_substituted,extension_proposed,item-e175d7cf3613a837cb0c0d87,אג״מ,2,not an active training input
same_source_substituted,extension_proposed,item-b9f9b7d693fad6b30336003c,אג״מ,2,not an active training input
same_source_substituted,extension_proposed,item-e39cdb5ae2f0228860ee80f8,אג״מ,2,not an active training input
same_source_substituted,extension_proposed,item-741447da20b3fb521ea1ce0c,אג״מ,2,not an active training input
same_source_substituted,extension_proposed,item-1449bd720cbd701e7fecde21,אג״מ,2,not an active training input
same_source_substituted,extension_proposed,item-c4079e119c58301e5b7128fe,סמ״ק,2,not an active training input
same_source_substituted,extension_proposed,item-fd60c2ec066347a669333db8,סמ״ק,2,not an active training input
same_source_substituted,extension_proposed,item-81876882f9d4d1b89cbbbb86,סמ״ק,2,not an active training input
same_source_substituted,extension_proposed,item-042cdcb887367ee6c6f288f3,סמ״ק,2,not an active training input
same_source_substituted,extension_proposed,item-23bf79acfa88be11c688184f,סמ״ק,2,not an active training input
same_source_substituted,extension_proposed,item-fad880ba8059cefefaa8fb4e,אמ״ץ,3,not an active training input
same_source_substituted,extension_proposed,item-7d7c04d3f32928157144361b,אמ״ץ,3,not an active training input
same_source_substituted,extension_proposed,item-6e09d6131bdb70f9f089827e,אמ״ץ,3,not an active training input
same_source_substituted,extension_proposed,item-10238ff84f58c912913b050e,ל״ע,3,not an active training input
same_source_substituted,extension_proposed,item-b1b805457312de247ce8474b,ל״ע,3,not an active training input
same_source_substituted,extension_proposed,item-6aa22594e75f0bf7f512d84e,ל״ע,3,not an active training input
same_source_substituted,extension_proposed,item-5d206e9c908fb967a0607736,ל״ע,3,not an active training input
same_source_substituted,extension_proposed,item-b24ebac41af1ef1b513b36f3,ל״ע,3,not an active training input
same_source_substituted,extension_proposed,item-a1fadb498a5e490e6daed3c0,ל״ע,3,not an active training input
same_source_substituted,extension_proposed,item-d0d71bc5d470d5c5acec4944,ל״ע,3,not an active training input
same_source_substituted,extension_proposed,item-30a19061c939d08348ae0708,ל״ע,3,not an active training input
same_source_substituted,extension_proposed,item-eaf1677fab6e8c41dc60a75f,ל״ע,3,not an active training input
same_source_substituted,extension_proposed,item-1ff7293748ccc845e71b4a12,דפ״ר,2,not an active training input
same_source_substituted,extension_proposed,item-f7f62885ed14771842292942,דפ״ר,2,not an active training input
same_source_substituted,extension_proposed,item-978e31877386f4a30d676ffc,דפ״ר,2,not an active training input
same_source_substituted,extension_proposed,item-90082c2364f5fcebb9b26d39,דפ״ר,2,not an active training input
same_source_substituted,extension_proposed,item-23ead1198cd9922e2468c0be,ש״ח,5,not an active training input
same_source_substituted,extension_proposed,item-43bde41609d00992bc9e4466,ש״ח,5,not an active training input
same_source_substituted,extension_proposed,item-8a44c9d3c5b9384669d9fe4d,ש״ח,5,not an active training input
same_source_substituted,extension_proposed,item-afc259788f05b7618c8a2543,ש״ח,5,not an active training input
same_source_substituted,extension_proposed,item-d5de30170457fa47dec50692,ש״ח,5,not an active training input
same_source_substituted,extension_proposed,item-4668e200c2b0752ceadafdb5,ש״ח,5,not an active training input
same_source_substituted,extension_proposed,item-fd0f6bf5138b9c9a569a018e,ש״ח,5,not an active training input
same_source_substituted,extension_proposed,item-de0c404997a95907bd928806,ש״ח,5,not an active training input
same_source_substituted,extension_proposed,item-26df8a02b16fd45ff203ef53,ש״ח,5,not an active training input
same_source_substituted,extension_proposed,item-110c9af9e98bcbd37ad75cb4,ש״ח,5,not an active training input
same_source_substituted,extension_proposed,item-4fe38ffa7e3c30dcdbb2b176,ש״ח,5,not an active training input
same_source_substituted,extension_proposed,item-f516a7da47922254f28f7163,ש״ח,5,not an active training input
same_source_substituted,extension_proposed,item-1ffa56e9e2b2b8d157e8e174,ח״פ,2,not an active training input
same_source_substituted,extension_proposed,item-25cb49760b6933f4de1cfa97,ח״פ,2,not an active training input
same_source_substituted,extension_proposed,item-5d0d042f14946f377821a11c,ח״פ,2,not an active training input
same_source_substituted,extension_proposed,item-b518b53bca490ddfc13d2521,ח״פ,2,not an active training input
same_source_substituted,extension_proposed,item-3f8229e2c8f25f4675b26faf,נ״מ,2,not an active training input
same_source_substituted,extension_proposed,item-a6e7d5c77af3b654fa101c42,נ״מ,2,not an active training input
same_source_substituted,extension_proposed,item-742ecaefb3a9022b971eaeb0,נ״מ,2,not an active training input
same_source_substituted,extension_proposed,item-c8e16580f4d66d5e90e268b4,נ״מ,2,not an active training input
same_source_substituted,extension_proposed,item-8c3c680827638d18c1a94da8,נ״מ,2,not an active training input
same_source_substituted,extension_proposed,item-aa556b97e3d855f41b8611ba,נ״מ,2,not an active training input
same_source_substituted,extension_proposed,item-f3628d2e1869efc957b74f36,ש״ש,12,not an active training input
same_source_substituted,extension_proposed,item-a0952ebe2b1164bbe6e7a480,ש״ש,12,not an active training input
same_source_substituted,extension_proposed,item-dd2c9ad01add4fcfeccc616c,ש״ש,12,not an active training input
same_source_substituted,extension_proposed,item-48018985aeac6cc0777904b5,ש״ש,12,not an active training input
same_source_substituted,extension_proposed,item-511a0f1dca0cad5ec421e60f,ש״ש,12,not an active training input
same_source_substituted,extension_proposed,item-441f0ea12db80521e0a26d0c,ש״ש,12,not an active training input
same_source_substituted,extension_proposed,item-7b9736bc7ea0d8a3fff77e67,ש״ש,12,not an active training input
same_source_substituted,extension_proposed,item-1376a72383cc101d5dbe7c03,ש״ש,12,not an active training input
same_source_substituted,extension_proposed,item-8d6d24279a32eef1cfb37e06,ש״ש,12,not an active training input
same_source_substituted,extension_proposed,item-ee363ebf251a3b41c76fdba0,ש״ש,12,not an active training input
same_source_substituted,extension_proposed,item-9b14019a7f4376880df0228e,ש״ש,12,not an active training input
same_source_substituted,extension_proposed,item-7452cd3216215a48bc004028,ש״ש,12,not an active training input
same_source_substituted,extension_proposed,item-3d797068cd18473b9746ec40,ש״ש,12,not an active training input
same_source_substituted,extension_proposed,item-6273f2ef82ec95d4f03afa68,ש״ש,12,not an active training input
same_source_substituted,extension_proposed,item-902126a4d945846ff61e6851,ש״ש,12,not an active training input
same_source_substituted,extension_proposed,item-34d7a025ff4a7fd76300346b,ש״ש,12,not an active training input
same_source_substituted,extension_proposed,item-1fac7f52a4ae34bda2432164,ש״ש,12,not an active training input
same_source_substituted,extension_proposed,item-ee9eb2820d67b1fcebbb69fb,ש״ש,12,not an active training input
same_source_substituted,extension_proposed,item-77395b04eee5d3f6c1934f46,ש״ש,12,not an active training input
same_source_substituted,extension_proposed,item-67faa6e857e9d84e01d3477f,ש״ש,12,not an active training input
same_source_substituted,extension_proposed,item-36efda66bed9183e9178d7e0,ש״ש,12,not an active training input
same_source_substituted,extension_proposed,item-87c988f91155d7dbe5154e73,ש״ש,12,not an active training input
same_source_substituted,extension_proposed,item-7dddaf25ba5b237074803b24,ש״ש,12,not an active training input
same_source_substituted,extension_proposed,item-48bd57d0094c6f6104d26bd6,ש״ש,12,not an active training input
same_source_substituted,extension_proposed,item-d1508be4a420ddcfdca9f05e,ש״ש,12,not an active training input
same_source_substituted,extension_proposed,item-c01ae4df7c43a56b5fc1506d,ש״י,4,not an active training input
same_source_substituted,extension_proposed,item-3884bb0e7dfe5d1d42017008,בס״ד,2,not an active training input
same_source_substituted,extension_proposed,item-4439ea7290a31c186fc6a505,בס״ד,2,not an active training input
same_source_substituted,extension_proposed,item-4e3dcb34c180e009fa4a03d9,בס״ד,2,not an active training input
same_source_substituted,extension_proposed,item-c26af3852f9cd4b92ae551e4,ג״ג,2,not an active training input
same_source_substituted,extension_proposed,item-8b20034ed074ab79da938910,ג״ג,2,not an active training input
same_source_substituted,extension_proposed,item-17a456a740261721054d36e6,ג״ג,2,not an active training input
same_source_substituted,extension_proposed,item-946f9f9594b914479649b93f,ג״ג,2,not an active training input
same_source_substituted,extension_proposed,item-002dfab087ee3031c50dd7ff,ג״ג,2,not an active training input
same_source_substituted,extension_proposed,item-7cbb0c8c3d9b92edfdd0f50a,תמ״ג,2,not an active training input
same_source_substituted,extension_proposed,item-ecb40b61d57e64a2dae7c997,תמ״ג,2,not an active training input
same_source_substituted,extension_proposed,item-aef93abd07eef6402968c039,תמ״ג,2,not an active training input
same_source_substituted,extension_proposed,item-6796a989ead65600a50e5dc4,תמ״ג,2,not an active training input
same_source_substituted,extension_proposed,item-9bd61c0a47975592bca1d6bb,תמ״ג,2,not an active training input
same_source_substituted,extension_proposed,item-39f608c84a5021f8109a69a0,תמ״ג,2,not an active training input
same_source_substituted,extension_proposed,item-ef4d04167a3e9ecf137afa4b,ע״פ,5,not an active training input
same_source_substituted,extension_proposed,item-8a4c387231bfd66907fb068c,ע״פ,5,not an active training input
same_source_substituted,extension_proposed,item-c49030301d58ac6249c65435,ע״פ,5,not an active training input
same_source_substituted,extension_proposed,item-fe8bc5943979355fc5017e99,ע״פ,5,not an active training input
same_source_substituted,extension_proposed,item-8d688273dea5aed4bc0c4d32,ע״פ,5,not an active training input
same_source_substituted,extension_proposed,item-f9a00587d8582c4201b386a4,ע״פ,5,not an active training input
same_source_substituted,extension_proposed,item-0fdd11224b655a60367504eb,ע״פ,5,not an active training input
same_source_substituted,extension_proposed,item-4f13481db5766d03a5e2d65f,ע״פ,5,not an active training input
same_source_substituted,extension_proposed,item-9f811e99adf3baa6482b722e,ר״ג,3,not an active training input
same_source_substituted,extension_proposed,item-71c999fc42dc389d4258e067,ר״ג,3,not an active training input
same_source_substituted,extension_proposed,item-d92a66bbe2c510285f5ec8ce,ר״ג,3,not an active training input
same_source_substituted,extension_proposed,item-a7bb8c485a2c60ab9d3c0803,ר״ג,3,not an active training input
same_source_substituted,extension_proposed,item-9e1bb2aa69ae8400be2acc11,ר״ג,3,not an active training input
same_source_substituted,extension_proposed,item-ed8a148f1eaa970568e8fad3,ר״ג,3,not an active training input
same_source_substituted,extension_proposed,item-d757cb9d64bb59046cbbbb10,מ״ר,3,not an active training input
same_source_substituted,extension_proposed,item-3b666812e44a8a400fa6958b,מ״ר,3,not an active training input
same_source_substituted,extension_proposed,item-572186446d1836d61d67de76,מ״ר,3,not an active training input
same_source_substituted,extension_proposed,item-f5ddc59febb21a46391d19c7,מ״ר,3,not an active training input
same_source_substituted,extension_proposed,item-af5244b4d0968a3b52aa6a7c,מ״ר,3,not an active training input
same_source_substituted,extension_proposed,item-0962291aa3fbccda0f7ebe1a,מ״ר,3,not an active training input
same_source_substituted,extension_proposed,item-1cce0abfc41e68248d1e6e75,פ״א,11,not an active training input
same_source_substituted,extension_proposed,item-6d6f3e1f26bde944b7e56965,פ״א,11,not an active training input
same_source_substituted,extension_proposed,item-0e45c98d389adf5aa5e2c9ac,פ״א,11,not an active training input
same_source_substituted,extension_proposed,item-d60ed5ee04850b387d64546a,פ״א,11,not an active training input
same_source_substituted,extension_proposed,item-09d7d457d4c55a77663f920e,פ״א,11,not an active training input
same_source_substituted,extension_proposed,item-ce5d7b6dcbf46b94e7b0141b,פ״א,11,not an active training input
same_source_substituted,extension_proposed,item-b97477d2d5562a0dce69eb7b,פ״א,11,not an active training input
same_source_substituted,extension_proposed,item-5ea08d057459fd9a2ae97876,פ״א,11,not an active training input
same_source_substituted,extension_proposed,item-8bf7e617898718268acd51d3,פ״א,11,not an active training input
same_source_substituted,extension_proposed,item-c284bf5b927e0598a44484a5,פ״א,11,not an active training input
same_source_substituted,extension_proposed,item-81390f81b178db454c852cff,פ״א,11,not an active training input
same_source_substituted,extension_proposed,item-11deea416339c0eee366de75,פ״א,11,not an active training input
same_source_substituted,extension_proposed,item-654004d73dde345a3df8e33f,פ״א,11,not an active training input
same_source_substituted,extension_proposed,item-be8b22f61cdbb1701d81ca2c,פ״א,11,not an active training input
same_source_substituted,extension_proposed,item-66b7f3cb01063a5c1c71e4a4,פ״א,11,not an active training input
same_source_substituted,extension_proposed,item-6abfd3fe4201e8e14f6c35c8,פ״א,11,not an active training input
same_source_substituted,extension_proposed,item-9bacd28ba83b7dada23d4f78,פ״א,11,not an active training input
same_source_substituted,extension_proposed,item-3c6fa44a24827debbadf6422,פ״א,11,not an active training input
same_source_substituted,extension_proposed,item-9ad7a593815e364e7607eca3,פ״א,11,not an active training input
same_source_substituted,extension_proposed,item-e0ad1837fe67665c3c55552e,פ״א,11,not an active training input
same_source_substituted,extension_proposed,item-600863f52295c4bf97a1de97,פ״א,11,not an active training input
same_source_substituted,extension_proposed,item-eda7d767a1856c65a96c1bbb,פ״א,11,not an active training input
same_source_substituted,extension_proposed,item-45bd3d4b3a77029c57d50759,פ״א,11,not an active training input
same_source_substituted,extension_proposed,item-6f98d0694eb86ce7fabc738f,פ״א,11,not an active training input
same_source_substituted,extension_proposed,item-cda4c76b232eef6db45650f2,פ״א,11,not an active training input
same_source_substituted,extension_proposed,item-81ddaa5824786747504536c3,פ״א,11,not an active training input
same_source_substituted,extension_proposed,item-e8d68b0192efbe4f0ef3d597,מת״ש,2,not an active training input
same_source_substituted,extension_proposed,item-6e9d495e0b5d866340a53cca,מת״ש,2,not an active training input
same_source_substituted,extension_proposed,item-ec74ac5a78b95e3f5b136c1a,מת״ש,2,not an active training input
same_source_substituted,control_replacement_proposed,item-7e4ace79a4e7b621561b3b26,משה״ד,2,not an active training input
same_source_substituted,control_replacement_proposed,item-1c898f73056c98dd0f851512,ת״ק,2,not an active training input
same_source_substituted,control_replacement_proposed,item-79b1866d366974782e2bdb89,ס״ג,2,not an active training input
same_source_substituted,control_replacement_proposed,item-5a96545c4614630f7aad01e8,רמ״ח,2,not an active training input
same_source_substituted,control_replacement_proposed,item-0aaa214bd12a5e33a534d2d6,דמ״צ,2,not an active training input
same_source_substituted,control_replacement_proposed,item-45df329d982f0df7bc17de51,דר״א,2,not an active training input
same_source_substituted,control_replacement_proposed,item-4490c52b5b25f892162f196d,ב״ז,2,not an active training input
same_source_substituted,control_replacement_proposed,item-68da7fee800bd215d7a4b879,ב״ז,2,not an active training input
same_source_substituted,control_replacement_proposed,item-8afde40bbe4252fd266f877d,יש״ו,2,not an active training input
same_source_substituted,control_replacement_proposed,item-7206fb59230df29b0445b094,ת״ד,2,not an active training input
same_source_substituted,control_replacement_proposed,item-aa63fe2def82a3ca1ac66d4c,קרוב״ץ,2,not an active training input
same_source_substituted,control_replacement_proposed,item-f26368d6cd987fa1066e7f68,תא״מ,2,not an active training input
same_source_substituted,control_replacement_proposed,item-f60fc1cd4ba6598f8b07ea19,ג״א,2,not an active training input
same_source_substituted,control_replacement_proposed,item-b24b29e5cd8e46e19a12e4b3,מל״ב,2,not an active training input
same_source_substituted,control_replacement_proposed,item-e1940397a148d4b6642dacb3,מל״ב,2,not an active training input
same_source_substituted,control_replacement_proposed,item-e3d8e290b7a95bd15ef2aa37,מו״ח,2,not an active training input
same_source_substituted,control_replacement_proposed,item-7d01691d1e38315b9e7fce0a,מל״ט,2,not an active training input
same_source_substituted,control_replacement_proposed,item-7d30eadcf9950c85703dabe4,מב״א,2,not an active training input
same_source_substituted,control_replacement_proposed,item-8263bcc325ad836ad9424f16,מב״א,2,not an active training input
same_source_substituted,control_replacement_proposed,item-0be84ba6f41a84c56271ff34,מב״א,2,not an active training input
same_source_substituted,control_replacement_proposed,item-03530e65624a185226afa0a7,אב״ד,2,not an active training input
same_source_substituted,control_replacement_proposed,item-5adc5d3bd48c70c4af16c878,חנ״ה,2,not an active training input
same_source_substituted,control_replacement_proposed,item-0c99a8f7397a94782b8a9583,אב״מ,2,not an active training input
same_source_substituted,control_replacement_proposed,item-18499ad7ad3301a77ae01345,אב״מ,2,not an active training input
same_source_substituted,control_replacement_proposed,item-6c1f3c391e9b2f625c4288cb,אב״מ,2,not an active training input
same_source_substituted,control_replacement_proposed,item-fd46a6861d9cc2531ab3582e,מפמ״ר,2,not an active training input
same_source_substituted,control_replacement_proposed,item-60d337bc201ab3d856f1aab3,י״מ,2,not an active training input
same_source_substituted,control_replacement_proposed,item-dce0f3f5433ca9bcb1ff8635,אב״ש,2,not an active training input
same_source_substituted,control_replacement_proposed,item-7969b64e2bc54c89334b8587,יא״פ,2,not an active training input
same_source_substituted,control_replacement_proposed,item-07a75490a45f47c1e3fbec64,ס״ת,2,not an active training input
same_source_substituted,control_replacement_proposed,item-7e6b385ea960a34b520c6fe8,מע״ת,2,not an active training input
same_source_substituted,control_replacement_proposed,item-4bfe65a5747b6998766e95f7,ס״ג,2,not an active training input
same_source_substituted,control_replacement_proposed,item-79170da6853dc1233c2da0cd,רמ״ז,2,not an active training input
same_source_substituted,control_replacement_proposed,item-83e70a29fc5c796492410665,רמ״ז,2,not an active training input
same_source_substituted,control_replacement_proposed,item-05605e149307320409a224c9,ק״צ,2,not an active training input
same_source_substituted,control_replacement_proposed,item-7717efede5f581808d24ed54,מדא״ג,2,not an active training input
same_source_substituted,control_replacement_proposed,item-bb573b0557ccd709c1e7c42b,אי״ה,2,not an active training input
same_source_substituted,control_replacement_proposed,item-fcde3db8ed105ae10e6c1144,דל״ש,2,not an active training input
same_source_substituted,control_replacement_proposed,item-50f65f137bf40849604cc723,הגה״צ,2,not an active training input
same_source_substituted,control_replacement_proposed,item-45e7bc0279caf4afbab87b1e,הגה״צ,2,not an active training input
same_source_substituted,control_replacement_proposed,item-bafab3398722c0fbe9b6e586,בל״ע,2,not an active training input
same_source_substituted,control_replacement_proposed,item-e7518b6bbcb55a2ccfd6cf5f,עד״מ,2,not an active training input
same_source_substituted,control_replacement_proposed,item-288c195783fab1c51664af93,אמ״ש,2,not an active training input
same_source_substituted,control_replacement_proposed,item-11dd586bc39f9315549bbc57,ברז״ל,2,not an active training input
same_source_substituted,control_replacement_proposed,item-8a23b8231d2b18dbf14921d5,עמ״ט,2,not an active training input
same_source_substituted,control_replacement_proposed,item-507f17cb0c9a2941173c57ab,איו״ש,2,not an active training input
same_source_substituted,control_replacement_proposed,item-b30a54ff0751d6be3e536e5d,איו״ש,2,not an active training input
same_source_substituted,control_replacement_proposed,item-adecbcec6b1f5bfe4566a05f,איו״ש,2,not an active training input
same_source_substituted,control_replacement_proposed,item-aa9751a12002907c49e2805d,רמ״ק,2,not an active training input
same_source_substituted,control_replacement_proposed,item-68176b2fecbaf5809b1323ea,מקל״ש,2,not an active training input
same_source_substituted,control_replacement_proposed,item-f831defa93fbd803e1573169,או״ח,2,not an active training input
same_source_substituted,control_replacement_proposed,item-871654046d3d43c1b195930d,יר״ש,2,not an active training input
same_source_substituted,control_replacement_proposed,item-47e3671ecdcd520a6decd08a,ימ״ח,2,not an active training input
same_source_substituted,control_replacement_proposed,item-4668f66d258e3c45db8b2019,או״ק,2,not an active training input
same_source_substituted,control_replacement_proposed,item-5b2f28428bd8004f8a570ad3,או״ק,2,not an active training input
same_source_substituted,control_replacement_proposed,item-96d9da037e66f8ccb2dce50e,או״ק,2,not an active training input
same_source_substituted,control_replacement_proposed,item-0ceb94375643b07cac8117d3,ל״ל,2,not an active training input
same_source_substituted,control_replacement_proposed,item-caceca05b99a9661f04f0eb0,רשב״ג,2,not an active training input
same_source_substituted,control_replacement_proposed,item-584a0e15a900a92c8476634c,רשב״ג,2,not an active training input
same_source_substituted,control_replacement_proposed,item-644362f7d631fa4b24661d06,אח״י,2,not an active training input
same_source_substituted,control_replacement_proposed,item-558442c7ed097dc17f24c8a8,קב״ר,2,not an active training input
same_source_substituted,control_replacement_proposed,item-793376921884a18ba0e8794e,תת״מ,2,not an active training input
same_source_substituted,control_replacement_proposed,item-168e0f54b1347a58e02573ba,אב״מ,2,not an active training input
same_source_substituted,control_replacement_proposed,item-20e4ec2982a82f2ef1d55f1e,ט״נ,2,not an active training input
same_source_substituted,control_replacement_proposed,item-26a25c6a35eba5bf0ca6f08c,ת״פ,2,not an active training input
same_source_substituted,control_replacement_proposed,item-f8c16b7152f0733a38c0686e,שו״ש,3,not an active training input
same_source_substituted,control_replacement_proposed,item-c3a97d8cbbb55f6b80ae08fb,א״ע,3,not an active training input
same_source_substituted,control_replacement_proposed,item-f52649238290f07625754096,צח״מ,3,not an active training input
same_source_substituted,control_replacement_proposed,item-f72602893e769fab31e605b2,טל״מ,3,not an active training input
same_source_substituted,control_replacement_proposed,item-f2383e6acfa8e5b00f855b07,ר״ה,3,not an active training input
same_source_substituted,control_replacement_proposed,item-6dba2c4b52205854dc32a605,קמ״ש,3,not an active training input
same_source_substituted,control_replacement_proposed,item-27b0899be51ddea1d84f6b67,קמ״ש,3,not an active training input
same_source_substituted,control_replacement_proposed,item-6578ab8ac3025301b9021eda,שו״ש,3,not an active training input
same_source_substituted,control_replacement_proposed,item-f6bfd2443e2afe3b0f154a4c,מד״ן,3,not an active training input
same_source_substituted,control_replacement_proposed,item-18dee930ead9be4cf41f0261,קא״ם,3,not an active training input
same_source_substituted,control_replacement_proposed,item-527e7b1c161f9e8ef4d3d251,א״ע,3,not an active training input
same_source_substituted,control_replacement_proposed,item-486171091e1cb7a95b05bd15,א״ג,3,not an active training input
same_source_substituted,control_replacement_proposed,item-171c80f6aa665dde2c37a58a,ראב״ן,3,not an active training input
same_source_substituted,control_replacement_proposed,item-3650a920f99f85535098f873,ראב״ן,3,not an active training input
same_source_substituted,control_replacement_proposed,item-0ababe49e2a4ebd20418ef69,ראב״ן,3,not an active training input
same_source_substituted,control_replacement_proposed,item-6241cd150829735a4ad7644f,ז״א,3,not an active training input
same_source_substituted,control_replacement_proposed,item-fb505600e6af8cd145be99cc,ז״א,3,not an active training input
same_source_substituted,control_replacement_proposed,item-3b93d9efafc3f45a0c054290,פא״י,3,not an active training input
same_source_substituted,control_replacement_proposed,item-2fa678b1fc6cbfe25d0618c2,מא״ג,3,not an active training input
same_source_substituted,control_replacement_proposed,item-3d0a5b07a7cd9445b3bd14aa,אג״ס,3,not an active training input
same_source_substituted,control_replacement_proposed,item-72d6143727692a6b879b94f3,אג״ם,3,not an active training input
same_source_substituted,control_replacement_proposed,item-9d44c14661b83c2b0ba7c61f,אג״ם,3,not an active training input
same_source_substituted,control_replacement_proposed,item-a9fcda0b894f0ef81b1793bf,אג״ם,3,not an active training input
same_source_substituted,control_replacement_proposed,item-dd2fcb149462e65ed08d7ee9,ד״מ,3,not an active training input
same_source_substituted,control_replacement_proposed,item-f5c554f8261941496644c344,אש״ל,3,not an active training input
same_source_substituted,control_replacement_proposed,item-3af55fe6155b82d803b48578,תו״מ,3,not an active training input
same_source_substituted,control_replacement_proposed,item-a15e9a519fa69942787b36b9,אס״י,3,not an active training input
same_source_substituted,control_replacement_proposed,item-f3ece302e79faefb009edae0,כה״ג,3,not an active training input
same_source_substituted,control_replacement_proposed,item-3457aaa41f5cca8ca81f169d,חו״ר,3,not an active training input
same_source_substituted,control_replacement_proposed,item-0bc4940de1db83660ab5ae98,א״ג,3,not an active training input
same_source_substituted,control_replacement_proposed,item-eeccc8a38431b5143780eee2,ב״א,3,not an active training input
same_source_substituted,control_replacement_proposed,item-6d952560c3a69b8966bdf361,סמ״ר,3,not an active training input
same_source_substituted,control_replacement_proposed,item-ddb381bd92c9833222910205,ז״א,3,not an active training input
same_source_substituted,control_replacement_proposed,item-0520d08963545e158ace8b45,קו״נ,3,not an active training input
same_source_substituted,control_replacement_proposed,item-8dbfdfc58fa7471d9a7211cc,קו״נ,3,not an active training input
same_source_substituted,control_replacement_proposed,item-5931e8db96f907e218bbc84d,קו״נ,3,not an active training input
same_source_substituted,control_replacement_proposed,item-dc069a2e6074f97797dd2dfc,ע״ר,3,not an active training input
same_source_substituted,control_replacement_proposed,item-b343bdb73dffa755317d7828,ע״ר,3,not an active training input
same_source_substituted,control_replacement_proposed,item-cf1359d971530b5c9d2144f7,ע״ר,3,not an active training input
same_source_substituted,control_replacement_proposed,item-8da063a68da8c34e5e69ee1a,קמ״ט,3,not an active training input
same_source_substituted,control_replacement_proposed,item-6ce964d12c3388755a013840,יחב״ל,3,not an active training input
same_source_substituted,control_replacement_proposed,item-8e55080a98fbcb4d9d0197b7,ד״נ,3,not an active training input
same_source_substituted,control_replacement_proposed,item-c6f92d7b0bc7ce0dbb4916a5,ד״נ,3,not an active training input
same_source_substituted,control_replacement_proposed,item-6f031037c69318c17f56dc05,ד״נ,3,not an active training input
same_source_substituted,control_replacement_proposed,item-7598899c10fa9a850e6fac5a,אה״ק,3,not an active training input
same_source_substituted,control_replacement_proposed,item-13a030e58d363dccffa74f83,אה״ק,3,not an active training input
same_source_substituted,control_replacement_proposed,item-0e9eda33343423a41b0beabc,אה״ק,3,not an active training input
same_source_substituted,control_replacement_proposed,item-0397ac67f0d510ed3d98f9c7,סמ״ט,3,not an active training input
same_source_substituted,control_replacement_proposed,item-c39a86893f87e00b8af8b9cc,אג״ם,3,not an active training input
same_source_substituted,control_replacement_proposed,item-7ca660ab7e5f1f19322bb001,ממ״ד,3,not an active training input
same_source_substituted,control_replacement_proposed,item-788eddde3c4aec40c7757198,אה״ק,3,not an active training input
same_source_substituted,control_replacement_proposed,item-f653f1d56138845442ce2437,אה״ק,3,not an active training input
same_source_substituted,control_replacement_proposed,item-4b89b7367e83ab2ac6f4a8e3,אה״ק,3,not an active training input
same_source_substituted,control_replacement_proposed,item-b24dbf7520f55db494c9a4b7,ד״צ,3,not an active training input
same_source_substituted,control_replacement_proposed,item-fab8852e8a4fb8473256d75f,א״ג,3,not an active training input
same_source_substituted,control_replacement_proposed,item-2baa26cba2c256ed4f50e008,חו״ר,3,not an active training input
same_source_substituted,control_replacement_proposed,item-8c49fb02dcff59cdbc1a15e1,ד״ת,3,not an active training input
same_source_substituted,control_replacement_proposed,item-8bd2c011dfdf227de54af3e5,ד״ת,3,not an active training input
same_source_substituted,control_replacement_proposed,item-31de994da455d1ffe4d8e30f,ד״ת,3,not an active training input
same_source_substituted,control_replacement_proposed,item-ddf5554490a766897dda6f3d,קא״ם,3,not an active training input
same_source_substituted,control_replacement_proposed,item-e32d38bd2d4e3bbfb50fc827,ממ״ס,3,not an active training input
same_source_substituted,control_replacement_proposed,item-19002aebb61f498c1df1f97e,ח״ק,3,not an active training input
same_source_substituted,control_replacement_proposed,item-d65bb00abe7bc11b6439f1ce,ח״ש,4,not an active training input
same_source_substituted,control_replacement_proposed,item-0033a8c45a3fa56e63fb9ac7,כד״א,4,not an active training input
same_source_substituted,control_replacement_proposed,item-26dcf2a8a5ea9cb28eb06f62,מ״ח,4,not an active training input
same_source_substituted,control_replacement_proposed,item-a064efb96275af4b4dc9b8b1,ע״ס,4,not an active training input
same_source_substituted,control_replacement_proposed,item-f11c2f6c0c6af8f68ab56788,ש״פ,4,not an active training input
same_source_substituted,control_replacement_proposed,item-24f1e8a00c0f5e18cc35dc2e,ש״פ,4,not an active training input
same_source_substituted,control_replacement_proposed,item-0cee8281f891b153bd172190,מד״ס,4,not an active training input
same_source_substituted,control_replacement_proposed,item-e0d36dc72b010a0167117661,אב״ג,4,not an active training input
same_source_substituted,control_replacement_proposed,item-aa6b383b3e50b7b76d80d635,אב״ג,4,not an active training input
same_source_substituted,control_replacement_proposed,item-01fd7aeeab119f4e7f67cc11,ב״נ,4,not an active training input
same_source_substituted,control_replacement_proposed,item-74e87a1752e48aad9688ffb9,א״ה,4,not an active training input
same_source_substituted,control_replacement_proposed,item-ede3cc9423203412c71def72,שו״ב,4,not an active training input
same_source_substituted,control_replacement_proposed,item-2e4b2dff06d9d5f4682e4af2,פו״ם,4,not an active training input
same_source_substituted,control_replacement_proposed,item-862fcc7550b7e17ad5a98942,רמ״ך,4,not an active training input
same_source_substituted,control_replacement_proposed,item-111c5ca8d2204c08b2b26a29,ע״כ,4,not an active training input
same_source_substituted,control_replacement_proposed,item-4474ba9f7f0b561ca712efc2,אב״ג,4,not an active training input
same_source_substituted,control_replacement_proposed,item-815acc2e9b5111e0a7f4b65f,אב״ג,4,not an active training input
same_source_substituted,control_replacement_proposed,item-a467e9d6612071e10d98f8a7,אב״ג,4,not an active training input
same_source_substituted,control_replacement_proposed,item-bc7e35b8c57cb4bd899e35d2,ח״ד,4,not an active training input
same_source_substituted,control_replacement_proposed,item-9cffa7f1388a7f918a7f2620,ח״ד,4,not an active training input
same_source_substituted,control_replacement_proposed,item-07a201609a1c69cb3390ed6e,מד״ס,4,not an active training input
same_source_substituted,control_replacement_proposed,item-83f784d6f4efa3f5ed6a7099,כ״ש,4,not an active training input
same_source_substituted,control_replacement_proposed,item-da2de8c397a5ff8c172a8a96,סל״ש,4,not an active training input
same_source_substituted,control_replacement_proposed,item-a152e591a4ec4ef38e7e6a88,נ״ב,5,not an active training input
same_source_substituted,control_replacement_proposed,item-7cfe5041d4866d0416be8102,רע״מ,5,not an active training input
same_source_substituted,control_replacement_proposed,item-4fe8e56f6331c143877a2fb9,מהו״ת,5,not an active training input
same_source_substituted,control_replacement_proposed,item-7b64f9eb6a24328025f10d56,מהו״ת,5,not an active training input
same_source_substituted,control_replacement_proposed,item-80526cfb90f0a0d01799faee,מהו״ת,5,not an active training input
same_source_substituted,control_replacement_proposed,item-36e4993b6cc811c3f6208e52,נ״ב,5,not an active training input
same_source_substituted,control_replacement_proposed,item-eb6db926864fd8a42293b2aa,א״נ,5,not an active training input
same_source_substituted,control_replacement_proposed,item-a23d143c86a0df131f2584c2,דמ״ש,5,not an active training input
same_source_substituted,control_replacement_proposed,item-ae3693ddc5920d8a39b26ec7,ב״ת,5,not an active training input
same_source_substituted,control_replacement_proposed,item-3545dbd9fab771494c6be472,נ״ב,5,not an active training input
same_source_substituted,control_replacement_proposed,item-9e54a7749598ff01f327973f,ב״ת,5,not an active training input
same_source_substituted,control_replacement_proposed,item-54f717c37c04bd55f84dc66c,מל״ם,5,not an active training input
same_source_substituted,control_replacement_proposed,item-2c30afee1fc580f87a1f08b6,אח״מ,5,not an active training input
same_source_substituted,control_replacement_proposed,item-fc1871825a375588fcc046b5,קו״ח,5,not an active training input
same_source_substituted,control_replacement_proposed,item-50848314bb44048b2a6cd2b6,קו״ח,5,not an active training input
same_source_substituted,control_replacement_proposed,item-1ecc3304228fb45df2cce266,קו״ח,5,not an active training input
same_source_substituted,control_replacement_proposed,item-2a9675202624f30ab71bbf02,ס״ד,5,not an active training input
same_source_substituted,control_replacement_proposed,item-ffa9846f2ea3f6ecb36a3d27,ע״ש,5,not an active training input
same_source_substituted,control_replacement_proposed,item-debe2a2ccebd35e36a58abfa,ד״ש,5,not an active training input
same_source_substituted,control_replacement_proposed,item-eb0448d987d66d55d864fea6,ב״ש,5,not an active training input
same_source_substituted,control_replacement_proposed,item-0d951ebcbff625a4e59aceb6,ב״ש,5,not an active training input
same_source_substituted,control_replacement_proposed,item-c0467c54ba878a31d3e86126,ב״ש,5,not an active training input
same_source_substituted,control_replacement_proposed,item-5707fc7d91064c64a5cc5109,ד״ש,5,not an active training input
same_source_substituted,control_replacement_proposed,item-1894b093a7d8584a88113586,רע״מ,5,not an active training input
same_source_substituted,control_replacement_proposed,item-249afa1a1f2e2016d700a444,ב״ש,5,not an active training input
same_source_substituted,control_replacement_proposed,item-842a6dcc6428a9930bd6f30b,ב״ש,5,not an active training input
same_source_substituted,control_replacement_proposed,item-72eb8b3422044b0513d788b8,מה״ד,6,not an active training input
same_source_substituted,control_replacement_proposed,item-ce39281b5347d1bab9142591,ממ״ג,6,not an active training input
same_source_substituted,control_replacement_proposed,item-f5a59bf8bd8d4b05dd10827c,ממ״ג,6,not an active training input
same_source_substituted,control_replacement_proposed,item-5b88b322c3d37e90e6985921,רא״ם,6,not an active training input
same_source_substituted,control_replacement_proposed,item-4810e9b21428019ddf672051,ב״ח,6,not an active training input
same_source_substituted,control_replacement_proposed,item-14dc05854c7390298769efb1,ב״ח,6,not an active training input
same_source_substituted,control_replacement_proposed,item-3f01603dff42fd41ca4c37d6,רא״ם,6,not an active training input
same_source_substituted,control_replacement_proposed,item-c347a9a7c3cd79281fa44266,רא״ם,6,not an active training input
same_source_substituted,control_replacement_proposed,item-163c00940581cb80d67f0d1f,רא״ם,6,not an active training input
same_source_substituted,control_replacement_proposed,item-2b661cc60ab7b6d4648c0ab0,מ״פ,6,not an active training input
same_source_substituted,control_replacement_proposed,item-ff4f5938978bca25fdb0c351,ב״מ,6,not an active training input
same_source_substituted,control_replacement_proposed,item-5a68700f4f5da90aa611ae57,ב״מ,6,not an active training input
same_source_substituted,control_replacement_proposed,item-ed3676940695783a76a41994,ב״מ,6,not an active training input
same_source_substituted,control_replacement_proposed,item-af009fb0b38005f39c2c78ec,ז״ק,6,not an active training input
same_source_substituted,control_replacement_proposed,item-af70a3d5cdfd50cf655e4663,מ״ש,7,not an active training input
same_source_substituted,control_replacement_proposed,item-906fbca19dc03aa537833145,ב״י,7,not an active training input
same_source_substituted,control_replacement_proposed,item-77f2d852d363a21b5c143fe0,כ״א,7,not an active training input
same_source_substituted,control_replacement_proposed,item-d712d9d5fa743f8c176b5131,ז״ל,7,not an active training input
same_source_substituted,control_replacement_proposed,item-d7f5765497364f4538305618,ב״י,7,not an active training input
same_source_substituted,control_replacement_proposed,item-e96b08000c114db01f4ae8b4,מ״ש,7,not an active training input
same_source_substituted,control_replacement_proposed,item-81eddaa2b6103774e715937d,מ״ש,7,not an active training input
same_source_substituted,control_replacement_proposed,item-a3ee4744f18dff64169e816b,כ״א,7,not an active training input
same_source_substituted,control_replacement_proposed,item-805fce74f0d3e489ba8a2b5e,ז״ל,7,not an active training input
same_source_substituted,control_replacement_proposed,item-0b50a79eb37453eca95534c9,ז״ל,7,not an active training input
same_source_substituted,control_replacement_proposed,item-d4e07a92bfdacdf8fbecb107,ב״ה,7,not an active training input
same_source_substituted,control_replacement_proposed,item-f9fdd99ce92c6eaa68a2079f,ב״ה,7,not an active training input
same_source_substituted,control_replacement_proposed,item-2a3d31eeca9d467f96bb3d59,ב״ה,7,not an active training input
same_source_substituted,control_replacement_proposed,item-3daa0f4cb5e51d91bc4e2fdd,ב״י,7,not an active training input
same_source_substituted,control_replacement_proposed,item-4c6072e2fef4c9ee0006079e,ב״י,7,not an active training input
same_source_substituted,control_replacement_proposed,item-c9b113893f7c347ebc82576d,ב״י,7,not an active training input
same_source_substituted,control_replacement_proposed,item-699dc043e25cdd44088a9ea8,ב״י,7,not an active training input
same_source_substituted,control_replacement_proposed,item-15a3ac7b9e1b76f69cb9f914,ב״י,7,not an active training input
same_source_substituted,control_replacement_proposed,item-0d693171bcbad069ae0c80e8,ב״י,7,not an active training input
same_source_substituted,control_replacement_proposed,item-6aaebf346defa69b0b7c34b0,ב״י,7,not an active training input
same_source_substituted,control_replacement_proposed,item-9e11ae736b6894be004cb906,ב״י,7,not an active training input
same_source_substituted,control_replacement_proposed,item-97355c229eb82b2343ba263e,כ״א,7,not an active training input
same_source_substituted,control_replacement_proposed,item-ff271a8070dbacf1d02eaa9c,ב״י,7,not an active training input
same_source_substituted,control_replacement_proposed,item-2031d9a411fcae809595d24d,ב״י,7,not an active training input
same_source_substituted,control_replacement_proposed,item-7e914187f7075145de8039d9,מ״ש,7,not an active training input
same_source_substituted,control_replacement_proposed,item-b0425cab2b8ef3c3d8cf047a,ז״ל,7,not an active training input
same_source_substituted,control_replacement_proposed,item-a516b08dcb568b291da21be3,ב״ה,7,not an active training input
same_source_substituted,control_replacement_proposed,item-a184c014081bad699ac2efa9,ב״ה,7,not an active training input
same_source_substituted,control_replacement_proposed,item-0d9d65e0b3bccbe8e223028a,ח״ח,11,not an active training input
same_source_substituted,control_replacement_proposed,item-9171b21f204c9ec0171707a2,מהרש״ק,11,not an active training input
same_source_substituted,control_replacement_proposed,item-b2e0a688c9d1c04a025f4d65,א״כ,11,not an active training input
same_source_substituted,control_replacement_proposed,item-4352cdff5c4b6bc4bfc59309,א״כ,11,not an active training input
same_source_substituted,control_replacement_proposed,item-d3ebac0856ab4ac09bda0876,א״כ,11,not an active training input
same_source_substituted,control_replacement_proposed,item-a44a9ac41e24c7ade0a3604c,א״כ,11,not an active training input
same_source_substituted,control_replacement_proposed,item-479168354a1882fd6cf015e2,א״כ,11,not an active training input
same_source_substituted,control_replacement_proposed,item-c2588a6be61e1da96c120113,ח״ח,11,not an active training input
same_source_substituted,control_replacement_proposed,item-cfa6c9faf5b382d74c3a48cf,א״כ,11,not an active training input
same_source_substituted,control_replacement_proposed,item-caf170afc4004b25fd87b98f,ח״ח,11,not an active training input
same_source_substituted,control_replacement_proposed,item-246b62ae15eb375a669696de,ח״ח,11,not an active training input
same_source_substituted,control_replacement_proposed,item-2e447f20ff80e8ea29155894,ח״ח,11,not an active training input
same_source_substituted,control_replacement_proposed,item-f96d4eba75572d70db886c10,א״כ,11,not an active training input
same_source_substituted,control_replacement_proposed,item-36786500d8be91345d2b50c9,ח״ח,11,not an active training input
same_source_substituted,control_replacement_proposed,item-7eb90883f88524ca8aac9239,ח״ח,11,not an active training input
same_source_substituted,control_replacement_proposed,item-0e8b9142b33f10aaf3c916f4,ח״ח,11,not an active training input
same_source_substituted,control_replacement_proposed,item-ee92d9301602222978e3e9e8,ח״ח,11,not an active training input
same_source_substituted,control_replacement_proposed,item-d5c5fe567716dc74058608b7,ח״ח,11,not an active training input
same_source_substituted,control_replacement_proposed,item-f416129db5f389ae532d4410,ח״ח,11,not an active training input
same_source_substituted,control_replacement_proposed,item-8763c76aed66fa19ba189ae8,ח״ח,11,not an active training input
same_source_substituted,control_replacement_proposed,item-1418be346ad9458f7dc868cb,ח״ח,11,not an active training input
same_source_substituted,control_replacement_proposed,item-d38c86a9b0982e3d250357ee,א״כ,11,not an active training input
same_source_substituted,control_replacement_proposed,item-8978fd9b09305e4d0d900fb1,מהרש״ק,11,not an active training input
same_source_substituted,control_replacement_proposed,item-5715e48b114aa3c7a7c0b295,א״כ,11,not an active training input
same_source_substituted,control_replacement_proposed,item-72e175049c2dda8f0af1eefe,ח״ח,11,not an active training input
same_source_substituted,control_replacement_proposed,item-b187b708048ffae938293e3b,ח״ח,11,not an active training input
exact_candidate_count,extension_proposed,item-e87c8f555c57077a3b846a12,חמ״ל,2,not an active training input
exact_candidate_count,extension_proposed,item-d4159d3b9596a41024b9f04c,חמ״ל,2,not an active training input
exact_candidate_count,extension_proposed,item-3c1a529609c2133c98f2b12e,חמ״ל,2,not an active training input
exact_candidate_count,extension_proposed,item-1c8a9958255dd2de664f65a0,י״ח,2,not an active training input
exact_candidate_count,extension_proposed,item-2b0c223dd9fc735e8b6bb0c9,י״ח,2,not an active training input
exact_candidate_count,extension_proposed,item-c8ed30fa7cadf9535ced6975,י״ח,2,not an active training input
exact_candidate_count,extension_proposed,item-90be1f8b4dc894e62dd756a2,י״ח,2,not an active training input
exact_candidate_count,extension_proposed,item-e7877466ada4db36eaa10043,מו״מ,3,not an active training input
exact_candidate_count,extension_proposed,item-47c49e332b7f76452862e7c0,מו״מ,3,not an active training input
exact_candidate_count,extension_proposed,item-9573c73e966e3eaf23cac04c,מו״מ,3,not an active training input
exact_candidate_count,extension_proposed,item-9b33215e1cf722e092ea4058,מו״מ,3,not an active training input
exact_candidate_count,extension_proposed,item-9781452600d1bc29478de74e,אי״ל,2,not an active training input
exact_candidate_count,extension_proposed,item-c905c6482664de991f8f1bc7,אי״ל,2,not an active training input
exact_candidate_count,extension_proposed,item-87be04cd27c16b4461980771,אי״ל,2,not an active training input
exact_candidate_count,extension_proposed,item-8affbd2dd4552e0179c39e93,א״י,4,not an active training input
exact_candidate_count,extension_proposed,item-f477fe8ffb7bb2fccb43047e,א״י,4,not an active training input
exact_candidate_count,extension_proposed,item-4ab8d2484795a20e963e7054,א״י,4,not an active training input
exact_candidate_count,extension_proposed,item-465a8e28c28d18066b8094c0,א״י,4,not an active training input
exact_candidate_count,extension_proposed,item-36c20e155c26ce1a7fcb3cbf,א״י,4,not an active training input
exact_candidate_count,extension_proposed,item-ff99243be97c3f21c91bedd8,א״י,4,not an active training input
exact_candidate_count,extension_proposed,item-7d00e92143a18818336eb628,א״י,4,not an active training input
exact_candidate_count,extension_proposed,item-1e72b05858b43fe255ac5b53,א״י,4,not an active training input
exact_candidate_count,extension_proposed,item-e1922397d88526f6b345d885,א״י,4,not an active training input
exact_candidate_count,extension_proposed,item-3a427888712f0339176a6ac3,א״י,4,not an active training input
exact_candidate_count,extension_proposed,item-cb3f4c628889a9546a98bdc4,א״י,4,not an active training input
exact_candidate_count,extension_proposed,item-feaf6af22d89c12fa9c824fe,א״י,4,not an active training input
exact_candidate_count,extension_proposed,item-382dabaef6c16b782fa24fba,כי״ח,2,not an active training input
exact_candidate_count,extension_proposed,item-25953116d96dbe800081406e,כי״ח,2,not an active training input
exact_candidate_count,extension_proposed,item-a3f8288f5ac21a059b885d15,כי״ח,2,not an active training input
exact_candidate_count,extension_proposed,item-0aeadfee86a777efffb072cd,מע״ש,3,not an active training input
exact_candidate_count,extension_proposed,item-eb9eddee788e7c45d10e9743,מע״ש,3,not an active training input
exact_candidate_count,extension_proposed,item-509ccfcaf93bc12d6c400c9d,מע״ש,3,not an active training input
exact_candidate_count,extension_proposed,item-c9b2dc7f4b4d5ddb8ba9bcc0,מע״ש,3,not an active training input
exact_candidate_count,extension_proposed,item-5ff24f70c2b251768a934c50,ס״ב,2,not an active training input
exact_candidate_count,extension_proposed,item-7b092bd128b3ca30a96729ee,ס״ב,2,not an active training input
exact_candidate_count,extension_proposed,item-5da42cca18acfaa5e75f9518,ס״ב,2,not an active training input
exact_candidate_count,extension_proposed,item-41f3ce00cbcccb667bfd2104,ס״ב,2,not an active training input
exact_candidate_count,extension_proposed,item-51106561ff64ac4613a947aa,ס״ב,2,not an active training input
exact_candidate_count,extension_proposed,item-4db0fe59153e299f745acf04,ס״ב,2,not an active training input
exact_candidate_count,extension_proposed,item-7032628a5d05bef5672c7331,את״ל,6,not an active training input
exact_candidate_count,extension_proposed,item-633cec16bce415600063bbd1,את״ל,6,not an active training input
exact_candidate_count,extension_proposed,item-5a6ff53e7dde159a38178633,את״ל,6,not an active training input
exact_candidate_count,extension_proposed,item-bbb4ec638123976f1514e025,ח״ן,4,not an active training input
exact_candidate_count,extension_proposed,item-a4897198a5ff439a492353c4,ח״ן,4,not an active training input
exact_candidate_count,extension_proposed,item-ddf4c38db998d6ed44c973dd,ח״ן,4,not an active training input
exact_candidate_count,extension_proposed,item-30ed506cb9277ea855f99ebb,ח״ן,4,not an active training input
exact_candidate_count,extension_proposed,item-e372aad229fd90c3c3ad1db5,עכו״ם,6,not an active training input
exact_candidate_count,extension_proposed,item-089c62552db410512422e8b0,עכו״ם,6,not an active training input
exact_candidate_count,extension_proposed,item-558d00f50e6528c498d8ea29,עכו״ם,6,not an active training input
exact_candidate_count,extension_proposed,item-e52bbc48d6758d96682a63a8,עכו״ם,6,not an active training input
exact_candidate_count,extension_proposed,item-ead4fbce220c3c1f0e4de904,עכו״ם,6,not an active training input
exact_candidate_count,extension_proposed,item-d51fbd878b316cf2029c0e31,עכו״ם,6,not an active training input
exact_candidate_count,extension_proposed,item-dc763cd5139c4c6c4c1de5c6,עכו״ם,6,not an active training input
exact_candidate_count,extension_proposed,item-a94a544af41a8118b98d19e6,עכו״ם,6,not an active training input
exact_candidate_count,extension_proposed,item-349f391af0baee88038ed8a8,עכו״ם,6,not an active training input
exact_candidate_count,extension_proposed,item-fccb573621e86288aec093cc,עכו״ם,6,not an active training input
exact_candidate_count,extension_proposed,item-386fc0a4981b5fa7b78ade3c,עכו״ם,6,not an active training input
exact_candidate_count,extension_proposed,item-a96a4c3c17c04f079f45819e,ס״מ,4,not an active training input
exact_candidate_count,extension_proposed,item-f1e9bc0ba5e9f2f97d7c8468,ס״מ,4,not an active training input
exact_candidate_count,extension_proposed,item-b0448e7fb1989cbc18af524b,ס״מ,4,not an active training input
exact_candidate_count,extension_proposed,item-1ee8628e04fa9c2019593981,ס״מ,4,not an active training input
exact_candidate_count,extension_proposed,item-2eba0e71995503bd5c72a24e,ס״מ,4,not an active training input
exact_candidate_count,extension_proposed,item-bfc172f458ba4df7cdf6f92b,ס״מ,4,not an active training input
exact_candidate_count,extension_proposed,item-2ef059bb01cb631302b3f2e9,א״ד,7,not an active training input
exact_candidate_count,extension_proposed,item-3c45b9e7cf80438c896d1beb,א״ד,7,not an active training input
exact_candidate_count,extension_proposed,item-7ccb7a6c956fc690b44d0edc,א״ד,7,not an active training input
exact_candidate_count,extension_proposed,item-b00a476942a29dd23ee97deb,א״ד,7,not an active training input
exact_candidate_count,extension_proposed,item-1fb748aae01f88e1c7272a91,א״ד,7,not an active training input
exact_candidate_count,extension_proposed,item-afbd7f6f7af8875b06145fd9,א״ד,7,not an active training input
exact_candidate_count,extension_proposed,item-d5c29d08f82b2d31990c08f8,א״ד,7,not an active training input
exact_candidate_count,extension_proposed,item-47e2a45ca5ce4eba06147bf6,א״ד,7,not an active training input
exact_candidate_count,extension_proposed,item-d4bfbee27a29d8aeb8bebfcf,א״ד,7,not an active training input
exact_candidate_count,extension_proposed,item-131df099afc5d21eeb6c4689,א״ד,7,not an active training input
exact_candidate_count,extension_proposed,item-9baa029f5a87d0e0317f5207,כ״ס,3,not an active training input
exact_candidate_count,extension_proposed,item-67ec2d2aeafcdaafc9bbb7c0,כ״ס,3,not an active training input
exact_candidate_count,extension_proposed,item-b9bf2844072f17fc378e01c5,כ״ס,3,not an active training input
exact_candidate_count,extension_proposed,item-852c09f12fffb3d9d2ed2002,כ״ס,3,not an active training input
exact_candidate_count,extension_proposed,item-c00ee6e39ef0f3f0987b1e7b,כ״ס,3,not an active training input
exact_candidate_count,extension_proposed,item-90558c5bfe19ad5eae749fdc,כ״ס,3,not an active training input
exact_candidate_count,extension_proposed,item-5e25b3254b8094ba128f5cdf,כ״ס,3,not an active training input
exact_candidate_count,extension_proposed,item-47cedcd0fec9bd4d2861fe01,כ״ס,3,not an active training input
exact_candidate_count,extension_proposed,item-4150e82fd97c4156e2c7fa2a,כ״ס,3,not an active training input
exact_candidate_count,extension_proposed,item-158d264cf6432d164df40fda,מל״ל,3,not an active training input
exact_candidate_count,extension_proposed,item-3a7343666ca6d01ce5fd79e2,מל״ל,3,not an active training input
exact_candidate_count,extension_proposed,item-ee8c2c745b06159e7a406f62,מל״ל,3,not an active training input
exact_candidate_count,extension_proposed,item-15f21fdffaf5c2b65420cbc0,מל״ל,3,not an active training input
exact_candidate_count,extension_proposed,item-b80c0c26dac48712cac9302e,מל״ל,3,not an active training input
exact_candidate_count,extension_proposed,item-424b578ee8f747f83f9cfd3c,מל״ל,3,not an active training input
exact_candidate_count,extension_proposed,item-bc654d60a66ce83406832aa3,מל״ל,3,not an active training input
exact_candidate_count,extension_proposed,item-3588f460feab1e8caebf60b4,מל״ל,3,not an active training input
exact_candidate_count,extension_proposed,item-1766cf96f74ca4df136fb2fc,מל״ל,3,not an active training input
exact_candidate_count,extension_proposed,item-6d751c20b43e6d11ace84c75,מח״ל,2,not an active training input
exact_candidate_count,extension_proposed,item-6c15c45cfa233369093e57a4,א״ת,3,not an active training input
exact_candidate_count,extension_proposed,item-a1b99312350c510519ea1070,א״ת,3,not an active training input
exact_candidate_count,extension_proposed,item-49d6571974f3d40fe9b2c639,א״ת,3,not an active training input
exact_candidate_count,extension_proposed,item-7b9411c0cf1623b5a99ccdd7,א״ת,3,not an active training input
exact_candidate_count,extension_proposed,item-760ec98b993341d00bfb25f5,א״ת,3,not an active training input
exact_candidate_count,extension_proposed,item-3b52ecb0abcad8b4a2757f4b,א״ת,3,not an active training input
exact_candidate_count,extension_proposed,item-e0be66cbe2216a14403fe009,מל״מ,7,not an active training input
exact_candidate_count,extension_proposed,item-e4f8b3b9de5463c14fd7b142,מל״מ,7,not an active training input
exact_candidate_count,extension_proposed,item-278287584514af45161b1df2,מל״מ,7,not an active training input
exact_candidate_count,extension_proposed,item-b087ebd33d87439c1366afd3,מל״מ,7,not an active training input
exact_candidate_count,extension_proposed,item-0d5e2df34bb45a8ae8c3d8c5,מל״מ,7,not an active training input
exact_candidate_count,extension_proposed,item-014e9473443f2d80d6d105a4,מל״מ,7,not an active training input
exact_candidate_count,extension_proposed,item-b0410494f60e8046b1aed7e4,מל״מ,7,not an active training input
exact_candidate_count,extension_proposed,item-a37d0076b53751834090d2f2,מל״מ,7,not an active training input
exact_candidate_count,extension_proposed,item-f017418490384c020602e87c,מל״מ,7,not an active training input
exact_candidate_count,extension_proposed,item-f8da1635a76d72ef514d0825,מל״מ,7,not an active training input
exact_candidate_count,extension_proposed,item-7e64966199e764efc45363a0,מל״מ,7,not an active training input
exact_candidate_count,extension_proposed,item-09ba7b06f4c769b2806cb8e1,מל״מ,7,not an active training input
exact_candidate_count,extension_proposed,item-d4232b713e32f6c96277a8ce,מל״מ,7,not an active training input
exact_candidate_count,extension_proposed,item-71df30854f9fe1b54ba722c5,מל״מ,7,not an active training input
exact_candidate_count,extension_proposed,item-08bea567f6fd724af57b831b,מל״מ,7,not an active training input
exact_candidate_count,extension_proposed,item-0a677f138eb7c961eec9e60e,מל״מ,7,not an active training input
exact_candidate_count,extension_proposed,item-6d56dfd1e6392372c5e32381,מל״מ,7,not an active training input
exact_candidate_count,extension_proposed,item-225ebad81f42f5ea68b8cffc,מל״מ,7,not an active training input
exact_candidate_count,extension_proposed,item-ca5dcea3bb5ab3ee62e46f29,יו״ד,3,not an active training input
exact_candidate_count,extension_proposed,item-522bacbda9853747dfdeb077,יו״ד,3,not an active training input
exact_candidate_count,extension_proposed,item-aedf73df94c247ed5e5cd5cb,יו״ד,3,not an active training input
exact_candidate_count,extension_proposed,item-5c01442fc93d9d9cc410b966,יו״ד,3,not an active training input
exact_candidate_count,extension_proposed,item-4cc11df12b20d4b8b9bd74e6,יו״ד,3,not an active training input
exact_candidate_count,extension_proposed,item-9825b9313685c7ad35ac4542,יו״ד,3,not an active training input
exact_candidate_count,extension_proposed,item-0299f413530e38e8979fa44a,מד״א,5,not an active training input
exact_candidate_count,extension_proposed,item-3c7667cc6fd40d770d5b01b8,מד״א,5,not an active training input
exact_candidate_count,extension_proposed,item-17917355915081fefc7e0e9e,מד״א,5,not an active training input
exact_candidate_count,extension_proposed,item-f5e72a6a09e6d524afb5ff06,מד״א,5,not an active training input
exact_candidate_count,extension_proposed,item-bf19d97a1cc7475a239faae2,מד״א,5,not an active training input
exact_candidate_count,extension_proposed,item-8770a4e2a4979511bcc48938,מד״א,5,not an active training input
exact_candidate_count,extension_proposed,item-976c41d684c105a31dedad90,תצ״א,2,not an active training input
exact_candidate_count,extension_proposed,item-03c4ce7e92d49acd61c39b0d,תצ״א,2,not an active training input
exact_candidate_count,extension_proposed,item-abd911852c28f3cd72f9335b,תצ״א,2,not an active training input
exact_candidate_count,extension_proposed,item-27617e24676fe9178f56324a,אג״מ,2,not an active training input
exact_candidate_count,extension_proposed,item-e175d7cf3613a837cb0c0d87,אג״מ,2,not an active training input
exact_candidate_count,extension_proposed,item-b9f9b7d693fad6b30336003c,אג״מ,2,not an active training input
exact_candidate_count,extension_proposed,item-e39cdb5ae2f0228860ee80f8,אג״מ,2,not an active training input
exact_candidate_count,extension_proposed,item-741447da20b3fb521ea1ce0c,אג״מ,2,not an active training input
exact_candidate_count,extension_proposed,item-1449bd720cbd701e7fecde21,אג״מ,2,not an active training input
exact_candidate_count,extension_proposed,item-c4079e119c58301e5b7128fe,סמ״ק,2,not an active training input
exact_candidate_count,extension_proposed,item-fd60c2ec066347a669333db8,סמ״ק,2,not an active training input
exact_candidate_count,extension_proposed,item-81876882f9d4d1b89cbbbb86,סמ״ק,2,not an active training input
exact_candidate_count,extension_proposed,item-042cdcb887367ee6c6f288f3,סמ״ק,2,not an active training input
exact_candidate_count,extension_proposed,item-23bf79acfa88be11c688184f,סמ״ק,2,not an active training input
exact_candidate_count,extension_proposed,item-fad880ba8059cefefaa8fb4e,אמ״ץ,3,not an active training input
exact_candidate_count,extension_proposed,item-7d7c04d3f32928157144361b,אמ״ץ,3,not an active training input
exact_candidate_count,extension_proposed,item-6e09d6131bdb70f9f089827e,אמ״ץ,3,not an active training input
exact_candidate_count,extension_proposed,item-10238ff84f58c912913b050e,ל״ע,3,not an active training input
exact_candidate_count,extension_proposed,item-b1b805457312de247ce8474b,ל״ע,3,not an active training input
exact_candidate_count,extension_proposed,item-6aa22594e75f0bf7f512d84e,ל״ע,3,not an active training input
exact_candidate_count,extension_proposed,item-5d206e9c908fb967a0607736,ל״ע,3,not an active training input
exact_candidate_count,extension_proposed,item-b24ebac41af1ef1b513b36f3,ל״ע,3,not an active training input
exact_candidate_count,extension_proposed,item-a1fadb498a5e490e6daed3c0,ל״ע,3,not an active training input
exact_candidate_count,extension_proposed,item-d0d71bc5d470d5c5acec4944,ל״ע,3,not an active training input
exact_candidate_count,extension_proposed,item-30a19061c939d08348ae0708,ל״ע,3,not an active training input
exact_candidate_count,extension_proposed,item-eaf1677fab6e8c41dc60a75f,ל״ע,3,not an active training input
exact_candidate_count,extension_proposed,item-1ff7293748ccc845e71b4a12,דפ״ר,2,not an active training input
exact_candidate_count,extension_proposed,item-f7f62885ed14771842292942,דפ״ר,2,not an active training input
exact_candidate_count,extension_proposed,item-978e31877386f4a30d676ffc,דפ״ר,2,not an active training input
exact_candidate_count,extension_proposed,item-90082c2364f5fcebb9b26d39,דפ״ר,2,not an active training input
exact_candidate_count,extension_proposed,item-23ead1198cd9922e2468c0be,ש״ח,5,not an active training input
exact_candidate_count,extension_proposed,item-43bde41609d00992bc9e4466,ש״ח,5,not an active training input
exact_candidate_count,extension_proposed,item-8a44c9d3c5b9384669d9fe4d,ש״ח,5,not an active training input
exact_candidate_count,extension_proposed,item-afc259788f05b7618c8a2543,ש״ח,5,not an active training input
exact_candidate_count,extension_proposed,item-d5de30170457fa47dec50692,ש״ח,5,not an active training input
exact_candidate_count,extension_proposed,item-4668e200c2b0752ceadafdb5,ש״ח,5,not an active training input
exact_candidate_count,extension_proposed,item-fd0f6bf5138b9c9a569a018e,ש״ח,5,not an active training input
exact_candidate_count,extension_proposed,item-de0c404997a95907bd928806,ש״ח,5,not an active training input
exact_candidate_count,extension_proposed,item-26df8a02b16fd45ff203ef53,ש״ח,5,not an active training input
exact_candidate_count,extension_proposed,item-110c9af9e98bcbd37ad75cb4,ש״ח,5,not an active training input
exact_candidate_count,extension_proposed,item-4fe38ffa7e3c30dcdbb2b176,ש״ח,5,not an active training input
exact_candidate_count,extension_proposed,item-f516a7da47922254f28f7163,ש״ח,5,not an active training input
exact_candidate_count,extension_proposed,item-1ffa56e9e2b2b8d157e8e174,ח״פ,2,not an active training input
exact_candidate_count,extension_proposed,item-25cb49760b6933f4de1cfa97,ח״פ,2,not an active training input
exact_candidate_count,extension_proposed,item-5d0d042f14946f377821a11c,ח״פ,2,not an active training input
exact_candidate_count,extension_proposed,item-b518b53bca490ddfc13d2521,ח״פ,2,not an active training input
exact_candidate_count,extension_proposed,item-3f8229e2c8f25f4675b26faf,נ״מ,2,not an active training input
exact_candidate_count,extension_proposed,item-a6e7d5c77af3b654fa101c42,נ״מ,2,not an active training input
exact_candidate_count,extension_proposed,item-742ecaefb3a9022b971eaeb0,נ״מ,2,not an active training input
exact_candidate_count,extension_proposed,item-c8e16580f4d66d5e90e268b4,נ״מ,2,not an active training input
exact_candidate_count,extension_proposed,item-8c3c680827638d18c1a94da8,נ״מ,2,not an active training input
exact_candidate_count,extension_proposed,item-aa556b97e3d855f41b8611ba,נ״מ,2,not an active training input
exact_candidate_count,extension_proposed,item-c01ae4df7c43a56b5fc1506d,ש״י,4,not an active training input
exact_candidate_count,extension_proposed,item-3884bb0e7dfe5d1d42017008,בס״ד,2,not an active training input
exact_candidate_count,extension_proposed,item-4439ea7290a31c186fc6a505,בס״ד,2,not an active training input
exact_candidate_count,extension_proposed,item-4e3dcb34c180e009fa4a03d9,בס״ד,2,not an active training input
exact_candidate_count,extension_proposed,item-c26af3852f9cd4b92ae551e4,ג״ג,2,not an active training input
exact_candidate_count,extension_proposed,item-8b20034ed074ab79da938910,ג״ג,2,not an active training input
exact_candidate_count,extension_proposed,item-17a456a740261721054d36e6,ג״ג,2,not an active training input
exact_candidate_count,extension_proposed,item-946f9f9594b914479649b93f,ג״ג,2,not an active training input
exact_candidate_count,extension_proposed,item-002dfab087ee3031c50dd7ff,ג״ג,2,not an active training input
exact_candidate_count,extension_proposed,item-7cbb0c8c3d9b92edfdd0f50a,תמ״ג,2,not an active training input
exact_candidate_count,extension_proposed,item-ecb40b61d57e64a2dae7c997,תמ״ג,2,not an active training input
exact_candidate_count,extension_proposed,item-aef93abd07eef6402968c039,תמ״ג,2,not an active training input
exact_candidate_count,extension_proposed,item-6796a989ead65600a50e5dc4,תמ״ג,2,not an active training input
exact_candidate_count,extension_proposed,item-9bd61c0a47975592bca1d6bb,תמ״ג,2,not an active training input
exact_candidate_count,extension_proposed,item-39f608c84a5021f8109a69a0,תמ״ג,2,not an active training input
exact_candidate_count,extension_proposed,item-ef4d04167a3e9ecf137afa4b,ע״פ,5,not an active training input
exact_candidate_count,extension_proposed,item-8a4c387231bfd66907fb068c,ע״פ,5,not an active training input
exact_candidate_count,extension_proposed,item-c49030301d58ac6249c65435,ע״פ,5,not an active training input
exact_candidate_count,extension_proposed,item-fe8bc5943979355fc5017e99,ע״פ,5,not an active training input
exact_candidate_count,extension_proposed,item-8d688273dea5aed4bc0c4d32,ע״פ,5,not an active training input
exact_candidate_count,extension_proposed,item-f9a00587d8582c4201b386a4,ע״פ,5,not an active training input
exact_candidate_count,extension_proposed,item-0fdd11224b655a60367504eb,ע״פ,5,not an active training input
exact_candidate_count,extension_proposed,item-4f13481db5766d03a5e2d65f,ע״פ,5,not an active training input
exact_candidate_count,extension_proposed,item-9f811e99adf3baa6482b722e,ר״ג,3,not an active training input
exact_candidate_count,extension_proposed,item-71c999fc42dc389d4258e067,ר״ג,3,not an active training input
exact_candidate_count,extension_proposed,item-d92a66bbe2c510285f5ec8ce,ר״ג,3,not an active training input
exact_candidate_count,extension_proposed,item-a7bb8c485a2c60ab9d3c0803,ר״ג,3,not an active training input
exact_candidate_count,extension_proposed,item-9e1bb2aa69ae8400be2acc11,ר״ג,3,not an active training input
exact_candidate_count,extension_proposed,item-ed8a148f1eaa970568e8fad3,ר״ג,3,not an active training input
exact_candidate_count,extension_proposed,item-d757cb9d64bb59046cbbbb10,מ״ר,3,not an active training input
exact_candidate_count,extension_proposed,item-3b666812e44a8a400fa6958b,מ״ר,3,not an active training input
exact_candidate_count,extension_proposed,item-572186446d1836d61d67de76,מ״ר,3,not an active training input
exact_candidate_count,extension_proposed,item-f5ddc59febb21a46391d19c7,מ״ר,3,not an active training input
exact_candidate_count,extension_proposed,item-af5244b4d0968a3b52aa6a7c,מ״ר,3,not an active training input
exact_candidate_count,extension_proposed,item-0962291aa3fbccda0f7ebe1a,מ״ר,3,not an active training input
exact_candidate_count,extension_proposed,item-1cce0abfc41e68248d1e6e75,פ״א,11,not an active training input
exact_candidate_count,extension_proposed,item-6d6f3e1f26bde944b7e56965,פ״א,11,not an active training input
exact_candidate_count,extension_proposed,item-0e45c98d389adf5aa5e2c9ac,פ״א,11,not an active training input
exact_candidate_count,extension_proposed,item-d60ed5ee04850b387d64546a,פ״א,11,not an active training input
exact_candidate_count,extension_proposed,item-09d7d457d4c55a77663f920e,פ״א,11,not an active training input
exact_candidate_count,extension_proposed,item-ce5d7b6dcbf46b94e7b0141b,פ״א,11,not an active training input
exact_candidate_count,extension_proposed,item-b97477d2d5562a0dce69eb7b,פ״א,11,not an active training input
exact_candidate_count,extension_proposed,item-5ea08d057459fd9a2ae97876,פ״א,11,not an active training input
exact_candidate_count,extension_proposed,item-8bf7e617898718268acd51d3,פ״א,11,not an active training input
exact_candidate_count,extension_proposed,item-c284bf5b927e0598a44484a5,פ״א,11,not an active training input
exact_candidate_count,extension_proposed,item-81390f81b178db454c852cff,פ״א,11,not an active training input
exact_candidate_count,extension_proposed,item-11deea416339c0eee366de75,פ״א,11,not an active training input
exact_candidate_count,extension_proposed,item-654004d73dde345a3df8e33f,פ״א,11,not an active training input
exact_candidate_count,extension_proposed,item-be8b22f61cdbb1701d81ca2c,פ״א,11,not an active training input
exact_candidate_count,extension_proposed,item-66b7f3cb01063a5c1c71e4a4,פ״א,11,not an active training input
exact_candidate_count,extension_proposed,item-6abfd3fe4201e8e14f6c35c8,פ״א,11,not an active training input
exact_candidate_count,extension_proposed,item-9bacd28ba83b7dada23d4f78,פ״א,11,not an active training input
exact_candidate_count,extension_proposed,item-3c6fa44a24827debbadf6422,פ״א,11,not an active training input
exact_candidate_count,extension_proposed,item-9ad7a593815e364e7607eca3,פ״א,11,not an active training input
exact_candidate_count,extension_proposed,item-e0ad1837fe67665c3c55552e,פ״א,11,not an active training input
exact_candidate_count,extension_proposed,item-600863f52295c4bf97a1de97,פ״א,11,not an active training input
exact_candidate_count,extension_proposed,item-eda7d767a1856c65a96c1bbb,פ״א,11,not an active training input
exact_candidate_count,extension_proposed,item-45bd3d4b3a77029c57d50759,פ״א,11,not an active training input
exact_candidate_count,extension_proposed,item-6f98d0694eb86ce7fabc738f,פ״א,11,not an active training input
exact_candidate_count,extension_proposed,item-cda4c76b232eef6db45650f2,פ״א,11,not an active training input
exact_candidate_count,extension_proposed,item-81ddaa5824786747504536c3,פ״א,11,not an active training input
exact_candidate_count,extension_proposed,item-e8d68b0192efbe4f0ef3d597,מת״ש,2,not an active training input
exact_candidate_count,extension_proposed,item-6e9d495e0b5d866340a53cca,מת״ש,2,not an active training input
exact_candidate_count,extension_proposed,item-ec74ac5a78b95e3f5b136c1a,מת״ש,2,not an active training input
exact_candidate_count,control_replacement_proposed,item-7e4ace79a4e7b621561b3b26,משה״ד,2,not an active training input
exact_candidate_count,control_replacement_proposed,item-1c898f73056c98dd0f851512,ת״ק,2,not an active training input
exact_candidate_count,control_replacement_proposed,item-79b1866d366974782e2bdb89,ס״ג,2,not an active training input
exact_candidate_count,control_replacement_proposed,item-5a96545c4614630f7aad01e8,רמ״ח,2,not an active training input
exact_candidate_count,control_replacement_proposed,item-0aaa214bd12a5e33a534d2d6,דמ״צ,2,not an active training input
exact_candidate_count,control_replacement_proposed,item-45df329d982f0df7bc17de51,דר״א,2,not an active training input
exact_candidate_count,control_replacement_proposed,item-4490c52b5b25f892162f196d,ב״ז,2,not an active training input
exact_candidate_count,control_replacement_proposed,item-68da7fee800bd215d7a4b879,ב״ז,2,not an active training input
exact_candidate_count,control_replacement_proposed,item-8afde40bbe4252fd266f877d,יש״ו,2,not an active training input
exact_candidate_count,control_replacement_proposed,item-7206fb59230df29b0445b094,ת״ד,2,not an active training input
exact_candidate_count,control_replacement_proposed,item-aa63fe2def82a3ca1ac66d4c,קרוב״ץ,2,not an active training input
exact_candidate_count,control_replacement_proposed,item-f26368d6cd987fa1066e7f68,תא״מ,2,not an active training input
exact_candidate_count,control_replacement_proposed,item-f60fc1cd4ba6598f8b07ea19,ג״א,2,not an active training input
exact_candidate_count,control_replacement_proposed,item-b24b29e5cd8e46e19a12e4b3,מל״ב,2,not an active training input
exact_candidate_count,control_replacement_proposed,item-e1940397a148d4b6642dacb3,מל״ב,2,not an active training input
exact_candidate_count,control_replacement_proposed,item-e3d8e290b7a95bd15ef2aa37,מו״ח,2,not an active training input
exact_candidate_count,control_replacement_proposed,item-7d01691d1e38315b9e7fce0a,מל״ט,2,not an active training input
exact_candidate_count,control_replacement_proposed,item-7d30eadcf9950c85703dabe4,מב״א,2,not an active training input
exact_candidate_count,control_replacement_proposed,item-8263bcc325ad836ad9424f16,מב״א,2,not an active training input
exact_candidate_count,control_replacement_proposed,item-0be84ba6f41a84c56271ff34,מב״א,2,not an active training input
exact_candidate_count,control_replacement_proposed,item-03530e65624a185226afa0a7,אב״ד,2,not an active training input
exact_candidate_count,control_replacement_proposed,item-5adc5d3bd48c70c4af16c878,חנ״ה,2,not an active training input
exact_candidate_count,control_replacement_proposed,item-0c99a8f7397a94782b8a9583,אב״מ,2,not an active training input
exact_candidate_count,control_replacement_proposed,item-18499ad7ad3301a77ae01345,אב״מ,2,not an active training input
exact_candidate_count,control_replacement_proposed,item-6c1f3c391e9b2f625c4288cb,אב״מ,2,not an active training input
exact_candidate_count,control_replacement_proposed,item-fd46a6861d9cc2531ab3582e,מפמ״ר,2,not an active training input
exact_candidate_count,control_replacement_proposed,item-60d337bc201ab3d856f1aab3,י״מ,2,not an active training input
exact_candidate_count,control_replacement_proposed,item-dce0f3f5433ca9bcb1ff8635,אב״ש,2,not an active training input
exact_candidate_count,control_replacement_proposed,item-7969b64e2bc54c89334b8587,יא״פ,2,not an active training input
exact_candidate_count,control_replacement_proposed,item-07a75490a45f47c1e3fbec64,ס״ת,2,not an active training input
exact_candidate_count,control_replacement_proposed,item-7e6b385ea960a34b520c6fe8,מע״ת,2,not an active training input
exact_candidate_count,control_replacement_proposed,item-4bfe65a5747b6998766e95f7,ס״ג,2,not an active training input
exact_candidate_count,control_replacement_proposed,item-79170da6853dc1233c2da0cd,רמ״ז,2,not an active training input
exact_candidate_count,control_replacement_proposed,item-83e70a29fc5c796492410665,רמ״ז,2,not an active training input
exact_candidate_count,control_replacement_proposed,item-05605e149307320409a224c9,ק״צ,2,not an active training input
exact_candidate_count,control_replacement_proposed,item-7717efede5f581808d24ed54,מדא״ג,2,not an active training input
exact_candidate_count,control_replacement_proposed,item-bb573b0557ccd709c1e7c42b,אי״ה,2,not an active training input
exact_candidate_count,control_replacement_proposed,item-fcde3db8ed105ae10e6c1144,דל״ש,2,not an active training input
exact_candidate_count,control_replacement_proposed,item-50f65f137bf40849604cc723,הגה״צ,2,not an active training input
exact_candidate_count,control_replacement_proposed,item-45e7bc0279caf4afbab87b1e,הגה״צ,2,not an active training input
exact_candidate_count,control_replacement_proposed,item-bafab3398722c0fbe9b6e586,בל״ע,2,not an active training input
exact_candidate_count,control_replacement_proposed,item-e7518b6bbcb55a2ccfd6cf5f,עד״מ,2,not an active training input
exact_candidate_count,control_replacement_proposed,item-288c195783fab1c51664af93,אמ״ש,2,not an active training input
exact_candidate_count,control_replacement_proposed,item-11dd586bc39f9315549bbc57,ברז״ל,2,not an active training input
exact_candidate_count,control_replacement_proposed,item-8a23b8231d2b18dbf14921d5,עמ״ט,2,not an active training input
exact_candidate_count,control_replacement_proposed,item-507f17cb0c9a2941173c57ab,איו״ש,2,not an active training input
exact_candidate_count,control_replacement_proposed,item-b30a54ff0751d6be3e536e5d,איו״ש,2,not an active training input
exact_candidate_count,control_replacement_proposed,item-adecbcec6b1f5bfe4566a05f,איו״ש,2,not an active training input
exact_candidate_count,control_replacement_proposed,item-aa9751a12002907c49e2805d,רמ״ק,2,not an active training input
exact_candidate_count,control_replacement_proposed,item-68176b2fecbaf5809b1323ea,מקל״ש,2,not an active training input
exact_candidate_count,control_replacement_proposed,item-f831defa93fbd803e1573169,או״ח,2,not an active training input
exact_candidate_count,control_replacement_proposed,item-871654046d3d43c1b195930d,יר״ש,2,not an active training input
exact_candidate_count,control_replacement_proposed,item-47e3671ecdcd520a6decd08a,ימ״ח,2,not an active training input
exact_candidate_count,control_replacement_proposed,item-4668f66d258e3c45db8b2019,או״ק,2,not an active training input
exact_candidate_count,control_replacement_proposed,item-5b2f28428bd8004f8a570ad3,או״ק,2,not an active training input
exact_candidate_count,control_replacement_proposed,item-96d9da037e66f8ccb2dce50e,או״ק,2,not an active training input
exact_candidate_count,control_replacement_proposed,item-0ceb94375643b07cac8117d3,ל״ל,2,not an active training input
exact_candidate_count,control_replacement_proposed,item-caceca05b99a9661f04f0eb0,רשב״ג,2,not an active training input
exact_candidate_count,control_replacement_proposed,item-584a0e15a900a92c8476634c,רשב״ג,2,not an active training input
exact_candidate_count,control_replacement_proposed,item-644362f7d631fa4b24661d06,אח״י,2,not an active training input
exact_candidate_count,control_replacement_proposed,item-558442c7ed097dc17f24c8a8,קב״ר,2,not an active training input
exact_candidate_count,control_replacement_proposed,item-793376921884a18ba0e8794e,תת״מ,2,not an active training input
exact_candidate_count,control_replacement_proposed,item-168e0f54b1347a58e02573ba,אב״מ,2,not an active training input
exact_candidate_count,control_replacement_proposed,item-20e4ec2982a82f2ef1d55f1e,ט״נ,2,not an active training input
exact_candidate_count,control_replacement_proposed,item-26a25c6a35eba5bf0ca6f08c,ת״פ,2,not an active training input
exact_candidate_count,control_replacement_proposed,item-f8c16b7152f0733a38c0686e,שו״ש,3,not an active training input
exact_candidate_count,control_replacement_proposed,item-c3a97d8cbbb55f6b80ae08fb,א״ע,3,not an active training input
exact_candidate_count,control_replacement_proposed,item-f52649238290f07625754096,צח״מ,3,not an active training input
exact_candidate_count,control_replacement_proposed,item-f72602893e769fab31e605b2,טל״מ,3,not an active training input
exact_candidate_count,control_replacement_proposed,item-f2383e6acfa8e5b00f855b07,ר״ה,3,not an active training input
exact_candidate_count,control_replacement_proposed,item-6dba2c4b52205854dc32a605,קמ״ש,3,not an active training input
exact_candidate_count,control_replacement_proposed,item-27b0899be51ddea1d84f6b67,קמ״ש,3,not an active training input
exact_candidate_count,control_replacement_proposed,item-6578ab8ac3025301b9021eda,שו״ש,3,not an active training input
exact_candidate_count,control_replacement_proposed,item-f6bfd2443e2afe3b0f154a4c,מד״ן,3,not an active training input
exact_candidate_count,control_replacement_proposed,item-18dee930ead9be4cf41f0261,קא״ם,3,not an active training input
exact_candidate_count,control_replacement_proposed,item-527e7b1c161f9e8ef4d3d251,א״ע,3,not an active training input
exact_candidate_count,control_replacement_proposed,item-486171091e1cb7a95b05bd15,א״ג,3,not an active training input
exact_candidate_count,control_replacement_proposed,item-171c80f6aa665dde2c37a58a,ראב״ן,3,not an active training input
exact_candidate_count,control_replacement_proposed,item-3650a920f99f85535098f873,ראב״ן,3,not an active training input
exact_candidate_count,control_replacement_proposed,item-0ababe49e2a4ebd20418ef69,ראב״ן,3,not an active training input
exact_candidate_count,control_replacement_proposed,item-6241cd150829735a4ad7644f,ז״א,3,not an active training input
exact_candidate_count,control_replacement_proposed,item-fb505600e6af8cd145be99cc,ז״א,3,not an active training input
exact_candidate_count,control_replacement_proposed,item-3b93d9efafc3f45a0c054290,פא״י,3,not an active training input
exact_candidate_count,control_replacement_proposed,item-2fa678b1fc6cbfe25d0618c2,מא״ג,3,not an active training input
exact_candidate_count,control_replacement_proposed,item-3d0a5b07a7cd9445b3bd14aa,אג״ס,3,not an active training input
exact_candidate_count,control_replacement_proposed,item-72d6143727692a6b879b94f3,אג״ם,3,not an active training input
exact_candidate_count,control_replacement_proposed,item-9d44c14661b83c2b0ba7c61f,אג״ם,3,not an active training input
exact_candidate_count,control_replacement_proposed,item-a9fcda0b894f0ef81b1793bf,אג״ם,3,not an active training input
exact_candidate_count,control_replacement_proposed,item-dd2fcb149462e65ed08d7ee9,ד״מ,3,not an active training input
exact_candidate_count,control_replacement_proposed,item-f5c554f8261941496644c344,אש״ל,3,not an active training input
exact_candidate_count,control_replacement_proposed,item-3af55fe6155b82d803b48578,תו״מ,3,not an active training input
exact_candidate_count,control_replacement_proposed,item-a15e9a519fa69942787b36b9,אס״י,3,not an active training input
exact_candidate_count,control_replacement_proposed,item-f3ece302e79faefb009edae0,כה״ג,3,not an active training input
exact_candidate_count,control_replacement_proposed,item-3457aaa41f5cca8ca81f169d,חו״ר,3,not an active training input
exact_candidate_count,control_replacement_proposed,item-0bc4940de1db83660ab5ae98,א״ג,3,not an active training input
exact_candidate_count,control_replacement_proposed,item-eeccc8a38431b5143780eee2,ב״א,3,not an active training input
exact_candidate_count,control_replacement_proposed,item-6d952560c3a69b8966bdf361,סמ״ר,3,not an active training input
exact_candidate_count,control_replacement_proposed,item-ddb381bd92c9833222910205,ז״א,3,not an active training input
exact_candidate_count,control_replacement_proposed,item-0520d08963545e158ace8b45,קו״נ,3,not an active training input
exact_candidate_count,control_replacement_proposed,item-8dbfdfc58fa7471d9a7211cc,קו״נ,3,not an active training input
exact_candidate_count,control_replacement_proposed,item-5931e8db96f907e218bbc84d,קו״נ,3,not an active training input
exact_candidate_count,control_replacement_proposed,item-dc069a2e6074f97797dd2dfc,ע״ר,3,not an active training input
exact_candidate_count,control_replacement_proposed,item-b343bdb73dffa755317d7828,ע״ר,3,not an active training input
exact_candidate_count,control_replacement_proposed,item-cf1359d971530b5c9d2144f7,ע״ר,3,not an active training input
exact_candidate_count,control_replacement_proposed,item-8da063a68da8c34e5e69ee1a,קמ״ט,3,not an active training input
exact_candidate_count,control_replacement_proposed,item-6ce964d12c3388755a013840,יחב״ל,3,not an active training input
exact_candidate_count,control_replacement_proposed,item-8e55080a98fbcb4d9d0197b7,ד״נ,3,not an active training input
exact_candidate_count,control_replacement_proposed,item-c6f92d7b0bc7ce0dbb4916a5,ד״נ,3,not an active training input
exact_candidate_count,control_replacement_proposed,item-6f031037c69318c17f56dc05,ד״נ,3,not an active training input
exact_candidate_count,control_replacement_proposed,item-7598899c10fa9a850e6fac5a,אה״ק,3,not an active training input
exact_candidate_count,control_replacement_proposed,item-13a030e58d363dccffa74f83,אה״ק,3,not an active training input
exact_candidate_count,control_replacement_proposed,item-0e9eda33343423a41b0beabc,אה״ק,3,not an active training input
exact_candidate_count,control_replacement_proposed,item-0397ac67f0d510ed3d98f9c7,סמ״ט,3,not an active training input
exact_candidate_count,control_replacement_proposed,item-c39a86893f87e00b8af8b9cc,אג״ם,3,not an active training input
exact_candidate_count,control_replacement_proposed,item-7ca660ab7e5f1f19322bb001,ממ״ד,3,not an active training input
exact_candidate_count,control_replacement_proposed,item-788eddde3c4aec40c7757198,אה״ק,3,not an active training input
exact_candidate_count,control_replacement_proposed,item-f653f1d56138845442ce2437,אה״ק,3,not an active training input
exact_candidate_count,control_replacement_proposed,item-4b89b7367e83ab2ac6f4a8e3,אה״ק,3,not an active training input
exact_candidate_count,control_replacement_proposed,item-b24dbf7520f55db494c9a4b7,ד״צ,3,not an active training input
exact_candidate_count,control_replacement_proposed,item-fab8852e8a4fb8473256d75f,א״ג,3,not an active training input
exact_candidate_count,control_replacement_proposed,item-2baa26cba2c256ed4f50e008,חו״ר,3,not an active training input
exact_candidate_count,control_replacement_proposed,item-8c49fb02dcff59cdbc1a15e1,ד״ת,3,not an active training input
exact_candidate_count,control_replacement_proposed,item-8bd2c011dfdf227de54af3e5,ד״ת,3,not an active training input
exact_candidate_count,control_replacement_proposed,item-31de994da455d1ffe4d8e30f,ד״ת,3,not an active training input
exact_candidate_count,control_replacement_proposed,item-ddf5554490a766897dda6f3d,קא״ם,3,not an active training input
exact_candidate_count,control_replacement_proposed,item-e32d38bd2d4e3bbfb50fc827,ממ״ס,3,not an active training input
exact_candidate_count,control_replacement_proposed,item-19002aebb61f498c1df1f97e,ח״ק,3,not an active training input
exact_candidate_count,control_replacement_proposed,item-d65bb00abe7bc11b6439f1ce,ח״ש,4,not an active training input
exact_candidate_count,control_replacement_proposed,item-0033a8c45a3fa56e63fb9ac7,כד״א,4,not an active training input
exact_candidate_count,control_replacement_proposed,item-26dcf2a8a5ea9cb28eb06f62,מ״ח,4,not an active training input
exact_candidate_count,control_replacement_proposed,item-a064efb96275af4b4dc9b8b1,ע״ס,4,not an active training input
exact_candidate_count,control_replacement_proposed,item-f11c2f6c0c6af8f68ab56788,ש״פ,4,not an active training input
exact_candidate_count,control_replacement_proposed,item-24f1e8a00c0f5e18cc35dc2e,ש״פ,4,not an active training input
exact_candidate_count,control_replacement_proposed,item-0cee8281f891b153bd172190,מד״ס,4,not an active training input
exact_candidate_count,control_replacement_proposed,item-e0d36dc72b010a0167117661,אב״ג,4,not an active training input
exact_candidate_count,control_replacement_proposed,item-aa6b383b3e50b7b76d80d635,אב״ג,4,not an active training input
exact_candidate_count,control_replacement_proposed,item-01fd7aeeab119f4e7f67cc11,ב״נ,4,not an active training input
exact_candidate_count,control_replacement_proposed,item-74e87a1752e48aad9688ffb9,א״ה,4,not an active training input
exact_candidate_count,control_replacement_proposed,item-ede3cc9423203412c71def72,שו״ב,4,not an active training input
exact_candidate_count,control_replacement_proposed,item-2e4b2dff06d9d5f4682e4af2,פו״ם,4,not an active training input
exact_candidate_count,control_replacement_proposed,item-862fcc7550b7e17ad5a98942,רמ״ך,4,not an active training input
exact_candidate_count,control_replacement_proposed,item-111c5ca8d2204c08b2b26a29,ע״כ,4,not an active training input
exact_candidate_count,control_replacement_proposed,item-4474ba9f7f0b561ca712efc2,אב״ג,4,not an active training input
exact_candidate_count,control_replacement_proposed,item-815acc2e9b5111e0a7f4b65f,אב״ג,4,not an active training input
exact_candidate_count,control_replacement_proposed,item-a467e9d6612071e10d98f8a7,אב״ג,4,not an active training input
exact_candidate_count,control_replacement_proposed,item-bc7e35b8c57cb4bd899e35d2,ח״ד,4,not an active training input
exact_candidate_count,control_replacement_proposed,item-9cffa7f1388a7f918a7f2620,ח״ד,4,not an active training input
exact_candidate_count,control_replacement_proposed,item-07a201609a1c69cb3390ed6e,מד״ס,4,not an active training input
exact_candidate_count,control_replacement_proposed,item-83f784d6f4efa3f5ed6a7099,כ״ש,4,not an active training input
exact_candidate_count,control_replacement_proposed,item-da2de8c397a5ff8c172a8a96,סל״ש,4,not an active training input
exact_candidate_count,control_replacement_proposed,item-a152e591a4ec4ef38e7e6a88,נ״ב,5,not an active training input
exact_candidate_count,control_replacement_proposed,item-7cfe5041d4866d0416be8102,רע״מ,5,not an active training input
exact_candidate_count,control_replacement_proposed,item-4fe8e56f6331c143877a2fb9,מהו״ת,5,not an active training input
exact_candidate_count,control_replacement_proposed,item-7b64f9eb6a24328025f10d56,מהו״ת,5,not an active training input
exact_candidate_count,control_replacement_proposed,item-80526cfb90f0a0d01799faee,מהו״ת,5,not an active training input
exact_candidate_count,control_replacement_proposed,item-36e4993b6cc811c3f6208e52,נ״ב,5,not an active training input
exact_candidate_count,control_replacement_proposed,item-eb6db926864fd8a42293b2aa,א״נ,5,not an active training input
exact_candidate_count,control_replacement_proposed,item-a23d143c86a0df131f2584c2,דמ״ש,5,not an active training input
exact_candidate_count,control_replacement_proposed,item-ae3693ddc5920d8a39b26ec7,ב״ת,5,not an active training input
exact_candidate_count,control_replacement_proposed,item-3545dbd9fab771494c6be472,נ״ב,5,not an active training input
exact_candidate_count,control_replacement_proposed,item-9e54a7749598ff01f327973f,ב״ת,5,not an active training input
exact_candidate_count,control_replacement_proposed,item-54f717c37c04bd55f84dc66c,מל״ם,5,not an active training input
exact_candidate_count,control_replacement_proposed,item-2c30afee1fc580f87a1f08b6,אח״מ,5,not an active training input
exact_candidate_count,control_replacement_proposed,item-fc1871825a375588fcc046b5,קו״ח,5,not an active training input
exact_candidate_count,control_replacement_proposed,item-50848314bb44048b2a6cd2b6,קו״ח,5,not an active training input
exact_candidate_count,control_replacement_proposed,item-1ecc3304228fb45df2cce266,קו״ח,5,not an active training input
exact_candidate_count,control_replacement_proposed,item-2a9675202624f30ab71bbf02,ס״ד,5,not an active training input
exact_candidate_count,control_replacement_proposed,item-ffa9846f2ea3f6ecb36a3d27,ע״ש,5,not an active training input
exact_candidate_count,control_replacement_proposed,item-debe2a2ccebd35e36a58abfa,ד״ש,5,not an active training input
exact_candidate_count,control_replacement_proposed,item-eb0448d987d66d55d864fea6,ב״ש,5,not an active training input
exact_candidate_count,control_replacement_proposed,item-0d951ebcbff625a4e59aceb6,ב״ש,5,not an active training input
exact_candidate_count,control_replacement_proposed,item-c0467c54ba878a31d3e86126,ב״ש,5,not an active training input
exact_candidate_count,control_replacement_proposed,item-5707fc7d91064c64a5cc5109,ד״ש,5,not an active training input
exact_candidate_count,control_replacement_proposed,item-1894b093a7d8584a88113586,רע״מ,5,not an active training input
exact_candidate_count,control_replacement_proposed,item-249afa1a1f2e2016d700a444,ב״ש,5,not an active training input
exact_candidate_count,control_replacement_proposed,item-842a6dcc6428a9930bd6f30b,ב״ש,5,not an active training input
exact_candidate_count,control_replacement_proposed,item-72eb8b3422044b0513d788b8,מה״ד,6,not an active training input
exact_candidate_count,control_replacement_proposed,item-ce39281b5347d1bab9142591,ממ״ג,6,not an active training input
exact_candidate_count,control_replacement_proposed,item-f5a59bf8bd8d4b05dd10827c,ממ״ג,6,not an active training input
exact_candidate_count,control_replacement_proposed,item-5b88b322c3d37e90e6985921,רא״ם,6,not an active training input
exact_candidate_count,control_replacement_proposed,item-4810e9b21428019ddf672051,ב״ח,6,not an active training input
exact_candidate_count,control_replacement_proposed,item-14dc05854c7390298769efb1,ב״ח,6,not an active training input
exact_candidate_count,control_replacement_proposed,item-3f01603dff42fd41ca4c37d6,רא״ם,6,not an active training input
exact_candidate_count,control_replacement_proposed,item-c347a9a7c3cd79281fa44266,רא״ם,6,not an active training input
exact_candidate_count,control_replacement_proposed,item-163c00940581cb80d67f0d1f,רא״ם,6,not an active training input
exact_candidate_count,control_replacement_proposed,item-2b661cc60ab7b6d4648c0ab0,מ״פ,6,not an active training input
exact_candidate_count,control_replacement_proposed,item-ff4f5938978bca25fdb0c351,ב״מ,6,not an active training input
exact_candidate_count,control_replacement_proposed,item-5a68700f4f5da90aa611ae57,ב״מ,6,not an active training input
exact_candidate_count,control_replacement_proposed,item-ed3676940695783a76a41994,ב״מ,6,not an active training input
exact_candidate_count,control_replacement_proposed,item-af009fb0b38005f39c2c78ec,ז״ק,6,not an active training input
exact_candidate_count,control_replacement_proposed,item-af70a3d5cdfd50cf655e4663,מ״ש,7,not an active training input
exact_candidate_count,control_replacement_proposed,item-906fbca19dc03aa537833145,ב״י,7,not an active training input
exact_candidate_count,control_replacement_proposed,item-77f2d852d363a21b5c143fe0,כ״א,7,not an active training input
exact_candidate_count,control_replacement_proposed,item-d712d9d5fa743f8c176b5131,ז״ל,7,not an active training input
exact_candidate_count,control_replacement_proposed,item-d7f5765497364f4538305618,ב״י,7,not an active training input
exact_candidate_count,control_replacement_proposed,item-e96b08000c114db01f4ae8b4,מ״ש,7,not an active training input
exact_candidate_count,control_replacement_proposed,item-81eddaa2b6103774e715937d,מ״ש,7,not an active training input
exact_candidate_count,control_replacement_proposed,item-a3ee4744f18dff64169e816b,כ״א,7,not an active training input
exact_candidate_count,control_replacement_proposed,item-805fce74f0d3e489ba8a2b5e,ז״ל,7,not an active training input
exact_candidate_count,control_replacement_proposed,item-0b50a79eb37453eca95534c9,ז״ל,7,not an active training input
exact_candidate_count,control_replacement_proposed,item-d4e07a92bfdacdf8fbecb107,ב״ה,7,not an active training input
exact_candidate_count,control_replacement_proposed,item-f9fdd99ce92c6eaa68a2079f,ב״ה,7,not an active training input
exact_candidate_count,control_replacement_proposed,item-2a3d31eeca9d467f96bb3d59,ב״ה,7,not an active training input
exact_candidate_count,control_replacement_proposed,item-3daa0f4cb5e51d91bc4e2fdd,ב״י,7,not an active training input
exact_candidate_count,control_replacement_proposed,item-4c6072e2fef4c9ee0006079e,ב״י,7,not an active training input
exact_candidate_count,control_replacement_proposed,item-c9b113893f7c347ebc82576d,ב״י,7,not an active training input
exact_candidate_count,control_replacement_proposed,item-699dc043e25cdd44088a9ea8,ב״י,7,not an active training input
exact_candidate_count,control_replacement_proposed,item-15a3ac7b9e1b76f69cb9f914,ב״י,7,not an active training input
exact_candidate_count,control_replacement_proposed,item-0d693171bcbad069ae0c80e8,ב״י,7,not an active training input
exact_candidate_count,control_replacement_proposed,item-6aaebf346defa69b0b7c34b0,ב״י,7,not an active training input
exact_candidate_count,control_replacement_proposed,item-9e11ae736b6894be004cb906,ב״י,7,not an active training input
exact_candidate_count,control_replacement_proposed,item-97355c229eb82b2343ba263e,כ״א,7,not an active training input
exact_candidate_count,control_replacement_proposed,item-ff271a8070dbacf1d02eaa9c,ב״י,7,not an active training input
exact_candidate_count,control_replacement_proposed,item-2031d9a411fcae809595d24d,ב״י,7,not an active training input
exact_candidate_count,control_replacement_proposed,item-7e914187f7075145de8039d9,מ״ש,7,not an active training input
exact_candidate_count,control_replacement_proposed,item-b0425cab2b8ef3c3d8cf047a,ז״ל,7,not an active training input
exact_candidate_count,control_replacement_proposed,item-a516b08dcb568b291da21be3,ב״ה,7,not an active training input
exact_candidate_count,control_replacement_proposed,item-a184c014081bad699ac2efa9,ב״ה,7,not an active training input
exact_candidate_count,control_replacement_proposed,item-0d9d65e0b3bccbe8e223028a,ח״ח,11,not an active training input
exact_candidate_count,control_replacement_proposed,item-9171b21f204c9ec0171707a2,מהרש״ק,11,not an active training input
exact_candidate_count,control_replacement_proposed,item-b2e0a688c9d1c04a025f4d65,א״כ,11,not an active training input
exact_candidate_count,control_replacement_proposed,item-4352cdff5c4b6bc4bfc59309,א״כ,11,not an active training input
exact_candidate_count,control_replacement_proposed,item-d3ebac0856ab4ac09bda0876,א״כ,11,not an active training input
exact_candidate_count,control_replacement_proposed,item-a44a9ac41e24c7ade0a3604c,א״כ,11,not an active training input
exact_candidate_count,control_replacement_proposed,item-479168354a1882fd6cf015e2,א״כ,11,not an active training input
exact_candidate_count,control_replacement_proposed,item-c2588a6be61e1da96c120113,ח״ח,11,not an active training input
exact_candidate_count,control_replacement_proposed,item-cfa6c9faf5b382d74c3a48cf,א״כ,11,not an active training input
exact_candidate_count,control_replacement_proposed,item-caf170afc4004b25fd87b98f,ח״ח,11,not an active training input
exact_candidate_count,control_replacement_proposed,item-246b62ae15eb375a669696de,ח״ח,11,not an active training input
exact_candidate_count,control_replacement_proposed,item-2e447f20ff80e8ea29155894,ח״ח,11,not an active training input
exact_candidate_count,control_replacement_proposed,item-f96d4eba75572d70db886c10,א״כ,11,not an active training input
exact_candidate_count,control_replacement_proposed,item-36786500d8be91345d2b50c9,ח״ח,11,not an active training input
exact_candidate_count,control_replacement_proposed,item-7eb90883f88524ca8aac9239,ח״ח,11,not an active training input
exact_candidate_count,control_replacement_proposed,item-0e8b9142b33f10aaf3c916f4,ח״ח,11,not an active training input
exact_candidate_count,control_replacement_proposed,item-ee92d9301602222978e3e9e8,ח״ח,11,not an active training input
exact_candidate_count,control_replacement_proposed,item-d5c5fe567716dc74058608b7,ח״ח,11,not an active training input
exact_candidate_count,control_replacement_proposed,item-f416129db5f389ae532d4410,ח״ח,11,not an active training input
exact_candidate_count,control_replacement_proposed,item-8763c76aed66fa19ba189ae8,ח״ח,11,not an active training input
exact_candidate_count,control_replacement_proposed,item-1418be346ad9458f7dc868cb,ח״ח,11,not an active training input
exact_candidate_count,control_replacement_proposed,item-d38c86a9b0982e3d250357ee,א״כ,11,not an active training input
exact_candidate_count,control_replacement_proposed,item-8978fd9b09305e4d0d900fb1,מהרש״ק,11,not an active training input
exact_candidate_count,control_replacement_proposed,item-5715e48b114aa3c7a7c0b295,א״כ,11,not an active training input
exact_candidate_count,control_replacement_proposed,item-72e175049c2dda8f0af1eefe,ח״ח,11,not an active training input
exact_candidate_count,control_replacement_proposed,item-b187b708048ffae938293e3b,ח״ח,11,not an active training input
capped_5_min_2_documents,extension_proposed,item-741447da20b3fb521ea1ce0c,אג״מ,2,not an active training input
capped_5_min_2_documents,extension_proposed,item-27617e24676fe9178f56324a,אג״מ,2,not an active training input
capped_5_min_2_documents,extension_proposed,item-e39cdb5ae2f0228860ee80f8,אג״מ,2,not an active training input
capped_5_min_2_documents,extension_proposed,item-b9f9b7d693fad6b30336003c,אג״מ,2,not an active training input
capped_5_min_2_documents,extension_proposed,item-1449bd720cbd701e7fecde21,אג״מ,2,not an active training input
capped_5_min_2_documents,extension_proposed,item-c905c6482664de991f8f1bc7,אי״ל,2,not an active training input
capped_5_min_2_documents,extension_proposed,item-9781452600d1bc29478de74e,אי״ל,2,not an active training input
capped_5_min_2_documents,extension_proposed,item-87be04cd27c16b4461980771,אי״ל,2,not an active training input
capped_5_min_2_documents,extension_proposed,item-7d7c04d3f32928157144361b,אמ״ץ,3,not an active training input
capped_5_min_2_documents,extension_proposed,item-fad880ba8059cefefaa8fb4e,אמ״ץ,3,not an active training input
capped_5_min_2_documents,extension_proposed,item-6e09d6131bdb70f9f089827e,אמ״ץ,3,not an active training input
capped_5_min_2_documents,extension_proposed,item-5a6ff53e7dde159a38178633,את״ל,6,not an active training input
capped_5_min_2_documents,extension_proposed,item-633cec16bce415600063bbd1,את״ל,6,not an active training input
capped_5_min_2_documents,extension_proposed,item-7032628a5d05bef5672c7331,את״ל,6,not an active training input
capped_5_min_2_documents,extension_proposed,item-3c45b9e7cf80438c896d1beb,א״ד,7,not an active training input
capped_5_min_2_documents,extension_proposed,item-d4bfbee27a29d8aeb8bebfcf,א״ד,7,not an active training input
capped_5_min_2_documents,extension_proposed,item-2ef059bb01cb631302b3f2e9,א״ד,7,not an active training input
capped_5_min_2_documents,extension_proposed,item-b00a476942a29dd23ee97deb,א״ד,7,not an active training input
capped_5_min_2_documents,extension_proposed,item-d5c29d08f82b2d31990c08f8,א״ד,7,not an active training input
capped_5_min_2_documents,extension_proposed,item-3a427888712f0339176a6ac3,א״י,4,not an active training input
capped_5_min_2_documents,extension_proposed,item-f477fe8ffb7bb2fccb43047e,א״י,4,not an active training input
capped_5_min_2_documents,extension_proposed,item-36c20e155c26ce1a7fcb3cbf,א״י,4,not an active training input
capped_5_min_2_documents,extension_proposed,item-7d00e92143a18818336eb628,א״י,4,not an active training input
capped_5_min_2_documents,extension_proposed,item-8affbd2dd4552e0179c39e93,א״י,4,not an active training input
capped_5_min_2_documents,extension_proposed,item-6c15c45cfa233369093e57a4,א״ת,3,not an active training input
capped_5_min_2_documents,extension_proposed,item-7b9411c0cf1623b5a99ccdd7,א״ת,3,not an active training input
capped_5_min_2_documents,extension_proposed,item-760ec98b993341d00bfb25f5,א״ת,3,not an active training input
capped_5_min_2_documents,extension_proposed,item-3b52ecb0abcad8b4a2757f4b,א״ת,3,not an active training input
capped_5_min_2_documents,extension_proposed,item-a1b99312350c510519ea1070,א״ת,3,not an active training input
capped_5_min_2_documents,extension_proposed,item-4439ea7290a31c186fc6a505,בס״ד,2,not an active training input
capped_5_min_2_documents,extension_proposed,item-4e3dcb34c180e009fa4a03d9,בס״ד,2,not an active training input
capped_5_min_2_documents,extension_proposed,item-3884bb0e7dfe5d1d42017008,בס״ד,2,not an active training input
capped_5_min_2_documents,extension_proposed,item-c26af3852f9cd4b92ae551e4,ג״ג,2,not an active training input
capped_5_min_2_documents,extension_proposed,item-002dfab087ee3031c50dd7ff,ג״ג,2,not an active training input
capped_5_min_2_documents,extension_proposed,item-946f9f9594b914479649b93f,ג״ג,2,not an active training input
capped_5_min_2_documents,extension_proposed,item-8b20034ed074ab79da938910,ג״ג,2,not an active training input
capped_5_min_2_documents,extension_proposed,item-17a456a740261721054d36e6,ג״ג,2,not an active training input
capped_5_min_2_documents,extension_proposed,item-f7f62885ed14771842292942,דפ״ר,2,not an active training input
capped_5_min_2_documents,extension_proposed,item-1ff7293748ccc845e71b4a12,דפ״ר,2,not an active training input
capped_5_min_2_documents,extension_proposed,item-90082c2364f5fcebb9b26d39,דפ״ר,2,not an active training input
capped_5_min_2_documents,extension_proposed,item-978e31877386f4a30d676ffc,דפ״ר,2,not an active training input
capped_5_min_2_documents,extension_proposed,item-bbb4ec638123976f1514e025,ח״ן,4,not an active training input
capped_5_min_2_documents,extension_proposed,item-30ed506cb9277ea855f99ebb,ח״ן,4,not an active training input
capped_5_min_2_documents,extension_proposed,item-ddf4c38db998d6ed44c973dd,ח״ן,4,not an active training input
capped_5_min_2_documents,extension_proposed,item-a4897198a5ff439a492353c4,ח״ן,4,not an active training input
capped_5_min_2_documents,extension_proposed,item-b518b53bca490ddfc13d2521,ח״פ,2,not an active training input
capped_5_min_2_documents,extension_proposed,item-5d0d042f14946f377821a11c,ח״פ,2,not an active training input
capped_5_min_2_documents,extension_proposed,item-25cb49760b6933f4de1cfa97,ח״פ,2,not an active training input
capped_5_min_2_documents,extension_proposed,item-1ffa56e9e2b2b8d157e8e174,ח״פ,2,not an active training input
capped_5_min_2_documents,extension_proposed,item-ca5dcea3bb5ab3ee62e46f29,יו״ד,3,not an active training input
capped_5_min_2_documents,extension_proposed,item-5c01442fc93d9d9cc410b966,יו״ד,3,not an active training input
capped_5_min_2_documents,extension_proposed,item-9825b9313685c7ad35ac4542,יו״ד,3,not an active training input
capped_5_min_2_documents,extension_proposed,item-522bacbda9853747dfdeb077,יו״ד,3,not an active training input
capped_5_min_2_documents,extension_proposed,item-4cc11df12b20d4b8b9bd74e6,יו״ד,3,not an active training input
capped_5_min_2_documents,extension_proposed,item-2b0c223dd9fc735e8b6bb0c9,י״ח,2,not an active training input
capped_5_min_2_documents,extension_proposed,item-1c8a9958255dd2de664f65a0,י״ח,2,not an active training input
capped_5_min_2_documents,extension_proposed,item-c8ed30fa7cadf9535ced6975,י״ח,2,not an active training input
capped_5_min_2_documents,extension_proposed,item-90be1f8b4dc894e62dd756a2,י״ח,2,not an active training input
capped_5_min_2_documents,extension_proposed,item-382dabaef6c16b782fa24fba,כי״ח,2,not an active training input
capped_5_min_2_documents,extension_proposed,item-25953116d96dbe800081406e,כי״ח,2,not an active training input
capped_5_min_2_documents,extension_proposed,item-a3f8288f5ac21a059b885d15,כי״ח,2,not an active training input
capped_5_min_2_documents,extension_proposed,item-9baa029f5a87d0e0317f5207,כ״ס,3,not an active training input
capped_5_min_2_documents,extension_proposed,item-852c09f12fffb3d9d2ed2002,כ״ס,3,not an active training input
capped_5_min_2_documents,extension_proposed,item-5e25b3254b8094ba128f5cdf,כ״ס,3,not an active training input
capped_5_min_2_documents,extension_proposed,item-67ec2d2aeafcdaafc9bbb7c0,כ״ס,3,not an active training input
capped_5_min_2_documents,extension_proposed,item-c00ee6e39ef0f3f0987b1e7b,כ״ס,3,not an active training input
capped_5_min_2_documents,extension_proposed,item-d0d71bc5d470d5c5acec4944,ל״ע,3,not an active training input
capped_5_min_2_documents,extension_proposed,item-a1fadb498a5e490e6daed3c0,ל״ע,3,not an active training input
capped_5_min_2_documents,extension_proposed,item-5d206e9c908fb967a0607736,ל״ע,3,not an active training input
capped_5_min_2_documents,extension_proposed,item-10238ff84f58c912913b050e,ל״ע,3,not an active training input
capped_5_min_2_documents,extension_proposed,item-6aa22594e75f0bf7f512d84e,ל״ע,3,not an active training input
capped_5_min_2_documents,extension_proposed,item-8770a4e2a4979511bcc48938,מד״א,5,not an active training input
capped_5_min_2_documents,extension_proposed,item-0299f413530e38e8979fa44a,מד״א,5,not an active training input
capped_5_min_2_documents,extension_proposed,item-f5e72a6a09e6d524afb5ff06,מד״א,5,not an active training input
capped_5_min_2_documents,extension_proposed,item-3c7667cc6fd40d770d5b01b8,מד״א,5,not an active training input
capped_5_min_2_documents,extension_proposed,item-bf19d97a1cc7475a239faae2,מד״א,5,not an active training input
capped_5_min_2_documents,extension_proposed,item-e7877466ada4db36eaa10043,מו״מ,3,not an active training input
capped_5_min_2_documents,extension_proposed,item-47c49e332b7f76452862e7c0,מו״מ,3,not an active training input
capped_5_min_2_documents,extension_proposed,item-9573c73e966e3eaf23cac04c,מו״מ,3,not an active training input
capped_5_min_2_documents,extension_proposed,item-9b33215e1cf722e092ea4058,מו״מ,3,not an active training input
capped_5_min_2_documents,extension_proposed,item-158d264cf6432d164df40fda,מל״ל,3,not an active training input
capped_5_min_2_documents,extension_proposed,item-15f21fdffaf5c2b65420cbc0,מל״ל,3,not an active training input
capped_5_min_2_documents,extension_proposed,item-1766cf96f74ca4df136fb2fc,מל״ל,3,not an active training input
capped_5_min_2_documents,extension_proposed,item-3588f460feab1e8caebf60b4,מל״ל,3,not an active training input
capped_5_min_2_documents,extension_proposed,item-bc654d60a66ce83406832aa3,מל״ל,3,not an active training input
capped_5_min_2_documents,extension_proposed,item-278287584514af45161b1df2,מל״מ,7,not an active training input
capped_5_min_2_documents,extension_proposed,item-e0be66cbe2216a14403fe009,מל״מ,7,not an active training input
capped_5_min_2_documents,extension_proposed,item-b0410494f60e8046b1aed7e4,מל״מ,7,not an active training input
capped_5_min_2_documents,extension_proposed,item-a37d0076b53751834090d2f2,מל״מ,7,not an active training input
capped_5_min_2_documents,extension_proposed,item-f017418490384c020602e87c,מל״מ,7,not an active training input
capped_5_min_2_documents,extension_proposed,item-c9b2dc7f4b4d5ddb8ba9bcc0,מע״ש,3,not an active training input
capped_5_min_2_documents,extension_proposed,item-eb9eddee788e7c45d10e9743,מע״ש,3,not an active training input
capped_5_min_2_documents,extension_proposed,item-0aeadfee86a777efffb072cd,מע״ש,3,not an active training input
capped_5_min_2_documents,extension_proposed,item-509ccfcaf93bc12d6c400c9d,מע״ש,3,not an active training input
capped_5_min_2_documents,extension_proposed,item-ec74ac5a78b95e3f5b136c1a,מת״ש,2,not an active training input
capped_5_min_2_documents,extension_proposed,item-e8d68b0192efbe4f0ef3d597,מת״ש,2,not an active training input
capped_5_min_2_documents,extension_proposed,item-6e9d495e0b5d866340a53cca,מת״ש,2,not an active training input
capped_5_min_2_documents,extension_proposed,item-af5244b4d0968a3b52aa6a7c,מ״ר,3,not an active training input
capped_5_min_2_documents,extension_proposed,item-d757cb9d64bb59046cbbbb10,מ״ר,3,not an active training input
capped_5_min_2_documents,extension_proposed,item-572186446d1836d61d67de76,מ״ר,3,not an active training input
capped_5_min_2_documents,extension_proposed,item-f5ddc59febb21a46391d19c7,מ״ר,3,not an active training input
capped_5_min_2_documents,extension_proposed,item-0962291aa3fbccda0f7ebe1a,מ״ר,3,not an active training input
capped_5_min_2_documents,extension_proposed,item-3f8229e2c8f25f4675b26faf,נ״מ,2,not an active training input
capped_5_min_2_documents,extension_proposed,item-aa556b97e3d855f41b8611ba,נ״מ,2,not an active training input
capped_5_min_2_documents,extension_proposed,item-c8e16580f4d66d5e90e268b4,נ״מ,2,not an active training input
capped_5_min_2_documents,extension_proposed,item-8c3c680827638d18c1a94da8,נ״מ,2,not an active training input
capped_5_min_2_documents,extension_proposed,item-742ecaefb3a9022b971eaeb0,נ״מ,2,not an active training input
capped_5_min_2_documents,extension_proposed,item-042cdcb887367ee6c6f288f3,סמ״ק,2,not an active training input
capped_5_min_2_documents,extension_proposed,item-81876882f9d4d1b89cbbbb86,סמ״ק,2,not an active training input
capped_5_min_2_documents,extension_proposed,item-c4079e119c58301e5b7128fe,סמ״ק,2,not an active training input
capped_5_min_2_documents,extension_proposed,item-fd60c2ec066347a669333db8,סמ״ק,2,not an active training input
capped_5_min_2_documents,extension_proposed,item-23bf79acfa88be11c688184f,סמ״ק,2,not an active training input
capped_5_min_2_documents,extension_proposed,item-7b092bd128b3ca30a96729ee,ס״ב,2,not an active training input
capped_5_min_2_documents,extension_proposed,item-5ff24f70c2b251768a934c50,ס״ב,2,not an active training input
capped_5_min_2_documents,extension_proposed,item-41f3ce00cbcccb667bfd2104,ס״ב,2,not an active training input
capped_5_min_2_documents,extension_proposed,item-5da42cca18acfaa5e75f9518,ס״ב,2,not an active training input
capped_5_min_2_documents,extension_proposed,item-51106561ff64ac4613a947aa,ס״ב,2,not an active training input
capped_5_min_2_documents,extension_proposed,item-bfc172f458ba4df7cdf6f92b,ס״מ,4,not an active training input
capped_5_min_2_documents,extension_proposed,item-f1e9bc0ba5e9f2f97d7c8468,ס״מ,4,not an active training input
capped_5_min_2_documents,extension_proposed,item-2eba0e71995503bd5c72a24e,ס״מ,4,not an active training input
capped_5_min_2_documents,extension_proposed,item-a96a4c3c17c04f079f45819e,ס״מ,4,not an active training input
capped_5_min_2_documents,extension_proposed,item-b0448e7fb1989cbc18af524b,ס״מ,4,not an active training input
capped_5_min_2_documents,extension_proposed,item-e372aad229fd90c3c3ad1db5,עכו״ם,6,not an active training input
capped_5_min_2_documents,extension_proposed,item-e52bbc48d6758d96682a63a8,עכו״ם,6,not an active training input
capped_5_min_2_documents,extension_proposed,item-ead4fbce220c3c1f0e4de904,עכו״ם,6,not an active training input
capped_5_min_2_documents,extension_proposed,item-a94a544af41a8118b98d19e6,עכו״ם,6,not an active training input
capped_5_min_2_documents,extension_proposed,item-349f391af0baee88038ed8a8,עכו״ם,6,not an active training input
capped_5_min_2_documents,extension_proposed,item-c49030301d58ac6249c65435,ע״פ,5,not an active training input
capped_5_min_2_documents,extension_proposed,item-fe8bc5943979355fc5017e99,ע״פ,5,not an active training input
capped_5_min_2_documents,extension_proposed,item-0fdd11224b655a60367504eb,ע״פ,5,not an active training input
capped_5_min_2_documents,extension_proposed,item-ef4d04167a3e9ecf137afa4b,ע״פ,5,not an active training input
capped_5_min_2_documents,extension_proposed,item-f9a00587d8582c4201b386a4,ע״פ,5,not an active training input
capped_5_min_2_documents,extension_proposed,item-81ddaa5824786747504536c3,פ״א,11,not an active training input
capped_5_min_2_documents,extension_proposed,item-8bf7e617898718268acd51d3,פ״א,11,not an active training input
capped_5_min_2_documents,extension_proposed,item-6abfd3fe4201e8e14f6c35c8,פ״א,11,not an active training input
capped_5_min_2_documents,extension_proposed,item-3c6fa44a24827debbadf6422,פ״א,11,not an active training input
capped_5_min_2_documents,extension_proposed,item-9bacd28ba83b7dada23d4f78,פ״א,11,not an active training input
capped_5_min_2_documents,extension_proposed,item-9f811e99adf3baa6482b722e,ר״ג,3,not an active training input
capped_5_min_2_documents,extension_proposed,item-a7bb8c485a2c60ab9d3c0803,ר״ג,3,not an active training input
capped_5_min_2_documents,extension_proposed,item-71c999fc42dc389d4258e067,ר״ג,3,not an active training input
capped_5_min_2_documents,extension_proposed,item-9e1bb2aa69ae8400be2acc11,ר״ג,3,not an active training input
capped_5_min_2_documents,extension_proposed,item-d92a66bbe2c510285f5ec8ce,ר״ג,3,not an active training input
capped_5_min_2_documents,extension_proposed,item-fd0f6bf5138b9c9a569a018e,ש״ח,5,not an active training input
capped_5_min_2_documents,extension_proposed,item-f516a7da47922254f28f7163,ש״ח,5,not an active training input
capped_5_min_2_documents,extension_proposed,item-de0c404997a95907bd928806,ש״ח,5,not an active training input
capped_5_min_2_documents,extension_proposed,item-23ead1198cd9922e2468c0be,ש״ח,5,not an active training input
capped_5_min_2_documents,extension_proposed,item-4668e200c2b0752ceadafdb5,ש״ח,5,not an active training input
capped_5_min_2_documents,extension_proposed,item-39f608c84a5021f8109a69a0,תמ״ג,2,not an active training input
capped_5_min_2_documents,extension_proposed,item-6796a989ead65600a50e5dc4,תמ״ג,2,not an active training input
capped_5_min_2_documents,extension_proposed,item-aef93abd07eef6402968c039,תמ״ג,2,not an active training input
capped_5_min_2_documents,extension_proposed,item-7cbb0c8c3d9b92edfdd0f50a,תמ״ג,2,not an active training input
capped_5_min_2_documents,extension_proposed,item-9bd61c0a47975592bca1d6bb,תמ״ג,2,not an active training input
capped_5_min_2_documents,extension_proposed,item-abd911852c28f3cd72f9335b,תצ״א,2,not an active training input
capped_5_min_2_documents,extension_proposed,item-976c41d684c105a31dedad90,תצ״א,2,not an active training input
capped_5_min_2_documents,extension_proposed,item-03c4ce7e92d49acd61c39b0d,תצ״א,2,not an active training input
capped_5_min_2_documents,control_replacement_proposed,item-7e4ace79a4e7b621561b3b26,משה״ד,2,not an active training input
capped_5_min_2_documents,control_replacement_proposed,item-1c898f73056c98dd0f851512,ת״ק,2,not an active training input
capped_5_min_2_documents,control_replacement_proposed,item-79b1866d366974782e2bdb89,ס״ג,2,not an active training input
capped_5_min_2_documents,control_replacement_proposed,item-5a96545c4614630f7aad01e8,רמ״ח,2,not an active training input
capped_5_min_2_documents,control_replacement_proposed,item-0aaa214bd12a5e33a534d2d6,דמ״צ,2,not an active training input
capped_5_min_2_documents,control_replacement_proposed,item-45df329d982f0df7bc17de51,דר״א,2,not an active training input
capped_5_min_2_documents,control_replacement_proposed,item-4490c52b5b25f892162f196d,ב״ז,2,not an active training input
capped_5_min_2_documents,control_replacement_proposed,item-68da7fee800bd215d7a4b879,ב״ז,2,not an active training input
capped_5_min_2_documents,control_replacement_proposed,item-8afde40bbe4252fd266f877d,יש״ו,2,not an active training input
capped_5_min_2_documents,control_replacement_proposed,item-7206fb59230df29b0445b094,ת״ד,2,not an active training input
capped_5_min_2_documents,control_replacement_proposed,item-aa63fe2def82a3ca1ac66d4c,קרוב״ץ,2,not an active training input
capped_5_min_2_documents,control_replacement_proposed,item-f26368d6cd987fa1066e7f68,תא״מ,2,not an active training input
capped_5_min_2_documents,control_replacement_proposed,item-f60fc1cd4ba6598f8b07ea19,ג״א,2,not an active training input
capped_5_min_2_documents,control_replacement_proposed,item-b24b29e5cd8e46e19a12e4b3,מל״ב,2,not an active training input
capped_5_min_2_documents,control_replacement_proposed,item-e1940397a148d4b6642dacb3,מל״ב,2,not an active training input
capped_5_min_2_documents,control_replacement_proposed,item-e3d8e290b7a95bd15ef2aa37,מו״ח,2,not an active training input
capped_5_min_2_documents,control_replacement_proposed,item-7d01691d1e38315b9e7fce0a,מל״ט,2,not an active training input
capped_5_min_2_documents,control_replacement_proposed,item-7d30eadcf9950c85703dabe4,מב״א,2,not an active training input
capped_5_min_2_documents,control_replacement_proposed,item-8263bcc325ad836ad9424f16,מב״א,2,not an active training input
capped_5_min_2_documents,control_replacement_proposed,item-0be84ba6f41a84c56271ff34,מב״א,2,not an active training input
capped_5_min_2_documents,control_replacement_proposed,item-03530e65624a185226afa0a7,אב״ד,2,not an active training input
capped_5_min_2_documents,control_replacement_proposed,item-5adc5d3bd48c70c4af16c878,חנ״ה,2,not an active training input
capped_5_min_2_documents,control_replacement_proposed,item-0c99a8f7397a94782b8a9583,אב״מ,2,not an active training input
capped_5_min_2_documents,control_replacement_proposed,item-18499ad7ad3301a77ae01345,אב״מ,2,not an active training input
capped_5_min_2_documents,control_replacement_proposed,item-6c1f3c391e9b2f625c4288cb,אב״מ,2,not an active training input
capped_5_min_2_documents,control_replacement_proposed,item-fd46a6861d9cc2531ab3582e,מפמ״ר,2,not an active training input
capped_5_min_2_documents,control_replacement_proposed,item-60d337bc201ab3d856f1aab3,י״מ,2,not an active training input
capped_5_min_2_documents,control_replacement_proposed,item-dce0f3f5433ca9bcb1ff8635,אב״ש,2,not an active training input
capped_5_min_2_documents,control_replacement_proposed,item-7969b64e2bc54c89334b8587,יא״פ,2,not an active training input
capped_5_min_2_documents,control_replacement_proposed,item-07a75490a45f47c1e3fbec64,ס״ת,2,not an active training input
capped_5_min_2_documents,control_replacement_proposed,item-7e6b385ea960a34b520c6fe8,מע״ת,2,not an active training input
capped_5_min_2_documents,control_replacement_proposed,item-4bfe65a5747b6998766e95f7,ס״ג,2,not an active training input
capped_5_min_2_documents,control_replacement_proposed,item-79170da6853dc1233c2da0cd,רמ״ז,2,not an active training input
capped_5_min_2_documents,control_replacement_proposed,item-83e70a29fc5c796492410665,רמ״ז,2,not an active training input
capped_5_min_2_documents,control_replacement_proposed,item-05605e149307320409a224c9,ק״צ,2,not an active training input
capped_5_min_2_documents,control_replacement_proposed,item-7717efede5f581808d24ed54,מדא״ג,2,not an active training input
capped_5_min_2_documents,control_replacement_proposed,item-bb573b0557ccd709c1e7c42b,אי״ה,2,not an active training input
capped_5_min_2_documents,control_replacement_proposed,item-fcde3db8ed105ae10e6c1144,דל״ש,2,not an active training input
capped_5_min_2_documents,control_replacement_proposed,item-50f65f137bf40849604cc723,הגה״צ,2,not an active training input
capped_5_min_2_documents,control_replacement_proposed,item-45e7bc0279caf4afbab87b1e,הגה״צ,2,not an active training input
capped_5_min_2_documents,control_replacement_proposed,item-bafab3398722c0fbe9b6e586,בל״ע,2,not an active training input
capped_5_min_2_documents,control_replacement_proposed,item-e7518b6bbcb55a2ccfd6cf5f,עד״מ,2,not an active training input
capped_5_min_2_documents,control_replacement_proposed,item-288c195783fab1c51664af93,אמ״ש,2,not an active training input
capped_5_min_2_documents,control_replacement_proposed,item-11dd586bc39f9315549bbc57,ברז״ל,2,not an active training input
capped_5_min_2_documents,control_replacement_proposed,item-8a23b8231d2b18dbf14921d5,עמ״ט,2,not an active training input
capped_5_min_2_documents,control_replacement_proposed,item-507f17cb0c9a2941173c57ab,איו״ש,2,not an active training input
capped_5_min_2_documents,control_replacement_proposed,item-b30a54ff0751d6be3e536e5d,איו״ש,2,not an active training input
capped_5_min_2_documents,control_replacement_proposed,item-adecbcec6b1f5bfe4566a05f,איו״ש,2,not an active training input
capped_5_min_2_documents,control_replacement_proposed,item-aa9751a12002907c49e2805d,רמ״ק,2,not an active training input
capped_5_min_2_documents,control_replacement_proposed,item-68176b2fecbaf5809b1323ea,מקל״ש,2,not an active training input
capped_5_min_2_documents,control_replacement_proposed,item-f831defa93fbd803e1573169,או״ח,2,not an active training input
capped_5_min_2_documents,control_replacement_proposed,item-871654046d3d43c1b195930d,יר״ש,2,not an active training input
capped_5_min_2_documents,control_replacement_proposed,item-47e3671ecdcd520a6decd08a,ימ״ח,2,not an active training input
capped_5_min_2_documents,control_replacement_proposed,item-4668f66d258e3c45db8b2019,או״ק,2,not an active training input
capped_5_min_2_documents,control_replacement_proposed,item-5b2f28428bd8004f8a570ad3,או״ק,2,not an active training input
capped_5_min_2_documents,control_replacement_proposed,item-96d9da037e66f8ccb2dce50e,או״ק,2,not an active training input
capped_5_min_2_documents,control_replacement_proposed,item-0ceb94375643b07cac8117d3,ל״ל,2,not an active training input
capped_5_min_2_documents,control_replacement_proposed,item-f8c16b7152f0733a38c0686e,שו״ש,3,not an active training input
capped_5_min_2_documents,control_replacement_proposed,item-c3a97d8cbbb55f6b80ae08fb,א״ע,3,not an active training input
capped_5_min_2_documents,control_replacement_proposed,item-f52649238290f07625754096,צח״מ,3,not an active training input
capped_5_min_2_documents,control_replacement_proposed,item-f72602893e769fab31e605b2,טל״מ,3,not an active training input
capped_5_min_2_documents,control_replacement_proposed,item-f2383e6acfa8e5b00f855b07,ר״ה,3,not an active training input
capped_5_min_2_documents,control_replacement_proposed,item-6dba2c4b52205854dc32a605,קמ״ש,3,not an active training input
capped_5_min_2_documents,control_replacement_proposed,item-27b0899be51ddea1d84f6b67,קמ״ש,3,not an active training input
capped_5_min_2_documents,control_replacement_proposed,item-6578ab8ac3025301b9021eda,שו״ש,3,not an active training input
capped_5_min_2_documents,control_replacement_proposed,item-f6bfd2443e2afe3b0f154a4c,מד״ן,3,not an active training input
capped_5_min_2_documents,control_replacement_proposed,item-18dee930ead9be4cf41f0261,קא״ם,3,not an active training input
capped_5_min_2_documents,control_replacement_proposed,item-527e7b1c161f9e8ef4d3d251,א״ע,3,not an active training input
capped_5_min_2_documents,control_replacement_proposed,item-486171091e1cb7a95b05bd15,א״ג,3,not an active training input
capped_5_min_2_documents,control_replacement_proposed,item-171c80f6aa665dde2c37a58a,ראב״ן,3,not an active training input
capped_5_min_2_documents,control_replacement_proposed,item-3650a920f99f85535098f873,ראב״ן,3,not an active training input
capped_5_min_2_documents,control_replacement_proposed,item-0ababe49e2a4ebd20418ef69,ראב״ן,3,not an active training input
capped_5_min_2_documents,control_replacement_proposed,item-6241cd150829735a4ad7644f,ז״א,3,not an active training input
capped_5_min_2_documents,control_replacement_proposed,item-fb505600e6af8cd145be99cc,ז״א,3,not an active training input
capped_5_min_2_documents,control_replacement_proposed,item-3b93d9efafc3f45a0c054290,פא״י,3,not an active training input
capped_5_min_2_documents,control_replacement_proposed,item-2fa678b1fc6cbfe25d0618c2,מא״ג,3,not an active training input
capped_5_min_2_documents,control_replacement_proposed,item-3d0a5b07a7cd9445b3bd14aa,אג״ס,3,not an active training input
capped_5_min_2_documents,control_replacement_proposed,item-72d6143727692a6b879b94f3,אג״ם,3,not an active training input
capped_5_min_2_documents,control_replacement_proposed,item-9d44c14661b83c2b0ba7c61f,אג״ם,3,not an active training input
capped_5_min_2_documents,control_replacement_proposed,item-a9fcda0b894f0ef81b1793bf,אג״ם,3,not an active training input
capped_5_min_2_documents,control_replacement_proposed,item-dd2fcb149462e65ed08d7ee9,ד״מ,3,not an active training input
capped_5_min_2_documents,control_replacement_proposed,item-f5c554f8261941496644c344,אש״ל,3,not an active training input
capped_5_min_2_documents,control_replacement_proposed,item-3af55fe6155b82d803b48578,תו״מ,3,not an active training input
capped_5_min_2_documents,control_replacement_proposed,item-a15e9a519fa69942787b36b9,אס״י,3,not an active training input
capped_5_min_2_documents,control_replacement_proposed,item-f3ece302e79faefb009edae0,כה״ג,3,not an active training input
capped_5_min_2_documents,control_replacement_proposed,item-3457aaa41f5cca8ca81f169d,חו״ר,3,not an active training input
capped_5_min_2_documents,control_replacement_proposed,item-0bc4940de1db83660ab5ae98,א״ג,3,not an active training input
capped_5_min_2_documents,control_replacement_proposed,item-eeccc8a38431b5143780eee2,ב״א,3,not an active training input
capped_5_min_2_documents,control_replacement_proposed,item-6d952560c3a69b8966bdf361,סמ״ר,3,not an active training input
capped_5_min_2_documents,control_replacement_proposed,item-ddb381bd92c9833222910205,ז״א,3,not an active training input
capped_5_min_2_documents,control_replacement_proposed,item-0520d08963545e158ace8b45,קו״נ,3,not an active training input
capped_5_min_2_documents,control_replacement_proposed,item-8dbfdfc58fa7471d9a7211cc,קו״נ,3,not an active training input
capped_5_min_2_documents,control_replacement_proposed,item-5931e8db96f907e218bbc84d,קו״נ,3,not an active training input
capped_5_min_2_documents,control_replacement_proposed,item-dc069a2e6074f97797dd2dfc,ע״ר,3,not an active training input
capped_5_min_2_documents,control_replacement_proposed,item-b343bdb73dffa755317d7828,ע״ר,3,not an active training input
capped_5_min_2_documents,control_replacement_proposed,item-cf1359d971530b5c9d2144f7,ע״ר,3,not an active training input
capped_5_min_2_documents,control_replacement_proposed,item-8da063a68da8c34e5e69ee1a,קמ״ט,3,not an active training input
capped_5_min_2_documents,control_replacement_proposed,item-6ce964d12c3388755a013840,יחב״ל,3,not an active training input
capped_5_min_2_documents,control_replacement_proposed,item-8e55080a98fbcb4d9d0197b7,ד״נ,3,not an active training input
capped_5_min_2_documents,control_replacement_proposed,item-c6f92d7b0bc7ce0dbb4916a5,ד״נ,3,not an active training input
capped_5_min_2_documents,control_replacement_proposed,item-6f031037c69318c17f56dc05,ד״נ,3,not an active training input
capped_5_min_2_documents,control_replacement_proposed,item-7598899c10fa9a850e6fac5a,אה״ק,3,not an active training input
capped_5_min_2_documents,control_replacement_proposed,item-13a030e58d363dccffa74f83,אה״ק,3,not an active training input
capped_5_min_2_documents,control_replacement_proposed,item-d65bb00abe7bc11b6439f1ce,ח״ש,4,not an active training input
capped_5_min_2_documents,control_replacement_proposed,item-0033a8c45a3fa56e63fb9ac7,כד״א,4,not an active training input
capped_5_min_2_documents,control_replacement_proposed,item-26dcf2a8a5ea9cb28eb06f62,מ״ח,4,not an active training input
capped_5_min_2_documents,control_replacement_proposed,item-a064efb96275af4b4dc9b8b1,ע״ס,4,not an active training input
capped_5_min_2_documents,control_replacement_proposed,item-f11c2f6c0c6af8f68ab56788,ש״פ,4,not an active training input
capped_5_min_2_documents,control_replacement_proposed,item-24f1e8a00c0f5e18cc35dc2e,ש״פ,4,not an active training input
capped_5_min_2_documents,control_replacement_proposed,item-0cee8281f891b153bd172190,מד״ס,4,not an active training input
capped_5_min_2_documents,control_replacement_proposed,item-e0d36dc72b010a0167117661,אב״ג,4,not an active training input
capped_5_min_2_documents,control_replacement_proposed,item-aa6b383b3e50b7b76d80d635,אב״ג,4,not an active training input
capped_5_min_2_documents,control_replacement_proposed,item-01fd7aeeab119f4e7f67cc11,ב״נ,4,not an active training input
capped_5_min_2_documents,control_replacement_proposed,item-74e87a1752e48aad9688ffb9,א״ה,4,not an active training input
capped_5_min_2_documents,control_replacement_proposed,item-ede3cc9423203412c71def72,שו״ב,4,not an active training input
capped_5_min_2_documents,control_replacement_proposed,item-2e4b2dff06d9d5f4682e4af2,פו״ם,4,not an active training input
capped_5_min_2_documents,control_replacement_proposed,item-862fcc7550b7e17ad5a98942,רמ״ך,4,not an active training input
capped_5_min_2_documents,control_replacement_proposed,item-a152e591a4ec4ef38e7e6a88,נ״ב,5,not an active training input
capped_5_min_2_documents,control_replacement_proposed,item-7cfe5041d4866d0416be8102,רע״מ,5,not an active training input
capped_5_min_2_documents,control_replacement_proposed,item-4fe8e56f6331c143877a2fb9,מהו״ת,5,not an active training input
capped_5_min_2_documents,control_replacement_proposed,item-7b64f9eb6a24328025f10d56,מהו״ת,5,not an active training input
capped_5_min_2_documents,control_replacement_proposed,item-80526cfb90f0a0d01799faee,מהו״ת,5,not an active training input
capped_5_min_2_documents,control_replacement_proposed,item-36e4993b6cc811c3f6208e52,נ״ב,5,not an active training input
capped_5_min_2_documents,control_replacement_proposed,item-eb6db926864fd8a42293b2aa,א״נ,5,not an active training input
capped_5_min_2_documents,control_replacement_proposed,item-a23d143c86a0df131f2584c2,דמ״ש,5,not an active training input
capped_5_min_2_documents,control_replacement_proposed,item-ae3693ddc5920d8a39b26ec7,ב״ת,5,not an active training input
capped_5_min_2_documents,control_replacement_proposed,item-3545dbd9fab771494c6be472,נ״ב,5,not an active training input
capped_5_min_2_documents,control_replacement_proposed,item-9e54a7749598ff01f327973f,ב״ת,5,not an active training input
capped_5_min_2_documents,control_replacement_proposed,item-54f717c37c04bd55f84dc66c,מל״ם,5,not an active training input
capped_5_min_2_documents,control_replacement_proposed,item-2c30afee1fc580f87a1f08b6,אח״מ,5,not an active training input
capped_5_min_2_documents,control_replacement_proposed,item-fc1871825a375588fcc046b5,קו״ח,5,not an active training input
capped_5_min_2_documents,control_replacement_proposed,item-50848314bb44048b2a6cd2b6,קו״ח,5,not an active training input
capped_5_min_2_documents,control_replacement_proposed,item-72eb8b3422044b0513d788b8,מה״ד,6,not an active training input
capped_5_min_2_documents,control_replacement_proposed,item-ce39281b5347d1bab9142591,ממ״ג,6,not an active training input
capped_5_min_2_documents,control_replacement_proposed,item-f5a59bf8bd8d4b05dd10827c,ממ״ג,6,not an active training input
capped_5_min_2_documents,control_replacement_proposed,item-5b88b322c3d37e90e6985921,רא״ם,6,not an active training input
capped_5_min_2_documents,control_replacement_proposed,item-4810e9b21428019ddf672051,ב״ח,6,not an active training input
capped_5_min_2_documents,control_replacement_proposed,item-14dc05854c7390298769efb1,ב״ח,6,not an active training input
capped_5_min_2_documents,control_replacement_proposed,item-3f01603dff42fd41ca4c37d6,רא״ם,6,not an active training input
capped_5_min_2_documents,control_replacement_proposed,item-c347a9a7c3cd79281fa44266,רא״ם,6,not an active training input
capped_5_min_2_documents,control_replacement_proposed,item-af70a3d5cdfd50cf655e4663,מ״ש,7,not an active training input
capped_5_min_2_documents,control_replacement_proposed,item-906fbca19dc03aa537833145,ב״י,7,not an active training input
capped_5_min_2_documents,control_replacement_proposed,item-77f2d852d363a21b5c143fe0,כ״א,7,not an active training input
capped_5_min_2_documents,control_replacement_proposed,item-d712d9d5fa743f8c176b5131,ז״ל,7,not an active training input
capped_5_min_2_documents,control_replacement_proposed,item-d7f5765497364f4538305618,ב״י,7,not an active training input
capped_5_min_2_documents,control_replacement_proposed,item-e96b08000c114db01f4ae8b4,מ״ש,7,not an active training input
capped_5_min_2_documents,control_replacement_proposed,item-81eddaa2b6103774e715937d,מ״ש,7,not an active training input
capped_5_min_2_documents,control_replacement_proposed,item-a3ee4744f18dff64169e816b,כ״א,7,not an active training input
capped_5_min_2_documents,control_replacement_proposed,item-805fce74f0d3e489ba8a2b5e,ז״ל,7,not an active training input
capped_5_min_2_documents,control_replacement_proposed,item-0b50a79eb37453eca95534c9,ז״ל,7,not an active training input
capped_5_min_2_documents,control_replacement_proposed,item-0d9d65e0b3bccbe8e223028a,ח״ח,11,not an active training input
capped_5_min_2_documents,control_replacement_proposed,item-9171b21f204c9ec0171707a2,מהרש״ק,11,not an active training input
capped_5_min_2_documents,control_replacement_proposed,item-b2e0a688c9d1c04a025f4d65,א״כ,11,not an active training input
capped_5_min_2_documents,control_replacement_proposed,item-4352cdff5c4b6bc4bfc59309,א״כ,11,not an active training input
capped_5_min_2_documents,control_replacement_proposed,item-d3ebac0856ab4ac09bda0876,א״כ,11,not an active training input
