review_id,review_kind,proposed_stage,proposal_status,lookup_reference,decision_reference,acronym,historical_roles,natural_dev_proposed,construction_category,declared_author_source,label_origin,pilot_order,human_decision,label_decision,target_decision,inventory_decision,recorded_corrected_label,recorded_span_start,recorded_span_end,issue_categories,source_evidence_refs_json,prior_review_refs_json,prior_review_reuse,related_review_ids_json,new_human_review_proposed,proposed_action,why_action_is_needed,existing_risk_flags,existing_scope_proposal
item-743231daf6861b0f5bd32f29,occurrence,A_pilot_followup,proposed_not_approved_for_application,data/study_v1/review/item_audit.csv record 2118,data/study_v1/review/review_decisions.csv record 78,א״ח,aggregate_only,true,knesset,knesset,human_review,1,accept,accept,accept,,,37,40,target,"[{""path"":""data/splits/all_items.csv"",""record"":3700}]","[{""link_basis"":""legacy_id+acronym+label; inspect source sentence where available"",""path"":""data/mined/knesset/knesset_reviewed.csv"",""record"":433,""verdict"":""clean""}]","Reuse linked Ben records as historical evidence; current-label links, changed-label history and type-level reviews remain distinct. No second human annotation is inferred.","[""inv-9424ede2a06e489aeceab505"",""inv-aff686b511c11acec3937e80"",""inv-ca51fd8fa2fbd71b836d0deb"",""inv-f35cb992895c46e9535e86c1""]",false,Carry forward the exact recorded label/target disposition by reference; no repeated blind answer or new label adjudication is proposed.,"Recorded occurrence decisions are reusable. Independent inventory approval is still required on linked inventory rows, counted only there.",inventory_conflict|natural_dev_proposal|quote_variant|target_multiple,
item-c5f94c4458d409441c440fcd,occurrence,A_pilot_followup,proposed_not_approved_for_application,data/study_v1/review/item_audit.csv record 3611,data/study_v1/review/review_decisions.csv record 87,נ״ר,aggregate_only,true,knesset,knesset,human_review,2,accept,accept,accept,,,25,28,definition|target,"[{""path"":""data/splits/all_items.csv"",""record"":3554}]","[{""link_basis"":""legacy_id+acronym+label; inspect source sentence where available"",""path"":""data/mined/knesset/knesset_reviewed.csv"",""record"":287,""verdict"":""human_review""}]","Reuse linked Ben records as historical evidence; current-label links, changed-label history and type-level reviews remain distinct. No second human annotation is inferred.","[""inv-09274bc570d0774b74fb714f"",""inv-0db1fefa3fa73c7cfc8b7480"",""inv-150cbd316dafce38f2605735"",""inv-196db5072f2122d6386b36ca"",""inv-5f1de670d0303eac16623277"",""inv-8838d5b3406fcf5142c77876"",""inv-9da8f10bbcce4dea0b12ec4a"",""inv-a8bce241f4f23f9019fb2763"",""inv-d0d048b7e4a7e634778d54b7"",""inv-e8f57b050b30fd6aa52fae80""]",true,Preserve accepted label and target; flag the explicit in-sentence expansion for the future diagnostic inclusion/reporting decision.,An explicit expansion can affect the sentence-information comparison; existing acceptance does not settle the diagnostic handling policy.,definition_or_expansion_in_sentence|inventory_conflict|natural_dev_proposal|quote_variant,
item-04ea81a4e75bccdc7a2d1438,occurrence,A_pilot_followup,proposed_not_approved_for_application,data/study_v1/review/item_audit.csv record 77,data/study_v1/review/review_decisions.csv record 595,בד״ר,aggregate_only,true,knesset,knesset,human_review,3,correct,correct,accept,,דוקטור,55,59,label|target,"[{""path"":""data/splits/all_items.csv"",""record"":4066}]","[{""link_basis"":""legacy_id+acronym+label; inspect source sentence where available"",""path"":""data/mined/knesset/knesset_reviewed.csv"",""record"":799,""verdict"":""clean""}]","Reuse linked Ben records as historical evidence; current-label links, changed-label history and type-level reviews remain distinct. No second human annotation is inferred.","[""inv-0846578abcfe5250d767f838"",""inv-0d3ee6049e879432d7592a6d"",""inv-1fdfb7f4e9091c433b39fbf3"",""inv-29680d562b011b8deff1661e""]",false,Carry forward the exact recorded label/target disposition by reference; no repeated blind answer or new label adjudication is proposed.,"Recorded occurrence decisions are reusable. Independent inventory approval is still required on linked inventory rows, counted only there.",inventory_conflict|natural_dev_proposal|quote_variant,
item-82b09eac472d8c63ed2aec90,occurrence,A_pilot_followup,proposed_not_approved_for_application,data/study_v1/review/item_audit.csv record 2379,data/study_v1/review/review_decisions.csv record 80,רמב״ם,aggregate_only,true,knesset,knesset,human_review,4,uncertain,uncertain,accept,,,60,65,label|target,"[{""path"":""data/splits/all_items.csv"",""record"":3519}]","[{""link_basis"":""legacy_id+acronym+label; inspect source sentence where available"",""path"":""data/mined/knesset/knesset_reviewed.csv"",""record"":252,""verdict"":""clean""}]","Reuse linked Ben records as historical evidence; current-label links, changed-label history and type-level reviews remain distinct. No second human annotation is inferred.","[""inv-067d403a0a67bc54d7a6254d"",""inv-29b1651d890f9017ee589608"",""inv-3ba981f7f49dbd2784e92ac3"",""inv-66819ff9f7b4b3fc741feb06"",""inv-7d7708e65101fcf171eb87c7"",""inv-824f11b62003d00c24cb38bf"",""inv-97e18611c36bfbb7f9c40696"",""inv-c696ceee8cfa89d41a00bbbe""]",true,Retain uncertain label and recorded target; request source-grounded adjudication without forcing a replacement or exclusion.,Hospital reference versus a context-valid linguistic expansion remains unresolved; the approved task rule does not adjudicate this item.,inventory_conflict|natural_dev_proposal|quote_variant|target_multiple,
item-cc8efbd38b16289288662416,occurrence,A_pilot_followup,proposed_not_approved_for_application,data/study_v1/review/item_audit.csv record 3735,data/study_v1/review/review_decisions.csv record 20,מע״ר,train,false,wiki_natural,wikipedia,wikipedia_natural,5,accept,accept,accept,,,51,55,target,"[{""path"":""data/splits/all_items.csv"",""record"":4352},{""path"":""data/splits/train_items.csv"",""record"":2966}]",[],No linked Ben record is established for this occurrence; do not infer review from its label or category.,"[""inv-013d4dbb72b7b45c6914f9e4"",""inv-43634c911db405e1d707f5c2"",""inv-9fa819d9060b62d5f0ae4d86"",""inv-b1bf7391eeb14d11e9a30c9c""]",false,Carry forward the exact recorded label/target disposition by reference; no repeated blind answer or new label adjudication is proposed.,"Recorded occurrence decisions are reusable. Independent inventory approval is still required on linked inventory rows, counted only there.",inventory_conflict|quote_variant|review_not_proven|target_multiple|target_prefix_or_embedded,
item-071438a276299da64e85ba03,occurrence,A_pilot_followup,proposed_not_approved_for_application,data/study_v1/review/item_audit.csv record 112,data/study_v1/review/review_decisions.csv record 74,קק״ל,train,false,wiki_natural,wikipedia,wikipedia_natural,6,accept,accept,accept,,,38,42,target,"[{""path"":""data/splits/all_items.csv"",""record"":4393},{""path"":""data/splits/train_items.csv"",""record"":2588}]","[{""path"":""data/mined/duplicate_review.csv"",""record"":29}]","Reuse linked Ben records as historical evidence; current-label links, changed-label history and type-level reviews remain distinct. No second human annotation is inferred.","[""inv-30764e2347b1b5c68469bb4c"",""inv-60c714128df4e16db8d0e7ec"",""inv-9210d7280a6f12a7b50e0521"",""inv-954df1f725a407872d4ebafc"",""inv-a21a30c786403f3cc82db7a8"",""inv-dc945faaefd50a3a61414b3e"",""inv-e94b083ecd08f96557bd7dd6""]",false,Carry forward the exact recorded label/target disposition by reference; no repeated blind answer or new label adjudication is proposed.,"Recorded occurrence decisions are reusable. Independent inventory approval is still required on linked inventory rows, counted only there.",inventory_conflict|quote_variant|review_not_proven|target_multiple,
item-1f91791f28b3dd09aede113b,occurrence,A_pilot_followup,proposed_not_approved_for_application,data/study_v1/review/item_audit.csv record 545,data/study_v1/review/review_decisions.csv record 394,סאפ,train,false,wiki_natural,wikipedia,wikipedia_natural,7,uncertain,uncertain,correct,,,97,101,label|target,"[{""path"":""data/splits/all_items.csv"",""record"":4372},{""path"":""data/splits/train_items.csv"",""record"":2970}]","[{""path"":""data/mined/duplicate_review.csv"",""record"":134}]","Reuse linked Ben records as historical evidence; current-label links, changed-label history and type-level reviews remain distinct. No second human annotation is inferred.","[""inv-3029cd0d61f4f001edeaa352"",""inv-426f9a8f9a8ea7bf5b2ebee1"",""inv-5217d93827207cb2e88eba7e"",""inv-60c564e13b175ee142a62ac1"",""inv-aae411fcd87ffa357403e4a7"",""inv-cbf2ada115cf9ccf237bd92d"",""inv-f7b26b93a228fb253b3db246"",""inv-f8f83865388c756ffe65b97c""]",true,Retain uncertain label and recorded target; request source-grounded adjudication without forcing a replacement or exclusion.,English SUP usage versus a defensible task expansion remains unresolved; entity/title candidates do not settle it.,inventory_conflict|review_not_proven|target_prefix_or_embedded,
item-01ca657bf65d16409a6f0604,occurrence,A_pilot_followup,proposed_not_approved_for_application,data/study_v1/review/item_audit.csv record 26,data/study_v1/review/review_decisions.csv record 592,ת״י,train,false,wiki_natural,wikipedia,wikipedia_natural,8,accept,accept,accept,,,0,3,target,"[{""path"":""data/splits/all_items.csv"",""record"":4420},{""path"":""data/splits/train_items.csv"",""record"":2775}]",[],No linked Ben record is established for this occurrence; do not infer review from its label or category.,"[""inv-16a9f2df6e53ed279540b866"",""inv-29edb3680d62af832cc8c287"",""inv-3da7576e45dfa5738d42ddcb""]",false,Carry forward the exact recorded label/target disposition by reference; no repeated blind answer or new label adjudication is proposed.,"Recorded occurrence decisions are reusable. Independent inventory approval is still required on linked inventory rows, counted only there.",inventory_conflict|quote_variant|review_not_proven,
item-012ab1616381e1f9ffe1909b,occurrence,A_pilot_followup,proposed_not_approved_for_application,data/study_v1/review/item_audit.csv record 14,data/study_v1/review/review_decisions.csv record 3762,קצא״א,train,false,knesset,knesset,human_review,9,accept,accept,accept,,,19,24,target,"[{""path"":""data/splits/all_items.csv"",""record"":3838},{""path"":""data/splits/train_items.csv"",""record"":2744}]","[{""link_basis"":""legacy_id+acronym+label; inspect source sentence where available"",""path"":""data/mined/knesset/knesset_reviewed.csv"",""record"":571,""verdict"":""clean""},{""path"":""data/mined/duplicate_review.csv"",""record"":72},{""path"":""data/mined/duplicate_review.csv"",""record"":138}]","Reuse linked Ben records as historical evidence; current-label links, changed-label history and type-level reviews remain distinct. No second human annotation is inferred.","[""inv-4590e600ec77702d8b150999"",""inv-57890eb8b0fa96a5e2236784"",""inv-9298ccda2d8420ddac992e32"",""inv-b26e3a21c55ad438659bdaf5"",""inv-b397cd443cbbcd63454acc97"",""inv-d5e0f7ffd5949cfb7a45a5a5"",""inv-e5aa4b612bf44ef7b695365f""]",false,Carry forward the exact recorded label/target disposition by reference; no repeated blind answer or new label adjudication is proposed.,"Recorded occurrence decisions are reusable. Independent inventory approval is still required on linked inventory rows, counted only there.",inventory_conflict|quote_variant,
item-016a87033e83d75caca50524,occurrence,A_pilot_followup,proposed_not_approved_for_application,data/study_v1/review/item_audit.csv record 20,data/study_v1/review/review_decisions.csv record 3763,רמ״ח,train,false,knesset,knesset,human_review,10,exclude_proposed,exclude_proposed,accept,,,55,59,label|target,"[{""path"":""data/splits/all_items.csv"",""record"":3966},{""path"":""data/splits/train_items.csv"",""record"":2705}]","[{""link_basis"":""legacy_id+acronym+label; inspect source sentence where available"",""path"":""data/mined/knesset/knesset_reviewed.csv"",""record"":699,""verdict"":""clean""}]","Reuse linked Ben records as historical evidence; current-label links, changed-label history and type-level reviews remain distinct. No second human annotation is inferred.","[""inv-10c3dbcb9a3f7f49cc83fe3a"",""inv-3c29019fb9293f7a120a2949"",""inv-f21886690b4502273a05fd77""]",false,Carry forward the exact recorded label/target disposition by reference; no repeated blind answer or new label adjudication is proposed.,Existing exclusion proposal awaits future application authority; no row is removed and no type-wide exclusion follows.,inventory_conflict|quote_variant,
item-056552bb62ebfbd15f750a14,occurrence,A_pilot_followup,proposed_not_approved_for_application,data/study_v1/review/item_audit.csv record 87,data/study_v1/review/review_decisions.csv record 3771,אג״ם,train,false,knesset,knesset,human_review,11,accept,accept,accept,,,54,58,target,"[{""path"":""data/splits/all_items.csv"",""record"":4153},{""path"":""data/splits/train_items.csv"",""record"":2547}]","[{""link_basis"":""legacy_id+acronym+label; inspect source sentence where available"",""path"":""data/mined/knesset/knesset_reviewed.csv"",""record"":886,""verdict"":""clean""}]","Reuse linked Ben records as historical evidence; current-label links, changed-label history and type-level reviews remain distinct. No second human annotation is inferred.","[""inv-195f8265f332161a7cfa62f5"",""inv-7a73a1f4524c62828f1577ac"",""inv-883feb450af8defcff60a0e4"",""inv-a036796580a8901508d9aa29"",""inv-a0a58d5dba673d7546c374cb"",""inv-d6e6c5332f3cee4a313da443""]",false,Carry forward the exact recorded label/target disposition by reference; no repeated blind answer or new label adjudication is proposed.,"Recorded occurrence decisions are reusable. Independent inventory approval is still required on linked inventory rows, counted only there.",inventory_conflict|quote_variant,
item-0595053de96b8d154977c0cf,occurrence,A_pilot_followup,proposed_not_approved_for_application,data/study_v1/review/item_audit.csv record 90,data/study_v1/review/review_decisions.csv record 3772,השב״ס,train,false,knesset,knesset,human_review,12,accept,accept,accept,,,108,113,target,"[{""path"":""data/splits/all_items.csv"",""record"":3828},{""path"":""data/splits/train_items.csv"",""record"":2517}]","[{""link_basis"":""legacy_id+acronym+label; inspect source sentence where available"",""path"":""data/mined/knesset/knesset_reviewed.csv"",""record"":561,""verdict"":""clean""}]","Reuse linked Ben records as historical evidence; current-label links, changed-label history and type-level reviews remain distinct. No second human annotation is inferred.","[""inv-052c7b0f6ea4312ff39e38f5"",""inv-a0ae97432f1da9af0d492642"",""inv-a7245d709ac0d540735478f1""]",false,Carry forward the exact recorded label/target disposition by reference; no repeated blind answer or new label adjudication is proposed.,"Recorded occurrence decisions are reusable. Independent inventory approval is still required on linked inventory rows, counted only there.",inventory_conflict|quote_variant,
item-10c8e92234135629f4d76552,occurrence,A_pilot_followup,proposed_not_approved_for_application,data/study_v1/review/item_audit.csv record 291,data/study_v1/review/review_decisions.csv record 3,מצ״ד,dev,false,wiki_substituted,wikipedia,human_review,13,exclude_proposed,exclude_proposed,accept,,,17,21,label,"[{""path"":""data/splits/all_items.csv"",""record"":3213},{""path"":""data/splits/dev_items.csv"",""record"":235}]","[{""link_basis"":""unique legacy_id+acronym; label_changed; historical evidence not current verdict"",""path"":""data/mined/dev_review.csv"",""record"":238,""verdict"":""wrong_sense""}]","Reuse linked Ben records as historical evidence; current-label links, changed-label history and type-level reviews remain distinct. No second human annotation is inferred.","[""inv-239f11d086fbeaf46f0d5767"",""inv-3eec6caf7e3e9a8f936d339e"",""inv-64c2559aac0c9a1ccd1e102e"",""inv-74495aa8f398a8d156f4b204"",""inv-b513f17d7e121e9150e7e97d""]",false,Carry forward the exact recorded label/target disposition by reference; no repeated blind answer or new label adjudication is proposed.,Existing exclusion proposal awaits future application authority; no row is removed and no type-wide exclusion follows.,adverse_review|historical_adverse_review|inventory_conflict|label_missing_independent_inventory|review_not_proven,
item-ab8c75dc07bf0b27830e4ed9,occurrence,A_pilot_followup,proposed_not_approved_for_application,data/study_v1/review/item_audit.csv record 3108,data/study_v1/review/review_decisions.csv record 1,ת״ק,train,false,knesset,knesset,human_review,14,exclude_proposed,exclude_proposed,accept,,,89,92,document|label|target,"[{""path"":""data/splits/all_items.csv"",""record"":3441},{""path"":""data/splits/train_items.csv"",""record"":2650}]","[{""link_basis"":""legacy_id+acronym+label; inspect source sentence where available"",""path"":""data/mined/knesset/knesset_reviewed.csv"",""record"":174,""verdict"":""human_review""}]","Reuse linked Ben records as historical evidence; current-label links, changed-label history and type-level reviews remain distinct. No second human annotation is inferred.","[""inv-1efdf1b205ac421da5c88168"",""inv-3ab491a6c016c99d8528ed36"",""inv-7ff81efb0f7711f27043d9c9"",""inv-a6e5eb60bf02399e97471074""]",false,Carry forward the exact recorded label/target disposition by reference; no repeated blind answer or new label adjudication is proposed.,Existing exclusion proposal awaits future application authority; no row is removed and no type-wide exclusion follows.,document_overlap|inventory_conflict|quote_variant|scope_exclusion_proposed|target_multiple,gematria_string_rule_proposed
item-3a7a3e48e2a9580265b4e88d,occurrence,A_pilot_followup,proposed_not_approved_for_application,data/study_v1/review/item_audit.csv record 1072,data/study_v1/review/review_decisions.csv record 7,בא״ח,dev,false,manual,human,human_authored,15,correct,accept,correct,,,7,12,provenance|target,"[{""path"":""data/splits/all_items.csv"",""record"":3261},{""path"":""data/splits/dev_items.csv"",""record"":283}]",[],No linked Ben record is established for this occurrence; do not infer review from its label or category.,"[""inv-43a991b7ebc6376ef7fc7349"",""inv-e455f3a17855301eaf633196"",""inv-efdd62c68321435e2bc35667""]",true,Preserve accepted label and corrected full span; inspect sentence provenance separately.,Label acceptance and the initial answer are distinct; the sentence source remains unresolved. Do not equate the initial wording with an approved alias.,inventory_conflict|legacy_id_collision|missing_provenance|review_not_proven|target_prefix_or_embedded,
item-40282f0d0e535efd7b8d61f9,occurrence,A_pilot_followup,proposed_not_approved_for_application,data/study_v1/review/item_audit.csv record 1163,data/study_v1/review/review_decisions.csv record 69,מהר״י,dev,false,wiki_substituted,wikipedia,substitution,16,uncertain,uncertain,accept,,,55,60,label|target,"[{""path"":""data/splits/all_items.csv"",""record"":3139},{""path"":""data/splits/dev_items.csv"",""record"":161}]","[{""link_basis"":""legacy_id+acronym+label; inspect source sentence where available"",""path"":""data/mined/dev_review.csv"",""record"":164,""verdict"":""unsure""},{""path"":""data/mined/duplicate_review.csv"",""record"":129}]","Reuse linked Ben records as historical evidence; current-label links, changed-label history and type-level reviews remain distinct. No second human annotation is inferred.","[""inv-11390735de69d86751ade2a9"",""inv-284f66156378b1d8f04a5655"",""inv-4935fa218d91a0a64f728f61"",""inv-52c285c0c1bfbf35006b5c3c"",""inv-5820c2d90b82a831e7b044f1"",""inv-62cfcc030944e97a5dedbb2d"",""inv-65bb757eb43da3476e752630"",""inv-7757a2c9e6f3cffe54d3018f"",""inv-8c9d4ffafb9d85885c49b0c7"",""inv-8df672a04bcc3f759d3882b5"",""inv-9f560abddfb522e240d73d6f"",""inv-be0809106930280779eccab9"",""inv-c64ade6941e2b2c0cd8a469e"",""inv-ce3d75f6b56784558dd287ea"",""inv-e542bedeb16575563d78d838"",""inv-f448a27da6b09fd1c5902b96""]",true,Retain uncertain label and recorded target; request source-grounded adjudication without forcing a replacement or exclusion.,Name identification does not establish acronym usage or its full expansion; the historical unsure verdict remains relevant.,inventory_conflict|target_multiple|uncertain_review,
item-0ba0c9f436415e7e89b6d70f,occurrence,B_established_natural_dev,proposed_not_approved_for_application,data/study_v1/review/item_audit.csv record 196,data/study_v1/review/review_decisions.csv record 602,א״ח,aggregate_only,true,knesset,knesset,human_review,,not_recorded,,,,,,,target,"[{""path"":""data/splits/all_items.csv"",""record"":3460}]","[{""link_basis"":""legacy_id+acronym+label; inspect source sentence where available"",""path"":""data/mined/knesset/knesset_reviewed.csv"",""record"":193,""verdict"":""human_review""}]","Reuse linked Ben records as historical evidence; current-label links, changed-label history and type-level reviews remain distinct. No second human annotation is inferred.","[""inv-9424ede2a06e489aeceab505"",""inv-aff686b511c11acec3937e80"",""inv-ca51fd8fa2fbd71b836d0deb"",""inv-f35cb992895c46e9535e86c1""]",true,"Propose contextual label, full raw target span and construction/provenance inspection; consult existing Ben evidence before adding work.",Established natural-dev proposal awaits contextual review under the approved linguistic-expansion rule.,inventory_conflict|natural_dev_proposal|quote_variant,
item-10ac1c06a06fc92d2001f11b,occurrence,B_established_natural_dev,proposed_not_approved_for_application,data/study_v1/review/item_audit.csv record 288,data/study_v1/review/review_decisions.csv record 617,חמ״ס,aggregate_only,true,knesset,knesset,human_review,,not_recorded,,,,,,,target,"[{""path"":""data/splits/all_items.csv"",""record"":3815}]","[{""link_basis"":""legacy_id+acronym+label; inspect source sentence where available"",""path"":""data/mined/knesset/knesset_reviewed.csv"",""record"":548,""verdict"":""clean""}]","Reuse linked Ben records as historical evidence; current-label links, changed-label history and type-level reviews remain distinct. No second human annotation is inferred.","[""inv-6d9fc60f845fe4be0411c7cd"",""inv-9a844d7b601824b7d89a0c8f"",""inv-d9ed953ebe93d0fd0cc8e8e2""]",true,"Propose contextual label, full raw target span and construction/provenance inspection; consult existing Ben evidence before adding work.",Established natural-dev proposal awaits contextual review under the approved linguistic-expansion rule.,inventory_conflict|natural_dev_proposal|quote_variant,
item-14046e12b3b2baa201c79cf2,occurrence,B_established_natural_dev,proposed_not_approved_for_application,data/study_v1/review/item_audit.csv record 348,data/study_v1/review/review_decisions.csv record 621,בד״ר,aggregate_only,true,knesset,knesset,human_review,,not_recorded,,,,,,,target,"[{""path"":""data/splits/all_items.csv"",""record"":4021}]","[{""link_basis"":""legacy_id+acronym+label; inspect source sentence where available"",""path"":""data/mined/knesset/knesset_reviewed.csv"",""record"":754,""verdict"":""clean""}]","Reuse linked Ben records as historical evidence; current-label links, changed-label history and type-level reviews remain distinct. No second human annotation is inferred.","[""inv-0846578abcfe5250d767f838"",""inv-0d3ee6049e879432d7592a6d"",""inv-1fdfb7f4e9091c433b39fbf3"",""inv-29680d562b011b8deff1661e""]",true,"Propose contextual label, full raw target span and construction/provenance inspection; consult existing Ben evidence before adding work.",Established natural-dev proposal awaits contextual review under the approved linguistic-expansion rule.,inventory_conflict|natural_dev_proposal|quote_variant,
item-156800ee54945323a6cf854f,occurrence,B_established_natural_dev,proposed_not_approved_for_application,data/study_v1/review/item_audit.csv record 374,data/study_v1/review/review_decisions.csv record 625,חמ״ס,aggregate_only,true,knesset,knesset,human_review,,not_recorded,,,,,,,target,"[{""path"":""data/splits/all_items.csv"",""record"":3816}]","[{""link_basis"":""legacy_id+acronym+label; inspect source sentence where available"",""path"":""data/mined/knesset/knesset_reviewed.csv"",""record"":549,""verdict"":""clean""}]","Reuse linked Ben records as historical evidence; current-label links, changed-label history and type-level reviews remain distinct. No second human annotation is inferred.","[""inv-6d9fc60f845fe4be0411c7cd"",""inv-9a844d7b601824b7d89a0c8f"",""inv-d9ed953ebe93d0fd0cc8e8e2""]",true,"Propose contextual label, full raw target span and construction/provenance inspection; consult existing Ben evidence before adding work.",Established natural-dev proposal awaits contextual review under the approved linguistic-expansion rule.,inventory_conflict|natural_dev_proposal|quote_variant,
item-17d113380604365aa2346e1f,occurrence,B_established_natural_dev,proposed_not_approved_for_application,data/study_v1/review/item_audit.csv record 420,data/study_v1/review/review_decisions.csv record 628,מט״ח,aggregate_only,true,knesset,knesset,human_review,,not_recorded,,,,,,,target,"[{""path"":""data/splits/all_items.csv"",""record"":4136}]","[{""link_basis"":""legacy_id+acronym+label; inspect source sentence where available"",""path"":""data/mined/knesset/knesset_reviewed.csv"",""record"":869,""verdict"":""clean""}]","Reuse linked Ben records as historical evidence; current-label links, changed-label history and type-level reviews remain distinct. No second human annotation is inferred.","[""inv-2a0a9638b946f737dce9f9a6"",""inv-79378bfaf7455ece79b4fd47"",""inv-7cfbe14c3e5844e284eb8bc0""]",true,"Propose contextual label, full raw target span and construction/provenance inspection; consult existing Ben evidence before adding work.",Established natural-dev proposal awaits contextual review under the approved linguistic-expansion rule.,inventory_conflict|natural_dev_proposal|quote_variant,
item-18c8400e4219e4a3866199b3,occurrence,B_established_natural_dev,proposed_not_approved_for_application,data/study_v1/review/item_audit.csv record 432,data/study_v1/review/review_decisions.csv record 630,ממ״ק,aggregate_only,true,knesset,knesset,human_review,,not_recorded,,,,,,,target,"[{""path"":""data/splits/all_items.csv"",""record"":3614}]","[{""link_basis"":""legacy_id+acronym+label; inspect source sentence where available"",""path"":""data/mined/knesset/knesset_reviewed.csv"",""record"":347,""verdict"":""clean""},{""path"":""data/mined/duplicate_review.csv"",""record"":38}]","Reuse linked Ben records as historical evidence; current-label links, changed-label history and type-level reviews remain distinct. No second human annotation is inferred.","[""inv-0e831ce2cdf5ce28e721c980"",""inv-4201d842ab68f4e6ded9cdaa"",""inv-514f7b97527e16679ef95d6a"",""inv-806a5d10347e3336c391c220"",""inv-a6169f2c39d699cb104030f8""]",true,"Propose contextual label, full raw target span and construction/provenance inspection; consult existing Ben evidence before adding work.",Established natural-dev proposal awaits contextual review under the approved linguistic-expansion rule.,inventory_conflict|natural_dev_proposal|quote_variant,
item-1906c2d4cb8ed1d766bdc603,occurrence,B_established_natural_dev,proposed_not_approved_for_application,data/study_v1/review/item_audit.csv record 439,data/study_v1/review/review_decisions.csv record 631,בד״ר,aggregate_only,true,knesset,knesset,human_review,,not_recorded,,,,,,,target,"[{""path"":""data/splits/all_items.csv"",""record"":3674}]","[{""link_basis"":""legacy_id+acronym+label; inspect source sentence where available"",""path"":""data/mined/knesset/knesset_reviewed.csv"",""record"":407,""verdict"":""clean""}]","Reuse linked Ben records as historical evidence; current-label links, changed-label history and type-level reviews remain distinct. No second human annotation is inferred.","[""inv-0846578abcfe5250d767f838"",""inv-0d3ee6049e879432d7592a6d"",""inv-1fdfb7f4e9091c433b39fbf3"",""inv-29680d562b011b8deff1661e""]",true,"Propose contextual label, full raw target span and construction/provenance inspection; consult existing Ben evidence before adding work.",Established natural-dev proposal awaits contextual review under the approved linguistic-expansion rule.,inventory_conflict|natural_dev_proposal|quote_variant,
item-19fff1b9243df3edde408d49,occurrence,B_established_natural_dev,proposed_not_approved_for_application,data/study_v1/review/item_audit.csv record 452,data/study_v1/review/review_decisions.csv record 633,מט״ח,aggregate_only,true,knesset,knesset,human_review,,not_recorded,,,,,,,target,"[{""path"":""data/splits/all_items.csv"",""record"":4135}]","[{""link_basis"":""legacy_id+acronym+label; inspect source sentence where available"",""path"":""data/mined/knesset/knesset_reviewed.csv"",""record"":868,""verdict"":""clean""}]","Reuse linked Ben records as historical evidence; current-label links, changed-label history and type-level reviews remain distinct. No second human annotation is inferred.","[""inv-2a0a9638b946f737dce9f9a6"",""inv-79378bfaf7455ece79b4fd47"",""inv-7cfbe14c3e5844e284eb8bc0""]",true,"Propose contextual label, full raw target span and construction/provenance inspection; consult existing Ben evidence before adding work.",Established natural-dev proposal awaits contextual review under the approved linguistic-expansion rule.,inventory_conflict|natural_dev_proposal|quote_variant,
item-22a02d543b490f9bb42d72bb,occurrence,B_established_natural_dev,proposed_not_approved_for_application,data/study_v1/review/item_audit.csv record 595,data/study_v1/review/review_decisions.csv record 641,מט״ח,aggregate_only,true,knesset,knesset,human_review,,not_recorded,,,,,,,target,"[{""path"":""data/splits/all_items.csv"",""record"":4121}]","[{""link_basis"":""legacy_id+acronym+label; inspect source sentence where available"",""path"":""data/mined/knesset/knesset_reviewed.csv"",""record"":854,""verdict"":""clean""}]","Reuse linked Ben records as historical evidence; current-label links, changed-label history and type-level reviews remain distinct. No second human annotation is inferred.","[""inv-2a0a9638b946f737dce9f9a6"",""inv-79378bfaf7455ece79b4fd47"",""inv-7cfbe14c3e5844e284eb8bc0""]",true,"Propose contextual label, full raw target span and construction/provenance inspection; consult existing Ben evidence before adding work.",Established natural-dev proposal awaits contextual review under the approved linguistic-expansion rule.,inventory_conflict|natural_dev_proposal|quote_variant,
item-23fa0ff87f5732f0bad32456,occurrence,B_established_natural_dev,proposed_not_approved_for_application,data/study_v1/review/item_audit.csv record 621,data/study_v1/review/review_decisions.csv record 642,נ״ר,aggregate_only,true,knesset,knesset,human_review,,not_recorded,,,,,,,target,"[{""path"":""data/splits/all_items.csv"",""record"":3799}]","[{""link_basis"":""legacy_id+acronym+label; inspect source sentence where available"",""path"":""data/mined/knesset/knesset_reviewed.csv"",""record"":532,""verdict"":""clean""}]","Reuse linked Ben records as historical evidence; current-label links, changed-label history and type-level reviews remain distinct. No second human annotation is inferred.","[""inv-09274bc570d0774b74fb714f"",""inv-0db1fefa3fa73c7cfc8b7480"",""inv-150cbd316dafce38f2605735"",""inv-196db5072f2122d6386b36ca"",""inv-5f1de670d0303eac16623277"",""inv-8838d5b3406fcf5142c77876"",""inv-9da8f10bbcce4dea0b12ec4a"",""inv-a8bce241f4f23f9019fb2763"",""inv-d0d048b7e4a7e634778d54b7"",""inv-e8f57b050b30fd6aa52fae80""]",true,"Propose contextual label, full raw target span and construction/provenance inspection; consult existing Ben evidence before adding work.",Established natural-dev proposal awaits contextual review under the approved linguistic-expansion rule.,inventory_conflict|natural_dev_proposal|quote_variant,
item-254a328d1ecef17fd18a30a7,occurrence,B_established_natural_dev,proposed_not_approved_for_application,data/study_v1/review/item_audit.csv record 647,data/study_v1/review/review_decisions.csv record 645,מט״ח,aggregate_only,true,knesset,knesset,human_review,,not_recorded,,,,,,,target,"[{""path"":""data/splits/all_items.csv"",""record"":4110}]","[{""link_basis"":""legacy_id+acronym+label; inspect source sentence where available"",""path"":""data/mined/knesset/knesset_reviewed.csv"",""record"":843,""verdict"":""clean""}]","Reuse linked Ben records as historical evidence; current-label links, changed-label history and type-level reviews remain distinct. No second human annotation is inferred.","[""inv-2a0a9638b946f737dce9f9a6"",""inv-79378bfaf7455ece79b4fd47"",""inv-7cfbe14c3e5844e284eb8bc0""]",true,"Propose contextual label, full raw target span and construction/provenance inspection; consult existing Ben evidence before adding work.",Established natural-dev proposal awaits contextual review under the approved linguistic-expansion rule.,inventory_conflict|natural_dev_proposal|quote_variant,
item-2d44f9e1f2e97ab25a50f0f6,occurrence,B_established_natural_dev,proposed_not_approved_for_application,data/study_v1/review/item_audit.csv record 810,data/study_v1/review/review_decisions.csv record 657,נ״ר,aggregate_only,true,knesset,knesset,human_review,,not_recorded,,,,,,,target,"[{""path"":""data/splits/all_items.csv"",""record"":3802}]","[{""link_basis"":""legacy_id+acronym+label; inspect source sentence where available"",""path"":""data/mined/knesset/knesset_reviewed.csv"",""record"":535,""verdict"":""clean""}]","Reuse linked Ben records as historical evidence; current-label links, changed-label history and type-level reviews remain distinct. No second human annotation is inferred.","[""inv-09274bc570d0774b74fb714f"",""inv-0db1fefa3fa73c7cfc8b7480"",""inv-150cbd316dafce38f2605735"",""inv-196db5072f2122d6386b36ca"",""inv-5f1de670d0303eac16623277"",""inv-8838d5b3406fcf5142c77876"",""inv-9da8f10bbcce4dea0b12ec4a"",""inv-a8bce241f4f23f9019fb2763"",""inv-d0d048b7e4a7e634778d54b7"",""inv-e8f57b050b30fd6aa52fae80""]",true,"Propose contextual label, full raw target span and construction/provenance inspection; consult existing Ben evidence before adding work.",Established natural-dev proposal awaits contextual review under the approved linguistic-expansion rule.,inventory_conflict|natural_dev_proposal|quote_variant,
item-3ad644af803a72f064f2306f,occurrence,B_established_natural_dev,proposed_not_approved_for_application,data/study_v1/review/item_audit.csv record 1076,data/study_v1/review/review_decisions.csv record 671,ת״ז,aggregate_only,true,knesset,knesset,human_review,,not_recorded,,,,,,,target,"[{""path"":""data/splits/all_items.csv"",""record"":3662}]","[{""link_basis"":""legacy_id+acronym+label; inspect source sentence where available"",""path"":""data/mined/knesset/knesset_reviewed.csv"",""record"":395,""verdict"":""clean""}]","Reuse linked Ben records as historical evidence; current-label links, changed-label history and type-level reviews remain distinct. No second human annotation is inferred.","[""inv-6bcc468e15a804a605f37b75"",""inv-81f0f1ad172cd5b9793b85e5"",""inv-e71f46aec6b30d6a9b98099f"",""inv-e7a50f984654acc87cae19ce""]",true,"Propose contextual label, full raw target span and construction/provenance inspection; consult existing Ben evidence before adding work.",Established natural-dev proposal awaits contextual review under the approved linguistic-expansion rule.,inventory_conflict|natural_dev_proposal|quote_variant,
item-430060cdf15bc5f381533423,occurrence,B_established_natural_dev,proposed_not_approved_for_application,data/study_v1/review/item_audit.csv record 1211,data/study_v1/review/review_decisions.csv record 678,בד״ר,aggregate_only,true,knesset,knesset,human_review,,not_recorded,,,,,,,target,"[{""path"":""data/splits/all_items.csv"",""record"":3967}]","[{""link_basis"":""legacy_id+acronym+label; inspect source sentence where available"",""path"":""data/mined/knesset/knesset_reviewed.csv"",""record"":700,""verdict"":""clean""}]","Reuse linked Ben records as historical evidence; current-label links, changed-label history and type-level reviews remain distinct. No second human annotation is inferred.","[""inv-0846578abcfe5250d767f838"",""inv-0d3ee6049e879432d7592a6d"",""inv-1fdfb7f4e9091c433b39fbf3"",""inv-29680d562b011b8deff1661e""]",true,"Propose contextual label, full raw target span and construction/provenance inspection; consult existing Ben evidence before adding work.",Established natural-dev proposal awaits contextual review under the approved linguistic-expansion rule.,inventory_conflict|natural_dev_proposal|quote_variant,
item-471cc777b042d981db3a9eec,occurrence,B_established_natural_dev,proposed_not_approved_for_application,data/study_v1/review/item_audit.csv record 1297,data/study_v1/review/review_decisions.csv record 683,רמב״ם,aggregate_only,true,knesset,knesset,human_review,,not_recorded,,,,,,,target,"[{""path"":""data/splits/all_items.csv"",""record"":3517}]","[{""link_basis"":""legacy_id+acronym+label; inspect source sentence where available"",""path"":""data/mined/knesset/knesset_reviewed.csv"",""record"":250,""verdict"":""clean""}]","Reuse linked Ben records as historical evidence; current-label links, changed-label history and type-level reviews remain distinct. No second human annotation is inferred.","[""inv-067d403a0a67bc54d7a6254d"",""inv-29b1651d890f9017ee589608"",""inv-3ba981f7f49dbd2784e92ac3"",""inv-66819ff9f7b4b3fc741feb06"",""inv-7d7708e65101fcf171eb87c7"",""inv-824f11b62003d00c24cb38bf"",""inv-97e18611c36bfbb7f9c40696"",""inv-c696ceee8cfa89d41a00bbbe""]",true,"Propose contextual label, full raw target span and construction/provenance inspection; consult existing Ben evidence before adding work.",Established natural-dev proposal awaits contextual review under the approved linguistic-expansion rule.,inventory_conflict|natural_dev_proposal|quote_variant,
item-4838b206a7fe5fa938cd72fd,occurrence,B_established_natural_dev,proposed_not_approved_for_application,data/study_v1/review/item_audit.csv record 1328,data/study_v1/review/review_decisions.csv record 687,מר״מ,aggregate_only,true,knesset,knesset,human_review,,not_recorded,,,,,,,target,"[{""path"":""data/splits/all_items.csv"",""record"":3616}]","[{""link_basis"":""legacy_id+acronym+label; inspect source sentence where available"",""path"":""data/mined/knesset/knesset_reviewed.csv"",""record"":349,""verdict"":""clean""}]","Reuse linked Ben records as historical evidence; current-label links, changed-label history and type-level reviews remain distinct. No second human annotation is inferred.","[""inv-0cce917e4cfb9b4b563c7a79"",""inv-8e321ffd8b5b4033128314e1"",""inv-9a152b48977d56375b15a336""]",true,"Propose contextual label, full raw target span and construction/provenance inspection; consult existing Ben evidence before adding work.",Established natural-dev proposal awaits contextual review under the approved linguistic-expansion rule.,inventory_conflict|natural_dev_proposal|quote_variant,
item-4e165b7e1a515545b0d07e5e,occurrence,B_established_natural_dev,proposed_not_approved_for_application,data/study_v1/review/item_audit.csv record 1428,data/study_v1/review/review_decisions.csv record 693,רמב״ם,aggregate_only,true,knesset,knesset,human_review,,not_recorded,,,,,,,target,"[{""path"":""data/splits/all_items.csv"",""record"":3425}]","[{""link_basis"":""legacy_id+acronym+label; inspect source sentence where available"",""path"":""data/mined/knesset/knesset_reviewed.csv"",""record"":158,""verdict"":""clean""}]","Reuse linked Ben records as historical evidence; current-label links, changed-label history and type-level reviews remain distinct. No second human annotation is inferred.","[""inv-067d403a0a67bc54d7a6254d"",""inv-29b1651d890f9017ee589608"",""inv-3ba981f7f49dbd2784e92ac3"",""inv-66819ff9f7b4b3fc741feb06"",""inv-7d7708e65101fcf171eb87c7"",""inv-824f11b62003d00c24cb38bf"",""inv-97e18611c36bfbb7f9c40696"",""inv-c696ceee8cfa89d41a00bbbe""]",true,"Propose contextual label, full raw target span and construction/provenance inspection; consult existing Ben evidence before adding work.",Established natural-dev proposal awaits contextual review under the approved linguistic-expansion rule.,inventory_conflict|natural_dev_proposal|quote_variant,
item-4fcdf993e2fdade9525a3037,occurrence,B_established_natural_dev,proposed_not_approved_for_application,data/study_v1/review/item_audit.csv record 1464,data/study_v1/review/review_decisions.csv record 698,נ״ר,aggregate_only,true,knesset,knesset,human_review,,not_recorded,,,,,,,target,"[{""path"":""data/splits/all_items.csv"",""record"":3798}]","[{""link_basis"":""legacy_id+acronym+label; inspect source sentence where available"",""path"":""data/mined/knesset/knesset_reviewed.csv"",""record"":531,""verdict"":""clean""}]","Reuse linked Ben records as historical evidence; current-label links, changed-label history and type-level reviews remain distinct. No second human annotation is inferred.","[""inv-09274bc570d0774b74fb714f"",""inv-0db1fefa3fa73c7cfc8b7480"",""inv-150cbd316dafce38f2605735"",""inv-196db5072f2122d6386b36ca"",""inv-5f1de670d0303eac16623277"",""inv-8838d5b3406fcf5142c77876"",""inv-9da8f10bbcce4dea0b12ec4a"",""inv-a8bce241f4f23f9019fb2763"",""inv-d0d048b7e4a7e634778d54b7"",""inv-e8f57b050b30fd6aa52fae80""]",true,"Propose contextual label, full raw target span and construction/provenance inspection; consult existing Ben evidence before adding work.",Established natural-dev proposal awaits contextual review under the approved linguistic-expansion rule.,inventory_conflict|natural_dev_proposal|quote_variant,
item-4fe99f55b26e695e9ee52895,occurrence,B_established_natural_dev,proposed_not_approved_for_application,data/study_v1/review/item_audit.csv record 1470,data/study_v1/review/review_decisions.csv record 699,מט״ח,aggregate_only,true,knesset,knesset,human_review,,not_recorded,,,,,,,target,"[{""path"":""data/splits/all_items.csv"",""record"":4284}]","[{""link_basis"":""legacy_id+acronym+label; inspect source sentence where available"",""path"":""data/mined/knesset/knesset_reviewed.csv"",""record"":1017,""verdict"":""clean""}]","Reuse linked Ben records as historical evidence; current-label links, changed-label history and type-level reviews remain distinct. No second human annotation is inferred.","[""inv-2a0a9638b946f737dce9f9a6"",""inv-79378bfaf7455ece79b4fd47"",""inv-7cfbe14c3e5844e284eb8bc0""]",true,"Propose contextual label, full raw target span and construction/provenance inspection; consult existing Ben evidence before adding work.",Established natural-dev proposal awaits contextual review under the approved linguistic-expansion rule.,inventory_conflict|natural_dev_proposal|quote_variant,
item-55e5b4a03c58e5982a9c2bd0,occurrence,B_established_natural_dev,proposed_not_approved_for_application,data/study_v1/review/item_audit.csv record 1576,data/study_v1/review/review_decisions.csv record 703,שב״ח,aggregate_only,true,knesset,knesset,human_review,,not_recorded,,,,,,,target,"[{""path"":""data/splits/all_items.csv"",""record"":3653}]","[{""link_basis"":""legacy_id+acronym+label; inspect source sentence where available"",""path"":""data/mined/knesset/knesset_reviewed.csv"",""record"":386,""verdict"":""clean""}]","Reuse linked Ben records as historical evidence; current-label links, changed-label history and type-level reviews remain distinct. No second human annotation is inferred.","[""inv-3e18923601fef6807abfa1ca"",""inv-7094ff1374e230ba28f7390e"",""inv-ab20cec790005da630ef4849""]",true,"Propose contextual label, full raw target span and construction/provenance inspection; consult existing Ben evidence before adding work.",Established natural-dev proposal awaits contextual review under the approved linguistic-expansion rule.,inventory_conflict|natural_dev_proposal|quote_variant,
item-5a0481a7de3a5150b84d890d,occurrence,B_established_natural_dev,proposed_not_approved_for_application,data/study_v1/review/item_audit.csv record 1649,data/study_v1/review/review_decisions.csv record 707,א״ח,aggregate_only,true,knesset,knesset,human_review,,not_recorded,,,,,,,target,"[{""path"":""data/splits/all_items.csv"",""record"":3701}]","[{""link_basis"":""legacy_id+acronym+label; inspect source sentence where available"",""path"":""data/mined/knesset/knesset_reviewed.csv"",""record"":434,""verdict"":""clean""}]","Reuse linked Ben records as historical evidence; current-label links, changed-label history and type-level reviews remain distinct. No second human annotation is inferred.","[""inv-9424ede2a06e489aeceab505"",""inv-aff686b511c11acec3937e80"",""inv-ca51fd8fa2fbd71b836d0deb"",""inv-f35cb992895c46e9535e86c1""]",true,"Propose contextual label, full raw target span and construction/provenance inspection; consult existing Ben evidence before adding work.",Established natural-dev proposal awaits contextual review under the approved linguistic-expansion rule.,inventory_conflict|natural_dev_proposal|quote_variant,
item-5c5109fd8a4f3cd4e3129e7e,occurrence,B_established_natural_dev,proposed_not_approved_for_application,data/study_v1/review/item_audit.csv record 1693,data/study_v1/review/review_decisions.csv record 712,א״ח,aggregate_only,true,knesset,knesset,human_review,,not_recorded,,,,,,,target,"[{""path"":""data/splits/all_items.csv"",""record"":3699}]","[{""link_basis"":""legacy_id+acronym+label; inspect source sentence where available"",""path"":""data/mined/knesset/knesset_reviewed.csv"",""record"":432,""verdict"":""clean""}]","Reuse linked Ben records as historical evidence; current-label links, changed-label history and type-level reviews remain distinct. No second human annotation is inferred.","[""inv-9424ede2a06e489aeceab505"",""inv-aff686b511c11acec3937e80"",""inv-ca51fd8fa2fbd71b836d0deb"",""inv-f35cb992895c46e9535e86c1""]",true,"Propose contextual label, full raw target span and construction/provenance inspection; consult existing Ben evidence before adding work.",Established natural-dev proposal awaits contextual review under the approved linguistic-expansion rule.,inventory_conflict|natural_dev_proposal|quote_variant,
item-5e4eae79fc701a9e40d7515f,occurrence,B_established_natural_dev,proposed_not_approved_for_application,data/study_v1/review/item_audit.csv record 1728,data/study_v1/review/review_decisions.csv record 717,רמב״ם,aggregate_only,true,knesset,knesset,human_review,,not_recorded,,,,,,,target,"[{""path"":""data/splits/all_items.csv"",""record"":3434}]","[{""link_basis"":""legacy_id+acronym+label; inspect source sentence where available"",""path"":""data/mined/knesset/knesset_reviewed.csv"",""record"":167,""verdict"":""clean""}]","Reuse linked Ben records as historical evidence; current-label links, changed-label history and type-level reviews remain distinct. No second human annotation is inferred.","[""inv-067d403a0a67bc54d7a6254d"",""inv-29b1651d890f9017ee589608"",""inv-3ba981f7f49dbd2784e92ac3"",""inv-66819ff9f7b4b3fc741feb06"",""inv-7d7708e65101fcf171eb87c7"",""inv-824f11b62003d00c24cb38bf"",""inv-97e18611c36bfbb7f9c40696"",""inv-c696ceee8cfa89d41a00bbbe""]",true,"Propose contextual label, full raw target span and construction/provenance inspection; consult existing Ben evidence before adding work.",Established natural-dev proposal awaits contextual review under the approved linguistic-expansion rule.,inventory_conflict|natural_dev_proposal|quote_variant,
item-66449988f8e1908535c86e19,occurrence,B_established_natural_dev,proposed_not_approved_for_application,data/study_v1/review/item_audit.csv record 1869,data/study_v1/review/review_decisions.csv record 727,נ״ר,aggregate_only,true,knesset,knesset,human_review,,not_recorded,,,,,,,target,"[{""path"":""data/splits/all_items.csv"",""record"":3800}]","[{""link_basis"":""legacy_id+acronym+label; inspect source sentence where available"",""path"":""data/mined/knesset/knesset_reviewed.csv"",""record"":533,""verdict"":""clean""}]","Reuse linked Ben records as historical evidence; current-label links, changed-label history and type-level reviews remain distinct. No second human annotation is inferred.","[""inv-09274bc570d0774b74fb714f"",""inv-0db1fefa3fa73c7cfc8b7480"",""inv-150cbd316dafce38f2605735"",""inv-196db5072f2122d6386b36ca"",""inv-5f1de670d0303eac16623277"",""inv-8838d5b3406fcf5142c77876"",""inv-9da8f10bbcce4dea0b12ec4a"",""inv-a8bce241f4f23f9019fb2763"",""inv-d0d048b7e4a7e634778d54b7"",""inv-e8f57b050b30fd6aa52fae80""]",true,"Propose contextual label, full raw target span and construction/provenance inspection; consult existing Ben evidence before adding work.",Established natural-dev proposal awaits contextual review under the approved linguistic-expansion rule.,inventory_conflict|natural_dev_proposal|quote_variant,
item-7497d1a3df47cfaac62e7126,occurrence,B_established_natural_dev,proposed_not_approved_for_application,data/study_v1/review/item_audit.csv record 2123,data/study_v1/review/review_decisions.csv record 743,נ״ר,aggregate_only,true,knesset,knesset,human_review,,not_recorded,,,,,,,target,"[{""path"":""data/splits/all_items.csv"",""record"":3769}]","[{""link_basis"":""legacy_id+acronym+label; inspect source sentence where available"",""path"":""data/mined/knesset/knesset_reviewed.csv"",""record"":502,""verdict"":""clean""}]","Reuse linked Ben records as historical evidence; current-label links, changed-label history and type-level reviews remain distinct. No second human annotation is inferred.","[""inv-09274bc570d0774b74fb714f"",""inv-0db1fefa3fa73c7cfc8b7480"",""inv-150cbd316dafce38f2605735"",""inv-196db5072f2122d6386b36ca"",""inv-5f1de670d0303eac16623277"",""inv-8838d5b3406fcf5142c77876"",""inv-9da8f10bbcce4dea0b12ec4a"",""inv-a8bce241f4f23f9019fb2763"",""inv-d0d048b7e4a7e634778d54b7"",""inv-e8f57b050b30fd6aa52fae80""]",true,"Propose contextual label, full raw target span and construction/provenance inspection; consult existing Ben evidence before adding work.",Established natural-dev proposal awaits contextual review under the approved linguistic-expansion rule.,inventory_conflict|natural_dev_proposal|quote_variant,
item-75abd07036ff2ea191ad9d6e,occurrence,B_established_natural_dev,proposed_not_approved_for_application,data/study_v1/review/item_audit.csv record 2150,data/study_v1/review/review_decisions.csv record 746,חמ״ס,aggregate_only,true,knesset,knesset,human_review,,not_recorded,,,,,,,target,"[{""path"":""data/splits/all_items.csv"",""record"":3819}]","[{""link_basis"":""legacy_id+acronym+label; inspect source sentence where available"",""path"":""data/mined/knesset/knesset_reviewed.csv"",""record"":552,""verdict"":""clean""}]","Reuse linked Ben records as historical evidence; current-label links, changed-label history and type-level reviews remain distinct. No second human annotation is inferred.","[""inv-6d9fc60f845fe4be0411c7cd"",""inv-9a844d7b601824b7d89a0c8f"",""inv-d9ed953ebe93d0fd0cc8e8e2""]",true,"Propose contextual label, full raw target span and construction/provenance inspection; consult existing Ben evidence before adding work.",Established natural-dev proposal awaits contextual review under the approved linguistic-expansion rule.,inventory_conflict|natural_dev_proposal|quote_variant,
item-788589b75b0c8c81343b2d9a,occurrence,B_established_natural_dev,proposed_not_approved_for_application,data/study_v1/review/item_audit.csv record 2197,data/study_v1/review/review_decisions.csv record 79,א״ח,aggregate_only,true,knesset,knesset,human_review,,not_recorded,,,,,,,target,"[{""path"":""data/splits/all_items.csv"",""record"":3710}]","[{""link_basis"":""legacy_id+acronym+label; inspect source sentence where available"",""path"":""data/mined/knesset/knesset_reviewed.csv"",""record"":443,""verdict"":""clean""}]","Reuse linked Ben records as historical evidence; current-label links, changed-label history and type-level reviews remain distinct. No second human annotation is inferred.","[""inv-9424ede2a06e489aeceab505"",""inv-aff686b511c11acec3937e80"",""inv-ca51fd8fa2fbd71b836d0deb"",""inv-f35cb992895c46e9535e86c1""]",true,"Propose contextual label, full raw target span and construction/provenance inspection; consult existing Ben evidence before adding work.",Established natural-dev proposal awaits contextual review under the approved linguistic-expansion rule.,inventory_conflict|natural_dev_proposal|quote_variant|target_multiple,
item-81f5a685233daa3a09bf8415,occurrence,B_established_natural_dev,proposed_not_approved_for_application,data/study_v1/review/item_audit.csv record 2369,data/study_v1/review/review_decisions.csv record 759,חמ״ס,aggregate_only,true,knesset,knesset,human_review,,not_recorded,,,,,,,target,"[{""path"":""data/splits/all_items.csv"",""record"":3820}]","[{""link_basis"":""legacy_id+acronym+label; inspect source sentence where available"",""path"":""data/mined/knesset/knesset_reviewed.csv"",""record"":553,""verdict"":""clean""}]","Reuse linked Ben records as historical evidence; current-label links, changed-label history and type-level reviews remain distinct. No second human annotation is inferred.","[""inv-6d9fc60f845fe4be0411c7cd"",""inv-9a844d7b601824b7d89a0c8f"",""inv-d9ed953ebe93d0fd0cc8e8e2""]",true,"Propose contextual label, full raw target span and construction/provenance inspection; consult existing Ben evidence before adding work.",Established natural-dev proposal awaits contextual review under the approved linguistic-expansion rule.,inventory_conflict|natural_dev_proposal|quote_variant,
item-844d94aaed2ca6c5cfa3b4be,occurrence,B_established_natural_dev,proposed_not_approved_for_application,data/study_v1/review/item_audit.csv record 2406,data/study_v1/review/review_decisions.csv record 762,רמב״ם,aggregate_only,true,knesset,knesset,human_review,,not_recorded,,,,,,,target,"[{""path"":""data/splits/all_items.csv"",""record"":3703}]","[{""link_basis"":""legacy_id+acronym+label; inspect source sentence where available"",""path"":""data/mined/knesset/knesset_reviewed.csv"",""record"":436,""verdict"":""clean""}]","Reuse linked Ben records as historical evidence; current-label links, changed-label history and type-level reviews remain distinct. No second human annotation is inferred.","[""inv-067d403a0a67bc54d7a6254d"",""inv-29b1651d890f9017ee589608"",""inv-3ba981f7f49dbd2784e92ac3"",""inv-66819ff9f7b4b3fc741feb06"",""inv-7d7708e65101fcf171eb87c7"",""inv-824f11b62003d00c24cb38bf"",""inv-97e18611c36bfbb7f9c40696"",""inv-c696ceee8cfa89d41a00bbbe""]",true,"Propose contextual label, full raw target span and construction/provenance inspection; consult existing Ben evidence before adding work.",Established natural-dev proposal awaits contextual review under the approved linguistic-expansion rule.,inventory_conflict|natural_dev_proposal|quote_variant,
item-87d61ca82e09d79139507ae2,occurrence,B_established_natural_dev,proposed_not_approved_for_application,data/study_v1/review/item_audit.csv record 2483,data/study_v1/review/review_decisions.csv record 770,חמ״ס,aggregate_only,true,knesset,knesset,human_review,,not_recorded,,,,,,,target,"[{""path"":""data/splits/all_items.csv"",""record"":3817}]","[{""link_basis"":""legacy_id+acronym+label; inspect source sentence where available"",""path"":""data/mined/knesset/knesset_reviewed.csv"",""record"":550,""verdict"":""clean""}]","Reuse linked Ben records as historical evidence; current-label links, changed-label history and type-level reviews remain distinct. No second human annotation is inferred.","[""inv-6d9fc60f845fe4be0411c7cd"",""inv-9a844d7b601824b7d89a0c8f"",""inv-d9ed953ebe93d0fd0cc8e8e2""]",true,"Propose contextual label, full raw target span and construction/provenance inspection; consult existing Ben evidence before adding work.",Established natural-dev proposal awaits contextual review under the approved linguistic-expansion rule.,inventory_conflict|natural_dev_proposal|quote_variant,
item-8c5d718eca8a8f64ffbc6aef,occurrence,B_established_natural_dev,proposed_not_approved_for_application,data/study_v1/review/item_audit.csv record 2564,data/study_v1/review/review_decisions.csv record 82,א״ח,aggregate_only,true,knesset,knesset,human_review,,not_recorded,,,,,,,target,"[{""path"":""data/splits/all_items.csv"",""record"":3709}]","[{""link_basis"":""legacy_id+acronym+label; inspect source sentence where available"",""path"":""data/mined/knesset/knesset_reviewed.csv"",""record"":442,""verdict"":""clean""}]","Reuse linked Ben records as historical evidence; current-label links, changed-label history and type-level reviews remain distinct. No second human annotation is inferred.","[""inv-9424ede2a06e489aeceab505"",""inv-aff686b511c11acec3937e80"",""inv-ca51fd8fa2fbd71b836d0deb"",""inv-f35cb992895c46e9535e86c1""]",true,"Propose contextual label, full raw target span and construction/provenance inspection; consult existing Ben evidence before adding work.",Established natural-dev proposal awaits contextual review under the approved linguistic-expansion rule.,inventory_conflict|natural_dev_proposal|quote_variant|target_multiple,
item-913bec7bf936acba1eb66e9c,occurrence,B_established_natural_dev,proposed_not_approved_for_application,data/study_v1/review/item_audit.csv record 2653,data/study_v1/review/review_decisions.csv record 778,נ״ר,aggregate_only,true,knesset,knesset,human_review,,not_recorded,,,,,,,target,"[{""path"":""data/splits/all_items.csv"",""record"":3805}]","[{""link_basis"":""legacy_id+acronym+label; inspect source sentence where available"",""path"":""data/mined/knesset/knesset_reviewed.csv"",""record"":538,""verdict"":""clean""}]","Reuse linked Ben records as historical evidence; current-label links, changed-label history and type-level reviews remain distinct. No second human annotation is inferred.","[""inv-09274bc570d0774b74fb714f"",""inv-0db1fefa3fa73c7cfc8b7480"",""inv-150cbd316dafce38f2605735"",""inv-196db5072f2122d6386b36ca"",""inv-5f1de670d0303eac16623277"",""inv-8838d5b3406fcf5142c77876"",""inv-9da8f10bbcce4dea0b12ec4a"",""inv-a8bce241f4f23f9019fb2763"",""inv-d0d048b7e4a7e634778d54b7"",""inv-e8f57b050b30fd6aa52fae80""]",true,"Propose contextual label, full raw target span and construction/provenance inspection; consult existing Ben evidence before adding work.",Established natural-dev proposal awaits contextual review under the approved linguistic-expansion rule.,inventory_conflict|natural_dev_proposal|quote_variant,
item-930cc4dc07aa8c5a764e5fa6,occurrence,B_established_natural_dev,proposed_not_approved_for_application,data/study_v1/review/item_audit.csv record 2679,data/study_v1/review/review_decisions.csv record 780,נ״ר,aggregate_only,true,knesset,knesset,human_review,,not_recorded,,,,,,,target,"[{""path"":""data/splits/all_items.csv"",""record"":3804}]","[{""link_basis"":""legacy_id+acronym+label; inspect source sentence where available"",""path"":""data/mined/knesset/knesset_reviewed.csv"",""record"":537,""verdict"":""clean""}]","Reuse linked Ben records as historical evidence; current-label links, changed-label history and type-level reviews remain distinct. No second human annotation is inferred.","[""inv-09274bc570d0774b74fb714f"",""inv-0db1fefa3fa73c7cfc8b7480"",""inv-150cbd316dafce38f2605735"",""inv-196db5072f2122d6386b36ca"",""inv-5f1de670d0303eac16623277"",""inv-8838d5b3406fcf5142c77876"",""inv-9da8f10bbcce4dea0b12ec4a"",""inv-a8bce241f4f23f9019fb2763"",""inv-d0d048b7e4a7e634778d54b7"",""inv-e8f57b050b30fd6aa52fae80""]",true,"Propose contextual label, full raw target span and construction/provenance inspection; consult existing Ben evidence before adding work.",Established natural-dev proposal awaits contextual review under the approved linguistic-expansion rule.,inventory_conflict|natural_dev_proposal|quote_variant,
item-9ed4ab408ef6e36cb904a8dd,occurrence,B_established_natural_dev,proposed_not_approved_for_application,data/study_v1/review/item_audit.csv record 2877,data/study_v1/review/review_decisions.csv record 790,נ״ר,aggregate_only,true,knesset,knesset,human_review,,not_recorded,,,,,,,target,"[{""path"":""data/splits/all_items.csv"",""record"":3807}]","[{""link_basis"":""legacy_id+acronym+label; inspect source sentence where available"",""path"":""data/mined/knesset/knesset_reviewed.csv"",""record"":540,""verdict"":""clean""}]","Reuse linked Ben records as historical evidence; current-label links, changed-label history and type-level reviews remain distinct. No second human annotation is inferred.","[""inv-09274bc570d0774b74fb714f"",""inv-0db1fefa3fa73c7cfc8b7480"",""inv-150cbd316dafce38f2605735"",""inv-196db5072f2122d6386b36ca"",""inv-5f1de670d0303eac16623277"",""inv-8838d5b3406fcf5142c77876"",""inv-9da8f10bbcce4dea0b12ec4a"",""inv-a8bce241f4f23f9019fb2763"",""inv-d0d048b7e4a7e634778d54b7"",""inv-e8f57b050b30fd6aa52fae80""]",true,"Propose contextual label, full raw target span and construction/provenance inspection; consult existing Ben evidence before adding work.",Established natural-dev proposal awaits contextual review under the approved linguistic-expansion rule.,inventory_conflict|natural_dev_proposal|quote_variant,
item-a9d1ffcd0e77c7df2ad0172b,occurrence,B_established_natural_dev,proposed_not_approved_for_application,data/study_v1/review/item_audit.csv record 3068,data/study_v1/review/review_decisions.csv record 802,רמב״ם,aggregate_only,true,knesset,knesset,human_review,,not_recorded,,,,,,,target,"[{""path"":""data/splits/all_items.csv"",""record"":3405}]","[{""link_basis"":""legacy_id+acronym+label; inspect source sentence where available"",""path"":""data/mined/knesset/knesset_reviewed.csv"",""record"":138,""verdict"":""clean""}]","Reuse linked Ben records as historical evidence; current-label links, changed-label history and type-level reviews remain distinct. No second human annotation is inferred.","[""inv-067d403a0a67bc54d7a6254d"",""inv-29b1651d890f9017ee589608"",""inv-3ba981f7f49dbd2784e92ac3"",""inv-66819ff9f7b4b3fc741feb06"",""inv-7d7708e65101fcf171eb87c7"",""inv-824f11b62003d00c24cb38bf"",""inv-97e18611c36bfbb7f9c40696"",""inv-c696ceee8cfa89d41a00bbbe""]",true,"Propose contextual label, full raw target span and construction/provenance inspection; consult existing Ben evidence before adding work.",Established natural-dev proposal awaits contextual review under the approved linguistic-expansion rule.,inventory_conflict|natural_dev_proposal|quote_variant,
item-a9db3013c94b6c57002e78a6,occurrence,B_established_natural_dev,proposed_not_approved_for_application,data/study_v1/review/item_audit.csv record 3069,data/study_v1/review/review_decisions.csv record 803,חמ״ס,aggregate_only,true,knesset,knesset,human_review,,not_recorded,,,,,,,target,"[{""path"":""data/splits/all_items.csv"",""record"":3717}]","[{""link_basis"":""legacy_id+acronym+label; inspect source sentence where available"",""path"":""data/mined/knesset/knesset_reviewed.csv"",""record"":450,""verdict"":""clean""}]","Reuse linked Ben records as historical evidence; current-label links, changed-label history and type-level reviews remain distinct. No second human annotation is inferred.","[""inv-6d9fc60f845fe4be0411c7cd"",""inv-9a844d7b601824b7d89a0c8f"",""inv-d9ed953ebe93d0fd0cc8e8e2""]",true,"Propose contextual label, full raw target span and construction/provenance inspection; consult existing Ben evidence before adding work.",Established natural-dev proposal awaits contextual review under the approved linguistic-expansion rule.,inventory_conflict|natural_dev_proposal|quote_variant,
item-ac9f1e4a5df337d0b1c93567,occurrence,B_established_natural_dev,proposed_not_approved_for_application,data/study_v1/review/item_audit.csv record 3134,data/study_v1/review/review_decisions.csv record 807,חמ״ס,aggregate_only,true,knesset,knesset,human_review,,not_recorded,,,,,,,target,"[{""path"":""data/splits/all_items.csv"",""record"":4133}]","[{""link_basis"":""legacy_id+acronym+label; inspect source sentence where available"",""path"":""data/mined/knesset/knesset_reviewed.csv"",""record"":866,""verdict"":""clean""}]","Reuse linked Ben records as historical evidence; current-label links, changed-label history and type-level reviews remain distinct. No second human annotation is inferred.","[""inv-6d9fc60f845fe4be0411c7cd"",""inv-9a844d7b601824b7d89a0c8f"",""inv-d9ed953ebe93d0fd0cc8e8e2""]",true,"Propose contextual label, full raw target span and construction/provenance inspection; consult existing Ben evidence before adding work.",Established natural-dev proposal awaits contextual review under the approved linguistic-expansion rule.,inventory_conflict|natural_dev_proposal|quote_variant,
item-aee8e0bf658d025cc6e71a05,occurrence,B_established_natural_dev,proposed_not_approved_for_application,data/study_v1/review/item_audit.csv record 3177,data/study_v1/review/review_decisions.csv record 811,מט״ח,aggregate_only,true,knesset,knesset,human_review,,not_recorded,,,,,,,target,"[{""path"":""data/splits/all_items.csv"",""record"":4122}]","[{""link_basis"":""legacy_id+acronym+label; inspect source sentence where available"",""path"":""data/mined/knesset/knesset_reviewed.csv"",""record"":855,""verdict"":""clean""}]","Reuse linked Ben records as historical evidence; current-label links, changed-label history and type-level reviews remain distinct. No second human annotation is inferred.","[""inv-2a0a9638b946f737dce9f9a6"",""inv-79378bfaf7455ece79b4fd47"",""inv-7cfbe14c3e5844e284eb8bc0""]",true,"Propose contextual label, full raw target span and construction/provenance inspection; consult existing Ben evidence before adding work.",Established natural-dev proposal awaits contextual review under the approved linguistic-expansion rule.,inventory_conflict|natural_dev_proposal|quote_variant,
item-af58a5c554baa635c0fdc169,occurrence,B_established_natural_dev,proposed_not_approved_for_application,data/study_v1/review/item_audit.csv record 3189,data/study_v1/review/review_decisions.csv record 813,נ״ר,aggregate_only,true,knesset,knesset,human_review,,not_recorded,,,,,,,target,"[{""path"":""data/splits/all_items.csv"",""record"":3806}]","[{""link_basis"":""legacy_id+acronym+label; inspect source sentence where available"",""path"":""data/mined/knesset/knesset_reviewed.csv"",""record"":539,""verdict"":""clean""}]","Reuse linked Ben records as historical evidence; current-label links, changed-label history and type-level reviews remain distinct. No second human annotation is inferred.","[""inv-09274bc570d0774b74fb714f"",""inv-0db1fefa3fa73c7cfc8b7480"",""inv-150cbd316dafce38f2605735"",""inv-196db5072f2122d6386b36ca"",""inv-5f1de670d0303eac16623277"",""inv-8838d5b3406fcf5142c77876"",""inv-9da8f10bbcce4dea0b12ec4a"",""inv-a8bce241f4f23f9019fb2763"",""inv-d0d048b7e4a7e634778d54b7"",""inv-e8f57b050b30fd6aa52fae80""]",true,"Propose contextual label, full raw target span and construction/provenance inspection; consult existing Ben evidence before adding work.",Established natural-dev proposal awaits contextual review under the approved linguistic-expansion rule.,inventory_conflict|natural_dev_proposal|quote_variant,
item-af698222a5e89f5025a6f97f,occurrence,B_established_natural_dev,proposed_not_approved_for_application,data/study_v1/review/item_audit.csv record 3193,data/study_v1/review/review_decisions.csv record 814,חמ״ס,aggregate_only,true,knesset,knesset,human_review,,not_recorded,,,,,,,target,"[{""path"":""data/splits/all_items.csv"",""record"":3821}]","[{""link_basis"":""legacy_id+acronym+label; inspect source sentence where available"",""path"":""data/mined/knesset/knesset_reviewed.csv"",""record"":554,""verdict"":""clean""}]","Reuse linked Ben records as historical evidence; current-label links, changed-label history and type-level reviews remain distinct. No second human annotation is inferred.","[""inv-6d9fc60f845fe4be0411c7cd"",""inv-9a844d7b601824b7d89a0c8f"",""inv-d9ed953ebe93d0fd0cc8e8e2""]",true,"Propose contextual label, full raw target span and construction/provenance inspection; consult existing Ben evidence before adding work.",Established natural-dev proposal awaits contextual review under the approved linguistic-expansion rule.,inventory_conflict|natural_dev_proposal|quote_variant,
item-b0479f88216431afff7c51b2,occurrence,B_established_natural_dev,proposed_not_approved_for_application,data/study_v1/review/item_audit.csv record 3216,data/study_v1/review/review_decisions.csv record 816,רמב״ם,aggregate_only,true,knesset,knesset,human_review,,not_recorded,,,,,,,target,"[{""path"":""data/splits/all_items.csv"",""record"":3516}]","[{""link_basis"":""legacy_id+acronym+label; inspect source sentence where available"",""path"":""data/mined/knesset/knesset_reviewed.csv"",""record"":249,""verdict"":""clean""}]","Reuse linked Ben records as historical evidence; current-label links, changed-label history and type-level reviews remain distinct. No second human annotation is inferred.","[""inv-067d403a0a67bc54d7a6254d"",""inv-29b1651d890f9017ee589608"",""inv-3ba981f7f49dbd2784e92ac3"",""inv-66819ff9f7b4b3fc741feb06"",""inv-7d7708e65101fcf171eb87c7"",""inv-824f11b62003d00c24cb38bf"",""inv-97e18611c36bfbb7f9c40696"",""inv-c696ceee8cfa89d41a00bbbe""]",true,"Propose contextual label, full raw target span and construction/provenance inspection; consult existing Ben evidence before adding work.",Established natural-dev proposal awaits contextual review under the approved linguistic-expansion rule.,inventory_conflict|natural_dev_proposal|quote_variant,
item-b4e4ca61df46c43f38300413,occurrence,B_established_natural_dev,proposed_not_approved_for_application,data/study_v1/review/item_audit.csv record 3298,data/study_v1/review/review_decisions.csv record 821,בד״ר,aggregate_only,true,knesset,knesset,human_review,,not_recorded,,,,,,,target,"[{""path"":""data/splits/all_items.csv"",""record"":3968}]","[{""link_basis"":""legacy_id+acronym+label; inspect source sentence where available"",""path"":""data/mined/knesset/knesset_reviewed.csv"",""record"":701,""verdict"":""clean""}]","Reuse linked Ben records as historical evidence; current-label links, changed-label history and type-level reviews remain distinct. No second human annotation is inferred.","[""inv-0846578abcfe5250d767f838"",""inv-0d3ee6049e879432d7592a6d"",""inv-1fdfb7f4e9091c433b39fbf3"",""inv-29680d562b011b8deff1661e""]",true,"Propose contextual label, full raw target span and construction/provenance inspection; consult existing Ben evidence before adding work.",Established natural-dev proposal awaits contextual review under the approved linguistic-expansion rule.,inventory_conflict|natural_dev_proposal|quote_variant,
item-b55dd0db065d67467a62a785,occurrence,B_established_natural_dev,proposed_not_approved_for_application,data/study_v1/review/item_audit.csv record 3310,data/study_v1/review/review_decisions.csv record 822,א״ח,aggregate_only,true,knesset,knesset,human_review,,not_recorded,,,,,,,target,"[{""path"":""data/splits/all_items.csv"",""record"":3459}]","[{""link_basis"":""legacy_id+acronym+label; inspect source sentence where available"",""path"":""data/mined/knesset/knesset_reviewed.csv"",""record"":192,""verdict"":""human_review""}]","Reuse linked Ben records as historical evidence; current-label links, changed-label history and type-level reviews remain distinct. No second human annotation is inferred.","[""inv-9424ede2a06e489aeceab505"",""inv-aff686b511c11acec3937e80"",""inv-ca51fd8fa2fbd71b836d0deb"",""inv-f35cb992895c46e9535e86c1""]",true,"Propose contextual label, full raw target span and construction/provenance inspection; consult existing Ben evidence before adding work.",Established natural-dev proposal awaits contextual review under the approved linguistic-expansion rule.,inventory_conflict|natural_dev_proposal|quote_variant,
item-bb2dae2ee3807900fde4aacf,occurrence,B_established_natural_dev,proposed_not_approved_for_application,data/study_v1/review/item_audit.csv record 3406,data/study_v1/review/review_decisions.csv record 828,חמ״ס,aggregate_only,true,knesset,knesset,human_review,,not_recorded,,,,,,,target,"[{""path"":""data/splits/all_items.csv"",""record"":3818}]","[{""link_basis"":""legacy_id+acronym+label; inspect source sentence where available"",""path"":""data/mined/knesset/knesset_reviewed.csv"",""record"":551,""verdict"":""clean""}]","Reuse linked Ben records as historical evidence; current-label links, changed-label history and type-level reviews remain distinct. No second human annotation is inferred.","[""inv-6d9fc60f845fe4be0411c7cd"",""inv-9a844d7b601824b7d89a0c8f"",""inv-d9ed953ebe93d0fd0cc8e8e2""]",true,"Propose contextual label, full raw target span and construction/provenance inspection; consult existing Ben evidence before adding work.",Established natural-dev proposal awaits contextual review under the approved linguistic-expansion rule.,inventory_conflict|natural_dev_proposal|quote_variant,
item-bcdcd4ec4e4e69eadd486fab,occurrence,B_established_natural_dev,proposed_not_approved_for_application,data/study_v1/review/item_audit.csv record 3438,data/study_v1/review/review_decisions.csv record 829,בד״ר,aggregate_only,true,knesset,knesset,human_review,,not_recorded,,,,,,,target,"[{""path"":""data/splits/all_items.csv"",""record"":4115}]","[{""link_basis"":""legacy_id+acronym+label; inspect source sentence where available"",""path"":""data/mined/knesset/knesset_reviewed.csv"",""record"":848,""verdict"":""clean""}]","Reuse linked Ben records as historical evidence; current-label links, changed-label history and type-level reviews remain distinct. No second human annotation is inferred.","[""inv-0846578abcfe5250d767f838"",""inv-0d3ee6049e879432d7592a6d"",""inv-1fdfb7f4e9091c433b39fbf3"",""inv-29680d562b011b8deff1661e""]",true,"Propose contextual label, full raw target span and construction/provenance inspection; consult existing Ben evidence before adding work.",Established natural-dev proposal awaits contextual review under the approved linguistic-expansion rule.,inventory_conflict|natural_dev_proposal|quote_variant,
item-bdd68ace6f6117bcf6e8e6e4,occurrence,B_established_natural_dev,proposed_not_approved_for_application,data/study_v1/review/item_audit.csv record 3452,data/study_v1/review/review_decisions.csv record 831,נ״ר,aggregate_only,true,knesset,knesset,human_review,,not_recorded,,,,,,,target,"[{""path"":""data/splits/all_items.csv"",""record"":3803}]","[{""link_basis"":""legacy_id+acronym+label; inspect source sentence where available"",""path"":""data/mined/knesset/knesset_reviewed.csv"",""record"":536,""verdict"":""clean""}]","Reuse linked Ben records as historical evidence; current-label links, changed-label history and type-level reviews remain distinct. No second human annotation is inferred.","[""inv-09274bc570d0774b74fb714f"",""inv-0db1fefa3fa73c7cfc8b7480"",""inv-150cbd316dafce38f2605735"",""inv-196db5072f2122d6386b36ca"",""inv-5f1de670d0303eac16623277"",""inv-8838d5b3406fcf5142c77876"",""inv-9da8f10bbcce4dea0b12ec4a"",""inv-a8bce241f4f23f9019fb2763"",""inv-d0d048b7e4a7e634778d54b7"",""inv-e8f57b050b30fd6aa52fae80""]",true,"Propose contextual label, full raw target span and construction/provenance inspection; consult existing Ben evidence before adding work.",Established natural-dev proposal awaits contextual review under the approved linguistic-expansion rule.,inventory_conflict|natural_dev_proposal|quote_variant,
item-c51cc4063b086756ca22a534,occurrence,B_established_natural_dev,proposed_not_approved_for_application,data/study_v1/review/item_audit.csv record 3594,data/study_v1/review/review_decisions.csv record 836,בד״ר,aggregate_only,true,knesset,knesset,human_review,,not_recorded,,,,,,,target,"[{""path"":""data/splits/all_items.csv"",""record"":3667}]","[{""link_basis"":""legacy_id+acronym+label; inspect source sentence where available"",""path"":""data/mined/knesset/knesset_reviewed.csv"",""record"":400,""verdict"":""clean""}]","Reuse linked Ben records as historical evidence; current-label links, changed-label history and type-level reviews remain distinct. No second human annotation is inferred.","[""inv-0846578abcfe5250d767f838"",""inv-0d3ee6049e879432d7592a6d"",""inv-1fdfb7f4e9091c433b39fbf3"",""inv-29680d562b011b8deff1661e""]",true,"Propose contextual label, full raw target span and construction/provenance inspection; consult existing Ben evidence before adding work.",Established natural-dev proposal awaits contextual review under the approved linguistic-expansion rule.,inventory_conflict|natural_dev_proposal|quote_variant,
item-cb53c3b5130835f559e17bf5,occurrence,B_established_natural_dev,proposed_not_approved_for_application,data/study_v1/review/item_audit.csv record 3714,data/study_v1/review/review_decisions.csv record 842,נ״ר,aggregate_only,true,knesset,knesset,human_review,,not_recorded,,,,,,,target,"[{""path"":""data/splits/all_items.csv"",""record"":3808}]","[{""link_basis"":""legacy_id+acronym+label; inspect source sentence where available"",""path"":""data/mined/knesset/knesset_reviewed.csv"",""record"":541,""verdict"":""clean""}]","Reuse linked Ben records as historical evidence; current-label links, changed-label history and type-level reviews remain distinct. No second human annotation is inferred.","[""inv-09274bc570d0774b74fb714f"",""inv-0db1fefa3fa73c7cfc8b7480"",""inv-150cbd316dafce38f2605735"",""inv-196db5072f2122d6386b36ca"",""inv-5f1de670d0303eac16623277"",""inv-8838d5b3406fcf5142c77876"",""inv-9da8f10bbcce4dea0b12ec4a"",""inv-a8bce241f4f23f9019fb2763"",""inv-d0d048b7e4a7e634778d54b7"",""inv-e8f57b050b30fd6aa52fae80""]",true,"Propose contextual label, full raw target span and construction/provenance inspection; consult existing Ben evidence before adding work.",Established natural-dev proposal awaits contextual review under the approved linguistic-expansion rule.,inventory_conflict|natural_dev_proposal|quote_variant,
item-cdcf38e2b5dd5e86a3019453,occurrence,B_established_natural_dev,proposed_not_approved_for_application,data/study_v1/review/item_audit.csv record 3755,data/study_v1/review/review_decisions.csv record 843,רמב״ם,aggregate_only,true,knesset,knesset,human_review,,not_recorded,,,,,,,target,"[{""path"":""data/splits/all_items.csv"",""record"":3424}]","[{""link_basis"":""legacy_id+acronym+label; inspect source sentence where available"",""path"":""data/mined/knesset/knesset_reviewed.csv"",""record"":157,""verdict"":""clean""}]","Reuse linked Ben records as historical evidence; current-label links, changed-label history and type-level reviews remain distinct. No second human annotation is inferred.","[""inv-067d403a0a67bc54d7a6254d"",""inv-29b1651d890f9017ee589608"",""inv-3ba981f7f49dbd2784e92ac3"",""inv-66819ff9f7b4b3fc741feb06"",""inv-7d7708e65101fcf171eb87c7"",""inv-824f11b62003d00c24cb38bf"",""inv-97e18611c36bfbb7f9c40696"",""inv-c696ceee8cfa89d41a00bbbe""]",true,"Propose contextual label, full raw target span and construction/provenance inspection; consult existing Ben evidence before adding work.",Established natural-dev proposal awaits contextual review under the approved linguistic-expansion rule.,inventory_conflict|natural_dev_proposal|quote_variant,
item-d0704dead985d90a573448b3,occurrence,B_established_natural_dev,proposed_not_approved_for_application,data/study_v1/review/item_audit.csv record 3799,data/study_v1/review/review_decisions.csv record 849,רמב״ם,aggregate_only,true,knesset,knesset,human_review,,not_recorded,,,,,,,target,"[{""path"":""data/splits/all_items.csv"",""record"":3518}]","[{""link_basis"":""legacy_id+acronym+label; inspect source sentence where available"",""path"":""data/mined/knesset/knesset_reviewed.csv"",""record"":251,""verdict"":""clean""}]","Reuse linked Ben records as historical evidence; current-label links, changed-label history and type-level reviews remain distinct. No second human annotation is inferred.","[""inv-067d403a0a67bc54d7a6254d"",""inv-29b1651d890f9017ee589608"",""inv-3ba981f7f49dbd2784e92ac3"",""inv-66819ff9f7b4b3fc741feb06"",""inv-7d7708e65101fcf171eb87c7"",""inv-824f11b62003d00c24cb38bf"",""inv-97e18611c36bfbb7f9c40696"",""inv-c696ceee8cfa89d41a00bbbe""]",true,"Propose contextual label, full raw target span and construction/provenance inspection; consult existing Ben evidence before adding work.",Established natural-dev proposal awaits contextual review under the approved linguistic-expansion rule.,inventory_conflict|natural_dev_proposal|quote_variant,
item-dd39d7313d587e7af0d10220,occurrence,B_established_natural_dev,proposed_not_approved_for_application,data/study_v1/review/item_audit.csv record 4015,data/study_v1/review/review_decisions.csv record 860,ח״כ,aggregate_only,true,knesset,knesset,human_review,,not_recorded,,,,,,,target,"[{""path"":""data/splits/all_items.csv"",""record"":3597}]","[{""link_basis"":""legacy_id+acronym+label; inspect source sentence where available"",""path"":""data/mined/knesset/knesset_reviewed.csv"",""record"":330,""verdict"":""clean""}]","Reuse linked Ben records as historical evidence; current-label links, changed-label history and type-level reviews remain distinct. No second human annotation is inferred.","[""inv-156bc17086b1a4204fef593d"",""inv-4eb7fc6f20bdc3ba9d793c99"",""inv-b2ba6729cf3f9d0ff0a59488""]",true,"Propose contextual label, full raw target span and construction/provenance inspection; consult existing Ben evidence before adding work.",Established natural-dev proposal awaits contextual review under the approved linguistic-expansion rule.,inventory_conflict|natural_dev_proposal|quote_variant,
item-e07ee5c5b068f959d7634f69,occurrence,B_established_natural_dev,proposed_not_approved_for_application,data/study_v1/review/item_audit.csv record 4065,data/study_v1/review/review_decisions.csv record 865,מט״ח,aggregate_only,true,knesset,knesset,human_review,,not_recorded,,,,,,,target,"[{""path"":""data/splits/all_items.csv"",""record"":4247}]","[{""link_basis"":""legacy_id+acronym+label; inspect source sentence where available"",""path"":""data/mined/knesset/knesset_reviewed.csv"",""record"":980,""verdict"":""clean""}]","Reuse linked Ben records as historical evidence; current-label links, changed-label history and type-level reviews remain distinct. No second human annotation is inferred.","[""inv-2a0a9638b946f737dce9f9a6"",""inv-79378bfaf7455ece79b4fd47"",""inv-7cfbe14c3e5844e284eb8bc0""]",true,"Propose contextual label, full raw target span and construction/provenance inspection; consult existing Ben evidence before adding work.",Established natural-dev proposal awaits contextual review under the approved linguistic-expansion rule.,inventory_conflict|natural_dev_proposal|quote_variant,
item-e2b07d6a5a2f12ac1adc010f,occurrence,B_established_natural_dev,proposed_not_approved_for_application,data/study_v1/review/item_audit.csv record 4114,data/study_v1/review/review_decisions.csv record 869,נ״ר,aggregate_only,true,knesset,knesset,human_review,,not_recorded,,,,,,,target,"[{""path"":""data/splits/all_items.csv"",""record"":3801}]","[{""link_basis"":""legacy_id+acronym+label; inspect source sentence where available"",""path"":""data/mined/knesset/knesset_reviewed.csv"",""record"":534,""verdict"":""clean""}]","Reuse linked Ben records as historical evidence; current-label links, changed-label history and type-level reviews remain distinct. No second human annotation is inferred.","[""inv-09274bc570d0774b74fb714f"",""inv-0db1fefa3fa73c7cfc8b7480"",""inv-150cbd316dafce38f2605735"",""inv-196db5072f2122d6386b36ca"",""inv-5f1de670d0303eac16623277"",""inv-8838d5b3406fcf5142c77876"",""inv-9da8f10bbcce4dea0b12ec4a"",""inv-a8bce241f4f23f9019fb2763"",""inv-d0d048b7e4a7e634778d54b7"",""inv-e8f57b050b30fd6aa52fae80""]",true,"Propose contextual label, full raw target span and construction/provenance inspection; consult existing Ben evidence before adding work.",Established natural-dev proposal awaits contextual review under the approved linguistic-expansion rule.,inventory_conflict|natural_dev_proposal|quote_variant,
item-ea95c6953523a618e2de59b4,occurrence,B_established_natural_dev,proposed_not_approved_for_application,data/study_v1/review/item_audit.csv record 4253,data/study_v1/review/review_decisions.csv record 881,רמב״ם,aggregate_only,true,knesset,knesset,human_review,,not_recorded,,,,,,,target,"[{""path"":""data/splits/all_items.csv"",""record"":3356}]","[{""link_basis"":""legacy_id+acronym+label; inspect source sentence where available"",""path"":""data/mined/knesset/knesset_reviewed.csv"",""record"":89,""verdict"":""clean""}]","Reuse linked Ben records as historical evidence; current-label links, changed-label history and type-level reviews remain distinct. No second human annotation is inferred.","[""inv-067d403a0a67bc54d7a6254d"",""inv-29b1651d890f9017ee589608"",""inv-3ba981f7f49dbd2784e92ac3"",""inv-66819ff9f7b4b3fc741feb06"",""inv-7d7708e65101fcf171eb87c7"",""inv-824f11b62003d00c24cb38bf"",""inv-97e18611c36bfbb7f9c40696"",""inv-c696ceee8cfa89d41a00bbbe""]",true,"Propose contextual label, full raw target span and construction/provenance inspection; consult existing Ben evidence before adding work.",Established natural-dev proposal awaits contextual review under the approved linguistic-expansion rule.,inventory_conflict|natural_dev_proposal|quote_variant,
item-edb2eaef0de8a0276573082b,occurrence,B_established_natural_dev,proposed_not_approved_for_application,data/study_v1/review/item_audit.csv record 4306,data/study_v1/review/review_decisions.csv record 884,נ״ר,aggregate_only,true,knesset,knesset,human_review,,not_recorded,,,,,,,target,"[{""path"":""data/splits/all_items.csv"",""record"":3785}]","[{""link_basis"":""legacy_id+acronym+label; inspect source sentence where available"",""path"":""data/mined/knesset/knesset_reviewed.csv"",""record"":518,""verdict"":""clean""}]","Reuse linked Ben records as historical evidence; current-label links, changed-label history and type-level reviews remain distinct. No second human annotation is inferred.","[""inv-09274bc570d0774b74fb714f"",""inv-0db1fefa3fa73c7cfc8b7480"",""inv-150cbd316dafce38f2605735"",""inv-196db5072f2122d6386b36ca"",""inv-5f1de670d0303eac16623277"",""inv-8838d5b3406fcf5142c77876"",""inv-9da8f10bbcce4dea0b12ec4a"",""inv-a8bce241f4f23f9019fb2763"",""inv-d0d048b7e4a7e634778d54b7"",""inv-e8f57b050b30fd6aa52fae80""]",true,"Propose contextual label, full raw target span and construction/provenance inspection; consult existing Ben evidence before adding work.",Established natural-dev proposal awaits contextual review under the approved linguistic-expansion rule.,inventory_conflict|natural_dev_proposal|quote_variant,
item-f1f66e3cf9db7a864019f0c2,occurrence,B_established_natural_dev,proposed_not_approved_for_application,data/study_v1/review/item_audit.csv record 4389,data/study_v1/review/review_decisions.csv record 887,א״ח,aggregate_only,true,knesset,knesset,human_review,,not_recorded,,,,,,,target,"[{""path"":""data/splits/all_items.csv"",""record"":3723}]","[{""link_basis"":""legacy_id+acronym+label; inspect source sentence where available"",""path"":""data/mined/knesset/knesset_reviewed.csv"",""record"":456,""verdict"":""clean""}]","Reuse linked Ben records as historical evidence; current-label links, changed-label history and type-level reviews remain distinct. No second human annotation is inferred.","[""inv-9424ede2a06e489aeceab505"",""inv-aff686b511c11acec3937e80"",""inv-ca51fd8fa2fbd71b836d0deb"",""inv-f35cb992895c46e9535e86c1""]",true,"Propose contextual label, full raw target span and construction/provenance inspection; consult existing Ben evidence before adding work.",Established natural-dev proposal awaits contextual review under the approved linguistic-expansion rule.,inventory_conflict|natural_dev_proposal|quote_variant,
item-f71c11d1a6e1bd5a4e76c3e6,occurrence,B_established_natural_dev,proposed_not_approved_for_application,data/study_v1/review/item_audit.csv record 4497,data/study_v1/review/review_decisions.csv record 895,רמב״ם,aggregate_only,true,knesset,knesset,human_review,,not_recorded,,,,,,,target,"[{""path"":""data/splits/all_items.csv"",""record"":3372}]","[{""link_basis"":""legacy_id+acronym+label; inspect source sentence where available"",""path"":""data/mined/knesset/knesset_reviewed.csv"",""record"":105,""verdict"":""clean""}]","Reuse linked Ben records as historical evidence; current-label links, changed-label history and type-level reviews remain distinct. No second human annotation is inferred.","[""inv-067d403a0a67bc54d7a6254d"",""inv-29b1651d890f9017ee589608"",""inv-3ba981f7f49dbd2784e92ac3"",""inv-66819ff9f7b4b3fc741feb06"",""inv-7d7708e65101fcf171eb87c7"",""inv-824f11b62003d00c24cb38bf"",""inv-97e18611c36bfbb7f9c40696"",""inv-c696ceee8cfa89d41a00bbbe""]",true,"Propose contextual label, full raw target span and construction/provenance inspection; consult existing Ben evidence before adding work.",Established natural-dev proposal awaits contextual review under the approved linguistic-expansion rule.,inventory_conflict|natural_dev_proposal|quote_variant,
item-fb9a99d94440be18aa980b60,occurrence,B_established_natural_dev,proposed_not_approved_for_application,data/study_v1/review/item_audit.csv record 4574,data/study_v1/review/review_decisions.csv record 88,נ״ר,aggregate_only,true,knesset,knesset,human_review,,not_recorded,,,,,,,definition|target,"[{""path"":""data/splits/all_items.csv"",""record"":3697}]","[{""link_basis"":""legacy_id+acronym+label; inspect source sentence where available"",""path"":""data/mined/knesset/knesset_reviewed.csv"",""record"":430,""verdict"":""clean""}]","Reuse linked Ben records as historical evidence; current-label links, changed-label history and type-level reviews remain distinct. No second human annotation is inferred.","[""inv-09274bc570d0774b74fb714f"",""inv-0db1fefa3fa73c7cfc8b7480"",""inv-150cbd316dafce38f2605735"",""inv-196db5072f2122d6386b36ca"",""inv-5f1de670d0303eac16623277"",""inv-8838d5b3406fcf5142c77876"",""inv-9da8f10bbcce4dea0b12ec4a"",""inv-a8bce241f4f23f9019fb2763"",""inv-d0d048b7e4a7e634778d54b7"",""inv-e8f57b050b30fd6aa52fae80""]",true,"Propose contextual label, full raw target span and construction/provenance inspection; consult existing Ben evidence before adding work.",Established natural-dev proposal awaits contextual review under the approved linguistic-expansion rule.,definition_or_expansion_in_sentence|inventory_conflict|natural_dev_proposal|quote_variant,
item-06ef255bbefea69366ead320,occurrence,C_train_natural_wikipedia,proposed_not_approved_for_application,data/study_v1/review/item_audit.csv record 107,data/study_v1/review/review_decisions.csv record 596,ש״ס,train,false,wiki_natural,wikipedia,wikipedia_natural,,not_recorded,,,,,,,target,"[{""path"":""data/splits/all_items.csv"",""record"":4407},{""path"":""data/splits/train_items.csv"",""record"":2465}]","[{""path"":""data/mined/duplicate_review.csv"",""record"":104}]","Reuse linked Ben records as historical evidence; current-label links, changed-label history and type-level reviews remain distinct. No second human annotation is inferred.","[""inv-0cad98511cac621ec7fcb04d"",""inv-17a9fc3e90d479c87585c745"",""inv-22320fe8b9787e2904303a1f"",""inv-24c24e72f16871ea17eaedb2"",""inv-5b7887e64f42980490fe6e91"",""inv-6e6ed17892998879b58c835c"",""inv-78384a5ff6c13c411b9ded91"",""inv-8e6571a9798bbada7e39a1f8"",""inv-b38a762bffc5443a3e0d1695"",""inv-d06064105628f9f7b35938b6"",""inv-dab05126d8323a397cd97b94"",""inv-eacddc6a430e39fcf03ba146""]",true,"Propose contextual label, full raw target span and construction/provenance inspection; consult existing Ben evidence before adding work.",Natural Wikipedia occurrence lacks established current-task review; inspect provenance and any numeral/name usage beyond existing string flags.,inventory_conflict|quote_variant|review_not_proven,
item-0c75463788377bb13fa1ac45,occurrence,C_train_natural_wikipedia,proposed_not_approved_for_application,data/study_v1/review/item_audit.csv record 211,data/study_v1/review/review_decisions.csv record 604,סמ״ר,train,false,wiki_natural,wikipedia,wikipedia_natural,,not_recorded,,,,,,,target,"[{""path"":""data/splits/all_items.csv"",""record"":4376},{""path"":""data/splits/train_items.csv"",""record"":2701}]","[{""path"":""data/mined/duplicate_review.csv"",""record"":12}]","Reuse linked Ben records as historical evidence; current-label links, changed-label history and type-level reviews remain distinct. No second human annotation is inferred.","[""inv-4b0a1310f8b1451130d2ab2a"",""inv-c2b9dddd78559b42d9fefb32"",""inv-c819ad8ea2e5718f5fb622da"",""inv-d3c920e9fff6eef43ede5856"",""inv-f01fa344df8113658563208c""]",true,"Propose contextual label, full raw target span and construction/provenance inspection; consult existing Ben evidence before adding work.",Natural Wikipedia occurrence lacks established current-task review; inspect provenance and any numeral/name usage beyond existing string flags.,inventory_conflict|quote_variant|review_not_proven,
item-0cfe0e283c2b064ae943d126,occurrence,C_train_natural_wikipedia,proposed_not_approved_for_application,data/study_v1/review/item_audit.csv record 220,data/study_v1/review/review_decisions.csv record 606,ממ״ד,train,false,wiki_natural,wikipedia,wikipedia_natural,,not_recorded,,,,,,,target,"[{""path"":""data/splits/all_items.csv"",""record"":4351},{""path"":""data/splits/train_items.csv"",""record"":2693}]",[],No linked Ben record is established for this occurrence; do not infer review from its label or category.,"[""inv-5be65f695b9afe8447e6e472"",""inv-95450bbf67e996d0da7f17d8"",""inv-a3ce0ec2b496f98ff42f5697"",""inv-bdf64acba14951e76da5dfc5""]",true,"Propose contextual label, full raw target span and construction/provenance inspection; consult existing Ben evidence before adding work.",Natural Wikipedia occurrence lacks established current-task review; inspect provenance and any numeral/name usage beyond existing string flags.,inventory_conflict|quote_variant|review_not_proven,
item-13aa1cd5f84c25ef9a4643d8,occurrence,C_train_natural_wikipedia,proposed_not_approved_for_application,data/study_v1/review/item_audit.csv record 340,data/study_v1/review/review_decisions.csv record 1129,מ״מ,train,false,wiki_natural,wikipedia,wikipedia_natural,,not_recorded,,,,,,,contextual_label,"[{""path"":""data/splits/all_items.csv"",""record"":4354},{""path"":""data/splits/train_items.csv"",""record"":2617}]","[{""path"":""data/mined/duplicate_review.csv"",""record"":18},{""path"":""data/mined/duplicate_review.csv"",""record"":98},{""path"":""data/mined/duplicate_review.csv"",""record"":167}]","Reuse linked Ben records as historical evidence; current-label links, changed-label history and type-level reviews remain distinct. No second human annotation is inferred.","[""inv-0cf9cd394e3f25e105bf72da"",""inv-0f1e45840080c0bb298a4d83"",""inv-119b11683652578b088ba721"",""inv-28574572b4a21eea7ad8060d"",""inv-3094344681dcab9a5752dd6b"",""inv-31b1b069ff21fcc39df8c43f"",""inv-432fe1d5a41a7e7d1a364f48"",""inv-574ab708fd37382d7c6d1ad2"",""inv-64362d18df518b8d7f7d880e"",""inv-664d5dac3263ece5f22a677e"",""inv-6b3708786484c49f4cb27e04"",""inv-6ff21772308bc4e85c00a2c5"",""inv-750436c992b168aa22a7981b"",""inv-abffb7aee1ca80388d2027c3"",""inv-ae02a9b784db70d15036daf5"",""inv-b82e93a9bcf86c61bf883553"",""inv-c720d258631326ebc46350c6"",""inv-e7e9192fbbfdb85db68affd0"",""inv-f3892204c8057ac71a170ad3"",""inv-fc03b83c6b7017618e84f7f2""]",true,"Propose contextual label, full raw target span and construction/provenance inspection; consult existing Ben evidence before adding work.",Natural Wikipedia occurrence lacks established current-task review; inspect provenance and any numeral/name usage beyond existing string flags.,inventory_conflict|review_not_proven,
item-1ba971c8aad59118524923ff,occurrence,C_train_natural_wikipedia,proposed_not_approved_for_application,data/study_v1/review/item_audit.csv record 479,data/study_v1/review/review_decisions.csv record 636,סמ״ר,train,false,wiki_natural,wikipedia,wikipedia_natural,,not_recorded,,,,,,,target,"[{""path"":""data/splits/all_items.csv"",""record"":4375},{""path"":""data/splits/train_items.csv"",""record"":2700}]","[{""path"":""data/mined/duplicate_review.csv"",""record"":12}]","Reuse linked Ben records as historical evidence; current-label links, changed-label history and type-level reviews remain distinct. No second human annotation is inferred.","[""inv-4b0a1310f8b1451130d2ab2a"",""inv-c2b9dddd78559b42d9fefb32"",""inv-c819ad8ea2e5718f5fb622da"",""inv-d3c920e9fff6eef43ede5856"",""inv-f01fa344df8113658563208c""]",true,"Propose contextual label, full raw target span and construction/provenance inspection; consult existing Ben evidence before adding work.",Natural Wikipedia occurrence lacks established current-task review; inspect provenance and any numeral/name usage beyond existing string flags.,inventory_conflict|quote_variant|review_not_proven,
item-1bac54a99f447b764d3d85c6,occurrence,C_train_natural_wikipedia,proposed_not_approved_for_application,data/study_v1/review/item_audit.csv record 480,data/study_v1/review/review_decisions.csv record 174,כ״א,train,false,wiki_natural,wikipedia,wikipedia_natural,,not_recorded,,,,,,,contextual_label|scope_exclusion_proposed,"[{""path"":""data/splits/all_items.csv"",""record"":4335},{""path"":""data/splits/train_items.csv"",""record"":2732}]",[],No linked Ben record is established for this occurrence; do not infer review from its label or category.,"[""inv-0550abfb388e66838de23b82"",""inv-1da11294f2bf16d6371cc9b2"",""inv-423b2336c21ba3092f602a9c"",""inv-77fe144e9c70b08d403a01a9"",""inv-78205fdf2782904ab9613469"",""inv-a11b9edcbdc2bad82c47f01a"",""inv-a26faa26a434f3edf01b45f9"",""inv-d006d03ed8e988c48ff04f66""]",true,"Propose contextual label, full raw target span and construction/provenance inspection; consult existing Ben evidence before adding work.","Natural Wikipedia occurrence lacks established current-task review; inspect provenance and any numeral/name usage beyond existing string flags. Existing scope-exclusion flag is retained: this is a held review hypothesis, not eligible benchmark inclusion, and was outside the 52-row pilot stratum.",inventory_conflict|review_not_proven|scope_exclusion_proposed,gematria_string_rule_proposed
item-24fb90899c439b7e93fc2293,occurrence,C_train_natural_wikipedia,proposed_not_approved_for_application,data/study_v1/review/item_audit.csv record 642,data/study_v1/review/review_decisions.csv record 75,האר״י,train,false,wiki_natural,wikipedia,wikipedia_natural,,not_recorded,,,,,,,target,"[{""path"":""data/splits/all_items.csv"",""record"":4324},{""path"":""data/splits/train_items.csv"",""record"":2965}]","[{""path"":""data/mined/duplicate_review.csv"",""record"":92},{""path"":""data/mined/duplicate_review.csv"",""record"":126},{""path"":""data/mined/duplicate_review.csv"",""record"":146}]","Reuse linked Ben records as historical evidence; current-label links, changed-label history and type-level reviews remain distinct. No second human annotation is inferred.","[""inv-309b0eaa35fbe31b35e6a7f2"",""inv-443fb56ba8dcf11941cf687b"",""inv-5b13b781aedfc1ac253c9aa7"",""inv-a0433fe376ead34c687935a0"",""inv-b73c29e64d65a3de9bf09e32"",""inv-f143705f9bdd7864cd736e92""]",true,"Propose contextual label, full raw target span and construction/provenance inspection; consult existing Ben evidence before adding work.",Natural Wikipedia occurrence lacks established current-task review; inspect provenance and any numeral/name usage beyond existing string flags.,inventory_conflict|quote_variant|review_not_proven|target_multiple,
item-26cfef3175adcf911734ff71,occurrence,C_train_natural_wikipedia,proposed_not_approved_for_application,data/study_v1/review/item_audit.csv record 682,data/study_v1/review/review_decisions.csv record 647,אמ״ן,train,false,wiki_natural,wikipedia,wikipedia_natural,,not_recorded,,,,,,,target,"[{""path"":""data/splits/all_items.csv"",""record"":4312},{""path"":""data/splits/train_items.csv"",""record"":2621}]",[],No linked Ben record is established for this occurrence; do not infer review from its label or category.,"[""inv-02f28b9027746dec2ef7dd2d"",""inv-694f9eaf87b1dc6c67ae971a"",""inv-ccd65305d328897d4c001855""]",true,"Propose contextual label, full raw target span and construction/provenance inspection; consult existing Ben evidence before adding work.",Natural Wikipedia occurrence lacks established current-task review; inspect provenance and any numeral/name usage beyond existing string flags.,inventory_conflict|quote_variant|review_not_proven,
item-276060c5e332451fe0063bf1,occurrence,C_train_natural_wikipedia,proposed_not_approved_for_application,data/study_v1/review/item_audit.csv record 699,data/study_v1/review/review_decisions.csv record 1340,סאפ,train,false,wiki_natural,wikipedia,wikipedia_natural,,not_recorded,,,,,,,contextual_label,"[{""path"":""data/splits/all_items.csv"",""record"":4371},{""path"":""data/splits/train_items.csv"",""record"":2969}]","[{""path"":""data/mined/duplicate_review.csv"",""record"":134}]","Reuse linked Ben records as historical evidence; current-label links, changed-label history and type-level reviews remain distinct. No second human annotation is inferred.","[""inv-3029cd0d61f4f001edeaa352"",""inv-426f9a8f9a8ea7bf5b2ebee1"",""inv-5217d93827207cb2e88eba7e"",""inv-60c564e13b175ee142a62ac1"",""inv-aae411fcd87ffa357403e4a7"",""inv-cbf2ada115cf9ccf237bd92d"",""inv-f7b26b93a228fb253b3db246"",""inv-f8f83865388c756ffe65b97c""]",true,"Propose contextual label, full raw target span and construction/provenance inspection; consult existing Ben evidence before adding work.",Natural Wikipedia occurrence lacks established current-task review; inspect provenance and any numeral/name usage beyond existing string flags.,inventory_conflict|review_not_proven,
item-301a15de759a54a330751cc6,occurrence,C_train_natural_wikipedia,proposed_not_approved_for_application,data/study_v1/review/item_audit.csv record 862,data/study_v1/review/review_decisions.csv record 660,ת״א,train,false,wiki_natural,wikipedia,wikipedia_natural,,not_recorded,,,,,,,target,"[{""path"":""data/splits/all_items.csv"",""record"":4417},{""path"":""data/splits/train_items.csv"",""record"":2759}]","[{""path"":""data/mined/duplicate_review.csv"",""record"":182}]","Reuse linked Ben records as historical evidence; current-label links, changed-label history and type-level reviews remain distinct. No second human annotation is inferred.","[""inv-0c7132438cd2cde64af3c620"",""inv-148d38c706a2a1bf4700c84e"",""inv-182f66c4fc887ac4b0d97ee6"",""inv-1be79fb813a82f8ab57a3247"",""inv-2a4b898b8d2e3a62d20cae66"",""inv-35262a46edf59b590a10f7ac"",""inv-3d62d01e11b6e9fe81b3effa"",""inv-55da8db085eb270a1ae9bdb3"",""inv-5cbd23e21cd67429aba45c5d"",""inv-88d4eb5b622625481660d94d"",""inv-a76b737117e1b3ed320c07cc"",""inv-d891f2270daa9fcb98d70c03"",""inv-edec82a4d575e1147671e676"",""inv-f452ef1d731eb2e4482bff43"",""inv-ff9e3efc5d69f2d107d65a63""]",true,"Propose contextual label, full raw target span and construction/provenance inspection; consult existing Ben evidence before adding work.",Natural Wikipedia occurrence lacks established current-task review; inspect provenance and any numeral/name usage beyond existing string flags.,inventory_conflict|quote_variant|review_not_proven,
item-34fa28ecd66f723a2f9a6d0e,occurrence,C_train_natural_wikipedia,proposed_not_approved_for_application,data/study_v1/review/item_audit.csv record 951,data/study_v1/review/review_decisions.csv record 665,מ״מ,train,false,wiki_natural,wikipedia,wikipedia_natural,,not_recorded,,,,,,,target,"[{""path"":""data/splits/all_items.csv"",""record"":4355},{""path"":""data/splits/train_items.csv"",""record"":2613}]","[{""path"":""data/mined/duplicate_review.csv"",""record"":18},{""path"":""data/mined/duplicate_review.csv"",""record"":98},{""path"":""data/mined/duplicate_review.csv"",""record"":167}]","Reuse linked Ben records as historical evidence; current-label links, changed-label history and type-level reviews remain distinct. No second human annotation is inferred.","[""inv-0cf9cd394e3f25e105bf72da"",""inv-0f1e45840080c0bb298a4d83"",""inv-119b11683652578b088ba721"",""inv-28574572b4a21eea7ad8060d"",""inv-3094344681dcab9a5752dd6b"",""inv-31b1b069ff21fcc39df8c43f"",""inv-432fe1d5a41a7e7d1a364f48"",""inv-574ab708fd37382d7c6d1ad2"",""inv-64362d18df518b8d7f7d880e"",""inv-664d5dac3263ece5f22a677e"",""inv-6b3708786484c49f4cb27e04"",""inv-6ff21772308bc4e85c00a2c5"",""inv-750436c992b168aa22a7981b"",""inv-abffb7aee1ca80388d2027c3"",""inv-ae02a9b784db70d15036daf5"",""inv-b82e93a9bcf86c61bf883553"",""inv-c720d258631326ebc46350c6"",""inv-e7e9192fbbfdb85db68affd0"",""inv-f3892204c8057ac71a170ad3"",""inv-fc03b83c6b7017618e84f7f2""]",true,"Propose contextual label, full raw target span and construction/provenance inspection; consult existing Ben evidence before adding work.",Natural Wikipedia occurrence lacks established current-task review; inspect provenance and any numeral/name usage beyond existing string flags.,inventory_conflict|quote_variant|review_not_proven,
item-3e8ce1b70f53b6e322fb573a,occurrence,C_train_natural_wikipedia,proposed_not_approved_for_application,data/study_v1/review/item_audit.csv record 1137,data/study_v1/review/review_decisions.csv record 196,כ״א,train,false,wiki_natural,wikipedia,wikipedia_natural,,not_recorded,,,,,,,contextual_label|scope_exclusion_proposed,"[{""path"":""data/splits/all_items.csv"",""record"":4333},{""path"":""data/splits/train_items.csv"",""record"":2733}]",[],No linked Ben record is established for this occurrence; do not infer review from its label or category.,"[""inv-0550abfb388e66838de23b82"",""inv-1da11294f2bf16d6371cc9b2"",""inv-423b2336c21ba3092f602a9c"",""inv-77fe144e9c70b08d403a01a9"",""inv-78205fdf2782904ab9613469"",""inv-a11b9edcbdc2bad82c47f01a"",""inv-a26faa26a434f3edf01b45f9"",""inv-d006d03ed8e988c48ff04f66""]",true,"Propose contextual label, full raw target span and construction/provenance inspection; consult existing Ben evidence before adding work.","Natural Wikipedia occurrence lacks established current-task review; inspect provenance and any numeral/name usage beyond existing string flags. Existing scope-exclusion flag is retained: this is a held review hypothesis, not eligible benchmark inclusion, and was outside the 52-row pilot stratum.",inventory_conflict|review_not_proven|scope_exclusion_proposed,gematria_string_rule_proposed
item-4244a871c10c1657822f7e2e,occurrence,C_train_natural_wikipedia,proposed_not_approved_for_application,data/study_v1/review/item_audit.csv record 1195,data/study_v1/review/review_decisions.csv record 676,קק״ל,train,false,wiki_natural,wikipedia,wikipedia_natural,,not_recorded,,,,,,,target,"[{""path"":""data/splits/all_items.csv"",""record"":4392},{""path"":""data/splits/train_items.csv"",""record"":2592}]","[{""path"":""data/mined/duplicate_review.csv"",""record"":29}]","Reuse linked Ben records as historical evidence; current-label links, changed-label history and type-level reviews remain distinct. No second human annotation is inferred.","[""inv-30764e2347b1b5c68469bb4c"",""inv-60c714128df4e16db8d0e7ec"",""inv-9210d7280a6f12a7b50e0521"",""inv-954df1f725a407872d4ebafc"",""inv-a21a30c786403f3cc82db7a8"",""inv-dc945faaefd50a3a61414b3e"",""inv-e94b083ecd08f96557bd7dd6""]",true,"Propose contextual label, full raw target span and construction/provenance inspection; consult existing Ben evidence before adding work.",Natural Wikipedia occurrence lacks established current-task review; inspect provenance and any numeral/name usage beyond existing string flags.,inventory_conflict|quote_variant|review_not_proven,
item-46b13e19edc8ed3b8b1cb184,occurrence,C_train_natural_wikipedia,proposed_not_approved_for_application,data/study_v1/review/item_audit.csv record 1289,data/study_v1/review/review_decisions.csv record 1687,בדר״כ,train,false,wiki_natural,wikipedia,wikipedia_natural,,not_recorded,,,,,,,contextual_label,"[{""path"":""data/splits/all_items.csv"",""record"":4319},{""path"":""data/splits/train_items.csv"",""record"":2964}]",[],No linked Ben record is established for this occurrence; do not infer review from its label or category.,"[""inv-47e3dfc440d93739241c300b"",""inv-568d094a00f2df8ab7050921"",""inv-ad76ad73714fda7f4f36c458""]",true,"Propose contextual label, full raw target span and construction/provenance inspection; consult existing Ben evidence before adding work.",Natural Wikipedia occurrence lacks established current-task review; inspect provenance and any numeral/name usage beyond existing string flags.,inventory_conflict|review_not_proven,
item-4a3107353b53bb761195165f,occurrence,C_train_natural_wikipedia,proposed_not_approved_for_application,data/study_v1/review/item_audit.csv record 1360,data/study_v1/review/review_decisions.csv record 689,סמ״ר,train,false,wiki_natural,wikipedia,wikipedia_natural,,not_recorded,,,,,,,target,"[{""path"":""data/splits/all_items.csv"",""record"":4374},{""path"":""data/splits/train_items.csv"",""record"":2699}]","[{""path"":""data/mined/duplicate_review.csv"",""record"":12}]","Reuse linked Ben records as historical evidence; current-label links, changed-label history and type-level reviews remain distinct. No second human annotation is inferred.","[""inv-4b0a1310f8b1451130d2ab2a"",""inv-c2b9dddd78559b42d9fefb32"",""inv-c819ad8ea2e5718f5fb622da"",""inv-d3c920e9fff6eef43ede5856"",""inv-f01fa344df8113658563208c""]",true,"Propose contextual label, full raw target span and construction/provenance inspection; consult existing Ben evidence before adding work.",Natural Wikipedia occurrence lacks established current-task review; inspect provenance and any numeral/name usage beyond existing string flags.,inventory_conflict|quote_variant|review_not_proven,
item-4e3237f86bca3cbfe994fada,occurrence,C_train_natural_wikipedia,proposed_not_approved_for_application,data/study_v1/review/item_audit.csv record 1431,data/study_v1/review/review_decisions.csv record 694,מג״ב,train,false,wiki_natural,wikipedia,wikipedia_natural,,not_recorded,,,,,,,target,"[{""path"":""data/splits/all_items.csv"",""record"":4340},{""path"":""data/splits/train_items.csv"",""record"":2500}]",[],No linked Ben record is established for this occurrence; do not infer review from its label or category.,"[""inv-3982d6a1556251190cd6932c"",""inv-a3c4c1f1cdb6345de09aab27"",""inv-cb83e0f995b068973c30970c"",""inv-e16be1a0db9b404d02aa9bf0""]",true,"Propose contextual label, full raw target span and construction/provenance inspection; consult existing Ben evidence before adding work.",Natural Wikipedia occurrence lacks established current-task review; inspect provenance and any numeral/name usage beyond existing string flags.,inventory_conflict|quote_variant|review_not_proven,
item-4f2e9d22320542453c90347d,occurrence,C_train_natural_wikipedia,proposed_not_approved_for_application,data/study_v1/review/item_audit.csv record 1447,data/study_v1/review/review_decisions.csv record 1792,סאפ,train,false,wiki_natural,wikipedia,wikipedia_natural,,not_recorded,,,,,,,contextual_label,"[{""path"":""data/splits/all_items.csv"",""record"":4370},{""path"":""data/splits/train_items.csv"",""record"":2968}]","[{""path"":""data/mined/duplicate_review.csv"",""record"":134}]","Reuse linked Ben records as historical evidence; current-label links, changed-label history and type-level reviews remain distinct. No second human annotation is inferred.","[""inv-3029cd0d61f4f001edeaa352"",""inv-426f9a8f9a8ea7bf5b2ebee1"",""inv-5217d93827207cb2e88eba7e"",""inv-60c564e13b175ee142a62ac1"",""inv-aae411fcd87ffa357403e4a7"",""inv-cbf2ada115cf9ccf237bd92d"",""inv-f7b26b93a228fb253b3db246"",""inv-f8f83865388c756ffe65b97c""]",true,"Propose contextual label, full raw target span and construction/provenance inspection; consult existing Ben evidence before adding work.",Natural Wikipedia occurrence lacks established current-task review; inspect provenance and any numeral/name usage beyond existing string flags.,inventory_conflict|review_not_proven,
item-53778b34937faa4bdd708eab,occurrence,C_train_natural_wikipedia,proposed_not_approved_for_application,data/study_v1/review/item_audit.csv record 1534,data/study_v1/review/review_decisions.csv record 701,רש״ת,train,false,wiki_natural,wikipedia,wikipedia_natural,,not_recorded,,,,,,,target,"[{""path"":""data/splits/all_items.csv"",""record"":4394},{""path"":""data/splits/train_items.csv"",""record"":2921}]",[],No linked Ben record is established for this occurrence; do not infer review from its label or category.,"[""inv-ab90e0f194aa1e858bea4c34"",""inv-cf95d77a886e4343596e253c"",""inv-ea4b9e7658f39743456c421f""]",true,"Propose contextual label, full raw target span and construction/provenance inspection; consult existing Ben evidence before adding work.",Natural Wikipedia occurrence lacks established current-task review; inspect provenance and any numeral/name usage beyond existing string flags.,inventory_conflict|quote_variant|review_not_proven,
item-55526ca835c709e0f81c0621,occurrence,C_train_natural_wikipedia,proposed_not_approved_for_application,data/study_v1/review/item_audit.csv record 1566,data/study_v1/review/review_decisions.csv record 702,מ״צ,train,false,wiki_natural,wikipedia,wikipedia_natural,,not_recorded,,,,,,,target,"[{""path"":""data/splits/all_items.csv"",""record"":4357},{""path"":""data/splits/train_items.csv"",""record"":2879}]",[],No linked Ben record is established for this occurrence; do not infer review from its label or category.,"[""inv-31efe6340f139baa486868b3"",""inv-4a30063e059e4dae1eeef4a2"",""inv-a4a04ab673193c7c9a3f75eb"",""inv-d8eb59044e1b6c249ec31388""]",true,"Propose contextual label, full raw target span and construction/provenance inspection; consult existing Ben evidence before adding work.",Natural Wikipedia occurrence lacks established current-task review; inspect provenance and any numeral/name usage beyond existing string flags.,inventory_conflict|quote_variant|review_not_proven,
item-5b640d6d4890ef1cd35448dd,occurrence,C_train_natural_wikipedia,proposed_not_approved_for_application,data/study_v1/review/item_audit.csv record 1679,data/study_v1/review/review_decisions.csv record 710,ת״י,train,false,wiki_natural,wikipedia,wikipedia_natural,,not_recorded,,,,,,,target,"[{""path"":""data/splits/all_items.csv"",""record"":4419},{""path"":""data/splits/train_items.csv"",""record"":2774}]",[],No linked Ben record is established for this occurrence; do not infer review from its label or category.,"[""inv-16a9f2df6e53ed279540b866"",""inv-29edb3680d62af832cc8c287"",""inv-3da7576e45dfa5738d42ddcb""]",true,"Propose contextual label, full raw target span and construction/provenance inspection; consult existing Ben evidence before adding work.",Natural Wikipedia occurrence lacks established current-task review; inspect provenance and any numeral/name usage beyond existing string flags.,inventory_conflict|quote_variant|review_not_proven,
item-6548d7c9cd965ced33b388cf,occurrence,C_train_natural_wikipedia,proposed_not_approved_for_application,data/study_v1/review/item_audit.csv record 1849,data/study_v1/review/review_decisions.csv record 726,קצא״א,train,false,wiki_natural,wikipedia,wikipedia_natural,,not_recorded,,,,,,,target,"[{""path"":""data/splits/all_items.csv"",""record"":4390},{""path"":""data/splits/train_items.csv"",""record"":2739}]","[{""path"":""data/mined/duplicate_review.csv"",""record"":72},{""path"":""data/mined/duplicate_review.csv"",""record"":138}]","Reuse linked Ben records as historical evidence; current-label links, changed-label history and type-level reviews remain distinct. No second human annotation is inferred.","[""inv-4590e600ec77702d8b150999"",""inv-57890eb8b0fa96a5e2236784"",""inv-9298ccda2d8420ddac992e32"",""inv-b26e3a21c55ad438659bdaf5"",""inv-b397cd443cbbcd63454acc97"",""inv-d5e0f7ffd5949cfb7a45a5a5"",""inv-e5aa4b612bf44ef7b695365f""]",true,"Propose contextual label, full raw target span and construction/provenance inspection; consult existing Ben evidence before adding work.",Natural Wikipedia occurrence lacks established current-task review; inspect provenance and any numeral/name usage beyond existing string flags.,inventory_conflict|quote_variant|review_not_proven,
item-6ae7b4d62b231b689f71e3e0,occurrence,C_train_natural_wikipedia,proposed_not_approved_for_application,data/study_v1/review/item_audit.csv record 1945,data/study_v1/review/review_decisions.csv record 2080,בדר״כ,train,false,wiki_natural,wikipedia,wikipedia_natural,,not_recorded,,,,,,,contextual_label,"[{""path"":""data/splits/all_items.csv"",""record"":4318},{""path"":""data/splits/train_items.csv"",""record"":2963}]",[],No linked Ben record is established for this occurrence; do not infer review from its label or category.,"[""inv-47e3dfc440d93739241c300b"",""inv-568d094a00f2df8ab7050921"",""inv-ad76ad73714fda7f4f36c458""]",true,"Propose contextual label, full raw target span and construction/provenance inspection; consult existing Ben evidence before adding work.",Natural Wikipedia occurrence lacks established current-task review; inspect provenance and any numeral/name usage beyond existing string flags.,inventory_conflict|review_not_proven,
item-6c0962235865bf7fb844549e,occurrence,C_train_natural_wikipedia,proposed_not_approved_for_application,data/study_v1/review/item_audit.csv record 1963,data/study_v1/review/review_decisions.csv record 733,ש״ס,train,false,wiki_natural,wikipedia,wikipedia_natural,,not_recorded,,,,,,,target,"[{""path"":""data/splits/all_items.csv"",""record"":4409},{""path"":""data/splits/train_items.csv"",""record"":2471}]","[{""path"":""data/mined/duplicate_review.csv"",""record"":104}]","Reuse linked Ben records as historical evidence; current-label links, changed-label history and type-level reviews remain distinct. No second human annotation is inferred.","[""inv-0cad98511cac621ec7fcb04d"",""inv-17a9fc3e90d479c87585c745"",""inv-22320fe8b9787e2904303a1f"",""inv-24c24e72f16871ea17eaedb2"",""inv-5b7887e64f42980490fe6e91"",""inv-6e6ed17892998879b58c835c"",""inv-78384a5ff6c13c411b9ded91"",""inv-8e6571a9798bbada7e39a1f8"",""inv-b38a762bffc5443a3e0d1695"",""inv-d06064105628f9f7b35938b6"",""inv-dab05126d8323a397cd97b94"",""inv-eacddc6a430e39fcf03ba146""]",true,"Propose contextual label, full raw target span and construction/provenance inspection; consult existing Ben evidence before adding work.",Natural Wikipedia occurrence lacks established current-task review; inspect provenance and any numeral/name usage beyond existing string flags.,inventory_conflict|quote_variant|review_not_proven,
item-7549bc28bd36fa4e592a60c4,occurrence,C_train_natural_wikipedia,proposed_not_approved_for_application,data/study_v1/review/item_audit.csv record 2136,data/study_v1/review/review_decisions.csv record 744,ממ״ד,train,false,wiki_natural,wikipedia,wikipedia_natural,,not_recorded,,,,,,,target,"[{""path"":""data/splits/all_items.csv"",""record"":4349},{""path"":""data/splits/train_items.csv"",""record"":2691}]",[],No linked Ben record is established for this occurrence; do not infer review from its label or category.,"[""inv-5be65f695b9afe8447e6e472"",""inv-95450bbf67e996d0da7f17d8"",""inv-a3ce0ec2b496f98ff42f5697"",""inv-bdf64acba14951e76da5dfc5""]",true,"Propose contextual label, full raw target span and construction/provenance inspection; consult existing Ben evidence before adding work.",Natural Wikipedia occurrence lacks established current-task review; inspect provenance and any numeral/name usage beyond existing string flags.,inventory_conflict|quote_variant|review_not_proven,
item-7a436e7b31e58e0d55a1d073,occurrence,C_train_natural_wikipedia,proposed_not_approved_for_application,data/study_v1/review/item_audit.csv record 2230,data/study_v1/review/review_decisions.csv record 749,מ״צ,train,false,wiki_natural,wikipedia,wikipedia_natural,,not_recorded,,,,,,,target,"[{""path"":""data/splits/all_items.csv"",""record"":4358},{""path"":""data/splits/train_items.csv"",""record"":2880}]",[],No linked Ben record is established for this occurrence; do not infer review from its label or category.,"[""inv-31efe6340f139baa486868b3"",""inv-4a30063e059e4dae1eeef4a2"",""inv-a4a04ab673193c7c9a3f75eb"",""inv-d8eb59044e1b6c249ec31388""]",true,"Propose contextual label, full raw target span and construction/provenance inspection; consult existing Ben evidence before adding work.",Natural Wikipedia occurrence lacks established current-task review; inspect provenance and any numeral/name usage beyond existing string flags.,inventory_conflict|quote_variant|review_not_proven,
item-7dd94993cebf3d5e88d61510,occurrence,C_train_natural_wikipedia,proposed_not_approved_for_application,data/study_v1/review/item_audit.csv record 2293,data/study_v1/review/review_decisions.csv record 756,מ״מ,train,false,wiki_natural,wikipedia,wikipedia_natural,,not_recorded,,,,,,,target,"[{""path"":""data/splits/all_items.csv"",""record"":4353},{""path"":""data/splits/train_items.csv"",""record"":2610}]","[{""path"":""data/mined/duplicate_review.csv"",""record"":18},{""path"":""data/mined/duplicate_review.csv"",""record"":98},{""path"":""data/mined/duplicate_review.csv"",""record"":167}]","Reuse linked Ben records as historical evidence; current-label links, changed-label history and type-level reviews remain distinct. No second human annotation is inferred.","[""inv-0cf9cd394e3f25e105bf72da"",""inv-0f1e45840080c0bb298a4d83"",""inv-119b11683652578b088ba721"",""inv-28574572b4a21eea7ad8060d"",""inv-3094344681dcab9a5752dd6b"",""inv-31b1b069ff21fcc39df8c43f"",""inv-432fe1d5a41a7e7d1a364f48"",""inv-574ab708fd37382d7c6d1ad2"",""inv-64362d18df518b8d7f7d880e"",""inv-664d5dac3263ece5f22a677e"",""inv-6b3708786484c49f4cb27e04"",""inv-6ff21772308bc4e85c00a2c5"",""inv-750436c992b168aa22a7981b"",""inv-abffb7aee1ca80388d2027c3"",""inv-ae02a9b784db70d15036daf5"",""inv-b82e93a9bcf86c61bf883553"",""inv-c720d258631326ebc46350c6"",""inv-e7e9192fbbfdb85db68affd0"",""inv-f3892204c8057ac71a170ad3"",""inv-fc03b83c6b7017618e84f7f2""]",true,"Propose contextual label, full raw target span and construction/provenance inspection; consult existing Ben evidence before adding work.",Natural Wikipedia occurrence lacks established current-task review; inspect provenance and any numeral/name usage beyond existing string flags.,inventory_conflict|quote_variant|review_not_proven,
item-86b4b42c7693dace97aa5dc5,occurrence,C_train_natural_wikipedia,proposed_not_approved_for_application,data/study_v1/review/item_audit.csv record 2453,data/study_v1/review/review_decisions.csv record 81,ת״א,train,false,wiki_natural,wikipedia,wikipedia_natural,,not_recorded,,,,,,,target,"[{""path"":""data/splits/all_items.csv"",""record"":4416},{""path"":""data/splits/train_items.csv"",""record"":2758}]","[{""path"":""data/mined/duplicate_review.csv"",""record"":182}]","Reuse linked Ben records as historical evidence; current-label links, changed-label history and type-level reviews remain distinct. No second human annotation is inferred.","[""inv-0c7132438cd2cde64af3c620"",""inv-148d38c706a2a1bf4700c84e"",""inv-182f66c4fc887ac4b0d97ee6"",""inv-1be79fb813a82f8ab57a3247"",""inv-2a4b898b8d2e3a62d20cae66"",""inv-35262a46edf59b590a10f7ac"",""inv-3d62d01e11b6e9fe81b3effa"",""inv-55da8db085eb270a1ae9bdb3"",""inv-5cbd23e21cd67429aba45c5d"",""inv-88d4eb5b622625481660d94d"",""inv-a76b737117e1b3ed320c07cc"",""inv-d891f2270daa9fcb98d70c03"",""inv-edec82a4d575e1147671e676"",""inv-f452ef1d731eb2e4482bff43"",""inv-ff9e3efc5d69f2d107d65a63""]",true,"Propose contextual label, full raw target span and construction/provenance inspection; consult existing Ben evidence before adding work.",Natural Wikipedia occurrence lacks established current-task review; inspect provenance and any numeral/name usage beyond existing string flags.,inventory_conflict|quote_variant|review_not_proven|target_multiple,
item-86c4b51c247b6272dce1a420,occurrence,C_train_natural_wikipedia,proposed_not_approved_for_application,data/study_v1/review/item_audit.csv record 2456,data/study_v1/review/review_decisions.csv record 767,מ״צ,train,false,wiki_natural,wikipedia,wikipedia_natural,,not_recorded,,,,,,,target,"[{""path"":""data/splits/all_items.csv"",""record"":4359},{""path"":""data/splits/train_items.csv"",""record"":2881}]",[],No linked Ben record is established for this occurrence; do not infer review from its label or category.,"[""inv-31efe6340f139baa486868b3"",""inv-4a30063e059e4dae1eeef4a2"",""inv-a4a04ab673193c7c9a3f75eb"",""inv-d8eb59044e1b6c249ec31388""]",true,"Propose contextual label, full raw target span and construction/provenance inspection; consult existing Ben evidence before adding work.",Natural Wikipedia occurrence lacks established current-task review; inspect provenance and any numeral/name usage beyond existing string flags.,inventory_conflict|quote_variant|review_not_proven,
item-8e6ceea6432723afbadc06b1,occurrence,C_train_natural_wikipedia,proposed_not_approved_for_application,data/study_v1/review/item_audit.csv record 2595,data/study_v1/review/review_decisions.csv record 2493,ע״י,train,false,wiki_natural,wikipedia,wikipedia_natural,,not_recorded,,,,,,,contextual_label,"[{""path"":""data/splits/all_items.csv"",""record"":4384},{""path"":""data/splits/train_items.csv"",""record"":2895}]","[{""path"":""data/mined/duplicate_review.csv"",""record"":27}]","Reuse linked Ben records as historical evidence; current-label links, changed-label history and type-level reviews remain distinct. No second human annotation is inferred.","[""inv-1b49d41fdee88071eef9c7c3"",""inv-7c9ad03c88a1a78e8dc7c16e"",""inv-ac6a67d4e2731f694604c92f"",""inv-e7c93d9f7894b2c7e12822d8""]",true,"Propose contextual label, full raw target span and construction/provenance inspection; consult existing Ben evidence before adding work.",Natural Wikipedia occurrence lacks established current-task review; inspect provenance and any numeral/name usage beyond existing string flags.,inventory_conflict|review_not_proven,
item-8f5bdb5804e87769183f38e7,occurrence,C_train_natural_wikipedia,proposed_not_approved_for_application,data/study_v1/review/item_audit.csv record 2611,data/study_v1/review/review_decisions.csv record 2501,ע״ג,train,false,wiki_natural,wikipedia,wikipedia_natural,,not_recorded,,,,,,,contextual_label,"[{""path"":""data/splits/all_items.csv"",""record"":4382},{""path"":""data/splits/train_items.csv"",""record"":2972}]","[{""path"":""data/mined/duplicate_review.csv"",""record"":26}]","Reuse linked Ben records as historical evidence; current-label links, changed-label history and type-level reviews remain distinct. No second human annotation is inferred.","[""inv-595fd19de72725eb3abd2356"",""inv-5ee561130e9116c8d23e28e7"",""inv-b8a3d302dae3aaf03b62d71b"",""inv-bbc87f5b7aedebd03ee92f23"",""inv-e604e71e3de2ccc911b5fd3f""]",true,"Propose contextual label, full raw target span and construction/provenance inspection; consult existing Ben evidence before adding work.",Natural Wikipedia occurrence lacks established current-task review; inspect provenance and any numeral/name usage beyond existing string flags.,inventory_conflict|review_not_proven,
item-9b1087fa0402111a68f20cd5,occurrence,C_train_natural_wikipedia,proposed_not_approved_for_application,data/study_v1/review/item_audit.csv record 2800,data/study_v1/review/review_decisions.csv record 786,מ״מ,train,false,wiki_natural,wikipedia,wikipedia_natural,,not_recorded,,,,,,,target,"[{""path"":""data/splits/all_items.csv"",""record"":4356},{""path"":""data/splits/train_items.csv"",""record"":2616}]","[{""path"":""data/mined/duplicate_review.csv"",""record"":18},{""path"":""data/mined/duplicate_review.csv"",""record"":98},{""path"":""data/mined/duplicate_review.csv"",""record"":167}]","Reuse linked Ben records as historical evidence; current-label links, changed-label history and type-level reviews remain distinct. No second human annotation is inferred.","[""inv-0cf9cd394e3f25e105bf72da"",""inv-0f1e45840080c0bb298a4d83"",""inv-119b11683652578b088ba721"",""inv-28574572b4a21eea7ad8060d"",""inv-3094344681dcab9a5752dd6b"",""inv-31b1b069ff21fcc39df8c43f"",""inv-432fe1d5a41a7e7d1a364f48"",""inv-574ab708fd37382d7c6d1ad2"",""inv-64362d18df518b8d7f7d880e"",""inv-664d5dac3263ece5f22a677e"",""inv-6b3708786484c49f4cb27e04"",""inv-6ff21772308bc4e85c00a2c5"",""inv-750436c992b168aa22a7981b"",""inv-abffb7aee1ca80388d2027c3"",""inv-ae02a9b784db70d15036daf5"",""inv-b82e93a9bcf86c61bf883553"",""inv-c720d258631326ebc46350c6"",""inv-e7e9192fbbfdb85db68affd0"",""inv-f3892204c8057ac71a170ad3"",""inv-fc03b83c6b7017618e84f7f2""]",true,"Propose contextual label, full raw target span and construction/provenance inspection; consult existing Ben evidence before adding work.",Natural Wikipedia occurrence lacks established current-task review; inspect provenance and any numeral/name usage beyond existing string flags.,inventory_conflict|quote_variant|review_not_proven,
item-a0a14e2f9c94c3e92bc4d8d3,occurrence,C_train_natural_wikipedia,proposed_not_approved_for_application,data/study_v1/review/item_audit.csv record 2908,data/study_v1/review/review_decisions.csv record 792,י״ל,train,false,wiki_natural,wikipedia,wikipedia_natural,,not_recorded,,,,,,,target,"[{""path"":""data/splits/all_items.csv"",""record"":4330},{""path"":""data/splits/train_items.csv"",""record"":2765}]",[],No linked Ben record is established for this occurrence; do not infer review from its label or category.,"[""inv-6d4e813b2e09f33dacc23f38"",""inv-9a8ac11e07c71d56e5216c4c"",""inv-c6835359d064363d11df7304"",""inv-cca4ddeff5dd0944169827ed"",""inv-d65a9e4ffd92a4e3fd919cb7"",""inv-e5c65ffeccdaa59c8ea1cf64""]",true,"Propose contextual label, full raw target span and construction/provenance inspection; consult existing Ben evidence before adding work.",Natural Wikipedia occurrence lacks established current-task review; inspect provenance and any numeral/name usage beyond existing string flags.,inventory_conflict|quote_variant|review_not_proven,
item-a13283bd46aecc631424f818,occurrence,C_train_natural_wikipedia,proposed_not_approved_for_application,data/study_v1/review/item_audit.csv record 2924,data/study_v1/review/review_decisions.csv record 794,ש״ס,train,false,wiki_natural,wikipedia,wikipedia_natural,,not_recorded,,,,,,,target,"[{""path"":""data/splits/all_items.csv"",""record"":4410},{""path"":""data/splits/train_items.csv"",""record"":2470}]","[{""path"":""data/mined/duplicate_review.csv"",""record"":104}]","Reuse linked Ben records as historical evidence; current-label links, changed-label history and type-level reviews remain distinct. No second human annotation is inferred.","[""inv-0cad98511cac621ec7fcb04d"",""inv-17a9fc3e90d479c87585c745"",""inv-22320fe8b9787e2904303a1f"",""inv-24c24e72f16871ea17eaedb2"",""inv-5b7887e64f42980490fe6e91"",""inv-6e6ed17892998879b58c835c"",""inv-78384a5ff6c13c411b9ded91"",""inv-8e6571a9798bbada7e39a1f8"",""inv-b38a762bffc5443a3e0d1695"",""inv-d06064105628f9f7b35938b6"",""inv-dab05126d8323a397cd97b94"",""inv-eacddc6a430e39fcf03ba146""]",true,"Propose contextual label, full raw target span and construction/provenance inspection; consult existing Ben evidence before adding work.",Natural Wikipedia occurrence lacks established current-task review; inspect provenance and any numeral/name usage beyond existing string flags.,inventory_conflict|quote_variant|review_not_proven,
item-a93ca51586b4f7d2b5957eb4,occurrence,C_train_natural_wikipedia,proposed_not_approved_for_application,data/study_v1/review/item_audit.csv record 3056,data/study_v1/review/review_decisions.csv record 2766,סאפ,train,false,wiki_natural,wikipedia,wikipedia_natural,,not_recorded,,,,,,,contextual_label,"[{""path"":""data/splits/all_items.csv"",""record"":4373},{""path"":""data/splits/train_items.csv"",""record"":2971}]","[{""path"":""data/mined/duplicate_review.csv"",""record"":134}]","Reuse linked Ben records as historical evidence; current-label links, changed-label history and type-level reviews remain distinct. No second human annotation is inferred.","[""inv-3029cd0d61f4f001edeaa352"",""inv-426f9a8f9a8ea7bf5b2ebee1"",""inv-5217d93827207cb2e88eba7e"",""inv-60c564e13b175ee142a62ac1"",""inv-aae411fcd87ffa357403e4a7"",""inv-cbf2ada115cf9ccf237bd92d"",""inv-f7b26b93a228fb253b3db246"",""inv-f8f83865388c756ffe65b97c""]",true,"Propose contextual label, full raw target span and construction/provenance inspection; consult existing Ben evidence before adding work.",Natural Wikipedia occurrence lacks established current-task review; inspect provenance and any numeral/name usage beyond existing string flags.,inventory_conflict|review_not_proven,
item-a969287214e1a3657ae7de01,occurrence,C_train_natural_wikipedia,proposed_not_approved_for_application,data/study_v1/review/item_audit.csv record 3063,data/study_v1/review/review_decisions.csv record 801,ד״ר,train,false,wiki_natural,wikipedia,wikipedia_natural,,not_recorded,,,,,,,target,"[{""path"":""data/splits/all_items.csv"",""record"":4322},{""path"":""data/splits/train_items.csv"",""record"":2481}]","[{""path"":""data/mined/duplicate_review.csv"",""record"":163}]","Reuse linked Ben records as historical evidence; current-label links, changed-label history and type-level reviews remain distinct. No second human annotation is inferred.","[""inv-2dccd70ae9458fa88180cdeb"",""inv-81f3d45ce8666dae3748a172"",""inv-ad44bf006054b82ee3697971"",""inv-c71736abecd6665addc309f8"",""inv-ca0f23e25228203593cb3ee1""]",true,"Propose contextual label, full raw target span and construction/provenance inspection; consult existing Ben evidence before adding work.",Natural Wikipedia occurrence lacks established current-task review; inspect provenance and any numeral/name usage beyond existing string flags.,inventory_conflict|quote_variant|review_not_proven,
item-af2bfac6bc44ec1ca0071cfc,occurrence,C_train_natural_wikipedia,proposed_not_approved_for_application,data/study_v1/review/item_audit.csv record 3187,data/study_v1/review/review_decisions.csv record 812,י״ל,train,false,wiki_natural,wikipedia,wikipedia_natural,,not_recorded,,,,,,,target,"[{""path"":""data/splits/all_items.csv"",""record"":4329},{""path"":""data/splits/train_items.csv"",""record"":2767}]",[],No linked Ben record is established for this occurrence; do not infer review from its label or category.,"[""inv-6d4e813b2e09f33dacc23f38"",""inv-9a8ac11e07c71d56e5216c4c"",""inv-c6835359d064363d11df7304"",""inv-cca4ddeff5dd0944169827ed"",""inv-d65a9e4ffd92a4e3fd919cb7"",""inv-e5c65ffeccdaa59c8ea1cf64""]",true,"Propose contextual label, full raw target span and construction/provenance inspection; consult existing Ben evidence before adding work.",Natural Wikipedia occurrence lacks established current-task review; inspect provenance and any numeral/name usage beyond existing string flags.,inventory_conflict|quote_variant|review_not_proven,
item-b401bfb61b1a8613315f9f0d,occurrence,C_train_natural_wikipedia,proposed_not_approved_for_application,data/study_v1/review/item_audit.csv record 3280,data/study_v1/review/review_decisions.csv record 819,תמ״א,train,false,wiki_natural,wikipedia,wikipedia_natural,,not_recorded,,,,,,,target,"[{""path"":""data/splits/all_items.csv"",""record"":4414},{""path"":""data/splits/train_items.csv"",""record"":2600}]","[{""path"":""data/mined/duplicate_review.csv"",""record"":69}]","Reuse linked Ben records as historical evidence; current-label links, changed-label history and type-level reviews remain distinct. No second human annotation is inferred.","[""inv-168c8d1474f6b0beaec59d15"",""inv-88d900de7ba3517419a1da9e"",""inv-8e004a31fc0ad9befd5ddaa5"",""inv-d853947088f45a7013c813a8"",""inv-d9b86af69f9bb1807b568f50"",""inv-f969b0b129ac1e0975541b6d"",""inv-ff4598f9b0f5da905f84b160""]",true,"Propose contextual label, full raw target span and construction/provenance inspection; consult existing Ben evidence before adding work.",Natural Wikipedia occurrence lacks established current-task review; inspect provenance and any numeral/name usage beyond existing string flags.,inventory_conflict|quote_variant|review_not_proven,
item-c6886a420f2b4cad5bb031e5,occurrence,C_train_natural_wikipedia,proposed_not_approved_for_application,data/study_v1/review/item_audit.csv record 3625,data/study_v1/review/review_decisions.csv record 3130,השב״ס,train,false,wiki_natural,wikipedia,wikipedia_natural,,not_recorded,,,,,,,contextual_label,"[{""path"":""data/splits/all_items.csv"",""record"":4325},{""path"":""data/splits/train_items.csv"",""record"":2519}]",[],No linked Ben record is established for this occurrence; do not infer review from its label or category.,"[""inv-052c7b0f6ea4312ff39e38f5"",""inv-a0ae97432f1da9af0d492642"",""inv-a7245d709ac0d540735478f1""]",true,"Propose contextual label, full raw target span and construction/provenance inspection; consult existing Ben evidence before adding work.",Natural Wikipedia occurrence lacks established current-task review; inspect provenance and any numeral/name usage beyond existing string flags.,inventory_conflict|review_not_proven,
item-d5fe6cf83c86ab07ec94864e,occurrence,C_train_natural_wikipedia,proposed_not_approved_for_application,data/study_v1/review/item_audit.csv record 3905,data/study_v1/review/review_decisions.csv record 3304,אצ״ל,train,false,wiki_natural,wikipedia,wikipedia_natural,,not_recorded,,,,,,,contextual_label,"[{""path"":""data/splits/all_items.csv"",""record"":4314},{""path"":""data/splits/train_items.csv"",""record"":2535}]",[],No linked Ben record is established for this occurrence; do not infer review from its label or category.,"[""inv-4531d8187a74604e51bca330"",""inv-78f2c3078de658e96faa24de"",""inv-f97cd8eadddc689b530e436f""]",true,"Propose contextual label, full raw target span and construction/provenance inspection; consult existing Ben evidence before adding work.",Natural Wikipedia occurrence lacks established current-task review; inspect provenance and any numeral/name usage beyond existing string flags.,inventory_conflict|review_not_proven,
item-d79342181977ad7e1c9309d0,occurrence,C_train_natural_wikipedia,proposed_not_approved_for_application,data/study_v1/review/item_audit.csv record 3932,data/study_v1/review/review_decisions.csv record 3324,ע״י,train,false,wiki_natural,wikipedia,wikipedia_natural,,not_recorded,,,,,,,contextual_label,"[{""path"":""data/splits/all_items.csv"",""record"":4383},{""path"":""data/splits/train_items.csv"",""record"":2894}]","[{""path"":""data/mined/duplicate_review.csv"",""record"":27}]","Reuse linked Ben records as historical evidence; current-label links, changed-label history and type-level reviews remain distinct. No second human annotation is inferred.","[""inv-1b49d41fdee88071eef9c7c3"",""inv-7c9ad03c88a1a78e8dc7c16e"",""inv-ac6a67d4e2731f694604c92f"",""inv-e7c93d9f7894b2c7e12822d8""]",true,"Propose contextual label, full raw target span and construction/provenance inspection; consult existing Ben evidence before adding work.",Natural Wikipedia occurrence lacks established current-task review; inspect provenance and any numeral/name usage beyond existing string flags.,inventory_conflict|review_not_proven,
item-db8f78ceb171e8a5ca2a0389,occurrence,C_train_natural_wikipedia,proposed_not_approved_for_application,data/study_v1/review/item_audit.csv record 3986,data/study_v1/review/review_decisions.csv record 3356,ז״ל,train,false,wiki_natural,wikipedia,wikipedia_natural,,not_recorded,,,,,,,contextual_label,"[{""path"":""data/splits/all_items.csv"",""record"":4327},{""path"":""data/splits/train_items.csv"",""record"":2608}]",[],No linked Ben record is established for this occurrence; do not infer review from its label or category.,"[""inv-301885ae62602cdb498f41ae"",""inv-43aff7fd4944f388eef15be0"",""inv-4c08515057c68b5d279eac1c"",""inv-7772820fcf7fc3a68d88c770"",""inv-7d778159efdcfb924c78dada"",""inv-842d7bc2a8d31dab743b9a35"",""inv-c33388d9020b7c0f5fdaabde"",""inv-ded3a8d345ef9a502b62b15b""]",true,"Propose contextual label, full raw target span and construction/provenance inspection; consult existing Ben evidence before adding work.",Natural Wikipedia occurrence lacks established current-task review; inspect provenance and any numeral/name usage beyond existing string flags.,inventory_conflict|review_not_proven,
item-e37574e00a24c49724fcb28b,occurrence,C_train_natural_wikipedia,proposed_not_approved_for_application,data/study_v1/review/item_audit.csv record 4126,data/study_v1/review/review_decisions.csv record 871,ת״א,train,false,wiki_natural,wikipedia,wikipedia_natural,,not_recorded,,,,,,,target,"[{""path"":""data/splits/all_items.csv"",""record"":4418},{""path"":""data/splits/train_items.csv"",""record"":2760}]","[{""path"":""data/mined/duplicate_review.csv"",""record"":182}]","Reuse linked Ben records as historical evidence; current-label links, changed-label history and type-level reviews remain distinct. No second human annotation is inferred.","[""inv-0c7132438cd2cde64af3c620"",""inv-148d38c706a2a1bf4700c84e"",""inv-182f66c4fc887ac4b0d97ee6"",""inv-1be79fb813a82f8ab57a3247"",""inv-2a4b898b8d2e3a62d20cae66"",""inv-35262a46edf59b590a10f7ac"",""inv-3d62d01e11b6e9fe81b3effa"",""inv-55da8db085eb270a1ae9bdb3"",""inv-5cbd23e21cd67429aba45c5d"",""inv-88d4eb5b622625481660d94d"",""inv-a76b737117e1b3ed320c07cc"",""inv-d891f2270daa9fcb98d70c03"",""inv-edec82a4d575e1147671e676"",""inv-f452ef1d731eb2e4482bff43"",""inv-ff9e3efc5d69f2d107d65a63""]",true,"Propose contextual label, full raw target span and construction/provenance inspection; consult existing Ben evidence before adding work.",Natural Wikipedia occurrence lacks established current-task review; inspect provenance and any numeral/name usage beyond existing string flags.,inventory_conflict|quote_variant|review_not_proven,
item-e5585c3bb1a7a5da8fccd5d8,occurrence,C_train_natural_wikipedia,proposed_not_approved_for_application,data/study_v1/review/item_audit.csv record 4160,data/study_v1/review/review_decisions.csv record 3462,ע״ר,train,false,wiki_natural,wikipedia,wikipedia_natural,,not_recorded,,,,,,,contextual_label,"[{""path"":""data/splits/all_items.csv"",""record"":4387},{""path"":""data/splits/train_items.csv"",""record"":2973}]",[],No linked Ben record is established for this occurrence; do not infer review from its label or category.,"[""inv-3c6d6663ae303acbe5face05"",""inv-734d9f0cfbf09d13938a9057"",""inv-95c563e8224455d7ae10f66e"",""inv-f56ecc38792ddcd47d6c2896""]",true,"Propose contextual label, full raw target span and construction/provenance inspection; consult existing Ben evidence before adding work.",Natural Wikipedia occurrence lacks established current-task review; inspect provenance and any numeral/name usage beyond existing string flags.,inventory_conflict|review_not_proven,
item-e6dcc481ab255ab3220016b9,occurrence,C_train_natural_wikipedia,proposed_not_approved_for_application,data/study_v1/review/item_audit.csv record 4186,data/study_v1/review/review_decisions.csv record 3477,ד״ר,train,false,wiki_natural,wikipedia,wikipedia_natural,,not_recorded,,,,,,,contextual_label,"[{""path"":""data/splits/all_items.csv"",""record"":4321},{""path"":""data/splits/train_items.csv"",""record"":2482}]","[{""path"":""data/mined/duplicate_review.csv"",""record"":163}]","Reuse linked Ben records as historical evidence; current-label links, changed-label history and type-level reviews remain distinct. No second human annotation is inferred.","[""inv-2dccd70ae9458fa88180cdeb"",""inv-81f3d45ce8666dae3748a172"",""inv-ad44bf006054b82ee3697971"",""inv-c71736abecd6665addc309f8"",""inv-ca0f23e25228203593cb3ee1""]",true,"Propose contextual label, full raw target span and construction/provenance inspection; consult existing Ben evidence before adding work.",Natural Wikipedia occurrence lacks established current-task review; inspect provenance and any numeral/name usage beyond existing string flags.,inventory_conflict|review_not_proven,
item-e82e5bacd1b467beffd34756,occurrence,C_train_natural_wikipedia,proposed_not_approved_for_application,data/study_v1/review/item_audit.csv record 4216,data/study_v1/review/review_decisions.csv record 878,ממ״ד,train,false,wiki_natural,wikipedia,wikipedia_natural,,not_recorded,,,,,,,target,"[{""path"":""data/splits/all_items.csv"",""record"":4350},{""path"":""data/splits/train_items.csv"",""record"":2692}]",[],No linked Ben record is established for this occurrence; do not infer review from its label or category.,"[""inv-5be65f695b9afe8447e6e472"",""inv-95450bbf67e996d0da7f17d8"",""inv-a3ce0ec2b496f98ff42f5697"",""inv-bdf64acba14951e76da5dfc5""]",true,"Propose contextual label, full raw target span and construction/provenance inspection; consult existing Ben evidence before adding work.",Natural Wikipedia occurrence lacks established current-task review; inspect provenance and any numeral/name usage beyond existing string flags.,inventory_conflict|quote_variant|review_not_proven,
item-efaa4064dfd693bff81b0882,occurrence,C_train_natural_wikipedia,proposed_not_approved_for_application,data/study_v1/review/item_audit.csv record 4347,data/study_v1/review/review_decisions.csv record 3577,מ״ק,train,false,wiki_natural,wikipedia,wikipedia_natural,,not_recorded,,,,,,,contextual_label,"[{""path"":""data/splits/all_items.csv"",""record"":4362},{""path"":""data/splits/train_items.csv"",""record"":2711}]",[],No linked Ben record is established for this occurrence; do not infer review from its label or category.,"[""inv-15d0bf58900efb4bcd3e5638"",""inv-1d618340b8acb7463dd495b5"",""inv-2f5366ae9322845dbf276318"",""inv-3d81788dfc29b5aefd19cc77"",""inv-4c54855142a8b831ab73ce5d"",""inv-6e5a68f91d96df9cf91a199e"",""inv-7d74cd397c45de36bba378f6"",""inv-c3fe1ff0700b385ec8fac805"",""inv-ce8e81a0ae8d74f1c59f7ebe"",""inv-d656656de7822e8adc658e9c"",""inv-df3361ab137c391affb2176e""]",true,"Propose contextual label, full raw target span and construction/provenance inspection; consult existing Ben evidence before adding work.",Natural Wikipedia occurrence lacks established current-task review; inspect provenance and any numeral/name usage beyond existing string flags.,inventory_conflict|review_not_proven,
item-f0ef27b309714898e48a5ca1,occurrence,C_train_natural_wikipedia,proposed_not_approved_for_application,data/study_v1/review/item_audit.csv record 4369,data/study_v1/review/review_decisions.csv record 885,איו״ש,train,false,wiki_natural,wikipedia,wikipedia_natural,,not_recorded,,,,,,,target,"[{""path"":""data/splits/all_items.csv"",""record"":4310},{""path"":""data/splits/train_items.csv"",""record"":2565}]",[],No linked Ben record is established for this occurrence; do not infer review from its label or category.,"[""inv-5558fe63ae60cf3cd0f1722a"",""inv-6665f70b083dae567f7a7d04"",""inv-baf82c69ed2b30ac4372d4a1""]",true,"Propose contextual label, full raw target span and construction/provenance inspection; consult existing Ben evidence before adding work.",Natural Wikipedia occurrence lacks established current-task review; inspect provenance and any numeral/name usage beyond existing string flags.,inventory_conflict|quote_variant|review_not_proven,
item-f523e8cd03e349cedef41d92,occurrence,C_train_natural_wikipedia,proposed_not_approved_for_application,data/study_v1/review/item_audit.csv record 4452,data/study_v1/review/review_decisions.csv record 890,אמ״ן,train,false,wiki_natural,wikipedia,wikipedia_natural,,not_recorded,,,,,,,target,"[{""path"":""data/splits/all_items.csv"",""record"":4313},{""path"":""data/splits/train_items.csv"",""record"":2618}]",[],No linked Ben record is established for this occurrence; do not infer review from its label or category.,"[""inv-02f28b9027746dec2ef7dd2d"",""inv-694f9eaf87b1dc6c67ae971a"",""inv-ccd65305d328897d4c001855""]",true,"Propose contextual label, full raw target span and construction/provenance inspection; consult existing Ben evidence before adding work.",Natural Wikipedia occurrence lacks established current-task review; inspect provenance and any numeral/name usage beyond existing string flags.,inventory_conflict|quote_variant|review_not_proven,
item-f912fa38673fcff896569ad2,occurrence,C_train_natural_wikipedia,proposed_not_approved_for_application,data/study_v1/review/item_audit.csv record 4520,data/study_v1/review/review_decisions.csv record 3672,סאפ,train,false,wiki_natural,wikipedia,wikipedia_natural,,not_recorded,,,,,,,contextual_label,"[{""path"":""data/splits/all_items.csv"",""record"":4369},{""path"":""data/splits/train_items.csv"",""record"":2967}]","[{""path"":""data/mined/duplicate_review.csv"",""record"":134}]","Reuse linked Ben records as historical evidence; current-label links, changed-label history and type-level reviews remain distinct. No second human annotation is inferred.","[""inv-3029cd0d61f4f001edeaa352"",""inv-426f9a8f9a8ea7bf5b2ebee1"",""inv-5217d93827207cb2e88eba7e"",""inv-60c564e13b175ee142a62ac1"",""inv-aae411fcd87ffa357403e4a7"",""inv-cbf2ada115cf9ccf237bd92d"",""inv-f7b26b93a228fb253b3db246"",""inv-f8f83865388c756ffe65b97c""]",true,"Propose contextual label, full raw target span and construction/provenance inspection; consult existing Ben evidence before adding work.",Natural Wikipedia occurrence lacks established current-task review; inspect provenance and any numeral/name usage beyond existing string flags.,inventory_conflict|review_not_proven,
item-fa3f959ec861d6a3f1a0e847,occurrence,C_train_natural_wikipedia,proposed_not_approved_for_application,data/study_v1/review/item_audit.csv record 4545,data/study_v1/review/review_decisions.csv record 83,בע״מ,train,false,wiki_natural,wikipedia,wikipedia_natural,,not_recorded,,,,,,,target,"[{""path"":""data/splits/all_items.csv"",""record"":4320},{""path"":""data/splits/train_items.csv"",""record"":2576}]",[],No linked Ben record is established for this occurrence; do not infer review from its label or category.,"[""inv-2e9cadf65349319178b6c0d0"",""inv-619d103bedaebe6aaf35db49"",""inv-9b210700d30b69e90536dcfa"",""inv-d54f33e03e3517f294af647c"",""inv-ec1eca061fbe031aa8575e71""]",true,"Propose contextual label, full raw target span and construction/provenance inspection; consult existing Ben evidence before adding work.",Natural Wikipedia occurrence lacks established current-task review; inspect provenance and any numeral/name usage beyond existing string flags.,inventory_conflict|quote_variant|review_not_proven|target_multiple,
inv-195f8265f332161a7cfa62f5,inventory,A_pilot_followup,proposed_not_approved_for_application,data/study_v1/review/inventory_proposed.csv record 190,data/study_v1/review/review_decisions.csv record 5546,אג״ם,,,,,,,not_recorded,,,,,,,inventory_membership|linguistic_expansion_vs_entity_or_numeral,"[{""page_title"":"""",""path"":""data/mined/candidate_table.csv"",""record"":34,""source"":""wiktionary""},{""page_title"":""אג\""ם"",""path"":""data/mined/merged_counts.csv"",""record"":101,""source"":""wiktionary""},{""page_title"":""אג\""ם"",""path"":""data/mined/wiktionary/wiktionary_counts.csv"",""record"":276,""source"":""wiktionary""}]",[],"No linked type-level Ben review is established for this row. Export presence is evidence to inspect, not semantic approval. Occurrence acceptance cannot approve this row.","[""item-056552bb62ebfbd15f750a14""]",true,"Review this existing hypothesis once for its type: independent linguistic evidence, canonical wording and any alias/merge/exclusion proposal. Preserve raw type and surface forms; do not derive a base form from sentence context.","No inventory decision is recorded. Independent export pointers exist but may name entities, events or numerals rather than valid expansions.",,
inv-7a73a1f4524c62828f1577ac,inventory,A_pilot_followup,proposed_not_approved_for_application,data/study_v1/review/inventory_proposed.csv record 189,data/study_v1/review/review_decisions.csv record 6498,אג״ם,,,,,,,not_recorded,,,,,,,inventory_membership|linguistic_expansion_vs_entity_or_numeral,"[{""page_title"":"""",""path"":""data/mined/candidate_table.csv"",""record"":33,""source"":""wiktionary""},{""page_title"":""אג\""ם"",""path"":""data/mined/merged_counts.csv"",""record"":100,""source"":""wiktionary""},{""page_title"":""אג\""ם"",""path"":""data/mined/wiktionary/wiktionary_counts.csv"",""record"":277,""source"":""wiktionary""}]",[],"No linked type-level Ben review is established for this row. Export presence is evidence to inspect, not semantic approval. Occurrence acceptance cannot approve this row.","[""item-056552bb62ebfbd15f750a14""]",true,"Review this existing hypothesis once for its type: independent linguistic evidence, canonical wording and any alias/merge/exclusion proposal. Preserve raw type and surface forms; do not derive a base form from sentence context.","No inventory decision is recorded. Independent export pointers exist but may name entities, events or numerals rather than valid expansions.",,
inv-883feb450af8defcff60a0e4,inventory,A_pilot_followup,proposed_not_approved_for_application,data/study_v1/review/inventory_proposed.csv record 186,data/study_v1/review/review_decisions.csv record 6642,אג״ם,,,,,,,not_recorded,,,,,,,inventory_membership|linguistic_expansion_vs_entity_or_numeral,"[{""page_title"":"""",""path"":""data/mined/candidate_table.csv"",""record"":2694,""source"":""human_review""}]",[],"No linked type-level Ben review is established for this row. Export presence is evidence to inspect, not semantic approval. Occurrence acceptance cannot approve this row.","[""item-056552bb62ebfbd15f750a14""]",true,"Review this existing hypothesis once for its type: independent linguistic evidence, canonical wording and any alias/merge/exclusion proposal. Preserve raw type and surface forms; do not derive a base form from sentence context.","No inventory decision is recorded. Independent export pointers exist but may name entities, events or numerals rather than valid expansions.",,
inv-a036796580a8901508d9aa29,inventory,A_pilot_followup,proposed_not_approved_for_application,data/study_v1/review/inventory_proposed.csv record 187,data/study_v1/review/review_decisions.csv record 6883,אג״ם,,,,,,,not_recorded,,,,,,,inventory_membership|linguistic_expansion_vs_entity_or_numeral,"[{""page_title"":""אג\""ם"",""path"":""data/mined/merged_counts.csv"",""record"":102,""source"":""wiktionary""},{""page_title"":""אג\""ם"",""path"":""data/mined/wiktionary/wiktionary_counts.csv"",""record"":278,""source"":""wiktionary""}]",[],"No linked type-level Ben review is established for this row. Export presence is evidence to inspect, not semantic approval. Occurrence acceptance cannot approve this row.","[""item-056552bb62ebfbd15f750a14""]",true,"Review this existing hypothesis once for its type: independent linguistic evidence, canonical wording and any alias/merge/exclusion proposal. Preserve raw type and surface forms; do not derive a base form from sentence context.","No inventory decision is recorded. Independent export pointers exist but may name entities, events or numerals rather than valid expansions.",,
inv-a0a58d5dba673d7546c374cb,inventory,A_pilot_followup,proposed_not_approved_for_application,data/study_v1/review/inventory_proposed.csv record 191,data/study_v1/review/review_decisions.csv record 4867,אג״ם,,,,,,,not_recorded,,,,,,,inventory_membership|linguistic_expansion_vs_entity_or_numeral,"[{""page_title"":"""",""path"":""data/mined/candidate_table.csv"",""record"":2029,""source"":""gematria""}]",[],"No linked type-level Ben review is established for this row. Export presence is evidence to inspect, not semantic approval. Occurrence acceptance cannot approve this row.","[""item-056552bb62ebfbd15f750a14""]",true,"Review this existing hypothesis once for its type: independent linguistic evidence, canonical wording and any alias/merge/exclusion proposal. Preserve raw type and surface forms; do not derive a base form from sentence context.","No inventory decision is recorded. Independent export pointers exist but may name entities, events or numerals rather than valid expansions.",,gematria_string_rule_proposed
inv-d6e6c5332f3cee4a313da443,inventory,A_pilot_followup,proposed_not_approved_for_application,data/study_v1/review/inventory_proposed.csv record 188,data/study_v1/review/review_decisions.csv record 7484,אג״ם,,,,,,,not_recorded,,,,,,,inventory_membership|linguistic_expansion_vs_entity_or_numeral,"[{""page_title"":"""",""path"":""data/mined/candidate_table.csv"",""record"":32,""source"":""wiktionary""},{""page_title"":""אג\""ם"",""path"":""data/mined/merged_counts.csv"",""record"":99,""source"":""wiktionary""},{""page_title"":""אג\""ם"",""path"":""data/mined/wiktionary/wiktionary_counts.csv"",""record"":279,""source"":""wiktionary""}]",[],"No linked type-level Ben review is established for this row. Export presence is evidence to inspect, not semantic approval. Occurrence acceptance cannot approve this row.","[""item-056552bb62ebfbd15f750a14""]",true,"Review this existing hypothesis once for its type: independent linguistic evidence, canonical wording and any alias/merge/exclusion proposal. Preserve raw type and surface forms; do not derive a base form from sentence context.","No inventory decision is recorded. Independent export pointers exist but may name entities, events or numerals rather than valid expansions.",,
inv-9424ede2a06e489aeceab505,inventory,A_pilot_followup,proposed_not_approved_for_application,data/study_v1/review/inventory_proposed.csv record 414,data/study_v1/review/review_decisions.csv record 6766,א״ח,,,,,,,not_recorded,,,,,,,inventory_membership|linguistic_expansion_vs_entity_or_numeral,"[{""page_title"":"""",""path"":""data/mined/candidate_table.csv"",""record"":184,""source"":""wiktionary""},{""page_title"":""א\""ח"",""path"":""data/mined/merged_counts.csv"",""record"":273,""source"":""wiktionary""},{""page_title"":""א\""ח"",""path"":""data/mined/wiktionary/wiktionary_counts.csv"",""record"":203,""source"":""wiktionary""}]",[],"No linked type-level Ben review is established for this row. Export presence is evidence to inspect, not semantic approval. Occurrence acceptance cannot approve this row.","[""item-0ba0c9f436415e7e89b6d70f"",""item-5a0481a7de3a5150b84d890d"",""item-5c5109fd8a4f3cd4e3129e7e"",""item-743231daf6861b0f5bd32f29"",""item-788589b75b0c8c81343b2d9a"",""item-8c5d718eca8a8f64ffbc6aef"",""item-b55dd0db065d67467a62a785"",""item-f1f66e3cf9db7a864019f0c2""]",true,"Review this existing hypothesis once for its type: independent linguistic evidence, canonical wording and any alias/merge/exclusion proposal. Preserve raw type and surface forms; do not derive a base form from sentence context.","No inventory decision is recorded. Independent export pointers exist but may name entities, events or numerals rather than valid expansions.",,
inv-aff686b511c11acec3937e80,inventory,A_pilot_followup,proposed_not_approved_for_application,data/study_v1/review/inventory_proposed.csv record 413,data/study_v1/review/review_decisions.csv record 7066,א״ח,,,,,,,not_recorded,,,,,,,inventory_membership|linguistic_expansion_vs_entity_or_numeral,"[{""page_title"":"""",""path"":""data/mined/candidate_table.csv"",""record"":185,""source"":""wiktionary""},{""page_title"":""א\""ח"",""path"":""data/mined/merged_counts.csv"",""record"":274,""source"":""wiktionary""},{""page_title"":""א\""ח"",""path"":""data/mined/wiktionary/wiktionary_counts.csv"",""record"":202,""source"":""wiktionary""}]",[],"No linked type-level Ben review is established for this row. Export presence is evidence to inspect, not semantic approval. Occurrence acceptance cannot approve this row.","[""item-0ba0c9f436415e7e89b6d70f"",""item-5a0481a7de3a5150b84d890d"",""item-5c5109fd8a4f3cd4e3129e7e"",""item-743231daf6861b0f5bd32f29"",""item-788589b75b0c8c81343b2d9a"",""item-8c5d718eca8a8f64ffbc6aef"",""item-b55dd0db065d67467a62a785"",""item-f1f66e3cf9db7a864019f0c2""]",true,"Review this existing hypothesis once for its type: independent linguistic evidence, canonical wording and any alias/merge/exclusion proposal. Preserve raw type and surface forms; do not derive a base form from sentence context.","No inventory decision is recorded. Independent export pointers exist but may name entities, events or numerals rather than valid expansions.",,
inv-ca51fd8fa2fbd71b836d0deb,inventory,A_pilot_followup,proposed_not_approved_for_application,data/study_v1/review/inventory_proposed.csv record 412,data/study_v1/review/review_decisions.csv record 7353,א״ח,,,,,,,not_recorded,,,,,,,inventory_membership|linguistic_expansion_vs_entity_or_numeral,"[{""page_title"":"""",""path"":""data/mined/candidate_table.csv"",""record"":2004,""source"":""human_review""}]",[],"No linked type-level Ben review is established for this row. Export presence is evidence to inspect, not semantic approval. Occurrence acceptance cannot approve this row.","[""item-0ba0c9f436415e7e89b6d70f"",""item-5a0481a7de3a5150b84d890d"",""item-5c5109fd8a4f3cd4e3129e7e"",""item-743231daf6861b0f5bd32f29"",""item-788589b75b0c8c81343b2d9a"",""item-8c5d718eca8a8f64ffbc6aef"",""item-b55dd0db065d67467a62a785"",""item-f1f66e3cf9db7a864019f0c2""]",true,"Review this existing hypothesis once for its type: independent linguistic evidence, canonical wording and any alias/merge/exclusion proposal. Preserve raw type and surface forms; do not derive a base form from sentence context.","No inventory decision is recorded. Independent export pointers exist but may name entities, events or numerals rather than valid expansions.",,
inv-f35cb992895c46e9535e86c1,inventory,A_pilot_followup,proposed_not_approved_for_application,data/study_v1/review/inventory_proposed.csv record 415,data/study_v1/review/review_decisions.csv record 5061,א״ח,,,,,,,not_recorded,,,,,,,inventory_membership|linguistic_expansion_vs_entity_or_numeral,"[{""page_title"":"""",""path"":""data/mined/candidate_table.csv"",""record"":2068,""source"":""gematria""}]",[],"No linked type-level Ben review is established for this row. Export presence is evidence to inspect, not semantic approval. Occurrence acceptance cannot approve this row.","[""item-0ba0c9f436415e7e89b6d70f"",""item-5a0481a7de3a5150b84d890d"",""item-5c5109fd8a4f3cd4e3129e7e"",""item-743231daf6861b0f5bd32f29"",""item-788589b75b0c8c81343b2d9a"",""item-8c5d718eca8a8f64ffbc6aef"",""item-b55dd0db065d67467a62a785"",""item-f1f66e3cf9db7a864019f0c2""]",true,"Review this existing hypothesis once for its type: independent linguistic evidence, canonical wording and any alias/merge/exclusion proposal. Preserve raw type and surface forms; do not derive a base form from sentence context.","No inventory decision is recorded. Independent export pointers exist but may name entities, events or numerals rather than valid expansions.",,gematria_string_rule_proposed
inv-43a991b7ebc6376ef7fc7349,inventory,A_pilot_followup,proposed_not_approved_for_application,data/study_v1/review/inventory_proposed.csv record 494,data/study_v1/review/review_decisions.csv record 4632,בא״ח,,,,,,,not_recorded,,,,,,,inventory_membership|linguistic_expansion_vs_entity_or_numeral,"[{""page_title"":"""",""path"":""data/mined/candidate_table.csv"",""record"":2081,""source"":""gematria""}]",[],"No linked type-level Ben review is established for this row. Export presence is evidence to inspect, not semantic approval. Occurrence acceptance cannot approve this row.","[""item-3a7a3e48e2a9580265b4e88d""]",true,"Review this existing hypothesis once for its type: independent linguistic evidence, canonical wording and any alias/merge/exclusion proposal. Preserve raw type and surface forms; do not derive a base form from sentence context.","No inventory decision is recorded. Independent export pointers exist but may name entities, events or numerals rather than valid expansions.",,gematria_string_rule_proposed
inv-e455f3a17855301eaf633196,inventory,A_pilot_followup,proposed_not_approved_for_application,data/study_v1/review/inventory_proposed.csv record 495,data/study_v1/review/review_decisions.csv record 7626,בא״ח,,,,,,,not_recorded,,,,,,,inventory_membership|linguistic_expansion_vs_entity_or_numeral,"[{""page_title"":"""",""path"":""data/mined/candidate_table.csv"",""record"":241,""source"":""wiktionary""},{""page_title"":""בא\""ח"",""path"":""data/mined/merged_counts.csv"",""record"":331,""source"":""wiktionary""},{""page_title"":""בא\""ח"",""path"":""data/mined/wiktionary/wiktionary_counts.csv"",""record"":444,""source"":""wiktionary""}]",[],"No linked type-level Ben review is established for this row. Export presence is evidence to inspect, not semantic approval. Occurrence acceptance cannot approve this row.","[""item-3a7a3e48e2a9580265b4e88d""]",true,"Review this existing hypothesis once for its type: independent linguistic evidence, canonical wording and any alias/merge/exclusion proposal. Preserve raw type and surface forms; do not derive a base form from sentence context.","No inventory decision is recorded. Independent export pointers exist but may name entities, events or numerals rather than valid expansions.",,
inv-efdd62c68321435e2bc35667,inventory,A_pilot_followup,proposed_not_approved_for_application,data/study_v1/review/inventory_proposed.csv record 496,data/study_v1/review/review_decisions.csv record 7756,בא״ח,,,,,,,not_recorded,,,,,,,inventory_membership|linguistic_expansion_vs_entity_or_numeral,"[{""page_title"":"""",""path"":""data/mined/candidate_table.csv"",""record"":242,""source"":""wiktionary""},{""page_title"":""בא\""ח"",""path"":""data/mined/merged_counts.csv"",""record"":332,""source"":""wiktionary""},{""page_title"":""בא\""ח"",""path"":""data/mined/wiktionary/wiktionary_counts.csv"",""record"":445,""source"":""wiktionary""}]",[],"No linked type-level Ben review is established for this row. Export presence is evidence to inspect, not semantic approval. Occurrence acceptance cannot approve this row.","[""item-3a7a3e48e2a9580265b4e88d""]",true,"Review this existing hypothesis once for its type: independent linguistic evidence, canonical wording and any alias/merge/exclusion proposal. Preserve raw type and surface forms; do not derive a base form from sentence context.","No inventory decision is recorded. Independent export pointers exist but may name entities, events or numerals rather than valid expansions.",,
inv-0846578abcfe5250d767f838,inventory,A_pilot_followup,proposed_not_approved_for_application,data/study_v1/review/inventory_proposed.csv record 524,data/study_v1/review/review_decisions.csv record 5400,בד״ר,,,,,,,not_recorded,,,,,,,inventory_membership|linguistic_expansion_vs_entity_or_numeral,"[{""page_title"":"""",""path"":""data/mined/candidate_table.csv"",""record"":262,""source"":""wiktionary""},{""page_title"":""בד\""ר"",""path"":""data/mined/merged_counts.csv"",""record"":352,""source"":""wiktionary""},{""page_title"":""בד\""ר"",""path"":""data/mined/wiktionary/wiktionary_counts.csv"",""record"":463,""source"":""wiktionary""}]",[],"No linked type-level Ben review is established for this row. Export presence is evidence to inspect, not semantic approval. Occurrence acceptance cannot approve this row.","[""item-04ea81a4e75bccdc7a2d1438"",""item-14046e12b3b2baa201c79cf2"",""item-1906c2d4cb8ed1d766bdc603"",""item-430060cdf15bc5f381533423"",""item-b4e4ca61df46c43f38300413"",""item-bcdcd4ec4e4e69eadd486fab"",""item-c51cc4063b086756ca22a534""]",true,"Review this existing hypothesis once for its type: independent linguistic evidence, canonical wording and any alias/merge/exclusion proposal. Preserve raw type and surface forms; do not derive a base form from sentence context.","No inventory decision is recorded. Independent export pointers exist but may name entities, events or numerals rather than valid expansions.",,
inv-0d3ee6049e879432d7592a6d,inventory,A_pilot_followup,proposed_not_approved_for_application,data/study_v1/review/inventory_proposed.csv record 526,data/study_v1/review/review_decisions.csv record 4467,בד״ר,,,,,,,not_recorded,,,,,,,inventory_membership|linguistic_expansion_vs_entity_or_numeral,"[{""page_title"":"""",""path"":""data/mined/candidate_table.csv"",""record"":2089,""source"":""gematria""}]",[],"No linked type-level Ben review is established for this row. Export presence is evidence to inspect, not semantic approval. Occurrence acceptance cannot approve this row.","[""item-04ea81a4e75bccdc7a2d1438"",""item-14046e12b3b2baa201c79cf2"",""item-1906c2d4cb8ed1d766bdc603"",""item-430060cdf15bc5f381533423"",""item-b4e4ca61df46c43f38300413"",""item-bcdcd4ec4e4e69eadd486fab"",""item-c51cc4063b086756ca22a534""]",true,"Review this existing hypothesis once for its type: independent linguistic evidence, canonical wording and any alias/merge/exclusion proposal. Preserve raw type and surface forms; do not derive a base form from sentence context.","No inventory decision is recorded. Independent export pointers exist but may name entities, events or numerals rather than valid expansions.",,gematria_string_rule_proposed
inv-1fdfb7f4e9091c433b39fbf3,inventory,A_pilot_followup,proposed_not_approved_for_application,data/study_v1/review/inventory_proposed.csv record 525,data/study_v1/review/review_decisions.csv record 5606,בד״ר,,,,,,,not_recorded,,,,,,,inventory_membership|linguistic_expansion_vs_entity_or_numeral,"[{""page_title"":"""",""path"":""data/mined/candidate_table.csv"",""record"":2010,""source"":""human_review""}]",[],"No linked type-level Ben review is established for this row. Export presence is evidence to inspect, not semantic approval. Occurrence acceptance cannot approve this row.","[""item-04ea81a4e75bccdc7a2d1438"",""item-14046e12b3b2baa201c79cf2"",""item-1906c2d4cb8ed1d766bdc603"",""item-430060cdf15bc5f381533423"",""item-b4e4ca61df46c43f38300413"",""item-bcdcd4ec4e4e69eadd486fab"",""item-c51cc4063b086756ca22a534""]",true,"Review this existing hypothesis once for its type: independent linguistic evidence, canonical wording and any alias/merge/exclusion proposal. Preserve raw type and surface forms; do not derive a base form from sentence context.","No inventory decision is recorded. Independent export pointers exist but may name entities, events or numerals rather than valid expansions.",,
inv-29680d562b011b8deff1661e,inventory,A_pilot_followup,proposed_not_approved_for_application,data/study_v1/review/inventory_proposed.csv record 523,data/study_v1/review/review_decisions.csv record 5697,בד״ר,,,,,,,not_recorded,,,,,,,inventory_membership|linguistic_expansion_vs_entity_or_numeral,"[{""page_title"":"""",""path"":""data/mined/candidate_table.csv"",""record"":261,""source"":""wiktionary""},{""page_title"":""בד\""ר"",""path"":""data/mined/merged_counts.csv"",""record"":351,""source"":""wiktionary""},{""page_title"":""בד\""ר"",""path"":""data/mined/wiktionary/wiktionary_counts.csv"",""record"":462,""source"":""wiktionary""}]",[],"No linked type-level Ben review is established for this row. Export presence is evidence to inspect, not semantic approval. Occurrence acceptance cannot approve this row.","[""item-04ea81a4e75bccdc7a2d1438"",""item-14046e12b3b2baa201c79cf2"",""item-1906c2d4cb8ed1d766bdc603"",""item-430060cdf15bc5f381533423"",""item-b4e4ca61df46c43f38300413"",""item-bcdcd4ec4e4e69eadd486fab"",""item-c51cc4063b086756ca22a534""]",true,"Review this existing hypothesis once for its type: independent linguistic evidence, canonical wording and any alias/merge/exclusion proposal. Preserve raw type and surface forms; do not derive a base form from sentence context.","No inventory decision is recorded. Independent export pointers exist but may name entities, events or numerals rather than valid expansions.",,
inv-052c7b0f6ea4312ff39e38f5,inventory,A_pilot_followup,proposed_not_approved_for_application,data/study_v1/review/inventory_proposed.csv record 1013,data/study_v1/review/review_decisions.csv record 5375,השב״ס,,,,,,,not_recorded,,,,,,,inventory_membership|linguistic_expansion_vs_entity_or_numeral,"[{""page_title"":"""",""path"":""data/mined/candidate_table.csv"",""record"":570,""source"":""wikipedia""},{""page_title"":""השב\""ס"",""path"":""data/mined/merged_counts.csv"",""record"":721,""source"":""wikipedia""},{""page_title"":""השב\""ס"",""path"":""data/mined/wikipedia/bullet_counts.csv"",""record"":97,""source"":""""}]",[],"No linked type-level Ben review is established for this row. Export presence is evidence to inspect, not semantic approval. Occurrence acceptance cannot approve this row.","[""item-0595053de96b8d154977c0cf"",""item-c6886a420f2b4cad5bb031e5""]",true,"Review this existing hypothesis once for its type: independent linguistic evidence, canonical wording and any alias/merge/exclusion proposal. Preserve raw type and surface forms; do not derive a base form from sentence context.","No inventory decision is recorded. Independent export pointers exist but may name entities, events or numerals rather than valid expansions.",,
inv-a0ae97432f1da9af0d492642,inventory,A_pilot_followup,proposed_not_approved_for_application,data/study_v1/review/inventory_proposed.csv record 1014,data/study_v1/review/review_decisions.csv record 6890,השב״ס,,,,,,,not_recorded,,,,,,,inventory_membership|linguistic_expansion_vs_entity_or_numeral,"[{""page_title"":"""",""path"":""data/mined/candidate_table.csv"",""record"":569,""source"":""wikipedia""},{""page_title"":""השב\""ס"",""path"":""data/mined/merged_counts.csv"",""record"":720,""source"":""wikipedia""},{""page_title"":""השב\""ס"",""path"":""data/mined/wikipedia/bullet_counts.csv"",""record"":96,""source"":""""}]",[],"No linked type-level Ben review is established for this row. Export presence is evidence to inspect, not semantic approval. Occurrence acceptance cannot approve this row.","[""item-0595053de96b8d154977c0cf"",""item-c6886a420f2b4cad5bb031e5""]",true,"Review this existing hypothesis once for its type: independent linguistic evidence, canonical wording and any alias/merge/exclusion proposal. Preserve raw type and surface forms; do not derive a base form from sentence context.","No inventory decision is recorded. Independent export pointers exist but may name entities, events or numerals rather than valid expansions.",,
inv-a7245d709ac0d540735478f1,inventory,A_pilot_followup,proposed_not_approved_for_application,data/study_v1/review/inventory_proposed.csv record 1015,data/study_v1/review/review_decisions.csv record 4888,השב״ס,,,,,,,not_recorded,,,,,,,inventory_membership|linguistic_expansion_vs_entity_or_numeral,"[{""page_title"":"""",""path"":""data/mined/candidate_table.csv"",""record"":2191,""source"":""gematria""}]",[],"No linked type-level Ben review is established for this row. Export presence is evidence to inspect, not semantic approval. Occurrence acceptance cannot approve this row.","[""item-0595053de96b8d154977c0cf"",""item-c6886a420f2b4cad5bb031e5""]",true,"Review this existing hypothesis once for its type: independent linguistic evidence, canonical wording and any alias/merge/exclusion proposal. Preserve raw type and surface forms; do not derive a base form from sentence context.","No inventory decision is recorded. Independent export pointers exist but may name entities, events or numerals rather than valid expansions.",,gematria_string_rule_proposed
inv-11390735de69d86751ade2a9,inventory,A_pilot_followup,proposed_not_approved_for_application,data/study_v1/review/inventory_proposed.csv record 1728,data/study_v1/review/review_decisions.csv record 5476,מהר״י,,,,,,,not_recorded,,,,,,,inventory_membership|linguistic_expansion_vs_entity_or_numeral,"[{""page_title"":""מהר\""י"",""path"":""data/mined/wikipedia/bullet_counts.csv"",""record"":187,""source"":""""}]","[{""path"":""data/mined/duplicate_review.csv"",""record"":129}]","Reuse linked type-level Ben reviews without automatically merging senses; export presence is evidence to inspect, not semantic approval. Occurrence acceptance cannot approve this row.","[""item-40282f0d0e535efd7b8d61f9""]",true,"Review this existing hypothesis once for its type: independent linguistic evidence, canonical wording and any alias/merge/exclusion proposal. Preserve raw type and surface forms; do not derive a base form from sentence context.","No inventory decision is recorded. Independent export pointers exist but may name entities, events or numerals rather than valid expansions.",,
inv-284f66156378b1d8f04a5655,inventory,A_pilot_followup,proposed_not_approved_for_application,data/study_v1/review/inventory_proposed.csv record 1738,data/study_v1/review/review_decisions.csv record 5680,מהר״י,,,,,,,not_recorded,,,,,,,inventory_membership|linguistic_expansion_vs_entity_or_numeral,"[{""page_title"":"""",""path"":""data/mined/candidate_table.csv"",""record"":1035,""source"":""wikipedia""},{""page_title"":""מהר\""י"",""path"":""data/mined/merged_counts.csv"",""record"":1273,""source"":""wikipedia""},{""page_title"":""מהר\""י"",""path"":""data/mined/wikipedia/bullet_counts.csv"",""record"":177,""source"":""""}]","[{""path"":""data/mined/duplicate_review.csv"",""record"":129}]","Reuse linked type-level Ben reviews without automatically merging senses; export presence is evidence to inspect, not semantic approval. Occurrence acceptance cannot approve this row.","[""item-40282f0d0e535efd7b8d61f9""]",true,"Review this existing hypothesis once for its type: independent linguistic evidence, canonical wording and any alias/merge/exclusion proposal. Preserve raw type and surface forms; do not derive a base form from sentence context.","No inventory decision is recorded. Independent export pointers exist but may name entities, events or numerals rather than valid expansions.",,
inv-4935fa218d91a0a64f728f61,inventory,A_pilot_followup,proposed_not_approved_for_application,data/study_v1/review/inventory_proposed.csv record 1734,data/study_v1/review/review_decisions.csv record 6026,מהר״י,,,,,,,not_recorded,,,,,,,inventory_membership|linguistic_expansion_vs_entity_or_numeral,"[{""page_title"":"""",""path"":""data/mined/candidate_table.csv"",""record"":1033,""source"":""wikipedia""},{""page_title"":""מהר\""י"",""path"":""data/mined/merged_counts.csv"",""record"":1270,""source"":""wikipedia""},{""page_title"":""מהר\""י"",""path"":""data/mined/wikipedia/bullet_counts.csv"",""record"":179,""source"":""""}]","[{""path"":""data/mined/duplicate_review.csv"",""record"":129}]","Reuse linked type-level Ben reviews without automatically merging senses; export presence is evidence to inspect, not semantic approval. Occurrence acceptance cannot approve this row.","[""item-40282f0d0e535efd7b8d61f9""]",true,"Review this existing hypothesis once for its type: independent linguistic evidence, canonical wording and any alias/merge/exclusion proposal. Preserve raw type and surface forms; do not derive a base form from sentence context.","No inventory decision is recorded. Independent export pointers exist but may name entities, events or numerals rather than valid expansions.",,
inv-52c285c0c1bfbf35006b5c3c,inventory,A_pilot_followup,proposed_not_approved_for_application,data/study_v1/review/inventory_proposed.csv record 1731,data/study_v1/review/review_decisions.csv record 6117,מהר״י,,,,,,,not_recorded,,,,,,,inventory_membership|linguistic_expansion_vs_entity_or_numeral,"[{""page_title"":"""",""path"":""data/mined/candidate_table.csv"",""record"":1031,""source"":""wikipedia""},{""page_title"":""מהר\""י"",""path"":""data/mined/merged_counts.csv"",""record"":1268,""source"":""wikipedia""},{""page_title"":""מהר\""י"",""path"":""data/mined/wikipedia/bullet_counts.csv"",""record"":183,""source"":""""}]","[{""path"":""data/mined/duplicate_review.csv"",""record"":129}]","Reuse linked type-level Ben reviews without automatically merging senses; export presence is evidence to inspect, not semantic approval. Occurrence acceptance cannot approve this row.","[""item-40282f0d0e535efd7b8d61f9""]",true,"Review this existing hypothesis once for its type: independent linguistic evidence, canonical wording and any alias/merge/exclusion proposal. Preserve raw type and surface forms; do not derive a base form from sentence context.","No inventory decision is recorded. Independent export pointers exist but may name entities, events or numerals rather than valid expansions.",,
inv-5820c2d90b82a831e7b044f1,inventory,A_pilot_followup,proposed_not_approved_for_application,data/study_v1/review/inventory_proposed.csv record 1729,data/study_v1/review/review_decisions.csv record 6176,מהר״י,,,,,,,not_recorded,,,,,,,inventory_membership|linguistic_expansion_vs_entity_or_numeral,"[{""page_title"":""מהר\""י"",""path"":""data/mined/merged_counts.csv"",""record"":1263,""source"":""wikipedia""},{""page_title"":""מהר\""י"",""path"":""data/mined/wikipedia/bullet_counts.csv"",""record"":185,""source"":""""}]","[{""path"":""data/mined/duplicate_review.csv"",""record"":129}]","Reuse linked type-level Ben reviews without automatically merging senses; export presence is evidence to inspect, not semantic approval. Occurrence acceptance cannot approve this row.","[""item-40282f0d0e535efd7b8d61f9""]",true,"Review this existing hypothesis once for its type: independent linguistic evidence, canonical wording and any alias/merge/exclusion proposal. Preserve raw type and surface forms; do not derive a base form from sentence context.","No inventory decision is recorded. Independent export pointers exist but may name entities, events or numerals rather than valid expansions.",,
inv-62cfcc030944e97a5dedbb2d,inventory,A_pilot_followup,proposed_not_approved_for_application,data/study_v1/review/inventory_proposed.csv record 1726,data/study_v1/review/review_decisions.csv record 6275,מהר״י,,,,,,,not_recorded,,,,,,,inventory_membership|linguistic_expansion_vs_entity_or_numeral,"[{""page_title"":""מהר\""י"",""path"":""data/mined/merged_counts.csv"",""record"":1264,""source"":""wikipedia""},{""page_title"":""מהר\""י"",""path"":""data/mined/wikipedia/bullet_counts.csv"",""record"":176,""source"":""""}]","[{""path"":""data/mined/duplicate_review.csv"",""record"":129}]","Reuse linked type-level Ben reviews without automatically merging senses; export presence is evidence to inspect, not semantic approval. Occurrence acceptance cannot approve this row.","[""item-40282f0d0e535efd7b8d61f9""]",true,"Review this existing hypothesis once for its type: independent linguistic evidence, canonical wording and any alias/merge/exclusion proposal. Preserve raw type and surface forms; do not derive a base form from sentence context.","No inventory decision is recorded. Independent export pointers exist but may name entities, events or numerals rather than valid expansions.",,
inv-65bb757eb43da3476e752630,inventory,A_pilot_followup,proposed_not_approved_for_application,data/study_v1/review/inventory_proposed.csv record 1735,data/study_v1/review/review_decisions.csv record 6302,מהר״י,,,,,,,not_recorded,,,,,,,inventory_membership|linguistic_expansion_vs_entity_or_numeral,"[{""page_title"":"""",""path"":""data/mined/candidate_table.csv"",""record"":1034,""source"":""wikipedia""},{""page_title"":""מהר\""י"",""path"":""data/mined/merged_counts.csv"",""record"":1272,""source"":""wikipedia""},{""page_title"":""מהר\""י"",""path"":""data/mined/wikipedia/bullet_counts.csv"",""record"":180,""source"":""""}]","[{""path"":""data/mined/duplicate_review.csv"",""record"":129}]","Reuse linked type-level Ben reviews without automatically merging senses; export presence is evidence to inspect, not semantic approval. Occurrence acceptance cannot approve this row.","[""item-40282f0d0e535efd7b8d61f9""]",true,"Review this existing hypothesis once for its type: independent linguistic evidence, canonical wording and any alias/merge/exclusion proposal. Preserve raw type and surface forms; do not derive a base form from sentence context.","No inventory decision is recorded. Independent export pointers exist but may name entities, events or numerals rather than valid expansions.",,
inv-7757a2c9e6f3cffe54d3018f,inventory,A_pilot_followup,proposed_not_approved_for_application,data/study_v1/review/inventory_proposed.csv record 1724,data/study_v1/review/review_decisions.csv record 4765,מהר״י,,,,,,,not_recorded,,,,,,,inventory_membership|linguistic_expansion_vs_entity_or_numeral,"[{""page_title"":"""",""path"":""data/mined/candidate_table.csv"",""record"":2344,""source"":""gematria""}]","[{""path"":""data/mined/duplicate_review.csv"",""record"":129}]","Reuse linked type-level Ben reviews without automatically merging senses; export presence is evidence to inspect, not semantic approval. Occurrence acceptance cannot approve this row.","[""item-40282f0d0e535efd7b8d61f9""]",true,"Review this existing hypothesis once for its type: independent linguistic evidence, canonical wording and any alias/merge/exclusion proposal. Preserve raw type and surface forms; do not derive a base form from sentence context.","No inventory decision is recorded. Independent export pointers exist but may name entities, events or numerals rather than valid expansions.",,gematria_string_rule_proposed
inv-8c9d4ffafb9d85885c49b0c7,inventory,A_pilot_followup,proposed_not_approved_for_application,data/study_v1/review/inventory_proposed.csv record 1725,data/study_v1/review/review_decisions.csv record 6697,מהר״י,,,,,,,not_recorded,,,,,,,inventory_membership|linguistic_expansion_vs_entity_or_numeral,"[{""page_title"":""מהר\""י"",""path"":""data/mined/merged_counts.csv"",""record"":1267,""source"":""wikipedia""},{""page_title"":""מהר\""י"",""path"":""data/mined/wikipedia/bullet_counts.csv"",""record"":186,""source"":""""}]","[{""path"":""data/mined/duplicate_review.csv"",""record"":129}]","Reuse linked type-level Ben reviews without automatically merging senses; export presence is evidence to inspect, not semantic approval. Occurrence acceptance cannot approve this row.","[""item-40282f0d0e535efd7b8d61f9""]",true,"Review this existing hypothesis once for its type: independent linguistic evidence, canonical wording and any alias/merge/exclusion proposal. Preserve raw type and surface forms; do not derive a base form from sentence context.","No inventory decision is recorded. Independent export pointers exist but may name entities, events or numerals rather than valid expansions.",,
inv-8df672a04bcc3f759d3882b5,inventory,A_pilot_followup,proposed_not_approved_for_application,data/study_v1/review/inventory_proposed.csv record 1737,data/study_v1/review/review_decisions.csv record 6706,מהר״י,,,,,,,not_recorded,,,,,,,inventory_membership|linguistic_expansion_vs_entity_or_numeral,"[{""page_title"":""מהר\""י"",""path"":""data/mined/merged_counts.csv"",""record"":1271,""source"":""wikipedia""},{""page_title"":""מהר\""י"",""path"":""data/mined/wikipedia/bullet_counts.csv"",""record"":182,""source"":""""}]","[{""path"":""data/mined/duplicate_review.csv"",""record"":129}]","Reuse linked type-level Ben reviews without automatically merging senses; export presence is evidence to inspect, not semantic approval. Occurrence acceptance cannot approve this row.","[""item-40282f0d0e535efd7b8d61f9""]",true,"Review this existing hypothesis once for its type: independent linguistic evidence, canonical wording and any alias/merge/exclusion proposal. Preserve raw type and surface forms; do not derive a base form from sentence context.","No inventory decision is recorded. Independent export pointers exist but may name entities, events or numerals rather than valid expansions.",,
inv-9f560abddfb522e240d73d6f,inventory,A_pilot_followup,proposed_not_approved_for_application,data/study_v1/review/inventory_proposed.csv record 1732,data/study_v1/review/review_decisions.csv record 6878,מהר״י,,,,,,,not_recorded,,,,,,,inventory_membership|linguistic_expansion_vs_entity_or_numeral,"[{""page_title"":"""",""path"":""data/mined/candidate_table.csv"",""record"":1032,""source"":""wikipedia""},{""page_title"":""מהר\""י"",""path"":""data/mined/merged_counts.csv"",""record"":1269,""source"":""wikipedia""},{""page_title"":""מהר\""י"",""path"":""data/mined/wikipedia/bullet_counts.csv"",""record"":178,""source"":""""}]","[{""path"":""data/mined/duplicate_review.csv"",""record"":129}]","Reuse linked type-level Ben reviews without automatically merging senses; export presence is evidence to inspect, not semantic approval. Occurrence acceptance cannot approve this row.","[""item-40282f0d0e535efd7b8d61f9""]",true,"Review this existing hypothesis once for its type: independent linguistic evidence, canonical wording and any alias/merge/exclusion proposal. Preserve raw type and surface forms; do not derive a base form from sentence context.","No inventory decision is recorded. Independent export pointers exist but may name entities, events or numerals rather than valid expansions.",,
inv-be0809106930280779eccab9,inventory,A_pilot_followup,proposed_not_approved_for_application,data/study_v1/review/inventory_proposed.csv record 1730,data/study_v1/review/review_decisions.csv record 7207,מהר״י,,,,,,,not_recorded,,,,,,,inventory_membership|linguistic_expansion_vs_entity_or_numeral,"[{""page_title"":""מהר\""י"",""path"":""data/mined/merged_counts.csv"",""record"":1260,""source"":""wikipedia""},{""page_title"":""מהר\""י"",""path"":""data/mined/wikipedia/bullet_counts.csv"",""record"":184,""source"":""""}]","[{""path"":""data/mined/duplicate_review.csv"",""record"":129}]","Reuse linked type-level Ben reviews without automatically merging senses; export presence is evidence to inspect, not semantic approval. Occurrence acceptance cannot approve this row.","[""item-40282f0d0e535efd7b8d61f9""]",true,"Review this existing hypothesis once for its type: independent linguistic evidence, canonical wording and any alias/merge/exclusion proposal. Preserve raw type and surface forms; do not derive a base form from sentence context.","No inventory decision is recorded. Independent export pointers exist but may name entities, events or numerals rather than valid expansions.",,
inv-c64ade6941e2b2c0cd8a469e,inventory,A_pilot_followup,proposed_not_approved_for_application,data/study_v1/review/inventory_proposed.csv record 1739,data/study_v1/review/review_decisions.csv record 7303,מהר״י,,,,,,,not_recorded,,,,,,,inventory_membership|linguistic_expansion_vs_entity_or_numeral,"[{""page_title"":"""",""path"":""data/mined/candidate_table.csv"",""record"":1030,""source"":""wikipedia""},{""page_title"":""מהר\""י"",""path"":""data/mined/merged_counts.csv"",""record"":1265,""source"":""wikipedia""},{""page_title"":""מהר\""י"",""path"":""data/mined/wikipedia/bullet_counts.csv"",""record"":181,""source"":""""}]","[{""path"":""data/mined/duplicate_review.csv"",""record"":129}]","Reuse linked type-level Ben reviews without automatically merging senses; export presence is evidence to inspect, not semantic approval. Occurrence acceptance cannot approve this row.","[""item-40282f0d0e535efd7b8d61f9""]",true,"Review this existing hypothesis once for its type: independent linguistic evidence, canonical wording and any alias/merge/exclusion proposal. Preserve raw type and surface forms; do not derive a base form from sentence context.","No inventory decision is recorded. Independent export pointers exist but may name entities, events or numerals rather than valid expansions.",,
inv-ce3d75f6b56784558dd287ea,inventory,A_pilot_followup,proposed_not_approved_for_application,data/study_v1/review/inventory_proposed.csv record 1733,data/study_v1/review/review_decisions.csv record 7400,מהר״י,,,,,,,not_recorded,,,,,,,inventory_membership|linguistic_expansion_vs_entity_or_numeral,"[{""page_title"":"""",""path"":""data/mined/candidate_table.csv"",""record"":1028,""source"":""wikipedia""},{""page_title"":""מהר\""י"",""path"":""data/mined/merged_counts.csv"",""record"":1261,""source"":""wikipedia""},{""page_title"":""מהר\""י"",""path"":""data/mined/wikipedia/bullet_counts.csv"",""record"":175,""source"":""""}]","[{""path"":""data/mined/duplicate_review.csv"",""record"":129}]","Reuse linked type-level Ben reviews without automatically merging senses; export presence is evidence to inspect, not semantic approval. Occurrence acceptance cannot approve this row.","[""item-40282f0d0e535efd7b8d61f9""]",true,"Review this existing hypothesis once for its type: independent linguistic evidence, canonical wording and any alias/merge/exclusion proposal. Preserve raw type and surface forms; do not derive a base form from sentence context.","No inventory decision is recorded. Independent export pointers exist but may name entities, events or numerals rather than valid expansions.",,
inv-e542bedeb16575563d78d838,inventory,A_pilot_followup,proposed_not_approved_for_application,data/study_v1/review/inventory_proposed.csv record 1727,data/study_v1/review/review_decisions.csv record 7636,מהר״י,,,,,,,not_recorded,,,,,,,inventory_membership|linguistic_expansion_vs_entity_or_numeral,"[{""page_title"":""מהר\""י"",""path"":""data/mined/merged_counts.csv"",""record"":1266,""source"":""wikipedia""},{""page_title"":""מהר\""י"",""path"":""data/mined/wikipedia/bullet_counts.csv"",""record"":188,""source"":""""}]","[{""path"":""data/mined/duplicate_review.csv"",""record"":129}]","Reuse linked type-level Ben reviews without automatically merging senses; export presence is evidence to inspect, not semantic approval. Occurrence acceptance cannot approve this row.","[""item-40282f0d0e535efd7b8d61f9""]",true,"Review this existing hypothesis once for its type: independent linguistic evidence, canonical wording and any alias/merge/exclusion proposal. Preserve raw type and surface forms; do not derive a base form from sentence context.","No inventory decision is recorded. Independent export pointers exist but may name entities, events or numerals rather than valid expansions.",,
inv-f448a27da6b09fd1c5902b96,inventory,A_pilot_followup,proposed_not_approved_for_application,data/study_v1/review/inventory_proposed.csv record 1736,data/study_v1/review/review_decisions.csv record 7825,מהר״י,,,,,,,not_recorded,,,,,,,inventory_membership|linguistic_expansion_vs_entity_or_numeral,"[{""page_title"":"""",""path"":""data/mined/candidate_table.csv"",""record"":1029,""source"":""wikipedia""},{""page_title"":""מהר\""י"",""path"":""data/mined/merged_counts.csv"",""record"":1262,""source"":""wikipedia""},{""page_title"":""מהר\""י"",""path"":""data/mined/wikipedia/bullet_counts.csv"",""record"":174,""source"":""""}]","[{""path"":""data/mined/duplicate_review.csv"",""record"":129}]","Reuse linked type-level Ben reviews without automatically merging senses; export presence is evidence to inspect, not semantic approval. Occurrence acceptance cannot approve this row.","[""item-40282f0d0e535efd7b8d61f9""]",true,"Review this existing hypothesis once for its type: independent linguistic evidence, canonical wording and any alias/merge/exclusion proposal. Preserve raw type and surface forms; do not derive a base form from sentence context.","No inventory decision is recorded. Independent export pointers exist but may name entities, events or numerals rather than valid expansions.",,
inv-013d4dbb72b7b45c6914f9e4,inventory,A_pilot_followup,proposed_not_approved_for_application,data/study_v1/review/inventory_proposed.csv record 1936,data/study_v1/review/review_decisions.csv record 5341,מע״ר,,,,,,,not_recorded,,,,,,,inventory_membership|linguistic_expansion_vs_entity_or_numeral,"[{""page_title"":"""",""path"":""data/mined/candidate_table.csv"",""record"":1157,""source"":""wikipedia+wiktionary""},{""page_title"":""מע\""ר"",""path"":""data/mined/merged_counts.csv"",""record"":1420,""source"":""wikipedia+wiktionary""},{""page_title"":""מע\""ר"",""path"":""data/mined/wiktionary/wiktionary_counts.csv"",""record"":1374,""source"":""wiktionary""},{""page_title"":""מע\""ר"",""path"":""data/mined/wikipedia/bullet_counts.csv"",""record"":288,""source"":""""}]",[],"No linked type-level Ben review is established for this row. Export presence is evidence to inspect, not semantic approval. Occurrence acceptance cannot approve this row.","[""item-cc8efbd38b16289288662416""]",true,"Review this existing hypothesis once for its type: independent linguistic evidence, canonical wording and any alias/merge/exclusion proposal. Preserve raw type and surface forms; do not derive a base form from sentence context.","No inventory decision is recorded. Independent export pointers exist but may name entities, events or numerals rather than valid expansions.",,
inv-43634c911db405e1d707f5c2,inventory,A_pilot_followup,proposed_not_approved_for_application,data/study_v1/review/inventory_proposed.csv record 1934,data/study_v1/review/review_decisions.csv record 5962,מע״ר,,,,,,,not_recorded,,,,,,,inventory_membership|linguistic_expansion_vs_entity_or_numeral,"[{""page_title"":"""",""path"":""data/mined/candidate_table.csv"",""record"":1158,""source"":""wikipedia+wiktionary""},{""page_title"":""מע\""ר"",""path"":""data/mined/merged_counts.csv"",""record"":1421,""source"":""wikipedia+wiktionary""},{""page_title"":""מע\""ר"",""path"":""data/mined/wiktionary/wiktionary_counts.csv"",""record"":1373,""source"":""wiktionary""},{""page_title"":""מע\""ר"",""path"":""data/mined/wikipedia/bullet_counts.csv"",""record"":289,""source"":""""}]",[],"No linked type-level Ben review is established for this row. Export presence is evidence to inspect, not semantic approval. Occurrence acceptance cannot approve this row.","[""item-cc8efbd38b16289288662416""]",true,"Review this existing hypothesis once for its type: independent linguistic evidence, canonical wording and any alias/merge/exclusion proposal. Preserve raw type and surface forms; do not derive a base form from sentence context.","No inventory decision is recorded. Independent export pointers exist but may name entities, events or numerals rather than valid expansions.",,
inv-9fa819d9060b62d5f0ae4d86,inventory,A_pilot_followup,proposed_not_approved_for_application,data/study_v1/review/inventory_proposed.csv record 1937,data/study_v1/review/review_decisions.csv record 4863,מע״ר,,,,,,,not_recorded,,,,,,,inventory_membership|linguistic_expansion_vs_entity_or_numeral,"[{""page_title"":"""",""path"":""data/mined/candidate_table.csv"",""record"":2381,""source"":""gematria""}]",[],"No linked type-level Ben review is established for this row. Export presence is evidence to inspect, not semantic approval. Occurrence acceptance cannot approve this row.","[""item-cc8efbd38b16289288662416""]",true,"Review this existing hypothesis once for its type: independent linguistic evidence, canonical wording and any alias/merge/exclusion proposal. Preserve raw type and surface forms; do not derive a base form from sentence context.","No inventory decision is recorded. Independent export pointers exist but may name entities, events or numerals rather than valid expansions.",,gematria_string_rule_proposed
inv-b1bf7391eeb14d11e9a30c9c,inventory,A_pilot_followup,proposed_not_approved_for_application,data/study_v1/review/inventory_proposed.csv record 1935,data/study_v1/review/review_decisions.csv record 7086,מע״ר,,,,,,,not_recorded,,,,,,,inventory_membership|linguistic_expansion_vs_entity_or_numeral,"[{""page_title"":"""",""path"":""data/mined/candidate_table.csv"",""record"":1159,""source"":""wikipedia""},{""page_title"":""מע\""ר"",""path"":""data/mined/merged_counts.csv"",""record"":1422,""source"":""wikipedia""},{""page_title"":""מע\""ר"",""path"":""data/mined/wikipedia/bullet_counts.csv"",""record"":290,""source"":""""}]",[],"No linked type-level Ben review is established for this row. Export presence is evidence to inspect, not semantic approval. Occurrence acceptance cannot approve this row.","[""item-cc8efbd38b16289288662416""]",true,"Review this existing hypothesis once for its type: independent linguistic evidence, canonical wording and any alias/merge/exclusion proposal. Preserve raw type and surface forms; do not derive a base form from sentence context.","No inventory decision is recorded. Independent export pointers exist but may name entities, events or numerals rather than valid expansions.",,
inv-239f11d086fbeaf46f0d5767,inventory,A_pilot_followup,proposed_not_approved_for_application,data/study_v1/review/inventory_proposed.csv record 1956,data/study_v1/review/review_decisions.csv record 4422,מצ״ד,,,,,,,not_recorded,,,,,,,inventory_membership|linguistic_expansion_vs_entity_or_numeral|missing_independent_export_evidence,[],[],"No linked type-level Ben review is established for this row. Export presence is evidence to inspect, not semantic approval. Occurrence acceptance cannot approve this row.","[""item-10c8e92234135629f4d76552""]",true,"Review this existing hypothesis once for its type: independent linguistic evidence, canonical wording and any alias/merge/exclusion proposal. Preserve raw type and surface forms; do not derive a base form from sentence context.",No inventory decision is recorded. No independent export pointer exists; offered sentence candidates cannot establish inventory validity. Retain unresolved pending evidence.,,
inv-3eec6caf7e3e9a8f936d339e,inventory,A_pilot_followup,proposed_not_approved_for_application,data/study_v1/review/inventory_proposed.csv record 1954,data/study_v1/review/review_decisions.csv record 5917,מצ״ד,,,,,,,not_recorded,,,,,,,inventory_membership|linguistic_expansion_vs_entity_or_numeral,"[{""page_title"":"""",""path"":""data/mined/candidate_table.csv"",""record"":1169,""source"":""wikipedia""},{""page_title"":""מצ\""ד"",""path"":""data/mined/merged_counts.csv"",""record"":1436,""source"":""wikipedia""},{""page_title"":""מצ\""ד"",""path"":""data/mined/wikipedia/bullet_counts.csv"",""record"":291,""source"":""""}]",[],"No linked type-level Ben review is established for this row. Export presence is evidence to inspect, not semantic approval. Occurrence acceptance cannot approve this row.","[""item-10c8e92234135629f4d76552""]",true,"Review this existing hypothesis once for its type: independent linguistic evidence, canonical wording and any alias/merge/exclusion proposal. Preserve raw type and surface forms; do not derive a base form from sentence context.","No inventory decision is recorded. Independent export pointers exist but may name entities, events or numerals rather than valid expansions.",,
inv-64c2559aac0c9a1ccd1e102e,inventory,A_pilot_followup,proposed_not_approved_for_application,data/study_v1/review/inventory_proposed.csv record 1952,data/study_v1/review/review_decisions.csv record 6289,מצ״ד,,,,,,,not_recorded,,,,,,,inventory_membership|linguistic_expansion_vs_entity_or_numeral,"[{""page_title"":"""",""path"":""data/mined/candidate_table.csv"",""record"":1168,""source"":""wikipedia""},{""page_title"":""מצ\""ד"",""path"":""data/mined/merged_counts.csv"",""record"":1435,""source"":""wikipedia""},{""page_title"":""מצ\""ד"",""path"":""data/mined/wikipedia/bullet_counts.csv"",""record"":293,""source"":""""}]",[],"No linked type-level Ben review is established for this row. Export presence is evidence to inspect, not semantic approval. Occurrence acceptance cannot approve this row.","[""item-10c8e92234135629f4d76552""]",true,"Review this existing hypothesis once for its type: independent linguistic evidence, canonical wording and any alias/merge/exclusion proposal. Preserve raw type and surface forms; do not derive a base form from sentence context.","No inventory decision is recorded. Independent export pointers exist but may name entities, events or numerals rather than valid expansions.",,
inv-74495aa8f398a8d156f4b204,inventory,A_pilot_followup,proposed_not_approved_for_application,data/study_v1/review/inventory_proposed.csv record 1953,data/study_v1/review/review_decisions.csv record 4753,מצ״ד,,,,,,,not_recorded,,,,,,,inventory_membership|linguistic_expansion_vs_entity_or_numeral,"[{""page_title"":"""",""path"":""data/mined/candidate_table.csv"",""record"":2385,""source"":""gematria""}]",[],"No linked type-level Ben review is established for this row. Export presence is evidence to inspect, not semantic approval. Occurrence acceptance cannot approve this row.","[""item-10c8e92234135629f4d76552""]",true,"Review this existing hypothesis once for its type: independent linguistic evidence, canonical wording and any alias/merge/exclusion proposal. Preserve raw type and surface forms; do not derive a base form from sentence context.","No inventory decision is recorded. Independent export pointers exist but may name entities, events or numerals rather than valid expansions.",,gematria_string_rule_proposed
inv-b513f17d7e121e9150e7e97d,inventory,A_pilot_followup,proposed_not_approved_for_application,data/study_v1/review/inventory_proposed.csv record 1955,data/study_v1/review/review_decisions.csv record 7113,מצ״ד,,,,,,,not_recorded,,,,,,,inventory_membership|linguistic_expansion_vs_entity_or_numeral,"[{""page_title"":"""",""path"":""data/mined/candidate_table.csv"",""record"":1167,""source"":""wikipedia""},{""page_title"":""מצ\""ד"",""path"":""data/mined/merged_counts.csv"",""record"":1434,""source"":""wikipedia""},{""page_title"":""מצ\""ד"",""path"":""data/mined/wikipedia/bullet_counts.csv"",""record"":292,""source"":""""}]",[],"No linked type-level Ben review is established for this row. Export presence is evidence to inspect, not semantic approval. Occurrence acceptance cannot approve this row.","[""item-10c8e92234135629f4d76552""]",true,"Review this existing hypothesis once for its type: independent linguistic evidence, canonical wording and any alias/merge/exclusion proposal. Preserve raw type and surface forms; do not derive a base form from sentence context.","No inventory decision is recorded. Independent export pointers exist but may name entities, events or numerals rather than valid expansions.",,
inv-09274bc570d0774b74fb714f,inventory,A_pilot_followup,proposed_not_approved_for_application,data/study_v1/review/inventory_proposed.csv record 2223,data/study_v1/review/review_decisions.csv record 5403,נ״ר,,,,,,,not_recorded,,,,,,,inventory_membership|linguistic_expansion_vs_entity_or_numeral,"[{""page_title"":"""",""path"":""data/mined/candidate_table.csv"",""record"":1340,""source"":""wiktionary""},{""page_title"":""נ\""ר"",""path"":""data/mined/merged_counts.csv"",""record"":1645,""source"":""wiktionary""},{""page_title"":""נ\""ר"",""path"":""data/mined/wiktionary/wiktionary_counts.csv"",""record"":1431,""source"":""wiktionary""}]",[],"No linked type-level Ben review is established for this row. Export presence is evidence to inspect, not semantic approval. Occurrence acceptance cannot approve this row.","[""item-23fa0ff87f5732f0bad32456"",""item-2d44f9e1f2e97ab25a50f0f6"",""item-4fcdf993e2fdade9525a3037"",""item-66449988f8e1908535c86e19"",""item-7497d1a3df47cfaac62e7126"",""item-913bec7bf936acba1eb66e9c"",""item-930cc4dc07aa8c5a764e5fa6"",""item-9ed4ab408ef6e36cb904a8dd"",""item-af58a5c554baa635c0fdc169"",""item-bdd68ace6f6117bcf6e8e6e4"",""item-c5f94c4458d409441c440fcd"",""item-cb53c3b5130835f559e17bf5"",""item-e2b07d6a5a2f12ac1adc010f"",""item-edb2eaef0de8a0276573082b"",""item-fb9a99d94440be18aa980b60""]",true,"Review this existing hypothesis once for its type: independent linguistic evidence, canonical wording and any alias/merge/exclusion proposal. Preserve raw type and surface forms; do not derive a base form from sentence context.","No inventory decision is recorded. Independent export pointers exist but may name entities, events or numerals rather than valid expansions.",,
inv-0db1fefa3fa73c7cfc8b7480,inventory,A_pilot_followup,proposed_not_approved_for_application,data/study_v1/review/inventory_proposed.csv record 2229,data/study_v1/review/review_decisions.csv record 5444,נ״ר,,,,,,,not_recorded,,,,,,,inventory_membership|linguistic_expansion_vs_entity_or_numeral,"[{""page_title"":"""",""path"":""data/mined/candidate_table.csv"",""record"":1342,""source"":""wiktionary""},{""page_title"":""נ\""ר"",""path"":""data/mined/merged_counts.csv"",""record"":1647,""source"":""wiktionary""},{""page_title"":""נ\""ר"",""path"":""data/mined/wiktionary/wiktionary_counts.csv"",""record"":1434,""source"":""wiktionary""}]",[],"No linked type-level Ben review is established for this row. Export presence is evidence to inspect, not semantic approval. Occurrence acceptance cannot approve this row.","[""item-23fa0ff87f5732f0bad32456"",""item-2d44f9e1f2e97ab25a50f0f6"",""item-4fcdf993e2fdade9525a3037"",""item-66449988f8e1908535c86e19"",""item-7497d1a3df47cfaac62e7126"",""item-913bec7bf936acba1eb66e9c"",""item-930cc4dc07aa8c5a764e5fa6"",""item-9ed4ab408ef6e36cb904a8dd"",""item-af58a5c554baa635c0fdc169"",""item-bdd68ace6f6117bcf6e8e6e4"",""item-c5f94c4458d409441c440fcd"",""item-cb53c3b5130835f559e17bf5"",""item-e2b07d6a5a2f12ac1adc010f"",""item-edb2eaef0de8a0276573082b"",""item-fb9a99d94440be18aa980b60""]",true,"Review this existing hypothesis once for its type: independent linguistic evidence, canonical wording and any alias/merge/exclusion proposal. Preserve raw type and surface forms; do not derive a base form from sentence context.","No inventory decision is recorded. Independent export pointers exist but may name entities, events or numerals rather than valid expansions.",,
inv-150cbd316dafce38f2605735,inventory,A_pilot_followup,proposed_not_approved_for_application,data/study_v1/review/inventory_proposed.csv record 2225,data/study_v1/review/review_decisions.csv record 5510,נ״ר,,,,,,,not_recorded,,,,,,,inventory_membership|linguistic_expansion_vs_entity_or_numeral,"[{""page_title"":"""",""path"":""data/mined/candidate_table.csv"",""record"":1339,""source"":""wiktionary""},{""page_title"":""נ\""ר"",""path"":""data/mined/merged_counts.csv"",""record"":1644,""source"":""wiktionary""},{""page_title"":""נ\""ר"",""path"":""data/mined/wiktionary/wiktionary_counts.csv"",""record"":1432,""source"":""wiktionary""}]",[],"No linked type-level Ben review is established for this row. Export presence is evidence to inspect, not semantic approval. Occurrence acceptance cannot approve this row.","[""item-23fa0ff87f5732f0bad32456"",""item-2d44f9e1f2e97ab25a50f0f6"",""item-4fcdf993e2fdade9525a3037"",""item-66449988f8e1908535c86e19"",""item-7497d1a3df47cfaac62e7126"",""item-913bec7bf936acba1eb66e9c"",""item-930cc4dc07aa8c5a764e5fa6"",""item-9ed4ab408ef6e36cb904a8dd"",""item-af58a5c554baa635c0fdc169"",""item-bdd68ace6f6117bcf6e8e6e4"",""item-c5f94c4458d409441c440fcd"",""item-cb53c3b5130835f559e17bf5"",""item-e2b07d6a5a2f12ac1adc010f"",""item-edb2eaef0de8a0276573082b"",""item-fb9a99d94440be18aa980b60""]",true,"Review this existing hypothesis once for its type: independent linguistic evidence, canonical wording and any alias/merge/exclusion proposal. Preserve raw type and surface forms; do not derive a base form from sentence context.","No inventory decision is recorded. Independent export pointers exist but may name entities, events or numerals rather than valid expansions.",,
inv-196db5072f2122d6386b36ca,inventory,A_pilot_followup,proposed_not_approved_for_application,data/study_v1/review/inventory_proposed.csv record 2230,data/study_v1/review/review_decisions.csv record 5548,נ״ר,,,,,,,not_recorded,,,,,,,inventory_membership|linguistic_expansion_vs_entity_or_numeral,"[{""page_title"":"""",""path"":""data/mined/candidate_table.csv"",""record"":1343,""source"":""wiktionary""},{""page_title"":""נ\""ר"",""path"":""data/mined/merged_counts.csv"",""record"":1648,""source"":""wiktionary""},{""page_title"":""נ\""ר"",""path"":""data/mined/wiktionary/wiktionary_counts.csv"",""record"":1428,""source"":""wiktionary""}]",[],"No linked type-level Ben review is established for this row. Export presence is evidence to inspect, not semantic approval. Occurrence acceptance cannot approve this row.","[""item-23fa0ff87f5732f0bad32456"",""item-2d44f9e1f2e97ab25a50f0f6"",""item-4fcdf993e2fdade9525a3037"",""item-66449988f8e1908535c86e19"",""item-7497d1a3df47cfaac62e7126"",""item-913bec7bf936acba1eb66e9c"",""item-930cc4dc07aa8c5a764e5fa6"",""item-9ed4ab408ef6e36cb904a8dd"",""item-af58a5c554baa635c0fdc169"",""item-bdd68ace6f6117bcf6e8e6e4"",""item-c5f94c4458d409441c440fcd"",""item-cb53c3b5130835f559e17bf5"",""item-e2b07d6a5a2f12ac1adc010f"",""item-edb2eaef0de8a0276573082b"",""item-fb9a99d94440be18aa980b60""]",true,"Review this existing hypothesis once for its type: independent linguistic evidence, canonical wording and any alias/merge/exclusion proposal. Preserve raw type and surface forms; do not derive a base form from sentence context.","No inventory decision is recorded. Independent export pointers exist but may name entities, events or numerals rather than valid expansions.",,
inv-5f1de670d0303eac16623277,inventory,A_pilot_followup,proposed_not_approved_for_application,data/study_v1/review/inventory_proposed.csv record 2228,data/study_v1/review/review_decisions.csv record 6240,נ״ר,,,,,,,not_recorded,,,,,,,inventory_membership|linguistic_expansion_vs_entity_or_numeral,"[{""page_title"":"""",""path"":""data/mined/candidate_table.csv"",""record"":1345,""source"":""wiktionary""},{""page_title"":""נ\""ר"",""path"":""data/mined/merged_counts.csv"",""record"":1650,""source"":""wiktionary""},{""page_title"":""נ\""ר"",""path"":""data/mined/wiktionary/wiktionary_counts.csv"",""record"":1429,""source"":""wiktionary""}]",[],"No linked type-level Ben review is established for this row. Export presence is evidence to inspect, not semantic approval. Occurrence acceptance cannot approve this row.","[""item-23fa0ff87f5732f0bad32456"",""item-2d44f9e1f2e97ab25a50f0f6"",""item-4fcdf993e2fdade9525a3037"",""item-66449988f8e1908535c86e19"",""item-7497d1a3df47cfaac62e7126"",""item-913bec7bf936acba1eb66e9c"",""item-930cc4dc07aa8c5a764e5fa6"",""item-9ed4ab408ef6e36cb904a8dd"",""item-af58a5c554baa635c0fdc169"",""item-bdd68ace6f6117bcf6e8e6e4"",""item-c5f94c4458d409441c440fcd"",""item-cb53c3b5130835f559e17bf5"",""item-e2b07d6a5a2f12ac1adc010f"",""item-edb2eaef0de8a0276573082b"",""item-fb9a99d94440be18aa980b60""]",true,"Review this existing hypothesis once for its type: independent linguistic evidence, canonical wording and any alias/merge/exclusion proposal. Preserve raw type and surface forms; do not derive a base form from sentence context.","No inventory decision is recorded. Independent export pointers exist but may name entities, events or numerals rather than valid expansions.",,
inv-8838d5b3406fcf5142c77876,inventory,A_pilot_followup,proposed_not_approved_for_application,data/study_v1/review/inventory_proposed.csv record 2224,data/study_v1/review/review_decisions.csv record 6641,נ״ר,,,,,,,not_recorded,,,,,,,inventory_membership|linguistic_expansion_vs_entity_or_numeral,"[{""page_title"":"""",""path"":""data/mined/candidate_table.csv"",""record"":1341,""source"":""wiktionary""},{""page_title"":""נ\""ר"",""path"":""data/mined/merged_counts.csv"",""record"":1646,""source"":""wiktionary""},{""page_title"":""נ\""ר"",""path"":""data/mined/wiktionary/wiktionary_counts.csv"",""record"":1435,""source"":""wiktionary""}]",[],"No linked type-level Ben review is established for this row. Export presence is evidence to inspect, not semantic approval. Occurrence acceptance cannot approve this row.","[""item-23fa0ff87f5732f0bad32456"",""item-2d44f9e1f2e97ab25a50f0f6"",""item-4fcdf993e2fdade9525a3037"",""item-66449988f8e1908535c86e19"",""item-7497d1a3df47cfaac62e7126"",""item-913bec7bf936acba1eb66e9c"",""item-930cc4dc07aa8c5a764e5fa6"",""item-9ed4ab408ef6e36cb904a8dd"",""item-af58a5c554baa635c0fdc169"",""item-bdd68ace6f6117bcf6e8e6e4"",""item-c5f94c4458d409441c440fcd"",""item-cb53c3b5130835f559e17bf5"",""item-e2b07d6a5a2f12ac1adc010f"",""item-edb2eaef0de8a0276573082b"",""item-fb9a99d94440be18aa980b60""]",true,"Review this existing hypothesis once for its type: independent linguistic evidence, canonical wording and any alias/merge/exclusion proposal. Preserve raw type and surface forms; do not derive a base form from sentence context.","No inventory decision is recorded. Independent export pointers exist but may name entities, events or numerals rather than valid expansions.",,
inv-9da8f10bbcce4dea0b12ec4a,inventory,A_pilot_followup,proposed_not_approved_for_application,data/study_v1/review/inventory_proposed.csv record 2227,data/study_v1/review/review_decisions.csv record 6865,נ״ר,,,,,,,not_recorded,,,,,,,inventory_membership|linguistic_expansion_vs_entity_or_numeral,"[{""page_title"":"""",""path"":""data/mined/candidate_table.csv"",""record"":2013,""source"":""human_review""}]",[],"No linked type-level Ben review is established for this row. Export presence is evidence to inspect, not semantic approval. Occurrence acceptance cannot approve this row.","[""item-23fa0ff87f5732f0bad32456"",""item-2d44f9e1f2e97ab25a50f0f6"",""item-4fcdf993e2fdade9525a3037"",""item-66449988f8e1908535c86e19"",""item-7497d1a3df47cfaac62e7126"",""item-913bec7bf936acba1eb66e9c"",""item-930cc4dc07aa8c5a764e5fa6"",""item-9ed4ab408ef6e36cb904a8dd"",""item-af58a5c554baa635c0fdc169"",""item-bdd68ace6f6117bcf6e8e6e4"",""item-c5f94c4458d409441c440fcd"",""item-cb53c3b5130835f559e17bf5"",""item-e2b07d6a5a2f12ac1adc010f"",""item-edb2eaef0de8a0276573082b"",""item-fb9a99d94440be18aa980b60""]",true,"Review this existing hypothesis once for its type: independent linguistic evidence, canonical wording and any alias/merge/exclusion proposal. Preserve raw type and surface forms; do not derive a base form from sentence context.","No inventory decision is recorded. Independent export pointers exist but may name entities, events or numerals rather than valid expansions.",,
inv-a8bce241f4f23f9019fb2763,inventory,A_pilot_followup,proposed_not_approved_for_application,data/study_v1/review/inventory_proposed.csv record 2226,data/study_v1/review/review_decisions.csv record 6982,נ״ר,,,,,,,not_recorded,,,,,,,inventory_membership|linguistic_expansion_vs_entity_or_numeral,"[{""page_title"":"""",""path"":""data/mined/candidate_table.csv"",""record"":1344,""source"":""wiktionary""},{""page_title"":""נ\""ר"",""path"":""data/mined/merged_counts.csv"",""record"":1649,""source"":""wiktionary""},{""page_title"":""נ\""ר"",""path"":""data/mined/wiktionary/wiktionary_counts.csv"",""record"":1430,""source"":""wiktionary""}]",[],"No linked type-level Ben review is established for this row. Export presence is evidence to inspect, not semantic approval. Occurrence acceptance cannot approve this row.","[""item-23fa0ff87f5732f0bad32456"",""item-2d44f9e1f2e97ab25a50f0f6"",""item-4fcdf993e2fdade9525a3037"",""item-66449988f8e1908535c86e19"",""item-7497d1a3df47cfaac62e7126"",""item-913bec7bf936acba1eb66e9c"",""item-930cc4dc07aa8c5a764e5fa6"",""item-9ed4ab408ef6e36cb904a8dd"",""item-af58a5c554baa635c0fdc169"",""item-bdd68ace6f6117bcf6e8e6e4"",""item-c5f94c4458d409441c440fcd"",""item-cb53c3b5130835f559e17bf5"",""item-e2b07d6a5a2f12ac1adc010f"",""item-edb2eaef0de8a0276573082b"",""item-fb9a99d94440be18aa980b60""]",true,"Review this existing hypothesis once for its type: independent linguistic evidence, canonical wording and any alias/merge/exclusion proposal. Preserve raw type and surface forms; do not derive a base form from sentence context.","No inventory decision is recorded. Independent export pointers exist but may name entities, events or numerals rather than valid expansions.",,
inv-d0d048b7e4a7e634778d54b7,inventory,A_pilot_followup,proposed_not_approved_for_application,data/study_v1/review/inventory_proposed.csv record 2222,data/study_v1/review/review_decisions.csv record 4979,נ״ר,,,,,,,not_recorded,,,,,,,inventory_membership|linguistic_expansion_vs_entity_or_numeral,"[{""page_title"":"""",""path"":""data/mined/candidate_table.csv"",""record"":2432,""source"":""gematria""}]",[],"No linked type-level Ben review is established for this row. Export presence is evidence to inspect, not semantic approval. Occurrence acceptance cannot approve this row.","[""item-23fa0ff87f5732f0bad32456"",""item-2d44f9e1f2e97ab25a50f0f6"",""item-4fcdf993e2fdade9525a3037"",""item-66449988f8e1908535c86e19"",""item-7497d1a3df47cfaac62e7126"",""item-913bec7bf936acba1eb66e9c"",""item-930cc4dc07aa8c5a764e5fa6"",""item-9ed4ab408ef6e36cb904a8dd"",""item-af58a5c554baa635c0fdc169"",""item-bdd68ace6f6117bcf6e8e6e4"",""item-c5f94c4458d409441c440fcd"",""item-cb53c3b5130835f559e17bf5"",""item-e2b07d6a5a2f12ac1adc010f"",""item-edb2eaef0de8a0276573082b"",""item-fb9a99d94440be18aa980b60""]",true,"Review this existing hypothesis once for its type: independent linguistic evidence, canonical wording and any alias/merge/exclusion proposal. Preserve raw type and surface forms; do not derive a base form from sentence context.","No inventory decision is recorded. Independent export pointers exist but may name entities, events or numerals rather than valid expansions.",,gematria_string_rule_proposed
inv-e8f57b050b30fd6aa52fae80,inventory,A_pilot_followup,proposed_not_approved_for_application,data/study_v1/review/inventory_proposed.csv record 2231,data/study_v1/review/review_decisions.csv record 7686,נ״ר,,,,,,,not_recorded,,,,,,,inventory_membership|linguistic_expansion_vs_entity_or_numeral,"[{""page_title"":"""",""path"":""data/mined/candidate_table.csv"",""record"":1338,""source"":""wiktionary""},{""page_title"":""נ\""ר"",""path"":""data/mined/merged_counts.csv"",""record"":1643,""source"":""wiktionary""},{""page_title"":""נ\""ר"",""path"":""data/mined/wiktionary/wiktionary_counts.csv"",""record"":1433,""source"":""wiktionary""}]",[],"No linked type-level Ben review is established for this row. Export presence is evidence to inspect, not semantic approval. Occurrence acceptance cannot approve this row.","[""item-23fa0ff87f5732f0bad32456"",""item-2d44f9e1f2e97ab25a50f0f6"",""item-4fcdf993e2fdade9525a3037"",""item-66449988f8e1908535c86e19"",""item-7497d1a3df47cfaac62e7126"",""item-913bec7bf936acba1eb66e9c"",""item-930cc4dc07aa8c5a764e5fa6"",""item-9ed4ab408ef6e36cb904a8dd"",""item-af58a5c554baa635c0fdc169"",""item-bdd68ace6f6117bcf6e8e6e4"",""item-c5f94c4458d409441c440fcd"",""item-cb53c3b5130835f559e17bf5"",""item-e2b07d6a5a2f12ac1adc010f"",""item-edb2eaef0de8a0276573082b"",""item-fb9a99d94440be18aa980b60""]",true,"Review this existing hypothesis once for its type: independent linguistic evidence, canonical wording and any alias/merge/exclusion proposal. Preserve raw type and surface forms; do not derive a base form from sentence context.","No inventory decision is recorded. Independent export pointers exist but may name entities, events or numerals rather than valid expansions.",,
inv-3029cd0d61f4f001edeaa352,inventory,A_pilot_followup,proposed_not_approved_for_application,data/study_v1/review/inventory_proposed.csv record 2233,data/study_v1/review/review_decisions.csv record 5763,סאפ,,,,,,,not_recorded,,,,,,,inventory_membership|linguistic_expansion_vs_entity_or_numeral,"[{""page_title"":"""",""path"":""data/mined/candidate_table.csv"",""record"":1350,""source"":""wikipedia""},{""page_title"":""סאפ"",""path"":""data/mined/merged_counts.csv"",""record"":1655,""source"":""wikipedia""},{""page_title"":""סאפ"",""path"":""data/mined/wikipedia/bullet_counts.csv"",""record"":311,""source"":""""}]","[{""path"":""data/mined/duplicate_review.csv"",""record"":134}]","Reuse linked type-level Ben reviews without automatically merging senses; export presence is evidence to inspect, not semantic approval. Occurrence acceptance cannot approve this row.","[""item-1f91791f28b3dd09aede113b"",""item-276060c5e332451fe0063bf1"",""item-4f2e9d22320542453c90347d"",""item-a93ca51586b4f7d2b5957eb4"",""item-f912fa38673fcff896569ad2""]",true,"Review this existing hypothesis once for its type: independent linguistic evidence, canonical wording and any alias/merge/exclusion proposal. Preserve raw type and surface forms; do not derive a base form from sentence context.","No inventory decision is recorded. Independent export pointers exist but may name entities, events or numerals rather than valid expansions.",,
inv-426f9a8f9a8ea7bf5b2ebee1,inventory,A_pilot_followup,proposed_not_approved_for_application,data/study_v1/review/inventory_proposed.csv record 2237,data/study_v1/review/review_decisions.csv record 4626,סאפ,,,,,,,not_recorded,,,,,,,inventory_membership|linguistic_expansion_vs_entity_or_numeral,"[{""page_title"":"""",""path"":""data/mined/candidate_table.csv"",""record"":2433,""source"":""gematria""}]","[{""path"":""data/mined/duplicate_review.csv"",""record"":134}]","Reuse linked type-level Ben reviews without automatically merging senses; export presence is evidence to inspect, not semantic approval. Occurrence acceptance cannot approve this row.","[""item-1f91791f28b3dd09aede113b"",""item-276060c5e332451fe0063bf1"",""item-4f2e9d22320542453c90347d"",""item-a93ca51586b4f7d2b5957eb4"",""item-f912fa38673fcff896569ad2""]",true,"Review this existing hypothesis once for its type: independent linguistic evidence, canonical wording and any alias/merge/exclusion proposal. Preserve raw type and surface forms; do not derive a base form from sentence context.","No inventory decision is recorded. Independent export pointers exist but may name entities, events or numerals rather than valid expansions.",,gematria_string_rule_proposed
inv-5217d93827207cb2e88eba7e,inventory,A_pilot_followup,proposed_not_approved_for_application,data/study_v1/review/inventory_proposed.csv record 2238,data/study_v1/review/review_decisions.csv record 6110,סאפ,,,,,,,not_recorded,,,,,,,inventory_membership|linguistic_expansion_vs_entity_or_numeral,"[{""page_title"":"""",""path"":""data/mined/candidate_table.csv"",""record"":1349,""source"":""wikipedia""},{""page_title"":""סאפ"",""path"":""data/mined/merged_counts.csv"",""record"":1654,""source"":""wikipedia""},{""page_title"":""סאפ"",""path"":""data/mined/wikipedia/bullet_counts.csv"",""record"":312,""source"":""""}]","[{""path"":""data/mined/duplicate_review.csv"",""record"":134}]","Reuse linked type-level Ben reviews without automatically merging senses; export presence is evidence to inspect, not semantic approval. Occurrence acceptance cannot approve this row.","[""item-1f91791f28b3dd09aede113b"",""item-276060c5e332451fe0063bf1"",""item-4f2e9d22320542453c90347d"",""item-a93ca51586b4f7d2b5957eb4"",""item-f912fa38673fcff896569ad2""]",true,"Review this existing hypothesis once for its type: independent linguistic evidence, canonical wording and any alias/merge/exclusion proposal. Preserve raw type and surface forms; do not derive a base form from sentence context.","No inventory decision is recorded. Independent export pointers exist but may name entities, events or numerals rather than valid expansions.",,
inv-60c564e13b175ee142a62ac1,inventory,A_pilot_followup,proposed_not_approved_for_application,data/study_v1/review/inventory_proposed.csv record 2234,data/study_v1/review/review_decisions.csv record 6252,סאפ,,,,,,,not_recorded,,,,,,,inventory_membership|linguistic_expansion_vs_entity_or_numeral,"[{""page_title"":"""",""path"":""data/mined/candidate_table.csv"",""record"":1351,""source"":""wikipedia""},{""page_title"":""סאפ"",""path"":""data/mined/merged_counts.csv"",""record"":1656,""source"":""wikipedia""},{""page_title"":""סאפ"",""path"":""data/mined/wikipedia/bullet_counts.csv"",""record"":310,""source"":""""}]","[{""path"":""data/mined/duplicate_review.csv"",""record"":134}]","Reuse linked type-level Ben reviews without automatically merging senses; export presence is evidence to inspect, not semantic approval. Occurrence acceptance cannot approve this row.","[""item-1f91791f28b3dd09aede113b"",""item-276060c5e332451fe0063bf1"",""item-4f2e9d22320542453c90347d"",""item-a93ca51586b4f7d2b5957eb4"",""item-f912fa38673fcff896569ad2""]",true,"Review this existing hypothesis once for its type: independent linguistic evidence, canonical wording and any alias/merge/exclusion proposal. Preserve raw type and surface forms; do not derive a base form from sentence context.","No inventory decision is recorded. Independent export pointers exist but may name entities, events or numerals rather than valid expansions.",,
inv-aae411fcd87ffa357403e4a7,inventory,A_pilot_followup,proposed_not_approved_for_application,data/study_v1/review/inventory_proposed.csv record 2235,data/study_v1/review/review_decisions.csv record 7009,סאפ,,,,,,,not_recorded,,,,,,,inventory_membership|linguistic_expansion_vs_entity_or_numeral,"[{""page_title"":"""",""path"":""data/mined/candidate_table.csv"",""record"":1352,""source"":""wikipedia""},{""page_title"":""סאפ"",""path"":""data/mined/merged_counts.csv"",""record"":1657,""source"":""wikipedia""},{""page_title"":""סאפ"",""path"":""data/mined/wikipedia/bullet_counts.csv"",""record"":313,""source"":""""}]","[{""path"":""data/mined/duplicate_review.csv"",""record"":134}]","Reuse linked type-level Ben reviews without automatically merging senses; export presence is evidence to inspect, not semantic approval. Occurrence acceptance cannot approve this row.","[""item-1f91791f28b3dd09aede113b"",""item-276060c5e332451fe0063bf1"",""item-4f2e9d22320542453c90347d"",""item-a93ca51586b4f7d2b5957eb4"",""item-f912fa38673fcff896569ad2""]",true,"Review this existing hypothesis once for its type: independent linguistic evidence, canonical wording and any alias/merge/exclusion proposal. Preserve raw type and surface forms; do not derive a base form from sentence context.","No inventory decision is recorded. Independent export pointers exist but may name entities, events or numerals rather than valid expansions.",,
inv-cbf2ada115cf9ccf237bd92d,inventory,A_pilot_followup,proposed_not_approved_for_application,data/study_v1/review/inventory_proposed.csv record 2232,data/study_v1/review/review_decisions.csv record 7374,סאפ,,,,,,,not_recorded,,,,,,,inventory_membership|linguistic_expansion_vs_entity_or_numeral,"[{""page_title"":"""",""path"":""data/mined/candidate_table.csv"",""record"":1348,""source"":""wikipedia""},{""page_title"":""סאפ"",""path"":""data/mined/merged_counts.csv"",""record"":1653,""source"":""wikipedia""},{""page_title"":""סאפ"",""path"":""data/mined/wikipedia/bullet_counts.csv"",""record"":308,""source"":""""}]","[{""path"":""data/mined/duplicate_review.csv"",""record"":134}]","Reuse linked type-level Ben reviews without automatically merging senses; export presence is evidence to inspect, not semantic approval. Occurrence acceptance cannot approve this row.","[""item-1f91791f28b3dd09aede113b"",""item-276060c5e332451fe0063bf1"",""item-4f2e9d22320542453c90347d"",""item-a93ca51586b4f7d2b5957eb4"",""item-f912fa38673fcff896569ad2""]",true,"Review this existing hypothesis once for its type: independent linguistic evidence, canonical wording and any alias/merge/exclusion proposal. Preserve raw type and surface forms; do not derive a base form from sentence context.","No inventory decision is recorded. Independent export pointers exist but may name entities, events or numerals rather than valid expansions.",,
inv-f7b26b93a228fb253b3db246,inventory,A_pilot_followup,proposed_not_approved_for_application,data/study_v1/review/inventory_proposed.csv record 2239,data/study_v1/review/review_decisions.csv record 7860,סאפ,,,,,,,not_recorded,,,,,,,inventory_membership|linguistic_expansion_vs_entity_or_numeral,"[{""page_title"":"""",""path"":""data/mined/candidate_table.csv"",""record"":1347,""source"":""wikipedia""},{""page_title"":""סאפ"",""path"":""data/mined/merged_counts.csv"",""record"":1652,""source"":""wikipedia""},{""page_title"":""סאפ"",""path"":""data/mined/wikipedia/bullet_counts.csv"",""record"":309,""source"":""""}]","[{""path"":""data/mined/duplicate_review.csv"",""record"":134}]","Reuse linked type-level Ben reviews without automatically merging senses; export presence is evidence to inspect, not semantic approval. Occurrence acceptance cannot approve this row.","[""item-1f91791f28b3dd09aede113b"",""item-276060c5e332451fe0063bf1"",""item-4f2e9d22320542453c90347d"",""item-a93ca51586b4f7d2b5957eb4"",""item-f912fa38673fcff896569ad2""]",true,"Review this existing hypothesis once for its type: independent linguistic evidence, canonical wording and any alias/merge/exclusion proposal. Preserve raw type and surface forms; do not derive a base form from sentence context.","No inventory decision is recorded. Independent export pointers exist but may name entities, events or numerals rather than valid expansions.",,
inv-f8f83865388c756ffe65b97c,inventory,A_pilot_followup,proposed_not_approved_for_application,data/study_v1/review/inventory_proposed.csv record 2236,data/study_v1/review/review_decisions.csv record 7866,סאפ,,,,,,,not_recorded,,,,,,,inventory_membership|linguistic_expansion_vs_entity_or_numeral,"[{""page_title"":"""",""path"":""data/mined/candidate_table.csv"",""record"":1346,""source"":""wikipedia""},{""page_title"":""סאפ"",""path"":""data/mined/merged_counts.csv"",""record"":1651,""source"":""wikipedia""},{""page_title"":""סאפ"",""path"":""data/mined/wikipedia/bullet_counts.csv"",""record"":314,""source"":""""}]","[{""path"":""data/mined/duplicate_review.csv"",""record"":134}]","Reuse linked type-level Ben reviews without automatically merging senses; export presence is evidence to inspect, not semantic approval. Occurrence acceptance cannot approve this row.","[""item-1f91791f28b3dd09aede113b"",""item-276060c5e332451fe0063bf1"",""item-4f2e9d22320542453c90347d"",""item-a93ca51586b4f7d2b5957eb4"",""item-f912fa38673fcff896569ad2""]",true,"Review this existing hypothesis once for its type: independent linguistic evidence, canonical wording and any alias/merge/exclusion proposal. Preserve raw type and surface forms; do not derive a base form from sentence context.","No inventory decision is recorded. Independent export pointers exist but may name entities, events or numerals rather than valid expansions.",,
inv-4590e600ec77702d8b150999,inventory,A_pilot_followup,proposed_not_approved_for_application,data/study_v1/review/inventory_proposed.csv record 2658,data/study_v1/review/review_decisions.csv record 5987,קצא״א,,,,,,,not_recorded,,,,,,,inventory_membership|linguistic_expansion_vs_entity_or_numeral,"[{""page_title"":""קצא\""א"",""path"":""data/mined/merged_counts.csv"",""record"":1966,""source"":""wikipedia""},{""page_title"":""קצא\""א"",""path"":""data/mined/wikipedia/bullet_counts.csv"",""record"":352,""source"":""""}]","[{""path"":""data/mined/duplicate_review.csv"",""record"":72},{""path"":""data/mined/duplicate_review.csv"",""record"":138}]","Reuse linked type-level Ben reviews without automatically merging senses; export presence is evidence to inspect, not semantic approval. Occurrence acceptance cannot approve this row.","[""item-012ab1616381e1f9ffe1909b"",""item-6548d7c9cd965ced33b388cf""]",true,"Review this existing hypothesis once for its type: independent linguistic evidence, canonical wording and any alias/merge/exclusion proposal. Preserve raw type and surface forms; do not derive a base form from sentence context.","No inventory decision is recorded. Independent export pointers exist but may name entities, events or numerals rather than valid expansions.",,
inv-57890eb8b0fa96a5e2236784,inventory,A_pilot_followup,proposed_not_approved_for_application,data/study_v1/review/inventory_proposed.csv record 2657,data/study_v1/review/review_decisions.csv record 4683,קצא״א,,,,,,,not_recorded,,,,,,,inventory_membership|linguistic_expansion_vs_entity_or_numeral,"[{""page_title"":"""",""path"":""data/mined/candidate_table.csv"",""record"":2523,""source"":""gematria""}]","[{""path"":""data/mined/duplicate_review.csv"",""record"":72},{""path"":""data/mined/duplicate_review.csv"",""record"":138}]","Reuse linked type-level Ben reviews without automatically merging senses; export presence is evidence to inspect, not semantic approval. Occurrence acceptance cannot approve this row.","[""item-012ab1616381e1f9ffe1909b"",""item-6548d7c9cd965ced33b388cf""]",true,"Review this existing hypothesis once for its type: independent linguistic evidence, canonical wording and any alias/merge/exclusion proposal. Preserve raw type and surface forms; do not derive a base form from sentence context.","No inventory decision is recorded. Independent export pointers exist but may name entities, events or numerals rather than valid expansions.",,gematria_string_rule_proposed
inv-9298ccda2d8420ddac992e32,inventory,A_pilot_followup,proposed_not_approved_for_application,data/study_v1/review/inventory_proposed.csv record 2653,data/study_v1/review/review_decisions.csv record 6749,קצא״א,,,,,,,not_recorded,,,,,,,inventory_membership|linguistic_expansion_vs_entity_or_numeral,"[{""page_title"":"""",""path"":""data/mined/candidate_table.csv"",""record"":1611,""source"":""wikipedia""},{""page_title"":""קצא\""א"",""path"":""data/mined/merged_counts.csv"",""record"":1964,""source"":""wikipedia""},{""page_title"":""קצא\""א"",""path"":""data/mined/wikipedia/bullet_counts.csv"",""record"":353,""source"":""""}]","[{""path"":""data/mined/duplicate_review.csv"",""record"":72},{""path"":""data/mined/duplicate_review.csv"",""record"":138}]","Reuse linked type-level Ben reviews without automatically merging senses; export presence is evidence to inspect, not semantic approval. Occurrence acceptance cannot approve this row.","[""item-012ab1616381e1f9ffe1909b"",""item-6548d7c9cd965ced33b388cf""]",true,"Review this existing hypothesis once for its type: independent linguistic evidence, canonical wording and any alias/merge/exclusion proposal. Preserve raw type and surface forms; do not derive a base form from sentence context.","No inventory decision is recorded. Independent export pointers exist but may name entities, events or numerals rather than valid expansions.",,
inv-b26e3a21c55ad438659bdaf5,inventory,A_pilot_followup,proposed_not_approved_for_application,data/study_v1/review/inventory_proposed.csv record 2656,data/study_v1/review/review_decisions.csv record 7092,קצא״א,,,,,,,not_recorded,,,,,,,inventory_membership|linguistic_expansion_vs_entity_or_numeral,"[{""page_title"":"""",""path"":""data/mined/candidate_table.csv"",""record"":1612,""source"":""wikipedia""},{""page_title"":""קצא\""א"",""path"":""data/mined/merged_counts.csv"",""record"":1965,""source"":""wikipedia""},{""page_title"":""קצא\""א"",""path"":""data/mined/wikipedia/bullet_counts.csv"",""record"":350,""source"":""""}]","[{""path"":""data/mined/duplicate_review.csv"",""record"":72},{""path"":""data/mined/duplicate_review.csv"",""record"":138}]","Reuse linked type-level Ben reviews without automatically merging senses; export presence is evidence to inspect, not semantic approval. Occurrence acceptance cannot approve this row.","[""item-012ab1616381e1f9ffe1909b"",""item-6548d7c9cd965ced33b388cf""]",true,"Review this existing hypothesis once for its type: independent linguistic evidence, canonical wording and any alias/merge/exclusion proposal. Preserve raw type and surface forms; do not derive a base form from sentence context.","No inventory decision is recorded. Independent export pointers exist but may name entities, events or numerals rather than valid expansions.",,
inv-b397cd443cbbcd63454acc97,inventory,A_pilot_followup,proposed_not_approved_for_application,data/study_v1/review/inventory_proposed.csv record 2659,data/study_v1/review/review_decisions.csv record 7099,קצא״א,,,,,,,not_recorded,,,,,,,inventory_membership|linguistic_expansion_vs_entity_or_numeral,"[{""page_title"":"""",""path"":""data/mined/candidate_table.csv"",""record"":1610,""source"":""wikipedia""},{""page_title"":""קצא\""א"",""path"":""data/mined/merged_counts.csv"",""record"":1963,""source"":""wikipedia""},{""page_title"":""קצא\""א"",""path"":""data/mined/wikipedia/bullet_counts.csv"",""record"":348,""source"":""""}]","[{""path"":""data/mined/duplicate_review.csv"",""record"":72},{""path"":""data/mined/duplicate_review.csv"",""record"":138}]","Reuse linked type-level Ben reviews without automatically merging senses; export presence is evidence to inspect, not semantic approval. Occurrence acceptance cannot approve this row.","[""item-012ab1616381e1f9ffe1909b"",""item-6548d7c9cd965ced33b388cf""]",true,"Review this existing hypothesis once for its type: independent linguistic evidence, canonical wording and any alias/merge/exclusion proposal. Preserve raw type and surface forms; do not derive a base form from sentence context.","No inventory decision is recorded. Independent export pointers exist but may name entities, events or numerals rather than valid expansions.",,
inv-d5e0f7ffd5949cfb7a45a5a5,inventory,A_pilot_followup,proposed_not_approved_for_application,data/study_v1/review/inventory_proposed.csv record 2655,data/study_v1/review/review_decisions.csv record 7474,קצא״א,,,,,,,not_recorded,,,,,,,inventory_membership|linguistic_expansion_vs_entity_or_numeral,"[{""page_title"":""קצא\""א"",""path"":""data/mined/wikipedia/bullet_counts.csv"",""record"":349,""source"":""""}]","[{""path"":""data/mined/duplicate_review.csv"",""record"":72},{""path"":""data/mined/duplicate_review.csv"",""record"":138}]","Reuse linked type-level Ben reviews without automatically merging senses; export presence is evidence to inspect, not semantic approval. Occurrence acceptance cannot approve this row.","[""item-012ab1616381e1f9ffe1909b"",""item-6548d7c9cd965ced33b388cf""]",true,"Review this existing hypothesis once for its type: independent linguistic evidence, canonical wording and any alias/merge/exclusion proposal. Preserve raw type and surface forms; do not derive a base form from sentence context.","No inventory decision is recorded. Independent export pointers exist but may name entities, events or numerals rather than valid expansions.",,
inv-e5aa4b612bf44ef7b695365f,inventory,A_pilot_followup,proposed_not_approved_for_application,data/study_v1/review/inventory_proposed.csv record 2654,data/study_v1/review/review_decisions.csv record 7640,קצא״א,,,,,,,not_recorded,,,,,,,inventory_membership|linguistic_expansion_vs_entity_or_numeral,"[{""page_title"":""קצא\""א"",""path"":""data/mined/merged_counts.csv"",""record"":1967,""source"":""wikipedia""},{""page_title"":""קצא\""א"",""path"":""data/mined/wikipedia/bullet_counts.csv"",""record"":351,""source"":""""}]","[{""path"":""data/mined/duplicate_review.csv"",""record"":72},{""path"":""data/mined/duplicate_review.csv"",""record"":138}]","Reuse linked type-level Ben reviews without automatically merging senses; export presence is evidence to inspect, not semantic approval. Occurrence acceptance cannot approve this row.","[""item-012ab1616381e1f9ffe1909b"",""item-6548d7c9cd965ced33b388cf""]",true,"Review this existing hypothesis once for its type: independent linguistic evidence, canonical wording and any alias/merge/exclusion proposal. Preserve raw type and surface forms; do not derive a base form from sentence context.","No inventory decision is recorded. Independent export pointers exist but may name entities, events or numerals rather than valid expansions.",,
inv-30764e2347b1b5c68469bb4c,inventory,A_pilot_followup,proposed_not_approved_for_application,data/study_v1/review/inventory_proposed.csv record 2665,data/study_v1/review/review_decisions.csv record 4563,קק״ל,,,,,,,not_recorded,,,,,,,inventory_membership|linguistic_expansion_vs_entity_or_numeral,"[{""page_title"":"""",""path"":""data/mined/candidate_table.csv"",""record"":2524,""source"":""gematria""}]","[{""path"":""data/mined/duplicate_review.csv"",""record"":29}]","Reuse linked type-level Ben reviews without automatically merging senses; export presence is evidence to inspect, not semantic approval. Occurrence acceptance cannot approve this row.","[""item-071438a276299da64e85ba03"",""item-4244a871c10c1657822f7e2e""]",true,"Review this existing hypothesis once for its type: independent linguistic evidence, canonical wording and any alias/merge/exclusion proposal. Preserve raw type and surface forms; do not derive a base form from sentence context.","No inventory decision is recorded. Independent export pointers exist but may name entities, events or numerals rather than valid expansions.",,gematria_string_rule_proposed
inv-60c714128df4e16db8d0e7ec,inventory,A_pilot_followup,proposed_not_approved_for_application,data/study_v1/review/inventory_proposed.csv record 2666,data/study_v1/review/review_decisions.csv record 6253,קק״ל,,,,,,,not_recorded,,,,,,,inventory_membership|linguistic_expansion_vs_entity_or_numeral,"[{""page_title"":""קק\""ל (פירושונים)"",""path"":""data/mined/merged_counts.csv"",""record"":1974,""source"":""wikipedia""},{""page_title"":""קק\""ל (פירושונים)"",""path"":""data/mined/wikipedia/bullet_counts.csv"",""record"":356,""source"":""""}]","[{""path"":""data/mined/duplicate_review.csv"",""record"":29}]","Reuse linked type-level Ben reviews without automatically merging senses; export presence is evidence to inspect, not semantic approval. Occurrence acceptance cannot approve this row.","[""item-071438a276299da64e85ba03"",""item-4244a871c10c1657822f7e2e""]",true,"Review this existing hypothesis once for its type: independent linguistic evidence, canonical wording and any alias/merge/exclusion proposal. Preserve raw type and surface forms; do not derive a base form from sentence context.","No inventory decision is recorded. Independent export pointers exist but may name entities, events or numerals rather than valid expansions.",,
inv-9210d7280a6f12a7b50e0521,inventory,A_pilot_followup,proposed_not_approved_for_application,data/study_v1/review/inventory_proposed.csv record 2668,data/study_v1/review/review_decisions.csv record 6746,קק״ל,,,,,,,not_recorded,,,,,,,inventory_membership|linguistic_expansion_vs_entity_or_numeral,"[{""page_title"":""קק\""ל"",""path"":""data/mined/wiktionary/wiktionary_counts.csv"",""record"":1780,""source"":""wiktionary""}]","[{""path"":""data/mined/duplicate_review.csv"",""record"":29}]","Reuse linked type-level Ben reviews without automatically merging senses; export presence is evidence to inspect, not semantic approval. Occurrence acceptance cannot approve this row.","[""item-071438a276299da64e85ba03"",""item-4244a871c10c1657822f7e2e""]",true,"Review this existing hypothesis once for its type: independent linguistic evidence, canonical wording and any alias/merge/exclusion proposal. Preserve raw type and surface forms; do not derive a base form from sentence context.","No inventory decision is recorded. Independent export pointers exist but may name entities, events or numerals rather than valid expansions.",,
inv-954df1f725a407872d4ebafc,inventory,A_pilot_followup,proposed_not_approved_for_application,data/study_v1/review/inventory_proposed.csv record 2664,data/study_v1/review/review_decisions.csv record 6783,קק״ל,,,,,,,not_recorded,,,,,,,inventory_membership|linguistic_expansion_vs_entity_or_numeral,"[{""page_title"":""קק\""ל"",""path"":""data/mined/merged_counts.csv"",""record"":1976,""source"":""wiktionary""},{""page_title"":""קק\""ל"",""path"":""data/mined/wiktionary/wiktionary_counts.csv"",""record"":1779,""source"":""wiktionary""}]","[{""path"":""data/mined/duplicate_review.csv"",""record"":29}]","Reuse linked type-level Ben reviews without automatically merging senses; export presence is evidence to inspect, not semantic approval. Occurrence acceptance cannot approve this row.","[""item-071438a276299da64e85ba03"",""item-4244a871c10c1657822f7e2e""]",true,"Review this existing hypothesis once for its type: independent linguistic evidence, canonical wording and any alias/merge/exclusion proposal. Preserve raw type and surface forms; do not derive a base form from sentence context.","No inventory decision is recorded. Independent export pointers exist but may name entities, events or numerals rather than valid expansions.",,
inv-a21a30c786403f3cc82db7a8,inventory,A_pilot_followup,proposed_not_approved_for_application,data/study_v1/review/inventory_proposed.csv record 2669,data/study_v1/review/review_decisions.csv record 6901,קק״ל,,,,,,,not_recorded,,,,,,,inventory_membership|linguistic_expansion_vs_entity_or_numeral,"[{""page_title"":"""",""path"":""data/mined/candidate_table.csv"",""record"":1613,""source"":""wikipedia""},{""page_title"":""קק\""ל (פירושונים)"",""path"":""data/mined/merged_counts.csv"",""record"":1972,""source"":""wikipedia""},{""page_title"":""קק\""ל (פירושונים)"",""path"":""data/mined/wikipedia/bullet_counts.csv"",""record"":354,""source"":""""}]","[{""path"":""data/mined/duplicate_review.csv"",""record"":29}]","Reuse linked type-level Ben reviews without automatically merging senses; export presence is evidence to inspect, not semantic approval. Occurrence acceptance cannot approve this row.","[""item-071438a276299da64e85ba03"",""item-4244a871c10c1657822f7e2e""]",true,"Review this existing hypothesis once for its type: independent linguistic evidence, canonical wording and any alias/merge/exclusion proposal. Preserve raw type and surface forms; do not derive a base form from sentence context.","No inventory decision is recorded. Independent export pointers exist but may name entities, events or numerals rather than valid expansions.",,
inv-dc945faaefd50a3a61414b3e,inventory,A_pilot_followup,proposed_not_approved_for_application,data/study_v1/review/inventory_proposed.csv record 2670,data/study_v1/review/review_decisions.csv record 7545,קק״ל,,,,,,,not_recorded,,,,,,,inventory_membership|linguistic_expansion_vs_entity_or_numeral,"[{""page_title"":""קק\""ל (פירושונים)"",""path"":""data/mined/merged_counts.csv"",""record"":1973,""source"":""wikipedia""},{""page_title"":""קק\""ל (פירושונים)"",""path"":""data/mined/wikipedia/bullet_counts.csv"",""record"":355,""source"":""""}]","[{""path"":""data/mined/duplicate_review.csv"",""record"":29}]","Reuse linked type-level Ben reviews without automatically merging senses; export presence is evidence to inspect, not semantic approval. Occurrence acceptance cannot approve this row.","[""item-071438a276299da64e85ba03"",""item-4244a871c10c1657822f7e2e""]",true,"Review this existing hypothesis once for its type: independent linguistic evidence, canonical wording and any alias/merge/exclusion proposal. Preserve raw type and surface forms; do not derive a base form from sentence context.","No inventory decision is recorded. Independent export pointers exist but may name entities, events or numerals rather than valid expansions.",,
inv-e94b083ecd08f96557bd7dd6,inventory,A_pilot_followup,proposed_not_approved_for_application,data/study_v1/review/inventory_proposed.csv record 2667,data/study_v1/review/review_decisions.csv record 7691,קק״ל,,,,,,,not_recorded,,,,,,,inventory_membership|linguistic_expansion_vs_entity_or_numeral,"[{""page_title"":"""",""path"":""data/mined/candidate_table.csv"",""record"":1614,""source"":""wikipedia""},{""page_title"":""קק\""ל (פירושונים)"",""path"":""data/mined/merged_counts.csv"",""record"":1975,""source"":""wikipedia""},{""page_title"":""קק\""ל (פירושונים)"",""path"":""data/mined/wikipedia/bullet_counts.csv"",""record"":357,""source"":""""}]","[{""path"":""data/mined/duplicate_review.csv"",""record"":29}]","Reuse linked type-level Ben reviews without automatically merging senses; export presence is evidence to inspect, not semantic approval. Occurrence acceptance cannot approve this row.","[""item-071438a276299da64e85ba03"",""item-4244a871c10c1657822f7e2e""]",true,"Review this existing hypothesis once for its type: independent linguistic evidence, canonical wording and any alias/merge/exclusion proposal. Preserve raw type and surface forms; do not derive a base form from sentence context.","No inventory decision is recorded. Independent export pointers exist but may name entities, events or numerals rather than valid expansions.",,
inv-067d403a0a67bc54d7a6254d,inventory,A_pilot_followup,proposed_not_approved_for_application,data/study_v1/review/inventory_proposed.csv record 2817,data/study_v1/review/review_decisions.csv record 5385,רמב״ם,,,,,,,not_recorded,,,,,,,inventory_membership|linguistic_expansion_vs_entity_or_numeral,"[{""page_title"":"""",""path"":""data/mined/candidate_table.csv"",""record"":1702,""source"":""wikipedia""},{""page_title"":""רמב\""ם (פירושונים)"",""path"":""data/mined/merged_counts.csv"",""record"":2094,""source"":""wikipedia""},{""page_title"":""רמב\""ם (פירושונים)"",""path"":""data/mined/wikipedia/bullet_counts.csv"",""record"":455,""source"":""""}]",[],"No linked type-level Ben review is established for this row. Export presence is evidence to inspect, not semantic approval. Occurrence acceptance cannot approve this row.","[""item-471cc777b042d981db3a9eec"",""item-4e165b7e1a515545b0d07e5e"",""item-5e4eae79fc701a9e40d7515f"",""item-82b09eac472d8c63ed2aec90"",""item-844d94aaed2ca6c5cfa3b4be"",""item-a9d1ffcd0e77c7df2ad0172b"",""item-b0479f88216431afff7c51b2"",""item-cdcf38e2b5dd5e86a3019453"",""item-d0704dead985d90a573448b3"",""item-ea95c6953523a618e2de59b4"",""item-f71c11d1a6e1bd5a4e76c3e6""]",true,"Review this existing hypothesis once for its type: independent linguistic evidence, canonical wording and any alias/merge/exclusion proposal. Preserve raw type and surface forms; do not derive a base form from sentence context.","No inventory decision is recorded. Independent export pointers exist but may name entities, events or numerals rather than valid expansions.",,
inv-29b1651d890f9017ee589608,inventory,A_pilot_followup,proposed_not_approved_for_application,data/study_v1/review/inventory_proposed.csv record 2821,data/study_v1/review/review_decisions.csv record 5700,רמב״ם,,,,,,,not_recorded,,,,,,,inventory_membership|linguistic_expansion_vs_entity_or_numeral,"[{""page_title"":""רמב\""ם (פירושונים)"",""path"":""data/mined/merged_counts.csv"",""record"":2090,""source"":""wikipedia""},{""page_title"":""רמב\""ם (פירושונים)"",""path"":""data/mined/wikipedia/bullet_counts.csv"",""record"":454,""source"":""""}]",[],"No linked type-level Ben review is established for this row. Export presence is evidence to inspect, not semantic approval. Occurrence acceptance cannot approve this row.","[""item-471cc777b042d981db3a9eec"",""item-4e165b7e1a515545b0d07e5e"",""item-5e4eae79fc701a9e40d7515f"",""item-82b09eac472d8c63ed2aec90"",""item-844d94aaed2ca6c5cfa3b4be"",""item-a9d1ffcd0e77c7df2ad0172b"",""item-b0479f88216431afff7c51b2"",""item-cdcf38e2b5dd5e86a3019453"",""item-d0704dead985d90a573448b3"",""item-ea95c6953523a618e2de59b4"",""item-f71c11d1a6e1bd5a4e76c3e6""]",true,"Review this existing hypothesis once for its type: independent linguistic evidence, canonical wording and any alias/merge/exclusion proposal. Preserve raw type and surface forms; do not derive a base form from sentence context.","No inventory decision is recorded. Independent export pointers exist but may name entities, events or numerals rather than valid expansions.",,
inv-3ba981f7f49dbd2784e92ac3,inventory,A_pilot_followup,proposed_not_approved_for_application,data/study_v1/review/inventory_proposed.csv record 2815,data/study_v1/review/review_decisions.csv record 5878,רמב״ם,,,,,,,not_recorded,,,,,,,inventory_membership|linguistic_expansion_vs_entity_or_numeral,"[{""page_title"":""רמב\""ם (פירושונים)"",""path"":""data/mined/merged_counts.csv"",""record"":2091,""source"":""wikipedia""},{""page_title"":""רמב\""ם (פירושונים)"",""path"":""data/mined/wikipedia/bullet_counts.csv"",""record"":457,""source"":""""}]",[],"No linked type-level Ben review is established for this row. Export presence is evidence to inspect, not semantic approval. Occurrence acceptance cannot approve this row.","[""item-471cc777b042d981db3a9eec"",""item-4e165b7e1a515545b0d07e5e"",""item-5e4eae79fc701a9e40d7515f"",""item-82b09eac472d8c63ed2aec90"",""item-844d94aaed2ca6c5cfa3b4be"",""item-a9d1ffcd0e77c7df2ad0172b"",""item-b0479f88216431afff7c51b2"",""item-cdcf38e2b5dd5e86a3019453"",""item-d0704dead985d90a573448b3"",""item-ea95c6953523a618e2de59b4"",""item-f71c11d1a6e1bd5a4e76c3e6""]",true,"Review this existing hypothesis once for its type: independent linguistic evidence, canonical wording and any alias/merge/exclusion proposal. Preserve raw type and surface forms; do not derive a base form from sentence context.","No inventory decision is recorded. Independent export pointers exist but may name entities, events or numerals rather than valid expansions.",,
inv-66819ff9f7b4b3fc741feb06,inventory,A_pilot_followup,proposed_not_approved_for_application,data/study_v1/review/inventory_proposed.csv record 2820,data/study_v1/review/review_decisions.csv record 6313,רמב״ם,,,,,,,not_recorded,,,,,,,inventory_membership|linguistic_expansion_vs_entity_or_numeral,"[{""page_title"":"""",""path"":""data/mined/candidate_table.csv"",""record"":1699,""source"":""wikipedia""},{""page_title"":""רמב\""ם (פירושונים)"",""path"":""data/mined/merged_counts.csv"",""record"":2088,""source"":""wikipedia""},{""page_title"":""רמב\""ם (פירושונים)"",""path"":""data/mined/wikipedia/bullet_counts.csv"",""record"":453,""source"":""""}]",[],"No linked type-level Ben review is established for this row. Export presence is evidence to inspect, not semantic approval. Occurrence acceptance cannot approve this row.","[""item-471cc777b042d981db3a9eec"",""item-4e165b7e1a515545b0d07e5e"",""item-5e4eae79fc701a9e40d7515f"",""item-82b09eac472d8c63ed2aec90"",""item-844d94aaed2ca6c5cfa3b4be"",""item-a9d1ffcd0e77c7df2ad0172b"",""item-b0479f88216431afff7c51b2"",""item-cdcf38e2b5dd5e86a3019453"",""item-d0704dead985d90a573448b3"",""item-ea95c6953523a618e2de59b4"",""item-f71c11d1a6e1bd5a4e76c3e6""]",true,"Review this existing hypothesis once for its type: independent linguistic evidence, canonical wording and any alias/merge/exclusion proposal. Preserve raw type and surface forms; do not derive a base form from sentence context.","No inventory decision is recorded. Independent export pointers exist but may name entities, events or numerals rather than valid expansions.",,
inv-7d7708e65101fcf171eb87c7,inventory,A_pilot_followup,proposed_not_approved_for_application,data/study_v1/review/inventory_proposed.csv record 2818,data/study_v1/review/review_decisions.csv record 6532,רמב״ם,,,,,,,not_recorded,,,,,,,inventory_membership|linguistic_expansion_vs_entity_or_numeral,"[{""page_title"":""רמב\""ם (פירושונים)"",""path"":""data/mined/merged_counts.csv"",""record"":2089,""source"":""wikipedia""},{""page_title"":""רמב\""ם (פירושונים)"",""path"":""data/mined/wikipedia/bullet_counts.csv"",""record"":456,""source"":""""}]",[],"No linked type-level Ben review is established for this row. Export presence is evidence to inspect, not semantic approval. Occurrence acceptance cannot approve this row.","[""item-471cc777b042d981db3a9eec"",""item-4e165b7e1a515545b0d07e5e"",""item-5e4eae79fc701a9e40d7515f"",""item-82b09eac472d8c63ed2aec90"",""item-844d94aaed2ca6c5cfa3b4be"",""item-a9d1ffcd0e77c7df2ad0172b"",""item-b0479f88216431afff7c51b2"",""item-cdcf38e2b5dd5e86a3019453"",""item-d0704dead985d90a573448b3"",""item-ea95c6953523a618e2de59b4"",""item-f71c11d1a6e1bd5a4e76c3e6""]",true,"Review this existing hypothesis once for its type: independent linguistic evidence, canonical wording and any alias/merge/exclusion proposal. Preserve raw type and surface forms; do not derive a base form from sentence context.","No inventory decision is recorded. Independent export pointers exist but may name entities, events or numerals rather than valid expansions.",,
inv-824f11b62003d00c24cb38bf,inventory,A_pilot_followup,proposed_not_approved_for_application,data/study_v1/review/inventory_proposed.csv record 2819,data/study_v1/review/review_decisions.csv record 4794,רמב״ם,,,,,,,not_recorded,,,,,,,inventory_membership|linguistic_expansion_vs_entity_or_numeral,"[{""page_title"":"""",""path"":""data/mined/candidate_table.csv"",""record"":2554,""source"":""gematria""}]",[],"No linked type-level Ben review is established for this row. Export presence is evidence to inspect, not semantic approval. Occurrence acceptance cannot approve this row.","[""item-471cc777b042d981db3a9eec"",""item-4e165b7e1a515545b0d07e5e"",""item-5e4eae79fc701a9e40d7515f"",""item-82b09eac472d8c63ed2aec90"",""item-844d94aaed2ca6c5cfa3b4be"",""item-a9d1ffcd0e77c7df2ad0172b"",""item-b0479f88216431afff7c51b2"",""item-cdcf38e2b5dd5e86a3019453"",""item-d0704dead985d90a573448b3"",""item-ea95c6953523a618e2de59b4"",""item-f71c11d1a6e1bd5a4e76c3e6""]",true,"Review this existing hypothesis once for its type: independent linguistic evidence, canonical wording and any alias/merge/exclusion proposal. Preserve raw type and surface forms; do not derive a base form from sentence context.","No inventory decision is recorded. Independent export pointers exist but may name entities, events or numerals rather than valid expansions.",,gematria_string_rule_proposed
inv-97e18611c36bfbb7f9c40696,inventory,A_pilot_followup,proposed_not_approved_for_application,data/study_v1/review/inventory_proposed.csv record 2822,data/study_v1/review/review_decisions.csv record 6807,רמב״ם,,,,,,,not_recorded,,,,,,,inventory_membership|linguistic_expansion_vs_entity_or_numeral,"[{""page_title"":"""",""path"":""data/mined/candidate_table.csv"",""record"":1700,""source"":""wikipedia""},{""page_title"":""רמב\""ם (פירושונים)"",""path"":""data/mined/merged_counts.csv"",""record"":2092,""source"":""wikipedia""},{""page_title"":""רמב\""ם (פירושונים)"",""path"":""data/mined/wikipedia/bullet_counts.csv"",""record"":452,""source"":""""}]",[],"No linked type-level Ben review is established for this row. Export presence is evidence to inspect, not semantic approval. Occurrence acceptance cannot approve this row.","[""item-471cc777b042d981db3a9eec"",""item-4e165b7e1a515545b0d07e5e"",""item-5e4eae79fc701a9e40d7515f"",""item-82b09eac472d8c63ed2aec90"",""item-844d94aaed2ca6c5cfa3b4be"",""item-a9d1ffcd0e77c7df2ad0172b"",""item-b0479f88216431afff7c51b2"",""item-cdcf38e2b5dd5e86a3019453"",""item-d0704dead985d90a573448b3"",""item-ea95c6953523a618e2de59b4"",""item-f71c11d1a6e1bd5a4e76c3e6""]",true,"Review this existing hypothesis once for its type: independent linguistic evidence, canonical wording and any alias/merge/exclusion proposal. Preserve raw type and surface forms; do not derive a base form from sentence context.","No inventory decision is recorded. Independent export pointers exist but may name entities, events or numerals rather than valid expansions.",,
inv-c696ceee8cfa89d41a00bbbe,inventory,A_pilot_followup,proposed_not_approved_for_application,data/study_v1/review/inventory_proposed.csv record 2816,data/study_v1/review/review_decisions.csv record 7308,רמב״ם,,,,,,,not_recorded,,,,,,,inventory_membership|linguistic_expansion_vs_entity_or_numeral,"[{""page_title"":"""",""path"":""data/mined/candidate_table.csv"",""record"":1701,""source"":""wikipedia""},{""page_title"":""רמב\""ם (פירושונים)"",""path"":""data/mined/merged_counts.csv"",""record"":2093,""source"":""wikipedia""},{""page_title"":""רמב\""ם (פירושונים)"",""path"":""data/mined/wikipedia/bullet_counts.csv"",""record"":458,""source"":""""}]",[],"No linked type-level Ben review is established for this row. Export presence is evidence to inspect, not semantic approval. Occurrence acceptance cannot approve this row.","[""item-471cc777b042d981db3a9eec"",""item-4e165b7e1a515545b0d07e5e"",""item-5e4eae79fc701a9e40d7515f"",""item-82b09eac472d8c63ed2aec90"",""item-844d94aaed2ca6c5cfa3b4be"",""item-a9d1ffcd0e77c7df2ad0172b"",""item-b0479f88216431afff7c51b2"",""item-cdcf38e2b5dd5e86a3019453"",""item-d0704dead985d90a573448b3"",""item-ea95c6953523a618e2de59b4"",""item-f71c11d1a6e1bd5a4e76c3e6""]",true,"Review this existing hypothesis once for its type: independent linguistic evidence, canonical wording and any alias/merge/exclusion proposal. Preserve raw type and surface forms; do not derive a base form from sentence context.","No inventory decision is recorded. Independent export pointers exist but may name entities, events or numerals rather than valid expansions.",,
inv-10c3dbcb9a3f7f49cc83fe3a,inventory,A_pilot_followup,proposed_not_approved_for_application,data/study_v1/review/inventory_proposed.csv record 2845,data/study_v1/review/review_decisions.csv record 5474,רמ״ח,,,,,,,not_recorded,,,,,,,inventory_membership|linguistic_expansion_vs_entity_or_numeral,"[{""page_title"":"""",""path"":""data/mined/candidate_table.csv"",""record"":1714,""source"":""wiktionary""},{""page_title"":""רמ\""ח"",""path"":""data/mined/merged_counts.csv"",""record"":2112,""source"":""wiktionary""},{""page_title"":""רמ\""ח"",""path"":""data/mined/wiktionary/wiktionary_counts.csv"",""record"":1865,""source"":""wiktionary""}]",[],"No linked type-level Ben review is established for this row. Export presence is evidence to inspect, not semantic approval. Occurrence acceptance cannot approve this row.","[""item-016a87033e83d75caca50524""]",true,"Review this existing hypothesis once for its type: independent linguistic evidence, canonical wording and any alias/merge/exclusion proposal. Preserve raw type and surface forms; do not derive a base form from sentence context.","No inventory decision is recorded. Independent export pointers exist but may name entities, events or numerals rather than valid expansions.",,
inv-3c29019fb9293f7a120a2949,inventory,A_pilot_followup,proposed_not_approved_for_application,data/study_v1/review/inventory_proposed.csv record 2843,data/study_v1/review/review_decisions.csv record 4606,רמ״ח,,,,,,,not_recorded,,,,,,,inventory_membership|linguistic_expansion_vs_entity_or_numeral,"[{""page_title"":"""",""path"":""data/mined/candidate_table.csv"",""record"":2558,""source"":""gematria""}]",[],"No linked type-level Ben review is established for this row. Export presence is evidence to inspect, not semantic approval. Occurrence acceptance cannot approve this row.","[""item-016a87033e83d75caca50524""]",true,"Review this existing hypothesis once for its type: independent linguistic evidence, canonical wording and any alias/merge/exclusion proposal. Preserve raw type and surface forms; do not derive a base form from sentence context.","No inventory decision is recorded. Independent export pointers exist but may name entities, events or numerals rather than valid expansions.",,gematria_string_rule_proposed
inv-f21886690b4502273a05fd77,inventory,A_pilot_followup,proposed_not_approved_for_application,data/study_v1/review/inventory_proposed.csv record 2844,data/study_v1/review/review_decisions.csv record 7788,רמ״ח,,,,,,,not_recorded,,,,,,,inventory_membership|linguistic_expansion_vs_entity_or_numeral,"[{""page_title"":"""",""path"":""data/mined/candidate_table.csv"",""record"":1715,""source"":""wiktionary""},{""page_title"":""רמ\""ח"",""path"":""data/mined/merged_counts.csv"",""record"":2113,""source"":""wiktionary""},{""page_title"":""רמ\""ח"",""path"":""data/mined/wiktionary/wiktionary_counts.csv"",""record"":1866,""source"":""wiktionary""}]",[],"No linked type-level Ben review is established for this row. Export presence is evidence to inspect, not semantic approval. Occurrence acceptance cannot approve this row.","[""item-016a87033e83d75caca50524""]",true,"Review this existing hypothesis once for its type: independent linguistic evidence, canonical wording and any alias/merge/exclusion proposal. Preserve raw type and surface forms; do not derive a base form from sentence context.","No inventory decision is recorded. Independent export pointers exist but may name entities, events or numerals rather than valid expansions.",,
inv-16a9f2df6e53ed279540b866,inventory,A_pilot_followup,proposed_not_approved_for_application,data/study_v1/review/inventory_proposed.csv record 3256,data/study_v1/review/review_decisions.csv record 5527,ת״י,,,,,,,not_recorded,,,,,,,inventory_membership|linguistic_expansion_vs_entity_or_numeral,"[{""page_title"":"""",""path"":""data/mined/candidate_table.csv"",""record"":1981,""source"":""wiktionary""},{""page_title"":""ת\""י"",""path"":""data/mined/merged_counts.csv"",""record"":2427,""source"":""wiktionary""},{""page_title"":""ת\""י"",""path"":""data/mined/wiktionary/wiktionary_counts.csv"",""record"":2043,""source"":""wiktionary""}]",[],"No linked type-level Ben review is established for this row. Export presence is evidence to inspect, not semantic approval. Occurrence acceptance cannot approve this row.","[""item-01ca657bf65d16409a6f0604"",""item-5b640d6d4890ef1cd35448dd""]",true,"Review this existing hypothesis once for its type: independent linguistic evidence, canonical wording and any alias/merge/exclusion proposal. Preserve raw type and surface forms; do not derive a base form from sentence context.","No inventory decision is recorded. Independent export pointers exist but may name entities, events or numerals rather than valid expansions.",,
inv-29edb3680d62af832cc8c287,inventory,A_pilot_followup,proposed_not_approved_for_application,data/study_v1/review/inventory_proposed.csv record 3255,data/study_v1/review/review_decisions.csv record 5704,ת״י,,,,,,,not_recorded,,,,,,,inventory_membership|linguistic_expansion_vs_entity_or_numeral,"[{""page_title"":"""",""path"":""data/mined/candidate_table.csv"",""record"":1980,""source"":""wiktionary""},{""page_title"":""ת\""י"",""path"":""data/mined/merged_counts.csv"",""record"":2426,""source"":""wiktionary""},{""page_title"":""ת\""י"",""path"":""data/mined/wiktionary/wiktionary_counts.csv"",""record"":2042,""source"":""wiktionary""}]",[],"No linked type-level Ben review is established for this row. Export presence is evidence to inspect, not semantic approval. Occurrence acceptance cannot approve this row.","[""item-01ca657bf65d16409a6f0604"",""item-5b640d6d4890ef1cd35448dd""]",true,"Review this existing hypothesis once for its type: independent linguistic evidence, canonical wording and any alias/merge/exclusion proposal. Preserve raw type and surface forms; do not derive a base form from sentence context.","No inventory decision is recorded. Independent export pointers exist but may name entities, events or numerals rather than valid expansions.",,
inv-3da7576e45dfa5738d42ddcb,inventory,A_pilot_followup,proposed_not_approved_for_application,data/study_v1/review/inventory_proposed.csv record 3254,data/study_v1/review/review_decisions.csv record 4610,ת״י,,,,,,,not_recorded,,,,,,,inventory_membership|linguistic_expansion_vs_entity_or_numeral,"[{""page_title"":"""",""path"":""data/mined/candidate_table.csv"",""record"":2644,""source"":""gematria""}]",[],"No linked type-level Ben review is established for this row. Export presence is evidence to inspect, not semantic approval. Occurrence acceptance cannot approve this row.","[""item-01ca657bf65d16409a6f0604"",""item-5b640d6d4890ef1cd35448dd""]",true,"Review this existing hypothesis once for its type: independent linguistic evidence, canonical wording and any alias/merge/exclusion proposal. Preserve raw type and surface forms; do not derive a base form from sentence context.","No inventory decision is recorded. Independent export pointers exist but may name entities, events or numerals rather than valid expansions.",,gematria_string_rule_proposed
inv-1efdf1b205ac421da5c88168,inventory,A_pilot_followup,proposed_not_approved_for_application,data/study_v1/review/inventory_proposed.csv record 3271,data/study_v1/review/review_decisions.csv record 4519,ת״ק,,,,,,,not_recorded,,,,,,,inventory_membership|linguistic_expansion_vs_entity_or_numeral,"[{""page_title"":""ת\""ק"",""path"":""data/mined/merged_counts.csv"",""record"":2440,""source"":""wiktionary""},{""page_title"":""ת\""ק"",""path"":""data/mined/wiktionary/wiktionary_counts.csv"",""record"":2055,""source"":""wiktionary""}]",[],"No linked type-level Ben review is established for this row. Export presence is evidence to inspect, not semantic approval. Occurrence acceptance cannot approve this row.","[""item-ab8c75dc07bf0b27830e4ed9""]",true,"Review this existing hypothesis once for its type: independent linguistic evidence, canonical wording and any alias/merge/exclusion proposal. Preserve raw type and surface forms; do not derive a base form from sentence context.","No inventory decision is recorded. Independent export pointers exist but may name entities, events or numerals rather than valid expansions.",,gematria_string_rule_proposed
inv-3ab491a6c016c99d8528ed36,inventory,A_pilot_followup,proposed_not_approved_for_application,data/study_v1/review/inventory_proposed.csv record 3273,data/study_v1/review/review_decisions.csv record 5863,ת״ק,,,,,,,not_recorded,,,,,,,inventory_membership|linguistic_expansion_vs_entity_or_numeral,"[{""page_title"":"""",""path"":""data/mined/candidate_table.csv"",""record"":1993,""source"":""wiktionary""},{""page_title"":""ת\""ק"",""path"":""data/mined/merged_counts.csv"",""record"":2439,""source"":""wiktionary""},{""page_title"":""ת\""ק"",""path"":""data/mined/wiktionary/wiktionary_counts.csv"",""record"":2054,""source"":""wiktionary""}]",[],"No linked type-level Ben review is established for this row. Export presence is evidence to inspect, not semantic approval. Occurrence acceptance cannot approve this row.","[""item-ab8c75dc07bf0b27830e4ed9""]",true,"Review this existing hypothesis once for its type: independent linguistic evidence, canonical wording and any alias/merge/exclusion proposal. Preserve raw type and surface forms; do not derive a base form from sentence context.","No inventory decision is recorded. Independent export pointers exist but may name entities, events or numerals rather than valid expansions.",,
inv-7ff81efb0f7711f27043d9c9,inventory,A_pilot_followup,proposed_not_approved_for_application,data/study_v1/review/inventory_proposed.csv record 3272,data/study_v1/review/review_decisions.csv record 4788,ת״ק,,,,,,,not_recorded,,,,,,,inventory_membership|linguistic_expansion_vs_entity_or_numeral,"[{""page_title"":"""",""path"":""data/mined/candidate_table.csv"",""record"":2649,""source"":""gematria""}]",[],"No linked type-level Ben review is established for this row. Export presence is evidence to inspect, not semantic approval. Occurrence acceptance cannot approve this row.","[""item-ab8c75dc07bf0b27830e4ed9""]",true,"Review this existing hypothesis once for its type: independent linguistic evidence, canonical wording and any alias/merge/exclusion proposal. Preserve raw type and surface forms; do not derive a base form from sentence context.","No inventory decision is recorded. Independent export pointers exist but may name entities, events or numerals rather than valid expansions.",,gematria_string_rule_proposed
inv-a6e5eb60bf02399e97471074,inventory,A_pilot_followup,proposed_not_approved_for_application,data/study_v1/review/inventory_proposed.csv record 3274,data/study_v1/review/review_decisions.csv record 6962,ת״ק,,,,,,,not_recorded,,,,,,,inventory_membership|linguistic_expansion_vs_entity_or_numeral,"[{""page_title"":"""",""path"":""data/mined/candidate_table.csv"",""record"":1992,""source"":""wiktionary""},{""page_title"":""ת\""ק"",""path"":""data/mined/merged_counts.csv"",""record"":2438,""source"":""wiktionary""},{""page_title"":""ת\""ק"",""path"":""data/mined/wiktionary/wiktionary_counts.csv"",""record"":2053,""source"":""wiktionary""}]",[],"No linked type-level Ben review is established for this row. Export presence is evidence to inspect, not semantic approval. Occurrence acceptance cannot approve this row.","[""item-ab8c75dc07bf0b27830e4ed9""]",true,"Review this existing hypothesis once for its type: independent linguistic evidence, canonical wording and any alias/merge/exclusion proposal. Preserve raw type and surface forms; do not derive a base form from sentence context.","No inventory decision is recorded. Independent export pointers exist but may name entities, events or numerals rather than valid expansions.",,
inv-6d9fc60f845fe4be0411c7cd,inventory,B_established_natural_dev,proposed_not_approved_for_application,data/study_v1/review/inventory_proposed.csv record 1195,data/study_v1/review/review_decisions.csv record 6365,חמ״ס,,,,,,,not_recorded,,,,,,,inventory_membership|linguistic_expansion_vs_entity_or_numeral,"[{""page_title"":"""",""path"":""data/mined/candidate_table.csv"",""record"":685,""source"":""wiktionary""},{""page_title"":""חמ\""ס"",""path"":""data/mined/merged_counts.csv"",""record"":859,""source"":""wiktionary""},{""page_title"":""חמ\""ס"",""path"":""data/mined/wiktionary/wiktionary_counts.csv"",""record"":906,""source"":""wiktionary""}]",[],"No linked type-level Ben review is established for this row. Export presence is evidence to inspect, not semantic approval. Occurrence acceptance cannot approve this row.","[""item-10ac1c06a06fc92d2001f11b"",""item-156800ee54945323a6cf854f"",""item-75abd07036ff2ea191ad9d6e"",""item-81f5a685233daa3a09bf8415"",""item-87d61ca82e09d79139507ae2"",""item-a9db3013c94b6c57002e78a6"",""item-ac9f1e4a5df337d0b1c93567"",""item-af698222a5e89f5025a6f97f"",""item-bb2dae2ee3807900fde4aacf""]",true,"Review this existing hypothesis once for its type: independent linguistic evidence, canonical wording and any alias/merge/exclusion proposal. Preserve raw type and surface forms; do not derive a base form from sentence context.","No inventory decision is recorded. Independent export pointers exist but may name entities, events or numerals rather than valid expansions.",,
inv-9a844d7b601824b7d89a0c8f,inventory,B_established_natural_dev,proposed_not_approved_for_application,data/study_v1/review/inventory_proposed.csv record 1196,data/study_v1/review/review_decisions.csv record 6830,חמ״ס,,,,,,,not_recorded,,,,,,,inventory_membership|linguistic_expansion_vs_entity_or_numeral,"[{""page_title"":"""",""path"":""data/mined/candidate_table.csv"",""record"":686,""source"":""wiktionary""},{""page_title"":""חמ\""ס"",""path"":""data/mined/merged_counts.csv"",""record"":860,""source"":""wiktionary""},{""page_title"":""חמ\""ס"",""path"":""data/mined/wiktionary/wiktionary_counts.csv"",""record"":905,""source"":""wiktionary""}]",[],"No linked type-level Ben review is established for this row. Export presence is evidence to inspect, not semantic approval. Occurrence acceptance cannot approve this row.","[""item-10ac1c06a06fc92d2001f11b"",""item-156800ee54945323a6cf854f"",""item-75abd07036ff2ea191ad9d6e"",""item-81f5a685233daa3a09bf8415"",""item-87d61ca82e09d79139507ae2"",""item-a9db3013c94b6c57002e78a6"",""item-ac9f1e4a5df337d0b1c93567"",""item-af698222a5e89f5025a6f97f"",""item-bb2dae2ee3807900fde4aacf""]",true,"Review this existing hypothesis once for its type: independent linguistic evidence, canonical wording and any alias/merge/exclusion proposal. Preserve raw type and surface forms; do not derive a base form from sentence context.","No inventory decision is recorded. Independent export pointers exist but may name entities, events or numerals rather than valid expansions.",,
inv-d9ed953ebe93d0fd0cc8e8e2,inventory,B_established_natural_dev,proposed_not_approved_for_application,data/study_v1/review/inventory_proposed.csv record 1197,data/study_v1/review/review_decisions.csv record 4998,חמ״ס,,,,,,,not_recorded,,,,,,,inventory_membership|linguistic_expansion_vs_entity_or_numeral,"[{""page_title"":"""",""path"":""data/mined/candidate_table.csv"",""record"":2231,""source"":""gematria""}]",[],"No linked type-level Ben review is established for this row. Export presence is evidence to inspect, not semantic approval. Occurrence acceptance cannot approve this row.","[""item-10ac1c06a06fc92d2001f11b"",""item-156800ee54945323a6cf854f"",""item-75abd07036ff2ea191ad9d6e"",""item-81f5a685233daa3a09bf8415"",""item-87d61ca82e09d79139507ae2"",""item-a9db3013c94b6c57002e78a6"",""item-ac9f1e4a5df337d0b1c93567"",""item-af698222a5e89f5025a6f97f"",""item-bb2dae2ee3807900fde4aacf""]",true,"Review this existing hypothesis once for its type: independent linguistic evidence, canonical wording and any alias/merge/exclusion proposal. Preserve raw type and surface forms; do not derive a base form from sentence context.","No inventory decision is recorded. Independent export pointers exist but may name entities, events or numerals rather than valid expansions.",,gematria_string_rule_proposed
inv-156bc17086b1a4204fef593d,inventory,B_established_natural_dev,proposed_not_approved_for_application,data/study_v1/review/inventory_proposed.csv record 1270,data/study_v1/review/review_decisions.csv record 4485,ח״כ,,,,,,,not_recorded,,,,,,,inventory_membership|linguistic_expansion_vs_entity_or_numeral,"[{""page_title"":"""",""path"":""data/mined/candidate_table.csv"",""record"":2243,""source"":""gematria""}]",[],"No linked type-level Ben review is established for this row. Export presence is evidence to inspect, not semantic approval. Occurrence acceptance cannot approve this row.","[""item-dd39d7313d587e7af0d10220""]",true,"Review this existing hypothesis once for its type: independent linguistic evidence, canonical wording and any alias/merge/exclusion proposal. Preserve raw type and surface forms; do not derive a base form from sentence context.","No inventory decision is recorded. Independent export pointers exist but may name entities, events or numerals rather than valid expansions.",,gematria_string_rule_proposed
inv-4eb7fc6f20bdc3ba9d793c99,inventory,B_established_natural_dev,proposed_not_approved_for_application,data/study_v1/review/inventory_proposed.csv record 1269,data/study_v1/review/review_decisions.csv record 6081,ח״כ,,,,,,,not_recorded,,,,,,,inventory_membership|linguistic_expansion_vs_entity_or_numeral,"[{""page_title"":"""",""path"":""data/mined/candidate_table.csv"",""record"":736,""source"":""wiktionary""},{""page_title"":""ח\""כ"",""path"":""data/mined/merged_counts.csv"",""record"":920,""source"":""wiktionary""},{""page_title"":""ח\""כ"",""path"":""data/mined/wiktionary/wiktionary_counts.csv"",""record"":797,""source"":""wiktionary""}]",[],"No linked type-level Ben review is established for this row. Export presence is evidence to inspect, not semantic approval. Occurrence acceptance cannot approve this row.","[""item-dd39d7313d587e7af0d10220""]",true,"Review this existing hypothesis once for its type: independent linguistic evidence, canonical wording and any alias/merge/exclusion proposal. Preserve raw type and surface forms; do not derive a base form from sentence context.","No inventory decision is recorded. Independent export pointers exist but may name entities, events or numerals rather than valid expansions.",,
inv-b2ba6729cf3f9d0ff0a59488,inventory,B_established_natural_dev,proposed_not_approved_for_application,data/study_v1/review/inventory_proposed.csv record 1268,data/study_v1/review/review_decisions.csv record 7094,ח״כ,,,,,,,not_recorded,,,,,,,inventory_membership|linguistic_expansion_vs_entity_or_numeral,"[{""page_title"":"""",""path"":""data/mined/candidate_table.csv"",""record"":735,""source"":""wiktionary""},{""page_title"":""ח\""כ"",""path"":""data/mined/merged_counts.csv"",""record"":919,""source"":""wiktionary""},{""page_title"":""ח\""כ"",""path"":""data/mined/wiktionary/wiktionary_counts.csv"",""record"":796,""source"":""wiktionary""}]",[],"No linked type-level Ben review is established for this row. Export presence is evidence to inspect, not semantic approval. Occurrence acceptance cannot approve this row.","[""item-dd39d7313d587e7af0d10220""]",true,"Review this existing hypothesis once for its type: independent linguistic evidence, canonical wording and any alias/merge/exclusion proposal. Preserve raw type and surface forms; do not derive a base form from sentence context.","No inventory decision is recorded. Independent export pointers exist but may name entities, events or numerals rather than valid expansions.",,
inv-2a0a9638b946f737dce9f9a6,inventory,B_established_natural_dev,proposed_not_approved_for_application,data/study_v1/review/inventory_proposed.csv record 1831,data/study_v1/review/review_decisions.csv record 5706,מט״ח,,,,,,,not_recorded,,,,,,,inventory_membership|linguistic_expansion_vs_entity_or_numeral,"[{""page_title"":"""",""path"":""data/mined/candidate_table.csv"",""record"":1097,""source"":""wiktionary""},{""page_title"":""מט\""ח"",""path"":""data/mined/merged_counts.csv"",""record"":1346,""source"":""wiktionary""},{""page_title"":""מט\""ח"",""path"":""data/mined/wiktionary/wiktionary_counts.csv"",""record"":1288,""source"":""wiktionary""}]",[],"No linked type-level Ben review is established for this row. Export presence is evidence to inspect, not semantic approval. Occurrence acceptance cannot approve this row.","[""item-17d113380604365aa2346e1f"",""item-19fff1b9243df3edde408d49"",""item-22a02d543b490f9bb42d72bb"",""item-254a328d1ecef17fd18a30a7"",""item-4fe99f55b26e695e9ee52895"",""item-aee8e0bf658d025cc6e71a05"",""item-e07ee5c5b068f959d7634f69""]",true,"Review this existing hypothesis once for its type: independent linguistic evidence, canonical wording and any alias/merge/exclusion proposal. Preserve raw type and surface forms; do not derive a base form from sentence context.","No inventory decision is recorded. Independent export pointers exist but may name entities, events or numerals rather than valid expansions.",,
inv-79378bfaf7455ece79b4fd47,inventory,B_established_natural_dev,proposed_not_approved_for_application,data/study_v1/review/inventory_proposed.csv record 1830,data/study_v1/review/review_decisions.csv record 6488,מט״ח,,,,,,,not_recorded,,,,,,,inventory_membership|linguistic_expansion_vs_entity_or_numeral,"[{""page_title"":"""",""path"":""data/mined/candidate_table.csv"",""record"":1096,""source"":""wiktionary""},{""page_title"":""מט\""ח"",""path"":""data/mined/merged_counts.csv"",""record"":1345,""source"":""wiktionary""},{""page_title"":""מט\""ח"",""path"":""data/mined/wiktionary/wiktionary_counts.csv"",""record"":1287,""source"":""wiktionary""}]",[],"No linked type-level Ben review is established for this row. Export presence is evidence to inspect, not semantic approval. Occurrence acceptance cannot approve this row.","[""item-17d113380604365aa2346e1f"",""item-19fff1b9243df3edde408d49"",""item-22a02d543b490f9bb42d72bb"",""item-254a328d1ecef17fd18a30a7"",""item-4fe99f55b26e695e9ee52895"",""item-aee8e0bf658d025cc6e71a05"",""item-e07ee5c5b068f959d7634f69""]",true,"Review this existing hypothesis once for its type: independent linguistic evidence, canonical wording and any alias/merge/exclusion proposal. Preserve raw type and surface forms; do not derive a base form from sentence context.","No inventory decision is recorded. Independent export pointers exist but may name entities, events or numerals rather than valid expansions.",,
inv-7cfbe14c3e5844e284eb8bc0,inventory,B_established_natural_dev,proposed_not_approved_for_application,data/study_v1/review/inventory_proposed.csv record 1829,data/study_v1/review/review_decisions.csv record 4782,מט״ח,,,,,,,not_recorded,,,,,,,inventory_membership|linguistic_expansion_vs_entity_or_numeral,"[{""page_title"":"""",""path"":""data/mined/candidate_table.csv"",""record"":2360,""source"":""gematria""}]",[],"No linked type-level Ben review is established for this row. Export presence is evidence to inspect, not semantic approval. Occurrence acceptance cannot approve this row.","[""item-17d113380604365aa2346e1f"",""item-19fff1b9243df3edde408d49"",""item-22a02d543b490f9bb42d72bb"",""item-254a328d1ecef17fd18a30a7"",""item-4fe99f55b26e695e9ee52895"",""item-aee8e0bf658d025cc6e71a05"",""item-e07ee5c5b068f959d7634f69""]",true,"Review this existing hypothesis once for its type: independent linguistic evidence, canonical wording and any alias/merge/exclusion proposal. Preserve raw type and surface forms; do not derive a base form from sentence context.","No inventory decision is recorded. Independent export pointers exist but may name entities, events or numerals rather than valid expansions.",,gematria_string_rule_proposed
inv-0e831ce2cdf5ce28e721c980,inventory,B_established_natural_dev,proposed_not_approved_for_application,data/study_v1/review/inventory_proposed.csv record 1914,data/study_v1/review/review_decisions.csv record 5452,ממ״ק,,,,,,,not_recorded,,,,,,,inventory_membership|linguistic_expansion_vs_entity_or_numeral,"[{""page_title"":"""",""path"":""data/mined/candidate_table.csv"",""record"":1142,""source"":""wikipedia+wiktionary""},{""page_title"":""ממ\""ק"",""path"":""data/mined/merged_counts.csv"",""record"":1405,""source"":""wikipedia+wiktionary""},{""page_title"":""ממ\""ק"",""path"":""data/mined/wiktionary/wiktionary_counts.csv"",""record"":1315,""source"":""wiktionary""},{""page_title"":""ממ\""ק"",""path"":""data/mined/wikipedia/bullet_counts.csv"",""record"":284,""source"":""""}]","[{""path"":""data/mined/duplicate_review.csv"",""record"":38}]","Reuse linked type-level Ben reviews without automatically merging senses; export presence is evidence to inspect, not semantic approval. Occurrence acceptance cannot approve this row.","[""item-18c8400e4219e4a3866199b3""]",true,"Review this existing hypothesis once for its type: independent linguistic evidence, canonical wording and any alias/merge/exclusion proposal. Preserve raw type and surface forms; do not derive a base form from sentence context.","No inventory decision is recorded. Independent export pointers exist but may name entities, events or numerals rather than valid expansions.",,
inv-4201d842ab68f4e6ded9cdaa,inventory,B_established_natural_dev,proposed_not_approved_for_application,data/study_v1/review/inventory_proposed.csv record 1911,data/study_v1/review/review_decisions.csv record 4622,ממ״ק,,,,,,,not_recorded,,,,,,,inventory_membership|linguistic_expansion_vs_entity_or_numeral,"[{""page_title"":"""",""path"":""data/mined/candidate_table.csv"",""record"":2375,""source"":""gematria""}]","[{""path"":""data/mined/duplicate_review.csv"",""record"":38}]","Reuse linked type-level Ben reviews without automatically merging senses; export presence is evidence to inspect, not semantic approval. Occurrence acceptance cannot approve this row.","[""item-18c8400e4219e4a3866199b3""]",true,"Review this existing hypothesis once for its type: independent linguistic evidence, canonical wording and any alias/merge/exclusion proposal. Preserve raw type and surface forms; do not derive a base form from sentence context.","No inventory decision is recorded. Independent export pointers exist but may name entities, events or numerals rather than valid expansions.",,gematria_string_rule_proposed
inv-514f7b97527e16679ef95d6a,inventory,B_established_natural_dev,proposed_not_approved_for_application,data/study_v1/review/inventory_proposed.csv record 1912,data/study_v1/review/review_decisions.csv record 6102,ממ״ק,,,,,,,not_recorded,,,,,,,inventory_membership|linguistic_expansion_vs_entity_or_numeral,"[{""page_title"":"""",""path"":""data/mined/candidate_table.csv"",""record"":1141,""source"":""wikipedia""},{""page_title"":""ממ\""ק"",""path"":""data/mined/merged_counts.csv"",""record"":1404,""source"":""wikipedia""},{""page_title"":""ממ\""ק"",""path"":""data/mined/wikipedia/bullet_counts.csv"",""record"":285,""source"":""""}]","[{""path"":""data/mined/duplicate_review.csv"",""record"":38}]","Reuse linked type-level Ben reviews without automatically merging senses; export presence is evidence to inspect, not semantic approval. Occurrence acceptance cannot approve this row.","[""item-18c8400e4219e4a3866199b3""]",true,"Review this existing hypothesis once for its type: independent linguistic evidence, canonical wording and any alias/merge/exclusion proposal. Preserve raw type and surface forms; do not derive a base form from sentence context.","No inventory decision is recorded. Independent export pointers exist but may name entities, events or numerals rather than valid expansions.",,
inv-806a5d10347e3336c391c220,inventory,B_established_natural_dev,proposed_not_approved_for_application,data/study_v1/review/inventory_proposed.csv record 1913,data/study_v1/review/review_decisions.csv record 6563,ממ״ק,,,,,,,not_recorded,,,,,,,inventory_membership|linguistic_expansion_vs_entity_or_numeral,"[{""page_title"":"""",""path"":""data/mined/candidate_table.csv"",""record"":1143,""source"":""wiktionary""},{""page_title"":""ממ\""ק"",""path"":""data/mined/merged_counts.csv"",""record"":1406,""source"":""wiktionary""},{""page_title"":""ממ\""ק"",""path"":""data/mined/wiktionary/wiktionary_counts.csv"",""record"":1314,""source"":""wiktionary""}]","[{""path"":""data/mined/duplicate_review.csv"",""record"":38}]","Reuse linked type-level Ben reviews without automatically merging senses; export presence is evidence to inspect, not semantic approval. Occurrence acceptance cannot approve this row.","[""item-18c8400e4219e4a3866199b3""]",true,"Review this existing hypothesis once for its type: independent linguistic evidence, canonical wording and any alias/merge/exclusion proposal. Preserve raw type and surface forms; do not derive a base form from sentence context.","No inventory decision is recorded. Independent export pointers exist but may name entities, events or numerals rather than valid expansions.",,
inv-a6169f2c39d699cb104030f8,inventory,B_established_natural_dev,proposed_not_approved_for_application,data/study_v1/review/inventory_proposed.csv record 1915,data/study_v1/review/review_decisions.csv record 6947,ממ״ק,,,,,,,not_recorded,,,,,,,inventory_membership|linguistic_expansion_vs_entity_or_numeral,"[{""page_title"":"""",""path"":""data/mined/candidate_table.csv"",""record"":1144,""source"":""wikipedia+wiktionary""},{""page_title"":""ממ\""ק"",""path"":""data/mined/merged_counts.csv"",""record"":1407,""source"":""wikipedia+wiktionary""},{""page_title"":""ממ\""ק"",""path"":""data/mined/wiktionary/wiktionary_counts.csv"",""record"":1316,""source"":""wiktionary""},{""page_title"":""ממ\""ק"",""path"":""data/mined/wikipedia/bullet_counts.csv"",""record"":283,""source"":""""}]","[{""path"":""data/mined/duplicate_review.csv"",""record"":38}]","Reuse linked type-level Ben reviews without automatically merging senses; export presence is evidence to inspect, not semantic approval. Occurrence acceptance cannot approve this row.","[""item-18c8400e4219e4a3866199b3""]",true,"Review this existing hypothesis once for its type: independent linguistic evidence, canonical wording and any alias/merge/exclusion proposal. Preserve raw type and surface forms; do not derive a base form from sentence context.","No inventory decision is recorded. Independent export pointers exist but may name entities, events or numerals rather than valid expansions.",,
inv-0cce917e4cfb9b4b563c7a79,inventory,B_established_natural_dev,proposed_not_approved_for_application,data/study_v1/review/inventory_proposed.csv record 1971,data/study_v1/review/review_decisions.csv record 4465,מר״מ,,,,,,,not_recorded,,,,,,,inventory_membership|linguistic_expansion_vs_entity_or_numeral,"[{""page_title"":"""",""path"":""data/mined/candidate_table.csv"",""record"":2390,""source"":""gematria""}]",[],"No linked type-level Ben review is established for this row. Export presence is evidence to inspect, not semantic approval. Occurrence acceptance cannot approve this row.","[""item-4838b206a7fe5fa938cd72fd""]",true,"Review this existing hypothesis once for its type: independent linguistic evidence, canonical wording and any alias/merge/exclusion proposal. Preserve raw type and surface forms; do not derive a base form from sentence context.","No inventory decision is recorded. Independent export pointers exist but may name entities, events or numerals rather than valid expansions.",,gematria_string_rule_proposed
inv-8e321ffd8b5b4033128314e1,inventory,B_established_natural_dev,proposed_not_approved_for_application,data/study_v1/review/inventory_proposed.csv record 1973,data/study_v1/review/review_decisions.csv record 6709,מר״מ,,,,,,,not_recorded,,,,,,,inventory_membership|linguistic_expansion_vs_entity_or_numeral,"[{""page_title"":"""",""path"":""data/mined/candidate_table.csv"",""record"":1178,""source"":""wiktionary""},{""page_title"":""מר\""מ"",""path"":""data/mined/merged_counts.csv"",""record"":1447,""source"":""wiktionary""},{""page_title"":""מר\""מ"",""path"":""data/mined/wiktionary/wiktionary_counts.csv"",""record"":1391,""source"":""wiktionary""}]",[],"No linked type-level Ben review is established for this row. Export presence is evidence to inspect, not semantic approval. Occurrence acceptance cannot approve this row.","[""item-4838b206a7fe5fa938cd72fd""]",true,"Review this existing hypothesis once for its type: independent linguistic evidence, canonical wording and any alias/merge/exclusion proposal. Preserve raw type and surface forms; do not derive a base form from sentence context.","No inventory decision is recorded. Independent export pointers exist but may name entities, events or numerals rather than valid expansions.",,
inv-9a152b48977d56375b15a336,inventory,B_established_natural_dev,proposed_not_approved_for_application,data/study_v1/review/inventory_proposed.csv record 1972,data/study_v1/review/review_decisions.csv record 6825,מר״מ,,,,,,,not_recorded,,,,,,,inventory_membership|linguistic_expansion_vs_entity_or_numeral,"[{""page_title"":"""",""path"":""data/mined/candidate_table.csv"",""record"":1179,""source"":""wiktionary""},{""page_title"":""מר\""מ"",""path"":""data/mined/merged_counts.csv"",""record"":1448,""source"":""wiktionary""},{""page_title"":""מר\""מ"",""path"":""data/mined/wiktionary/wiktionary_counts.csv"",""record"":1390,""source"":""wiktionary""}]",[],"No linked type-level Ben review is established for this row. Export presence is evidence to inspect, not semantic approval. Occurrence acceptance cannot approve this row.","[""item-4838b206a7fe5fa938cd72fd""]",true,"Review this existing hypothesis once for its type: independent linguistic evidence, canonical wording and any alias/merge/exclusion proposal. Preserve raw type and surface forms; do not derive a base form from sentence context.","No inventory decision is recorded. Independent export pointers exist but may name entities, events or numerals rather than valid expansions.",,
inv-3e18923601fef6807abfa1ca,inventory,B_established_natural_dev,proposed_not_approved_for_application,data/study_v1/review/inventory_proposed.csv record 2967,data/study_v1/review/review_decisions.csv record 5907,שב״ח,,,,,,,not_recorded,,,,,,,inventory_membership|linguistic_expansion_vs_entity_or_numeral,"[{""page_title"":"""",""path"":""data/mined/candidate_table.csv"",""record"":1792,""source"":""wiktionary""},{""page_title"":""שב\""ח"",""path"":""data/mined/merged_counts.csv"",""record"":2205,""source"":""wiktionary""},{""page_title"":""שב\""ח"",""path"":""data/mined/wiktionary/wiktionary_counts.csv"",""record"":1957,""source"":""wiktionary""}]",[],"No linked type-level Ben review is established for this row. Export presence is evidence to inspect, not semantic approval. Occurrence acceptance cannot approve this row.","[""item-55e5b4a03c58e5982a9c2bd0""]",true,"Review this existing hypothesis once for its type: independent linguistic evidence, canonical wording and any alias/merge/exclusion proposal. Preserve raw type and surface forms; do not derive a base form from sentence context.","No inventory decision is recorded. Independent export pointers exist but may name entities, events or numerals rather than valid expansions.",,
inv-7094ff1374e230ba28f7390e,inventory,B_established_natural_dev,proposed_not_approved_for_application,data/study_v1/review/inventory_proposed.csv record 2968,data/study_v1/review/review_decisions.csv record 4744,שב״ח,,,,,,,not_recorded,,,,,,,inventory_membership|linguistic_expansion_vs_entity_or_numeral,"[{""page_title"":"""",""path"":""data/mined/candidate_table.csv"",""record"":2584,""source"":""gematria""}]",[],"No linked type-level Ben review is established for this row. Export presence is evidence to inspect, not semantic approval. Occurrence acceptance cannot approve this row.","[""item-55e5b4a03c58e5982a9c2bd0""]",true,"Review this existing hypothesis once for its type: independent linguistic evidence, canonical wording and any alias/merge/exclusion proposal. Preserve raw type and surface forms; do not derive a base form from sentence context.","No inventory decision is recorded. Independent export pointers exist but may name entities, events or numerals rather than valid expansions.",,gematria_string_rule_proposed
inv-ab20cec790005da630ef4849,inventory,B_established_natural_dev,proposed_not_approved_for_application,data/study_v1/review/inventory_proposed.csv record 2966,data/study_v1/review/review_decisions.csv record 7011,שב״ח,,,,,,,not_recorded,,,,,,,inventory_membership|linguistic_expansion_vs_entity_or_numeral,"[{""page_title"":"""",""path"":""data/mined/candidate_table.csv"",""record"":1791,""source"":""wiktionary""},{""page_title"":""שב\""ח"",""path"":""data/mined/merged_counts.csv"",""record"":2204,""source"":""wiktionary""},{""page_title"":""שב\""ח"",""path"":""data/mined/wiktionary/wiktionary_counts.csv"",""record"":1956,""source"":""wiktionary""}]",[],"No linked type-level Ben review is established for this row. Export presence is evidence to inspect, not semantic approval. Occurrence acceptance cannot approve this row.","[""item-55e5b4a03c58e5982a9c2bd0""]",true,"Review this existing hypothesis once for its type: independent linguistic evidence, canonical wording and any alias/merge/exclusion proposal. Preserve raw type and surface forms; do not derive a base form from sentence context.","No inventory decision is recorded. Independent export pointers exist but may name entities, events or numerals rather than valid expansions.",,
inv-6bcc468e15a804a605f37b75,inventory,B_established_natural_dev,proposed_not_approved_for_application,data/study_v1/review/inventory_proposed.csv record 3249,data/study_v1/review/review_decisions.csv record 6348,ת״ז,,,,,,,not_recorded,,,,,,,inventory_membership|linguistic_expansion_vs_entity_or_numeral,"[{""page_title"":"""",""path"":""data/mined/candidate_table.csv"",""record"":1977,""source"":""wiktionary""},{""page_title"":""ת\""ז"",""path"":""data/mined/merged_counts.csv"",""record"":2423,""source"":""wiktionary""},{""page_title"":""ת\""ז"",""path"":""data/mined/wiktionary/wiktionary_counts.csv"",""record"":2049,""source"":""wiktionary""}]",[],"No linked type-level Ben review is established for this row. Export presence is evidence to inspect, not semantic approval. Occurrence acceptance cannot approve this row.","[""item-3ad644af803a72f064f2306f""]",true,"Review this existing hypothesis once for its type: independent linguistic evidence, canonical wording and any alias/merge/exclusion proposal. Preserve raw type and surface forms; do not derive a base form from sentence context.","No inventory decision is recorded. Independent export pointers exist but may name entities, events or numerals rather than valid expansions.",,
inv-81f0f1ad172cd5b9793b85e5,inventory,B_established_natural_dev,proposed_not_approved_for_application,data/study_v1/review/inventory_proposed.csv record 3247,data/study_v1/review/review_decisions.csv record 4792,ת״ז,,,,,,,not_recorded,,,,,,,inventory_membership|linguistic_expansion_vs_entity_or_numeral,"[{""page_title"":"""",""path"":""data/mined/candidate_table.csv"",""record"":2642,""source"":""gematria""}]",[],"No linked type-level Ben review is established for this row. Export presence is evidence to inspect, not semantic approval. Occurrence acceptance cannot approve this row.","[""item-3ad644af803a72f064f2306f""]",true,"Review this existing hypothesis once for its type: independent linguistic evidence, canonical wording and any alias/merge/exclusion proposal. Preserve raw type and surface forms; do not derive a base form from sentence context.","No inventory decision is recorded. Independent export pointers exist but may name entities, events or numerals rather than valid expansions.",,gematria_string_rule_proposed
inv-e71f46aec6b30d6a9b98099f,inventory,B_established_natural_dev,proposed_not_approved_for_application,data/study_v1/review/inventory_proposed.csv record 3248,data/study_v1/review/review_decisions.csv record 7661,ת״ז,,,,,,,not_recorded,,,,,,,inventory_membership|linguistic_expansion_vs_entity_or_numeral,"[{""page_title"":"""",""path"":""data/mined/candidate_table.csv"",""record"":1975,""source"":""wiktionary""},{""page_title"":""ת\""ז"",""path"":""data/mined/merged_counts.csv"",""record"":2421,""source"":""wiktionary""},{""page_title"":""ת\""ז"",""path"":""data/mined/wiktionary/wiktionary_counts.csv"",""record"":2048,""source"":""wiktionary""}]",[],"No linked type-level Ben review is established for this row. Export presence is evidence to inspect, not semantic approval. Occurrence acceptance cannot approve this row.","[""item-3ad644af803a72f064f2306f""]",true,"Review this existing hypothesis once for its type: independent linguistic evidence, canonical wording and any alias/merge/exclusion proposal. Preserve raw type and surface forms; do not derive a base form from sentence context.","No inventory decision is recorded. Independent export pointers exist but may name entities, events or numerals rather than valid expansions.",,
inv-e7a50f984654acc87cae19ce,inventory,B_established_natural_dev,proposed_not_approved_for_application,data/study_v1/review/inventory_proposed.csv record 3250,data/study_v1/review/review_decisions.csv record 7668,ת״ז,,,,,,,not_recorded,,,,,,,inventory_membership|linguistic_expansion_vs_entity_or_numeral,"[{""page_title"":"""",""path"":""data/mined/candidate_table.csv"",""record"":1976,""source"":""wiktionary""},{""page_title"":""ת\""ז"",""path"":""data/mined/merged_counts.csv"",""record"":2422,""source"":""wiktionary""},{""page_title"":""ת\""ז"",""path"":""data/mined/wiktionary/wiktionary_counts.csv"",""record"":2050,""source"":""wiktionary""}]",[],"No linked type-level Ben review is established for this row. Export presence is evidence to inspect, not semantic approval. Occurrence acceptance cannot approve this row.","[""item-3ad644af803a72f064f2306f""]",true,"Review this existing hypothesis once for its type: independent linguistic evidence, canonical wording and any alias/merge/exclusion proposal. Preserve raw type and surface forms; do not derive a base form from sentence context.","No inventory decision is recorded. Independent export pointers exist but may name entities, events or numerals rather than valid expansions.",,
inv-5558fe63ae60cf3cd0f1722a,inventory,C_train_natural_wikipedia,proposed_not_approved_for_application,data/study_v1/review/inventory_proposed.csv record 259,data/study_v1/review/review_decisions.csv record 6144,איו״ש,,,,,,,not_recorded,,,,,,,inventory_membership|linguistic_expansion_vs_entity_or_numeral,"[{""page_title"":"""",""path"":""data/mined/candidate_table.csv"",""record"":81,""source"":""wiktionary""},{""page_title"":""איו\""ש"",""path"":""data/mined/merged_counts.csv"",""record"":153,""source"":""wiktionary""},{""page_title"":""איו\""ש"",""path"":""data/mined/wiktionary/wiktionary_counts.csv"",""record"":308,""source"":""wiktionary""}]",[],"No linked type-level Ben review is established for this row. Export presence is evidence to inspect, not semantic approval. Occurrence acceptance cannot approve this row.","[""item-f0ef27b309714898e48a5ca1""]",true,"Review this existing hypothesis once for its type: independent linguistic evidence, canonical wording and any alias/merge/exclusion proposal. Preserve raw type and surface forms; do not derive a base form from sentence context.","No inventory decision is recorded. Independent export pointers exist but may name entities, events or numerals rather than valid expansions.",,
inv-6665f70b083dae567f7a7d04,inventory,C_train_natural_wikipedia,proposed_not_approved_for_application,data/study_v1/review/inventory_proposed.csv record 258,data/study_v1/review/review_decisions.csv record 6311,איו״ש,,,,,,,not_recorded,,,,,,,inventory_membership|linguistic_expansion_vs_entity_or_numeral,"[{""page_title"":"""",""path"":""data/mined/candidate_table.csv"",""record"":80,""source"":""wiktionary""},{""page_title"":""איו\""ש"",""path"":""data/mined/merged_counts.csv"",""record"":152,""source"":""wiktionary""},{""page_title"":""איו\""ש"",""path"":""data/mined/wiktionary/wiktionary_counts.csv"",""record"":307,""source"":""wiktionary""}]",[],"No linked type-level Ben review is established for this row. Export presence is evidence to inspect, not semantic approval. Occurrence acceptance cannot approve this row.","[""item-f0ef27b309714898e48a5ca1""]",true,"Review this existing hypothesis once for its type: independent linguistic evidence, canonical wording and any alias/merge/exclusion proposal. Preserve raw type and surface forms; do not derive a base form from sentence context.","No inventory decision is recorded. Independent export pointers exist but may name entities, events or numerals rather than valid expansions.",,
inv-baf82c69ed2b30ac4372d4a1,inventory,C_train_natural_wikipedia,proposed_not_approved_for_application,data/study_v1/review/inventory_proposed.csv record 260,data/study_v1/review/review_decisions.csv record 4934,איו״ש,,,,,,,not_recorded,,,,,,,inventory_membership|linguistic_expansion_vs_entity_or_numeral,"[{""page_title"":"""",""path"":""data/mined/candidate_table.csv"",""record"":2047,""source"":""gematria""}]",[],"No linked type-level Ben review is established for this row. Export presence is evidence to inspect, not semantic approval. Occurrence acceptance cannot approve this row.","[""item-f0ef27b309714898e48a5ca1""]",true,"Review this existing hypothesis once for its type: independent linguistic evidence, canonical wording and any alias/merge/exclusion proposal. Preserve raw type and surface forms; do not derive a base form from sentence context.","No inventory decision is recorded. Independent export pointers exist but may name entities, events or numerals rather than valid expansions.",,gematria_string_rule_proposed
inv-02f28b9027746dec2ef7dd2d,inventory,C_train_natural_wikipedia,proposed_not_approved_for_application,data/study_v1/review/inventory_proposed.csv record 287,data/study_v1/review/review_decisions.csv record 4434,אמ״ן,,,,,,,not_recorded,,,,,,,inventory_membership|linguistic_expansion_vs_entity_or_numeral,"[{""page_title"":"""",""path"":""data/mined/candidate_table.csv"",""record"":2053,""source"":""gematria""}]",[],"No linked type-level Ben review is established for this row. Export presence is evidence to inspect, not semantic approval. Occurrence acceptance cannot approve this row.","[""item-26cfef3175adcf911734ff71"",""item-f523e8cd03e349cedef41d92""]",true,"Review this existing hypothesis once for its type: independent linguistic evidence, canonical wording and any alias/merge/exclusion proposal. Preserve raw type and surface forms; do not derive a base form from sentence context.","No inventory decision is recorded. Independent export pointers exist but may name entities, events or numerals rather than valid expansions.",,gematria_string_rule_proposed
inv-694f9eaf87b1dc6c67ae971a,inventory,C_train_natural_wikipedia,proposed_not_approved_for_application,data/study_v1/review/inventory_proposed.csv record 285,data/study_v1/review/review_decisions.csv record 6334,אמ״ן,,,,,,,not_recorded,,,,,,,inventory_membership|linguistic_expansion_vs_entity_or_numeral,"[{""page_title"":"""",""path"":""data/mined/candidate_table.csv"",""record"":93,""source"":""wiktionary""},{""page_title"":""אמ\""ן"",""path"":""data/mined/merged_counts.csv"",""record"":170,""source"":""wiktionary""},{""page_title"":""אמ\""ן"",""path"":""data/mined/wiktionary/wiktionary_counts.csv"",""record"":321,""source"":""wiktionary""}]",[],"No linked type-level Ben review is established for this row. Export presence is evidence to inspect, not semantic approval. Occurrence acceptance cannot approve this row.","[""item-26cfef3175adcf911734ff71"",""item-f523e8cd03e349cedef41d92""]",true,"Review this existing hypothesis once for its type: independent linguistic evidence, canonical wording and any alias/merge/exclusion proposal. Preserve raw type and surface forms; do not derive a base form from sentence context.","No inventory decision is recorded. Independent export pointers exist but may name entities, events or numerals rather than valid expansions.",,
inv-ccd65305d328897d4c001855,inventory,C_train_natural_wikipedia,proposed_not_approved_for_application,data/study_v1/review/inventory_proposed.csv record 286,data/study_v1/review/review_decisions.csv record 7385,אמ״ן,,,,,,,not_recorded,,,,,,,inventory_membership|linguistic_expansion_vs_entity_or_numeral,"[{""page_title"":"""",""path"":""data/mined/candidate_table.csv"",""record"":94,""source"":""wiktionary""},{""page_title"":""אמ\""ן"",""path"":""data/mined/merged_counts.csv"",""record"":171,""source"":""wiktionary""},{""page_title"":""אמ\""ן"",""path"":""data/mined/wiktionary/wiktionary_counts.csv"",""record"":322,""source"":""wiktionary""}]",[],"No linked type-level Ben review is established for this row. Export presence is evidence to inspect, not semantic approval. Occurrence acceptance cannot approve this row.","[""item-26cfef3175adcf911734ff71"",""item-f523e8cd03e349cedef41d92""]",true,"Review this existing hypothesis once for its type: independent linguistic evidence, canonical wording and any alias/merge/exclusion proposal. Preserve raw type and surface forms; do not derive a base form from sentence context.","No inventory decision is recorded. Independent export pointers exist but may name entities, events or numerals rather than valid expansions.",,
inv-4531d8187a74604e51bca330,inventory,C_train_natural_wikipedia,proposed_not_approved_for_application,data/study_v1/review/inventory_proposed.csv record 311,data/study_v1/review/review_decisions.csv record 4638,אצ״ל,,,,,,,not_recorded,,,,,,,inventory_membership|linguistic_expansion_vs_entity_or_numeral,"[{""page_title"":"""",""path"":""data/mined/candidate_table.csv"",""record"":2058,""source"":""gematria""}]",[],"No linked type-level Ben review is established for this row. Export presence is evidence to inspect, not semantic approval. Occurrence acceptance cannot approve this row.","[""item-d5fe6cf83c86ab07ec94864e""]",true,"Review this existing hypothesis once for its type: independent linguistic evidence, canonical wording and any alias/merge/exclusion proposal. Preserve raw type and surface forms; do not derive a base form from sentence context.","No inventory decision is recorded. Independent export pointers exist but may name entities, events or numerals rather than valid expansions.",,gematria_string_rule_proposed
inv-78f2c3078de658e96faa24de,inventory,C_train_natural_wikipedia,proposed_not_approved_for_application,data/study_v1/review/inventory_proposed.csv record 309,data/study_v1/review/review_decisions.csv record 6485,אצ״ל,,,,,,,not_recorded,,,,,,,inventory_membership|linguistic_expansion_vs_entity_or_numeral,"[{""page_title"":"""",""path"":""data/mined/candidate_table.csv"",""record"":107,""source"":""wiktionary""},{""page_title"":""אצ\""ל"",""path"":""data/mined/merged_counts.csv"",""record"":189,""source"":""wiktionary""},{""page_title"":""אצ\""ל"",""path"":""data/mined/wiktionary/wiktionary_counts.csv"",""record"":346,""source"":""wiktionary""}]",[],"No linked type-level Ben review is established for this row. Export presence is evidence to inspect, not semantic approval. Occurrence acceptance cannot approve this row.","[""item-d5fe6cf83c86ab07ec94864e""]",true,"Review this existing hypothesis once for its type: independent linguistic evidence, canonical wording and any alias/merge/exclusion proposal. Preserve raw type and surface forms; do not derive a base form from sentence context.","No inventory decision is recorded. Independent export pointers exist but may name entities, events or numerals rather than valid expansions.",,
inv-f97cd8eadddc689b530e436f,inventory,C_train_natural_wikipedia,proposed_not_approved_for_application,data/study_v1/review/inventory_proposed.csv record 310,data/study_v1/review/review_decisions.csv record 7874,אצ״ל,,,,,,,not_recorded,,,,,,,inventory_membership|linguistic_expansion_vs_entity_or_numeral,"[{""page_title"":"""",""path"":""data/mined/candidate_table.csv"",""record"":106,""source"":""wiktionary""},{""page_title"":""אצ\""ל"",""path"":""data/mined/merged_counts.csv"",""record"":188,""source"":""wiktionary""},{""page_title"":""אצ\""ל"",""path"":""data/mined/wiktionary/wiktionary_counts.csv"",""record"":347,""source"":""wiktionary""}]",[],"No linked type-level Ben review is established for this row. Export presence is evidence to inspect, not semantic approval. Occurrence acceptance cannot approve this row.","[""item-d5fe6cf83c86ab07ec94864e""]",true,"Review this existing hypothesis once for its type: independent linguistic evidence, canonical wording and any alias/merge/exclusion proposal. Preserve raw type and surface forms; do not derive a base form from sentence context.","No inventory decision is recorded. Independent export pointers exist but may name entities, events or numerals rather than valid expansions.",,
inv-47e3dfc440d93739241c300b,inventory,C_train_natural_wikipedia,proposed_not_approved_for_application,data/study_v1/review/inventory_proposed.csv record 510,data/study_v1/review/review_decisions.csv record 4644,בדר״כ,,,,,,,not_recorded,,,,,,,inventory_membership|linguistic_expansion_vs_entity_or_numeral,"[{""page_title"":"""",""path"":""data/mined/candidate_table.csv"",""record"":2085,""source"":""gematria""}]",[],"No linked type-level Ben review is established for this row. Export presence is evidence to inspect, not semantic approval. Occurrence acceptance cannot approve this row.","[""item-46b13e19edc8ed3b8b1cb184"",""item-6ae7b4d62b231b689f71e3e0""]",true,"Review this existing hypothesis once for its type: independent linguistic evidence, canonical wording and any alias/merge/exclusion proposal. Preserve raw type and surface forms; do not derive a base form from sentence context.","No inventory decision is recorded. Independent export pointers exist but may name entities, events or numerals rather than valid expansions.",,gematria_string_rule_proposed
inv-568d094a00f2df8ab7050921,inventory,C_train_natural_wikipedia,proposed_not_approved_for_application,data/study_v1/review/inventory_proposed.csv record 509,data/study_v1/review/review_decisions.csv record 6160,בדר״כ,,,,,,,not_recorded,,,,,,,inventory_membership|linguistic_expansion_vs_entity_or_numeral,"[{""page_title"":"""",""path"":""data/mined/candidate_table.csv"",""record"":251,""source"":""wiktionary""},{""page_title"":""בדר\""כ"",""path"":""data/mined/merged_counts.csv"",""record"":341,""source"":""wiktionary""},{""page_title"":""בדר\""כ"",""path"":""data/mined/wiktionary/wiktionary_counts.csv"",""record"":403,""source"":""wiktionary""}]",[],"No linked type-level Ben review is established for this row. Export presence is evidence to inspect, not semantic approval. Occurrence acceptance cannot approve this row.","[""item-46b13e19edc8ed3b8b1cb184"",""item-6ae7b4d62b231b689f71e3e0""]",true,"Review this existing hypothesis once for its type: independent linguistic evidence, canonical wording and any alias/merge/exclusion proposal. Preserve raw type and surface forms; do not derive a base form from sentence context.","No inventory decision is recorded. Independent export pointers exist but may name entities, events or numerals rather than valid expansions.",,
inv-ad76ad73714fda7f4f36c458,inventory,C_train_natural_wikipedia,proposed_not_approved_for_application,data/study_v1/review/inventory_proposed.csv record 508,data/study_v1/review/review_decisions.csv record 7044,בדר״כ,,,,,,,not_recorded,,,,,,,inventory_membership|linguistic_expansion_vs_entity_or_numeral,"[{""page_title"":"""",""path"":""data/mined/candidate_table.csv"",""record"":252,""source"":""wiktionary""},{""page_title"":""בדר\""כ"",""path"":""data/mined/merged_counts.csv"",""record"":342,""source"":""wiktionary""},{""page_title"":""בדר\""כ"",""path"":""data/mined/wiktionary/wiktionary_counts.csv"",""record"":404,""source"":""wiktionary""}]",[],"No linked type-level Ben review is established for this row. Export presence is evidence to inspect, not semantic approval. Occurrence acceptance cannot approve this row.","[""item-46b13e19edc8ed3b8b1cb184"",""item-6ae7b4d62b231b689f71e3e0""]",true,"Review this existing hypothesis once for its type: independent linguistic evidence, canonical wording and any alias/merge/exclusion proposal. Preserve raw type and surface forms; do not derive a base form from sentence context.","No inventory decision is recorded. Independent export pointers exist but may name entities, events or numerals rather than valid expansions.",,
inv-2e9cadf65349319178b6c0d0,inventory,C_train_natural_wikipedia,proposed_not_approved_for_application,data/study_v1/review/inventory_proposed.csv record 614,data/study_v1/review/review_decisions.csv record 5748,בע״מ,,,,,,,not_recorded,,,,,,,inventory_membership|linguistic_expansion_vs_entity_or_numeral,"[{""page_title"":"""",""path"":""data/mined/candidate_table.csv"",""record"":313,""source"":""wiktionary""},{""page_title"":""בע\""מ"",""path"":""data/mined/merged_counts.csv"",""record"":416,""source"":""wiktionary""},{""page_title"":""בע\""מ"",""path"":""data/mined/wiktionary/wiktionary_counts.csv"",""record"":508,""source"":""wiktionary""}]",[],"No linked type-level Ben review is established for this row. Export presence is evidence to inspect, not semantic approval. Occurrence acceptance cannot approve this row.","[""item-fa3f959ec861d6a3f1a0e847""]",true,"Review this existing hypothesis once for its type: independent linguistic evidence, canonical wording and any alias/merge/exclusion proposal. Preserve raw type and surface forms; do not derive a base form from sentence context.","No inventory decision is recorded. Independent export pointers exist but may name entities, events or numerals rather than valid expansions.",,
inv-619d103bedaebe6aaf35db49,inventory,C_train_natural_wikipedia,proposed_not_approved_for_application,data/study_v1/review/inventory_proposed.csv record 612,data/study_v1/review/review_decisions.csv record 6262,בע״מ,,,,,,,not_recorded,,,,,,,inventory_membership|linguistic_expansion_vs_entity_or_numeral,"[{""page_title"":"""",""path"":""data/mined/candidate_table.csv"",""record"":311,""source"":""wiktionary""},{""page_title"":""בע\""מ"",""path"":""data/mined/merged_counts.csv"",""record"":414,""source"":""wiktionary""},{""page_title"":""בע\""מ"",""path"":""data/mined/wiktionary/wiktionary_counts.csv"",""record"":507,""source"":""wiktionary""}]",[],"No linked type-level Ben review is established for this row. Export presence is evidence to inspect, not semantic approval. Occurrence acceptance cannot approve this row.","[""item-fa3f959ec861d6a3f1a0e847""]",true,"Review this existing hypothesis once for its type: independent linguistic evidence, canonical wording and any alias/merge/exclusion proposal. Preserve raw type and surface forms; do not derive a base form from sentence context.","No inventory decision is recorded. Independent export pointers exist but may name entities, events or numerals rather than valid expansions.",,
inv-9b210700d30b69e90536dcfa,inventory,C_train_natural_wikipedia,proposed_not_approved_for_application,data/study_v1/review/inventory_proposed.csv record 611,data/study_v1/review/review_decisions.csv record 6837,בע״מ,,,,,,,not_recorded,,,,,,,inventory_membership|linguistic_expansion_vs_entity_or_numeral,"[{""page_title"":"""",""path"":""data/mined/candidate_table.csv"",""record"":312,""source"":""wiktionary""},{""page_title"":""בע\""מ"",""path"":""data/mined/merged_counts.csv"",""record"":415,""source"":""wiktionary""},{""page_title"":""בע\""מ"",""path"":""data/mined/wiktionary/wiktionary_counts.csv"",""record"":506,""source"":""wiktionary""}]",[],"No linked type-level Ben review is established for this row. Export presence is evidence to inspect, not semantic approval. Occurrence acceptance cannot approve this row.","[""item-fa3f959ec861d6a3f1a0e847""]",true,"Review this existing hypothesis once for its type: independent linguistic evidence, canonical wording and any alias/merge/exclusion proposal. Preserve raw type and surface forms; do not derive a base form from sentence context.","No inventory decision is recorded. Independent export pointers exist but may name entities, events or numerals rather than valid expansions.",,
inv-d54f33e03e3517f294af647c,inventory,C_train_natural_wikipedia,proposed_not_approved_for_application,data/study_v1/review/inventory_proposed.csv record 613,data/study_v1/review/review_decisions.csv record 7467,בע״מ,,,,,,,not_recorded,,,,,,,inventory_membership|linguistic_expansion_vs_entity_or_numeral,"[{""page_title"":"""",""path"":""data/mined/candidate_table.csv"",""record"":310,""source"":""wiktionary""},{""page_title"":""בע\""מ"",""path"":""data/mined/merged_counts.csv"",""record"":413,""source"":""wiktionary""},{""page_title"":""בע\""מ"",""path"":""data/mined/wiktionary/wiktionary_counts.csv"",""record"":505,""source"":""wiktionary""}]",[],"No linked type-level Ben review is established for this row. Export presence is evidence to inspect, not semantic approval. Occurrence acceptance cannot approve this row.","[""item-fa3f959ec861d6a3f1a0e847""]",true,"Review this existing hypothesis once for its type: independent linguistic evidence, canonical wording and any alias/merge/exclusion proposal. Preserve raw type and surface forms; do not derive a base form from sentence context.","No inventory decision is recorded. Independent export pointers exist but may name entities, events or numerals rather than valid expansions.",,
inv-ec1eca061fbe031aa8575e71,inventory,C_train_natural_wikipedia,proposed_not_approved_for_application,data/study_v1/review/inventory_proposed.csv record 615,data/study_v1/review/review_decisions.csv record 5042,בע״מ,,,,,,,not_recorded,,,,,,,inventory_membership|linguistic_expansion_vs_entity_or_numeral,"[{""page_title"":"""",""path"":""data/mined/candidate_table.csv"",""record"":2112,""source"":""gematria""}]",[],"No linked type-level Ben review is established for this row. Export presence is evidence to inspect, not semantic approval. Occurrence acceptance cannot approve this row.","[""item-fa3f959ec861d6a3f1a0e847""]",true,"Review this existing hypothesis once for its type: independent linguistic evidence, canonical wording and any alias/merge/exclusion proposal. Preserve raw type and surface forms; do not derive a base form from sentence context.","No inventory decision is recorded. Independent export pointers exist but may name entities, events or numerals rather than valid expansions.",,gematria_string_rule_proposed
inv-2dccd70ae9458fa88180cdeb,inventory,C_train_natural_wikipedia,proposed_not_approved_for_application,data/study_v1/review/inventory_proposed.csv record 925,data/study_v1/review/review_decisions.csv record 5741,ד״ר,,,,,,,not_recorded,,,,,,,inventory_membership|linguistic_expansion_vs_entity_or_numeral,"[{""page_title"":"""",""path"":""data/mined/candidate_table.csv"",""record"":522,""source"":""wiktionary""},{""page_title"":""ד\""ר"",""path"":""data/mined/merged_counts.csv"",""record"":656,""source"":""wiktionary""},{""page_title"":""ד\""ר"",""path"":""data/mined/wiktionary/wiktionary_counts.csv"",""record"":634,""source"":""wiktionary""}]","[{""path"":""data/mined/duplicate_review.csv"",""record"":163}]","Reuse linked type-level Ben reviews without automatically merging senses; export presence is evidence to inspect, not semantic approval. Occurrence acceptance cannot approve this row.","[""item-a969287214e1a3657ae7de01"",""item-e6dcc481ab255ab3220016b9""]",true,"Review this existing hypothesis once for its type: independent linguistic evidence, canonical wording and any alias/merge/exclusion proposal. Preserve raw type and surface forms; do not derive a base form from sentence context.","No inventory decision is recorded. Independent export pointers exist but may name entities, events or numerals rather than valid expansions.",,
inv-81f3d45ce8666dae3748a172,inventory,C_train_natural_wikipedia,proposed_not_approved_for_application,data/study_v1/review/inventory_proposed.csv record 927,data/study_v1/review/review_decisions.csv record 6585,ד״ר,,,,,,,not_recorded,,,,,,,inventory_membership|linguistic_expansion_vs_entity_or_numeral,"[{""page_title"":"""",""path"":""data/mined/candidate_table.csv"",""record"":521,""source"":""wiktionary""},{""page_title"":""ד\""ר"",""path"":""data/mined/merged_counts.csv"",""record"":655,""source"":""wiktionary""},{""page_title"":""ד\""ר"",""path"":""data/mined/wiktionary/wiktionary_counts.csv"",""record"":632,""source"":""wiktionary""}]","[{""path"":""data/mined/duplicate_review.csv"",""record"":163}]","Reuse linked type-level Ben reviews without automatically merging senses; export presence is evidence to inspect, not semantic approval. Occurrence acceptance cannot approve this row.","[""item-a969287214e1a3657ae7de01"",""item-e6dcc481ab255ab3220016b9""]",true,"Review this existing hypothesis once for its type: independent linguistic evidence, canonical wording and any alias/merge/exclusion proposal. Preserve raw type and surface forms; do not derive a base form from sentence context.","No inventory decision is recorded. Independent export pointers exist but may name entities, events or numerals rather than valid expansions.",,
inv-ad44bf006054b82ee3697971,inventory,C_train_natural_wikipedia,proposed_not_approved_for_application,data/study_v1/review/inventory_proposed.csv record 926,data/study_v1/review/review_decisions.csv record 7043,ד״ר,,,,,,,not_recorded,,,,,,,inventory_membership|linguistic_expansion_vs_entity_or_numeral,"[{""page_title"":"""",""path"":""data/mined/candidate_table.csv"",""record"":524,""source"":""wiktionary""},{""page_title"":""ד\""ר"",""path"":""data/mined/merged_counts.csv"",""record"":658,""source"":""wiktionary""},{""page_title"":""ד\""ר"",""path"":""data/mined/wiktionary/wiktionary_counts.csv"",""record"":635,""source"":""wiktionary""}]","[{""path"":""data/mined/duplicate_review.csv"",""record"":163}]","Reuse linked type-level Ben reviews without automatically merging senses; export presence is evidence to inspect, not semantic approval. Occurrence acceptance cannot approve this row.","[""item-a969287214e1a3657ae7de01"",""item-e6dcc481ab255ab3220016b9""]",true,"Review this existing hypothesis once for its type: independent linguistic evidence, canonical wording and any alias/merge/exclusion proposal. Preserve raw type and surface forms; do not derive a base form from sentence context.","No inventory decision is recorded. Independent export pointers exist but may name entities, events or numerals rather than valid expansions.",,
inv-c71736abecd6665addc309f8,inventory,C_train_natural_wikipedia,proposed_not_approved_for_application,data/study_v1/review/inventory_proposed.csv record 929,data/study_v1/review/review_decisions.csv record 4957,ד״ר,,,,,,,not_recorded,,,,,,,inventory_membership|linguistic_expansion_vs_entity_or_numeral,"[{""page_title"":"""",""path"":""data/mined/candidate_table.csv"",""record"":2174,""source"":""gematria""}]","[{""path"":""data/mined/duplicate_review.csv"",""record"":163}]","Reuse linked type-level Ben reviews without automatically merging senses; export presence is evidence to inspect, not semantic approval. Occurrence acceptance cannot approve this row.","[""item-a969287214e1a3657ae7de01"",""item-e6dcc481ab255ab3220016b9""]",true,"Review this existing hypothesis once for its type: independent linguistic evidence, canonical wording and any alias/merge/exclusion proposal. Preserve raw type and surface forms; do not derive a base form from sentence context.","No inventory decision is recorded. Independent export pointers exist but may name entities, events or numerals rather than valid expansions.",,gematria_string_rule_proposed
inv-ca0f23e25228203593cb3ee1,inventory,C_train_natural_wikipedia,proposed_not_approved_for_application,data/study_v1/review/inventory_proposed.csv record 928,data/study_v1/review/review_decisions.csv record 7348,ד״ר,,,,,,,not_recorded,,,,,,,inventory_membership|linguistic_expansion_vs_entity_or_numeral,"[{""page_title"":"""",""path"":""data/mined/candidate_table.csv"",""record"":523,""source"":""wiktionary""},{""page_title"":""ד\""ר"",""path"":""data/mined/merged_counts.csv"",""record"":657,""source"":""wiktionary""},{""page_title"":""ד\""ר"",""path"":""data/mined/wiktionary/wiktionary_counts.csv"",""record"":633,""source"":""wiktionary""}]","[{""path"":""data/mined/duplicate_review.csv"",""record"":163}]","Reuse linked type-level Ben reviews without automatically merging senses; export presence is evidence to inspect, not semantic approval. Occurrence acceptance cannot approve this row.","[""item-a969287214e1a3657ae7de01"",""item-e6dcc481ab255ab3220016b9""]",true,"Review this existing hypothesis once for its type: independent linguistic evidence, canonical wording and any alias/merge/exclusion proposal. Preserve raw type and surface forms; do not derive a base form from sentence context.","No inventory decision is recorded. Independent export pointers exist but may name entities, events or numerals rather than valid expansions.",,
inv-309b0eaa35fbe31b35e6a7f2,inventory,C_train_natural_wikipedia,proposed_not_approved_for_application,data/study_v1/review/inventory_proposed.csv record 942,data/study_v1/review/review_decisions.csv record 5770,האר״י,,,,,,,not_recorded,,,,,,,inventory_membership|linguistic_expansion_vs_entity_or_numeral,"[{""page_title"":""האר\""י"",""path"":""data/mined/wiktionary/wiktionary_counts.csv"",""record"":678,""source"":""wiktionary""}]","[{""path"":""data/mined/duplicate_review.csv"",""record"":92},{""path"":""data/mined/duplicate_review.csv"",""record"":126},{""path"":""data/mined/duplicate_review.csv"",""record"":146}]","Reuse linked type-level Ben reviews without automatically merging senses; export presence is evidence to inspect, not semantic approval. Occurrence acceptance cannot approve this row.","[""item-24fb90899c439b7e93fc2293""]",true,"Review this existing hypothesis once for its type: independent linguistic evidence, canonical wording and any alias/merge/exclusion proposal. Preserve raw type and surface forms; do not derive a base form from sentence context.","No inventory decision is recorded. Independent export pointers exist but may name entities, events or numerals rather than valid expansions.",,
inv-443fb56ba8dcf11941cf687b,inventory,C_train_natural_wikipedia,proposed_not_approved_for_application,data/study_v1/review/inventory_proposed.csv record 943,data/study_v1/review/review_decisions.csv record 5971,האר״י,,,,,,,not_recorded,,,,,,,inventory_membership|linguistic_expansion_vs_entity_or_numeral,"[{""page_title"":"""",""path"":""data/mined/candidate_table.csv"",""record"":535,""source"":""wiktionary""},{""page_title"":""האר\""י"",""path"":""data/mined/merged_counts.csv"",""record"":669,""source"":""wiktionary""},{""page_title"":""האר\""י"",""path"":""data/mined/wiktionary/wiktionary_counts.csv"",""record"":675,""source"":""wiktionary""}]","[{""path"":""data/mined/duplicate_review.csv"",""record"":92},{""path"":""data/mined/duplicate_review.csv"",""record"":126},{""path"":""data/mined/duplicate_review.csv"",""record"":146}]","Reuse linked type-level Ben reviews without automatically merging senses; export presence is evidence to inspect, not semantic approval. Occurrence acceptance cannot approve this row.","[""item-24fb90899c439b7e93fc2293""]",true,"Review this existing hypothesis once for its type: independent linguistic evidence, canonical wording and any alias/merge/exclusion proposal. Preserve raw type and surface forms; do not derive a base form from sentence context.","No inventory decision is recorded. Independent export pointers exist but may name entities, events or numerals rather than valid expansions.",,
inv-5b13b781aedfc1ac253c9aa7,inventory,C_train_natural_wikipedia,proposed_not_approved_for_application,data/study_v1/review/inventory_proposed.csv record 944,data/study_v1/review/review_decisions.csv record 6199,האר״י,,,,,,,not_recorded,,,,,,,inventory_membership|linguistic_expansion_vs_entity_or_numeral,"[{""page_title"":""האר\""י"",""path"":""data/mined/wiktionary/wiktionary_counts.csv"",""record"":676,""source"":""wiktionary""}]","[{""path"":""data/mined/duplicate_review.csv"",""record"":92},{""path"":""data/mined/duplicate_review.csv"",""record"":126},{""path"":""data/mined/duplicate_review.csv"",""record"":146}]","Reuse linked type-level Ben reviews without automatically merging senses; export presence is evidence to inspect, not semantic approval. Occurrence acceptance cannot approve this row.","[""item-24fb90899c439b7e93fc2293""]",true,"Review this existing hypothesis once for its type: independent linguistic evidence, canonical wording and any alias/merge/exclusion proposal. Preserve raw type and surface forms; do not derive a base form from sentence context.","No inventory decision is recorded. Independent export pointers exist but may name entities, events or numerals rather than valid expansions.",,
inv-a0433fe376ead34c687935a0,inventory,C_train_natural_wikipedia,proposed_not_approved_for_application,data/study_v1/review/inventory_proposed.csv record 945,data/study_v1/review/review_decisions.csv record 6884,האר״י,,,,,,,not_recorded,,,,,,,inventory_membership|linguistic_expansion_vs_entity_or_numeral,"[{""page_title"":"""",""path"":""data/mined/candidate_table.csv"",""record"":534,""source"":""wiktionary""},{""page_title"":""האר\""י"",""path"":""data/mined/merged_counts.csv"",""record"":668,""source"":""wiktionary""},{""page_title"":""האר\""י"",""path"":""data/mined/wiktionary/wiktionary_counts.csv"",""record"":677,""source"":""wiktionary""}]","[{""path"":""data/mined/duplicate_review.csv"",""record"":92},{""path"":""data/mined/duplicate_review.csv"",""record"":126},{""path"":""data/mined/duplicate_review.csv"",""record"":146}]","Reuse linked type-level Ben reviews without automatically merging senses; export presence is evidence to inspect, not semantic approval. Occurrence acceptance cannot approve this row.","[""item-24fb90899c439b7e93fc2293""]",true,"Review this existing hypothesis once for its type: independent linguistic evidence, canonical wording and any alias/merge/exclusion proposal. Preserve raw type and surface forms; do not derive a base form from sentence context.","No inventory decision is recorded. Independent export pointers exist but may name entities, events or numerals rather than valid expansions.",,
inv-b73c29e64d65a3de9bf09e32,inventory,C_train_natural_wikipedia,proposed_not_approved_for_application,data/study_v1/review/inventory_proposed.csv record 947,data/study_v1/review/review_decisions.csv record 7141,האר״י,,,,,,,not_recorded,,,,,,,inventory_membership|linguistic_expansion_vs_entity_or_numeral,"[{""page_title"":"""",""path"":""data/mined/candidate_table.csv"",""record"":533,""source"":""wiktionary""},{""page_title"":""האר\""י"",""path"":""data/mined/merged_counts.csv"",""record"":667,""source"":""wiktionary""},{""page_title"":""האר\""י"",""path"":""data/mined/wiktionary/wiktionary_counts.csv"",""record"":674,""source"":""wiktionary""}]","[{""path"":""data/mined/duplicate_review.csv"",""record"":92},{""path"":""data/mined/duplicate_review.csv"",""record"":126},{""path"":""data/mined/duplicate_review.csv"",""record"":146}]","Reuse linked type-level Ben reviews without automatically merging senses; export presence is evidence to inspect, not semantic approval. Occurrence acceptance cannot approve this row.","[""item-24fb90899c439b7e93fc2293""]",true,"Review this existing hypothesis once for its type: independent linguistic evidence, canonical wording and any alias/merge/exclusion proposal. Preserve raw type and surface forms; do not derive a base form from sentence context.","No inventory decision is recorded. Independent export pointers exist but may name entities, events or numerals rather than valid expansions.",,
inv-f143705f9bdd7864cd736e92,inventory,C_train_natural_wikipedia,proposed_not_approved_for_application,data/study_v1/review/inventory_proposed.csv record 946,data/study_v1/review/review_decisions.csv record 5053,האר״י,,,,,,,not_recorded,,,,,,,inventory_membership|linguistic_expansion_vs_entity_or_numeral,"[{""page_title"":"""",""path"":""data/mined/candidate_table.csv"",""record"":2177,""source"":""gematria""}]","[{""path"":""data/mined/duplicate_review.csv"",""record"":92},{""path"":""data/mined/duplicate_review.csv"",""record"":126},{""path"":""data/mined/duplicate_review.csv"",""record"":146}]","Reuse linked type-level Ben reviews without automatically merging senses; export presence is evidence to inspect, not semantic approval. Occurrence acceptance cannot approve this row.","[""item-24fb90899c439b7e93fc2293""]",true,"Review this existing hypothesis once for its type: independent linguistic evidence, canonical wording and any alias/merge/exclusion proposal. Preserve raw type and surface forms; do not derive a base form from sentence context.","No inventory decision is recorded. Independent export pointers exist but may name entities, events or numerals rather than valid expansions.",,gematria_string_rule_proposed
inv-301885ae62602cdb498f41ae,inventory,C_train_natural_wikipedia,proposed_not_approved_for_application,data/study_v1/review/inventory_proposed.csv record 1106,data/study_v1/review/review_decisions.csv record 5762,ז״ל,,,,,,,not_recorded,,,,,,,inventory_membership|linguistic_expansion_vs_entity_or_numeral,"[{""page_title"":"""",""path"":""data/mined/candidate_table.csv"",""record"":626,""source"":""wiktionary""},{""page_title"":""ז\""ל"",""path"":""data/mined/merged_counts.csv"",""record"":789,""source"":""wiktionary""},{""page_title"":""ז\""ל"",""path"":""data/mined/wiktionary/wiktionary_counts.csv"",""record"":769,""source"":""wiktionary""}]",[],"No linked type-level Ben review is established for this row. Export presence is evidence to inspect, not semantic approval. Occurrence acceptance cannot approve this row.","[""item-db8f78ceb171e8a5ca2a0389""]",true,"Review this existing hypothesis once for its type: independent linguistic evidence, canonical wording and any alias/merge/exclusion proposal. Preserve raw type and surface forms; do not derive a base form from sentence context.","No inventory decision is recorded. Independent export pointers exist but may name entities, events or numerals rather than valid expansions.",,
inv-43aff7fd4944f388eef15be0,inventory,C_train_natural_wikipedia,proposed_not_approved_for_application,data/study_v1/review/inventory_proposed.csv record 1103,data/study_v1/review/review_decisions.csv record 5964,ז״ל,,,,,,,not_recorded,,,,,,,inventory_membership|linguistic_expansion_vs_entity_or_numeral,"[{""page_title"":"""",""path"":""data/mined/candidate_table.csv"",""record"":628,""source"":""wiktionary""},{""page_title"":""ז\""ל"",""path"":""data/mined/merged_counts.csv"",""record"":791,""source"":""wiktionary""},{""page_title"":""ז\""ל"",""path"":""data/mined/wiktionary/wiktionary_counts.csv"",""record"":766,""source"":""wiktionary""}]",[],"No linked type-level Ben review is established for this row. Export presence is evidence to inspect, not semantic approval. Occurrence acceptance cannot approve this row.","[""item-db8f78ceb171e8a5ca2a0389""]",true,"Review this existing hypothesis once for its type: independent linguistic evidence, canonical wording and any alias/merge/exclusion proposal. Preserve raw type and surface forms; do not derive a base form from sentence context.","No inventory decision is recorded. Independent export pointers exist but may name entities, events or numerals rather than valid expansions.",,
inv-4c08515057c68b5d279eac1c,inventory,C_train_natural_wikipedia,proposed_not_approved_for_application,data/study_v1/review/inventory_proposed.csv record 1105,data/study_v1/review/review_decisions.csv record 6051,ז״ל,,,,,,,not_recorded,,,,,,,inventory_membership|linguistic_expansion_vs_entity_or_numeral,"[{""page_title"":"""",""path"":""data/mined/candidate_table.csv"",""record"":629,""source"":""wiktionary""},{""page_title"":""ז\""ל"",""path"":""data/mined/merged_counts.csv"",""record"":792,""source"":""wiktionary""},{""page_title"":""ז\""ל"",""path"":""data/mined/wiktionary/wiktionary_counts.csv"",""record"":768,""source"":""wiktionary""}]",[],"No linked type-level Ben review is established for this row. Export presence is evidence to inspect, not semantic approval. Occurrence acceptance cannot approve this row.","[""item-db8f78ceb171e8a5ca2a0389""]",true,"Review this existing hypothesis once for its type: independent linguistic evidence, canonical wording and any alias/merge/exclusion proposal. Preserve raw type and surface forms; do not derive a base form from sentence context.","No inventory decision is recorded. Independent export pointers exist but may name entities, events or numerals rather than valid expansions.",,
inv-7772820fcf7fc3a68d88c770,inventory,C_train_natural_wikipedia,proposed_not_approved_for_application,data/study_v1/review/inventory_proposed.csv record 1100,data/study_v1/review/review_decisions.csv record 6466,ז״ל,,,,,,,not_recorded,,,,,,,inventory_membership|linguistic_expansion_vs_entity_or_numeral,"[{""page_title"":"""",""path"":""data/mined/candidate_table.csv"",""record"":630,""source"":""wiktionary""},{""page_title"":""ז\""ל"",""path"":""data/mined/merged_counts.csv"",""record"":793,""source"":""wiktionary""},{""page_title"":""ז\""ל"",""path"":""data/mined/wiktionary/wiktionary_counts.csv"",""record"":763,""source"":""wiktionary""}]",[],"No linked type-level Ben review is established for this row. Export presence is evidence to inspect, not semantic approval. Occurrence acceptance cannot approve this row.","[""item-db8f78ceb171e8a5ca2a0389""]",true,"Review this existing hypothesis once for its type: independent linguistic evidence, canonical wording and any alias/merge/exclusion proposal. Preserve raw type and surface forms; do not derive a base form from sentence context.","No inventory decision is recorded. Independent export pointers exist but may name entities, events or numerals rather than valid expansions.",,
inv-7d778159efdcfb924c78dada,inventory,C_train_natural_wikipedia,proposed_not_approved_for_application,data/study_v1/review/inventory_proposed.csv record 1104,data/study_v1/review/review_decisions.csv record 6533,ז״ל,,,,,,,not_recorded,,,,,,,inventory_membership|linguistic_expansion_vs_entity_or_numeral,"[{""page_title"":"""",""path"":""data/mined/candidate_table.csv"",""record"":632,""source"":""wiktionary""},{""page_title"":""ז\""ל"",""path"":""data/mined/merged_counts.csv"",""record"":795,""source"":""wiktionary""},{""page_title"":""ז\""ל"",""path"":""data/mined/wiktionary/wiktionary_counts.csv"",""record"":767,""source"":""wiktionary""}]",[],"No linked type-level Ben review is established for this row. Export presence is evidence to inspect, not semantic approval. Occurrence acceptance cannot approve this row.","[""item-db8f78ceb171e8a5ca2a0389""]",true,"Review this existing hypothesis once for its type: independent linguistic evidence, canonical wording and any alias/merge/exclusion proposal. Preserve raw type and surface forms; do not derive a base form from sentence context.","No inventory decision is recorded. Independent export pointers exist but may name entities, events or numerals rather than valid expansions.",,
inv-842d7bc2a8d31dab743b9a35,inventory,C_train_natural_wikipedia,proposed_not_approved_for_application,data/study_v1/review/inventory_proposed.csv record 1102,data/study_v1/review/review_decisions.csv record 6607,ז״ל,,,,,,,not_recorded,,,,,,,inventory_membership|linguistic_expansion_vs_entity_or_numeral,"[{""page_title"":"""",""path"":""data/mined/candidate_table.csv"",""record"":631,""source"":""wiktionary""},{""page_title"":""ז\""ל"",""path"":""data/mined/merged_counts.csv"",""record"":794,""source"":""wiktionary""},{""page_title"":""ז\""ל"",""path"":""data/mined/wiktionary/wiktionary_counts.csv"",""record"":765,""source"":""wiktionary""}]",[],"No linked type-level Ben review is established for this row. Export presence is evidence to inspect, not semantic approval. Occurrence acceptance cannot approve this row.","[""item-db8f78ceb171e8a5ca2a0389""]",true,"Review this existing hypothesis once for its type: independent linguistic evidence, canonical wording and any alias/merge/exclusion proposal. Preserve raw type and surface forms; do not derive a base form from sentence context.","No inventory decision is recorded. Independent export pointers exist but may name entities, events or numerals rather than valid expansions.",,
inv-c33388d9020b7c0f5fdaabde,inventory,C_train_natural_wikipedia,proposed_not_approved_for_application,data/study_v1/review/inventory_proposed.csv record 1107,data/study_v1/review/review_decisions.csv record 4946,ז״ל,,,,,,,not_recorded,,,,,,,inventory_membership|linguistic_expansion_vs_entity_or_numeral,"[{""page_title"":"""",""path"":""data/mined/candidate_table.csv"",""record"":2209,""source"":""gematria""}]",[],"No linked type-level Ben review is established for this row. Export presence is evidence to inspect, not semantic approval. Occurrence acceptance cannot approve this row.","[""item-db8f78ceb171e8a5ca2a0389""]",true,"Review this existing hypothesis once for its type: independent linguistic evidence, canonical wording and any alias/merge/exclusion proposal. Preserve raw type and surface forms; do not derive a base form from sentence context.","No inventory decision is recorded. Independent export pointers exist but may name entities, events or numerals rather than valid expansions.",,gematria_string_rule_proposed
inv-ded3a8d345ef9a502b62b15b,inventory,C_train_natural_wikipedia,proposed_not_approved_for_application,data/study_v1/review/inventory_proposed.csv record 1101,data/study_v1/review/review_decisions.csv record 7570,ז״ל,,,,,,,not_recorded,,,,,,,inventory_membership|linguistic_expansion_vs_entity_or_numeral,"[{""page_title"":"""",""path"":""data/mined/candidate_table.csv"",""record"":627,""source"":""wiktionary""},{""page_title"":""ז\""ל"",""path"":""data/mined/merged_counts.csv"",""record"":790,""source"":""wiktionary""},{""page_title"":""ז\""ל"",""path"":""data/mined/wiktionary/wiktionary_counts.csv"",""record"":764,""source"":""wiktionary""}]",[],"No linked type-level Ben review is established for this row. Export presence is evidence to inspect, not semantic approval. Occurrence acceptance cannot approve this row.","[""item-db8f78ceb171e8a5ca2a0389""]",true,"Review this existing hypothesis once for its type: independent linguistic evidence, canonical wording and any alias/merge/exclusion proposal. Preserve raw type and surface forms; do not derive a base form from sentence context.","No inventory decision is recorded. Independent export pointers exist but may name entities, events or numerals rather than valid expansions.",,
inv-6d4e813b2e09f33dacc23f38,inventory,C_train_natural_wikipedia,proposed_not_approved_for_application,data/study_v1/review/inventory_proposed.csv record 1438,data/study_v1/review/review_decisions.csv record 6361,י״ל,,,,,,,not_recorded,,,,,,,inventory_membership|linguistic_expansion_vs_entity_or_numeral,"[{""page_title"":"""",""path"":""data/mined/candidate_table.csv"",""record"":839,""source"":""wiktionary""},{""page_title"":""י\""ל"",""path"":""data/mined/merged_counts.csv"",""record"":1043,""source"":""wiktionary""},{""page_title"":""י\""ל"",""path"":""data/mined/wiktionary/wiktionary_counts.csv"",""record"":957,""source"":""wiktionary""}]",[],"No linked type-level Ben review is established for this row. Export presence is evidence to inspect, not semantic approval. Occurrence acceptance cannot approve this row.","[""item-a0a14e2f9c94c3e92bc4d8d3"",""item-af2bfac6bc44ec1ca0071cfc""]",true,"Review this existing hypothesis once for its type: independent linguistic evidence, canonical wording and any alias/merge/exclusion proposal. Preserve raw type and surface forms; do not derive a base form from sentence context.","No inventory decision is recorded. Independent export pointers exist but may name entities, events or numerals rather than valid expansions.",,
inv-9a8ac11e07c71d56e5216c4c,inventory,C_train_natural_wikipedia,proposed_not_approved_for_application,data/study_v1/review/inventory_proposed.csv record 1442,data/study_v1/review/review_decisions.csv record 6832,י״ל,,,,,,,not_recorded,,,,,,,inventory_membership|linguistic_expansion_vs_entity_or_numeral,"[{""page_title"":"""",""path"":""data/mined/candidate_table.csv"",""record"":838,""source"":""wiktionary""},{""page_title"":""י\""ל"",""path"":""data/mined/merged_counts.csv"",""record"":1042,""source"":""wiktionary""},{""page_title"":""י\""ל"",""path"":""data/mined/wiktionary/wiktionary_counts.csv"",""record"":956,""source"":""wiktionary""}]",[],"No linked type-level Ben review is established for this row. Export presence is evidence to inspect, not semantic approval. Occurrence acceptance cannot approve this row.","[""item-a0a14e2f9c94c3e92bc4d8d3"",""item-af2bfac6bc44ec1ca0071cfc""]",true,"Review this existing hypothesis once for its type: independent linguistic evidence, canonical wording and any alias/merge/exclusion proposal. Preserve raw type and surface forms; do not derive a base form from sentence context.","No inventory decision is recorded. Independent export pointers exist but may name entities, events or numerals rather than valid expansions.",,
inv-c6835359d064363d11df7304,inventory,C_train_natural_wikipedia,proposed_not_approved_for_application,data/study_v1/review/inventory_proposed.csv record 1439,data/study_v1/review/review_decisions.csv record 7306,י״ל,,,,,,,not_recorded,,,,,,,inventory_membership|linguistic_expansion_vs_entity_or_numeral,"[{""page_title"":"""",""path"":""data/mined/candidate_table.csv"",""record"":840,""source"":""wiktionary""},{""page_title"":""י\""ל"",""path"":""data/mined/merged_counts.csv"",""record"":1044,""source"":""wiktionary""},{""page_title"":""י\""ל"",""path"":""data/mined/wiktionary/wiktionary_counts.csv"",""record"":958,""source"":""wiktionary""}]",[],"No linked type-level Ben review is established for this row. Export presence is evidence to inspect, not semantic approval. Occurrence acceptance cannot approve this row.","[""item-a0a14e2f9c94c3e92bc4d8d3"",""item-af2bfac6bc44ec1ca0071cfc""]",true,"Review this existing hypothesis once for its type: independent linguistic evidence, canonical wording and any alias/merge/exclusion proposal. Preserve raw type and surface forms; do not derive a base form from sentence context.","No inventory decision is recorded. Independent export pointers exist but may name entities, events or numerals rather than valid expansions.",,
inv-cca4ddeff5dd0944169827ed,inventory,C_train_natural_wikipedia,proposed_not_approved_for_application,data/study_v1/review/inventory_proposed.csv record 1441,data/study_v1/review/review_decisions.csv record 7382,י״ל,,,,,,,not_recorded,,,,,,,inventory_membership|linguistic_expansion_vs_entity_or_numeral,"[{""page_title"":"""",""path"":""data/mined/candidate_table.csv"",""record"":837,""source"":""wiktionary""},{""page_title"":""י\""ל"",""path"":""data/mined/merged_counts.csv"",""record"":1041,""source"":""wiktionary""},{""page_title"":""י\""ל"",""path"":""data/mined/wiktionary/wiktionary_counts.csv"",""record"":955,""source"":""wiktionary""}]",[],"No linked type-level Ben review is established for this row. Export presence is evidence to inspect, not semantic approval. Occurrence acceptance cannot approve this row.","[""item-a0a14e2f9c94c3e92bc4d8d3"",""item-af2bfac6bc44ec1ca0071cfc""]",true,"Review this existing hypothesis once for its type: independent linguistic evidence, canonical wording and any alias/merge/exclusion proposal. Preserve raw type and surface forms; do not derive a base form from sentence context.","No inventory decision is recorded. Independent export pointers exist but may name entities, events or numerals rather than valid expansions.",,
inv-d65a9e4ffd92a4e3fd919cb7,inventory,C_train_natural_wikipedia,proposed_not_approved_for_application,data/study_v1/review/inventory_proposed.csv record 1440,data/study_v1/review/review_decisions.csv record 7478,י״ל,,,,,,,not_recorded,,,,,,,inventory_membership|linguistic_expansion_vs_entity_or_numeral,"[{""page_title"":"""",""path"":""data/mined/candidate_table.csv"",""record"":841,""source"":""wiktionary""},{""page_title"":""י\""ל"",""path"":""data/mined/merged_counts.csv"",""record"":1045,""source"":""wiktionary""},{""page_title"":""י\""ל"",""path"":""data/mined/wiktionary/wiktionary_counts.csv"",""record"":954,""source"":""wiktionary""}]",[],"No linked type-level Ben review is established for this row. Export presence is evidence to inspect, not semantic approval. Occurrence acceptance cannot approve this row.","[""item-a0a14e2f9c94c3e92bc4d8d3"",""item-af2bfac6bc44ec1ca0071cfc""]",true,"Review this existing hypothesis once for its type: independent linguistic evidence, canonical wording and any alias/merge/exclusion proposal. Preserve raw type and surface forms; do not derive a base form from sentence context.","No inventory decision is recorded. Independent export pointers exist but may name entities, events or numerals rather than valid expansions.",,
inv-e5c65ffeccdaa59c8ea1cf64,inventory,C_train_natural_wikipedia,proposed_not_approved_for_application,data/study_v1/review/inventory_proposed.csv record 1437,data/study_v1/review/review_decisions.csv record 5027,י״ל,,,,,,,not_recorded,,,,,,,inventory_membership|linguistic_expansion_vs_entity_or_numeral,"[{""page_title"":"""",""path"":""data/mined/candidate_table.csv"",""record"":2285,""source"":""gematria""}]",[],"No linked type-level Ben review is established for this row. Export presence is evidence to inspect, not semantic approval. Occurrence acceptance cannot approve this row.","[""item-a0a14e2f9c94c3e92bc4d8d3"",""item-af2bfac6bc44ec1ca0071cfc""]",true,"Review this existing hypothesis once for its type: independent linguistic evidence, canonical wording and any alias/merge/exclusion proposal. Preserve raw type and surface forms; do not derive a base form from sentence context.","No inventory decision is recorded. Independent export pointers exist but may name entities, events or numerals rather than valid expansions.",,gematria_string_rule_proposed
inv-0550abfb388e66838de23b82,inventory,C_train_natural_wikipedia,proposed_not_approved_for_application,data/study_v1/review/inventory_proposed.csv record 1479,data/study_v1/review/review_decisions.csv record 4444,כ״א,,,,,,,not_recorded,,,,,,,inventory_membership|linguistic_expansion_vs_entity_or_numeral,"[{""page_title"":"""",""path"":""data/mined/candidate_table.csv"",""record"":867,""source"":""wiktionary""},{""page_title"":""כ\""א"",""path"":""data/mined/merged_counts.csv"",""record"":1079,""source"":""wiktionary""},{""page_title"":""כ\""א"",""path"":""data/mined/wiktionary/wiktionary_counts.csv"",""record"":1000,""source"":""wiktionary""}]",[],"No linked type-level Ben review is established for this row. Export presence is evidence to inspect, not semantic approval. Occurrence acceptance cannot approve this row.","[""item-1bac54a99f447b764d3d85c6"",""item-3e8ce1b70f53b6e322fb573a""]",true,"Review this existing hypothesis once for its type: independent linguistic evidence, canonical wording and any alias/merge/exclusion proposal. Preserve raw type and surface forms; do not derive a base form from sentence context.","No inventory decision is recorded. Independent export pointers exist but may name entities, events or numerals rather than valid expansions.",,gematria_string_rule_proposed
inv-1da11294f2bf16d6371cc9b2,inventory,C_train_natural_wikipedia,proposed_not_approved_for_application,data/study_v1/review/inventory_proposed.csv record 1486,data/study_v1/review/review_decisions.csv record 4509,כ״א,,,,,,,not_recorded,,,,,,,inventory_membership|linguistic_expansion_vs_entity_or_numeral,"[{""page_title"":"""",""path"":""data/mined/candidate_table.csv"",""record"":2293,""source"":""gematria""}]",[],"No linked type-level Ben review is established for this row. Export presence is evidence to inspect, not semantic approval. Occurrence acceptance cannot approve this row.","[""item-1bac54a99f447b764d3d85c6"",""item-3e8ce1b70f53b6e322fb573a""]",true,"Review this existing hypothesis once for its type: independent linguistic evidence, canonical wording and any alias/merge/exclusion proposal. Preserve raw type and surface forms; do not derive a base form from sentence context.","No inventory decision is recorded. Independent export pointers exist but may name entities, events or numerals rather than valid expansions.",,gematria_string_rule_proposed
inv-423b2336c21ba3092f602a9c,inventory,C_train_natural_wikipedia,proposed_not_approved_for_application,data/study_v1/review/inventory_proposed.csv record 1484,data/study_v1/review/review_decisions.csv record 5949,כ״א,,,,,,,not_recorded,,,,,,,inventory_membership|linguistic_expansion_vs_entity_or_numeral,"[{""page_title"":"""",""path"":""data/mined/candidate_table.csv"",""record"":861,""source"":""wiktionary""},{""page_title"":""כ\""א"",""path"":""data/mined/merged_counts.csv"",""record"":1073,""source"":""wiktionary""},{""page_title"":""כ\""א"",""path"":""data/mined/wiktionary/wiktionary_counts.csv"",""record"":1004,""source"":""wiktionary""}]",[],"No linked type-level Ben review is established for this row. Export presence is evidence to inspect, not semantic approval. Occurrence acceptance cannot approve this row.","[""item-1bac54a99f447b764d3d85c6"",""item-3e8ce1b70f53b6e322fb573a""]",true,"Review this existing hypothesis once for its type: independent linguistic evidence, canonical wording and any alias/merge/exclusion proposal. Preserve raw type and surface forms; do not derive a base form from sentence context.","No inventory decision is recorded. Independent export pointers exist but may name entities, events or numerals rather than valid expansions.",,
inv-77fe144e9c70b08d403a01a9,inventory,C_train_natural_wikipedia,proposed_not_approved_for_application,data/study_v1/review/inventory_proposed.csv record 1480,data/study_v1/review/review_decisions.csv record 6469,כ״א,,,,,,,not_recorded,,,,,,,inventory_membership|linguistic_expansion_vs_entity_or_numeral,"[{""page_title"":"""",""path"":""data/mined/candidate_table.csv"",""record"":863,""source"":""wiktionary""},{""page_title"":""כ\""א"",""path"":""data/mined/merged_counts.csv"",""record"":1075,""source"":""wiktionary""},{""page_title"":""כ\""א"",""path"":""data/mined/wiktionary/wiktionary_counts.csv"",""record"":1001,""source"":""wiktionary""}]",[],"No linked type-level Ben review is established for this row. Export presence is evidence to inspect, not semantic approval. Occurrence acceptance cannot approve this row.","[""item-1bac54a99f447b764d3d85c6"",""item-3e8ce1b70f53b6e322fb573a""]",true,"Review this existing hypothesis once for its type: independent linguistic evidence, canonical wording and any alias/merge/exclusion proposal. Preserve raw type and surface forms; do not derive a base form from sentence context.","No inventory decision is recorded. Independent export pointers exist but may name entities, events or numerals rather than valid expansions.",,
inv-78205fdf2782904ab9613469,inventory,C_train_natural_wikipedia,proposed_not_approved_for_application,data/study_v1/review/inventory_proposed.csv record 1482,data/study_v1/review/review_decisions.csv record 6471,כ״א,,,,,,,not_recorded,,,,,,,inventory_membership|linguistic_expansion_vs_entity_or_numeral,"[{""page_title"":"""",""path"":""data/mined/candidate_table.csv"",""record"":864,""source"":""wiktionary""},{""page_title"":""כ\""א"",""path"":""data/mined/merged_counts.csv"",""record"":1076,""source"":""wiktionary""},{""page_title"":""כ\""א"",""path"":""data/mined/wiktionary/wiktionary_counts.csv"",""record"":1003,""source"":""wiktionary""}]",[],"No linked type-level Ben review is established for this row. Export presence is evidence to inspect, not semantic approval. Occurrence acceptance cannot approve this row.","[""item-1bac54a99f447b764d3d85c6"",""item-3e8ce1b70f53b6e322fb573a""]",true,"Review this existing hypothesis once for its type: independent linguistic evidence, canonical wording and any alias/merge/exclusion proposal. Preserve raw type and surface forms; do not derive a base form from sentence context.","No inventory decision is recorded. Independent export pointers exist but may name entities, events or numerals rather than valid expansions.",,
inv-a11b9edcbdc2bad82c47f01a,inventory,C_train_natural_wikipedia,proposed_not_approved_for_application,data/study_v1/review/inventory_proposed.csv record 1483,data/study_v1/review/review_decisions.csv record 6895,כ״א,,,,,,,not_recorded,,,,,,,inventory_membership|linguistic_expansion_vs_entity_or_numeral,"[{""page_title"":"""",""path"":""data/mined/candidate_table.csv"",""record"":866,""source"":""wiktionary""},{""page_title"":""כ\""א"",""path"":""data/mined/merged_counts.csv"",""record"":1078,""source"":""wiktionary""},{""page_title"":""כ\""א"",""path"":""data/mined/wiktionary/wiktionary_counts.csv"",""record"":1006,""source"":""wiktionary""}]",[],"No linked type-level Ben review is established for this row. Export presence is evidence to inspect, not semantic approval. Occurrence acceptance cannot approve this row.","[""item-1bac54a99f447b764d3d85c6"",""item-3e8ce1b70f53b6e322fb573a""]",true,"Review this existing hypothesis once for its type: independent linguistic evidence, canonical wording and any alias/merge/exclusion proposal. Preserve raw type and surface forms; do not derive a base form from sentence context.","No inventory decision is recorded. Independent export pointers exist but may name entities, events or numerals rather than valid expansions.",,
inv-a26faa26a434f3edf01b45f9,inventory,C_train_natural_wikipedia,proposed_not_approved_for_application,data/study_v1/review/inventory_proposed.csv record 1481,data/study_v1/review/review_decisions.csv record 6904,כ״א,,,,,,,not_recorded,,,,,,,inventory_membership|linguistic_expansion_vs_entity_or_numeral,"[{""page_title"":"""",""path"":""data/mined/candidate_table.csv"",""record"":862,""source"":""wiktionary""},{""page_title"":""כ\""א"",""path"":""data/mined/merged_counts.csv"",""record"":1074,""source"":""wiktionary""},{""page_title"":""כ\""א"",""path"":""data/mined/wiktionary/wiktionary_counts.csv"",""record"":1002,""source"":""wiktionary""}]",[],"No linked type-level Ben review is established for this row. Export presence is evidence to inspect, not semantic approval. Occurrence acceptance cannot approve this row.","[""item-1bac54a99f447b764d3d85c6"",""item-3e8ce1b70f53b6e322fb573a""]",true,"Review this existing hypothesis once for its type: independent linguistic evidence, canonical wording and any alias/merge/exclusion proposal. Preserve raw type and surface forms; do not derive a base form from sentence context.","No inventory decision is recorded. Independent export pointers exist but may name entities, events or numerals rather than valid expansions.",,
inv-d006d03ed8e988c48ff04f66,inventory,C_train_natural_wikipedia,proposed_not_approved_for_application,data/study_v1/review/inventory_proposed.csv record 1485,data/study_v1/review/review_decisions.csv record 7418,כ״א,,,,,,,not_recorded,,,,,,,inventory_membership|linguistic_expansion_vs_entity_or_numeral,"[{""page_title"":"""",""path"":""data/mined/candidate_table.csv"",""record"":865,""source"":""wiktionary""},{""page_title"":""כ\""א"",""path"":""data/mined/merged_counts.csv"",""record"":1077,""source"":""wiktionary""},{""page_title"":""כ\""א"",""path"":""data/mined/wiktionary/wiktionary_counts.csv"",""record"":1005,""source"":""wiktionary""}]",[],"No linked type-level Ben review is established for this row. Export presence is evidence to inspect, not semantic approval. Occurrence acceptance cannot approve this row.","[""item-1bac54a99f447b764d3d85c6"",""item-3e8ce1b70f53b6e322fb573a""]",true,"Review this existing hypothesis once for its type: independent linguistic evidence, canonical wording and any alias/merge/exclusion proposal. Preserve raw type and surface forms; do not derive a base form from sentence context.","No inventory decision is recorded. Independent export pointers exist but may name entities, events or numerals rather than valid expansions.",,
inv-3982d6a1556251190cd6932c,inventory,C_train_natural_wikipedia,proposed_not_approved_for_application,data/study_v1/review/inventory_proposed.csv record 1612,data/study_v1/review/review_decisions.csv record 4597,מג״ב,,,,,,,not_recorded,,,,,,,inventory_membership|linguistic_expansion_vs_entity_or_numeral,"[{""page_title"":"""",""path"":""data/mined/candidate_table.csv"",""record"":2326,""source"":""gematria""}]",[],"No linked type-level Ben review is established for this row. Export presence is evidence to inspect, not semantic approval. Occurrence acceptance cannot approve this row.","[""item-4e3237f86bca3cbfe994fada""]",true,"Review this existing hypothesis once for its type: independent linguistic evidence, canonical wording and any alias/merge/exclusion proposal. Preserve raw type and surface forms; do not derive a base form from sentence context.","No inventory decision is recorded. Independent export pointers exist but may name entities, events or numerals rather than valid expansions.",,gematria_string_rule_proposed
inv-a3c4c1f1cdb6345de09aab27,inventory,C_train_natural_wikipedia,proposed_not_approved_for_application,data/study_v1/review/inventory_proposed.csv record 1614,data/study_v1/review/review_decisions.csv record 6918,מג״ב,,,,,,,not_recorded,,,,,,,inventory_membership|linguistic_expansion_vs_entity_or_numeral,"[{""page_title"":"""",""path"":""data/mined/candidate_table.csv"",""record"":953,""source"":""wiktionary""},{""page_title"":""מג\""ב"",""path"":""data/mined/merged_counts.csv"",""record"":1172,""source"":""wiktionary""},{""page_title"":""מג\""ב"",""path"":""data/mined/wiktionary/wiktionary_counts.csv"",""record"":1256,""source"":""wiktionary""}]",[],"No linked type-level Ben review is established for this row. Export presence is evidence to inspect, not semantic approval. Occurrence acceptance cannot approve this row.","[""item-4e3237f86bca3cbfe994fada""]",true,"Review this existing hypothesis once for its type: independent linguistic evidence, canonical wording and any alias/merge/exclusion proposal. Preserve raw type and surface forms; do not derive a base form from sentence context.","No inventory decision is recorded. Independent export pointers exist but may name entities, events or numerals rather than valid expansions.",,
inv-cb83e0f995b068973c30970c,inventory,C_train_natural_wikipedia,proposed_not_approved_for_application,data/study_v1/review/inventory_proposed.csv record 1615,data/study_v1/review/review_decisions.csv record 7367,מג״ב,,,,,,,not_recorded,,,,,,,inventory_membership|linguistic_expansion_vs_entity_or_numeral,"[{""page_title"":"""",""path"":""data/mined/candidate_table.csv"",""record"":951,""source"":""wiktionary""},{""page_title"":""מג\""ב"",""path"":""data/mined/merged_counts.csv"",""record"":1170,""source"":""wiktionary""},{""page_title"":""מג\""ב"",""path"":""data/mined/wiktionary/wiktionary_counts.csv"",""record"":1255,""source"":""wiktionary""}]",[],"No linked type-level Ben review is established for this row. Export presence is evidence to inspect, not semantic approval. Occurrence acceptance cannot approve this row.","[""item-4e3237f86bca3cbfe994fada""]",true,"Review this existing hypothesis once for its type: independent linguistic evidence, canonical wording and any alias/merge/exclusion proposal. Preserve raw type and surface forms; do not derive a base form from sentence context.","No inventory decision is recorded. Independent export pointers exist but may name entities, events or numerals rather than valid expansions.",,
inv-e16be1a0db9b404d02aa9bf0,inventory,C_train_natural_wikipedia,proposed_not_approved_for_application,data/study_v1/review/inventory_proposed.csv record 1613,data/study_v1/review/review_decisions.csv record 7603,מג״ב,,,,,,,not_recorded,,,,,,,inventory_membership|linguistic_expansion_vs_entity_or_numeral,"[{""page_title"":"""",""path"":""data/mined/candidate_table.csv"",""record"":952,""source"":""wiktionary""},{""page_title"":""מג\""ב"",""path"":""data/mined/merged_counts.csv"",""record"":1171,""source"":""wiktionary""},{""page_title"":""מג\""ב"",""path"":""data/mined/wiktionary/wiktionary_counts.csv"",""record"":1257,""source"":""wiktionary""}]",[],"No linked type-level Ben review is established for this row. Export presence is evidence to inspect, not semantic approval. Occurrence acceptance cannot approve this row.","[""item-4e3237f86bca3cbfe994fada""]",true,"Review this existing hypothesis once for its type: independent linguistic evidence, canonical wording and any alias/merge/exclusion proposal. Preserve raw type and surface forms; do not derive a base form from sentence context.","No inventory decision is recorded. Independent export pointers exist but may name entities, events or numerals rather than valid expansions.",,
inv-5be65f695b9afe8447e6e472,inventory,C_train_natural_wikipedia,proposed_not_approved_for_application,data/study_v1/review/inventory_proposed.csv record 1897,data/study_v1/review/review_decisions.csv record 6207,ממ״ד,,,,,,,not_recorded,,,,,,,inventory_membership|linguistic_expansion_vs_entity_or_numeral,"[{""page_title"":"""",""path"":""data/mined/candidate_table.csv"",""record"":1133,""source"":""wikipedia+wiktionary""},{""page_title"":""ממ\""ד (פירושונים)"",""path"":""data/mined/merged_counts.csv"",""record"":1394,""source"":""wikipedia+wiktionary""},{""page_title"":""ממ\""ד"",""path"":""data/mined/wiktionary/wiktionary_counts.csv"",""record"":1328,""source"":""wiktionary""},{""page_title"":""ממ\""ד (פירושונים)"",""path"":""data/mined/wikipedia/bullet_counts.csv"",""record"":281,""source"":""""}]",[],"No linked type-level Ben review is established for this row. Export presence is evidence to inspect, not semantic approval. Occurrence acceptance cannot approve this row.","[""item-0cfe0e283c2b064ae943d126"",""item-7549bc28bd36fa4e592a60c4"",""item-e82e5bacd1b467beffd34756""]",true,"Review this existing hypothesis once for its type: independent linguistic evidence, canonical wording and any alias/merge/exclusion proposal. Preserve raw type and surface forms; do not derive a base form from sentence context.","No inventory decision is recorded. Independent export pointers exist but may name entities, events or numerals rather than valid expansions.",,
inv-95450bbf67e996d0da7f17d8,inventory,C_train_natural_wikipedia,proposed_not_approved_for_application,data/study_v1/review/inventory_proposed.csv record 1896,data/study_v1/review/review_decisions.csv record 6782,ממ״ד,,,,,,,not_recorded,,,,,,,inventory_membership|linguistic_expansion_vs_entity_or_numeral,"[{""page_title"":"""",""path"":""data/mined/candidate_table.csv"",""record"":1131,""source"":""wiktionary""},{""page_title"":""ממ\""ד"",""path"":""data/mined/merged_counts.csv"",""record"":1392,""source"":""wiktionary""},{""page_title"":""ממ\""ד"",""path"":""data/mined/wiktionary/wiktionary_counts.csv"",""record"":1327,""source"":""wiktionary""}]",[],"No linked type-level Ben review is established for this row. Export presence is evidence to inspect, not semantic approval. Occurrence acceptance cannot approve this row.","[""item-0cfe0e283c2b064ae943d126"",""item-7549bc28bd36fa4e592a60c4"",""item-e82e5bacd1b467beffd34756""]",true,"Review this existing hypothesis once for its type: independent linguistic evidence, canonical wording and any alias/merge/exclusion proposal. Preserve raw type and surface forms; do not derive a base form from sentence context.","No inventory decision is recorded. Independent export pointers exist but may name entities, events or numerals rather than valid expansions.",,
inv-a3ce0ec2b496f98ff42f5697,inventory,C_train_natural_wikipedia,proposed_not_approved_for_application,data/study_v1/review/inventory_proposed.csv record 1898,data/study_v1/review/review_decisions.csv record 4875,ממ״ד,,,,,,,not_recorded,,,,,,,inventory_membership|linguistic_expansion_vs_entity_or_numeral,"[{""page_title"":"""",""path"":""data/mined/candidate_table.csv"",""record"":2371,""source"":""gematria""}]",[],"No linked type-level Ben review is established for this row. Export presence is evidence to inspect, not semantic approval. Occurrence acceptance cannot approve this row.","[""item-0cfe0e283c2b064ae943d126"",""item-7549bc28bd36fa4e592a60c4"",""item-e82e5bacd1b467beffd34756""]",true,"Review this existing hypothesis once for its type: independent linguistic evidence, canonical wording and any alias/merge/exclusion proposal. Preserve raw type and surface forms; do not derive a base form from sentence context.","No inventory decision is recorded. Independent export pointers exist but may name entities, events or numerals rather than valid expansions.",,gematria_string_rule_proposed
inv-bdf64acba14951e76da5dfc5,inventory,C_train_natural_wikipedia,proposed_not_approved_for_application,data/study_v1/review/inventory_proposed.csv record 1895,data/study_v1/review/review_decisions.csv record 7204,ממ״ד,,,,,,,not_recorded,,,,,,,inventory_membership|linguistic_expansion_vs_entity_or_numeral,"[{""page_title"":"""",""path"":""data/mined/candidate_table.csv"",""record"":1132,""source"":""wikipedia""},{""page_title"":""ממ\""ד (פירושונים)"",""path"":""data/mined/merged_counts.csv"",""record"":1393,""source"":""wikipedia""},{""page_title"":""ממ\""ד (פירושונים)"",""path"":""data/mined/wikipedia/bullet_counts.csv"",""record"":282,""source"":""""}]",[],"No linked type-level Ben review is established for this row. Export presence is evidence to inspect, not semantic approval. Occurrence acceptance cannot approve this row.","[""item-0cfe0e283c2b064ae943d126"",""item-7549bc28bd36fa4e592a60c4"",""item-e82e5bacd1b467beffd34756""]",true,"Review this existing hypothesis once for its type: independent linguistic evidence, canonical wording and any alias/merge/exclusion proposal. Preserve raw type and surface forms; do not derive a base form from sentence context.","No inventory decision is recorded. Independent export pointers exist but may name entities, events or numerals rather than valid expansions.",,
inv-0cf9cd394e3f25e105bf72da,inventory,C_train_natural_wikipedia,proposed_not_approved_for_application,data/study_v1/review/inventory_proposed.csv record 2074,data/study_v1/review/review_decisions.csv record 5436,מ״מ,,,,,,,not_recorded,,,,,,,inventory_membership|linguistic_expansion_vs_entity_or_numeral,"[{""page_title"":""מ\""מ"",""path"":""data/mined/wiktionary/wiktionary_counts.csv"",""record"":1134,""source"":""wiktionary""}]","[{""path"":""data/mined/duplicate_review.csv"",""record"":18},{""path"":""data/mined/duplicate_review.csv"",""record"":98},{""path"":""data/mined/duplicate_review.csv"",""record"":167}]","Reuse linked type-level Ben reviews without automatically merging senses; export presence is evidence to inspect, not semantic approval. Occurrence acceptance cannot approve this row.","[""item-13aa1cd5f84c25ef9a4643d8"",""item-34fa28ecd66f723a2f9a6d0e"",""item-7dd94993cebf3d5e88d61510"",""item-9b1087fa0402111a68f20cd5""]",true,"Review this existing hypothesis once for its type: independent linguistic evidence, canonical wording and any alias/merge/exclusion proposal. Preserve raw type and surface forms; do not derive a base form from sentence context.","No inventory decision is recorded. Independent export pointers exist but may name entities, events or numerals rather than valid expansions.",,
inv-0f1e45840080c0bb298a4d83,inventory,C_train_natural_wikipedia,proposed_not_approved_for_application,data/study_v1/review/inventory_proposed.csv record 2081,data/study_v1/review/review_decisions.csv record 5458,מ״מ,,,,,,,not_recorded,,,,,,,inventory_membership|linguistic_expansion_vs_entity_or_numeral,"[{""page_title"":"""",""path"":""data/mined/candidate_table.csv"",""record"":1251,""source"":""wiktionary""},{""page_title"":""מ\""מ"",""path"":""data/mined/merged_counts.csv"",""record"":1531,""source"":""wiktionary""},{""page_title"":""מ\""מ"",""path"":""data/mined/wiktionary/wiktionary_counts.csv"",""record"":1146,""source"":""wiktionary""}]","[{""path"":""data/mined/duplicate_review.csv"",""record"":18},{""path"":""data/mined/duplicate_review.csv"",""record"":98},{""path"":""data/mined/duplicate_review.csv"",""record"":167}]","Reuse linked type-level Ben reviews without automatically merging senses; export presence is evidence to inspect, not semantic approval. Occurrence acceptance cannot approve this row.","[""item-13aa1cd5f84c25ef9a4643d8"",""item-34fa28ecd66f723a2f9a6d0e"",""item-7dd94993cebf3d5e88d61510"",""item-9b1087fa0402111a68f20cd5""]",true,"Review this existing hypothesis once for its type: independent linguistic evidence, canonical wording and any alias/merge/exclusion proposal. Preserve raw type and surface forms; do not derive a base form from sentence context.","No inventory decision is recorded. Independent export pointers exist but may name entities, events or numerals rather than valid expansions.",,
inv-119b11683652578b088ba721,inventory,C_train_natural_wikipedia,proposed_not_approved_for_application,data/study_v1/review/inventory_proposed.csv record 2080,data/study_v1/review/review_decisions.csv record 5477,מ״מ,,,,,,,not_recorded,,,,,,,inventory_membership|linguistic_expansion_vs_entity_or_numeral,"[{""page_title"":"""",""path"":""data/mined/candidate_table.csv"",""record"":1253,""source"":""wikipedia""},{""page_title"":""מ\""מ"",""path"":""data/mined/merged_counts.csv"",""record"":1533,""source"":""wikipedia""},{""page_title"":""מ\""מ"",""path"":""data/mined/wikipedia/bullet_counts.csv"",""record"":148,""source"":""""}]","[{""path"":""data/mined/duplicate_review.csv"",""record"":18},{""path"":""data/mined/duplicate_review.csv"",""record"":98},{""path"":""data/mined/duplicate_review.csv"",""record"":167}]","Reuse linked type-level Ben reviews without automatically merging senses; export presence is evidence to inspect, not semantic approval. Occurrence acceptance cannot approve this row.","[""item-13aa1cd5f84c25ef9a4643d8"",""item-34fa28ecd66f723a2f9a6d0e"",""item-7dd94993cebf3d5e88d61510"",""item-9b1087fa0402111a68f20cd5""]",true,"Review this existing hypothesis once for its type: independent linguistic evidence, canonical wording and any alias/merge/exclusion proposal. Preserve raw type and surface forms; do not derive a base form from sentence context.","No inventory decision is recorded. Independent export pointers exist but may name entities, events or numerals rather than valid expansions.",,
inv-28574572b4a21eea7ad8060d,inventory,C_train_natural_wikipedia,proposed_not_approved_for_application,data/study_v1/review/inventory_proposed.csv record 2075,data/study_v1/review/review_decisions.csv record 5681,מ״מ,,,,,,,not_recorded,,,,,,,inventory_membership|linguistic_expansion_vs_entity_or_numeral,"[{""page_title"":"""",""path"":""data/mined/candidate_table.csv"",""record"":1241,""source"":""wikipedia""},{""page_title"":""מ\""מ"",""path"":""data/mined/merged_counts.csv"",""record"":1521,""source"":""wikipedia""},{""page_title"":""מ\""מ"",""path"":""data/mined/wikipedia/bullet_counts.csv"",""record"":144,""source"":""""}]","[{""path"":""data/mined/duplicate_review.csv"",""record"":18},{""path"":""data/mined/duplicate_review.csv"",""record"":98},{""path"":""data/mined/duplicate_review.csv"",""record"":167}]","Reuse linked type-level Ben reviews without automatically merging senses; export presence is evidence to inspect, not semantic approval. Occurrence acceptance cannot approve this row.","[""item-13aa1cd5f84c25ef9a4643d8"",""item-34fa28ecd66f723a2f9a6d0e"",""item-7dd94993cebf3d5e88d61510"",""item-9b1087fa0402111a68f20cd5""]",true,"Review this existing hypothesis once for its type: independent linguistic evidence, canonical wording and any alias/merge/exclusion proposal. Preserve raw type and surface forms; do not derive a base form from sentence context.","No inventory decision is recorded. Independent export pointers exist but may name entities, events or numerals rather than valid expansions.",,
inv-3094344681dcab9a5752dd6b,inventory,C_train_natural_wikipedia,proposed_not_approved_for_application,data/study_v1/review/inventory_proposed.csv record 2091,data/study_v1/review/review_decisions.csv record 4566,מ״מ,,,,,,,not_recorded,,,,,,,inventory_membership|linguistic_expansion_vs_entity_or_numeral,"[{""page_title"":"""",""path"":""data/mined/candidate_table.csv"",""record"":2409,""source"":""gematria""}]","[{""path"":""data/mined/duplicate_review.csv"",""record"":18},{""path"":""data/mined/duplicate_review.csv"",""record"":98},{""path"":""data/mined/duplicate_review.csv"",""record"":167}]","Reuse linked type-level Ben reviews without automatically merging senses; export presence is evidence to inspect, not semantic approval. Occurrence acceptance cannot approve this row.","[""item-13aa1cd5f84c25ef9a4643d8"",""item-34fa28ecd66f723a2f9a6d0e"",""item-7dd94993cebf3d5e88d61510"",""item-9b1087fa0402111a68f20cd5""]",true,"Review this existing hypothesis once for its type: independent linguistic evidence, canonical wording and any alias/merge/exclusion proposal. Preserve raw type and surface forms; do not derive a base form from sentence context.","No inventory decision is recorded. Independent export pointers exist but may name entities, events or numerals rather than valid expansions.",,gematria_string_rule_proposed
inv-31b1b069ff21fcc39df8c43f,inventory,C_train_natural_wikipedia,proposed_not_approved_for_application,data/study_v1/review/inventory_proposed.csv record 2083,data/study_v1/review/review_decisions.csv record 5778,מ״מ,,,,,,,not_recorded,,,,,,,inventory_membership|linguistic_expansion_vs_entity_or_numeral,"[{""page_title"":"""",""path"":""data/mined/candidate_table.csv"",""record"":1245,""source"":""wikipedia+wiktionary""},{""page_title"":""מ\""מ"",""path"":""data/mined/merged_counts.csv"",""record"":1525,""source"":""wikipedia+wiktionary""},{""page_title"":""מ\""מ"",""path"":""data/mined/wiktionary/wiktionary_counts.csv"",""record"":1137,""source"":""wiktionary""},{""page_title"":""מ\""מ"",""path"":""data/mined/wikipedia/bullet_counts.csv"",""record"":146,""source"":""""}]","[{""path"":""data/mined/duplicate_review.csv"",""record"":18},{""path"":""data/mined/duplicate_review.csv"",""record"":98},{""path"":""data/mined/duplicate_review.csv"",""record"":167}]","Reuse linked type-level Ben reviews without automatically merging senses; export presence is evidence to inspect, not semantic approval. Occurrence acceptance cannot approve this row.","[""item-13aa1cd5f84c25ef9a4643d8"",""item-34fa28ecd66f723a2f9a6d0e"",""item-7dd94993cebf3d5e88d61510"",""item-9b1087fa0402111a68f20cd5""]",true,"Review this existing hypothesis once for its type: independent linguistic evidence, canonical wording and any alias/merge/exclusion proposal. Preserve raw type and surface forms; do not derive a base form from sentence context.","No inventory decision is recorded. Independent export pointers exist but may name entities, events or numerals rather than valid expansions.",,
inv-432fe1d5a41a7e7d1a364f48,inventory,C_train_natural_wikipedia,proposed_not_approved_for_application,data/study_v1/review/inventory_proposed.csv record 2089,data/study_v1/review/review_decisions.csv record 5959,מ״מ,,,,,,,not_recorded,,,,,,,inventory_membership|linguistic_expansion_vs_entity_or_numeral,"[{""page_title"":"""",""path"":""data/mined/candidate_table.csv"",""record"":1247,""source"":""wikipedia+wiktionary""},{""page_title"":""מ\""מ"",""path"":""data/mined/merged_counts.csv"",""record"":1527,""source"":""wikipedia+wiktionary""},{""page_title"":""מ\""מ"",""path"":""data/mined/wiktionary/wiktionary_counts.csv"",""record"":1142,""source"":""wiktionary""},{""page_title"":""מ\""מ"",""path"":""data/mined/wikipedia/bullet_counts.csv"",""record"":151,""source"":""""}]","[{""path"":""data/mined/duplicate_review.csv"",""record"":18},{""path"":""data/mined/duplicate_review.csv"",""record"":98},{""path"":""data/mined/duplicate_review.csv"",""record"":167}]","Reuse linked type-level Ben reviews without automatically merging senses; export presence is evidence to inspect, not semantic approval. Occurrence acceptance cannot approve this row.","[""item-13aa1cd5f84c25ef9a4643d8"",""item-34fa28ecd66f723a2f9a6d0e"",""item-7dd94993cebf3d5e88d61510"",""item-9b1087fa0402111a68f20cd5""]",true,"Review this existing hypothesis once for its type: independent linguistic evidence, canonical wording and any alias/merge/exclusion proposal. Preserve raw type and surface forms; do not derive a base form from sentence context.","No inventory decision is recorded. Independent export pointers exist but may name entities, events or numerals rather than valid expansions.",,
inv-574ab708fd37382d7c6d1ad2,inventory,C_train_natural_wikipedia,proposed_not_approved_for_application,data/study_v1/review/inventory_proposed.csv record 2090,data/study_v1/review/review_decisions.csv record 6168,מ״מ,,,,,,,not_recorded,,,,,,,inventory_membership|linguistic_expansion_vs_entity_or_numeral,"[{""page_title"":""מ\""מ"",""path"":""data/mined/merged_counts.csv"",""record"":1536,""source"":""wikipedia""},{""page_title"":""מ\""מ"",""path"":""data/mined/wikipedia/bullet_counts.csv"",""record"":147,""source"":""""}]","[{""path"":""data/mined/duplicate_review.csv"",""record"":18},{""path"":""data/mined/duplicate_review.csv"",""record"":98},{""path"":""data/mined/duplicate_review.csv"",""record"":167}]","Reuse linked type-level Ben reviews without automatically merging senses; export presence is evidence to inspect, not semantic approval. Occurrence acceptance cannot approve this row.","[""item-13aa1cd5f84c25ef9a4643d8"",""item-34fa28ecd66f723a2f9a6d0e"",""item-7dd94993cebf3d5e88d61510"",""item-9b1087fa0402111a68f20cd5""]",true,"Review this existing hypothesis once for its type: independent linguistic evidence, canonical wording and any alias/merge/exclusion proposal. Preserve raw type and surface forms; do not derive a base form from sentence context.","No inventory decision is recorded. Independent export pointers exist but may name entities, events or numerals rather than valid expansions.",,
inv-64362d18df518b8d7f7d880e,inventory,C_train_natural_wikipedia,proposed_not_approved_for_application,data/study_v1/review/inventory_proposed.csv record 2076,data/study_v1/review/review_decisions.csv record 6287,מ״מ,,,,,,,not_recorded,,,,,,,inventory_membership|linguistic_expansion_vs_entity_or_numeral,"[{""page_title"":"""",""path"":""data/mined/candidate_table.csv"",""record"":1254,""source"":""wiktionary""},{""page_title"":""מ\""מ"",""path"":""data/mined/merged_counts.csv"",""record"":1534,""source"":""wiktionary""},{""page_title"":""מ\""מ"",""path"":""data/mined/wiktionary/wiktionary_counts.csv"",""record"":1144,""source"":""wiktionary""}]","[{""path"":""data/mined/duplicate_review.csv"",""record"":18},{""path"":""data/mined/duplicate_review.csv"",""record"":98},{""path"":""data/mined/duplicate_review.csv"",""record"":167}]","Reuse linked type-level Ben reviews without automatically merging senses; export presence is evidence to inspect, not semantic approval. Occurrence acceptance cannot approve this row.","[""item-13aa1cd5f84c25ef9a4643d8"",""item-34fa28ecd66f723a2f9a6d0e"",""item-7dd94993cebf3d5e88d61510"",""item-9b1087fa0402111a68f20cd5""]",true,"Review this existing hypothesis once for its type: independent linguistic evidence, canonical wording and any alias/merge/exclusion proposal. Preserve raw type and surface forms; do not derive a base form from sentence context.","No inventory decision is recorded. Independent export pointers exist but may name entities, events or numerals rather than valid expansions.",,
inv-664d5dac3263ece5f22a677e,inventory,C_train_natural_wikipedia,proposed_not_approved_for_application,data/study_v1/review/inventory_proposed.csv record 2073,data/study_v1/review/review_decisions.csv record 6308,מ״מ,,,,,,,not_recorded,,,,,,,inventory_membership|linguistic_expansion_vs_entity_or_numeral,"[{""page_title"":"""",""path"":""data/mined/candidate_table.csv"",""record"":1252,""source"":""wiktionary""},{""page_title"":""מ\""מ"",""path"":""data/mined/merged_counts.csv"",""record"":1532,""source"":""wiktionary""},{""page_title"":""מ\""מ"",""path"":""data/mined/wiktionary/wiktionary_counts.csv"",""record"":1147,""source"":""wiktionary""}]","[{""path"":""data/mined/duplicate_review.csv"",""record"":18},{""path"":""data/mined/duplicate_review.csv"",""record"":98},{""path"":""data/mined/duplicate_review.csv"",""record"":167}]","Reuse linked type-level Ben reviews without automatically merging senses; export presence is evidence to inspect, not semantic approval. Occurrence acceptance cannot approve this row.","[""item-13aa1cd5f84c25ef9a4643d8"",""item-34fa28ecd66f723a2f9a6d0e"",""item-7dd94993cebf3d5e88d61510"",""item-9b1087fa0402111a68f20cd5""]",true,"Review this existing hypothesis once for its type: independent linguistic evidence, canonical wording and any alias/merge/exclusion proposal. Preserve raw type and surface forms; do not derive a base form from sentence context.","No inventory decision is recorded. Independent export pointers exist but may name entities, events or numerals rather than valid expansions.",,
inv-6b3708786484c49f4cb27e04,inventory,C_train_natural_wikipedia,proposed_not_approved_for_application,data/study_v1/review/inventory_proposed.csv record 2087,data/study_v1/review/review_decisions.csv record 6345,מ״מ,,,,,,,not_recorded,,,,,,,inventory_membership|linguistic_expansion_vs_entity_or_numeral,"[{""page_title"":"""",""path"":""data/mined/candidate_table.csv"",""record"":1248,""source"":""wikipedia+wiktionary""},{""page_title"":""מ\""מ"",""path"":""data/mined/merged_counts.csv"",""record"":1528,""source"":""wikipedia+wiktionary""},{""page_title"":""מ\""מ"",""path"":""data/mined/wiktionary/wiktionary_counts.csv"",""record"":1140,""source"":""wiktionary""},{""page_title"":""מ\""מ"",""path"":""data/mined/wikipedia/bullet_counts.csv"",""record"":149,""source"":""""}]","[{""path"":""data/mined/duplicate_review.csv"",""record"":18},{""path"":""data/mined/duplicate_review.csv"",""record"":98},{""path"":""data/mined/duplicate_review.csv"",""record"":167}]","Reuse linked type-level Ben reviews without automatically merging senses; export presence is evidence to inspect, not semantic approval. Occurrence acceptance cannot approve this row.","[""item-13aa1cd5f84c25ef9a4643d8"",""item-34fa28ecd66f723a2f9a6d0e"",""item-7dd94993cebf3d5e88d61510"",""item-9b1087fa0402111a68f20cd5""]",true,"Review this existing hypothesis once for its type: independent linguistic evidence, canonical wording and any alias/merge/exclusion proposal. Preserve raw type and surface forms; do not derive a base form from sentence context.","No inventory decision is recorded. Independent export pointers exist but may name entities, events or numerals rather than valid expansions.",,
inv-6ff21772308bc4e85c00a2c5,inventory,C_train_natural_wikipedia,proposed_not_approved_for_application,data/study_v1/review/inventory_proposed.csv record 2077,data/study_v1/review/review_decisions.csv record 6393,מ״מ,,,,,,,not_recorded,,,,,,,inventory_membership|linguistic_expansion_vs_entity_or_numeral,"[{""page_title"":"""",""path"":""data/mined/candidate_table.csv"",""record"":1243,""source"":""wiktionary""},{""page_title"":""מ\""מ"",""path"":""data/mined/merged_counts.csv"",""record"":1523,""source"":""wiktionary""},{""page_title"":""מ\""מ"",""path"":""data/mined/wiktionary/wiktionary_counts.csv"",""record"":1135,""source"":""wiktionary""}]","[{""path"":""data/mined/duplicate_review.csv"",""record"":18},{""path"":""data/mined/duplicate_review.csv"",""record"":98},{""path"":""data/mined/duplicate_review.csv"",""record"":167}]","Reuse linked type-level Ben reviews without automatically merging senses; export presence is evidence to inspect, not semantic approval. Occurrence acceptance cannot approve this row.","[""item-13aa1cd5f84c25ef9a4643d8"",""item-34fa28ecd66f723a2f9a6d0e"",""item-7dd94993cebf3d5e88d61510"",""item-9b1087fa0402111a68f20cd5""]",true,"Review this existing hypothesis once for its type: independent linguistic evidence, canonical wording and any alias/merge/exclusion proposal. Preserve raw type and surface forms; do not derive a base form from sentence context.","No inventory decision is recorded. Independent export pointers exist but may name entities, events or numerals rather than valid expansions.",,
inv-750436c992b168aa22a7981b,inventory,C_train_natural_wikipedia,proposed_not_approved_for_application,data/study_v1/review/inventory_proposed.csv record 2085,data/study_v1/review/review_decisions.csv record 6439,מ״מ,,,,,,,not_recorded,,,,,,,inventory_membership|linguistic_expansion_vs_entity_or_numeral,"[{""page_title"":"""",""path"":""data/mined/candidate_table.csv"",""record"":1246,""source"":""wiktionary""},{""page_title"":""מ\""מ"",""path"":""data/mined/merged_counts.csv"",""record"":1526,""source"":""wiktionary""},{""page_title"":""מ\""מ"",""path"":""data/mined/wiktionary/wiktionary_counts.csv"",""record"":1139,""source"":""wiktionary""}]","[{""path"":""data/mined/duplicate_review.csv"",""record"":18},{""path"":""data/mined/duplicate_review.csv"",""record"":98},{""path"":""data/mined/duplicate_review.csv"",""record"":167}]","Reuse linked type-level Ben reviews without automatically merging senses; export presence is evidence to inspect, not semantic approval. Occurrence acceptance cannot approve this row.","[""item-13aa1cd5f84c25ef9a4643d8"",""item-34fa28ecd66f723a2f9a6d0e"",""item-7dd94993cebf3d5e88d61510"",""item-9b1087fa0402111a68f20cd5""]",true,"Review this existing hypothesis once for its type: independent linguistic evidence, canonical wording and any alias/merge/exclusion proposal. Preserve raw type and surface forms; do not derive a base form from sentence context.","No inventory decision is recorded. Independent export pointers exist but may name entities, events or numerals rather than valid expansions.",,
inv-abffb7aee1ca80388d2027c3,inventory,C_train_natural_wikipedia,proposed_not_approved_for_application,data/study_v1/review/inventory_proposed.csv record 2082,data/study_v1/review/review_decisions.csv record 7025,מ״מ,,,,,,,not_recorded,,,,,,,inventory_membership|linguistic_expansion_vs_entity_or_numeral,"[{""page_title"":"""",""path"":""data/mined/candidate_table.csv"",""record"":1244,""source"":""wiktionary""},{""page_title"":""מ\""מ"",""path"":""data/mined/merged_counts.csv"",""record"":1524,""source"":""wiktionary""},{""page_title"":""מ\""מ"",""path"":""data/mined/wiktionary/wiktionary_counts.csv"",""record"":1145,""source"":""wiktionary""}]","[{""path"":""data/mined/duplicate_review.csv"",""record"":18},{""path"":""data/mined/duplicate_review.csv"",""record"":98},{""path"":""data/mined/duplicate_review.csv"",""record"":167}]","Reuse linked type-level Ben reviews without automatically merging senses; export presence is evidence to inspect, not semantic approval. Occurrence acceptance cannot approve this row.","[""item-13aa1cd5f84c25ef9a4643d8"",""item-34fa28ecd66f723a2f9a6d0e"",""item-7dd94993cebf3d5e88d61510"",""item-9b1087fa0402111a68f20cd5""]",true,"Review this existing hypothesis once for its type: independent linguistic evidence, canonical wording and any alias/merge/exclusion proposal. Preserve raw type and surface forms; do not derive a base form from sentence context.","No inventory decision is recorded. Independent export pointers exist but may name entities, events or numerals rather than valid expansions.",,
inv-ae02a9b784db70d15036daf5,inventory,C_train_natural_wikipedia,proposed_not_approved_for_application,data/study_v1/review/inventory_proposed.csv record 2079,data/study_v1/review/review_decisions.csv record 7049,מ״מ,,,,,,,not_recorded,,,,,,,inventory_membership|linguistic_expansion_vs_entity_or_numeral,"[{""page_title"":"""",""path"":""data/mined/candidate_table.csv"",""record"":2692,""source"":""human_review""}]","[{""path"":""data/mined/duplicate_review.csv"",""record"":18},{""path"":""data/mined/duplicate_review.csv"",""record"":98},{""path"":""data/mined/duplicate_review.csv"",""record"":167}]","Reuse linked type-level Ben reviews without automatically merging senses; export presence is evidence to inspect, not semantic approval. Occurrence acceptance cannot approve this row.","[""item-13aa1cd5f84c25ef9a4643d8"",""item-34fa28ecd66f723a2f9a6d0e"",""item-7dd94993cebf3d5e88d61510"",""item-9b1087fa0402111a68f20cd5""]",true,"Review this existing hypothesis once for its type: independent linguistic evidence, canonical wording and any alias/merge/exclusion proposal. Preserve raw type and surface forms; do not derive a base form from sentence context.","No inventory decision is recorded. Independent export pointers exist but may name entities, events or numerals rather than valid expansions.",,
inv-b82e93a9bcf86c61bf883553,inventory,C_train_natural_wikipedia,proposed_not_approved_for_application,data/study_v1/review/inventory_proposed.csv record 2088,data/study_v1/review/review_decisions.csv record 7149,מ״מ,,,,,,,not_recorded,,,,,,,inventory_membership|linguistic_expansion_vs_entity_or_numeral,"[{""page_title"":"""",""path"":""data/mined/candidate_table.csv"",""record"":1250,""source"":""wikipedia+wiktionary""},{""page_title"":""מ\""מ"",""path"":""data/mined/merged_counts.csv"",""record"":1530,""source"":""wikipedia+wiktionary""},{""page_title"":""מ\""מ"",""path"":""data/mined/wiktionary/wiktionary_counts.csv"",""record"":1141,""source"":""wiktionary""},{""page_title"":""מ\""מ"",""path"":""data/mined/wikipedia/bullet_counts.csv"",""record"":150,""source"":""""}]","[{""path"":""data/mined/duplicate_review.csv"",""record"":18},{""path"":""data/mined/duplicate_review.csv"",""record"":98},{""path"":""data/mined/duplicate_review.csv"",""record"":167}]","Reuse linked type-level Ben reviews without automatically merging senses; export presence is evidence to inspect, not semantic approval. Occurrence acceptance cannot approve this row.","[""item-13aa1cd5f84c25ef9a4643d8"",""item-34fa28ecd66f723a2f9a6d0e"",""item-7dd94993cebf3d5e88d61510"",""item-9b1087fa0402111a68f20cd5""]",true,"Review this existing hypothesis once for its type: independent linguistic evidence, canonical wording and any alias/merge/exclusion proposal. Preserve raw type and surface forms; do not derive a base form from sentence context.","No inventory decision is recorded. Independent export pointers exist but may name entities, events or numerals rather than valid expansions.",,
inv-c720d258631326ebc46350c6,inventory,C_train_natural_wikipedia,proposed_not_approved_for_application,data/study_v1/review/inventory_proposed.csv record 2086,data/study_v1/review/review_decisions.csv record 7316,מ״מ,,,,,,,not_recorded,,,,,,,inventory_membership|linguistic_expansion_vs_entity_or_numeral,"[{""page_title"":"""",""path"":""data/mined/candidate_table.csv"",""record"":1256,""source"":""wikipedia+wiktionary""},{""page_title"":""מ\""מ"",""path"":""data/mined/merged_counts.csv"",""record"":1537,""source"":""wikipedia+wiktionary""},{""page_title"":""מ\""מ"",""path"":""data/mined/wiktionary/wiktionary_counts.csv"",""record"":1143,""source"":""wiktionary""},{""page_title"":""מ\""מ"",""path"":""data/mined/wikipedia/bullet_counts.csv"",""record"":152,""source"":""""}]","[{""path"":""data/mined/duplicate_review.csv"",""record"":18},{""path"":""data/mined/duplicate_review.csv"",""record"":98},{""path"":""data/mined/duplicate_review.csv"",""record"":167}]","Reuse linked type-level Ben reviews without automatically merging senses; export presence is evidence to inspect, not semantic approval. Occurrence acceptance cannot approve this row.","[""item-13aa1cd5f84c25ef9a4643d8"",""item-34fa28ecd66f723a2f9a6d0e"",""item-7dd94993cebf3d5e88d61510"",""item-9b1087fa0402111a68f20cd5""]",true,"Review this existing hypothesis once for its type: independent linguistic evidence, canonical wording and any alias/merge/exclusion proposal. Preserve raw type and surface forms; do not derive a base form from sentence context.","No inventory decision is recorded. Independent export pointers exist but may name entities, events or numerals rather than valid expansions.",,
inv-e7e9192fbbfdb85db68affd0,inventory,C_train_natural_wikipedia,proposed_not_approved_for_application,data/study_v1/review/inventory_proposed.csv record 2078,data/study_v1/review/review_decisions.csv record 7673,מ״מ,,,,,,,not_recorded,,,,,,,inventory_membership|linguistic_expansion_vs_entity_or_numeral,"[{""page_title"":"""",""path"":""data/mined/candidate_table.csv"",""record"":1242,""source"":""wikipedia+wiktionary""},{""page_title"":""מ\""מ"",""path"":""data/mined/merged_counts.csv"",""record"":1522,""source"":""wikipedia+wiktionary""},{""page_title"":""מ\""מ"",""path"":""data/mined/wiktionary/wiktionary_counts.csv"",""record"":1136,""source"":""wiktionary""},{""page_title"":""מ\""מ"",""path"":""data/mined/wikipedia/bullet_counts.csv"",""record"":145,""source"":""""}]","[{""path"":""data/mined/duplicate_review.csv"",""record"":18},{""path"":""data/mined/duplicate_review.csv"",""record"":98},{""path"":""data/mined/duplicate_review.csv"",""record"":167}]","Reuse linked type-level Ben reviews without automatically merging senses; export presence is evidence to inspect, not semantic approval. Occurrence acceptance cannot approve this row.","[""item-13aa1cd5f84c25ef9a4643d8"",""item-34fa28ecd66f723a2f9a6d0e"",""item-7dd94993cebf3d5e88d61510"",""item-9b1087fa0402111a68f20cd5""]",true,"Review this existing hypothesis once for its type: independent linguistic evidence, canonical wording and any alias/merge/exclusion proposal. Preserve raw type and surface forms; do not derive a base form from sentence context.","No inventory decision is recorded. Independent export pointers exist but may name entities, events or numerals rather than valid expansions.",,
inv-f3892204c8057ac71a170ad3,inventory,C_train_natural_wikipedia,proposed_not_approved_for_application,data/study_v1/review/inventory_proposed.csv record 2072,data/study_v1/review/review_decisions.csv record 7816,מ״מ,,,,,,,not_recorded,,,,,,,inventory_membership|linguistic_expansion_vs_entity_or_numeral,"[{""page_title"":"""",""path"":""data/mined/candidate_table.csv"",""record"":1249,""source"":""wikipedia""},{""page_title"":""מ\""מ"",""path"":""data/mined/merged_counts.csv"",""record"":1529,""source"":""wikipedia""},{""page_title"":""מ\""מ"",""path"":""data/mined/wikipedia/bullet_counts.csv"",""record"":153,""source"":""""}]","[{""path"":""data/mined/duplicate_review.csv"",""record"":18},{""path"":""data/mined/duplicate_review.csv"",""record"":98},{""path"":""data/mined/duplicate_review.csv"",""record"":167}]","Reuse linked type-level Ben reviews without automatically merging senses; export presence is evidence to inspect, not semantic approval. Occurrence acceptance cannot approve this row.","[""item-13aa1cd5f84c25ef9a4643d8"",""item-34fa28ecd66f723a2f9a6d0e"",""item-7dd94993cebf3d5e88d61510"",""item-9b1087fa0402111a68f20cd5""]",true,"Review this existing hypothesis once for its type: independent linguistic evidence, canonical wording and any alias/merge/exclusion proposal. Preserve raw type and surface forms; do not derive a base form from sentence context.","No inventory decision is recorded. Independent export pointers exist but may name entities, events or numerals rather than valid expansions.",,
inv-fc03b83c6b7017618e84f7f2,inventory,C_train_natural_wikipedia,proposed_not_approved_for_application,data/study_v1/review/inventory_proposed.csv record 2084,data/study_v1/review/review_decisions.csv record 7897,מ״מ,,,,,,,not_recorded,,,,,,,inventory_membership|linguistic_expansion_vs_entity_or_numeral,"[{""page_title"":"""",""path"":""data/mined/candidate_table.csv"",""record"":1255,""source"":""wiktionary""},{""page_title"":""מ\""מ"",""path"":""data/mined/merged_counts.csv"",""record"":1535,""source"":""wiktionary""},{""page_title"":""מ\""מ"",""path"":""data/mined/wiktionary/wiktionary_counts.csv"",""record"":1138,""source"":""wiktionary""}]","[{""path"":""data/mined/duplicate_review.csv"",""record"":18},{""path"":""data/mined/duplicate_review.csv"",""record"":98},{""path"":""data/mined/duplicate_review.csv"",""record"":167}]","Reuse linked type-level Ben reviews without automatically merging senses; export presence is evidence to inspect, not semantic approval. Occurrence acceptance cannot approve this row.","[""item-13aa1cd5f84c25ef9a4643d8"",""item-34fa28ecd66f723a2f9a6d0e"",""item-7dd94993cebf3d5e88d61510"",""item-9b1087fa0402111a68f20cd5""]",true,"Review this existing hypothesis once for its type: independent linguistic evidence, canonical wording and any alias/merge/exclusion proposal. Preserve raw type and surface forms; do not derive a base form from sentence context.","No inventory decision is recorded. Independent export pointers exist but may name entities, events or numerals rather than valid expansions.",,
inv-31efe6340f139baa486868b3,inventory,C_train_natural_wikipedia,proposed_not_approved_for_application,data/study_v1/review/inventory_proposed.csv record 2110,data/study_v1/review/review_decisions.csv record 5781,מ״צ,,,,,,,not_recorded,,,,,,,inventory_membership|linguistic_expansion_vs_entity_or_numeral,"[{""page_title"":"""",""path"":""data/mined/candidate_table.csv"",""record"":1267,""source"":""wiktionary""},{""page_title"":""מ\""צ"",""path"":""data/mined/merged_counts.csv"",""record"":1549,""source"":""wiktionary""},{""page_title"":""מ\""צ"",""path"":""data/mined/wiktionary/wiktionary_counts.csv"",""record"":1190,""source"":""wiktionary""}]",[],"No linked type-level Ben review is established for this row. Export presence is evidence to inspect, not semantic approval. Occurrence acceptance cannot approve this row.","[""item-55526ca835c709e0f81c0621"",""item-7a436e7b31e58e0d55a1d073"",""item-86c4b51c247b6272dce1a420""]",true,"Review this existing hypothesis once for its type: independent linguistic evidence, canonical wording and any alias/merge/exclusion proposal. Preserve raw type and surface forms; do not derive a base form from sentence context.","No inventory decision is recorded. Independent export pointers exist but may name entities, events or numerals rather than valid expansions.",,
inv-4a30063e059e4dae1eeef4a2,inventory,C_train_natural_wikipedia,proposed_not_approved_for_application,data/study_v1/review/inventory_proposed.csv record 2109,data/study_v1/review/review_decisions.csv record 4652,מ״צ,,,,,,,not_recorded,,,,,,,inventory_membership|linguistic_expansion_vs_entity_or_numeral,"[{""page_title"":"""",""path"":""data/mined/candidate_table.csv"",""record"":2413,""source"":""gematria""}]",[],"No linked type-level Ben review is established for this row. Export presence is evidence to inspect, not semantic approval. Occurrence acceptance cannot approve this row.","[""item-55526ca835c709e0f81c0621"",""item-7a436e7b31e58e0d55a1d073"",""item-86c4b51c247b6272dce1a420""]",true,"Review this existing hypothesis once for its type: independent linguistic evidence, canonical wording and any alias/merge/exclusion proposal. Preserve raw type and surface forms; do not derive a base form from sentence context.","No inventory decision is recorded. Independent export pointers exist but may name entities, events or numerals rather than valid expansions.",,gematria_string_rule_proposed
inv-a4a04ab673193c7c9a3f75eb,inventory,C_train_natural_wikipedia,proposed_not_approved_for_application,data/study_v1/review/inventory_proposed.csv record 2112,data/study_v1/review/review_decisions.csv record 6928,מ״צ,,,,,,,not_recorded,,,,,,,inventory_membership|linguistic_expansion_vs_entity_or_numeral,"[{""page_title"":"""",""path"":""data/mined/candidate_table.csv"",""record"":1269,""source"":""wiktionary""},{""page_title"":""מ\""צ"",""path"":""data/mined/merged_counts.csv"",""record"":1551,""source"":""wiktionary""},{""page_title"":""מ\""צ"",""path"":""data/mined/wiktionary/wiktionary_counts.csv"",""record"":1191,""source"":""wiktionary""}]",[],"No linked type-level Ben review is established for this row. Export presence is evidence to inspect, not semantic approval. Occurrence acceptance cannot approve this row.","[""item-55526ca835c709e0f81c0621"",""item-7a436e7b31e58e0d55a1d073"",""item-86c4b51c247b6272dce1a420""]",true,"Review this existing hypothesis once for its type: independent linguistic evidence, canonical wording and any alias/merge/exclusion proposal. Preserve raw type and surface forms; do not derive a base form from sentence context.","No inventory decision is recorded. Independent export pointers exist but may name entities, events or numerals rather than valid expansions.",,
inv-d8eb59044e1b6c249ec31388,inventory,C_train_natural_wikipedia,proposed_not_approved_for_application,data/study_v1/review/inventory_proposed.csv record 2111,data/study_v1/review/review_decisions.csv record 7503,מ״צ,,,,,,,not_recorded,,,,,,,inventory_membership|linguistic_expansion_vs_entity_or_numeral,"[{""page_title"":"""",""path"":""data/mined/candidate_table.csv"",""record"":1268,""source"":""wiktionary""},{""page_title"":""מ\""צ"",""path"":""data/mined/merged_counts.csv"",""record"":1550,""source"":""wiktionary""},{""page_title"":""מ\""צ"",""path"":""data/mined/wiktionary/wiktionary_counts.csv"",""record"":1189,""source"":""wiktionary""}]",[],"No linked type-level Ben review is established for this row. Export presence is evidence to inspect, not semantic approval. Occurrence acceptance cannot approve this row.","[""item-55526ca835c709e0f81c0621"",""item-7a436e7b31e58e0d55a1d073"",""item-86c4b51c247b6272dce1a420""]",true,"Review this existing hypothesis once for its type: independent linguistic evidence, canonical wording and any alias/merge/exclusion proposal. Preserve raw type and surface forms; do not derive a base form from sentence context.","No inventory decision is recorded. Independent export pointers exist but may name entities, events or numerals rather than valid expansions.",,
inv-15d0bf58900efb4bcd3e5638,inventory,C_train_natural_wikipedia,proposed_not_approved_for_application,data/study_v1/review/inventory_proposed.csv record 2114,data/study_v1/review/review_decisions.csv record 5520,מ״ק,,,,,,,not_recorded,,,,,,,inventory_membership|linguistic_expansion_vs_entity_or_numeral,"[{""page_title"":"""",""path"":""data/mined/candidate_table.csv"",""record"":1273,""source"":""wiktionary""},{""page_title"":""מ\""ק"",""path"":""data/mined/merged_counts.csv"",""record"":1555,""source"":""wiktionary""},{""page_title"":""מ\""ק"",""path"":""data/mined/wiktionary/wiktionary_counts.csv"",""record"":1151,""source"":""wiktionary""}]",[],"No linked type-level Ben review is established for this row. Export presence is evidence to inspect, not semantic approval. Occurrence acceptance cannot approve this row.","[""item-efaa4064dfd693bff81b0882""]",true,"Review this existing hypothesis once for its type: independent linguistic evidence, canonical wording and any alias/merge/exclusion proposal. Preserve raw type and surface forms; do not derive a base form from sentence context.","No inventory decision is recorded. Independent export pointers exist but may name entities, events or numerals rather than valid expansions.",,
inv-1d618340b8acb7463dd495b5,inventory,C_train_natural_wikipedia,proposed_not_approved_for_application,data/study_v1/review/inventory_proposed.csv record 2122,data/study_v1/review/review_decisions.csv record 5581,מ״ק,,,,,,,not_recorded,,,,,,,inventory_membership|linguistic_expansion_vs_entity_or_numeral,"[{""page_title"":"""",""path"":""data/mined/candidate_table.csv"",""record"":1272,""source"":""wiktionary""},{""page_title"":""מ\""ק"",""path"":""data/mined/merged_counts.csv"",""record"":1554,""source"":""wiktionary""},{""page_title"":""מ\""ק"",""path"":""data/mined/wiktionary/wiktionary_counts.csv"",""record"":1156,""source"":""wiktionary""}]",[],"No linked type-level Ben review is established for this row. Export presence is evidence to inspect, not semantic approval. Occurrence acceptance cannot approve this row.","[""item-efaa4064dfd693bff81b0882""]",true,"Review this existing hypothesis once for its type: independent linguistic evidence, canonical wording and any alias/merge/exclusion proposal. Preserve raw type and surface forms; do not derive a base form from sentence context.","No inventory decision is recorded. Independent export pointers exist but may name entities, events or numerals rather than valid expansions.",,
inv-2f5366ae9322845dbf276318,inventory,C_train_natural_wikipedia,proposed_not_approved_for_application,data/study_v1/review/inventory_proposed.csv record 2115,data/study_v1/review/review_decisions.csv record 5758,מ״ק,,,,,,,not_recorded,,,,,,,inventory_membership|linguistic_expansion_vs_entity_or_numeral,"[{""page_title"":"""",""path"":""data/mined/candidate_table.csv"",""record"":1276,""source"":""wiktionary""},{""page_title"":""מ\""ק"",""path"":""data/mined/merged_counts.csv"",""record"":1558,""source"":""wiktionary""},{""page_title"":""מ\""ק"",""path"":""data/mined/wiktionary/wiktionary_counts.csv"",""record"":1152,""source"":""wiktionary""}]",[],"No linked type-level Ben review is established for this row. Export presence is evidence to inspect, not semantic approval. Occurrence acceptance cannot approve this row.","[""item-efaa4064dfd693bff81b0882""]",true,"Review this existing hypothesis once for its type: independent linguistic evidence, canonical wording and any alias/merge/exclusion proposal. Preserve raw type and surface forms; do not derive a base form from sentence context.","No inventory decision is recorded. Independent export pointers exist but may name entities, events or numerals rather than valid expansions.",,
inv-3d81788dfc29b5aefd19cc77,inventory,C_train_natural_wikipedia,proposed_not_approved_for_application,data/study_v1/review/inventory_proposed.csv record 2119,data/study_v1/review/review_decisions.csv record 5901,מ״ק,,,,,,,not_recorded,,,,,,,inventory_membership|linguistic_expansion_vs_entity_or_numeral,"[{""page_title"":"""",""path"":""data/mined/candidate_table.csv"",""record"":1278,""source"":""wiktionary""},{""page_title"":""מ\""ק"",""path"":""data/mined/merged_counts.csv"",""record"":1560,""source"":""wiktionary""},{""page_title"":""מ\""ק"",""path"":""data/mined/wiktionary/wiktionary_counts.csv"",""record"":1149,""source"":""wiktionary""}]",[],"No linked type-level Ben review is established for this row. Export presence is evidence to inspect, not semantic approval. Occurrence acceptance cannot approve this row.","[""item-efaa4064dfd693bff81b0882""]",true,"Review this existing hypothesis once for its type: independent linguistic evidence, canonical wording and any alias/merge/exclusion proposal. Preserve raw type and surface forms; do not derive a base form from sentence context.","No inventory decision is recorded. Independent export pointers exist but may name entities, events or numerals rather than valid expansions.",,
inv-4c54855142a8b831ab73ce5d,inventory,C_train_natural_wikipedia,proposed_not_approved_for_application,data/study_v1/review/inventory_proposed.csv record 2121,data/study_v1/review/review_decisions.csv record 6055,מ״ק,,,,,,,not_recorded,,,,,,,inventory_membership|linguistic_expansion_vs_entity_or_numeral,"[{""page_title"":"""",""path"":""data/mined/candidate_table.csv"",""record"":1275,""source"":""wiktionary""},{""page_title"":""מ\""ק"",""path"":""data/mined/merged_counts.csv"",""record"":1557,""source"":""wiktionary""},{""page_title"":""מ\""ק"",""path"":""data/mined/wiktionary/wiktionary_counts.csv"",""record"":1148,""source"":""wiktionary""}]",[],"No linked type-level Ben review is established for this row. Export presence is evidence to inspect, not semantic approval. Occurrence acceptance cannot approve this row.","[""item-efaa4064dfd693bff81b0882""]",true,"Review this existing hypothesis once for its type: independent linguistic evidence, canonical wording and any alias/merge/exclusion proposal. Preserve raw type and surface forms; do not derive a base form from sentence context.","No inventory decision is recorded. Independent export pointers exist but may name entities, events or numerals rather than valid expansions.",,
inv-6e5a68f91d96df9cf91a199e,inventory,C_train_natural_wikipedia,proposed_not_approved_for_application,data/study_v1/review/inventory_proposed.csv record 2117,data/study_v1/review/review_decisions.csv record 6373,מ״ק,,,,,,,not_recorded,,,,,,,inventory_membership|linguistic_expansion_vs_entity_or_numeral,"[{""page_title"":"""",""path"":""data/mined/candidate_table.csv"",""record"":1277,""source"":""wiktionary""},{""page_title"":""מ\""ק"",""path"":""data/mined/merged_counts.csv"",""record"":1559,""source"":""wiktionary""},{""page_title"":""מ\""ק"",""path"":""data/mined/wiktionary/wiktionary_counts.csv"",""record"":1157,""source"":""wiktionary""}]",[],"No linked type-level Ben review is established for this row. Export presence is evidence to inspect, not semantic approval. Occurrence acceptance cannot approve this row.","[""item-efaa4064dfd693bff81b0882""]",true,"Review this existing hypothesis once for its type: independent linguistic evidence, canonical wording and any alias/merge/exclusion proposal. Preserve raw type and surface forms; do not derive a base form from sentence context.","No inventory decision is recorded. Independent export pointers exist but may name entities, events or numerals rather than valid expansions.",,
inv-7d74cd397c45de36bba378f6,inventory,C_train_natural_wikipedia,proposed_not_approved_for_application,data/study_v1/review/inventory_proposed.csv record 2118,data/study_v1/review/review_decisions.csv record 6531,מ״ק,,,,,,,not_recorded,,,,,,,inventory_membership|linguistic_expansion_vs_entity_or_numeral,"[{""page_title"":"""",""path"":""data/mined/candidate_table.csv"",""record"":1274,""source"":""wiktionary""},{""page_title"":""מ\""ק"",""path"":""data/mined/merged_counts.csv"",""record"":1556,""source"":""wiktionary""},{""page_title"":""מ\""ק"",""path"":""data/mined/wiktionary/wiktionary_counts.csv"",""record"":1154,""source"":""wiktionary""}]",[],"No linked type-level Ben review is established for this row. Export presence is evidence to inspect, not semantic approval. Occurrence acceptance cannot approve this row.","[""item-efaa4064dfd693bff81b0882""]",true,"Review this existing hypothesis once for its type: independent linguistic evidence, canonical wording and any alias/merge/exclusion proposal. Preserve raw type and surface forms; do not derive a base form from sentence context.","No inventory decision is recorded. Independent export pointers exist but may name entities, events or numerals rather than valid expansions.",,
inv-c3fe1ff0700b385ec8fac805,inventory,C_train_natural_wikipedia,proposed_not_approved_for_application,data/study_v1/review/inventory_proposed.csv record 2120,data/study_v1/review/review_decisions.csv record 7274,מ״ק,,,,,,,not_recorded,,,,,,,inventory_membership|linguistic_expansion_vs_entity_or_numeral,"[{""page_title"":"""",""path"":""data/mined/candidate_table.csv"",""record"":1270,""source"":""wiktionary""},{""page_title"":""מ\""ק"",""path"":""data/mined/merged_counts.csv"",""record"":1552,""source"":""wiktionary""},{""page_title"":""מ\""ק"",""path"":""data/mined/wiktionary/wiktionary_counts.csv"",""record"":1155,""source"":""wiktionary""}]",[],"No linked type-level Ben review is established for this row. Export presence is evidence to inspect, not semantic approval. Occurrence acceptance cannot approve this row.","[""item-efaa4064dfd693bff81b0882""]",true,"Review this existing hypothesis once for its type: independent linguistic evidence, canonical wording and any alias/merge/exclusion proposal. Preserve raw type and surface forms; do not derive a base form from sentence context.","No inventory decision is recorded. Independent export pointers exist but may name entities, events or numerals rather than valid expansions.",,
inv-ce8e81a0ae8d74f1c59f7ebe,inventory,C_train_natural_wikipedia,proposed_not_approved_for_application,data/study_v1/review/inventory_proposed.csv record 2116,data/study_v1/review/review_decisions.csv record 7403,מ״ק,,,,,,,not_recorded,,,,,,,inventory_membership|linguistic_expansion_vs_entity_or_numeral,"[{""page_title"":"""",""path"":""data/mined/candidate_table.csv"",""record"":1271,""source"":""wiktionary""},{""page_title"":""מ\""ק"",""path"":""data/mined/merged_counts.csv"",""record"":1553,""source"":""wiktionary""},{""page_title"":""מ\""ק"",""path"":""data/mined/wiktionary/wiktionary_counts.csv"",""record"":1153,""source"":""wiktionary""}]",[],"No linked type-level Ben review is established for this row. Export presence is evidence to inspect, not semantic approval. Occurrence acceptance cannot approve this row.","[""item-efaa4064dfd693bff81b0882""]",true,"Review this existing hypothesis once for its type: independent linguistic evidence, canonical wording and any alias/merge/exclusion proposal. Preserve raw type and surface forms; do not derive a base form from sentence context.","No inventory decision is recorded. Independent export pointers exist but may name entities, events or numerals rather than valid expansions.",,
inv-d656656de7822e8adc658e9c,inventory,C_train_natural_wikipedia,proposed_not_approved_for_application,data/study_v1/review/inventory_proposed.csv record 2123,data/study_v1/review/review_decisions.csv record 7477,מ״ק,,,,,,,not_recorded,,,,,,,inventory_membership|linguistic_expansion_vs_entity_or_numeral,"[{""page_title"":"""",""path"":""data/mined/candidate_table.csv"",""record"":1279,""source"":""wiktionary""},{""page_title"":""מ\""ק"",""path"":""data/mined/merged_counts.csv"",""record"":1561,""source"":""wiktionary""},{""page_title"":""מ\""ק"",""path"":""data/mined/wiktionary/wiktionary_counts.csv"",""record"":1150,""source"":""wiktionary""}]",[],"No linked type-level Ben review is established for this row. Export presence is evidence to inspect, not semantic approval. Occurrence acceptance cannot approve this row.","[""item-efaa4064dfd693bff81b0882""]",true,"Review this existing hypothesis once for its type: independent linguistic evidence, canonical wording and any alias/merge/exclusion proposal. Preserve raw type and surface forms; do not derive a base form from sentence context.","No inventory decision is recorded. Independent export pointers exist but may name entities, events or numerals rather than valid expansions.",,
inv-df3361ab137c391affb2176e,inventory,C_train_natural_wikipedia,proposed_not_approved_for_application,data/study_v1/review/inventory_proposed.csv record 2113,data/study_v1/review/review_decisions.csv record 5010,מ״ק,,,,,,,not_recorded,,,,,,,inventory_membership|linguistic_expansion_vs_entity_or_numeral,"[{""page_title"":"""",""path"":""data/mined/candidate_table.csv"",""record"":2414,""source"":""gematria""}]",[],"No linked type-level Ben review is established for this row. Export presence is evidence to inspect, not semantic approval. Occurrence acceptance cannot approve this row.","[""item-efaa4064dfd693bff81b0882""]",true,"Review this existing hypothesis once for its type: independent linguistic evidence, canonical wording and any alias/merge/exclusion proposal. Preserve raw type and surface forms; do not derive a base form from sentence context.","No inventory decision is recorded. Independent export pointers exist but may name entities, events or numerals rather than valid expansions.",,gematria_string_rule_proposed
inv-4b0a1310f8b1451130d2ab2a,inventory,C_train_natural_wikipedia,proposed_not_approved_for_application,data/study_v1/review/inventory_proposed.csv record 2278,data/study_v1/review/review_decisions.csv record 6040,סמ״ר,,,,,,,not_recorded,,,,,,,inventory_membership|linguistic_expansion_vs_entity_or_numeral,"[{""page_title"":"""",""path"":""data/mined/candidate_table.csv"",""record"":1379,""source"":""wikipedia+wiktionary""},{""page_title"":""סמ\""ר"",""path"":""data/mined/merged_counts.csv"",""record"":1686,""source"":""wikipedia+wiktionary""},{""page_title"":""סמ\""ר"",""path"":""data/mined/wiktionary/wiktionary_counts.csv"",""record"":1527,""source"":""wiktionary""},{""page_title"":""סמ\""ר"",""path"":""data/mined/wikipedia/bullet_counts.csv"",""record"":316,""source"":""""}]","[{""path"":""data/mined/duplicate_review.csv"",""record"":12}]","Reuse linked type-level Ben reviews without automatically merging senses; export presence is evidence to inspect, not semantic approval. Occurrence acceptance cannot approve this row.","[""item-0c75463788377bb13fa1ac45"",""item-1ba971c8aad59118524923ff"",""item-4a3107353b53bb761195165f""]",true,"Review this existing hypothesis once for its type: independent linguistic evidence, canonical wording and any alias/merge/exclusion proposal. Preserve raw type and surface forms; do not derive a base form from sentence context.","No inventory decision is recorded. Independent export pointers exist but may name entities, events or numerals rather than valid expansions.",,
inv-c2b9dddd78559b42d9fefb32,inventory,C_train_natural_wikipedia,proposed_not_approved_for_application,data/study_v1/review/inventory_proposed.csv record 2276,data/study_v1/review/review_decisions.csv record 7263,סמ״ר,,,,,,,not_recorded,,,,,,,inventory_membership|linguistic_expansion_vs_entity_or_numeral,"[{""page_title"":""סמ\""ר"",""path"":""data/mined/wiktionary/wiktionary_counts.csv"",""record"":1526,""source"":""wiktionary""}]","[{""path"":""data/mined/duplicate_review.csv"",""record"":12}]","Reuse linked type-level Ben reviews without automatically merging senses; export presence is evidence to inspect, not semantic approval. Occurrence acceptance cannot approve this row.","[""item-0c75463788377bb13fa1ac45"",""item-1ba971c8aad59118524923ff"",""item-4a3107353b53bb761195165f""]",true,"Review this existing hypothesis once for its type: independent linguistic evidence, canonical wording and any alias/merge/exclusion proposal. Preserve raw type and surface forms; do not derive a base form from sentence context.","No inventory decision is recorded. Independent export pointers exist but may name entities, events or numerals rather than valid expansions.",,
inv-c819ad8ea2e5718f5fb622da,inventory,C_train_natural_wikipedia,proposed_not_approved_for_application,data/study_v1/review/inventory_proposed.csv record 2280,data/study_v1/review/review_decisions.csv record 4958,סמ״ר,,,,,,,not_recorded,,,,,,,inventory_membership|linguistic_expansion_vs_entity_or_numeral,"[{""page_title"":"""",""path"":""data/mined/candidate_table.csv"",""record"":2443,""source"":""gematria""}]","[{""path"":""data/mined/duplicate_review.csv"",""record"":12}]","Reuse linked type-level Ben reviews without automatically merging senses; export presence is evidence to inspect, not semantic approval. Occurrence acceptance cannot approve this row.","[""item-0c75463788377bb13fa1ac45"",""item-1ba971c8aad59118524923ff"",""item-4a3107353b53bb761195165f""]",true,"Review this existing hypothesis once for its type: independent linguistic evidence, canonical wording and any alias/merge/exclusion proposal. Preserve raw type and surface forms; do not derive a base form from sentence context.","No inventory decision is recorded. Independent export pointers exist but may name entities, events or numerals rather than valid expansions.",,gematria_string_rule_proposed
inv-d3c920e9fff6eef43ede5856,inventory,C_train_natural_wikipedia,proposed_not_approved_for_application,data/study_v1/review/inventory_proposed.csv record 2279,data/study_v1/review/review_decisions.csv record 7450,סמ״ר,,,,,,,not_recorded,,,,,,,inventory_membership|linguistic_expansion_vs_entity_or_numeral,"[{""page_title"":"""",""path"":""data/mined/candidate_table.csv"",""record"":1378,""source"":""wikipedia+wiktionary""},{""page_title"":""סמ\""ר"",""path"":""data/mined/merged_counts.csv"",""record"":1685,""source"":""wikipedia+wiktionary""},{""page_title"":""סמ\""ר"",""path"":""data/mined/wiktionary/wiktionary_counts.csv"",""record"":1528,""source"":""wiktionary""},{""page_title"":""סמ\""ר"",""path"":""data/mined/wikipedia/bullet_counts.csv"",""record"":317,""source"":""""}]","[{""path"":""data/mined/duplicate_review.csv"",""record"":12}]","Reuse linked type-level Ben reviews without automatically merging senses; export presence is evidence to inspect, not semantic approval. Occurrence acceptance cannot approve this row.","[""item-0c75463788377bb13fa1ac45"",""item-1ba971c8aad59118524923ff"",""item-4a3107353b53bb761195165f""]",true,"Review this existing hypothesis once for its type: independent linguistic evidence, canonical wording and any alias/merge/exclusion proposal. Preserve raw type and surface forms; do not derive a base form from sentence context.","No inventory decision is recorded. Independent export pointers exist but may name entities, events or numerals rather than valid expansions.",,
inv-f01fa344df8113658563208c,inventory,C_train_natural_wikipedia,proposed_not_approved_for_application,data/study_v1/review/inventory_proposed.csv record 2277,data/study_v1/review/review_decisions.csv record 7759,סמ״ר,,,,,,,not_recorded,,,,,,,inventory_membership|linguistic_expansion_vs_entity_or_numeral,"[{""page_title"":"""",""path"":""data/mined/candidate_table.csv"",""record"":1377,""source"":""wikipedia""},{""page_title"":""סמ\""ר"",""path"":""data/mined/merged_counts.csv"",""record"":1684,""source"":""wikipedia""},{""page_title"":""סמ\""ר"",""path"":""data/mined/wikipedia/bullet_counts.csv"",""record"":315,""source"":""""}]","[{""path"":""data/mined/duplicate_review.csv"",""record"":12}]","Reuse linked type-level Ben reviews without automatically merging senses; export presence is evidence to inspect, not semantic approval. Occurrence acceptance cannot approve this row.","[""item-0c75463788377bb13fa1ac45"",""item-1ba971c8aad59118524923ff"",""item-4a3107353b53bb761195165f""]",true,"Review this existing hypothesis once for its type: independent linguistic evidence, canonical wording and any alias/merge/exclusion proposal. Preserve raw type and surface forms; do not derive a base form from sentence context.","No inventory decision is recorded. Independent export pointers exist but may name entities, events or numerals rather than valid expansions.",,
inv-595fd19de72725eb3abd2356,inventory,C_train_natural_wikipedia,proposed_not_approved_for_application,data/study_v1/review/inventory_proposed.csv record 2398,data/study_v1/review/review_decisions.csv record 6185,ע״ג,,,,,,,not_recorded,,,,,,,inventory_membership|linguistic_expansion_vs_entity_or_numeral,"[{""page_title"":""ע\""ג"",""path"":""data/mined/merged_counts.csv"",""record"":1774,""source"":""wiktionary""},{""page_title"":""ע\""ג"",""path"":""data/mined/wiktionary/wiktionary_counts.csv"",""record"":1562,""source"":""wiktionary""}]","[{""path"":""data/mined/duplicate_review.csv"",""record"":26}]","Reuse linked type-level Ben reviews without automatically merging senses; export presence is evidence to inspect, not semantic approval. Occurrence acceptance cannot approve this row.","[""item-8f5bdb5804e87769183f38e7""]",true,"Review this existing hypothesis once for its type: independent linguistic evidence, canonical wording and any alias/merge/exclusion proposal. Preserve raw type and surface forms; do not derive a base form from sentence context.","No inventory decision is recorded. Independent export pointers exist but may name entities, events or numerals rather than valid expansions.",,
inv-5ee561130e9116c8d23e28e7,inventory,C_train_natural_wikipedia,proposed_not_approved_for_application,data/study_v1/review/inventory_proposed.csv record 2400,data/study_v1/review/review_decisions.csv record 6237,ע״ג,,,,,,,not_recorded,,,,,,,inventory_membership|linguistic_expansion_vs_entity_or_numeral,"[{""page_title"":"""",""path"":""data/mined/candidate_table.csv"",""record"":1453,""source"":""wiktionary""},{""page_title"":""ע\""ג"",""path"":""data/mined/merged_counts.csv"",""record"":1772,""source"":""wiktionary""},{""page_title"":""ע\""ג"",""path"":""data/mined/wiktionary/wiktionary_counts.csv"",""record"":1561,""source"":""wiktionary""}]","[{""path"":""data/mined/duplicate_review.csv"",""record"":26}]","Reuse linked type-level Ben reviews without automatically merging senses; export presence is evidence to inspect, not semantic approval. Occurrence acceptance cannot approve this row.","[""item-8f5bdb5804e87769183f38e7""]",true,"Review this existing hypothesis once for its type: independent linguistic evidence, canonical wording and any alias/merge/exclusion proposal. Preserve raw type and surface forms; do not derive a base form from sentence context.","No inventory decision is recorded. Independent export pointers exist but may name entities, events or numerals rather than valid expansions.",,
inv-b8a3d302dae3aaf03b62d71b,inventory,C_train_natural_wikipedia,proposed_not_approved_for_application,data/study_v1/review/inventory_proposed.csv record 2401,data/study_v1/review/review_decisions.csv record 4928,ע״ג,,,,,,,not_recorded,,,,,,,inventory_membership|linguistic_expansion_vs_entity_or_numeral,"[{""page_title"":"""",""path"":""data/mined/candidate_table.csv"",""record"":2471,""source"":""gematria""}]","[{""path"":""data/mined/duplicate_review.csv"",""record"":26}]","Reuse linked type-level Ben reviews without automatically merging senses; export presence is evidence to inspect, not semantic approval. Occurrence acceptance cannot approve this row.","[""item-8f5bdb5804e87769183f38e7""]",true,"Review this existing hypothesis once for its type: independent linguistic evidence, canonical wording and any alias/merge/exclusion proposal. Preserve raw type and surface forms; do not derive a base form from sentence context.","No inventory decision is recorded. Independent export pointers exist but may name entities, events or numerals rather than valid expansions.",,gematria_string_rule_proposed
inv-bbc87f5b7aedebd03ee92f23,inventory,C_train_natural_wikipedia,proposed_not_approved_for_application,data/study_v1/review/inventory_proposed.csv record 2397,data/study_v1/review/review_decisions.csv record 7180,ע״ג,,,,,,,not_recorded,,,,,,,inventory_membership|linguistic_expansion_vs_entity_or_numeral,"[{""page_title"":"""",""path"":""data/mined/candidate_table.csv"",""record"":1454,""source"":""wiktionary""},{""page_title"":""ע\""ג"",""path"":""data/mined/merged_counts.csv"",""record"":1773,""source"":""wiktionary""},{""page_title"":""ע\""ג"",""path"":""data/mined/wiktionary/wiktionary_counts.csv"",""record"":1559,""source"":""wiktionary""}]","[{""path"":""data/mined/duplicate_review.csv"",""record"":26}]","Reuse linked type-level Ben reviews without automatically merging senses; export presence is evidence to inspect, not semantic approval. Occurrence acceptance cannot approve this row.","[""item-8f5bdb5804e87769183f38e7""]",true,"Review this existing hypothesis once for its type: independent linguistic evidence, canonical wording and any alias/merge/exclusion proposal. Preserve raw type and surface forms; do not derive a base form from sentence context.","No inventory decision is recorded. Independent export pointers exist but may name entities, events or numerals rather than valid expansions.",,
inv-e604e71e3de2ccc911b5fd3f,inventory,C_train_natural_wikipedia,proposed_not_approved_for_application,data/study_v1/review/inventory_proposed.csv record 2399,data/study_v1/review/review_decisions.csv record 7645,ע״ג,,,,,,,not_recorded,,,,,,,inventory_membership|linguistic_expansion_vs_entity_or_numeral,"[{""page_title"":""ע\""ג"",""path"":""data/mined/wiktionary/wiktionary_counts.csv"",""record"":1560,""source"":""wiktionary""}]","[{""path"":""data/mined/duplicate_review.csv"",""record"":26}]","Reuse linked type-level Ben reviews without automatically merging senses; export presence is evidence to inspect, not semantic approval. Occurrence acceptance cannot approve this row.","[""item-8f5bdb5804e87769183f38e7""]",true,"Review this existing hypothesis once for its type: independent linguistic evidence, canonical wording and any alias/merge/exclusion proposal. Preserve raw type and surface forms; do not derive a base form from sentence context.","No inventory decision is recorded. Independent export pointers exist but may name entities, events or numerals rather than valid expansions.",,
inv-1b49d41fdee88071eef9c7c3,inventory,C_train_natural_wikipedia,proposed_not_approved_for_application,data/study_v1/review/inventory_proposed.csv record 2420,data/study_v1/review/review_decisions.csv record 4499,ע״י,,,,,,,not_recorded,,,,,,,inventory_membership|linguistic_expansion_vs_entity_or_numeral,"[{""page_title"":"""",""path"":""data/mined/candidate_table.csv"",""record"":2476,""source"":""gematria""}]","[{""path"":""data/mined/duplicate_review.csv"",""record"":27}]","Reuse linked type-level Ben reviews without automatically merging senses; export presence is evidence to inspect, not semantic approval. Occurrence acceptance cannot approve this row.","[""item-8e6ceea6432723afbadc06b1"",""item-d79342181977ad7e1c9309d0""]",true,"Review this existing hypothesis once for its type: independent linguistic evidence, canonical wording and any alias/merge/exclusion proposal. Preserve raw type and surface forms; do not derive a base form from sentence context.","No inventory decision is recorded. Independent export pointers exist but may name entities, events or numerals rather than valid expansions.",,gematria_string_rule_proposed
inv-7c9ad03c88a1a78e8dc7c16e,inventory,C_train_natural_wikipedia,proposed_not_approved_for_application,data/study_v1/review/inventory_proposed.csv record 2418,data/study_v1/review/review_decisions.csv record 6527,ע״י,,,,,,,not_recorded,,,,,,,inventory_membership|linguistic_expansion_vs_entity_or_numeral,"[{""page_title"":"""",""path"":""data/mined/candidate_table.csv"",""record"":1467,""source"":""wiktionary""},{""page_title"":""ע\""י"",""path"":""data/mined/merged_counts.csv"",""record"":1787,""source"":""wiktionary""},{""page_title"":""ע\""י"",""path"":""data/mined/wiktionary/wiktionary_counts.csv"",""record"":1563,""source"":""wiktionary""}]","[{""path"":""data/mined/duplicate_review.csv"",""record"":27}]","Reuse linked type-level Ben reviews without automatically merging senses; export presence is evidence to inspect, not semantic approval. Occurrence acceptance cannot approve this row.","[""item-8e6ceea6432723afbadc06b1"",""item-d79342181977ad7e1c9309d0""]",true,"Review this existing hypothesis once for its type: independent linguistic evidence, canonical wording and any alias/merge/exclusion proposal. Preserve raw type and surface forms; do not derive a base form from sentence context.","No inventory decision is recorded. Independent export pointers exist but may name entities, events or numerals rather than valid expansions.",,
inv-ac6a67d4e2731f694604c92f,inventory,C_train_natural_wikipedia,proposed_not_approved_for_application,data/study_v1/review/inventory_proposed.csv record 2417,data/study_v1/review/review_decisions.csv record 7032,ע״י,,,,,,,not_recorded,,,,,,,inventory_membership|linguistic_expansion_vs_entity_or_numeral,"[{""page_title"":"""",""path"":""data/mined/candidate_table.csv"",""record"":1468,""source"":""wiktionary""},{""page_title"":""ע\""י"",""path"":""data/mined/merged_counts.csv"",""record"":1788,""source"":""wiktionary""},{""page_title"":""ע\""י"",""path"":""data/mined/wiktionary/wiktionary_counts.csv"",""record"":1565,""source"":""wiktionary""}]","[{""path"":""data/mined/duplicate_review.csv"",""record"":27}]","Reuse linked type-level Ben reviews without automatically merging senses; export presence is evidence to inspect, not semantic approval. Occurrence acceptance cannot approve this row.","[""item-8e6ceea6432723afbadc06b1"",""item-d79342181977ad7e1c9309d0""]",true,"Review this existing hypothesis once for its type: independent linguistic evidence, canonical wording and any alias/merge/exclusion proposal. Preserve raw type and surface forms; do not derive a base form from sentence context.","No inventory decision is recorded. Independent export pointers exist but may name entities, events or numerals rather than valid expansions.",,
inv-e7c93d9f7894b2c7e12822d8,inventory,C_train_natural_wikipedia,proposed_not_approved_for_application,data/study_v1/review/inventory_proposed.csv record 2419,data/study_v1/review/review_decisions.csv record 7670,ע״י,,,,,,,not_recorded,,,,,,,inventory_membership|linguistic_expansion_vs_entity_or_numeral,"[{""page_title"":"""",""path"":""data/mined/candidate_table.csv"",""record"":1466,""source"":""wiktionary""},{""page_title"":""ע\""י"",""path"":""data/mined/merged_counts.csv"",""record"":1786,""source"":""wiktionary""},{""page_title"":""ע\""י"",""path"":""data/mined/wiktionary/wiktionary_counts.csv"",""record"":1564,""source"":""wiktionary""}]","[{""path"":""data/mined/duplicate_review.csv"",""record"":27}]","Reuse linked type-level Ben reviews without automatically merging senses; export presence is evidence to inspect, not semantic approval. Occurrence acceptance cannot approve this row.","[""item-8e6ceea6432723afbadc06b1"",""item-d79342181977ad7e1c9309d0""]",true,"Review this existing hypothesis once for its type: independent linguistic evidence, canonical wording and any alias/merge/exclusion proposal. Preserve raw type and surface forms; do not derive a base form from sentence context.","No inventory decision is recorded. Independent export pointers exist but may name entities, events or numerals rather than valid expansions.",,
inv-3c6d6663ae303acbe5face05,inventory,C_train_natural_wikipedia,proposed_not_approved_for_application,data/study_v1/review/inventory_proposed.csv record 2456,data/study_v1/review/review_decisions.csv record 5880,ע״ר,,,,,,,not_recorded,,,,,,,inventory_membership|linguistic_expansion_vs_entity_or_numeral,"[{""page_title"":"""",""path"":""data/mined/candidate_table.csv"",""record"":1494,""source"":""wiktionary""},{""page_title"":""ע\""ר"",""path"":""data/mined/merged_counts.csv"",""record"":1815,""source"":""wiktionary""},{""page_title"":""ע\""ר"",""path"":""data/mined/wiktionary/wiktionary_counts.csv"",""record"":1572,""source"":""wiktionary""}]",[],"No linked type-level Ben review is established for this row. Export presence is evidence to inspect, not semantic approval. Occurrence acceptance cannot approve this row.","[""item-e5585c3bb1a7a5da8fccd5d8""]",true,"Review this existing hypothesis once for its type: independent linguistic evidence, canonical wording and any alias/merge/exclusion proposal. Preserve raw type and surface forms; do not derive a base form from sentence context.","No inventory decision is recorded. Independent export pointers exist but may name entities, events or numerals rather than valid expansions.",,
inv-734d9f0cfbf09d13938a9057,inventory,C_train_natural_wikipedia,proposed_not_approved_for_application,data/study_v1/review/inventory_proposed.csv record 2454,data/study_v1/review/review_decisions.csv record 4750,ע״ר,,,,,,,not_recorded,,,,,,,inventory_membership|linguistic_expansion_vs_entity_or_numeral,"[{""page_title"":"""",""path"":""data/mined/candidate_table.csv"",""record"":2483,""source"":""gematria""}]",[],"No linked type-level Ben review is established for this row. Export presence is evidence to inspect, not semantic approval. Occurrence acceptance cannot approve this row.","[""item-e5585c3bb1a7a5da8fccd5d8""]",true,"Review this existing hypothesis once for its type: independent linguistic evidence, canonical wording and any alias/merge/exclusion proposal. Preserve raw type and surface forms; do not derive a base form from sentence context.","No inventory decision is recorded. Independent export pointers exist but may name entities, events or numerals rather than valid expansions.",,gematria_string_rule_proposed
inv-95c563e8224455d7ae10f66e,inventory,C_train_natural_wikipedia,proposed_not_approved_for_application,data/study_v1/review/inventory_proposed.csv record 2455,data/study_v1/review/review_decisions.csv record 6787,ע״ר,,,,,,,not_recorded,,,,,,,inventory_membership|linguistic_expansion_vs_entity_or_numeral,"[{""page_title"":"""",""path"":""data/mined/candidate_table.csv"",""record"":1492,""source"":""wiktionary""},{""page_title"":""ע\""ר"",""path"":""data/mined/merged_counts.csv"",""record"":1813,""source"":""wiktionary""},{""page_title"":""ע\""ר"",""path"":""data/mined/wiktionary/wiktionary_counts.csv"",""record"":1573,""source"":""wiktionary""}]",[],"No linked type-level Ben review is established for this row. Export presence is evidence to inspect, not semantic approval. Occurrence acceptance cannot approve this row.","[""item-e5585c3bb1a7a5da8fccd5d8""]",true,"Review this existing hypothesis once for its type: independent linguistic evidence, canonical wording and any alias/merge/exclusion proposal. Preserve raw type and surface forms; do not derive a base form from sentence context.","No inventory decision is recorded. Independent export pointers exist but may name entities, events or numerals rather than valid expansions.",,
inv-f56ecc38792ddcd47d6c2896,inventory,C_train_natural_wikipedia,proposed_not_approved_for_application,data/study_v1/review/inventory_proposed.csv record 2457,data/study_v1/review/review_decisions.csv record 7835,ע״ר,,,,,,,not_recorded,,,,,,,inventory_membership|linguistic_expansion_vs_entity_or_numeral,"[{""page_title"":"""",""path"":""data/mined/candidate_table.csv"",""record"":1493,""source"":""wiktionary""},{""page_title"":""ע\""ר"",""path"":""data/mined/merged_counts.csv"",""record"":1814,""source"":""wiktionary""},{""page_title"":""ע\""ר"",""path"":""data/mined/wiktionary/wiktionary_counts.csv"",""record"":1571,""source"":""wiktionary""}]",[],"No linked type-level Ben review is established for this row. Export presence is evidence to inspect, not semantic approval. Occurrence acceptance cannot approve this row.","[""item-e5585c3bb1a7a5da8fccd5d8""]",true,"Review this existing hypothesis once for its type: independent linguistic evidence, canonical wording and any alias/merge/exclusion proposal. Preserve raw type and surface forms; do not derive a base form from sentence context.","No inventory decision is recorded. Independent export pointers exist but may name entities, events or numerals rather than valid expansions.",,
inv-ab90e0f194aa1e858bea4c34,inventory,C_train_natural_wikipedia,proposed_not_approved_for_application,data/study_v1/review/inventory_proposed.csv record 2901,data/study_v1/review/review_decisions.csv record 4899,רש״ת,,,,,,,not_recorded,,,,,,,inventory_membership|linguistic_expansion_vs_entity_or_numeral,"[{""page_title"":"""",""path"":""data/mined/candidate_table.csv"",""record"":2570,""source"":""gematria""}]",[],"No linked type-level Ben review is established for this row. Export presence is evidence to inspect, not semantic approval. Occurrence acceptance cannot approve this row.","[""item-53778b34937faa4bdd708eab""]",true,"Review this existing hypothesis once for its type: independent linguistic evidence, canonical wording and any alias/merge/exclusion proposal. Preserve raw type and surface forms; do not derive a base form from sentence context.","No inventory decision is recorded. Independent export pointers exist but may name entities, events or numerals rather than valid expansions.",,gematria_string_rule_proposed
inv-cf95d77a886e4343596e253c,inventory,C_train_natural_wikipedia,proposed_not_approved_for_application,data/study_v1/review/inventory_proposed.csv record 2899,data/study_v1/review/review_decisions.csv record 7412,רש״ת,,,,,,,not_recorded,,,,,,,inventory_membership|linguistic_expansion_vs_entity_or_numeral,"[{""page_title"":"""",""path"":""data/mined/candidate_table.csv"",""record"":1749,""source"":""wiktionary""},{""page_title"":""רש\""ת"",""path"":""data/mined/merged_counts.csv"",""record"":2155,""source"":""wiktionary""},{""page_title"":""רש\""ת"",""path"":""data/mined/wiktionary/wiktionary_counts.csv"",""record"":1887,""source"":""wiktionary""}]",[],"No linked type-level Ben review is established for this row. Export presence is evidence to inspect, not semantic approval. Occurrence acceptance cannot approve this row.","[""item-53778b34937faa4bdd708eab""]",true,"Review this existing hypothesis once for its type: independent linguistic evidence, canonical wording and any alias/merge/exclusion proposal. Preserve raw type and surface forms; do not derive a base form from sentence context.","No inventory decision is recorded. Independent export pointers exist but may name entities, events or numerals rather than valid expansions.",,
inv-ea4b9e7658f39743456c421f,inventory,C_train_natural_wikipedia,proposed_not_approved_for_application,data/study_v1/review/inventory_proposed.csv record 2900,data/study_v1/review/review_decisions.csv record 7702,רש״ת,,,,,,,not_recorded,,,,,,,inventory_membership|linguistic_expansion_vs_entity_or_numeral,"[{""page_title"":"""",""path"":""data/mined/candidate_table.csv"",""record"":1750,""source"":""wiktionary""},{""page_title"":""רש\""ת"",""path"":""data/mined/merged_counts.csv"",""record"":2156,""source"":""wiktionary""},{""page_title"":""רש\""ת"",""path"":""data/mined/wiktionary/wiktionary_counts.csv"",""record"":1886,""source"":""wiktionary""}]",[],"No linked type-level Ben review is established for this row. Export presence is evidence to inspect, not semantic approval. Occurrence acceptance cannot approve this row.","[""item-53778b34937faa4bdd708eab""]",true,"Review this existing hypothesis once for its type: independent linguistic evidence, canonical wording and any alias/merge/exclusion proposal. Preserve raw type and surface forms; do not derive a base form from sentence context.","No inventory decision is recorded. Independent export pointers exist but may name entities, events or numerals rather than valid expansions.",,
inv-0cad98511cac621ec7fcb04d,inventory,C_train_natural_wikipedia,proposed_not_approved_for_application,data/study_v1/review/inventory_proposed.csv record 3107,data/study_v1/review/review_decisions.csv record 5433,ש״ס,,,,,,,not_recorded,,,,,,,inventory_membership|linguistic_expansion_vs_entity_or_numeral,"[{""page_title"":"""",""path"":""data/mined/candidate_table.csv"",""record"":1884,""source"":""wikipedia""},{""page_title"":""ש\""ס"",""path"":""data/mined/merged_counts.csv"",""record"":2303,""source"":""wikipedia""},{""page_title"":""ש\""ס"",""path"":""data/mined/wikipedia/bullet_counts.csv"",""record"":485,""source"":""""}]","[{""path"":""data/mined/duplicate_review.csv"",""record"":104}]","Reuse linked type-level Ben reviews without automatically merging senses; export presence is evidence to inspect, not semantic approval. Occurrence acceptance cannot approve this row.","[""item-06ef255bbefea69366ead320"",""item-6c0962235865bf7fb844549e"",""item-a13283bd46aecc631424f818""]",true,"Review this existing hypothesis once for its type: independent linguistic evidence, canonical wording and any alias/merge/exclusion proposal. Preserve raw type and surface forms; do not derive a base form from sentence context.","No inventory decision is recorded. Independent export pointers exist but may name entities, events or numerals rather than valid expansions.",,
inv-17a9fc3e90d479c87585c745,inventory,C_train_natural_wikipedia,proposed_not_approved_for_application,data/study_v1/review/inventory_proposed.csv record 3104,data/study_v1/review/review_decisions.csv record 5533,ש״ס,,,,,,,not_recorded,,,,,,,inventory_membership|linguistic_expansion_vs_entity_or_numeral,"[{""page_title"":"""",""path"":""data/mined/candidate_table.csv"",""record"":1888,""source"":""wiktionary""},{""page_title"":""ש\""ס"",""path"":""data/mined/merged_counts.csv"",""record"":2309,""source"":""wiktionary""},{""page_title"":""ש\""ס"",""path"":""data/mined/wiktionary/wiktionary_counts.csv"",""record"":1922,""source"":""wiktionary""}]","[{""path"":""data/mined/duplicate_review.csv"",""record"":104}]","Reuse linked type-level Ben reviews without automatically merging senses; export presence is evidence to inspect, not semantic approval. Occurrence acceptance cannot approve this row.","[""item-06ef255bbefea69366ead320"",""item-6c0962235865bf7fb844549e"",""item-a13283bd46aecc631424f818""]",true,"Review this existing hypothesis once for its type: independent linguistic evidence, canonical wording and any alias/merge/exclusion proposal. Preserve raw type and surface forms; do not derive a base form from sentence context.","No inventory decision is recorded. Independent export pointers exist but may name entities, events or numerals rather than valid expansions.",,
inv-22320fe8b9787e2904303a1f,inventory,C_train_natural_wikipedia,proposed_not_approved_for_application,data/study_v1/review/inventory_proposed.csv record 3101,data/study_v1/review/review_decisions.csv record 5622,ש״ס,,,,,,,not_recorded,,,,,,,inventory_membership|linguistic_expansion_vs_entity_or_numeral,"[{""page_title"":"""",""path"":""data/mined/candidate_table.csv"",""record"":1886,""source"":""wikipedia""},{""page_title"":""ש\""ס"",""path"":""data/mined/merged_counts.csv"",""record"":2307,""source"":""wikipedia""},{""page_title"":""ש\""ס"",""path"":""data/mined/wikipedia/bullet_counts.csv"",""record"":490,""source"":""""}]","[{""path"":""data/mined/duplicate_review.csv"",""record"":104}]","Reuse linked type-level Ben reviews without automatically merging senses; export presence is evidence to inspect, not semantic approval. Occurrence acceptance cannot approve this row.","[""item-06ef255bbefea69366ead320"",""item-6c0962235865bf7fb844549e"",""item-a13283bd46aecc631424f818""]",true,"Review this existing hypothesis once for its type: independent linguistic evidence, canonical wording and any alias/merge/exclusion proposal. Preserve raw type and surface forms; do not derive a base form from sentence context.","No inventory decision is recorded. Independent export pointers exist but may name entities, events or numerals rather than valid expansions.",,
inv-24c24e72f16871ea17eaedb2,inventory,C_train_natural_wikipedia,proposed_not_approved_for_application,data/study_v1/review/inventory_proposed.csv record 3098,data/study_v1/review/review_decisions.csv record 5639,ש״ס,,,,,,,not_recorded,,,,,,,inventory_membership|linguistic_expansion_vs_entity_or_numeral,"[{""page_title"":""ש\""ס"",""path"":""data/mined/merged_counts.csv"",""record"":2305,""source"":""wikipedia""},{""page_title"":""ש\""ס"",""path"":""data/mined/wikipedia/bullet_counts.csv"",""record"":487,""source"":""""}]","[{""path"":""data/mined/duplicate_review.csv"",""record"":104}]","Reuse linked type-level Ben reviews without automatically merging senses; export presence is evidence to inspect, not semantic approval. Occurrence acceptance cannot approve this row.","[""item-06ef255bbefea69366ead320"",""item-6c0962235865bf7fb844549e"",""item-a13283bd46aecc631424f818""]",true,"Review this existing hypothesis once for its type: independent linguistic evidence, canonical wording and any alias/merge/exclusion proposal. Preserve raw type and surface forms; do not derive a base form from sentence context.","No inventory decision is recorded. Independent export pointers exist but may name entities, events or numerals rather than valid expansions.",,
inv-5b7887e64f42980490fe6e91,inventory,C_train_natural_wikipedia,proposed_not_approved_for_application,data/study_v1/review/inventory_proposed.csv record 3100,data/study_v1/review/review_decisions.csv record 6205,ש״ס,,,,,,,not_recorded,,,,,,,inventory_membership|linguistic_expansion_vs_entity_or_numeral,"[{""page_title"":"""",""path"":""data/mined/candidate_table.csv"",""record"":1889,""source"":""wiktionary""},{""page_title"":""ש\""ס"",""path"":""data/mined/merged_counts.csv"",""record"":2310,""source"":""wiktionary""},{""page_title"":""ש\""ס"",""path"":""data/mined/wiktionary/wiktionary_counts.csv"",""record"":1921,""source"":""wiktionary""}]","[{""path"":""data/mined/duplicate_review.csv"",""record"":104}]","Reuse linked type-level Ben reviews without automatically merging senses; export presence is evidence to inspect, not semantic approval. Occurrence acceptance cannot approve this row.","[""item-06ef255bbefea69366ead320"",""item-6c0962235865bf7fb844549e"",""item-a13283bd46aecc631424f818""]",true,"Review this existing hypothesis once for its type: independent linguistic evidence, canonical wording and any alias/merge/exclusion proposal. Preserve raw type and surface forms; do not derive a base form from sentence context.","No inventory decision is recorded. Independent export pointers exist but may name entities, events or numerals rather than valid expansions.",,
inv-6e6ed17892998879b58c835c,inventory,C_train_natural_wikipedia,proposed_not_approved_for_application,data/study_v1/review/inventory_proposed.csv record 3105,data/study_v1/review/review_decisions.csv record 6374,ש״ס,,,,,,,not_recorded,,,,,,,inventory_membership|linguistic_expansion_vs_entity_or_numeral,"[{""page_title"":""ש\""ס"",""path"":""data/mined/wikipedia/bullet_counts.csv"",""record"":489,""source"":""""}]","[{""path"":""data/mined/duplicate_review.csv"",""record"":104}]","Reuse linked type-level Ben reviews without automatically merging senses; export presence is evidence to inspect, not semantic approval. Occurrence acceptance cannot approve this row.","[""item-06ef255bbefea69366ead320"",""item-6c0962235865bf7fb844549e"",""item-a13283bd46aecc631424f818""]",true,"Review this existing hypothesis once for its type: independent linguistic evidence, canonical wording and any alias/merge/exclusion proposal. Preserve raw type and surface forms; do not derive a base form from sentence context.","No inventory decision is recorded. Independent export pointers exist but may name entities, events or numerals rather than valid expansions.",,
inv-78384a5ff6c13c411b9ded91,inventory,C_train_natural_wikipedia,proposed_not_approved_for_application,data/study_v1/review/inventory_proposed.csv record 3097,data/study_v1/review/review_decisions.csv record 6476,ש״ס,,,,,,,not_recorded,,,,,,,inventory_membership|linguistic_expansion_vs_entity_or_numeral,"[{""page_title"":""ש\""ס"",""path"":""data/mined/merged_counts.csv"",""record"":2306,""source"":""wikipedia""},{""page_title"":""ש\""ס"",""path"":""data/mined/wikipedia/bullet_counts.csv"",""record"":488,""source"":""""}]","[{""path"":""data/mined/duplicate_review.csv"",""record"":104}]","Reuse linked type-level Ben reviews without automatically merging senses; export presence is evidence to inspect, not semantic approval. Occurrence acceptance cannot approve this row.","[""item-06ef255bbefea69366ead320"",""item-6c0962235865bf7fb844549e"",""item-a13283bd46aecc631424f818""]",true,"Review this existing hypothesis once for its type: independent linguistic evidence, canonical wording and any alias/merge/exclusion proposal. Preserve raw type and surface forms; do not derive a base form from sentence context.","No inventory decision is recorded. Independent export pointers exist but may name entities, events or numerals rather than valid expansions.",,
inv-8e6571a9798bbada7e39a1f8,inventory,C_train_natural_wikipedia,proposed_not_approved_for_application,data/study_v1/review/inventory_proposed.csv record 3108,data/study_v1/review/review_decisions.csv record 6711,ש״ס,,,,,,,not_recorded,,,,,,,inventory_membership|linguistic_expansion_vs_entity_or_numeral,"[{""page_title"":"""",""path"":""data/mined/candidate_table.csv"",""record"":1885,""source"":""wikipedia""},{""page_title"":""ש\""ס"",""path"":""data/mined/merged_counts.csv"",""record"":2304,""source"":""wikipedia""},{""page_title"":""ש\""ס"",""path"":""data/mined/wikipedia/bullet_counts.csv"",""record"":486,""source"":""""}]","[{""path"":""data/mined/duplicate_review.csv"",""record"":104}]","Reuse linked type-level Ben reviews without automatically merging senses; export presence is evidence to inspect, not semantic approval. Occurrence acceptance cannot approve this row.","[""item-06ef255bbefea69366ead320"",""item-6c0962235865bf7fb844549e"",""item-a13283bd46aecc631424f818""]",true,"Review this existing hypothesis once for its type: independent linguistic evidence, canonical wording and any alias/merge/exclusion proposal. Preserve raw type and surface forms; do not derive a base form from sentence context.","No inventory decision is recorded. Independent export pointers exist but may name entities, events or numerals rather than valid expansions.",,
inv-b38a762bffc5443a3e0d1695,inventory,C_train_natural_wikipedia,proposed_not_approved_for_application,data/study_v1/review/inventory_proposed.csv record 3099,data/study_v1/review/review_decisions.csv record 7098,ש״ס,,,,,,,not_recorded,,,,,,,inventory_membership|linguistic_expansion_vs_entity_or_numeral,"[{""page_title"":"""",""path"":""data/mined/candidate_table.csv"",""record"":1882,""source"":""wikipedia""},{""page_title"":""ש\""ס"",""path"":""data/mined/merged_counts.csv"",""record"":2301,""source"":""wikipedia""},{""page_title"":""ש\""ס"",""path"":""data/mined/wikipedia/bullet_counts.csv"",""record"":483,""source"":""""}]","[{""path"":""data/mined/duplicate_review.csv"",""record"":104}]","Reuse linked type-level Ben reviews without automatically merging senses; export presence is evidence to inspect, not semantic approval. Occurrence acceptance cannot approve this row.","[""item-06ef255bbefea69366ead320"",""item-6c0962235865bf7fb844549e"",""item-a13283bd46aecc631424f818""]",true,"Review this existing hypothesis once for its type: independent linguistic evidence, canonical wording and any alias/merge/exclusion proposal. Preserve raw type and surface forms; do not derive a base form from sentence context.","No inventory decision is recorded. Independent export pointers exist but may name entities, events or numerals rather than valid expansions.",,
inv-d06064105628f9f7b35938b6,inventory,C_train_natural_wikipedia,proposed_not_approved_for_application,data/study_v1/review/inventory_proposed.csv record 3102,data/study_v1/review/review_decisions.csv record 7422,ש״ס,,,,,,,not_recorded,,,,,,,inventory_membership|linguistic_expansion_vs_entity_or_numeral,"[{""page_title"":"""",""path"":""data/mined/candidate_table.csv"",""record"":1887,""source"":""wiktionary""},{""page_title"":""ש\""ס"",""path"":""data/mined/merged_counts.csv"",""record"":2308,""source"":""wiktionary""},{""page_title"":""ש\""ס"",""path"":""data/mined/wiktionary/wiktionary_counts.csv"",""record"":1920,""source"":""wiktionary""}]","[{""path"":""data/mined/duplicate_review.csv"",""record"":104}]","Reuse linked type-level Ben reviews without automatically merging senses; export presence is evidence to inspect, not semantic approval. Occurrence acceptance cannot approve this row.","[""item-06ef255bbefea69366ead320"",""item-6c0962235865bf7fb844549e"",""item-a13283bd46aecc631424f818""]",true,"Review this existing hypothesis once for its type: independent linguistic evidence, canonical wording and any alias/merge/exclusion proposal. Preserve raw type and surface forms; do not derive a base form from sentence context.","No inventory decision is recorded. Independent export pointers exist but may name entities, events or numerals rather than valid expansions.",,
inv-dab05126d8323a397cd97b94,inventory,C_train_natural_wikipedia,proposed_not_approved_for_application,data/study_v1/review/inventory_proposed.csv record 3106,data/study_v1/review/review_decisions.csv record 7522,ש״ס,,,,,,,not_recorded,,,,,,,inventory_membership|linguistic_expansion_vs_entity_or_numeral,"[{""page_title"":"""",""path"":""data/mined/candidate_table.csv"",""record"":1883,""source"":""wikipedia""},{""page_title"":""ש\""ס"",""path"":""data/mined/merged_counts.csv"",""record"":2302,""source"":""wikipedia""},{""page_title"":""ש\""ס"",""path"":""data/mined/wikipedia/bullet_counts.csv"",""record"":484,""source"":""""}]","[{""path"":""data/mined/duplicate_review.csv"",""record"":104}]","Reuse linked type-level Ben reviews without automatically merging senses; export presence is evidence to inspect, not semantic approval. Occurrence acceptance cannot approve this row.","[""item-06ef255bbefea69366ead320"",""item-6c0962235865bf7fb844549e"",""item-a13283bd46aecc631424f818""]",true,"Review this existing hypothesis once for its type: independent linguistic evidence, canonical wording and any alias/merge/exclusion proposal. Preserve raw type and surface forms; do not derive a base form from sentence context.","No inventory decision is recorded. Independent export pointers exist but may name entities, events or numerals rather than valid expansions.",,
inv-eacddc6a430e39fcf03ba146,inventory,C_train_natural_wikipedia,proposed_not_approved_for_application,data/study_v1/review/inventory_proposed.csv record 3103,data/study_v1/review/review_decisions.csv record 5036,ש״ס,,,,,,,not_recorded,,,,,,,inventory_membership|linguistic_expansion_vs_entity_or_numeral,"[{""page_title"":"""",""path"":""data/mined/candidate_table.csv"",""record"":2614,""source"":""gematria""}]","[{""path"":""data/mined/duplicate_review.csv"",""record"":104}]","Reuse linked type-level Ben reviews without automatically merging senses; export presence is evidence to inspect, not semantic approval. Occurrence acceptance cannot approve this row.","[""item-06ef255bbefea69366ead320"",""item-6c0962235865bf7fb844549e"",""item-a13283bd46aecc631424f818""]",true,"Review this existing hypothesis once for its type: independent linguistic evidence, canonical wording and any alias/merge/exclusion proposal. Preserve raw type and surface forms; do not derive a base form from sentence context.","No inventory decision is recorded. Independent export pointers exist but may name entities, events or numerals rather than valid expansions.",,gematria_string_rule_proposed
inv-168c8d1474f6b0beaec59d15,inventory,C_train_natural_wikipedia,proposed_not_approved_for_application,data/study_v1/review/inventory_proposed.csv record 3178,data/study_v1/review/review_decisions.csv record 4487,תמ״א,,,,,,,not_recorded,,,,,,,inventory_membership|linguistic_expansion_vs_entity_or_numeral,"[{""page_title"":"""",""path"":""data/mined/candidate_table.csv"",""record"":2628,""source"":""gematria""}]","[{""path"":""data/mined/duplicate_review.csv"",""record"":69}]","Reuse linked type-level Ben reviews without automatically merging senses; export presence is evidence to inspect, not semantic approval. Occurrence acceptance cannot approve this row.","[""item-b401bfb61b1a8613315f9f0d""]",true,"Review this existing hypothesis once for its type: independent linguistic evidence, canonical wording and any alias/merge/exclusion proposal. Preserve raw type and surface forms; do not derive a base form from sentence context.","No inventory decision is recorded. Independent export pointers exist but may name entities, events or numerals rather than valid expansions.",,gematria_string_rule_proposed
inv-88d900de7ba3517419a1da9e,inventory,C_train_natural_wikipedia,proposed_not_approved_for_application,data/study_v1/review/inventory_proposed.csv record 3184,data/study_v1/review/review_decisions.csv record 6649,תמ״א,,,,,,,not_recorded,,,,,,,inventory_membership|linguistic_expansion_vs_entity_or_numeral,"[{""page_title"":""תמ\""א (פירושונים)"",""path"":""data/mined/merged_counts.csv"",""record"":2366,""source"":""wikipedia""},{""page_title"":""תמ\""א (פירושונים)"",""path"":""data/mined/wikipedia/bullet_counts.csv"",""record"":518,""source"":""""}]","[{""path"":""data/mined/duplicate_review.csv"",""record"":69}]","Reuse linked type-level Ben reviews without automatically merging senses; export presence is evidence to inspect, not semantic approval. Occurrence acceptance cannot approve this row.","[""item-b401bfb61b1a8613315f9f0d""]",true,"Review this existing hypothesis once for its type: independent linguistic evidence, canonical wording and any alias/merge/exclusion proposal. Preserve raw type and surface forms; do not derive a base form from sentence context.","No inventory decision is recorded. Independent export pointers exist but may name entities, events or numerals rather than valid expansions.",,
inv-8e004a31fc0ad9befd5ddaa5,inventory,C_train_natural_wikipedia,proposed_not_approved_for_application,data/study_v1/review/inventory_proposed.csv record 3179,data/study_v1/review/review_decisions.csv record 6707,תמ״א,,,,,,,not_recorded,,,,,,,inventory_membership|linguistic_expansion_vs_entity_or_numeral,"[{""page_title"":""תמ\""א (פירושונים)"",""path"":""data/mined/merged_counts.csv"",""record"":2369,""source"":""wikipedia""},{""page_title"":""תמ\""א (פירושונים)"",""path"":""data/mined/wikipedia/bullet_counts.csv"",""record"":520,""source"":""""}]","[{""path"":""data/mined/duplicate_review.csv"",""record"":69}]","Reuse linked type-level Ben reviews without automatically merging senses; export presence is evidence to inspect, not semantic approval. Occurrence acceptance cannot approve this row.","[""item-b401bfb61b1a8613315f9f0d""]",true,"Review this existing hypothesis once for its type: independent linguistic evidence, canonical wording and any alias/merge/exclusion proposal. Preserve raw type and surface forms; do not derive a base form from sentence context.","No inventory decision is recorded. Independent export pointers exist but may name entities, events or numerals rather than valid expansions.",,
inv-d853947088f45a7013c813a8,inventory,C_train_natural_wikipedia,proposed_not_approved_for_application,data/study_v1/review/inventory_proposed.csv record 3181,data/study_v1/review/review_decisions.csv record 7497,תמ״א,,,,,,,not_recorded,,,,,,,inventory_membership|linguistic_expansion_vs_entity_or_numeral,"[{""page_title"":"""",""path"":""data/mined/candidate_table.csv"",""record"":1942,""source"":""wikipedia""},{""page_title"":""תמ\""א (פירושונים)"",""path"":""data/mined/merged_counts.csv"",""record"":2371,""source"":""wikipedia""},{""page_title"":""תמ\""א (פירושונים)"",""path"":""data/mined/wikipedia/bullet_counts.csv"",""record"":519,""source"":""""}]","[{""path"":""data/mined/duplicate_review.csv"",""record"":69}]","Reuse linked type-level Ben reviews without automatically merging senses; export presence is evidence to inspect, not semantic approval. Occurrence acceptance cannot approve this row.","[""item-b401bfb61b1a8613315f9f0d""]",true,"Review this existing hypothesis once for its type: independent linguistic evidence, canonical wording and any alias/merge/exclusion proposal. Preserve raw type and surface forms; do not derive a base form from sentence context.","No inventory decision is recorded. Independent export pointers exist but may name entities, events or numerals rather than valid expansions.",,
inv-d9b86af69f9bb1807b568f50,inventory,C_train_natural_wikipedia,proposed_not_approved_for_application,data/study_v1/review/inventory_proposed.csv record 3182,data/study_v1/review/review_decisions.csv record 7510,תמ״א,,,,,,,not_recorded,,,,,,,inventory_membership|linguistic_expansion_vs_entity_or_numeral,"[{""page_title"":""תמ\""א (פירושונים)"",""path"":""data/mined/merged_counts.csv"",""record"":2370,""source"":""wikipedia""},{""page_title"":""תמ\""א (פירושונים)"",""path"":""data/mined/wikipedia/bullet_counts.csv"",""record"":516,""source"":""""}]","[{""path"":""data/mined/duplicate_review.csv"",""record"":69}]","Reuse linked type-level Ben reviews without automatically merging senses; export presence is evidence to inspect, not semantic approval. Occurrence acceptance cannot approve this row.","[""item-b401bfb61b1a8613315f9f0d""]",true,"Review this existing hypothesis once for its type: independent linguistic evidence, canonical wording and any alias/merge/exclusion proposal. Preserve raw type and surface forms; do not derive a base form from sentence context.","No inventory decision is recorded. Independent export pointers exist but may name entities, events or numerals rather than valid expansions.",,
inv-f969b0b129ac1e0975541b6d,inventory,C_train_natural_wikipedia,proposed_not_approved_for_application,data/study_v1/review/inventory_proposed.csv record 3183,data/study_v1/review/review_decisions.csv record 7873,תמ״א,,,,,,,not_recorded,,,,,,,inventory_membership|linguistic_expansion_vs_entity_or_numeral,"[{""page_title"":""תמ\""א (פירושונים)"",""path"":""data/mined/merged_counts.csv"",""record"":2368,""source"":""wikipedia""},{""page_title"":""תמ\""א (פירושונים)"",""path"":""data/mined/wikipedia/bullet_counts.csv"",""record"":517,""source"":""""}]","[{""path"":""data/mined/duplicate_review.csv"",""record"":69}]","Reuse linked type-level Ben reviews without automatically merging senses; export presence is evidence to inspect, not semantic approval. Occurrence acceptance cannot approve this row.","[""item-b401bfb61b1a8613315f9f0d""]",true,"Review this existing hypothesis once for its type: independent linguistic evidence, canonical wording and any alias/merge/exclusion proposal. Preserve raw type and surface forms; do not derive a base form from sentence context.","No inventory decision is recorded. Independent export pointers exist but may name entities, events or numerals rather than valid expansions.",,
inv-ff4598f9b0f5da905f84b160,inventory,C_train_natural_wikipedia,proposed_not_approved_for_application,data/study_v1/review/inventory_proposed.csv record 3180,data/study_v1/review/review_decisions.csv record 7930,תמ״א,,,,,,,not_recorded,,,,,,,inventory_membership|linguistic_expansion_vs_entity_or_numeral,"[{""page_title"":"""",""path"":""data/mined/candidate_table.csv"",""record"":1941,""source"":""wikipedia""},{""page_title"":""תמ\""א (פירושונים)"",""path"":""data/mined/merged_counts.csv"",""record"":2367,""source"":""wikipedia""},{""page_title"":""תמ\""א (פירושונים)"",""path"":""data/mined/wikipedia/bullet_counts.csv"",""record"":515,""source"":""""}]","[{""path"":""data/mined/duplicate_review.csv"",""record"":69}]","Reuse linked type-level Ben reviews without automatically merging senses; export presence is evidence to inspect, not semantic approval. Occurrence acceptance cannot approve this row.","[""item-b401bfb61b1a8613315f9f0d""]",true,"Review this existing hypothesis once for its type: independent linguistic evidence, canonical wording and any alias/merge/exclusion proposal. Preserve raw type and surface forms; do not derive a base form from sentence context.","No inventory decision is recorded. Independent export pointers exist but may name entities, events or numerals rather than valid expansions.",,
inv-0c7132438cd2cde64af3c620,inventory,C_train_natural_wikipedia,proposed_not_approved_for_application,data/study_v1/review/inventory_proposed.csv record 3221,data/study_v1/review/review_decisions.csv record 4462,ת״א,,,,,,,not_recorded,,,,,,,inventory_membership|linguistic_expansion_vs_entity_or_numeral,"[{""page_title"":"""",""path"":""data/mined/candidate_table.csv"",""record"":2639,""source"":""gematria""}]","[{""path"":""data/mined/duplicate_review.csv"",""record"":182}]","Reuse linked type-level Ben reviews without automatically merging senses; export presence is evidence to inspect, not semantic approval. Occurrence acceptance cannot approve this row.","[""item-301a15de759a54a330751cc6"",""item-86b4b42c7693dace97aa5dc5"",""item-e37574e00a24c49724fcb28b""]",true,"Review this existing hypothesis once for its type: independent linguistic evidence, canonical wording and any alias/merge/exclusion proposal. Preserve raw type and surface forms; do not derive a base form from sentence context.","No inventory decision is recorded. Independent export pointers exist but may name entities, events or numerals rather than valid expansions.",,gematria_string_rule_proposed
inv-148d38c706a2a1bf4700c84e,inventory,C_train_natural_wikipedia,proposed_not_approved_for_application,data/study_v1/review/inventory_proposed.csv record 3224,data/study_v1/review/review_decisions.csv record 5502,ת״א,,,,,,,not_recorded,,,,,,,inventory_membership|linguistic_expansion_vs_entity_or_numeral,"[{""page_title"":""ת\""א (פירושונים)"",""path"":""data/mined/merged_counts.csv"",""record"":2411,""source"":""wikipedia""},{""page_title"":""ת\""א (פירושונים)"",""path"":""data/mined/wikipedia/bullet_counts.csv"",""record"":497,""source"":""""}]","[{""path"":""data/mined/duplicate_review.csv"",""record"":182}]","Reuse linked type-level Ben reviews without automatically merging senses; export presence is evidence to inspect, not semantic approval. Occurrence acceptance cannot approve this row.","[""item-301a15de759a54a330751cc6"",""item-86b4b42c7693dace97aa5dc5"",""item-e37574e00a24c49724fcb28b""]",true,"Review this existing hypothesis once for its type: independent linguistic evidence, canonical wording and any alias/merge/exclusion proposal. Preserve raw type and surface forms; do not derive a base form from sentence context.","No inventory decision is recorded. Independent export pointers exist but may name entities, events or numerals rather than valid expansions.",,
inv-182f66c4fc887ac4b0d97ee6,inventory,C_train_natural_wikipedia,proposed_not_approved_for_application,data/study_v1/review/inventory_proposed.csv record 3226,data/study_v1/review/review_decisions.csv record 5537,ת״א,,,,,,,not_recorded,,,,,,,inventory_membership|linguistic_expansion_vs_entity_or_numeral,"[{""page_title"":""ת\""א (פירושונים)"",""path"":""data/mined/merged_counts.csv"",""record"":2404,""source"":""wikipedia""},{""page_title"":""ת\""א (פירושונים)"",""path"":""data/mined/wikipedia/bullet_counts.csv"",""record"":498,""source"":""""}]","[{""path"":""data/mined/duplicate_review.csv"",""record"":182}]","Reuse linked type-level Ben reviews without automatically merging senses; export presence is evidence to inspect, not semantic approval. Occurrence acceptance cannot approve this row.","[""item-301a15de759a54a330751cc6"",""item-86b4b42c7693dace97aa5dc5"",""item-e37574e00a24c49724fcb28b""]",true,"Review this existing hypothesis once for its type: independent linguistic evidence, canonical wording and any alias/merge/exclusion proposal. Preserve raw type and surface forms; do not derive a base form from sentence context.","No inventory decision is recorded. Independent export pointers exist but may name entities, events or numerals rather than valid expansions.",,
inv-1be79fb813a82f8ab57a3247,inventory,C_train_natural_wikipedia,proposed_not_approved_for_application,data/study_v1/review/inventory_proposed.csv record 3230,data/study_v1/review/review_decisions.csv record 5570,ת״א,,,,,,,not_recorded,,,,,,,inventory_membership|linguistic_expansion_vs_entity_or_numeral,"[{""page_title"":"""",""path"":""data/mined/candidate_table.csv"",""record"":1967,""source"":""wiktionary""},{""page_title"":""ת\""א"",""path"":""data/mined/merged_counts.csv"",""record"":2406,""source"":""wiktionary""},{""page_title"":""ת\""א"",""path"":""data/mined/wiktionary/wiktionary_counts.csv"",""record"":2024,""source"":""wiktionary""}]","[{""path"":""data/mined/duplicate_review.csv"",""record"":182}]","Reuse linked type-level Ben reviews without automatically merging senses; export presence is evidence to inspect, not semantic approval. Occurrence acceptance cannot approve this row.","[""item-301a15de759a54a330751cc6"",""item-86b4b42c7693dace97aa5dc5"",""item-e37574e00a24c49724fcb28b""]",true,"Review this existing hypothesis once for its type: independent linguistic evidence, canonical wording and any alias/merge/exclusion proposal. Preserve raw type and surface forms; do not derive a base form from sentence context.","No inventory decision is recorded. Independent export pointers exist but may name entities, events or numerals rather than valid expansions.",,
inv-2a4b898b8d2e3a62d20cae66,inventory,C_train_natural_wikipedia,proposed_not_approved_for_application,data/study_v1/review/inventory_proposed.csv record 3235,data/study_v1/review/review_decisions.csv record 5709,ת״א,,,,,,,not_recorded,,,,,,,inventory_membership|linguistic_expansion_vs_entity_or_numeral,"[{""page_title"":"""",""path"":""data/mined/candidate_table.csv"",""record"":1965,""source"":""wikipedia+wiktionary""},{""page_title"":""ת\""א (פירושונים)"",""path"":""data/mined/merged_counts.csv"",""record"":2400,""source"":""wikipedia+wiktionary""},{""page_title"":""ת\""א"",""path"":""data/mined/wiktionary/wiktionary_counts.csv"",""record"":2023,""source"":""wiktionary""},{""page_title"":""ת\""א (פירושונים)"",""path"":""data/mined/wikipedia/bullet_counts.csv"",""record"":505,""source"":""""}]","[{""path"":""data/mined/duplicate_review.csv"",""record"":182}]","Reuse linked type-level Ben reviews without automatically merging senses; export presence is evidence to inspect, not semantic approval. Occurrence acceptance cannot approve this row.","[""item-301a15de759a54a330751cc6"",""item-86b4b42c7693dace97aa5dc5"",""item-e37574e00a24c49724fcb28b""]",true,"Review this existing hypothesis once for its type: independent linguistic evidence, canonical wording and any alias/merge/exclusion proposal. Preserve raw type and surface forms; do not derive a base form from sentence context.","No inventory decision is recorded. Independent export pointers exist but may name entities, events or numerals rather than valid expansions.",,
inv-35262a46edf59b590a10f7ac,inventory,C_train_natural_wikipedia,proposed_not_approved_for_application,data/study_v1/review/inventory_proposed.csv record 3231,data/study_v1/review/review_decisions.csv record 5813,ת״א,,,,,,,not_recorded,,,,,,,inventory_membership|linguistic_expansion_vs_entity_or_numeral,"[{""page_title"":"""",""path"":""data/mined/candidate_table.csv"",""record"":1966,""source"":""wikipedia+wiktionary""},{""page_title"":""ת\""א (פירושונים)"",""path"":""data/mined/merged_counts.csv"",""record"":2403,""source"":""wikipedia+wiktionary""},{""page_title"":""ת\""א"",""path"":""data/mined/wiktionary/wiktionary_counts.csv"",""record"":2022,""source"":""wiktionary""},{""page_title"":""ת\""א (פירושונים)"",""path"":""data/mined/wikipedia/bullet_counts.csv"",""record"":504,""source"":""""}]","[{""path"":""data/mined/duplicate_review.csv"",""record"":182}]","Reuse linked type-level Ben reviews without automatically merging senses; export presence is evidence to inspect, not semantic approval. Occurrence acceptance cannot approve this row.","[""item-301a15de759a54a330751cc6"",""item-86b4b42c7693dace97aa5dc5"",""item-e37574e00a24c49724fcb28b""]",true,"Review this existing hypothesis once for its type: independent linguistic evidence, canonical wording and any alias/merge/exclusion proposal. Preserve raw type and surface forms; do not derive a base form from sentence context.","No inventory decision is recorded. Independent export pointers exist but may name entities, events or numerals rather than valid expansions.",,
inv-3d62d01e11b6e9fe81b3effa,inventory,C_train_natural_wikipedia,proposed_not_approved_for_application,data/study_v1/review/inventory_proposed.csv record 3234,data/study_v1/review/review_decisions.csv record 5896,ת״א,,,,,,,not_recorded,,,,,,,inventory_membership|linguistic_expansion_vs_entity_or_numeral,"[{""page_title"":"""",""path"":""data/mined/candidate_table.csv"",""record"":1964,""source"":""wikipedia+wiktionary""},{""page_title"":""ת\""א (פירושונים)"",""path"":""data/mined/merged_counts.csv"",""record"":2399,""source"":""wikipedia+wiktionary""},{""page_title"":""ת\""א"",""path"":""data/mined/wiktionary/wiktionary_counts.csv"",""record"":2021,""source"":""wiktionary""},{""page_title"":""ת\""א (פירושונים)"",""path"":""data/mined/wikipedia/bullet_counts.csv"",""record"":503,""source"":""""}]","[{""path"":""data/mined/duplicate_review.csv"",""record"":182}]","Reuse linked type-level Ben reviews without automatically merging senses; export presence is evidence to inspect, not semantic approval. Occurrence acceptance cannot approve this row.","[""item-301a15de759a54a330751cc6"",""item-86b4b42c7693dace97aa5dc5"",""item-e37574e00a24c49724fcb28b""]",true,"Review this existing hypothesis once for its type: independent linguistic evidence, canonical wording and any alias/merge/exclusion proposal. Preserve raw type and surface forms; do not derive a base form from sentence context.","No inventory decision is recorded. Independent export pointers exist but may name entities, events or numerals rather than valid expansions.",,
inv-55da8db085eb270a1ae9bdb3,inventory,C_train_natural_wikipedia,proposed_not_approved_for_application,data/study_v1/review/inventory_proposed.csv record 3233,data/study_v1/review/review_decisions.csv record 6149,ת״א,,,,,,,not_recorded,,,,,,,inventory_membership|linguistic_expansion_vs_entity_or_numeral,"[{""page_title"":"""",""path"":""data/mined/candidate_table.csv"",""record"":1963,""source"":""wiktionary""},{""page_title"":""ת\""א"",""path"":""data/mined/merged_counts.csv"",""record"":2398,""source"":""wiktionary""},{""page_title"":""ת\""א"",""path"":""data/mined/wiktionary/wiktionary_counts.csv"",""record"":2020,""source"":""wiktionary""}]","[{""path"":""data/mined/duplicate_review.csv"",""record"":182}]","Reuse linked type-level Ben reviews without automatically merging senses; export presence is evidence to inspect, not semantic approval. Occurrence acceptance cannot approve this row.","[""item-301a15de759a54a330751cc6"",""item-86b4b42c7693dace97aa5dc5"",""item-e37574e00a24c49724fcb28b""]",true,"Review this existing hypothesis once for its type: independent linguistic evidence, canonical wording and any alias/merge/exclusion proposal. Preserve raw type and surface forms; do not derive a base form from sentence context.","No inventory decision is recorded. Independent export pointers exist but may name entities, events or numerals rather than valid expansions.",,
inv-5cbd23e21cd67429aba45c5d,inventory,C_train_natural_wikipedia,proposed_not_approved_for_application,data/study_v1/review/inventory_proposed.csv record 3223,data/study_v1/review/review_decisions.csv record 6216,ת״א,,,,,,,not_recorded,,,,,,,inventory_membership|linguistic_expansion_vs_entity_or_numeral,"[{""page_title"":"""",""path"":""data/mined/candidate_table.csv"",""record"":1968,""source"":""wikipedia""},{""page_title"":""ת\""א (פירושונים)"",""path"":""data/mined/merged_counts.csv"",""record"":2408,""source"":""wikipedia""},{""page_title"":""ת\""א (פירושונים)"",""path"":""data/mined/wikipedia/bullet_counts.csv"",""record"":495,""source"":""""}]","[{""path"":""data/mined/duplicate_review.csv"",""record"":182}]","Reuse linked type-level Ben reviews without automatically merging senses; export presence is evidence to inspect, not semantic approval. Occurrence acceptance cannot approve this row.","[""item-301a15de759a54a330751cc6"",""item-86b4b42c7693dace97aa5dc5"",""item-e37574e00a24c49724fcb28b""]",true,"Review this existing hypothesis once for its type: independent linguistic evidence, canonical wording and any alias/merge/exclusion proposal. Preserve raw type and surface forms; do not derive a base form from sentence context.","No inventory decision is recorded. Independent export pointers exist but may name entities, events or numerals rather than valid expansions.",,
inv-88d4eb5b622625481660d94d,inventory,C_train_natural_wikipedia,proposed_not_approved_for_application,data/study_v1/review/inventory_proposed.csv record 3228,data/study_v1/review/review_decisions.csv record 6648,ת״א,,,,,,,not_recorded,,,,,,,inventory_membership|linguistic_expansion_vs_entity_or_numeral,"[{""page_title"":""ת\""א (פירושונים)"",""path"":""data/mined/merged_counts.csv"",""record"":2405,""source"":""wikipedia""},{""page_title"":""ת\""א (פירושונים)"",""path"":""data/mined/wikipedia/bullet_counts.csv"",""record"":501,""source"":""""}]","[{""path"":""data/mined/duplicate_review.csv"",""record"":182}]","Reuse linked type-level Ben reviews without automatically merging senses; export presence is evidence to inspect, not semantic approval. Occurrence acceptance cannot approve this row.","[""item-301a15de759a54a330751cc6"",""item-86b4b42c7693dace97aa5dc5"",""item-e37574e00a24c49724fcb28b""]",true,"Review this existing hypothesis once for its type: independent linguistic evidence, canonical wording and any alias/merge/exclusion proposal. Preserve raw type and surface forms; do not derive a base form from sentence context.","No inventory decision is recorded. Independent export pointers exist but may name entities, events or numerals rather than valid expansions.",,
inv-a76b737117e1b3ed320c07cc,inventory,C_train_natural_wikipedia,proposed_not_approved_for_application,data/study_v1/review/inventory_proposed.csv record 3232,data/study_v1/review/review_decisions.csv record 6970,ת״א,,,,,,,not_recorded,,,,,,,inventory_membership|linguistic_expansion_vs_entity_or_numeral,"[{""page_title"":"""",""path"":""data/mined/candidate_table.csv"",""record"":1969,""source"":""wiktionary""},{""page_title"":""ת\""א"",""path"":""data/mined/merged_counts.csv"",""record"":2410,""source"":""wiktionary""},{""page_title"":""ת\""א"",""path"":""data/mined/wiktionary/wiktionary_counts.csv"",""record"":2025,""source"":""wiktionary""}]","[{""path"":""data/mined/duplicate_review.csv"",""record"":182}]","Reuse linked type-level Ben reviews without automatically merging senses; export presence is evidence to inspect, not semantic approval. Occurrence acceptance cannot approve this row.","[""item-301a15de759a54a330751cc6"",""item-86b4b42c7693dace97aa5dc5"",""item-e37574e00a24c49724fcb28b""]",true,"Review this existing hypothesis once for its type: independent linguistic evidence, canonical wording and any alias/merge/exclusion proposal. Preserve raw type and surface forms; do not derive a base form from sentence context.","No inventory decision is recorded. Independent export pointers exist but may name entities, events or numerals rather than valid expansions.",,
inv-d891f2270daa9fcb98d70c03,inventory,C_train_natural_wikipedia,proposed_not_approved_for_application,data/study_v1/review/inventory_proposed.csv record 3227,data/study_v1/review/review_decisions.csv record 7499,ת״א,,,,,,,not_recorded,,,,,,,inventory_membership|linguistic_expansion_vs_entity_or_numeral,"[{""page_title"":""ת\""א (פירושונים)"",""path"":""data/mined/merged_counts.csv"",""record"":2407,""source"":""wikipedia""},{""page_title"":""ת\""א (פירושונים)"",""path"":""data/mined/wikipedia/bullet_counts.csv"",""record"":500,""source"":""""}]","[{""path"":""data/mined/duplicate_review.csv"",""record"":182}]","Reuse linked type-level Ben reviews without automatically merging senses; export presence is evidence to inspect, not semantic approval. Occurrence acceptance cannot approve this row.","[""item-301a15de759a54a330751cc6"",""item-86b4b42c7693dace97aa5dc5"",""item-e37574e00a24c49724fcb28b""]",true,"Review this existing hypothesis once for its type: independent linguistic evidence, canonical wording and any alias/merge/exclusion proposal. Preserve raw type and surface forms; do not derive a base form from sentence context.","No inventory decision is recorded. Independent export pointers exist but may name entities, events or numerals rather than valid expansions.",,
inv-edec82a4d575e1147671e676,inventory,C_train_natural_wikipedia,proposed_not_approved_for_application,data/study_v1/review/inventory_proposed.csv record 3229,data/study_v1/review/review_decisions.csv record 7734,ת״א,,,,,,,not_recorded,,,,,,,inventory_membership|linguistic_expansion_vs_entity_or_numeral,"[{""page_title"":""ת\""א (פירושונים)"",""path"":""data/mined/merged_counts.csv"",""record"":2409,""source"":""wikipedia""},{""page_title"":""ת\""א (פירושונים)"",""path"":""data/mined/wikipedia/bullet_counts.csv"",""record"":499,""source"":""""}]","[{""path"":""data/mined/duplicate_review.csv"",""record"":182}]","Reuse linked type-level Ben reviews without automatically merging senses; export presence is evidence to inspect, not semantic approval. Occurrence acceptance cannot approve this row.","[""item-301a15de759a54a330751cc6"",""item-86b4b42c7693dace97aa5dc5"",""item-e37574e00a24c49724fcb28b""]",true,"Review this existing hypothesis once for its type: independent linguistic evidence, canonical wording and any alias/merge/exclusion proposal. Preserve raw type and surface forms; do not derive a base form from sentence context.","No inventory decision is recorded. Independent export pointers exist but may name entities, events or numerals rather than valid expansions.",,
inv-f452ef1d731eb2e4482bff43,inventory,C_train_natural_wikipedia,proposed_not_approved_for_application,data/study_v1/review/inventory_proposed.csv record 3225,data/study_v1/review/review_decisions.csv record 7826,ת״א,,,,,,,not_recorded,,,,,,,inventory_membership|linguistic_expansion_vs_entity_or_numeral,"[{""page_title"":""ת\""א (פירושונים)"",""path"":""data/mined/merged_counts.csv"",""record"":2402,""source"":""wikipedia""},{""page_title"":""ת\""א (פירושונים)"",""path"":""data/mined/wikipedia/bullet_counts.csv"",""record"":496,""source"":""""}]","[{""path"":""data/mined/duplicate_review.csv"",""record"":182}]","Reuse linked type-level Ben reviews without automatically merging senses; export presence is evidence to inspect, not semantic approval. Occurrence acceptance cannot approve this row.","[""item-301a15de759a54a330751cc6"",""item-86b4b42c7693dace97aa5dc5"",""item-e37574e00a24c49724fcb28b""]",true,"Review this existing hypothesis once for its type: independent linguistic evidence, canonical wording and any alias/merge/exclusion proposal. Preserve raw type and surface forms; do not derive a base form from sentence context.","No inventory decision is recorded. Independent export pointers exist but may name entities, events or numerals rather than valid expansions.",,
inv-ff9e3efc5d69f2d107d65a63,inventory,C_train_natural_wikipedia,proposed_not_approved_for_application,data/study_v1/review/inventory_proposed.csv record 3222,data/study_v1/review/review_decisions.csv record 7933,ת״א,,,,,,,not_recorded,,,,,,,inventory_membership|linguistic_expansion_vs_entity_or_numeral,"[{""page_title"":""ת\""א (פירושונים)"",""path"":""data/mined/merged_counts.csv"",""record"":2401,""source"":""wikipedia""},{""page_title"":""ת\""א (פירושונים)"",""path"":""data/mined/wikipedia/bullet_counts.csv"",""record"":502,""source"":""""}]","[{""path"":""data/mined/duplicate_review.csv"",""record"":182}]","Reuse linked type-level Ben reviews without automatically merging senses; export presence is evidence to inspect, not semantic approval. Occurrence acceptance cannot approve this row.","[""item-301a15de759a54a330751cc6"",""item-86b4b42c7693dace97aa5dc5"",""item-e37574e00a24c49724fcb28b""]",true,"Review this existing hypothesis once for its type: independent linguistic evidence, canonical wording and any alias/merge/exclusion proposal. Preserve raw type and surface forms; do not derive a base form from sentence context.","No inventory decision is recorded. Independent export pointers exist but may name entities, events or numerals rather than valid expansions.",,
