item_id,acronym,sentence,provisional_expansion,sense_id,gold_expansion,label_status,n_candidates,candidates,provenance,multi_sense_type,batch,source,page_title
ha-00001,אא״ב,"ביטוי ביהדות המתכתב עם ביטוי זה הוא ""אא״ב ושיני בנים תקהינה"".",אבות אכלו בוסר,אא״ב.01,אבות אכלו בוסר,weak,2,אבות אכלו בוסר | אי אמרת בשלמא,substituted,no,3,wikipedia,מעשה אבות סימן לבנים
ha-00002,אא״ב,"למשל, העיקרון התנ""כי – ""אא״ב ושיני בנים תקהינה"", פירושו שיכול לקרות מצב שבו האב יחטא אך צאצאיו ישלמו את המחיר.",אבות אכלו בוסר,אא״ב.01,אבות אכלו בוסר,weak,2,אבות אכלו בוסר | אי אמרת בשלמא,substituted,no,3,wikipedia,תהלה (נובלה)
ha-00003,אא״ב,"יהודה אטלס, ""רוברט בראונינג: אא״ב"", בספר ילדים גדולים (כרך 1, עמ' 58-45), הוצאת ידיעות אחרונות, 2003.",אבות אכלו בוסר,אא״ב.01,אבות אכלו בוסר,weak,2,אבות אכלו בוסר | אי אמרת בשלמא,substituted,no,3,wikipedia,רוברט בראונינג
ha-00004,אא״ג,רופא אא״ג הוא מומחה המטפל בכל ההיבטים הרפואיים והאסתטיים של האף האוזן והגרון.,אף אוזן גרון,אא״ג.01,אף אוזן גרון,weak,2,אף אוזן גרון | אלקטרואנצפלוגרף; תרשים הפעילות החשמלית של המוח,substituted,no,3,wikipedia,רפואת אף אוזן גרון
ha-00005,אא״ג,"שלישיית אא״ג הייתה להקה ישראלית, שפעלה בין השנים 1970 ל-1975.",אף אוזן גרון,אא״ג.01,אף אוזן גרון,weak,2,אף אוזן גרון | אלקטרואנצפלוגרף; תרשים הפעילות החשמלית של המוח,substituted,no,3,wikipedia,אף אוזן גרון (להקה)
ha-00006,אא״ג,"מלבד היותו מוזיקאי, הוא גם רופא המתמחה ברפואת אא״ג.",אף אוזן גרון,אא״ג.01,אף אוזן גרון,weak,2,אף אוזן גרון | אלקטרואנצפלוגרף; תרשים הפעילות החשמלית של המוח,substituted,no,3,wikipedia,חורחה דרקסלר
ha-00007,אא״ע,"ממייסדות הארגון ויושבת ראש אא״ע בחיפה, הייתה חנה חושי אשתו של ראש עיריית חיפה, אבא חושי.",ארגון אמהות עובדות,אא״ע.01,ארגון אמהות עובדות,weak,2,ארגון אמהות עובדות | אחראי איכות ענפי,substituted,no,3,wikipedia,נעמת
ha-00008,אא״ע,"חנה חושי (מונטג; 23 בינואר 1903 – 20 ביולי 1973) הייתה פעילה בארגוני פועלים בחיפה, מייסדת ויושבת ראש אא״ע בחיפה, אשתו של אבא חושי.",ארגון אמהות עובדות,אא״ע.01,ארגון אמהות עובדות,weak,2,ארגון אמהות עובדות | אחראי איכות ענפי,substituted,no,3,wikipedia,חנה חושי
ha-00009,אא״ע,"לאורך השנים, הקים אא״ע ברחבי חיפה, בטירת כרמל ובדלית אל-כרמל למעלה מ-40 מעונות יום, מוסדות הכשרה מקצועית ופנימיות נוער, שבהם למדו למעלה מ-5,100 ילדים בכל שנה ושנה.",ארגון אמהות עובדות,אא״ע.01,ארגון אמהות עובדות,weak,2,ארגון אמהות עובדות | אחראי איכות ענפי,substituted,no,3,wikipedia,חנה חושי
ha-00010,אבט״ש,"אנשי הכוח עוסקים במשימות מגוונות, ובכללן: הגנת גבולות, שמירה על מעברי גבול, אבט״ש, שיטור פלילי, שיטור קהילתי, כליאה, ושמירת מוסר.",אבטחה שוטפת,אבט״ש.02,אבטחה שוטפת,weak,2,אבטחת יישובים | אבטחה שוטפת,substituted,no,3,wikipedia,הכוח המבצעי
ha-00011,אבט״ש,בהמשך סיפר זליגר לחוקרים כיצד גנב רובים מחיילים שביצעו אבט״ש באזור הר חברון.,אבטחת יישובים,אבט״ש.01,אבטחת יישובים,weak,2,אבטחת יישובים | אבטחה שוטפת,substituted,no,3,wikipedia,מחתרת בת עין
ha-00012,אבט״ש,היה פעיל בתפקידי אבט״ש באזור גוש דן במסגרת ההגנה.,אבטחת יישובים,אבט״ש.01,אבטחת יישובים,weak,2,אבטחת יישובים | אבטחה שוטפת,substituted,no,3,wikipedia,שמעון סירוקה
ha-00013,אבט״ש,"במסגרת זו, מופעלות שבע חברות לטובת הפעלת רחפנים למשימות אזרחיות של פיקוד העורף, משטרת ישראל, שמירה על אתרי תשתית ותמיכה בחובבים שמפעילים טיסות לטובת אבט״ש.",אבטחת יישובים,אבט״ש.01,אבטחת יישובים,weak,2,אבטחת יישובים | אבטחה שוטפת,substituted,no,3,wikipedia,ניידות אווירית מתקדמת
ha-00014,אב״ג,"אב״ג איש צידן היה תנא בדור הרביעי או החמישי, בסביבות מאה ה-2 לספירה.",אבא גוריון,אב״ג.01,אבא גוריון,weak,4,אוניברסיטת בן-גוריון | אבא גוריון | אברהם בר גוטלובר | ארכיון בן-גוריון,substituted,yes,3,wikipedia,אבא גוריון איש צידן
ha-00015,אב״ג,"באסתר רבה מובא מאמר זה ללא הדבר הרביעי, ושם אב״ג מוסר את המאמר בשם רבן גמליאל.",אבא גוריון,אב״ג.01,אבא גוריון,weak,4,אוניברסיטת בן-גוריון | אבא גוריון | אברהם בר גוטלובר | ארכיון בן-גוריון,substituted,yes,3,wikipedia,אבא גוריון איש צידן
ha-00016,אב״ג,"גם מהדורה זו אינה מושלמת ובשנים אלו עובדים חוקרים מאוניברסיטת בר-אילן, בריכוזו של פרופ' יוסף תבורי, על ההדרת מדרשי המגילה בכלל, ובכללם מדרש אב״ג.",אבא גוריון,אב״ג.01,אבא גוריון,weak,4,אוניברסיטת בן-גוריון | אבא גוריון | אברהם בר גוטלובר | ארכיון בן-גוריון,substituted,yes,3,wikipedia,מדרש אבא גוריון
ha-00017,אב״ג,"אב״ג, שהתנגד לרעיונותיו של סמולנסקין, הקים את כתב העת ""הבוקר אור"" כמתחרה לעיתונו של סמולנסקין.",אברהם בר גוטלובר,אב״ג.02,אברהם בר גוטלובר,weak,4,אוניברסיטת בן-גוריון | אבא גוריון | אברהם בר גוטלובר | ארכיון בן-גוריון,substituted,yes,3,wikipedia,השחר
ha-00018,אב״ג,רחובותיה קרואים בשמותיהם של סופרים מזרם תנועת ההשכלה כגון אב״ג ויצחק ארטר.,אברהם בר גוטלובר,אב״ג.02,אברהם בר גוטלובר,weak,4,אוניברסיטת בן-גוריון | אבא גוריון | אברהם בר גוטלובר | ארכיון בן-גוריון,substituted,yes,3,wikipedia,ביצרון (שכונה)
ha-00019,אב״ג,בעיר נולדו הסופרים אב״ג ואברהם גולדפאדן אבי תיאטרון יידיש וכן הפסלת חנה אורלוף.,אברהם בר גוטלובר,אב״ג.02,אברהם בר גוטלובר,weak,4,אוניברסיטת בן-גוריון | אבא גוריון | אברהם בר גוטלובר | ארכיון בן-גוריון,substituted,yes,3,wikipedia,סטרוקונסטנטינוב
ha-00020,אב״ג,"אב״ג בנגב היא אוניברסיטה ישראלית בעיר באר שבע, אשר הוקמה ב-1969 וידועה בשמה הנוכחי מ-1974.",אוניברסיטת בן-גוריון,אב״ג.03,אוניברסיטת בן-גוריון,weak,4,אוניברסיטת בן-גוריון | אבא גוריון | אברהם בר גוטלובר | ארכיון בן-גוריון,substituted,yes,3,wikipedia,אוניברסיטת בן-גוריון בנגב
ha-00021,אב״ג,פרופסור משה פריבס נבחר להיות הנשיא הראשון של אב״ג בנגב בשנת 1974.,אוניברסיטת בן-גוריון,אב״ג.03,אוניברסיטת בן-גוריון,weak,4,אוניברסיטת בן-גוריון | אבא גוריון | אברהם בר גוטלובר | ארכיון בן-גוריון,substituted,yes,3,wikipedia,אוניברסיטת בן-גוריון בנגב
ha-00022,אב״ג,"אב״ג התפתחה בקצב מהיר, גם בגידול במספר הסטודנטים וגם בפיתוח מסלולי לימוד חדשים בהתאם לדרישות השוק (כגון הנדסת מערכות תקשורת, הנדסת ביוטכנולוגיה, ביואינפורמטיקה).",אוניברסיטת בן-גוריון,אב״ג.03,אוניברסיטת בן-גוריון,weak,4,אוניברסיטת בן-גוריון | אבא גוריון | אברהם בר גוטלובר | ארכיון בן-גוריון,substituted,yes,3,wikipedia,אוניברסיטת בן-גוריון בנגב
ha-00023,אב״ג,"בשנים בהן עשה שם, ובין השאר, יזם והקים יחד עם שותפיו במכון ובמערך המחשוב האוניברסיטאי את אב״ג הממוחשב.",ארכיון בן-גוריון,אב״ג.04,ארכיון בן-גוריון,weak,4,אוניברסיטת בן-גוריון | אבא גוריון | אברהם בר גוטלובר | ארכיון בן-גוריון,substituted,yes,3,wikipedia,טוביה פרילינג
ha-00024,אב״ד,"כיום, אב״ד הוא הדיין החשוב ביותר שבאותו בית דין.",אב בית דין,אב״ד.01,אב בית דין,weak,2,אב בית דין | אוירודינמיקה בלתי דחיסה,substituted,no,3,wikipedia,אב בית דין
ha-00025,אב״ד,"נְשִׂיא הסַנְהֶדְרִין היה אישיות מרכזית שישבה בראש הסנהדרין הגדולה, כשלצידו מכהן אב״ד.",אב בית דין,אב״ד.01,אב בית דין,weak,2,אב בית דין | אוירודינמיקה בלתי דחיסה,substituted,no,3,wikipedia,נשיא הסנהדרין
ha-00026,אב״ד,"בתקופתו של רבי יהודה הנשיא לא נמנו לצדו אב״ד ונציג החכמים, כנהוג אצל שאר הנשיאים, ונראה שעקב הדומיננטיות שלו, הייתה הסמכות מופקדת בידיו בלבד.",אב בית דין,אב״ד.01,אב בית דין,weak,2,אב בית דין | אוירודינמיקה בלתי דחיסה,substituted,no,3,wikipedia,נשיא הסנהדרין
ha-00027,אב״י,לרוב חצאי הקשת מתחברים במרכזו של הכתר אל המונד - גלובוס מוזהב או עשוי אב״י שנמצא בחלקו העליון של הכתר (מעליו נמצא לרוב צלב).,אבן יקרה,אב״י.02,אבן יקרה,weak,2,אליעזר בן־יהודה | אבן יקרה,substituted,yes,3,wikipedia,חצי קשת
ha-00028,אב״י,העלילה היא על סופרת רומנים רומנטיים שנוסעת לדרום אמריקה לחפש את אחותה שנחטפה בעקבות אוצר של אב״י ולהצילה.,אבן יקרה,אב״י.02,אבן יקרה,weak,2,אליעזר בן־יהודה | אבן יקרה,substituted,yes,3,wikipedia,בעקבות האוצר הרומנטי
ha-00029,אב״י,אחותה איליין (מרי אלן טריינור) מתקשרת אליה בדחיפות מקרטחנה בקולומביה ומודיעה לה כי בעלה אדוארד שחקר אוצר של אב״י נרצח וכי היא נחטפה בידי שני אנשים שדורשים לקבל את המפה שהוא שלח אליה.,אבן יקרה,אב״י.02,אבן יקרה,weak,2,אליעזר בן־יהודה | אבן יקרה,substituted,yes,3,wikipedia,בעקבות האוצר הרומנטי
ha-00030,אב״י,בתקופה הזו נולד איתמר בן-אב״י שנחשב בהיסטוריה הציונות כילד הראשון שעבורו העברית הייתה שפת אם.,אליעזר בן־יהודה,אב״י.01,,unverified,2,אליעזר בן־יהודה | אבן יקרה,natural,yes,3,wikipedia,ספרות עברית
ha-00031,אב״י,"בשם ""בן-אב""י"" הוא השתמש בעיקר כשמו הספרותי.",אליעזר בן־יהודה,אב״י.01,,unverified,2,אליעזר בן־יהודה | אבן יקרה,natural,yes,3,wikipedia,"איתמר בן-אב""י"
ha-00032,אב״י,"לאחר הפיכת הטורקים הצעירים ב-1908, חזר בן-אב""י לירושלים לשמש כעורכו של עיתונו של אביו, ""האור"", שהפך באותו הזמן לעיתון יומי במקום דו-שבועי.",אליעזר בן־יהודה,אב״י.01,,unverified,2,אליעזר בן־יהודה | אבן יקרה,natural,yes,3,wikipedia,"איתמר בן-אב""י"
ha-00033,אב״י,"להנצחת דמותו של אליעזר בן-יהודה, חיבר ירון לונדון את השיר ""אב״י"".",אליעזר בן־יהודה,אב״י.01,אליעזר בן־יהודה,weak,2,אליעזר בן־יהודה | אבן יקרה,substituted,yes,3,wikipedia,אליעזר בן-יהודה
ha-00034,אב״י,"אב״י, החלום ושברו - מבחר כתבים בענייני לשון, ההדיר ראובן סיוון, מוסד ביאליק, 1978.",אליעזר בן־יהודה,אב״י.01,אליעזר בן־יהודה,weak,2,אליעזר בן־יהודה | אבן יקרה,substituted,yes,3,wikipedia,אליעזר בן-יהודה
ha-00035,אב״י,"אליעזר בן-יהודה (הנכד), כל אהבותיו של אב״י, ידיעות ספרים, 2018.",אליעזר בן־יהודה,אב״י.01,אליעזר בן־יהודה,weak,2,אליעזר בן־יהודה | אבן יקרה,substituted,yes,3,wikipedia,אליעזר בן-יהודה
ha-00036,אב״מ,אב״מ היא נושא רגיש עקב העובדה ששיטות האבטחה כשלו לא פעם בגלל מחדלים כמו יישום לקוי או אי הקפדה על נהלים וכללים ראויים.,אבטחת מידע,אב״מ.01,אבטחת מידע,weak,2,אבטחת מידע | אין בעד מה,substituted,yes,3,wikipedia,אבטחת מידע
ha-00037,אב״מ,"אב״מ כוללת העיסוק בהבטחת אמינות נתונים, כך ששלמותם, סודיותם וזמינותם לא תפגע.",אבטחת מידע,אב״מ.01,אבטחת מידע,weak,2,אבטחת מידע | אין בעד מה,substituted,yes,3,wikipedia,אבטחת מידע
ha-00038,אב״מ,"לכן, כל שכבה כוללת מגוון יישומים, טכנולוגיות וחוקים (חוקים, רגולציות, נהלים והוראות עבודה לתהליכים) לאכיפת מדיניות אב״מ תקינה ואמינה.",אבטחת מידע,אב״מ.01,אבטחת מידע,weak,2,אבטחת מידע | אין בעד מה,substituted,yes,3,wikipedia,אבטחת מידע
ha-00039,אב״מ,"אב״מ הוא האלבום השלישי של זמר הראפ הישראלי ""איזי"".",אין בעד מה,אב״מ.02,אין בעד מה,weak,2,אבטחת מידע | אין בעד מה,substituted,yes,3,wikipedia,אין בעד מה
ha-00040,אב״מ,"השתתף בשיר ""הויסקי והג'וני"" מתוך אלבום האולפן הרביעי של הראפר איזי, ""אב״מ"", שיצא בינואר 2020.",אין בעד מה,אב״מ.02,אין בעד מה,weak,2,אבטחת מידע | אין בעד מה,substituted,yes,3,wikipedia,נדב גדג'
ha-00041,אב״מ,"בנוסף התארח באותה השנה בשיר ""בומלה"" של הראפר איזי, מתוך אלבומו השלישי, ""אב״מ"".",אין בעד מה,אב״מ.02,אין בעד מה,weak,2,אבטחת מידע | אין בעד מה,substituted,yes,3,wikipedia,שחר סאול
ha-00042,אב״ש,הגבר רוצה להיות אב ומבקש את עזרת אב״ש ומכאן שם הסרט.,אבינו שבשמיים,אב״ש.01,אבינו שבשמיים,weak,2,אבינו שבשמיים | אבן שושן (המילונאי הנודע),substituted,no,3,wikipedia,אבינו (סרט)
ha-00043,אב״ש,"תפילת יהי רצון מלפני אב״ש, היא קטע תפילה שנאמר ברוב קהילות אשכנז בימי שני וחמישי לאחר הקריאה בתורה קודם הכנסת ספר התורה לארון הקודש, ובקהילות הספרדים בעת ברכת החודש.",אבינו שבשמיים,אב״ש.01,אבינו שבשמיים,weak,2,אבינו שבשמיים | אבן שושן (המילונאי הנודע),substituted,no,3,wikipedia,יהי רצון מלפני אבינו שבשמיים
ha-00044,אב״ש,"בכותל המזרח נקבעו לוחות עץ, המזכירים ארון קודש עליהם חרוטים עשרת הדיברות ותפילת האדון (""אב״ש"") בעברית.",אבינו שבשמיים,אב״ש.01,אבינו שבשמיים,weak,2,אבינו שבשמיים | אבן שושן (המילונאי הנודע),substituted,no,3,wikipedia,כנסיית המשיח
ha-00045,אג״ם,"מפקד אג״ם הוא ראש האגף, קצין בדרגת אלוף.",אגף המבצעים,אג״ם.01,אגף המבצעים,weak,3,אגף המבצעים | אגף המטה | אגף המטה הכללי,substituted,yes,3,wikipedia,אגף המבצעים
ha-00046,אג״ם,בשנת 2007 הוקם בית ספר של אג״ם ונקלט מדור ביקורת גבולות.,אגף המבצעים,אג״ם.01,אגף המבצעים,weak,3,אגף המבצעים | אגף המטה | אגף המטה הכללי,substituted,yes,3,wikipedia,אגף מבצעים ושיטור
ha-00047,אג״ם,בשנים 2011–2012 מוזג אג״ם עם אגף משמר אזרחי.,אגף המבצעים,אג״ם.01,אגף המבצעים,weak,3,אגף המבצעים | אגף המטה | אגף המטה הכללי,substituted,yes,3,wikipedia,אגף מבצעים ושיטור
ha-00048,אג״ם,"בשנת 2016 מונה לראש אג״ם האחראי על בניין הכוח של שירות הביטחון הכללי ובשנת 2018 מונה לסגנו של ראש השירות, נדב ארגמן.",אגף המטה,אג״ם.02,אגף המטה,weak,3,אגף המבצעים | אגף המטה | אגף המטה הכללי,substituted,yes,3,wikipedia,רונן בר
ha-00049,אג״ם,"צפריר כץ (נולד ב-1964) הוא מהנדס ואיש מערכת הביטחון הישראלית בדימוס, כיהן כראש אגף הטכנולוגיה וכראש אג״ם בשירות הביטחון הכללי.",אגף המטה,אג״ם.02,אגף המטה,weak,3,אגף המבצעים | אגף המטה | אגף המטה הכללי,substituted,yes,3,wikipedia,צפריר כץ
ha-00050,אג״ם,ב-2008 יצא ללימודי תואר שני במנהל עסקים באוניברסיטת תל אביב וב-2010 חזר לארגון ומונה לראש אג״ם תפקיד בו כיהן עד 2012.,אגף המטה,אג״ם.02,אגף המטה,weak,3,אגף המבצעים | אגף המטה | אגף המטה הכללי,substituted,yes,3,wikipedia,צפריר כץ
ha-00051,אג״ם,"בספטמבר 1973, ערב מלחמת יום הכיפורים מונה לעוזר ראש אג״ם.",אגף המטה הכללי,אג״ם.03,אגף המטה הכללי,weak,3,אגף המבצעים | אגף המטה | אגף המטה הכללי,substituted,yes,3,wikipedia,אריה לוי (קצין)
ha-00052,אג״ם,"באפריל 1958 מונה לראש אגף ההדרכה, ובאוקטובר אותה שנה לראש אג״ם בדרגת אלוף.",אגף המטה הכללי,אג״ם.03,אגף המטה הכללי,weak,3,אגף המבצעים | אגף המטה | אגף המטה הכללי,substituted,yes,3,wikipedia,מאיר זורע
ha-00053,אג״ם,"בשנת 1956 נתמנה לראש מחלקת מבצעים במטה הכללי ובהמשך לעוזר ראש אג״ם, תפקיד בו שירת במבצע קדש.",אגף המטה הכללי,אג״ם.03,אגף המטה הכללי,weak,3,אגף המבצעים | אגף המטה | אגף המטה הכללי,substituted,yes,3,wikipedia,עוזי נרקיס
ha-00054,אג״מ,אג״מ ושיטור הוא אגף במטה הארצי של משטרת ישראל.,אגף מבצעים,אג״מ.01,אגף מבצעים,weak,2,אגף מבצעים | אגף מטה,substituted,yes,3,wikipedia,אגף מבצעים ושיטור
ha-00055,אג״מ,"בשנת 2018 שונה שם האגף ל""אגף השיטור"" ובשנת 2020 שונה השם ל""אג״מ ושיטור"".",אגף מבצעים,אג״מ.01,אגף מבצעים,weak,2,אגף מבצעים | אגף מטה,substituted,yes,3,wikipedia,אגף מבצעים ושיטור
ha-00056,אג״מ,שירת במשטרת ישראל בדרגת ניצב כראש אג״מ וכמפקד מחוז הצפון.,אגף מבצעים,אג״מ.01,אגף מבצעים,weak,2,אגף מבצעים | אגף מטה,substituted,yes,3,wikipedia,דן רונן
ha-00057,אג״מ,"אגף תכנון וארגון הוא אג״מ במשטרת ישראל שייעודו יזום תהליכי תכנון לבניין הכוח והפעלתו, להובילם ולערוך בקרה על יישומם.",אגף מטה,אג״מ.02,אגף מטה,weak,2,אגף מבצעים | אגף מטה,substituted,yes,3,wikipedia,אגף תכנון וארגון
ha-00058,אג״מ,"אגף ההדרכה הוא אג״מ במשטרת ישראל האחראי על ההכשרה העיונית והמעשית של כלל השוטרים, לוחמי משמר הגבול והמפקדים, לאורך מסלול שירותם במשטרה.",אגף מטה,אג״מ.02,אגף מטה,weak,2,אגף מבצעים | אגף מטה,substituted,yes,3,wikipedia,אגף ההדרכה (משטרת ישראל)
ha-00059,אג״מ,"חגי הדס (נולד ב-7 באוגוסט 1953) הוא איש מערכת הביטחון הישראלית, שירת כראש אג״מ במוסד למודיעין ולתפקידים מיוחדים, אחראי על בניית הכוח.",אגף מטה,אג״מ.02,אגף מטה,weak,2,אגף מבצעים | אגף מטה,substituted,yes,3,wikipedia,חגי הדס
ha-00060,אג״ס,סעיף 1 לחוק מגדיר מהי אג״ס: גוף הנבחר על ידי הסטודנטים בהתאם להוראות החוק.,אגודת סטודנטים,אג״ס.01,אגודת סטודנטים,weak,3,"אגודת סטודנטים | אזור גאוגרפי-סטטיסטי | איתור, גילוי, סימון",substituted,no,3,wikipedia,אגודת סטודנטים
ha-00061,אג״ס,"Kadima Wien) הייתה אג״ס יהודים שנוסדה בווינה ב-25 באוקטובר 1882 על ידי נתן בירנבוים, ראובן בירר, פרץ סמולנסקין ומשה שנירר.",אגודת סטודנטים,אג״ס.01,אגודת סטודנטים,weak,3,"אגודת סטודנטים | אזור גאוגרפי-סטטיסטי | איתור, גילוי, סימון",substituted,no,3,wikipedia,קדימה (אגודת סטודנטים)
ha-00062,אד״ש,"לעומת זאת, הלכת ביתא ישראל כפי שמתבטאת בספר תאזזה סנבת, מחמירה יותר מההלכה הרבנית, ולפיה גם פיקוח נפש אד״ש.",אינו דוחה שבת,אד״ש.01,אינו דוחה שבת,weak,3,אדר שני | אינו דוחה שבת | אחר דרישת שלומו,substituted,no,3,wikipedia,סכנת חיים
ha-00063,אה״ב,מאז התפרקות ברית המועצות בשנת 1991 נחשבת אה״ב מעצמת-העל היחידה בעולם.,ארצות הברית,אה״ב.01,ארצות הברית,weak,4,ארצות הברית | את הבית | את הבשר | את הבהמה,substituted,yes,2,wikipedia,ארצות הברית
ha-00064,אה״ב,אה״ב היא באופן רשמי מדינה בעלת נשק גרעיני וחברת ה־G7.,ארצות הברית,אה״ב.01,ארצות הברית,weak,4,ארצות הברית | את הבית | את הבשר | את הבהמה,substituted,yes,2,wikipedia,ארצות הברית
ha-00065,אה״ב,"אה״ב היא אחת מהמדינות המגוונות ביותר מבחינה אתנית, כתוצאה מהגירה רחבת־היקף מחלקים רבים של העולם.",ארצות הברית,אה״ב.01,ארצות הברית,weak,4,ארצות הברית | את הבית | את הבשר | את הבהמה,substituted,yes,2,wikipedia,ארצות הברית
ha-00066,אה״ב,קיימת מחלוקת בראשונים ובאחרונים אילו סירכות מטריפות אה״ב ואילו אינן אלא ריר שאינו מטריף.,את הבהמה,אה״ב.02,את הבהמה,weak,4,ארצות הברית | את הבית | את הבשר | את הבהמה,substituted,yes,2,wikipedia,סירכא
ha-00067,אה״ב,"לדעת כמה ראשונים, תוקף המנהג הוא מדברי חכמים, היות שיש מיעוט המצוי של סירכות בריאה המטריפות אה״ב, וחכמים קבעו שבכל דיני התורה יש לחשוש למיעוט המצוי ולבדוק היכן שניתן.",את הבהמה,אה״ב.02,את הבהמה,weak,4,ארצות הברית | את הבית | את הבשר | את הבהמה,substituted,yes,2,wikipedia,סירכא
ha-00068,אה״ב,"כשהסירכא 'שלא כסדרן', כלומר נסרכת על שני מקומות בריאה שאינם צמודים זה לזה, היא מטריפה אה״ב, מפני שברבות הזמן היא עשויה לגרום לדופן הריאה להימתח כך שהסירכא תיתלש ויישאר תחתיה נקב המטריף אה״ב.",את הבהמה,אה״ב.02,את הבהמה,weak,4,ארצות הברית | את הבית | את הבשר | את הבהמה,substituted,yes,2,wikipedia,סירכא
ha-00069,אה״ב,"לדוגמה, כדי לשנות את הסיבית ה־300 בזיכרון, המחשב יקרא אה״ב מכתובת 38 בזיכרון, ישנה בו רק את הסיבית הרביעית (300 = 37×8 + 4) וישמור אה״ב כולו חזרה לתוך הזיכרון.",את הבית,אה״ב.03,את הבית,weak,4,ארצות הברית | את הבית | את הבשר | את הבהמה,substituted,yes,2,wikipedia,בית (מחשב)
ha-00070,אה״ב,"לינוס לא שימש רק כהאקר וחוקר סייבר עבור המעניש; הוא מסייע לו לנהל ולהלבין הון אותו הוא לוקח מקורבנותיו, צייד אה״ב הבטוח שלו, הסיע אותו למשימות ""מיוחדות"" והשיג עבורו תחמושת וציוד.",את הבית,אה״ב.03,את הבית,weak,4,ארצות הברית | את הבית | את הבשר | את הבהמה,substituted,yes,2,wikipedia,מיקרוצ'יפ (קומיקס)
ha-00071,אה״ב,"גדל בחווה מחוץ לסנטרל סיטי, ובעקבות האובססיה שלו שרף את ביתו ובמקום לקרוא לעזרה צפה בלהבות מכלות אה״ב בו גדל.",את הבית,אה״ב.03,את הבית,weak,4,ארצות הברית | את הבית | את הבשר | את הבהמה,substituted,yes,2,wikipedia,גל חום (קומיקס)
ha-00072,אה״ב,"מדיחים אה״ב פעמיים, ההדחה היא שפשוף הבשר בכלי עם מים.",את הבשר,אה״ב.04,את הבשר,weak,4,ארצות הברית | את הבית | את הבשר | את הבהמה,substituted,yes,2,wikipedia,הכשרת בשר
ha-00073,אה״ב,"מספיק לצלות אה״ב חצי מזמן הצלייה הרגילה, ואפילו שנשאר דם בבשר, דם זה מותר הוא.",את הבשר,אה״ב.04,את הבשר,weak,4,ארצות הברית | את הבית | את הבשר | את הבהמה,substituted,yes,2,wikipedia,הכשרת בשר
ha-00074,אה״ב,"בית מטבחיים או בשמו הנוסף ""משחטה"" הוא מפעל לעיבוד בשר, אליו מביאים בעלי חיים המיועדים לאכילה, ממיתים אותם לצורך אכילתם, ובהמשך התהליך מנקים אה״ב, מפרקים אותו לחלקיו, עד לאריזתו ושיווקו לצרכן.",את הבשר,אה״ב.04,את הבשר,weak,4,ארצות הברית | את הבית | את הבשר | את הבהמה,substituted,yes,2,wikipedia,בית מטבחיים
ha-00075,אה״ק,"התגבשות אה״ק או ההיכל כמקום אחסון קבוע של ספרי התורה החלה בגולה במאה השלישית, ובארץ ישראל במאה הרביעית.",ארון הקודש,אה״ק.01,ארון הקודש,weak,3,ארץ הקודש | ארון הקודש | אוסילטור הרמוני קוונטי,substituted,yes,2,wikipedia,ארון קודש
ha-00076,אה״ק,"גולת הכותרת של ממצאי החפירה באום אל קנאטר הייתה ""היכלית"" - אה״ק מפואר, בצמוד לקיר החזית הדרומית הפונה לירושלים.",ארון הקודש,אה״ק.01,ארון הקודש,weak,3,ארץ הקודש | ארון הקודש | אוסילטור הרמוני קוונטי,substituted,yes,2,wikipedia,ארון קודש
ha-00077,אה״ק,החל מהמאה ה-16 צורת אה״ק נעשית דומה לארון פשוט.,ארון הקודש,אה״ק.01,ארון הקודש,weak,3,ארץ הקודש | ארון הקודש | אוסילטור הרמוני קוונטי,substituted,yes,2,wikipedia,ארון קודש
ha-00078,אה״ק,"המונח ""אה״ק"" מתייחס בדרך כלל לשטח המתאים בערך לשטחי מדינת ישראל ומה שנקרא הרשות הפלסטינית המודרניות.",ארץ הקודש,אה״ק.02,ארץ הקודש,weak,3,ארץ הקודש | ארון הקודש | אוסילטור הרמוני קוונטי,substituted,yes,2,wikipedia,ארץ הקודש
ha-00079,אה״ק,"קדושת הארץ כיעד לעלייה לרגל נוצרית תרמה לפתיחת מסעי הצלב, שכן הנוצרים באירופה ביקשו לכבוש בחזרה את אה״ק מידי המוסלמים, שכבשו אותה מהאימפריה הביזנטית הנוצרית בשנת 630.",ארץ הקודש,אה״ק.02,ארץ הקודש,weak,3,ארץ הקודש | ארון הקודש | אוסילטור הרמוני קוונטי,substituted,yes,2,wikipedia,ארץ הקודש
ha-00080,אה״ק,"במאה ה-19 הפכה אה״ק לנושא של ויכוחים דיפלומטיים, שכן המקומות הקדושים מילאו תפקיד בשאלה המזרחית שהובילה למלחמת קרים בשנות ה-50.",ארץ הקודש,אה״ק.02,ארץ הקודש,weak,3,ארץ הקודש | ארון הקודש | אוסילטור הרמוני קוונטי,substituted,yes,2,wikipedia,ארץ הקודש
ha-00081,או״א,"כיבוד או״א היא מצוות עשה דאורייתא, הדיבר החמישי בעשרת הדיברות.",אב ואם,או״א.01,אב ואם,weak,3,אב ואם | אלוהינו ואלוהי אבותינו | לוגיקה אם ורק אם,substituted,yes,3,wikipedia,כיבוד אב ואם
ha-00082,או״א,"בכלל מצוות מורא או״א, איסורים שנועדו לשמור על כבודם, שלא לעשות פעולות שמביעות זלזול בהם: המצווה מטילה חובה על הצאצא (בן או בת) שלא לבזות אותם, לא לזלזל בהם, לא לסתור את דבריהם בפומבי.",אב ואם,או״א.01,אב ואם,weak,3,אב ואם | אלוהינו ואלוהי אבותינו | לוגיקה אם ורק אם,substituted,yes,3,wikipedia,מורא אב ואם
ha-00083,או״א,"היה שם אביו כשם אחרים, משנה שמם, אם הוא שם שהוא פלאי שאין הכל רגילים לקרות בו"" מצוות זו משלימה את מצוות כיבוד או״א, הדורשת מהצאצא התנהגות של עזרה ויחס חיובי - ""מאכיל ומשקה מלביש ומכסה מכניס ומוציא"".",אב ואם,או״א.01,אב ואם,weak,3,אב ואם | אלוהינו ואלוהי אבותינו | לוגיקה אם ורק אם,substituted,yes,3,wikipedia,מורא אב ואם
ha-00084,או״א,"ביניהן מצויה השאלה האם יכול גר לומר את נוסח הברכה ""או״א"" ובכך להימנע מבושת פנים ולא להסגיר בפומבי את העובדה שהוא גר.",אלוהינו ואלוהי אבותינו,או״א.02,אלוהינו ואלוהי אבותינו,weak,3,אב ואם | אלוהינו ואלוהי אבותינו | לוגיקה אם ורק אם,substituted,yes,3,wikipedia,עובדיה הגר
ha-00085,או״א,"על פי התלמוד הירושלמי משפחות הגרים ""בני עשתור"" שהתגוררה בחומס היו אומרים בתפילתם ""או״א"" מאחר שהם נישאו לבנות ישראל כשרות.",אלוהינו ואלוהי אבותינו,או״א.02,אלוהינו ואלוהי אבותינו,weak,3,אב ואם | אלוהינו ואלוהי אבותינו | לוגיקה אם ורק אם,substituted,yes,3,wikipedia,חומס
ha-00086,או״ח,"הכינוי ""או״ח"" משמש במובן הרחב ככינוי להלכות אלו, ובספרות האחרונים משמש הכינוי ""או״ח"" בספרי הלכה ושות""ים, לאותו חלק מהספר המתייחס לנושאי היום יום ומעגל השנה היהודי.",אורח חיים,או״ח.01,אורח חיים,weak,2,אורח חיים | אינטרנט ומידע חיוני,substituted,no,3,wikipedia,אורח חיים (שולחן ערוך)
ha-00087,או״ח,שערי תשובה – ספרו של רבי חיים מרדכי מרגליות על או״ח.,אורח חיים,או״ח.01,אורח חיים,weak,2,אורח חיים | אינטרנט ומידע חיוני,substituted,no,3,wikipedia,שולחן ערוך
ha-00088,או״ח,פירושים חשובים נוספים אשר הודפסו בנפרד מהמובאים לעיל: משנה ברורה – ספרו של החפץ חיים על או״ח.,אורח חיים,או״ח.01,אורח חיים,weak,2,אורח חיים | אינטרנט ומידע חיוני,substituted,no,3,wikipedia,שולחן ערוך
ha-00089,או״פ,"לפי גישה זו, הבלשן אמור לבודד את כללי הדקדוק מתוך חקר השפה המדוברת, ואין הוא אמור לשפוט האם מבע מסוים בשפה הוא תקין או״פ.",או פסול,או״פ.03,או פסול,weak,4,או פסול | אוניברסיטה פתוחה | אור פנימי | אברים ופדרים,substituted,yes,3,wikipedia,דקדוק
ha-00090,או״פ,או״פ היא אוניברסיטה אשר איננה דורשת מתלמידיה תעודות על לימודים קודמים או מעבר מבחני קבלה לצורכי קבלה למסלולי הלימוד לתואר ראשון שהיא מציעה.,אוניברסיטה פתוחה,או״פ.01,אוניברסיטה פתוחה,weak,4,או פסול | אוניברסיטה פתוחה | אור פנימי | אברים ופדרים,substituted,yes,3,wikipedia,אוניברסיטה פתוחה
ha-00091,או״פ,"או״פ, בדומה לאוניברסיטה רגילה, משמשת להכשרתו של הסטודנט לתואר אקדמי – בדרך כלל תואר ראשון, אך גם תואר שני.",אוניברסיטה פתוחה,או״פ.01,אוניברסיטה פתוחה,weak,4,או פסול | אוניברסיטה פתוחה | אור פנימי | אברים ופדרים,substituted,yes,3,wikipedia,אוניברסיטה פתוחה
ha-00092,או״פ,בגרמניה נוסדה או״פ בשנת 1974 (האוניברסיטה של האגן).,אוניברסיטה פתוחה,או״פ.01,אוניברסיטה פתוחה,weak,4,או פסול | אוניברסיטה פתוחה | אור פנימי | אברים ופדרים,substituted,yes,3,wikipedia,אוניברסיטה פתוחה
ha-00093,או״פ,"בשנת 2014 הרב דורון הקים את ארגון ""או״פ ברסלב"", העוסק בהפצת ספריו ושיעוריו.",אור פנימי,או״פ.02,אור פנימי,weak,4,או פסול | אוניברסיטה פתוחה | אור פנימי | אברים ופדרים,substituted,yes,3,wikipedia,ארז משה דורון
ha-00094,או״פ,"מוט האמינה שגברים ונשים שווים בפני האל ולכולם, ללא קשר למין, גזע או אמונה דתית, יש או״פ.",אור פנימי,או״פ.02,אור פנימי,weak,4,או פסול | אוניברסיטה פתוחה | אור פנימי | אברים ופדרים,substituted,yes,3,wikipedia,לוקרישה מוט
ha-00095,או״פ,"על סמך המחקר פיתחה מודל פדגוגי בשם ""או״פ"" גישה המעודדת התאמה אישית של תכנים לזהות התרבותית של התלמיד.",אור פנימי,או״פ.02,אור פנימי,weak,4,או פסול | אוניברסיטה פתוחה | אור פנימי | אברים ופדרים,substituted,yes,3,wikipedia,אושרה אלפסי
ha-00096,או״ק,"ברשת תקשורת, או״ק הוא זיהוי ייחודי של משדר ברשת.",אות קריאה,או״ק.01,אות קריאה,weak,2,אות קריאה | אישות וקבורה,substituted,no,3,wikipedia,אות קריאה
ha-00097,או״ק,"כמו כן, ישנם אותות קריאה ייחודיים לתחנות ניידות: או״ק לתחנה ניידת במכונית יורכב מאות הקריאה הרגיל של החובב, בתוספת קו נטוי והאות M, שמציינת Mobile (לדוגמה: 4X7XX/M).",אות קריאה,או״ק.01,אות קריאה,weak,2,אות קריאה | אישות וקבורה,substituted,no,3,wikipedia,אות קריאה
ha-00098,או״ק,"או״ק לתחנה ניידת בכלי שיט יורכב מאות הקשר הרגיל של החובב, בתוספת קו נטוי והאותיות MM שמציינות Maritime Mobile (לדוגמה: 4X4AA/MM).",אות קריאה,או״ק.01,אות קריאה,weak,2,אות קריאה | אישות וקבורה,substituted,no,3,wikipedia,אות קריאה
ha-00099,אחב״י,"מקורם הוא בתוספתא: ”מי שיש לו פירות שביעית והגיע שעת הביעור, מחלק מהן לשכניו ולקרוביו וליודעיו ומוציא ומניח על ביתו ואומר: אחב״י, כל מי שצריך ליטול יבא ויטול.",אחינו בית ישראל,אחב״י.01,אחינו בית ישראל,weak,2,אחינו בית ישראל | אחינו בני ישראל,substituted,no,3,wikipedia,ביעור פירות שביעית
ha-00100,אחב״י,"הדברים שכתב נתפסו בידי נמעניו (הוא פונה אל ""אחב״י הקדושים""), כדברי אמת וכדיווח חי מארץ הקודש, הדברים חידדו את ההצגה של הארץ כמקום הצומח מתוך דברי הנביאים ותיאורי התורה.",אחינו בני ישראל,אחב״י.02,אחינו בני ישראל,weak,2,אחינו בית ישראל | אחינו בני ישראל,substituted,no,3,wikipedia,משה ריישר
ha-00101,אחמ״ש,"במוסדות שונים בהם לא קיים תפקיד רב המלצרים, מתחלקות סמכויותיו בין בעלי תפקידים שונים, כמו מארח או אחמ״ש.",אחראי משמרת,אחמ״ש.01,אחראי משמרת,weak,2,אחראי משמרת | אִחוד משפחות,substituted,no,3,wikipedia,רב מלצרים
ha-00102,אחמ״ש,"זמן קצר לאחר מכן קודם לתפקיד אחמ״ש, ובתפקיד זה הועסק כעשרה חודשים נוספים.",אחראי משמרת,אחמ״ש.01,אחראי משמרת,weak,2,אחראי משמרת | אִחוד משפחות,substituted,no,3,wikipedia,"אלון לי גרין נ' אקסלנט קופי בע""מ"
ha-00103,אחמ״ש,"כראיה לטענה הודגש קידומו המהיר של גרין ברשת, אשר קודם לתפקיד אחמ״ש כשלושה חודשים בלבד לאחר תחילת עבודתו.",אחראי משמרת,אחמ״ש.01,אחראי משמרת,weak,2,אחראי משמרת | אִחוד משפחות,substituted,no,3,wikipedia,"אלון לי גרין נ' אקסלנט קופי בע""מ"
ha-00104,אח״ז,"נמלה של ברמן הוא השני בגודלו בגרמניה, אח״ז של המבורג.",אחרי זה,אח״ז.01,אחרי זה,weak,2,אחרי זה | אחר זמנו,substituted,no,3,wikipedia,ברמן
ha-00105,אח״ז,"שנים אח״ז, כותב הקומיקס דווין מקדפי הביא לדפי הקומיקס גרסה דומה של האבטיפוס, בשם ה""מפציץ השחור"".",אחרי זה,אח״ז.01,אחרי זה,weak,2,אחרי זה | אחר זמנו,substituted,no,3,wikipedia,ברק שחור
ha-00106,אח״ז,בשנות ה-50 ליה ון ליר אספה סרטים בביתה בחיפה אח״ז היא עברה לתל אביב והיא המשיכה לאסוף סרטים גם בביתה בתל אביב.,אחרי זה,אח״ז.01,אחרי זה,weak,2,אחרי זה | אחר זמנו,substituted,no,3,wikipedia,ארכיון הסרטים הישראלי בסינמטק ירושלים
ha-00107,אח״י,על חייל אשר עולה על אח״י עליה מונף דגל חיל הים חלה חובת הצדעה לדגל.,אניית חיל הים,אח״י.01,אניית חיל הים,weak,2,אניית חיל הים | אחזקה יבשה,substituted,no,3,wikipedia,דגל חיל הים הישראלי
ha-00108,אח״י,הוא מודיע לה על משימה עיתונאית - לסקר ביקור של אח״י הברזילאי.,אניית חיל הים,אח״י.01,אניית חיל הים,weak,2,אניית חיל הים | אחזקה יבשה,substituted,no,3,wikipedia,"אחותי איילין (סרט, 1955)"
ha-00109,אח״ם,"יגאל בן שלום (נולד ב-1964) הוא קצין משטרה ישראלי בדימוס בדרגת ניצב, כיהן כראש אח״ם.",אגף החקירות והמודיעין,אח״ם.01,אגף החקירות והמודיעין,weak,2,אגף החקירות והמודיעין | אישיות חשובה מאוד,substituted,no,3,wikipedia,יגאל בן-שלום (קצין משטרה)
ha-00110,אח״ם,"גדיאל (גדי) סיסו (נולד ב-1962) הוא קצין משטרה ישראלי בדימוס בדרגת ניצב, כיהן כראש אח״ם.",אגף החקירות והמודיעין,אח״ם.01,אגף החקירות והמודיעין,weak,2,אגף החקירות והמודיעין | אישיות חשובה מאוד,substituted,no,3,wikipedia,גדי סיסו
ha-00111,אח״ם,"מנחם (מני) יצחקי (נולד ב-1956) הוא ניצב בדימוס במשטרת ישראל, כיהן כראש אח״ם.",אגף החקירות והמודיעין,אח״ם.01,אגף החקירות והמודיעין,weak,2,אגף החקירות והמודיעין | אישיות חשובה מאוד,substituted,no,3,wikipedia,מני יצחקי
ha-00112,אח״ם,"במהלך תקופת ההתארגנות סייר צבי נצר, בזהות של פאן חרקובסקי, לאורך הגבול בחברת קצינים פולניים ודאג ששומרי הגבול יתרשמו שהוא ""אח״ם"".",אישיות חשובה מאוד,אח״ם.02,אישיות חשובה מאוד,weak,2,אגף החקירות והמודיעין | אישיות חשובה מאוד,substituted,no,3,wikipedia,פרשת הבריחה אחרי פוגרום קיילצה
ha-00113,אח״מ,ועדת ההיגוי מתווה את מדיניות המטה ונהליו וראש אח״מ אחראי פיקודית על כלל פעילות המטה הלאומי.,אגף חקירות ומודיעין,אח״מ.01,אגף חקירות ומודיעין,weak,5,"אחרי מות | אחר מכן | אגף חקירות ומודיעין | אישיות חשובה מאוד | אחר מיתה, אחר מוֹת־",substituted,yes,3,wikipedia,המטה הלאומי להגנה על ילדים ברשת
ha-00114,אח״מ,"לאחר שלמד שנה במכללה לביטחון לאומי, בדצמבר 2017 מונה לקצין אח״מ בלהב 433.",אגף חקירות ומודיעין,אח״מ.01,אגף חקירות ומודיעין,weak,5,"אחרי מות | אחר מכן | אגף חקירות ומודיעין | אישיות חשובה מאוד | אחר מיתה, אחר מוֹת־",substituted,yes,3,wikipedia,אלי מקמל
ha-00115,אח״מ,במשך שירותו שימש קצין אח״מ במחוז ירושלים וב-2014 מונה לסגן מפקד מרחב ציון במחוז.,אגף חקירות ומודיעין,אח״מ.01,אגף חקירות ומודיעין,weak,5,"אחרי מות | אחר מכן | אגף חקירות ומודיעין | אישיות חשובה מאוד | אחר מיתה, אחר מוֹת־",substituted,yes,3,wikipedia,מוטי לוי
ha-00116,אח״מ,"הנמל שימש גם כבסיס טיסה של חיל האוויר הישראלי (כנף 15) מקום המדינה עד לסגירתו, אח״מ טייסותיו הועברו לבסיס חצור (כנף 4).",אחר מכן,אח״מ.02,אחר מכן,weak,5,"אחרי מות | אחר מכן | אגף חקירות ומודיעין | אישיות חשובה מאוד | אחר מיתה, אחר מוֹת־",substituted,yes,3,wikipedia,נמל התעופה דב הוז
ha-00117,אח״מ,"שבוע אח״מ, ב-30 בספטמבר, ניצחה באיירן מינכן 2–3 את בורוסיה דורטמונד במשחק הסופר קאפ הגרמני וזכתה בתואר, ובכך זכה פליק עם באיירן מינכן בחמישה תארים בעונה אחת.",אחר מכן,אח״מ.02,אחר מכן,weak,5,"אחרי מות | אחר מכן | אגף חקירות ומודיעין | אישיות חשובה מאוד | אחר מיתה, אחר מוֹת־",substituted,yes,3,wikipedia,מאמן זמני
ha-00118,אח״מ,"בשנים אח״מ, עד שנת 1990, המשיכה שוודיה לתמוך בעצמאותה של נמיביה.",אחר מכן,אח״מ.02,אחר מכן,weak,5,"אחרי מות | אחר מכן | אגף חקירות ומודיעין | אישיות חשובה מאוד | אחר מיתה, אחר מוֹת־",substituted,yes,3,wikipedia,יחסי נמיביה–שוודיה
ha-00119,אח״מ,"על כן, רק בשנים מסוג זחג (כ-5.8% מהשנים) קוראים את הפטרת אח״מ ""התשפוט התשפוט"".",אחרי מות,אח״מ.03,אחרי מות,weak,5,"אחרי מות | אחר מכן | אגף חקירות ומודיעין | אישיות חשובה מאוד | אחר מיתה, אחר מוֹת־",substituted,yes,3,wikipedia,פרשת אחרי מות
ha-00120,אח״מ,בראשונים מובאים מנהגים שונים להפטרת אח״מ.,אחרי מות,אח״מ.03,אחרי מות,weak,5,"אחרי מות | אחר מכן | אגף חקירות ומודיעין | אישיות חשובה מאוד | אחר מיתה, אחר מוֹת־",substituted,yes,3,wikipedia,פרשת אחרי מות
ha-00121,אח״מ,"בעבר, היה המנהג בהפטרת פרשות אח״מ וקדושים הפוך, שהפטרת פרשת קדושים היא ""התשפוט התשפוט"", והפטרת פרשת אח״מ היא ""הלא כבני כושיים"".",אחרי מות,אח״מ.03,אחרי מות,weak,5,"אחרי מות | אחר מכן | אגף חקירות ומודיעין | אישיות חשובה מאוד | אחר מיתה, אחר מוֹת־",substituted,yes,3,wikipedia,פרשת אחרי מות
ha-00122,אח״מ,"במהלך תקופת ההתארגנות סייר צבי נצר, בזהות של פאן חרקובסקי, לאורך הגבול בחברת קצינים פולניים ודאג ששומרי הגבול יתרשמו שהוא ""אח״מ"".",אישיות חשובה מאוד,אח״מ.04,אישיות חשובה מאוד,weak,5,"אחרי מות | אחר מכן | אגף חקירות ומודיעין | אישיות חשובה מאוד | אחר מיתה, אחר מוֹת־",substituted,yes,3,wikipedia,פרשת הבריחה אחרי פוגרום קיילצה
ha-00123,איו״ש,"אוגדת יהודה מוזגה עם אוגדת איו""ש ב־2003, והחטיבות שבו לאחריות האוגדה.",אזור יהודה ושומרון,איו״ש.01,אזור יהודה ושומרון,verified,2,אזור יהודה ושומרון | אריכות ימים ושנים,natural,no,3,wikipedia,אוגדת אזור יהודה ושומרון
ha-00124,איו״ש,"ב-1 ביוני 2026, חטיבת יהונתן שהוקמו במסגרת חטיבות המילואים ""חטיבות דוד"" תחת עוצבת גלעד הועברה לאוגדת איו""ש.",אזור יהודה ושומרון,איו״ש.01,אזור יהודה ושומרון,verified,2,אזור יהודה ושומרון | אריכות ימים ושנים,natural,no,3,wikipedia,אוגדת אזור יהודה ושומרון
ha-00125,איו״ש,"ב-4 בנובמבר 1981, פוצל איו״ש לחטיבת יהודה ושומרון והמנהל האזרחי שאחריותו לדאוג לצרכיה האזרחיים של האוכלוסייה הפלסטינית שבשליטת ישראל.",אזור יהודה ושומרון,איו״ש.01,אזור יהודה ושומרון,weak,2,אזור יהודה ושומרון | אריכות ימים ושנים,substituted,no,3,wikipedia,אוגדת אזור יהודה ושומרון
ha-00126,איו״ש,הפיקוד הביטחוני הועבר למפקדת איו״ש בראשות אלוף-משנה.,אזור יהודה ושומרון,איו״ש.01,אזור יהודה ושומרון,weak,2,אזור יהודה ושומרון | אריכות ימים ושנים,substituted,no,3,wikipedia,אוגדת אזור יהודה ושומרון
ha-00127,איו״ש,"ביוני 1988 הפכה המפקדה לאוגדת איו״ש שלושת המרחבים הפכו לשלוש חטיבות, חטיבת שומרון, חטיבת בנימין וחטיבת יהודה, והוקמה חטיבת אפרים שהופקדה על מרחב טולכרם–קלקיליה.",אזור יהודה ושומרון,איו״ש.01,אזור יהודה ושומרון,weak,2,אזור יהודה ושומרון | אריכות ימים ושנים,substituted,no,3,wikipedia,אוגדת אזור יהודה ושומרון
ha-00128,אי״ה,"""אחרי החג תבע אביו של רפאל את אבי הנערה לדין על דבר אותה אצטלא של רפאל שנשרפה מחמת אותה תינוקת, והרב שהיה משתעי בלישנא דחוכמתא אמר אל אבי הנערה, אי״ה ליום חתונתם תעשה לו מלבוש חדש.",אם ירצה השם,אי״ה.02,אם ירצה השם,weak,2,ארץ ישראל השלמה | אם ירצה השם,substituted,yes,3,wikipedia,אגדת הסופר
ha-00129,אי״ה,"(""חילוניות, אי״ה!""), והוא מתאר את האירועים שהובילו לתוניסאי המהפכה ולאלה שבאו בעקבותיה, תוך התמקדות בתפקיד של האסלאם במרחב הציבורי.",אם ירצה השם,אי״ה.02,אם ירצה השם,weak,2,ארץ ישראל השלמה | אם ירצה השם,substituted,yes,3,wikipedia,נדיה אל פאני
ha-00130,אי״ה,המונח אי״ה נעשה נפוץ אחרי מלחמת ששת הימים בהתייחס לשאיפה להחיל את ריבונות ישראל על השטחים מעבר לקו הירוק שעברו למָרוּתה של ישראל.,ארץ ישראל השלמה,אי״ה.01,ארץ ישראל השלמה,weak,2,ארץ ישראל השלמה | אם ירצה השם,substituted,yes,3,wikipedia,ארץ ישראל השלמה
ha-00131,אי״ה,"אידאולוגיית ""אי״ה"" חצתה מפלגות בשנותיה הראשונות של מדינת ישראל.",ארץ ישראל השלמה,אי״ה.01,ארץ ישראל השלמה,weak,2,ארץ ישראל השלמה | אם ירצה השם,substituted,yes,3,wikipedia,ארץ ישראל השלמה
ha-00132,אי״ה,"המונח אי״ה מתייחס למספר מושגים: הארץ המובטחת - תחומי ארץ ישראל כפי שמופיעים בספר בראשית, במדבר, דברים או יחזקאל (מנהר הנילוס במצרים, עד נהר הפרת בעיראק).",ארץ ישראל השלמה,אי״ה.01,ארץ ישראל השלמה,weak,2,ארץ ישראל השלמה | אם ירצה השם,substituted,yes,3,wikipedia,ארץ ישראל השלמה
ha-00133,אי״ל,בתחילת המלחמה התנגד הבונד להקמת אי״ל מאוחד נגד הנאצים אך לבסוף הצטרף לארגון היהודי הלוחם בגטו ורשה.,ארגון יהודי לוחם,אי״ל.01,ארגון יהודי לוחם,weak,2,ארגון יהודי לוחם | אגודה ישראלית לסכרת,substituted,no,3,wikipedia,הבונד
ha-00134,אי״ל,"ב-1942, לאחר הגעת הידיעות הראשונות על ההשמדה לגטו, החלו התנועות החלוציות לפעול להקמת אי״ל בגטו.",ארגון יהודי לוחם,אי״ל.01,ארגון יהודי לוחם,weak,2,ארגון יהודי לוחם | אגודה ישראלית לסכרת,substituted,no,3,wikipedia,אברהם בלום
ha-00135,אי״ל,"ב-23 במרץ 1942 התקיימה פגישה בנושא הקמת אי״ל, בפגישה זו נכחו נציגים של תנועת החלוץ, פועלי ציון, פועלי ציון שמאל ומאורצ'י אוז'אך ואברשה בלום כנציגי הבונד.",ארגון יהודי לוחם,אי״ל.01,ארגון יהודי לוחם,weak,2,ארגון יהודי לוחם | אגודה ישראלית לסכרת,substituted,no,3,wikipedia,אברהם בלום
ha-00136,אמ״ט,"אדם הנוגע בנבלה (ואינו נושאה) אמ״ט את בגדיו בהם הוא לבוש בשעת הנגיעה, או את הכלים בהם הוא נוגע תוך כדי המגע בנבלה.",אינו מטמא,אמ״ט.01,אינו מטמא,weak,2,אינו מטמא | אזור מוגן טילים,substituted,no,3,wikipedia,טומאת נבלה
ha-00137,אמ״ט,"בהלכה היהודית, דם בתולים אמ״ט את האישה מהתורה.",אינו מטמא,אמ״ט.01,אינו מטמא,weak,2,אינו מטמא | אזור מוגן טילים,substituted,no,3,wikipedia,דם בתולים
ha-00138,אמ״ט,"ולמרות שדם בתולים אמ״ט, יש לנהוג בו דיני טומאה.",אינו מטמא,אמ״ט.01,אינו מטמא,weak,2,אינו מטמא | אזור מוגן טילים,substituted,no,3,wikipedia,דם בתולים
ha-00139,אמ״ם,קיבוציות – אסוציאטיביות: ( A ⟺ B ) ⟺ C {\displaystyle \ (A\iff B)\iff C} אמ״ם A ⟺ ( B ⟺ C ) {\displaystyle \ A\iff (B\iff C)} .,אם ורק אם,אמ״ם.01,אם ורק אם,weak,2,אם ורק אם | אמצעים מיוחדים,substituted,yes,3,wikipedia,אם ורק אם
ha-00140,אמ״ם,משולש הוא משולש ישר-זווית אמ״ם סכום שטחי הריבועים שעל שתיים מצלעותיו שווה לשטח ריבוע שעל הצלע השלישית (משפט פיתגורס).,אם ורק אם,אמ״ם.01,אם ורק אם,weak,2,אם ורק אם | אמצעים מיוחדים,substituted,yes,3,wikipedia,אם ורק אם
ha-00141,אמ״ם,גרף בלתי־מכוון הוא עץ אמ״ם הוא קשיר וחסר־מעגלים אמ״ם הוא קשיר מינימלי (הסרת קשת כלשהי מהגרף תבטל את קשירותו) אמ״ם הוא חסר־מעגלים מקסימלי (הוספה של קשת כלשהי לגרף תיצור מעגל).,אם ורק אם,אמ״ם.01,אם ורק אם,weak,2,אם ורק אם | אמצעים מיוחדים,substituted,yes,3,wikipedia,אם ורק אם
ha-00142,אמ״ם,את תורת הלחימה משלימה תורת הפעלה של כוחות או אמ״ם.,אמצעים מיוחדים,אמ״ם.02,אמצעים מיוחדים,weak,2,אם ורק אם | אמצעים מיוחדים,substituted,yes,3,wikipedia,תורת לחימה
ha-00143,אמ״ם,מכהן כעוזר שר הביטחון להתגוננות וראש אגף אמ״ם.,אמצעים מיוחדים,אמ״ם.02,אמצעים מיוחדים,weak,2,אם ורק אם | אמצעים מיוחדים,substituted,yes,3,wikipedia,אמיר לזר
ha-00144,אמ״ם,"קודם לכן שימש כעוזר שר הביטחון להתגוננות, כראש אגף אמ״ם במשרד הביטחון.",אמצעים מיוחדים,אמ״ם.02,אמצעים מיוחדים,weak,2,אם ורק אם | אמצעים מיוחדים,substituted,yes,3,wikipedia,"משה אדרי (קצין צה""ל)"
ha-00145,אמ״ן,"החיל הוקם לאחר מלחמת יום הכיפורים, במטרה לאפשר לראש אמ""ן להתמסר לנושאי המחקר, הערכת המודיעין וההתרעה, ולהסיר ממנו את הצורך לדאוג לטיפול היום-יומי בענייני הלוגיסטיקה והארגון.",אגף מודיעין,אמ״ן.01,אגף מודיעין,verified,2,אגף מודיעין | אל מלך נאמן,natural,yes,3,wikipedia,אגף המודיעין
ha-00146,אמ״ן,"בעקבות פרשה זו הודח גיבלי מתפקיד ראש אמ""ן, ובמקומו מונה יהושפט הרכבי.",אגף מודיעין,אמ״ן.01,אגף מודיעין,verified,2,אגף מודיעין | אל מלך נאמן,natural,yes,3,wikipedia,אגף המודיעין
ha-00147,אמ״ן,"ועדת חקירה שהוקמה בעקבות האירוע הטילה את האחריות על ראש אגף המטה הכללי, האלוף מאיר זורע, ועל ראש אמ""ן, האלוף יהושפט הרכבי.",אגף מודיעין,אמ״ן.01,אגף מודיעין,verified,2,אגף מודיעין | אל מלך נאמן,natural,yes,3,wikipedia,אגף המודיעין
ha-00148,אמ״ן,בתפקידו כראש אמ״ן בדרגת אלוף-משנה היה אחראי לגיוסה ולהפעלתה של חוליית יהודים במצרים על ידי יחידה 131.,אגף מודיעין,אמ״ן.01,אגף מודיעין,weak,2,אגף מודיעין | אל מלך נאמן,substituted,yes,3,wikipedia,בנימין גיבלי
ha-00149,אמ״ן,שירת כראש אמ״ן אותות וסגן מנהל הסוכנות לביטחון לאומי.,אגף מודיעין,אמ״ן.01,אגף מודיעין,weak,2,אגף מודיעין | אל מלך נאמן,substituted,yes,3,wikipedia,כריסטופר באלרד
ha-00150,אמ״ן,ביולי 2018 מונה לראש אמ״ן אותות וסגן מנהל הסוכנות לביטחון לאומי.,אגף מודיעין,אמ״ן.01,אגף מודיעין,weak,2,אגף מודיעין | אל מלך נאמן,substituted,yes,3,wikipedia,כריסטופר באלרד
ha-00151,אמ״ן,"אמר רבי חנינא: אמ״ן."" בתלמוד הבבלי במסכת שבועות נאמר: ""אָמַר שְׁמוּאֵל: כׇּל הָעוֹנֶה אָמֵן אַחַר שְׁבוּעָה כְּמוֹצִיא שְׁבוּעָה בְּפִיו דָּמֵי דִּכְתִיב ""וְאָמְרָה הָאִשָּׁה אָמֵן אָמֵן"""".",אל מלך נאמן,אמ״ן.02,אל מלך נאמן,weak,2,אגף מודיעין | אל מלך נאמן,substituted,yes,3,wikipedia,עניית אמן (הלכה)
ha-00152,אמ״ן,אמ״ן הם שלוש מילים שנוהגים בחלק מהקהילות להוסיף לפני קריאת שמע.,אל מלך נאמן,אמ״ן.02,אל מלך נאמן,weak,2,אגף מודיעין | אל מלך נאמן,substituted,yes,3,wikipedia,אל מלך נאמן
ha-00153,אמ״ץ,אחוזי הנכות מחושבים על פי מידע סטטיסטי המתאים כל מצב גופני אל הירידה ביכולת העבודה בעקבות אמ״ץ גופני.,אותו מצב,אמ״ץ.01,אותו מצב,weak,3,אותו מצב | אדוני/אדונינו מורה צדק | אזור מוכה ציפורים,substituted,no,3,wikipedia,מוגבלות
ha-00154,אמ״ץ,"פגם אחד בחלוקה הזו הוא, שאנרגיה של שדות ואנרגיה פוטנציאלית הן לעיתים אותו הדבר (למשל במקרה של האנרגיה של גופים טעונים במצב אלקטרוסטטי), ולמעשה מהוות נקודות מבט שונות על אמ״ץ פיזיקלי.",אותו מצב,אמ״ץ.01,אותו מצב,weak,3,אותו מצב | אדוני/אדונינו מורה צדק | אזור מוכה ציפורים,substituted,no,3,wikipedia,אנרגיה
ha-00155,אמ״ץ,"הראשונים דנו מהו אמ״ץ הנקרא ""דררא דממונא"" שרק בו דברי סומכוס תקפים.",אותו מצב,אמ״ץ.01,אותו מצב,weak,3,אותו מצב | אדוני/אדונינו מורה צדק | אזור מוכה ציפורים,substituted,no,3,wikipedia,ממון המוטל בספק חולקים
ha-00156,אמ״ש,"עמיחי שי (נולד ב-1952) הוא ניצב בדימוס במשטרת ישראל, בתפקידו האחרון כיהן כראש אמ״ש.",אגף משאבי אנוש,אמ״ש.01,אגף משאבי אנוש,weak,2,אגף משאבי אנוש | אוויר מים אש,substituted,no,3,wikipedia,עמיחי שי
ha-00157,אמ״ש,"בשנת 2001 הועלה לדרגת ניצב, ומונה לראש אמ״ש.",אגף משאבי אנוש,אמ״ש.01,אגף משאבי אנוש,weak,2,אגף משאבי אנוש | אוויר מים אש,substituted,no,3,wikipedia,משה קראדי
ha-00158,אמ״ש,בועז גולדברג (נולד ב-1963) הוא קצין משטרה בדרגת ניצב וכיהן כראש אמ״ש.,אגף משאבי אנוש,אמ״ש.01,אגף משאבי אנוש,weak,2,אגף משאבי אנוש | אוויר מים אש,substituted,no,3,wikipedia,בועז גולדברג
ha-00159,אמ״ש,"תערוכה נוספת שלו, בנושא ""יהודה ושומרון לפי ארבעת היסודות, אדמה אמ״ש"", בהנחייתו של זיו קורן במסגרת עמותת אחים לחיים, הוצגה באפריל 2013 בניו יורק ובערים רבות בישראל מאז יולי 2013.",אוויר מים אש,אמ״ש.02,אוויר מים אש,weak,2,אגף משאבי אנוש | אוויר מים אש,substituted,no,3,wikipedia,אהוד אמיתון
ha-00160,אס״י,"בינואר 1956, לאחר הפסקה של שנתיים, חודשה הוצאת כתב העת במתכונת של רבעון על ידי הוועד המרכזי של הסתדרות הפקידים/אס״י.",ארגון ספרני ישראל,אס״י.02,ארגון ספרני ישראל,weak,3,האגודה הסוציולוגית הישראלית | ארגון ספרני ישראל | אבטחת סיור,substituted,no,3,wikipedia,יד לקורא
ha-00161,אס״י,אס״י פועלת להסמכת סוציולוגים יישומיים באמצעות ועדת הסמכה.,האגודה הסוציולוגית הישראלית,אס״י.01,האגודה הסוציולוגית הישראלית,weak,3,האגודה הסוציולוגית הישראלית | ארגון ספרני ישראל | אבטחת סיור,substituted,no,3,wikipedia,האגודה הסוציולוגית הישראלית
ha-00162,אס״י,אס״י הייתה חברה באגודה הסוציולוגית הבין-לאומית .,האגודה הסוציולוגית הישראלית,אס״י.01,האגודה הסוציולוגית הישראלית,weak,3,האגודה הסוציולוגית הישראלית | ארגון ספרני ישראל | אבטחת סיור,substituted,no,3,wikipedia,האגודה הסוציולוגית הישראלית
ha-00163,אס״י,בינואר 2016 נבחר ברוב גורף[דרוש מקור] לנשיאות אס״י.,האגודה הסוציולוגית הישראלית,אס״י.01,האגודה הסוציולוגית הישראלית,weak,3,האגודה הסוציולוגית הישראלית | ארגון ספרני ישראל | אבטחת סיור,substituted,no,3,wikipedia,אורי רם
ha-00164,אצ״ל,"אצ״ל, שאם אכן כך ההלכה, אזי אין כל מקום להפקיע קידושין (שהרי בני הזוג עודם נשואים), וההצעה משוללת כל יסוד.",אין צריך לומר,אצ״ל.02,אין צריך לומר,weak,2,ארגון צבאי לאומי | אין צריך לומר,substituted,no,3,wikipedia,"גט מהרש""ם"
ha-00165,אצ״ל,"בצעירותו עמד בראש תא של אצ״ל בזופייבקה (בפולנית: Sofievka), עיירה יהודית בחבל ווהלין במערב אוקראינה, שהייתה אז חלק מפולין.",ארגון צבאי לאומי,אצ״ל.01,ארגון צבאי לאומי,verified,2,ארגון צבאי לאומי | אין צריך לומר,natural,no,3,wikipedia,אנשל שפילמן
ha-00166,אצ״ל,"הוחלט לקרוא לגוף החדש ""אצ״ל"", שם הממחיש את אופיו האקטיביסטי לעומת ""ההגנה"" ואת שאיפתו להיותו ארגון צבאי ולא ""מיליציוני"" כפי שהייתה ""ההגנה"".",ארגון צבאי לאומי,אצ״ל.01,ארגון צבאי לאומי,weak,2,ארגון צבאי לאומי | אין צריך לומר,substituted,no,3,wikipedia,ארגון צבאי לאומי
ha-00167,אצ״ל,"בספר נטען כי הטיהור האתני הוצא לפועל באמצעות גירוש שיטתי של תושבים בכ-500 כפרים ערביים, וכן פיגועים שבוצעו בעיקר על ידי אנשי אצ״ל וההגנה נגד האוכלוסייה האזרחית.",ארגון צבאי לאומי,אצ״ל.01,ארגון צבאי לאומי,weak,2,ארגון צבאי לאומי | אין צריך לומר,substituted,no,3,wikipedia,הטיהור האתני של פלסטין (ספר)
ha-00168,אצ״ל,"סבו, חיים שלום הלוי (גורדין), היה ממקימי אצ״ל בירושלים והיה ממפקדיו וממייסדי גדוד מגיני השפה.",ארגון צבאי לאומי,אצ״ל.01,ארגון צבאי לאומי,weak,2,ארגון צבאי לאומי | אין צריך לומר,substituted,no,3,wikipedia,אמיר הלוי
ha-00169,אש״ל,"המשמע האחר הוא עונת הדיש, זמן הבאת היבול אל הגורן, למשל: ""אש״ל אלא ימתין עד שתגיע גורן"".",אין שומעין לו,אש״ל.02,אין שומעין לו,weak,3,אין שומעין לו | איפה שלמה | אכילה שתיה לינה,substituted,yes,3,wikipedia,גורן
ha-00170,אש״ל,ואם אמר 'תנו לי ואני לוקח לעצמי' אש״ל אלא לוקחין ונותנין לו.,אין שומעין לו,אש״ל.02,אין שומעין לו,weak,3,אין שומעין לו | איפה שלמה | אכילה שתיה לינה,substituted,yes,3,wikipedia,מיסים ביהדות
ha-00171,אש״ל,"לאחר פטירתו הוציאו בניו את חידושי תורתו בשני ספרים: ""מתנות אהרן"" ו""אש״ל"".",איפה שלמה,אש״ל.01,איפה שלמה,weak,3,אין שומעין לו | איפה שלמה | אכילה שתיה לינה,substituted,yes,3,wikipedia,אהרן יעקב פרוש
ha-00172,אש״ל,"נישא למלכה בת הרב אהרן יעקב פרוש, גזבר מוסדות עץ חיים ומחבר הספר ""אש״ל"".",איפה שלמה,אש״ל.01,איפה שלמה,weak,3,אין שומעין לו | איפה שלמה | אכילה שתיה לינה,substituted,yes,3,wikipedia,זונדל קרויזר
ha-00173,אש״ל,"בספר בית לחם יהודה מובא כי רבי יהודה פתיה כותב מפיו את חיבורו ""אש״ל"".",איפה שלמה,אש״ל.01,איפה שלמה,weak,3,אין שומעין לו | איפה שלמה | אכילה שתיה לינה,substituted,yes,3,wikipedia,חיים שאול הכהן דוויק
ha-00174,את״ד,את״ד היא עמותה ישראלית שמטרתה טיפוח איכות החיים ושמירה על הרכוש המשותף בבתים משותפים.,האגודה לתרבות הדיור,את״ד.01,האגודה לתרבות הדיור,weak,2,האגודה לתרבות הדיור | אלו תמצית דבריו,substituted,no,3,wikipedia,האגודה לתרבות הדיור
ha-00175,את״ד,חברת עזרה ובצרון משתפת פעולה עם את״ד הפועלת למען החדרת מודעות ודרכי פעולה לשמירה על הרכוש המשותף וטיפוח איכות החיים בבית המשותף.,האגודה לתרבות הדיור,את״ד.01,האגודה לתרבות הדיור,weak,2,האגודה לתרבות הדיור | אלו תמצית דבריו,substituted,no,3,wikipedia,עזרה ובצרון
ha-00176,את״ל,בינואר 2001 מונה לראש אגף תנועה ובאוגוסט 2004 מונה לראש את״ל.,אגף תמיכה לוגיסטית,את״ל.01,אגף תמיכה לוגיסטית,weak,6,אגף תמיכה לוגיסטית | אם תאמר לי | אי תימא לי (אם תאמר לי) | אם תמצא לומר (אם תוכל לומר) | אם תקשה לך | אם תרצה לידע,substituted,no,3,wikipedia,יעקב רז (ניצב)
ha-00177,את״ל,"לאחר פרישתו של שמעון קורן שימש כממלא מקום מפקד המחוז, במאי 2011 קודם לדרגת ניצב וביולי 2011 נכנס לתפקידו כראש את״ל.",אגף תמיכה לוגיסטית,את״ל.01,אגף תמיכה לוגיסטית,weak,6,אגף תמיכה לוגיסטית | אם תאמר לי | אי תימא לי (אם תאמר לי) | אם תמצא לומר (אם תוכל לומר) | אם תקשה לך | אם תרצה לידע,substituted,no,3,wikipedia,זהר דביר
ha-00178,את״ל,"את״ל בדיוק איזה שטח מן האחוזה התמלא מים, אוכל להגיד לך בדיוק מה גודל האחוזה שלך.",אם תאמר לי,את״ל.02,אם תאמר לי,weak,6,אגף תמיכה לוגיסטית | אם תאמר לי | אי תימא לי (אם תאמר לי) | אם תמצא לומר (אם תוכל לומר) | אם תקשה לך | אם תרצה לידע,substituted,no,3,wikipedia,הומור בתרבות היהודית
ha-00179,א״א,"אַבְרָהָם (במקור: אַבְרָם, מכונה גם א״א) הוא דמות מקראית, ולפי המקרא הוא הראשון מבין שלושת אבות עם ישראל.",אברהם אבינו,א״א.01,אברהם אבינו,weak,28,אי אפשר | אדר א' | אברהם אבינו | אמן אמן | אין אדם | אשת איש | אין אומרים | אדרת אליהו | אחרים אומרים | אחד אמר | אלכוהוליסטים אנונימיים | איסור אכילה | ארך אפים | אל אדון | אדוני אבי | איכות ואמינות | אגב אורחא | אתה אחד | אלף אלפים | אור אחרון | אין אומרין | אמר אליהו | אדיר אדירנו | אחד אלהינו | אי אמרת | אֶגֶד ארטילרי | אוקיי ואוקיי | אחזקה אוירית,substituted,yes,2,wikipedia,אברהם
ha-00180,א״א,"על פי אמונה זו, קיים דמיון רעיוני (ואף מצלולי) בין הדמויות ברהמה וסראסווטי לבין הדמויות של א״א ואשתו שרה.",אברהם אבינו,א״א.01,אברהם אבינו,weak,28,אי אפשר | אדר א' | אברהם אבינו | אמן אמן | אין אדם | אשת איש | אין אומרים | אדרת אליהו | אחרים אומרים | אחד אמר | אלכוהוליסטים אנונימיים | איסור אכילה | ארך אפים | אל אדון | אדוני אבי | איכות ואמינות | אגב אורחא | אתה אחד | אלף אלפים | אור אחרון | אין אומרין | אמר אליהו | אדיר אדירנו | אחד אלהינו | אי אמרת | אֶגֶד ארטילרי | אוקיי ואוקיי | אחזקה אוירית,substituted,yes,2,wikipedia,אברהם
ha-00181,א״א,בית הכנסת על שם א״א נמצא במרכזה של שכונת א״א בחברון.,אברהם אבינו,א״א.01,אברהם אבינו,weak,28,אי אפשר | אדר א' | אברהם אבינו | אמן אמן | אין אדם | אשת איש | אין אומרים | אדרת אליהו | אחרים אומרים | אחד אמר | אלכוהוליסטים אנונימיים | איסור אכילה | ארך אפים | אל אדון | אדוני אבי | איכות ואמינות | אגב אורחא | אתה אחד | אלף אלפים | אור אחרון | אין אומרין | אמר אליהו | אדיר אדירנו | אחד אלהינו | אי אמרת | אֶגֶד ארטילרי | אוקיי ואוקיי | אחזקה אוירית,substituted,yes,2,wikipedia,בית הכנסת אברהם אבינו
ha-00182,א״א,"המשנה אמנם רוצה ללמד אותנו דין הישן תחת המיטה בסוכה, אך הנה למדנו א״א, שעבד פטור ממצוות סוכה, שכן טבי שהיה תלמיד חכם, ידע שהוא פטור ממצוות סוכה, ולכן לא חשש לישון מתחת למיטה.",אגב אורחא,א״א.02,אגב אורחא,weak,28,אי אפשר | אדר א' | אברהם אבינו | אמן אמן | אין אדם | אשת איש | אין אומרים | אדרת אליהו | אחרים אומרים | אחד אמר | אלכוהוליסטים אנונימיים | איסור אכילה | ארך אפים | אל אדון | אדוני אבי | איכות ואמינות | אגב אורחא | אתה אחד | אלף אלפים | אור אחרון | אין אומרין | אמר אליהו | אדיר אדירנו | אחד אלהינו | אי אמרת | אֶגֶד ארטילרי | אוקיי ואוקיי | אחזקה אוירית,substituted,yes,2,wikipedia,מילתא אגב אורחא
ha-00183,א״א,"בדרכי משם מערבה ראיתי א״א, על תלה, את כנסיית ברברה הקדושה, שכבר הזכרתי.",אגב אורחא,א״א.02,אגב אורחא,weak,28,אי אפשר | אדר א' | אברהם אבינו | אמן אמן | אין אדם | אשת איש | אין אומרים | אדרת אליהו | אחרים אומרים | אחד אמר | אלכוהוליסטים אנונימיים | איסור אכילה | ארך אפים | אל אדון | אדוני אבי | איכות ואמינות | אגב אורחא | אתה אחד | אלף אלפים | אור אחרון | אין אומרין | אמר אליהו | אדיר אדירנו | אחד אלהינו | אי אמרת | אֶגֶד ארטילרי | אוקיי ואוקיי | אחזקה אוירית,substituted,yes,2,wikipedia,עאבוד
ha-00184,א״א,"משנת 1951 היה כותב באופן קבוע בעיתון שערים, ככתב וכבעל טור שנקרא ""א״א"".",אגב אורחא,א״א.02,אגב אורחא,weak,28,אי אפשר | אדר א' | אברהם אבינו | אמן אמן | אין אדם | אשת איש | אין אומרים | אדרת אליהו | אחרים אומרים | אחד אמר | אלכוהוליסטים אנונימיים | איסור אכילה | ארך אפים | אל אדון | אדוני אבי | איכות ואמינות | אגב אורחא | אתה אחד | אלף אלפים | אור אחרון | אין אומרין | אמר אליהו | אדיר אדירנו | אחד אלהינו | אי אמרת | אֶגֶד ארטילרי | אוקיי ואוקיי | אחזקה אוירית,substituted,yes,2,wikipedia,איסר פרנקל
ha-00185,א״א,"מרבית התלמידים ממשיכים אחר כך לישיבה הקטנה א״א, אך יש מהם שהמשיכו לישיבות קטנות ליטאיות אחרות.",אדרת אליהו,א״א.03,אדרת אליהו,weak,28,אי אפשר | אדר א' | אברהם אבינו | אמן אמן | אין אדם | אשת איש | אין אומרים | אדרת אליהו | אחרים אומרים | אחד אמר | אלכוהוליסטים אנונימיים | איסור אכילה | ארך אפים | אל אדון | אדוני אבי | איכות ואמינות | אגב אורחא | אתה אחד | אלף אלפים | אור אחרון | אין אומרין | אמר אליהו | אדיר אדירנו | אחד אלהינו | אי אמרת | אֶגֶד ארטילרי | אוקיי ואוקיי | אחזקה אוירית,substituted,yes,2,wikipedia,קהילת אדרת אליהו
ha-00186,א״א,"כיום בשולי המתחם מתגוררות ארבע משפחות יהודיות וממוקמת בו ""ישיבת א״א"" בבית הכנסת ציון המצוינת.",אדרת אליהו,א״א.03,אדרת אליהו,weak,28,אי אפשר | אדר א' | אברהם אבינו | אמן אמן | אין אדם | אשת איש | אין אומרים | אדרת אליהו | אחרים אומרים | אחד אמר | אלכוהוליסטים אנונימיים | איסור אכילה | ארך אפים | אל אדון | אדוני אבי | איכות ואמינות | אגב אורחא | אתה אחד | אלף אלפים | אור אחרון | אין אומרין | אמר אליהו | אדיר אדירנו | אחד אלהינו | אי אמרת | אֶגֶד ארטילרי | אוקיי ואוקיי | אחזקה אוירית,substituted,yes,2,wikipedia,חצר גליציה
ha-00187,א״א,"א״א הוא ספר מאת אברהם שמואל שטיין, העוסק ביישוב היהודי בירושלים במאה ה-19.",אדרת אליהו,א״א.03,אדרת אליהו,weak,28,אי אפשר | אדר א' | אברהם אבינו | אמן אמן | אין אדם | אשת איש | אין אומרים | אדרת אליהו | אחרים אומרים | אחד אמר | אלכוהוליסטים אנונימיים | איסור אכילה | ארך אפים | אל אדון | אדוני אבי | איכות ואמינות | אגב אורחא | אתה אחד | אלף אלפים | אור אחרון | אין אומרין | אמר אליהו | אדיר אדירנו | אחד אלהינו | אי אמרת | אֶגֶד ארטילרי | אוקיי ואוקיי | אחזקה אוירית,substituted,yes,2,wikipedia,אדרת אליהו (שטיין)
ha-00188,א״א,"יחד עם כוח מחטיבה 164, תקפה מתחם מצרי בצומת הצירים סרג'-עקל והשמידה אותו עד א״א.",אור אחרון,א״א.04,אור אחרון,weak,28,אי אפשר | אדר א' | אברהם אבינו | אמן אמן | אין אדם | אשת איש | אין אומרים | אדרת אליהו | אחרים אומרים | אחד אמר | אלכוהוליסטים אנונימיים | איסור אכילה | ארך אפים | אל אדון | אדוני אבי | איכות ואמינות | אגב אורחא | אתה אחד | אלף אלפים | אור אחרון | אין אומרין | אמר אליהו | אדיר אדירנו | אחד אלהינו | אי אמרת | אֶגֶד ארטילרי | אוקיי ואוקיי | אחזקה אוירית,substituted,yes,2,wikipedia,חטיבה 179 במלחמת יום הכיפורים
ha-00189,א״א,"ואולם מסיבות שונות התעכבה היציאה להתקפה, והתנועה החלה רק בשעה 19:30 בערב, עם א״א.",אור אחרון,א״א.04,אור אחרון,weak,28,אי אפשר | אדר א' | אברהם אבינו | אמן אמן | אין אדם | אשת איש | אין אומרים | אדרת אליהו | אחרים אומרים | אחד אמר | אלכוהוליסטים אנונימיים | איסור אכילה | ארך אפים | אל אדון | אדוני אבי | איכות ואמינות | אגב אורחא | אתה אחד | אלף אלפים | אור אחרון | אין אומרין | אמר אליהו | אדיר אדירנו | אחד אלהינו | אי אמרת | אֶגֶד ארטילרי | אוקיי ואוקיי | אחזקה אוירית,substituted,yes,2,wikipedia,המערכה על ירושלים במלחמת ששת הימים
ha-00190,א״א,"הוא המשיך לחוג באזור במשך 25 דקות בתנאים קשים של א״א ובתוך ואדיות עד שירדה החשכה, בעוד מטוסו חוזר ונפגע מנשק קל.",אור אחרון,א״א.04,אור אחרון,weak,28,אי אפשר | אדר א' | אברהם אבינו | אמן אמן | אין אדם | אשת איש | אין אומרים | אדרת אליהו | אחרים אומרים | אחד אמר | אלכוהוליסטים אנונימיים | איסור אכילה | ארך אפים | אל אדון | אדוני אבי | איכות ואמינות | אגב אורחא | אתה אחד | אלף אלפים | אור אחרון | אין אומרין | אמר אליהו | אדיר אדירנו | אחד אלהינו | אי אמרת | אֶגֶד ארטילרי | אוקיי ואוקיי | אחזקה אוירית,substituted,yes,2,wikipedia,הזירה האווירית במלחמת ששת הימים
ha-00191,א״א,אדם א״א לחברו: אם אמכור את הקרקע הזאת - אמכור אותה לך במאה זוז.,אחד אמר,א״א.05,אחד אמר,weak,28,אי אפשר | אדר א' | אברהם אבינו | אמן אמן | אין אדם | אשת איש | אין אומרים | אדרת אליהו | אחרים אומרים | אחד אמר | אלכוהוליסטים אנונימיים | איסור אכילה | ארך אפים | אל אדון | אדוני אבי | איכות ואמינות | אגב אורחא | אתה אחד | אלף אלפים | אור אחרון | אין אומרין | אמר אליהו | אדיר אדירנו | אחד אלהינו | אי אמרת | אֶגֶד ארטילרי | אוקיי ואוקיי | אחזקה אוירית,substituted,yes,2,wikipedia,רב יעקב מנהר פקוד
ha-00192,א״א,היסטוריון א״א בציניות שהדבר היחיד שהוכרע בבחירות היה שגנרל וויגי צריך להיות הנשיא כי הצליח במלחמה דמוקרטית.,אחד אמר,א״א.05,אחד אמר,weak,28,אי אפשר | אדר א' | אברהם אבינו | אמן אמן | אין אדם | אשת איש | אין אומרים | אדרת אליהו | אחרים אומרים | אחד אמר | אלכוהוליסטים אנונימיים | איסור אכילה | ארך אפים | אל אדון | אדוני אבי | איכות ואמינות | אגב אורחא | אתה אחד | אלף אלפים | אור אחרון | אין אומרין | אמר אליהו | אדיר אדירנו | אחד אלהינו | אי אמרת | אֶגֶד ארטילרי | אוקיי ואוקיי | אחזקה אוירית,substituted,yes,2,wikipedia,הבחירות לנשיאות ארצות הברית 1848
ha-00193,א״א,יום א״א העני: אראה מיהו האדם המיטיב עימי.,אחד אמר,א״א.05,אחד אמר,weak,28,אי אפשר | אדר א' | אברהם אבינו | אמן אמן | אין אדם | אשת איש | אין אומרים | אדרת אליהו | אחרים אומרים | אחד אמר | אלכוהוליסטים אנונימיים | איסור אכילה | ארך אפים | אל אדון | אדוני אבי | איכות ואמינות | אגב אורחא | אתה אחד | אלף אלפים | אור אחרון | אין אומרין | אמר אליהו | אדיר אדירנו | אחד אלהינו | אי אמרת | אֶגֶד ארטילרי | אוקיי ואוקיי | אחזקה אוירית,substituted,yes,2,wikipedia,מר עוקבא
ha-00194,א״א,"""What Other People Say"" (בעברית: ""מה אנשים א״א"") הוא סינגל שהוקלט על ידי הזמר-יוצר האמריקאי סם פישר, בהשתתפות הזמרת האמריקאית דמי לובאטו.",אחרים אומרים,א״א.06,אחרים אומרים,weak,28,אי אפשר | אדר א' | אברהם אבינו | אמן אמן | אין אדם | אשת איש | אין אומרים | אדרת אליהו | אחרים אומרים | אחד אמר | אלכוהוליסטים אנונימיים | איסור אכילה | ארך אפים | אל אדון | אדוני אבי | איכות ואמינות | אגב אורחא | אתה אחד | אלף אלפים | אור אחרון | אין אומרין | אמר אליהו | אדיר אדירנו | אחד אלהינו | אי אמרת | אֶגֶד ארטילרי | אוקיי ואוקיי | אחזקה אוירית,substituted,yes,2,wikipedia,What Other People Say
ha-00195,א״א,"רבי יהודה הנשיא, בנו של רבן שמעון בן גמליאל, לימד את שמעון בנו ובלימודם נתקלו השניים בכינוי ""א״א"".",אחרים אומרים,א״א.06,אחרים אומרים,weak,28,אי אפשר | אדר א' | אברהם אבינו | אמן אמן | אין אדם | אשת איש | אין אומרים | אדרת אליהו | אחרים אומרים | אחד אמר | אלכוהוליסטים אנונימיים | איסור אכילה | ארך אפים | אל אדון | אדוני אבי | איכות ואמינות | אגב אורחא | אתה אחד | אלף אלפים | אור אחרון | אין אומרין | אמר אליהו | אדיר אדירנו | אחד אלהינו | אי אמרת | אֶגֶד ארטילרי | אוקיי ואוקיי | אחזקה אוירית,substituted,yes,2,wikipedia,רבי נתן
ha-00196,א״א,"א״א שמת מחניתו של אנדאג האוסטרוגותי, שנלחם עם אטילה.",אחרים אומרים,א״א.06,אחרים אומרים,weak,28,אי אפשר | אדר א' | אברהם אבינו | אמן אמן | אין אדם | אשת איש | אין אומרים | אדרת אליהו | אחרים אומרים | אחד אמר | אלכוהוליסטים אנונימיים | איסור אכילה | ארך אפים | אל אדון | אדוני אבי | איכות ואמינות | אגב אורחא | אתה אחד | אלף אלפים | אור אחרון | אין אומרין | אמר אליהו | אדיר אדירנו | אחד אלהינו | אי אמרת | אֶגֶד ארטילרי | אוקיי ואוקיי | אחזקה אוירית,substituted,yes,2,wikipedia,תאודוריד הראשון
ha-00197,א״א,א״א להפריד כימיקל למרכיביו בשיטות פיזיקליות בלי לשבור קשרים כימיים.,אי אפשר,א״א.07,אי אפשר,weak,28,אי אפשר | אדר א' | אברהם אבינו | אמן אמן | אין אדם | אשת איש | אין אומרים | אדרת אליהו | אחרים אומרים | אחד אמר | אלכוהוליסטים אנונימיים | איסור אכילה | ארך אפים | אל אדון | אדוני אבי | איכות ואמינות | אגב אורחא | אתה אחד | אלף אלפים | אור אחרון | אין אומרין | אמר אליהו | אדיר אדירנו | אחד אלהינו | אי אמרת | אֶגֶד ארטילרי | אוקיי ואוקיי | אחזקה אוירית,substituted,yes,2,wikipedia,כימיקל
ha-00198,א״א,"לדוגמה, אם הנשר המקראי ייעלם מנופה של ישראל הוא לא ייכחד משום שיש רבבות כמותו בעולם ולכן א״א לומר שהנשר נמצא בסכנת הכחדה.",אי אפשר,א״א.07,אי אפשר,weak,28,אי אפשר | אדר א' | אברהם אבינו | אמן אמן | אין אדם | אשת איש | אין אומרים | אדרת אליהו | אחרים אומרים | אחד אמר | אלכוהוליסטים אנונימיים | איסור אכילה | ארך אפים | אל אדון | אדוני אבי | איכות ואמינות | אגב אורחא | אתה אחד | אלף אלפים | אור אחרון | אין אומרין | אמר אליהו | אדיר אדירנו | אחד אלהינו | אי אמרת | אֶגֶד ארטילרי | אוקיי ואוקיי | אחזקה אוירית,substituted,yes,2,wikipedia,מינים בסכנת הכחדה
ha-00199,א״א,"ריאיון ברדיו מושמע בקולו של המרואיין, ובריאיון בטלוויזיה אף פניו נראות ולכן א״א לשים בפיו דברים שלא אמר, אם כי ניתן להשמיע רק חלק מהדברים, באופן שיקבלו משמעות מעט שונה מזו שהמרואיין התכוון אליה.",אי אפשר,א״א.07,אי אפשר,weak,28,אי אפשר | אדר א' | אברהם אבינו | אמן אמן | אין אדם | אשת איש | אין אומרים | אדרת אליהו | אחרים אומרים | אחד אמר | אלכוהוליסטים אנונימיים | איסור אכילה | ארך אפים | אל אדון | אדוני אבי | איכות ואמינות | אגב אורחא | אתה אחד | אלף אלפים | אור אחרון | אין אומרין | אמר אליהו | אדיר אדירנו | אחד אלהינו | אי אמרת | אֶגֶד ארטילרי | אוקיי ואוקיי | אחזקה אוירית,substituted,yes,2,wikipedia,ריאיון עיתונאי
ha-00200,א״א,"לדברי החברה, ""אמתן כרמיאל"" ייחודית בכך שהיא מייצרת בעצמה את כל חלקי המתכת של הרובה, עובדה המאפשרת לה שליטה מלאה על א״א המוצרים ולתת מענה ופתרונות ייחודיים לדרישות המשתנות של הלקוחות.",איכות ואמינות,א״א.08,איכות ואמינות,weak,28,אי אפשר | אדר א' | אברהם אבינו | אמן אמן | אין אדם | אשת איש | אין אומרים | אדרת אליהו | אחרים אומרים | אחד אמר | אלכוהוליסטים אנונימיים | איסור אכילה | ארך אפים | אל אדון | אדוני אבי | איכות ואמינות | אגב אורחא | אתה אחד | אלף אלפים | אור אחרון | אין אומרין | אמר אליהו | אדיר אדירנו | אחד אלהינו | אי אמרת | אֶגֶד ארטילרי | אוקיי ואוקיי | אחזקה אוירית,substituted,yes,2,wikipedia,MZ-15
ha-00201,א״א,"נוטע יזם, פיתח והוביל, במשך למעלה מ-20 שנה, תוכנית ללימודים לתארים גבוהים באבטחת א״א.",איכות ואמינות,א״א.08,איכות ואמינות,weak,28,אי אפשר | אדר א' | אברהם אבינו | אמן אמן | אין אדם | אשת איש | אין אומרים | אדרת אליהו | אחרים אומרים | אחד אמר | אלכוהוליסטים אנונימיים | איסור אכילה | ארך אפים | אל אדון | אדוני אבי | איכות ואמינות | אגב אורחא | אתה אחד | אלף אלפים | אור אחרון | אין אומרין | אמר אליהו | אדיר אדירנו | אחד אלהינו | אי אמרת | אֶגֶד ארטילרי | אוקיי ואוקיי | אחזקה אוירית,substituted,yes,2,wikipedia,עמוס נוטע
ha-00202,א״א,"ב-1985 הקים את תוכנית הלימודים לתארים גבוהים בהבטחת א״א בטכניון, כמענה לצורך שעלה מהתעשיות הביטחוניות.",איכות ואמינות,א״א.08,איכות ואמינות,weak,28,אי אפשר | אדר א' | אברהם אבינו | אמן אמן | אין אדם | אשת איש | אין אומרים | אדרת אליהו | אחרים אומרים | אחד אמר | אלכוהוליסטים אנונימיים | איסור אכילה | ארך אפים | אל אדון | אדוני אבי | איכות ואמינות | אגב אורחא | אתה אחד | אלף אלפים | אור אחרון | אין אומרין | אמר אליהו | אדיר אדירנו | אחד אלהינו | אי אמרת | אֶגֶד ארטילרי | אוקיי ואוקיי | אחזקה אוירית,substituted,yes,2,wikipedia,עמוס נוטע
ha-00203,א״א,"מנגד, קיימת אכן החזקה האומרת כי א״א מעיז פניו בפני בעל חובו, ולפיה יש להניח שהנתבע דובר אמת ואינו מעיז להכחיש לגמרי תביעה צודקת.",אין אדם,א״א.09,אין אדם,weak,28,אי אפשר | אדר א' | אברהם אבינו | אמן אמן | אין אדם | אשת איש | אין אומרים | אדרת אליהו | אחרים אומרים | אחד אמר | אלכוהוליסטים אנונימיים | איסור אכילה | ארך אפים | אל אדון | אדוני אבי | איכות ואמינות | אגב אורחא | אתה אחד | אלף אלפים | אור אחרון | אין אומרין | אמר אליהו | אדיר אדירנו | אחד אלהינו | אי אמרת | אֶגֶד ארטילרי | אוקיי ואוקיי | אחזקה אוירית,substituted,yes,2,wikipedia,חזקה אין אדם מעיז פניו בפני בעל חובו
ha-00204,א״א,"לדוגמה: ""חזקה א״א מעיז פניו בפני בעל חובו"" (דיני ממונות): הנחה כי אדם הנתבע על תשלום חוב בבית דין יודה בחובו (לפחות באופן חלקי), ולא יעז פניו בעודו עומד בבית דין מול בעל חובו.",אין אדם,א״א.09,אין אדם,weak,28,אי אפשר | אדר א' | אברהם אבינו | אמן אמן | אין אדם | אשת איש | אין אומרים | אדרת אליהו | אחרים אומרים | אחד אמר | אלכוהוליסטים אנונימיים | איסור אכילה | ארך אפים | אל אדון | אדוני אבי | איכות ואמינות | אגב אורחא | אתה אחד | אלף אלפים | אור אחרון | אין אומרין | אמר אליהו | אדיר אדירנו | אחד אלהינו | אי אמרת | אֶגֶד ארטילרי | אוקיי ואוקיי | אחזקה אוירית,substituted,yes,2,wikipedia,חזקה (הלכה)
ha-00205,א״א,"ביטוי לכך נתן השופט מישאל חשין באומרו: ""ברגיל, א״א משים עצמו רשע...",אין אדם,א״א.09,אין אדם,weak,28,אי אפשר | אדר א' | אברהם אבינו | אמן אמן | אין אדם | אשת איש | אין אומרים | אדרת אליהו | אחרים אומרים | אחד אמר | אלכוהוליסטים אנונימיים | איסור אכילה | ארך אפים | אל אדון | אדוני אבי | איכות ואמינות | אגב אורחא | אתה אחד | אלף אלפים | אור אחרון | אין אומרין | אמר אליהו | אדיר אדירנו | אחד אלהינו | אי אמרת | אֶגֶד ארטילרי | אוקיי ואוקיי | אחזקה אוירית,substituted,yes,2,wikipedia,הודאה
ha-00206,א״א,גם בהרבה קהילות בהן א״א וידוי בשאר הימים נהוג להוסיף אותו.,אין אומרים,א״א.10,אין אומרים,weak,28,אי אפשר | אדר א' | אברהם אבינו | אמן אמן | אין אדם | אשת איש | אין אומרים | אדרת אליהו | אחרים אומרים | אחד אמר | אלכוהוליסטים אנונימיים | איסור אכילה | ארך אפים | אל אדון | אדוני אבי | איכות ואמינות | אגב אורחא | אתה אחד | אלף אלפים | אור אחרון | אין אומרין | אמר אליהו | אדיר אדירנו | אחד אלהינו | אי אמרת | אֶגֶד ארטילרי | אוקיי ואוקיי | אחזקה אוירית,substituted,yes,2,wikipedia,תחנון
ha-00207,א״א,"נוסף על הימים הקבועים בשנה, ישנם כמה מאורעות שבהם לא אומרים תחנון: כאשר נערכת ברית מילה בבית הכנסת - א״א תחנון בבית הכנסת שבו נערכת המילה.",אין אומרים,א״א.10,אין אומרים,weak,28,אי אפשר | אדר א' | אברהם אבינו | אמן אמן | אין אדם | אשת איש | אין אומרים | אדרת אליהו | אחרים אומרים | אחד אמר | אלכוהוליסטים אנונימיים | איסור אכילה | ארך אפים | אל אדון | אדוני אבי | איכות ואמינות | אגב אורחא | אתה אחד | אלף אלפים | אור אחרון | אין אומרין | אמר אליהו | אדיר אדירנו | אחד אלהינו | אי אמרת | אֶגֶד ארטילרי | אוקיי ואוקיי | אחזקה אוירית,substituted,yes,2,wikipedia,תחנון
ha-00208,א״א,"בנוסף, במנין בו נוכח אבי הבן, המוהל או הסנדק א״א תחנון, גם אם המילה נערכת במקום אחר.",אין אומרים,א״א.10,אין אומרים,weak,28,אי אפשר | אדר א' | אברהם אבינו | אמן אמן | אין אדם | אשת איש | אין אומרים | אדרת אליהו | אחרים אומרים | אחד אמר | אלכוהוליסטים אנונימיים | איסור אכילה | ארך אפים | אל אדון | אדוני אבי | איכות ואמינות | אגב אורחא | אתה אחד | אלף אלפים | אור אחרון | אין אומרין | אמר אליהו | אדיר אדירנו | אחד אלהינו | אי אמרת | אֶגֶד ארטילרי | אוקיי ואוקיי | אחזקה אוירית,substituted,yes,2,wikipedia,תחנון
ha-00209,א״א,"יחסה החיובי של היהדות ליין הגיעה לידי כך, שנאמר ""א״א שירה אלא על יין"".",אין אומרין,א״א.19,אין אומרין,weak,28,אי אפשר | אדר א' | אברהם אבינו | אמן אמן | אין אדם | אשת איש | אין אומרים | אדרת אליהו | אחרים אומרים | אחד אמר | אלכוהוליסטים אנונימיים | איסור אכילה | ארך אפים | אל אדון | אדוני אבי | איכות ואמינות | אגב אורחא | אתה אחד | אלף אלפים | אור אחרון | אין אומרין | אמר אליהו | אדיר אדירנו | אחד אלהינו | אי אמרת | אֶגֶד ארטילרי | אוקיי ואוקיי | אחזקה אוירית,substituted,yes,2,wikipedia,יין
ha-00210,א״א,"יחסה החיובי של היהדות ליין הגיע לידי כך, שנאמר ""א״א שירה אלא על יין"".",אין אומרין,א״א.19,אין אומרין,weak,28,אי אפשר | אדר א' | אברהם אבינו | אמן אמן | אין אדם | אשת איש | אין אומרים | אדרת אליהו | אחרים אומרים | אחד אמר | אלכוהוליסטים אנונימיים | איסור אכילה | ארך אפים | אל אדון | אדוני אבי | איכות ואמינות | אגב אורחא | אתה אחד | אלף אלפים | אור אחרון | אין אומרין | אמר אליהו | אדיר אדירנו | אחד אלהינו | אי אמרת | אֶגֶד ארטילרי | אוקיי ואוקיי | אחזקה אוירית,substituted,yes,2,wikipedia,משקה אלכוהולי
ha-00211,א״א,"א״א הוא מושג בהלכה היהודית, לפיו ישנם דברים שאסורים באכילה בלבד, אולם אין עליהם איסור הנאה.",איסור אכילה,א״א.11,איסור אכילה,weak,28,אי אפשר | אדר א' | אברהם אבינו | אמן אמן | אין אדם | אשת איש | אין אומרים | אדרת אליהו | אחרים אומרים | אחד אמר | אלכוהוליסטים אנונימיים | איסור אכילה | ארך אפים | אל אדון | אדוני אבי | איכות ואמינות | אגב אורחא | אתה אחד | אלף אלפים | אור אחרון | אין אומרין | אמר אליהו | אדיר אדירנו | אחד אלהינו | אי אמרת | אֶגֶד ארטילרי | אוקיי ואוקיי | אחזקה אוירית,substituted,yes,2,wikipedia,איסור אכילה
ha-00212,א״א,"בנוסף לכך, גם בחלק מתעניות הגשמים הנושאות אופי חמור יותר, חלים כל חמשת העינויים, בעוד בתעניות ציבור קלות ישנו א״א ושתייה בלבד.",איסור אכילה,א״א.11,איסור אכילה,weak,28,אי אפשר | אדר א' | אברהם אבינו | אמן אמן | אין אדם | אשת איש | אין אומרים | אדרת אליהו | אחרים אומרים | אחד אמר | אלכוהוליסטים אנונימיים | איסור אכילה | ארך אפים | אל אדון | אדוני אבי | איכות ואמינות | אגב אורחא | אתה אחד | אלף אלפים | אור אחרון | אין אומרין | אמר אליהו | אדיר אדירנו | אחד אלהינו | אי אמרת | אֶגֶד ארטילרי | אוקיי ואוקיי | אחזקה אוירית,substituted,yes,2,wikipedia,חמשת העינויים
ha-00213,א״א,"חמשת העינויים הם: א״א ושתייה, איסור רחיצה, איסור סיכה, איסור נעילת הסנדל ואיסור תשמיש המיטה.",איסור אכילה,א״א.11,איסור אכילה,weak,28,אי אפשר | אדר א' | אברהם אבינו | אמן אמן | אין אדם | אשת איש | אין אומרים | אדרת אליהו | אחרים אומרים | אחד אמר | אלכוהוליסטים אנונימיים | איסור אכילה | ארך אפים | אל אדון | אדוני אבי | איכות ואמינות | אגב אורחא | אתה אחד | אלף אלפים | אור אחרון | אין אומרין | אמר אליהו | אדיר אדירנו | אחד אלהינו | אי אמרת | אֶגֶד ארטילרי | אוקיי ואוקיי | אחזקה אוירית,substituted,yes,2,wikipedia,חמשת העינויים
ha-00214,א״א,"בשנים האחרונות, התקבל בהרבה קהילות נהוג לרקוד בשירת הקטע 'טובים מאורות' מתוך הפיוט א״א על כל המעשים.",אל אדון,א״א.12,אל אדון,weak,28,אי אפשר | אדר א' | אברהם אבינו | אמן אמן | אין אדם | אשת איש | אין אומרים | אדרת אליהו | אחרים אומרים | אחד אמר | אלכוהוליסטים אנונימיים | איסור אכילה | ארך אפים | אל אדון | אדוני אבי | איכות ואמינות | אגב אורחא | אתה אחד | אלף אלפים | אור אחרון | אין אומרין | אמר אליהו | אדיר אדירנו | אחד אלהינו | אי אמרת | אֶגֶד ארטילרי | אוקיי ואוקיי | אחזקה אוירית,substituted,yes,2,wikipedia,ברכת הלבנה
ha-00215,א״א,"מנהג בקרב קהילות גאורגיה, בסיום הקדיש לומר קטע הפותח במילים:"" כדנא תאמרון להום..."", ולאחר מכן לחזור לבית הכנסת לעמוד לפני ההיכל ולזמר "" א״א על כל המעשים..."".",אל אדון,א״א.12,אל אדון,weak,28,אי אפשר | אדר א' | אברהם אבינו | אמן אמן | אין אדם | אשת איש | אין אומרים | אדרת אליהו | אחרים אומרים | אחד אמר | אלכוהוליסטים אנונימיים | איסור אכילה | ארך אפים | אל אדון | אדוני אבי | איכות ואמינות | אגב אורחא | אתה אחד | אלף אלפים | אור אחרון | אין אומרין | אמר אליהו | אדיר אדירנו | אחד אלהינו | אי אמרת | אֶגֶד ארטילרי | אוקיי ואוקיי | אחזקה אוירית,substituted,yes,2,wikipedia,ברכת הלבנה
ha-00216,א״א,"יפארוך סלה"") בשלשה מקטעים מורחבים: הכל יודוך, הפיוט א״א ולסיום לאל אשר שבת מכל המעשים.",אל אדון,א״א.12,אל אדון,weak,28,אי אפשר | אדר א' | אברהם אבינו | אמן אמן | אין אדם | אשת איש | אין אומרים | אדרת אליהו | אחרים אומרים | אחד אמר | אלכוהוליסטים אנונימיים | איסור אכילה | ארך אפים | אל אדון | אדוני אבי | איכות ואמינות | אגב אורחא | אתה אחד | אלף אלפים | אור אחרון | אין אומרין | אמר אליהו | אדיר אדירנו | אחד אלהינו | אי אמרת | אֶגֶד ארטילרי | אוקיי ואוקיי | אחזקה אוירית,substituted,yes,2,wikipedia,ברכות קריאת שמע
ha-00217,א״א,"""א״א"" הוא הארגון הראשון שהשתמש בתוכנית זו, ובכך שימש כמודל עבור קבוצות גמילה מחומרים ממכרים אחרים, כגון ""מהמרים אנונימיים"" או ""מכורים למין אנונימיים"".",אלכוהוליסטים אנונימיים,א״א.13,אלכוהוליסטים אנונימיים,weak,28,אי אפשר | אדר א' | אברהם אבינו | אמן אמן | אין אדם | אשת איש | אין אומרים | אדרת אליהו | אחרים אומרים | אחד אמר | אלכוהוליסטים אנונימיים | איסור אכילה | ארך אפים | אל אדון | אדוני אבי | איכות ואמינות | אגב אורחא | אתה אחד | אלף אלפים | אור אחרון | אין אומרין | אמר אליהו | אדיר אדירנו | אחד אלהינו | אי אמרת | אֶגֶד ארטילרי | אוקיי ואוקיי | אחזקה אוירית,substituted,yes,2,wikipedia,אלכוהוליסטים אנונימיים
ha-00218,א״א,"היום בו שתה סמית את המשקה האחרון שלו, 10 ביוני 1935, נחשב כתאריך הייסוד של א״א.",אלכוהוליסטים אנונימיים,א״א.13,אלכוהוליסטים אנונימיים,weak,28,אי אפשר | אדר א' | אברהם אבינו | אמן אמן | אין אדם | אשת איש | אין אומרים | אדרת אליהו | אחרים אומרים | אחד אמר | אלכוהוליסטים אנונימיים | איסור אכילה | ארך אפים | אל אדון | אדוני אבי | איכות ואמינות | אגב אורחא | אתה אחד | אלף אלפים | אור אחרון | אין אומרין | אמר אליהו | אדיר אדירנו | אחד אלהינו | אי אמרת | אֶגֶד ארטילרי | אוקיי ואוקיי | אחזקה אוירית,substituted,yes,2,wikipedia,אלכוהוליסטים אנונימיים
ha-00219,א״א,"ב-1937, וילסון וסמית העריכו שעזרו ל-40 אלכוהוליסטים להפסיק לשתות, ושנתיים מאוחר יותר, עם 100 חברים, וכתב וילסון על התוכנית בספר ""א״א"", ממנו אימץ הארגון את שמו.",אלכוהוליסטים אנונימיים,א״א.13,אלכוהוליסטים אנונימיים,weak,28,אי אפשר | אדר א' | אברהם אבינו | אמן אמן | אין אדם | אשת איש | אין אומרים | אדרת אליהו | אחרים אומרים | אחד אמר | אלכוהוליסטים אנונימיים | איסור אכילה | ארך אפים | אל אדון | אדוני אבי | איכות ואמינות | אגב אורחא | אתה אחד | אלף אלפים | אור אחרון | אין אומרין | אמר אליהו | אדיר אדירנו | אחד אלהינו | אי אמרת | אֶגֶד ארטילרי | אוקיי ואוקיי | אחזקה אוירית,substituted,yes,2,wikipedia,אלכוהוליסטים אנונימיים
ha-00220,א״א,"אם א״א שווי-ערך למיליון בלשוננו, אזי רבוא רבבות שווים למאה מיליון - 100,000,000.",אלף אלפים,א״א.14,אלף אלפים,weak,28,אי אפשר | אדר א' | אברהם אבינו | אמן אמן | אין אדם | אשת איש | אין אומרים | אדרת אליהו | אחרים אומרים | אחד אמר | אלכוהוליסטים אנונימיים | איסור אכילה | ארך אפים | אל אדון | אדוני אבי | איכות ואמינות | אגב אורחא | אתה אחד | אלף אלפים | אור אחרון | אין אומרין | אמר אליהו | אדיר אדירנו | אחד אלהינו | אי אמרת | אֶגֶד ארטילרי | אוקיי ואוקיי | אחזקה אוירית,substituted,yes,2,wikipedia,מספרים גדולים
ha-00221,א״א,"אמרין לה: ""אפילו הוא עושה כן א״א עדיין לחצי הכיבוד שאמרה התורה לא הגיע"" בהמשך לסיפור זה מופיע מעשה באמו של רבי ישמעאל שהתלוננה באוזני חכמים על שבנה אינו מכבד אותה.",אלף אלפים,א״א.14,אלף אלפים,weak,28,אי אפשר | אדר א' | אברהם אבינו | אמן אמן | אין אדם | אשת איש | אין אומרים | אדרת אליהו | אחרים אומרים | אחד אמר | אלכוהוליסטים אנונימיים | איסור אכילה | ארך אפים | אל אדון | אדוני אבי | איכות ואמינות | אגב אורחא | אתה אחד | אלף אלפים | אור אחרון | אין אומרין | אמר אליהו | אדיר אדירנו | אחד אלהינו | אי אמרת | אֶגֶד ארטילרי | אוקיי ואוקיי | אחזקה אוירית,substituted,yes,2,wikipedia,כיבוד אב ואם
ha-00222,א״א,"משל למלך בשר ודם שהיו לו א״א דינרי זהב והיו מקלסין אותו בשל כסף, והלא גנאי הוא לו!",אלף אלפים,א״א.14,אלף אלפים,weak,28,אי אפשר | אדר א' | אברהם אבינו | אמן אמן | אין אדם | אשת איש | אין אומרים | אדרת אליהו | אחרים אומרים | אחד אמר | אלכוהוליסטים אנונימיים | איסור אכילה | ארך אפים | אל אדון | אדוני אבי | איכות ואמינות | אגב אורחא | אתה אחד | אלף אלפים | אור אחרון | אין אומרין | אמר אליהו | אדיר אדירנו | אחד אלהינו | אי אמרת | אֶגֶד ארטילרי | אוקיי ואוקיי | אחזקה אוירית,substituted,yes,2,wikipedia,שלילת התארים
ha-00223,א״א,"וכששבו, א״א לרבי יהושע הגרסי: ""לך אמור לחכמים שילמדו לתלמידהם כי אין טומאה לצדיקים"".",אמר אליהו,א״א.15,אמר אליהו,weak,28,אי אפשר | אדר א' | אברהם אבינו | אמן אמן | אין אדם | אשת איש | אין אומרים | אדרת אליהו | אחרים אומרים | אחד אמר | אלכוהוליסטים אנונימיים | איסור אכילה | ארך אפים | אל אדון | אדוני אבי | איכות ואמינות | אגב אורחא | אתה אחד | אלף אלפים | אור אחרון | אין אומרין | אמר אליהו | אדיר אדירנו | אחד אלהינו | אי אמרת | אֶגֶד ארטילרי | אוקיי ואוקיי | אחזקה אוירית,substituted,yes,2,wikipedia,רבי יהושע הגרסי
ha-00224,א״א,"בזמן מלחמת חרבות ברזל, עוררו מספר התבטאויות שלו ביקורת: בריאיון לרדיו קול ברמה בנובמבר 2023, א״א כי ברצועת עזה ""אין בלתי מעורבים, ולא היינו מכניסים סיוע הומניטרי לנאצים.",אמר אליהו,א״א.15,אמר אליהו,weak,28,אי אפשר | אדר א' | אברהם אבינו | אמן אמן | אין אדם | אשת איש | אין אומרים | אדרת אליהו | אחרים אומרים | אחד אמר | אלכוהוליסטים אנונימיים | איסור אכילה | ארך אפים | אל אדון | אדוני אבי | איכות ואמינות | אגב אורחא | אתה אחד | אלף אלפים | אור אחרון | אין אומרין | אמר אליהו | אדיר אדירנו | אחד אלהינו | אי אמרת | אֶגֶד ארטילרי | אוקיי ואוקיי | אחזקה אוירית,substituted,yes,2,wikipedia,עמיחי אליהו
ha-00225,א״א,"ב-24 ביולי 2025, בריאיון לרדיו קול ברמה, א״א כי ""הממשלה דוהרת לזה שעזה נמחקת, תודה להשם שאנחנו מוחקים את הרוע הזה"", וכן ""כל עזה תהיה יהודית"".",אמר אליהו,א״א.15,אמר אליהו,weak,28,אי אפשר | אדר א' | אברהם אבינו | אמן אמן | אין אדם | אשת איש | אין אומרים | אדרת אליהו | אחרים אומרים | אחד אמר | אלכוהוליסטים אנונימיים | איסור אכילה | ארך אפים | אל אדון | אדוני אבי | איכות ואמינות | אגב אורחא | אתה אחד | אלף אלפים | אור אחרון | אין אומרין | אמר אליהו | אדיר אדירנו | אחד אלהינו | אי אמרת | אֶגֶד ארטילרי | אוקיי ואוקיי | אחזקה אוירית,substituted,yes,2,wikipedia,עמיחי אליהו
ha-00226,א״א,"""א״א"" – פירושו אורך רוח, סבלני, 'נושם עמוק' (כמו שנהוג לומר בימינו), שאינו 'מתרגז' ומעניש מיד, אלא ממתין ומחכה לחוטא שיחזור בו ויתקן את דרכו.",ארך אפים,א״א.16,ארך אפים,weak,28,אי אפשר | אדר א' | אברהם אבינו | אמן אמן | אין אדם | אשת איש | אין אומרים | אדרת אליהו | אחרים אומרים | אחד אמר | אלכוהוליסטים אנונימיים | איסור אכילה | ארך אפים | אל אדון | אדוני אבי | איכות ואמינות | אגב אורחא | אתה אחד | אלף אלפים | אור אחרון | אין אומרין | אמר אליהו | אדיר אדירנו | אחד אלהינו | אי אמרת | אֶגֶד ארטילרי | אוקיי ואוקיי | אחזקה אוירית,substituted,yes,2,wikipedia,"י""ג מידות"
ha-00227,א״א,"מובן שאין זו אלא בדיחה, כיון שתפילת אל א״א נאמרת בפתיחת היכל בחול, בעוד שאב הרחמים נאמרת בשבת.",ארך אפים,א״א.16,ארך אפים,weak,28,אי אפשר | אדר א' | אברהם אבינו | אמן אמן | אין אדם | אשת איש | אין אומרים | אדרת אליהו | אחרים אומרים | אחד אמר | אלכוהוליסטים אנונימיים | איסור אכילה | ארך אפים | אל אדון | אדוני אבי | איכות ואמינות | אגב אורחא | אתה אחד | אלף אלפים | אור אחרון | אין אומרין | אמר אליהו | אדיר אדירנו | אחד אלהינו | אי אמרת | אֶגֶד ארטילרי | אוקיי ואוקיי | אחזקה אוירית,substituted,yes,2,wikipedia,א
ha-00228,א״א,"יש קהילות בארץ ישראל שהנהיגו בהשפעת מנהג הספרדים לומר תחלה וידוי, תפילת אל א״א ושלוש עשרה מידות הרחמים לפני שמתחילים והוא רחום.",ארך אפים,א״א.16,ארך אפים,weak,28,אי אפשר | אדר א' | אברהם אבינו | אמן אמן | אין אדם | אשת איש | אין אומרים | אדרת אליהו | אחרים אומרים | אחד אמר | אלכוהוליסטים אנונימיים | איסור אכילה | ארך אפים | אל אדון | אדוני אבי | איכות ואמינות | אגב אורחא | אתה אחד | אלף אלפים | אור אחרון | אין אומרין | אמר אליהו | אדיר אדירנו | אחד אלהינו | אי אמרת | אֶגֶד ארטילרי | אוקיי ואוקיי | אחזקה אוירית,substituted,yes,2,wikipedia,תחנון
ha-00229,א״א,"החריגים הם א״א שנתגרשה, שמותרת להינשא לאחר, אחות אשה, שמותרת אם אחותה נפטרה, ואשת אח שנפטר ערירי בלא ילדים, החייבת בייבום (או בחליצה המתירה אותה לשאר העולם) במקרים מסוימים.",אשת איש,א״א.17,אשת איש,weak,28,אי אפשר | אדר א' | אברהם אבינו | אמן אמן | אין אדם | אשת איש | אין אומרים | אדרת אליהו | אחרים אומרים | אחד אמר | אלכוהוליסטים אנונימיים | איסור אכילה | ארך אפים | אל אדון | אדוני אבי | איכות ואמינות | אגב אורחא | אתה אחד | אלף אלפים | אור אחרון | אין אומרין | אמר אליהו | אדיר אדירנו | אחד אלהינו | אי אמרת | אֶגֶד ארטילרי | אוקיי ואוקיי | אחזקה אוירית,substituted,yes,2,wikipedia,איסור עריות
ha-00230,א״א,"אמנם כמות האיסורים מצומצמת לשישה והם אם, אשת האב, אחותו מאמו, א״א, משכב זכר, ובהמה, וגם הגדרת א״א אצל גוי שונה מהגדרתה אצל עם ישראל.",אשת איש,א״א.17,אשת איש,weak,28,אי אפשר | אדר א' | אברהם אבינו | אמן אמן | אין אדם | אשת איש | אין אומרים | אדרת אליהו | אחרים אומרים | אחד אמר | אלכוהוליסטים אנונימיים | איסור אכילה | ארך אפים | אל אדון | אדוני אבי | איכות ואמינות | אגב אורחא | אתה אחד | אלף אלפים | אור אחרון | אין אומרין | אמר אליהו | אדיר אדירנו | אחד אלהינו | אי אמרת | אֶגֶד ארטילרי | אוקיי ואוקיי | אחזקה אוירית,substituted,yes,2,wikipedia,איסור עריות
ha-00231,א״א,"לעומתם, האבן עזרא והחזקוני, סבורים כי בגדר ניאוף נכללים כל יחסי המין האסורים, וספורנו שסובר כמותם, מסביר כי הביטוי משמש בעיקר לעברת ניאוף עם א״א.",אשת איש,א״א.17,אשת איש,weak,28,אי אפשר | אדר א' | אברהם אבינו | אמן אמן | אין אדם | אשת איש | אין אומרים | אדרת אליהו | אחרים אומרים | אחד אמר | אלכוהוליסטים אנונימיים | איסור אכילה | ארך אפים | אל אדון | אדוני אבי | איכות ואמינות | אגב אורחא | אתה אחד | אלף אלפים | אור אחרון | אין אומרין | אמר אליהו | אדיר אדירנו | אחד אלהינו | אי אמרת | אֶגֶד ארטילרי | אוקיי ואוקיי | אחזקה אוירית,substituted,yes,2,wikipedia,לא תנאף
ha-00232,א״א,"במנחה: פותחת הברכה במילים: 'א״א ושמך אחד', ועוסקת בשבת של לעתיד לבוא.",אתה אחד,א״א.18,אתה אחד,weak,28,אי אפשר | אדר א' | אברהם אבינו | אמן אמן | אין אדם | אשת איש | אין אומרים | אדרת אליהו | אחרים אומרים | אחד אמר | אלכוהוליסטים אנונימיים | איסור אכילה | ארך אפים | אל אדון | אדוני אבי | איכות ואמינות | אגב אורחא | אתה אחד | אלף אלפים | אור אחרון | אין אומרין | אמר אליהו | אדיר אדירנו | אחד אלהינו | אי אמרת | אֶגֶד ארטילרי | אוקיי ואוקיי | אחזקה אוירית,substituted,yes,2,wikipedia,תפילת שבע
ha-00233,א״א,"בתקופה הראשונים, היה נוסח חילופי ""הנח לנו אבינו"" שהיה נהוג בקצת קהלות; בקהילות יהודי תימן בלדי אומרים נוסח זה אחרי ""א״א"".",אתה אחד,א״א.18,אתה אחד,weak,28,אי אפשר | אדר א' | אברהם אבינו | אמן אמן | אין אדם | אשת איש | אין אומרים | אדרת אליהו | אחרים אומרים | אחד אמר | אלכוהוליסטים אנונימיים | איסור אכילה | ארך אפים | אל אדון | אדוני אבי | איכות ואמינות | אגב אורחא | אתה אחד | אלף אלפים | אור אחרון | אין אומרין | אמר אליהו | אדיר אדירנו | אחד אלהינו | אי אמרת | אֶגֶד ארטילרי | אוקיי ואוקיי | אחזקה אוירית,substituted,yes,2,wikipedia,תפילת שבע
ha-00234,א״א,"שלוש תוספות סמליות קיימות בנוסח התפילות לשבת: בערבית של ליל שבת אומרים ""אתה קדשת"", בשחרית של שבת ""ישמח משה"" ובמנחה של שבת ""א״א"".",אתה אחד,א״א.18,אתה אחד,weak,28,אי אפשר | אדר א' | אברהם אבינו | אמן אמן | אין אדם | אשת איש | אין אומרים | אדרת אליהו | אחרים אומרים | אחד אמר | אלכוהוליסטים אנונימיים | איסור אכילה | ארך אפים | אל אדון | אדוני אבי | איכות ואמינות | אגב אורחא | אתה אחד | אלף אלפים | אור אחרון | אין אומרין | אמר אליהו | אדיר אדירנו | אחד אלהינו | אי אמרת | אֶגֶד ארטילרי | אוקיי ואוקיי | אחזקה אוירית,substituted,yes,2,wikipedia,שבת
ha-00235,א״ב,היום הם משמשים א״ב ליכולת החישוב בבדיקת ראשוניותם של ראשוניים גדולים.,אבן בוחן,א״ב.01,אבן בוחן,weak,17,ארצות הברית | אדר ב' | ארוחת בוקר | אלף-בית | אין ביכולתו | אתה בחרתנו | אבן בוחן | אמרי בינה | אנשי ביתו | איסור בישול | איסור בנייה | אמת בניין | איתור בית | אישור בחירות | איכא ביניהו (יש ביניהם | אין בו; אין בה | אין ברֵרה,substituted,yes,2,wikipedia,מספר משוכלל
ha-00236,א״ב,"וילות בסגנון רומי הוקמו לרוב ברחבי האימפריה הרומית בתקופת רומא העתיקה, והן מהוות עדות מובהקת לתהליך הלניזציה; לפיכך, נוכחותן או העדרן עשויה לשמש א״ב חשובה למצב החברה הכפרית.",אבן בוחן,א״ב.01,אבן בוחן,weak,17,ארצות הברית | אדר ב' | ארוחת בוקר | אלף-בית | אין ביכולתו | אתה בחרתנו | אבן בוחן | אמרי בינה | אנשי ביתו | איסור בישול | איסור בנייה | אמת בניין | איתור בית | אישור בחירות | איכא ביניהו (יש ביניהם | אין בו; אין בה | אין ברֵרה,substituted,yes,2,wikipedia,וילה כפרית רומית
ha-00237,א״ב,הסכסוך סביב האי היה א״ב לקביעת ריבונות לאורך המעבר הצפון-מערבי והאוקיינוס הארקטי.,אבן בוחן,א״ב.01,אבן בוחן,weak,17,ארצות הברית | אדר ב' | ארוחת בוקר | אלף-בית | אין ביכולתו | אתה בחרתנו | אבן בוחן | אמרי בינה | אנשי ביתו | איסור בישול | איסור בנייה | אמת בניין | איתור בית | אישור בחירות | איכא ביניהו (יש ביניהם | אין בו; אין בה | אין ברֵרה,substituted,yes,2,wikipedia,האי הנס
ha-00238,א״ב,"לשחקן לא ניתן מספר באותה העת (שכן יכול להחליף שחקן המשחק בעמדה לא מוכרת לו) והוא נקרא ""פינץ' היטר"", ובדרך כלל מוחלף במצב מגרש על ידי שחקן אחר (בבייסבול, כאשר הוצא שחקן מהמשחק א״ב לחזור אליו).",אין ביכולתו,א״ב.02,אין ביכולתו,weak,17,ארצות הברית | אדר ב' | ארוחת בוקר | אלף-בית | אין ביכולתו | אתה בחרתנו | אבן בוחן | אמרי בינה | אנשי ביתו | איסור בישול | איסור בנייה | אמת בניין | איתור בית | אישור בחירות | איכא ביניהו (יש ביניהם | אין בו; אין בה | אין ברֵרה,substituted,yes,2,wikipedia,עמדות בייסבול
ha-00239,א״ב,"כאשר ארנב (שרמת הקריאה והכתיבה שלו סבירה), מגיע לדון עם ינשוף על פתק שהשאיר להם כריסטופר רובין, א״ב של ינשוף לקרוא את הפתק.",אין ביכולתו,א״ב.02,אין ביכולתו,weak,17,ארצות הברית | אדר ב' | ארוחת בוקר | אלף-בית | אין ביכולתו | אתה בחרתנו | אבן בוחן | אמרי בינה | אנשי ביתו | איסור בישול | איסור בנייה | אמת בניין | איתור בית | אישור בחירות | איכא ביניהו (יש ביניהם | אין בו; אין בה | אין ברֵרה,substituted,yes,2,wikipedia,ינשוף (פו הדב)
ha-00240,א״ב,"המוטיב החוזר הוא שלא משנה כמה ינסה הגיבור לשנות את מעשיו והתנהגותו, א״ב לשנות את גורלו שכבר נחתם ונקבע.",אין ביכולתו,א״ב.02,אין ביכולתו,weak,17,ארצות הברית | אדר ב' | ארוחת בוקר | אלף-בית | אין ביכולתו | אתה בחרתנו | אבן בוחן | אמרי בינה | אנשי ביתו | איסור בישול | איסור בנייה | אמת בניין | איתור בית | אישור בחירות | איכא ביניהו (יש ביניהם | אין בו; אין בה | אין ברֵרה,substituted,yes,2,wikipedia,פטליזם
ha-00241,א״ב,כמו כן כולל א״ב גם הגסה בסיר באופנים שונים (ראו להלן מגיס).,איסור בישול,א״ב.03,איסור בישול,weak,17,ארצות הברית | אדר ב' | ארוחת בוקר | אלף-בית | אין ביכולתו | אתה בחרתנו | אבן בוחן | אמרי בינה | אנשי ביתו | איסור בישול | איסור בנייה | אמת בניין | איתור בית | אישור בחירות | איכא ביניהו (יש ביניהם | אין בו; אין בה | אין ברֵרה,substituted,yes,2,wikipedia,מלאכת מבשל
ha-00242,א״ב,"מחמת א״ב בכלי ראשון, אסור להכניס מאכל חי כגון תבלינים, למעט מלח, לתוך 'כלי ראשון'.",איסור בישול,א״ב.03,איסור בישול,weak,17,ארצות הברית | אדר ב' | ארוחת בוקר | אלף-בית | אין ביכולתו | אתה בחרתנו | אבן בוחן | אמרי בינה | אנשי ביתו | איסור בישול | איסור בנייה | אמת בניין | איתור בית | אישור בחירות | איכא ביניהו (יש ביניהם | אין בו; אין בה | אין ברֵרה,substituted,yes,2,wikipedia,מלאכת מבשל
ha-00243,א״ב,"א״ב בכלי ראשון נאמר לעניין נתינת מאכל חי בתוך מאכל מבושל חם, אך לעניין נתינת מאכל מבושל קר בתוך מאכל מבושל חם, נאמר הכלל 'אין בישול אחר בישול'.",איסור בישול,א״ב.03,איסור בישול,weak,17,ארצות הברית | אדר ב' | ארוחת בוקר | אלף-בית | אין ביכולתו | אתה בחרתנו | אבן בוחן | אמרי בינה | אנשי ביתו | איסור בישול | איסור בנייה | אמת בניין | איתור בית | אישור בחירות | איכא ביניהו (יש ביניהם | אין בו; אין בה | אין ברֵרה,substituted,yes,2,wikipedia,מלאכת מבשל
ha-00244,א״ב,"בתקופה הממלוכית הוגבל חופש הפולחן הנוצרי והיהודי באופן כללי, וזאת על ידי א״ב ושיפוץ של מבני תפילה קיימים (""חוקי עומר"").",איסור בנייה,א״ב.04,איסור בנייה,weak,17,ארצות הברית | אדר ב' | ארוחת בוקר | אלף-בית | אין ביכולתו | אתה בחרתנו | אבן בוחן | אמרי בינה | אנשי ביתו | איסור בישול | איסור בנייה | אמת בניין | איתור בית | אישור בחירות | איכא ביניהו (יש ביניהם | אין בו; אין בה | אין ברֵרה,substituted,yes,2,wikipedia,כנסיית הקבר
ha-00245,א״ב,"הן דרשו א״ב והרחבה של מלונות, אכיפת איסור על עירום ויצירת ביטחון במרחב ללא ניצול מיני.",איסור בנייה,א״ב.04,איסור בנייה,weak,17,ארצות הברית | אדר ב' | ארוחת בוקר | אלף-בית | אין ביכולתו | אתה בחרתנו | אבן בוחן | אמרי בינה | אנשי ביתו | איסור בישול | איסור בנייה | אמת בניין | איתור בית | אישור בחירות | איכא ביניהו (יש ביניהם | אין בו; אין בה | אין ברֵרה,substituted,yes,2,wikipedia,תיירות מין
ha-00246,א״ב,"במצע הבחירות הופיעו סעיפים כגון דה-קרימינליזציה של שימוש בסמים, הפיכת הרחובות למדרחובים מדושאים, א״ב מעבר לגובה המסתיר את נוף ההרים ושינוי שם העיירה אספן ל-""Fat City"".",איסור בנייה,א״ב.04,איסור בנייה,weak,17,ארצות הברית | אדר ב' | ארוחת בוקר | אלף-בית | אין ביכולתו | אתה בחרתנו | אבן בוחן | אמרי בינה | אנשי ביתו | איסור בישול | איסור בנייה | אמת בניין | איתור בית | אישור בחירות | איכא ביניהו (יש ביניהם | אין בו; אין בה | אין ברֵרה,substituted,yes,2,wikipedia,האנטר ס. תומפסון
ha-00247,א״ב,"וכבר בקש מהאל יתברך שלמה בתפילתו שתקובל תפילת המקום ההוא"" .יוסף רופא במאמרו מקום מקדשנו - א״ב-המקדש בדרומה של רחבת הר-הבית סבור כי ""כמטחווי-קשת"" הוא מרחק שבין 150 מטר ל-200 מטר.",איתור בית,א״ב.08,איתור בית,weak,17,ארצות הברית | אדר ב' | ארוחת בוקר | אלף-בית | אין ביכולתו | אתה בחרתנו | אבן בוחן | אמרי בינה | אנשי ביתו | איסור בישול | איסור בנייה | אמת בניין | איתור בית | אישור בחירות | איכא ביניהו (יש ביניהם | אין בו; אין בה | אין ברֵרה,substituted,yes,2,wikipedia,זיהוי מקום המקדש
ha-00248,א״ב,לבקשת מנהיג השודדים התנדב שודד אמיץ עוד יותר לביצוע משימת א״ב האדם שביתרו.,איתור בית,א״ב.08,איתור בית,weak,17,ארצות הברית | אדר ב' | ארוחת בוקר | אלף-בית | אין ביכולתו | אתה בחרתנו | אבן בוחן | אמרי בינה | אנשי ביתו | איסור בישול | איסור בנייה | אמת בניין | איתור בית | אישור בחירות | איכא ביניהו (יש ביניהם | אין בו; אין בה | אין ברֵרה,substituted,yes,2,wikipedia,עלי באבא וארבעים השודדים
ha-00249,א״ב,"את הפזמון ביצעו יזהר כהן ולהקת א״ב, שייצגו בתחרות את ישראל.",אלף-בית,א״ב.09,אלף-בית,weak,17,ארצות הברית | אדר ב' | ארוחת בוקר | אלף-בית | אין ביכולתו | אתה בחרתנו | אבן בוחן | אמרי בינה | אנשי ביתו | איסור בישול | איסור בנייה | אמת בניין | איתור בית | אישור בחירות | איכא ביניהו (יש ביניהם | אין בו; אין בה | אין ברֵרה,substituted,yes,2,wikipedia,אבניבי
ha-00250,א״ב,"חברי להקת הליווי ""א״ב"" (מחוץ לישראל הוצגה כ""אלפא-ביתא"") היו נחמה שוטן, אתי צוברי, ראובן ארז, איציק עוקב וליסה גולד.",אלף-בית,א״ב.09,אלף-בית,weak,17,ארצות הברית | אדר ב' | ארוחת בוקר | אלף-בית | אין ביכולתו | אתה בחרתנו | אבן בוחן | אמרי בינה | אנשי ביתו | איסור בישול | איסור בנייה | אמת בניין | איתור בית | אישור בחירות | איכא ביניהו (יש ביניהם | אין בו; אין בה | אין ברֵרה,substituted,yes,2,wikipedia,אבניבי
ha-00251,א״ב,על שמו נקרא רחוב א״ב בשכונת קריית צאנז בירושלים.,אמרי בינה,א״ב.10,אמרי בינה,weak,17,ארצות הברית | אדר ב' | ארוחת בוקר | אלף-בית | אין ביכולתו | אתה בחרתנו | אבן בוחן | אמרי בינה | אנשי ביתו | איסור בישול | איסור בנייה | אמת בניין | איתור בית | אישור בחירות | איכא ביניהו (יש ביניהם | אין בו; אין בה | אין ברֵרה,substituted,yes,2,wikipedia,מאיר אוירבך
ha-00252,א״ב,"המשפיע, רבי שילם קורטין, שכנע את התלמידים המבוגרים בישיבה ללמוד א״ב, דבר שעשו שתים עשרה שעות ביום.",אמרי בינה,א״ב.10,אמרי בינה,weak,17,ארצות הברית | אדר ב' | ארוחת בוקר | אלף-בית | אין ביכולתו | אתה בחרתנו | אבן בוחן | אמרי בינה | אנשי ביתו | איסור בישול | איסור בנייה | אמת בניין | איתור בית | אישור בחירות | איכא ביניהו (יש ביניהם | אין בו; אין בה | אין ברֵרה,substituted,yes,2,wikipedia,"אמרי בינה (חב""ד)"
ha-00253,א״ב,"יעקב פיכמן, א״ב: סופרי אודיסה, ירושלים: מוסד ביאליק, 1951.",אמת בניין,א״ב.11,אמת בניין,weak,17,ארצות הברית | אדר ב' | ארוחת בוקר | אלף-בית | אין ביכולתו | אתה בחרתנו | אבן בוחן | אמרי בינה | אנשי ביתו | איסור בישול | איסור בנייה | אמת בניין | איתור בית | אישור בחירות | איכא ביניהו (יש ביניהם | אין בו; אין בה | אין ברֵרה,substituted,yes,2,wikipedia,ביקורת ספרות
ha-00254,א״ב,"א״ב: סופרי אודיסה, ירושלים: מוסד ביאליק, 1951.",אמת בניין,א״ב.11,אמת בניין,weak,17,ארצות הברית | אדר ב' | ארוחת בוקר | אלף-בית | אין ביכולתו | אתה בחרתנו | אבן בוחן | אמרי בינה | אנשי ביתו | איסור בישול | איסור בנייה | אמת בניין | איתור בית | אישור בחירות | איכא ביניהו (יש ביניהם | אין בו; אין בה | אין ברֵרה,substituted,yes,2,wikipedia,יעקב פיכמן
ha-00255,א״ב,"מי שלא יכול להדליק באופן זה, מדליק בפני א״ב.",אנשי ביתו,א״ב.12,אנשי ביתו,weak,17,ארצות הברית | אדר ב' | ארוחת בוקר | אלף-בית | אין ביכולתו | אתה בחרתנו | אבן בוחן | אמרי בינה | אנשי ביתו | איסור בישול | איסור בנייה | אמת בניין | איתור בית | אישור בחירות | איכא ביניהו (יש ביניהם | אין בו; אין בה | אין ברֵרה,substituted,yes,2,wikipedia,הדלקת נרות חנוכה
ha-00256,א״ב,חלק מהמחקרים מורים כי אחוז השומן מכלל הקלוריות נמוך יותר אצל אוכלי א״ב.,ארוחת בוקר,א״ב.05,ארוחת בוקר,weak,17,ארצות הברית | אדר ב' | ארוחת בוקר | אלף-בית | אין ביכולתו | אתה בחרתנו | אבן בוחן | אמרי בינה | אנשי ביתו | איסור בישול | איסור בנייה | אמת בניין | איתור בית | אישור בחירות | איכא ביניהו (יש ביניהם | אין בו; אין בה | אין ברֵרה,substituted,yes,2,wikipedia,ארוחת בוקר
ha-00257,א״ב,"מי שארוחת הבוקר שלו מספקת 25% מהאנרגיה ביום, צורך יותר פחמימות ופחות שומנים מאוכלי א״ב דלה באנרגיה (עד 15% מהצריכה הקלורית היומית).",ארוחת בוקר,א״ב.05,ארוחת בוקר,weak,17,ארצות הברית | אדר ב' | ארוחת בוקר | אלף-בית | אין ביכולתו | אתה בחרתנו | אבן בוחן | אמרי בינה | אנשי ביתו | איסור בישול | איסור בנייה | אמת בניין | איתור בית | אישור בחירות | איכא ביניהו (יש ביניהם | אין בו; אין בה | אין ברֵרה,substituted,yes,2,wikipedia,ארוחת בוקר
ha-00258,א״ב,ריכוז הכולסטרול בדם גבוה יותר אצל ילדים ומבוגרים שאינם מקפידים על א״ב.,ארוחת בוקר,א״ב.05,ארוחת בוקר,weak,17,ארצות הברית | אדר ב' | ארוחת בוקר | אלף-בית | אין ביכולתו | אתה בחרתנו | אבן בוחן | אמרי בינה | אנשי ביתו | איסור בישול | איסור בנייה | אמת בניין | איתור בית | אישור בחירות | איכא ביניהו (יש ביניהם | אין בו; אין בה | אין ברֵרה,substituted,yes,2,wikipedia,ארוחת בוקר
ha-00259,א״ב,מאז התפרקות ברית המועצות בשנת 1991 נחשבת א״ב מעצמת-העל היחידה בעולם.,ארצות הברית,א״ב.06,ארצות הברית,weak,17,ארצות הברית | אדר ב' | ארוחת בוקר | אלף-בית | אין ביכולתו | אתה בחרתנו | אבן בוחן | אמרי בינה | אנשי ביתו | איסור בישול | איסור בנייה | אמת בניין | איתור בית | אישור בחירות | איכא ביניהו (יש ביניהם | אין בו; אין בה | אין ברֵרה,substituted,yes,2,wikipedia,ארצות הברית
ha-00260,א״ב,א״ב היא באופן רשמי מדינה בעלת נשק גרעיני וחברת ה־G7.,ארצות הברית,א״ב.06,ארצות הברית,weak,17,ארצות הברית | אדר ב' | ארוחת בוקר | אלף-בית | אין ביכולתו | אתה בחרתנו | אבן בוחן | אמרי בינה | אנשי ביתו | איסור בישול | איסור בנייה | אמת בניין | איתור בית | אישור בחירות | איכא ביניהו (יש ביניהם | אין בו; אין בה | אין ברֵרה,substituted,yes,2,wikipedia,ארצות הברית
ha-00261,א״ב,"א״ב היא אחת מהמדינות המגוונות ביותר מבחינה אתנית, כתוצאה מהגירה רחבת־היקף מחלקים רבים של העולם.",ארצות הברית,א״ב.06,ארצות הברית,weak,17,ארצות הברית | אדר ב' | ארוחת בוקר | אלף-בית | אין ביכולתו | אתה בחרתנו | אבן בוחן | אמרי בינה | אנשי ביתו | איסור בישול | איסור בנייה | אמת בניין | איתור בית | אישור בחירות | איכא ביניהו (יש ביניהם | אין בו; אין בה | אין ברֵרה,substituted,yes,2,wikipedia,ארצות הברית
ha-00262,א״ב,"א״ב מכל העמים הן המילים הפותחות את ברכת קדושת היום בתפילת שבע לשלוש רגלים, ראש השנה ויום הכיפורים.",אתה בחרתנו,א״ב.07,אתה בחרתנו,weak,17,ארצות הברית | אדר ב' | ארוחת בוקר | אלף-בית | אין ביכולתו | אתה בחרתנו | אבן בוחן | אמרי בינה | אנשי ביתו | איסור בישול | איסור בנייה | אמת בניין | איתור בית | אישור בחירות | איכא ביניהו (יש ביניהם | אין בו; אין בה | אין ברֵרה,substituted,yes,2,wikipedia,אתה בחרתנו מכל העמים
ha-00263,א״ב,"מילים אלו, וגם הצירוף הקצר ""א״ב"", משמשים לעיתים ככינוי לקטע התפילה שהן פותחות, אך במאות האחרונות הן משמשות בשיח הציבורי בעיקר כמבטאות את רעיון בחירת עם ישראל.",אתה בחרתנו,א״ב.07,אתה בחרתנו,weak,17,ארצות הברית | אדר ב' | ארוחת בוקר | אלף-בית | אין ביכולתו | אתה בחרתנו | אבן בוחן | אמרי בינה | אנשי ביתו | איסור בישול | איסור בנייה | אמת בניין | איתור בית | אישור בחירות | איכא ביניהו (יש ביניהם | אין בו; אין בה | אין ברֵרה,substituted,yes,2,wikipedia,אתה בחרתנו מכל העמים
ha-00264,א״ב,"בין השאר, משמש הביטוי ""א״ב"" כמייצג את רעיון בחירת עם ישראל בפי אלו השואלים על בחירה זאת, ואת אלו המתריסים כנגדה.",אתה בחרתנו,א״ב.07,אתה בחרתנו,weak,17,ארצות הברית | אדר ב' | ארוחת בוקר | אלף-בית | אין ביכולתו | אתה בחרתנו | אבן בוחן | אמרי בינה | אנשי ביתו | איסור בישול | איסור בנייה | אמת בניין | איתור בית | אישור בחירות | איכא ביניהו (יש ביניהם | אין בו; אין בה | אין ברֵרה,substituted,yes,2,wikipedia,אתה בחרתנו מכל העמים
ha-00265,א״ג,"א״ג היא אבן המוצבת בגבול בין שתי מדינות או טריטוריות, שנועדה להוות סמן פיזי למיקום הגבול ביניהן.",אבן גבול,א״ג.01,אבן גבול,weak,3,אימון גופני | אבן גבול | איכות גבולית,substituted,yes,3,wikipedia,אבן גבול
ha-00266,א״ג,לאחר התצפית אנדרטה לזכרו של הטייס מוטי שרון שנהרג בתאונת מסוק ב-1988 בעת הצבת א״ג מספר 51.,אבן גבול,א״ג.01,אבן גבול,weak,3,אימון גופני | אבן גבול | איכות גבולית,substituted,yes,3,wikipedia,דרך נוף כרמל
ha-00267,א״ג,"בשנת 2020 נתגלתה בחפירה ארכאולוגית שם א״ג כבת 1,700 שנה שעליה נכתב ""כפר נפח"" באותיות יווניות.",אבן גבול,א״ג.01,אבן גבול,weak,3,אימון גופני | אבן גבול | איכות גבולית,substituted,yes,3,wikipedia,כפר נפח
ha-00268,א״ג,"כיום משודרות בשעות הבוקר תוכניות טלוויזיה של א״ג בערוצי נישה של ספורט, סגנון חיים וילדים.",אימון גופני,א״ג.02,אימון גופני,weak,3,אימון גופני | אבן גבול | איכות גבולית,substituted,yes,3,wikipedia,בוקר
ha-00269,א״ג,א״ג כולל במקרים רבים מאמץ מכוון של שרירים ובהפעלה חוזרת ונשנית שלו.,אימון גופני,א״ג.02,אימון גופני,weak,3,אימון גופני | אבן גבול | איכות גבולית,substituted,yes,3,wikipedia,אימון
ha-00270,א״ג,"על החוק התווספו חוזרים רבים שהופצו בנפרד ומגדירים ביתר דיוק מהו ""חדר כושר"" (כך למשל נוספו מתקני א״ג בפארקים ציבוריים), מיהו ""מדריך מוסמך"", איזו הסמכה נדרשת, תאריך הוצאת הבדיקה הרפואית ועוד.",אימון גופני,א״ג.02,אימון גופני,weak,3,אימון גופני | אבן גבול | איכות גבולית,substituted,yes,3,wikipedia,חדר כושר
ha-00271,א״ד,בפתח הגיליון הראשון הוצג ייחודו של כתב העת: 'הספרות' א״ד לשום כתב עת הקיים בעברית.,אינו דומה,א״ד.01,אינו דומה,weak,7,אינו דומה | אינו דין | אליבא דאמת | אשראי דוקומנטרי | איכא דאמרי (יש אומרים) | אליבא דידי (דידיה) | אנית-דיג,substituted,yes,3,wikipedia,הספרות
ha-00272,א״ד,"בעוד ש־C-3PO בעל צורת האדם יכול להיחשב לאנדרואיד, הרי שבוודאי ש־R2-D2 הגוץ א״ד לאדם כלל.",אינו דומה,א״ד.01,אינו דומה,weak,7,אינו דומה | אינו דין | אליבא דאמת | אשראי דוקומנטרי | איכא דאמרי (יש אומרים) | אליבא דידי (דידיה) | אנית-דיג,substituted,yes,3,wikipedia,אנדרואיד (יצור מלאכותי)
ha-00273,א״ד,אפקט זה א״ד להתקרבות או התרחקות מהעצם המצולם משום שבשימוש בזום משתנה הפרספקטיבה.,אינו דומה,א״ד.01,אינו דומה,weak,7,אינו דומה | אינו דין | אליבא דאמת | אשראי דוקומנטרי | איכא דאמרי (יש אומרים) | אליבא דידי (דידיה) | אנית-דיג,substituted,yes,3,wikipedia,צילום
ha-00274,א״ד,"מקום שמיפר נדרי אשתו משתדור, א״ד שיפר נדרי אשתו עד שלא תידור?""- כלומר, שניתן להפר.",אינו דין,א״ד.02,אינו דין,weak,7,אינו דומה | אינו דין | אליבא דאמת | אשראי דוקומנטרי | איכא דאמרי (יש אומרים) | אליבא דידי (דידיה) | אנית-דיג,substituted,yes,3,wikipedia,הפרת נדרים
ha-00275,א״ד,"על כך יש קל וחומר: ומה מחוסר כפורים, - שמותר בתרומה פסול בקודש, שלישי לטומאה, שפסול בתרומה א״ד שיעשה רביעי בקודש?!",אינו דין,א״ד.02,אינו דין,weak,7,אינו דומה | אינו דין | אליבא דאמת | אשראי דוקומנטרי | איכא דאמרי (יש אומרים) | אליבא דידי (דידיה) | אנית-דיג,substituted,yes,3,wikipedia,שלישי ורביעי לטומאה
ha-00276,א״ד,"את פסקו נימק ""ומה אם הרשות שאינו מושבע עליה מהר סיני הרי הוא חייב עליה מצווה שמושבע עליה מהר סיני א״ד שיהא חייב עליה?"".",אינו דין,א״ד.02,אינו דין,weak,7,אינו דומה | אינו דין | אליבא דאמת | אשראי דוקומנטרי | איכא דאמרי (יש אומרים) | אליבא דידי (דידיה) | אנית-דיג,substituted,yes,3,wikipedia,רבי יהודה בן בתירא
ha-00277,א״ד,"א״ד ישנה עדות מפורשת של חכם בשם הרב עטייה, שבדק את המקום בכתר עצמו, ומצא את שתי הפרשות פתוחות.",אליבא דאמת,א״ד.04,אליבא דאמת,weak,7,אינו דומה | אינו דין | אליבא דאמת | אשראי דוקומנטרי | איכא דאמרי (יש אומרים) | אליבא דידי (דידיה) | אנית-דיג,substituted,yes,3,wikipedia,כתר ארם צובא
ha-00278,א״ד,"מכתב אשראי, ידוע גם בשמות א״ד או LC, הוא מסמך המונפק על ידי אדם או גוף מסחרי כהתחייבות בלתי חוזרת לשלם לצד שכנגד את ערך הסחורה.",אשראי דוקומנטרי,א״ד.03,אשראי דוקומנטרי,weak,7,אינו דומה | אינו דין | אליבא דאמת | אשראי דוקומנטרי | איכא דאמרי (יש אומרים) | אליבא דידי (דידיה) | אנית-דיג,substituted,yes,3,wikipedia,מכתב אשראי
ha-00279,א״ד,בהעמדת א״ד לעסקת הסחר הבינלאומי דורש הבנק את קיומו של ביטוח ימי לעסקה.,אשראי דוקומנטרי,א״ד.03,אשראי דוקומנטרי,weak,7,אינו דומה | אינו דין | אליבא דאמת | אשראי דוקומנטרי | איכא דאמרי (יש אומרים) | אליבא דידי (דידיה) | אנית-דיג,substituted,yes,3,wikipedia,ביטוח ימי ואווירי
ha-00280,א״ד,"כן דנה בתביעות רחבות היקף בסוגיות בנקאיות שעניינן במסחר במניות המעוף, שיטות חישוב ריבית, חיוב בגין א״ד, התניית שירות בשירות, ביטול אשראי והעמדת חובות לפירעון מיידי.",אשראי דוקומנטרי,א״ד.03,אשראי דוקומנטרי,weak,7,אינו דומה | אינו דין | אליבא דאמת | אשראי דוקומנטרי | איכא דאמרי (יש אומרים) | אליבא דידי (דידיה) | אנית-דיג,substituted,yes,3,wikipedia,צילה צפת
ha-00281,א״ה,כיום השם א״ה משמש להגדרת מכלול הדינים הנוגעים לדיני נישואים וגירושים.,אבן העזר,א״ה.01,אבן העזר,weak,4,אבן העזר | אוצר הברכות | אי הכי (אם כך) | אמר הכותב/המחבר/העורך,substituted,no,3,wikipedia,אבן העזר
ha-00282,א״ה,"פתחי תשובה – על יורה דעה, א״ה, וחושן משפט.",אבן העזר,א״ה.01,אבן העזר,weak,4,אבן העזר | אוצר הברכות | אי הכי (אם כך) | אמר הכותב/המחבר/העורך,substituted,no,3,wikipedia,שולחן ערוך
ha-00283,א״ה,בשולחן ערוך א״ה חסרים אפוא 53 סימנים מתוך 178.,אבן העזר,א״ה.01,אבן העזר,weak,4,אבן העזר | אוצר הברכות | אי הכי (אם כך) | אמר הכותב/המחבר/העורך,substituted,no,3,wikipedia,ערוך השולחן
ha-00284,א״ז,"נועם הכבוד – ""מבוא ופרוזדור"" (לשון הרב ויינשטוק) ל""אדרא רבא"", ""א״ז"", אדרא דמשכנא וספרא דצניעותא.",אדרא זוטא,א״ז.01,אדרא זוטא,weak,6,את זה | אין זה | אי־זוגי | אור זרוע | אדרא זוטא | אדוני זקני,substituted,yes,2,wikipedia,משה יאיר וינשטוק
ha-00285,א״ז,"א״ז השלם – ""א״ז"" כולל ביאור ""נתיבות יאיר"" ו""מסורת החכמה"".",אדרא זוטא,א״ז.01,אדרא זוטא,weak,6,את זה | אין זה | אי־זוגי | אור זרוע | אדרא זוטא | אדוני זקני,substituted,yes,2,wikipedia,משה יאיר וינשטוק
ha-00286,א״ז,"כמו כן הוציא לאור את ספר ""א״ז קדישא"" עם פירוש הסולם, וספר נוסף מכתב יד של בעל הסולם הנקרא ""פתח השער"".",אדרא זוטא,א״ז.01,אדרא זוטא,weak,6,את זה | אין זה | אי־זוגי | אור זרוע | אדרא זוטא | אדוני זקני,substituted,yes,2,wikipedia,יחזקאל יוסף הלוי אשלג
ha-00287,א״ז,ספר א״ז הוא ספר הלכתי שנכתב על ידי רבי יצחק בן משה מהעיר וינה שבאוסטריה.,אור זרוע,א״ז.02,אור זרוע,weak,6,את זה | אין זה | אי־זוגי | אור זרוע | אדרא זוטא | אדוני זקני,substituted,yes,2,wikipedia,אור זרוע
ha-00288,א״ז,"הספר ""א״ז"" היווה את הבסיס הראשי למחקרו הענף של פרופסור א.א.",אור זרוע,א״ז.02,אור זרוע,weak,6,את זה | אין זה | אי־זוגי | אור זרוע | אדרא זוטא | אדוני זקני,substituted,yes,2,wikipedia,אור זרוע
ha-00289,א״ז,"אברהם פרנקל העלה קושיות על ייחוס זה, והעלה את ההשערה שהפייטן הוא רבי יצחק בן משה מווינה, בעל א״ז.",אור זרוע,א״ז.02,אור זרוע,weak,6,את זה | אין זה | אי־זוגי | אור זרוע | אדרא זוטא | אדוני זקני,substituted,yes,2,wikipedia,יצחק מווינה
ha-00290,א״ז,"לדוגמה, 2 , 4 , − 18 , 0 {\displaystyle 2,4,-18,0} הם מספרים זוגיים, ואילו 7 אינו זוגי אלא א״ז.",אי־זוגי,א״ז.03,אי־זוגי,weak,6,את זה | אין זה | אי־זוגי | אור זרוע | אדרא זוטא | אדוני זקני,substituted,yes,2,wikipedia,זוגיות (מתמטיקה)
ha-00291,א״ז,"בהתאם לכך, מספר בינארי הוא זוגי אם ורק אם ספרת האחדות שלו היא 0, והוא א״ז אם ורק אם ספרת האחדות שלו היא 1.",אי־זוגי,א״ז.03,אי־זוגי,weak,6,את זה | אין זה | אי־זוגי | אור זרוע | אדרא זוטא | אדוני זקני,substituted,yes,2,wikipedia,זוגיות (מתמטיקה)
ha-00292,א״ז,"סיבית זוגיות או סיבית ביקורת זוגיות היא סיבית המשמשת כספרת ביקורת, שערכה מסמן האם מספר הסיביות באוסף נתון שערכן 1 הוא זוגי או א״ז.",אי־זוגי,א״ז.03,אי־זוגי,weak,6,את זה | אין זה | אי־זוגי | אור זרוע | אדרא זוטא | אדוני זקני,substituted,yes,2,wikipedia,סיבית זוגיות
ha-00293,א״ז,"בספרות הקלאסית הפרוטגוניסט היה מונע מרצון טוב, כאשר דמות שמסייעת לו אינה בהכרח פרוטגוניסט, אך כיום א״ז תמיד נכון.",אין זה,א״ז.04,אין זה,weak,6,את זה | אין זה | אי־זוגי | אור זרוע | אדרא זוטא | אדוני זקני,substituted,yes,2,wikipedia,פרוטגוניסט
ha-00294,א״ז,"א״ז נדיר לכלול סינגלים כרצועות בונוס בהוצאות חוזרות של אלבומי מוזיקה ישנים, כאשר רצועות אלו לא נכללו במקור.",אין זה,א״ז.04,אין זה,weak,6,את זה | אין זה | אי־זוגי | אור זרוע | אדרא זוטא | אדוני זקני,substituted,yes,2,wikipedia,רצועת בונוס
ha-00295,א״ז,"מעבידיו של ווקר נוזפים בו שעבודתו היא לפעול ולא לחשוב, וכי א״ז פלא שהוא נכשל בתפקידו כקפטן אמריקה.",אין זה,א״ז.04,אין זה,weak,6,את זה | אין זה | אי־זוגי | אור זרוע | אדרא זוטא | אדוני זקני,substituted,yes,2,wikipedia,סוכן ארצות הברית
ha-00296,א״ז,"מצד שני, ניתן לטעון כי לטכנולוגיה אין מעמד רעיוני כלשהו, ושלכן המונח ""ציוויליזציה"" אמור לעמוד כשלעצמו, שכן הוא כולל גם את הממד הרוחני-רעיוני וגם א״ז הטכני.",את זה,א״ז.05,את זה,weak,6,את זה | אין זה | אי־זוגי | אור זרוע | אדרא זוטא | אדוני זקני,substituted,yes,2,wikipedia,תרבות
ha-00297,א״ז,"האינטראקציה האלקטרומגנטית הפשוטה ביותר מנוסחת על ידי חוק קולון, לפיו שני גופים טעונים חשמלית ידחו זה א״ז אם סימני המטען שווים, וימשכו זה א״ז אם סימני המטען הפוכים.",את זה,א״ז.05,את זה,weak,6,את זה | אין זה | אי־זוגי | אור זרוע | אדרא זוטא | אדוני זקני,substituted,yes,2,wikipedia,מטען חשמלי
ha-00298,א״ז,"הוא בונה לעצמו השקפת עולם, מנסח שיטות מחקר, מחפש כשלים בתאוריות קיימות ושואף להבין את מכלול היש החיצוני וכן א״ז ההכרתי.",את זה,א״ז.05,את זה,weak,6,את זה | אין זה | אי־זוגי | אור זרוע | אדרא זוטא | אדוני זקני,substituted,yes,2,wikipedia,פילוסוף
ha-00299,א״ח,"עם סיום תפקידו כמפקד א״ח ומודיעין, פרש מהמשטרה.",אגף חקירות,א״ח.01,אגף חקירות,weak,2,אורך חיים | אגף חקירות,substituted,yes,3,wikipedia,יואב סגלוביץ
ha-00300,א״ח,סנדו מזור (נולד ב-1945) הוא ניצב בדימוס במשטרת ישראל בה כיהן כראש א״ח בשנים 1996–1998 וכסגן המפקח הכללי של משטרת ישראל בשנים 1998–2000.,אגף חקירות,א״ח.01,אגף חקירות,weak,2,אורך חיים | אגף חקירות,substituted,yes,3,wikipedia,סנדו מזור
ha-00301,א״ח,ועדת ההיגוי מתווה את מדיניות המטה ונהליו וראש א״ח ומודיעין אחראי פיקודית על כלל פעילות המטה הלאומי.,אגף חקירות,א״ח.01,אגף חקירות,weak,2,אורך חיים | אגף חקירות,substituted,yes,3,wikipedia,המטה הלאומי להגנה על ילדים ברשת
ha-00302,א״ח,"מחוץ לגרעין, הנייטרון בלתי יציב ובעל א״ח ממוצע של כ־880 שניות בלבד.",אורך חיים,א״ח.02,אורך חיים,weak,2,אורך חיים | אגף חקירות,substituted,yes,3,wikipedia,נייטרון
ha-00303,א״ח,"א״ח הוא ממוצע הזמן הנדרש לדעיכת כל החלקיקים הנתונים, לעומת דעיכת חצי מהם, אליה מתייחס זמן מחצית החיים.",אורך חיים,א״ח.02,אורך חיים,weak,2,אורך חיים | אגף חקירות,substituted,yes,3,wikipedia,מחצית חיים
ha-00304,א״ח,"מזונים כאלו, שהם נטולי-טעם (עקב הביטול ההדדי של הטעמים), נוטים להיות בעלי א״ח קצר משמעותית משל מזונים בעלי-טעם.",אורך חיים,א״ח.02,אורך חיים,weak,2,אורך חיים | אגף חקירות,substituted,yes,3,wikipedia,מזון (חלקיק)
ha-00305,א״י,לרוב חצאי הקשת מתחברים במרכזו של הכתר אל המונד - גלובוס מוזהב או עשוי א״י שנמצא בחלקו העליון של הכתר (מעליו נמצא לרוב צלב).,אבן יקרה,א״י.02,אבן יקרה,weak,4,ארץ ישראל | אבן יקרה | אינו יהודי | אין יכול,substituted,yes,3,wikipedia,חצי קשת
ha-00306,א״י,העלילה היא על סופרת רומנים רומנטיים שנוסעת לדרום אמריקה לחפש את אחותה שנחטפה בעקבות אוצר של א״י ולהצילה.,אבן יקרה,א״י.02,אבן יקרה,weak,4,ארץ ישראל | אבן יקרה | אינו יהודי | אין יכול,substituted,yes,3,wikipedia,בעקבות האוצר הרומנטי
ha-00307,א״י,אחותה איליין (מרי אלן טריינור) מתקשרת אליה בדחיפות מקרטחנה בקולומביה ומודיעה לה כי בעלה אדוארד שחקר אוצר של א״י נרצח וכי היא נחטפה בידי שני אנשים שדורשים לקבל את המפה שהוא שלח אליה.,אבן יקרה,א״י.02,אבן יקרה,weak,4,ארץ ישראל | אבן יקרה | אינו יהודי | אין יכול,substituted,yes,3,wikipedia,בעקבות האוצר הרומנטי
ha-00308,א״י,בעיר יכולה להיות אך ורק קתדרלה אחת משום שעיר אינה יכולה להיות מחולקת בין שתי קהילות טריטוריאליות דיוקסיות ולפיכך א״י לכהן בה יותר מבישוף אחד.,אין יכול,א״י.03,אין יכול,weak,4,ארץ ישראל | אבן יקרה | אינו יהודי | אין יכול,substituted,yes,3,wikipedia,קתדרלה
ha-00309,א״י,"דלמא משום דר' חנינא בר פפא, דאמר רבי חנינא בר פפא: דבר גדול דברו מרגלים באותה שעה, דכתיב: כי חזק הוא ממנו, אל תיקרי כי חזק הוא ממנו אלא ממנו, כביכול בעל הבית א״י להוציא כליו משם!",אין יכול,א״י.03,אין יכול,weak,4,ארץ ישראל | אבן יקרה | אינו יהודי | אין יכול,substituted,yes,3,wikipedia,דיבת הארץ
ha-00310,א״י,"הילד הנושא את העולם על כתפיו, לא ימצא בו מקום להניח את ראשו, עד שיאמר דבר שאין א״י לשמעו, וימצא רשות להציל רק איש אחד, את עצמו"".",אין יכול,א״י.03,אין יכול,weak,4,ארץ ישראל | אבן יקרה | אינו יהודי | אין יכול,substituted,yes,3,wikipedia,יאיר כספי
ha-00311,א״י,"זאת, על אף העובדה כי הוא נמנה עם ""אומות העולם"", כלומר א״י.",אינו יהודי,א״י.04,אינו יהודי,weak,4,ארץ ישראל | אבן יקרה | אינו יהודי | אין יכול,substituted,yes,3,wikipedia,חסיד אומות העולם
ha-00312,א״י,"אדם זכאי לתואר ""חסיד אומת העולם"" גם אם בזמן המלחמה טען הניצול בפני המציל כי הוא א״י ולאחר המלחמה התברר כי הניצול הוא יהודי.",אינו יהודי,א״י.04,אינו יהודי,weak,4,ארץ ישראל | אבן יקרה | אינו יהודי | אין יכול,substituted,yes,3,wikipedia,חסיד אומות העולם
ha-00313,א״י,"ברכה על ראיית מלך - כאשר המלך א״י מברכים ""שנתן מכבודו לבשר ודם"" וכאשר המלך יהודי - ""שחלק מכבודו ליראיו"".",אינו יהודי,א״י.04,אינו יהודי,weak,4,ארץ ישראל | אבן יקרה | אינו יהודי | אין יכול,substituted,yes,3,wikipedia,מסכת ברכות
ha-00314,א״י,נטייתו של קציר לזואולוגיה באה לידי בטוי בהיותו שותף לפרופ' שמעון פריץ בודנהיימר בכתיבת המגדיר העברי הראשון לפרפרי א״י – ״בני שמש״.,ארץ ישראל,א״י.01,ארץ ישראל,verified,4,ארץ ישראל | אבן יקרה | אינו יהודי | אין יכול,natural,yes,3,wikipedia,אהרן קציר
ha-00315,א״י,"את רעיונותיו לפיתוח תעשייתי של א״י בשילוב הקמת ערי גנים הוא קידם בקונגרסים הציוניים ובביטאונו ״עם וארץ״ (ברלין, 1919).",ארץ ישראל,א״י.01,ארץ ישראל,verified,4,ארץ ישראל | אבן יקרה | אינו יהודי | אין יכול,natural,yes,3,wikipedia,דייוויס טריטש
ha-00316,א״י,"חברת ""נחלת ישראל - רמה"" לקחה הלוואה מ""בנק משכנתאות ואשראי א״י"" שאותה לא יכלה להחזיר והחל הליך הוצאה לפועל.",ארץ ישראל,א״י.01,ארץ ישראל,verified,4,ארץ ישראל | אבן יקרה | אינו יהודי | אין יכול,natural,yes,3,wikipedia,נחלת ישראל - רמה
ha-00317,א״י,א״י ממזרח לנהר הירדן בה נחלו שניים וחצי השבטים ובכללה הגולן מכונה בשם עבר הירדן המזרחי.,ארץ ישראל,א״י.01,ארץ ישראל,weak,4,ארץ ישראל | אבן יקרה | אינו יהודי | אין יכול,substituted,yes,3,wikipedia,ארץ ישראל
ha-00318,א״י,"כיום, בתחום א״י המערבית חיים מספר כמעט שווה של יהודים ומוסלמים.",ארץ ישראל,א״י.01,ארץ ישראל,weak,4,ארץ ישראל | אבן יקרה | אינו יהודי | אין יכול,substituted,yes,3,wikipedia,ארץ ישראל
ha-00319,א״י,"במקרא מכונה א״י בשמות רבים בהם: ארץ כנען, ארץ זבת חלב ודבש, הארץ הטובה, ארץ הצבי, ארץ חמדה, ארץ העברים, או בכינוי הארץ ללא כל תוספת.",ארץ ישראל,א״י.01,ארץ ישראל,weak,4,ארץ ישראל | אבן יקרה | אינו יהודי | אין יכול,substituted,yes,3,wikipedia,ארץ ישראל
ha-00320,א״כ,"בנוסף לאבלים, כל מי שהיה נוכח בשעת יציאת הנשמה של א״כ מישראל צריך לקרוע, אולם למעשה נוהגים להקל בכך.",אדם כשר,א״כ.01,אדם כשר,weak,11,אם כן | אם כך | ארבע כוסות | אין כסף | ארבע כנפות | אין כמוך | אדם כשר | אינו כדאי | אין כאלוקינו | אתה כוננת | אחרי כן/אחר כך,substituted,yes,2,wikipedia,קריעה (אבלות)
ha-00321,א״כ,"במקרה והאיש נחשב ל""בינוני"", כלומר א״כ הנשמר מאיסורים, אבל נכשל לעיתים בעבירות, יש לדונו לכף זכות אם המעשה נוטה לשני הצדדים, אך במעשה שנוטה לחובה אין חובה כזו.",אדם כשר,א״כ.01,אדם כשר,weak,11,אם כן | אם כך | ארבע כוסות | אין כסף | ארבע כנפות | אין כמוך | אדם כשר | אינו כדאי | אין כאלוקינו | אתה כוננת | אחרי כן/אחר כך,substituted,yes,2,wikipedia,חזקת כשרות
ha-00322,א״כ,"על פי ההלכה א״כ יתבייש לומר שהוא רשע, ולאמירה כזו גם אם נאמרה אין משמעות, ""אין אדם משים עצמו רשע"", ואף נאסר על אדם לפרסם שהוא רשע, הדבר נחשב כחוצפה ועזות.",אדם כשר,א״כ.01,אדם כשר,weak,11,אם כן | אם כך | ארבע כוסות | אין כסף | ארבע כנפות | אין כמוך | אדם כשר | אינו כדאי | אין כאלוקינו | אתה כוננת | אחרי כן/אחר כך,substituted,yes,2,wikipedia,רשע (הלכה)
ha-00323,א״כ,לפי המנהג הנפוץ בקהילות ישראל מימרה זו נאמרת מידי בוקר בסיום הפרק א״כ שבסוף תפילת שחרית (לאחר נוסח פיטום הקטורת).,אין כאלוקינו,א״כ.10,אין כאלוקינו,weak,11,אם כן | אם כך | ארבע כוסות | אין כסף | ארבע כנפות | אין כמוך | אדם כשר | אינו כדאי | אין כאלוקינו | אתה כוננת | אחרי כן/אחר כך,substituted,yes,2,wikipedia,תלמידי חכמים מרבים שלום בעולם
ha-00324,א״כ,"מתרגמים את קטע התפילה ""א״כ"" בשפת הלדינו ובמנגינה ספרדית ייחודית.",אין כאלוקינו,א״כ.10,אין כאלוקינו,weak,11,אם כן | אם כך | ארבע כוסות | אין כסף | ארבע כנפות | אין כמוך | אדם כשר | אינו כדאי | אין כאלוקינו | אתה כוננת | אחרי כן/אחר כך,substituted,yes,2,wikipedia,צלאת אל פאסיין
ha-00325,א״כ,"קודם להוצאת הספר נאמרים בהרבה קהילות פסוקים מיוחדים, כגון בנוסח ספרד ""אתה הראת"", ובנוסח אשכנז המזרחי ""א״כ"", הפיסקה ""ויהי בנסוע הארון"" ובריך שמיה (אפילו בקצת קהילות שלא אומרים אותה ביום חול).",אין כמוך,א״כ.02,אין כמוך,weak,11,אם כן | אם כך | ארבע כוסות | אין כסף | ארבע כנפות | אין כמוך | אדם כשר | אינו כדאי | אין כאלוקינו | אתה כוננת | אחרי כן/אחר כך,substituted,yes,2,wikipedia,תפילת שחרית של שבת
ha-00326,א״כ,"לאלבומו של משה פרץ זיקוקים, שיצא בסוף 2011 עיבד מספר שירים, שהבולט מביניהם היה ""א״כ"".",אין כמוך,א״כ.02,אין כמוך,weak,11,אם כן | אם כך | ארבע כוסות | אין כסף | ארבע כנפות | אין כמוך | אדם כשר | אינו כדאי | אין כאלוקינו | אתה כוננת | אחרי כן/אחר כך,substituted,yes,2,wikipedia,יעקב למאי
ha-00327,א״כ,"פעיל הימין הרדיקלי מיכאל בן חורין הועמד לדין על שאמר בהילולה לזכר גולדשטיין: ""ברוך גולדשטיין א״כ בעולם, ברוך גולדשטיין הוא אדם צדיק, יסוד עולם, יחיד במינו"".",אין כמוך,א״כ.02,אין כמוך,weak,11,אם כן | אם כך | ארבע כוסות | אין כסף | ארבע כנפות | אין כמוך | אדם כשר | אינו כדאי | אין כאלוקינו | אתה כוננת | אחרי כן/אחר כך,substituted,yes,2,wikipedia,ברוך גולדשטיין
ha-00328,א״כ,אם לאדם א״כ לנר חנוכה חובה עליו למכור את כסותו על מנת להדליק נר חנוכה.,אין כסף,א״כ.03,אין כסף,weak,11,אם כן | אם כך | ארבע כוסות | אין כסף | ארבע כנפות | אין כמוך | אדם כשר | אינו כדאי | אין כאלוקינו | אתה כוננת | אחרי כן/אחר כך,substituted,yes,2,wikipedia,פרדוקס
ha-00329,א״כ,אם לאדם א״כ לנר שבת הוא אינו חייב למכור כסותו לנר שבת.,אין כסף,א״כ.03,אין כסף,weak,11,אם כן | אם כך | ארבע כוסות | אין כסף | ארבע כנפות | אין כמוך | אדם כשר | אינו כדאי | אין כאלוקינו | אתה כוננת | אחרי כן/אחר כך,substituted,yes,2,wikipedia,פרדוקס
ha-00330,א״כ,"כך למשל, המקבילה לאריית האהבה הגדולה באופרה המסורתית מושרת לזונה, שכאשר היא מבינה של""אהובה"" א״כ, היא מפנה לו עורף והשירה הסנטימנטלית הופכת לנלעגת במיוחד.",אין כסף,א״כ.03,אין כסף,weak,11,אם כן | אם כך | ארבע כוסות | אין כסף | ארבע כנפות | אין כמוך | אדם כשר | אינו כדאי | אין כאלוקינו | אתה כוננת | אחרי כן/אחר כך,substituted,yes,2,wikipedia,עלייתה ונפילתה של העיר מהגוני
ha-00331,א״כ,"חברות תעופה שחלק ניכר מפעולתן הוא בהפעלת טיסות פנים, אינן יכולות לקיים קווי טיסה ישירים בין כל יעדיהן, שכן הדבר א״כ מבחינה כלכלית ותפעולית.",אינו כדאי,א״כ.04,אינו כדאי,weak,11,אם כן | אם כך | ארבע כוסות | אין כסף | ארבע כנפות | אין כמוך | אדם כשר | אינו כדאי | אין כאלוקינו | אתה כוננת | אחרי כן/אחר כך,substituted,yes,2,wikipedia,בסיס פעולה מרכזי
ha-00332,א״כ,"לאחר הבחירות לכנסת החמש עשרה לא נערכו עוד עימותים למשך זמן רב, מפני שהתקבעה ההערכה כי עימות א״כ למועמד המוביל בסקרים, שיכול רק להינזק ממנו.",אינו כדאי,א״כ.04,אינו כדאי,weak,11,אם כן | אם כך | ארבע כוסות | אין כסף | ארבע כנפות | אין כמוך | אדם כשר | אינו כדאי | אין כאלוקינו | אתה כוננת | אחרי כן/אחר כך,substituted,yes,2,wikipedia,עימות בחירות
ha-00333,א״כ,"המשך ייצור מעבר לנקודה בה העלות השולית שווה למחיר, משמעותו שהעלות לייצר יחידת מוצר נוספת גדולה מהתמורה שתתקבל עבורה, ועל-כן ייצורה א״כ ויפחית את סך הרווח של היצרן.",אינו כדאי,א״כ.04,אינו כדאי,weak,11,אם כן | אם כך | ארבע כוסות | אין כסף | ארבע כנפות | אין כמוך | אדם כשר | אינו כדאי | אין כאלוקינו | אתה כוננת | אחרי כן/אחר כך,substituted,yes,2,wikipedia,עלות שולית
ha-00334,א״כ,"א״כ, הממוצע החשבוני של מספרים אלו הוא 6.",אם כך,א״כ.05,אם כך,weak,11,אם כן | אם כך | ארבע כוסות | אין כסף | ארבע כנפות | אין כמוך | אדם כשר | אינו כדאי | אין כאלוקינו | אתה כוננת | אחרי כן/אחר כך,substituted,yes,2,wikipedia,ממוצע
ha-00335,א״כ,"א״כ, במרחבים מטריים מושג הקבוצה הפתוחה מוגדר על פי המטריקה, שהרי זו קובעת את הכדורים.",אם כך,א״כ.05,אם כך,weak,11,אם כן | אם כך | ארבע כוסות | אין כסף | ארבע כנפות | אין כמוך | אדם כשר | אינו כדאי | אין כאלוקינו | אתה כוננת | אחרי כן/אחר כך,substituted,yes,2,wikipedia,קבוצה פתוחה
ha-00336,א״כ,"תחום ניהול משאבי האנוש שואף, א״כ, למצוא את ההתייחסות המתאימה ביותר לכוח האדם בארגון, על מנת שהארגון יוכל להפיק מהם את התועלת המרבית ולקדם את האינטרסים שלו בצורה הטובה ביותר.",אם כך,א״כ.05,אם כך,weak,11,אם כן | אם כך | ארבע כוסות | אין כסף | ארבע כנפות | אין כמוך | אדם כשר | אינו כדאי | אין כאלוקינו | אתה כוננת | אחרי כן/אחר כך,substituted,yes,2,wikipedia,ניהול משאבי אנוש
ha-00337,א״כ,"המבקר חייב א״כ להיות מקצועי, כדי לאפשר מסנן עבור הצופים.",אם כן,א״כ.06,אם כן,weak,11,אם כן | אם כך | ארבע כוסות | אין כסף | ארבע כנפות | אין כמוך | אדם כשר | אינו כדאי | אין כאלוקינו | אתה כוננת | אחרי כן/אחר כך,substituted,yes,2,wikipedia,מבקר אמנות
ha-00338,א״כ,"הזואולוגיה, א״כ, משתמשת, או כוללת בתוכה, תחומים רבים אחרים בביולוגיה, כגון אנטומיה, פיזיולוגיה, אבולוציה ואקולוגיה.",אם כן,א״כ.06,אם כן,weak,11,אם כן | אם כך | ארבע כוסות | אין כסף | ארבע כנפות | אין כמוך | אדם כשר | אינו כדאי | אין כאלוקינו | אתה כוננת | אחרי כן/אחר כך,substituted,yes,2,wikipedia,זואולוגיה
ha-00339,א״כ,הם גם נחשבו לחסרי חן אלא א״כ רבים מהם אוגדו בספר אחד בעל סיפור מסגרת (כגון סיפורי אלף לילה ולילה).,אם כן,א״כ.06,אם כן,weak,11,אם כן | אם כך | ארבע כוסות | אין כסף | ארבע כנפות | אין כמוך | אדם כשר | אינו כדאי | אין כאלוקינו | אתה כוננת | אחרי כן/אחר כך,substituted,yes,2,wikipedia,סיפור קצר
ha-00340,א״כ,"בגמרא (נדרים מט, ב) מסופר על רבי יהודה שהיה שותה א״כ ולאחר מכן נאלץ לחבוש את ראשו בשל כאבים ""מפסח ועד עצרת"" - כלומר במשך שבעה שבועות.",ארבע כוסות,א״כ.07,ארבע כוסות,weak,11,אם כן | אם כך | ארבע כוסות | אין כסף | ארבע כנפות | אין כמוך | אדם כשר | אינו כדאי | אין כאלוקינו | אתה כוננת | אחרי כן/אחר כך,substituted,yes,2,wikipedia,ארבע כוסות
ha-00341,א״כ,"אולם, המשנה ברורה פסק שאינו חייב לשתות א״כ אם ייפול למשכב מזה, אלא שאם השתייה תגרום לכאבי ראש וכדומה מחויב הוא לשתות.",ארבע כוסות,א״כ.07,ארבע כוסות,weak,11,אם כן | אם כך | ארבע כוסות | אין כסף | ארבע כנפות | אין כמוך | אדם כשר | אינו כדאי | אין כאלוקינו | אתה כוננת | אחרי כן/אחר כך,substituted,yes,2,wikipedia,ארבע כוסות
ha-00342,א״כ,"ובדיעבד אם שתה אותו בזמן של שיעור 'אכילת פרס', יצא ידי חובה, שהואיל ודין א״כ מדברי חכמים הלכה כדברי המיקל.",ארבע כוסות,א״כ.07,ארבע כוסות,weak,11,אם כן | אם כך | ארבע כוסות | אין כסף | ארבע כנפות | אין כמוך | אדם כשר | אינו כדאי | אין כאלוקינו | אתה כוננת | אחרי כן/אחר כך,substituted,yes,2,wikipedia,הלכות ליל הסדר
ha-00343,א״כ,"מילוי המקטרת לווה בתפילה אל א״כ תבל, השמיים והארץ.",ארבע כנפות,א״כ.08,ארבע כנפות,weak,11,אם כן | אם כך | ארבע כוסות | אין כסף | ארבע כנפות | אין כמוך | אדם כשר | אינו כדאי | אין כאלוקינו | אתה כוננת | אחרי כן/אחר כך,substituted,yes,2,wikipedia,מקטרת שלום
ha-00344,א״כ,"כמו כן הוציא לאור את השבועון החינמי ""א״כ"" המיועד למגזר החרדי, שעסק בפוליטיקה ארצית ופוליטיקה חרדית פנימית, והשבועון החינמי ""Shofar News"" המיועד למגזר החילוני.",ארבע כנפות,א״כ.08,ארבע כנפות,weak,11,אם כן | אם כך | ארבע כוסות | אין כסף | ארבע כנפות | אין כמוך | אדם כשר | אינו כדאי | אין כאלוקינו | אתה כוננת | אחרי כן/אחר כך,substituted,yes,2,wikipedia,שופר (ארגון)
ha-00345,א״כ,לדעת חלק מהפוסקים חייב בציצית מכיוון שיש לו א״כ.,ארבע כנפות,א״כ.08,ארבע כנפות,weak,11,אם כן | אם כך | ארבע כוסות | אין כסף | ארבע כנפות | אין כמוך | אדם כשר | אינו כדאי | אין כאלוקינו | אתה כוננת | אחרי כן/אחר כך,substituted,yes,2,wikipedia,פראק
ha-00346,א״כ,קְטרֶת שָׂם בֵּינֵימו וְעִשֵּׁן וְיָצָא.” בעוד בסדר א״כ כתב ”זֵרֵז עַצְמו וְנִכְנַס לַקֹדֶשׁ וְהִנִּיחַ מַחְתָּה בֵּין־בַּדֵּי הָאָרון.,אתה כוננת,א״כ.09,אתה כוננת,weak,11,אם כן | אם כך | ארבע כוסות | אין כסף | ארבע כנפות | אין כמוך | אדם כשר | אינו כדאי | אין כאלוקינו | אתה כוננת | אחרי כן/אחר כך,substituted,yes,2,wikipedia,אמירת סדר העבודה
ha-00347,א״כ,"דוגמה חריגה לפיוט ארץ ישראלי במחזור ספרד הוא סדר העבודה ליום הכיפורים ""א״כ עולם מראש"".",אתה כוננת,א״כ.09,אתה כוננת,weak,11,אם כן | אם כך | ארבע כוסות | אין כסף | ארבע כנפות | אין כמוך | אדם כשר | אינו כדאי | אין כאלוקינו | אתה כוננת | אחרי כן/אחר כך,substituted,yes,2,wikipedia,נוסח הספרדים
ha-00348,א״כ,"החריג היחיד הוא שהרבה חסידים קבלו את סדר העבודה במוסף של יום הכיפורים א״כ עולם מראש במקום אמיץ כח, ובהרבה מחזורי נוסח ספרד הדפיסו את שני הנוסחאות.",אתה כוננת,א״כ.09,אתה כוננת,weak,11,אם כן | אם כך | ארבע כוסות | אין כסף | ארבע כנפות | אין כמוך | אדם כשר | אינו כדאי | אין כאלוקינו | אתה כוננת | אחרי כן/אחר כך,substituted,yes,2,wikipedia,נוסח ספרד
ha-00349,א״ל,"א״ל: אני בוכה על שאנו נהרגים כעובדי עבודה זרה, כמחללי שבתות, כמגלֵּי עריות וכשופכי דמים.",אמר לו,א״ל.01,אמר לו,weak,3,אמר לו | אמר ליה | איכא למימר,substituted,yes,3,wikipedia,עשרת הרוגי מלכות
ha-00350,א״ל,"א״ל: רבי, שמא סועד היית או ישֵן, ובאה אישה לשאול על נידתה ועל טומאתה וטהרתה, ואמרת לה: המתיני עד שאישן; והתורה אמרה ""כל אלמנה ויתום לא תענון אם ענה תענה אותו ...",אמר לו,א״ל.01,אמר לו,weak,3,אמר לו | אמר ליה | איכא למימר,substituted,yes,3,wikipedia,עשרת הרוגי מלכות
ha-00351,א״ל,"בתלמוד הירושלמי מסופר, שפעם אחת רבי יהודה חלה בגרונו, והרופא א״ל שיתרפא רק אם ישתה חלב רותח.",אמר לו,א״ל.01,אמר לו,weak,3,אמר לו | אמר ליה | איכא למימר,substituted,yes,3,wikipedia,עשרת הרוגי מלכות
ha-00352,א״ל,א״ל: כשהוא זורק למערכה דלוקה הוא זורק או למערכה שאינה דלוקה הוא זורק?,אמר ליה,א״ל.02,אמר ליה,weak,3,אמר לו | אמר ליה | איכא למימר,substituted,yes,3,wikipedia,רבי שמעון בן יוסי
ha-00353,א״ל,"הוי אומר למערכה דלוקה הוא זורק - התם משום דלא אפשר.” ”מר רבי יונתן קומי רבי חייא רבה בשם רבי שמעון בר יוסי בר לקוניא; לוקין על תחומי שבת דבר תורה, א״ל רבי חייה רבה והלא אין בשבת אלא סקילה וכרת?",אמר ליה,א״ל.02,אמר ליה,weak,3,אמר לו | אמר ליה | איכא למימר,substituted,yes,3,wikipedia,רבי שמעון בן יוסי
ha-00354,א״ל,"א״ל: צער גדול היה לנו בתיבה, בריה שדרכה להאכילה ביום האכלנוה ביום, שדרכה להאכילה בלילה האכלנוה בלילה.",אמר ליה,א״ל.02,אמר ליה,weak,3,אמר לו | אמר ליה | איכא למימר,substituted,yes,3,wikipedia,רב חנא בר ביזנא
ha-00355,א״מ,בתפקידו כראש א״מ בדרגת אלוף-משנה היה אחראי לגיוסה ולהפעלתה של חוליית יהודים במצרים על ידי יחידה 131.,אגף מודיעין,א״מ.01,אגף מודיעין,weak,4,אמצעים מיוחדים | אגף מודיעין | אליעזר מאיר (ליפשיץ) | אניית מנוע (א/מ),substituted,yes,3,wikipedia,בנימין גיבלי
ha-00356,א״מ,שירת כראש א״מ אותות וסגן מנהל הסוכנות לביטחון לאומי.,אגף מודיעין,א״מ.01,אגף מודיעין,weak,4,אמצעים מיוחדים | אגף מודיעין | אליעזר מאיר (ליפשיץ) | אניית מנוע (א/מ),substituted,yes,3,wikipedia,כריסטופר באלרד
ha-00357,א״מ,ביולי 2018 מונה לראש א״מ אותות וסגן מנהל הסוכנות לביטחון לאומי.,אגף מודיעין,א״מ.01,אגף מודיעין,weak,4,אמצעים מיוחדים | אגף מודיעין | אליעזר מאיר (ליפשיץ) | אניית מנוע (א/מ),substituted,yes,3,wikipedia,כריסטופר באלרד
ha-00358,א״מ,את תורת הלחימה משלימה תורת הפעלה של כוחות או א״מ.,אמצעים מיוחדים,א״מ.02,אמצעים מיוחדים,weak,4,אמצעים מיוחדים | אגף מודיעין | אליעזר מאיר (ליפשיץ) | אניית מנוע (א/מ),substituted,yes,3,wikipedia,תורת לחימה
ha-00359,א״מ,מכהן כעוזר שר הביטחון להתגוננות וראש אגף א״מ.,אמצעים מיוחדים,א״מ.02,אמצעים מיוחדים,weak,4,אמצעים מיוחדים | אגף מודיעין | אליעזר מאיר (ליפשיץ) | אניית מנוע (א/מ),substituted,yes,3,wikipedia,אמיר לזר
ha-00360,א״מ,"קודם לכן שימש כעוזר שר הביטחון להתגוננות, כראש אגף א״מ במשרד הביטחון.",אמצעים מיוחדים,א״מ.02,אמצעים מיוחדים,weak,4,אמצעים מיוחדים | אגף מודיעין | אליעזר מאיר (ליפשיץ) | אניית מנוע (א/מ),substituted,yes,3,wikipedia,"משה אדרי (קצין צה""ל)"
ha-00361,א״נ,"אדם קרוב אצל עצמו הוא כלל תלמודי שמשמעותו היא שאדם א״נ להעיד על עצמו, לטובתו או אף לרעתו.",אינו נאמן,א״נ.01,אינו נאמן,weak,5,אינו נאמן | אדון נכבד | און נאך (ועוד) | אי נימא (אם נאׂמר) | אי נמי (מילולית: או גם,substituted,no,3,wikipedia,אדם קרוב אצל עצמו
ha-00362,א״נ,"סוכן כפול דו-פרצופי: אדם המשרת שתי מדינות, אך א״נ לאף אחת מהן.",אינו נאמן,א״נ.01,אינו נאמן,weak,5,אינו נאמן | אדון נכבד | און נאך (ועוד) | אי נימא (אם נאׂמר) | אי נמי (מילולית: או גם,substituted,no,3,wikipedia,סוכן כפול
ha-00363,א״נ,"וחכמים אומרים - א״נ.” רבי יהודה טוען כי המקרא מוסיף ללא כל צורך נראה לעין את המילה ""יַכִּיר"", ולכן יש ללמוד מכאן כי אב נאמן לקבוע שבן מסוים הוא הבכור.",אינו נאמן,א״נ.01,אינו נאמן,weak,5,אינו נאמן | אדון נכבד | און נאך (ועוד) | אי נימא (אם נאׂמר) | אי נמי (מילולית: או גם,substituted,no,3,wikipedia,דין יכיר
ha-00364,א״ס,להשערה זו תרמו מכוון אחר גם טרנס טאו וג'יימס מיינרד בהוכיחם שיש א״ס זוגות ראשוניים שההפרש ביניהם הוא מספר זוגי קטן מ-246.,אין סוף,א״ס.01,אין סוף,weak,2,אין סוף | האל היחיד,substituted,yes,3,wikipedia,תורת המספרים
ha-00365,א״ס,"במחקר ישנה התייחסות לנושאים במאמרים בענייני הבנת האלוהות ומושגים כמו אור א״ס, א״ס ועוד.",אין סוף,א״ס.01,אין סוף,weak,2,אין סוף | האל היחיד,substituted,yes,3,wikipedia,"יום טוב של ראש השנה תרס""ו"
ha-00366,א״ס,"הוא קרוי גם בעל הרצון, בניגוד ל""אור א״ס"", שקרוי גם רצון א״ס, שהוא רצון פשוט העומד בבסיס כל היקום.",אין סוף,א״ס.01,אין סוף,weak,2,אין סוף | האל היחיד,substituted,yes,3,wikipedia,חסידות ברסלב
ha-00367,א״ס,"אולם לאחר מכן הצהיר אחנתון על גרסה רדיקלית יותר של הדת החדשה שלו הגורסת כי אתון אינו רק האל העליון, אלא א״ס, וכי אחנתון, הוא היחיד שיכול לגשר בין אתון לעמו.",האל היחיד,א״ס.02,האל היחיד,weak,2,אין סוף | האל היחיד,substituted,yes,3,wikipedia,מונותאיזם
ha-00368,א״ס,"לדוגמה, בעשרת הדיברות נאמר ""לא יהיה לך אלהים אחרים על פני"", ולא ""אני א״ס שקיים"".",האל היחיד,א״ס.02,האל היחיד,weak,2,אין סוף | האל היחיד,substituted,yes,3,wikipedia,מונותאיזם
ha-00369,א״ס,"חלק ממטרת הבערת הקטורת היא סילוק ריחות רעים, אולם מטרתה העיקרית ריצוי פניהם של האלים (או א״ס) ובקשת הצלחה.",האל היחיד,א״ס.02,האל היחיד,weak,2,אין סוף | האל היחיד,substituted,yes,3,wikipedia,קטורת
ha-00370,א״ע,בקונגרס זה חיים ויצמן ומנחם אוסישקין העלו להצבעה את ההקמה של א״ע בירושלים.,אוניברסיטה עברית,א״ע.01,אוניברסיטה עברית,weak,3,את עצמו | אנציקלופדיה עברית | אוניברסיטה עברית,substituted,yes,3,wikipedia,הקונגרס הציוני העולמי האחד עשר
ha-00371,א״ע,בקונגרס החלה הביקורת על יחסה המתון לשלטונות המנדט הבריטי והוחלט להקים א״ע בירושלים.,אוניברסיטה עברית,א״ע.01,אוניברסיטה עברית,weak,3,את עצמו | אנציקלופדיה עברית | אוניברסיטה עברית,substituted,yes,3,wikipedia,הקונגרס הציוני העולמי השלושה עשר
ha-00372,א״ע,"ב-8 במרץ 1913 נשא ויצמן בקונגרס הציוני בווינה נאום נלהב בדבר הקמת אוניברסיטה יהודית, בעקבותיו הקים הקונגרס ועדה להקמת ""א״ע בירושלים"".",אוניברסיטה עברית,א״ע.01,אוניברסיטה עברית,weak,3,את עצמו | אנציקלופדיה עברית | אוניברסיטה עברית,substituted,yes,3,wikipedia,חיים ויצמן
ha-00373,א״ע,"""אביב חדש"" – האנציקלופדיה הישראלית לנוער היא א״ע לילדים ונוער, ובה 17 כרכים (ועוד כרך מפתח) ולמעלה מ-5,000 ערכים.",אנציקלופדיה עברית,א״ע.03,אנציקלופדיה עברית,weak,3,את עצמו | אנציקלופדיה עברית | אוניברסיטה עברית,substituted,yes,3,wikipedia,אביב חדש
ha-00374,א״ע,האתר מיועד לבעלי רקע רפואי ומייעד א״ע לרופאים או סגל רפואי.,את עצמו,א״ע.02,את עצמו,weak,3,את עצמו | אנציקלופדיה עברית | אוניברסיטה עברית,substituted,yes,3,wikipedia,EMedicine
ha-00375,א״ע,"על אף שבתחילה תואר מורביוס כדמות אנטגוניסטית, בהמשך הוא ביקש לרפא א״ע ממצבו והפך לפרוטגוניסט.",את עצמו,א״ע.02,את עצמו,weak,3,את עצמו | אנציקלופדיה עברית | אוניברסיטה עברית,substituted,yes,3,wikipedia,מורביוס
ha-00376,א״ע,"האמת שמאחורי מצבו הירוד היא שכדי לרפא את מצב הדם המתרוקן, ניסה מורביוס, בניסיון העבר שלו כביוכימאי מומחה, לרפא א״ע ממחלת הדם שלו באמצעות טיפול ניסיוני הכולל DNA של עטלף וטיפול בהלם חשמלי.",את עצמו,א״ע.02,את עצמו,weak,3,את עצמו | אנציקלופדיה עברית | אוניברסיטה עברית,substituted,yes,3,wikipedia,מורביוס
ha-00377,א״ק,"אדם הראשון (ידוע גם כהאדם הראשון, א״ק, אב קדום, האב הקדום או אם קדומה.",אדם קדמון,א״ק.01,אדם קדמון,weak,6,אוויר-קרקע | אתלטיקה קלה | אדם קדמון | אם קריאה | אמר קרא | אנית קיטור,substituted,yes,1,wikipedia,אדם הראשון
ha-00378,א״ק,"הוא נקרא ""א״ק"" משום שהוא בצורת אדם, כביכול, ו""קדמון"" - כי הוא הראשון לכל הברואים.",אדם קדמון,א״ק.01,אדם קדמון,weak,6,אוויר-קרקע | אתלטיקה קלה | אדם קדמון | אם קריאה | אמר קרא | אנית קיטור,substituted,yes,1,wikipedia,אדם קדמון (קבלה)
ha-00379,א״ק,"ישנם מקובלים, ביניהם הרב שלמה אלישיב בעל הספר לשם שבו ואחלמה, וכן רבי ישראל סרוג בתורת המלבוש שלו, המדברים על בחינות המקשרות בין א״ק לבין האין-סוף.",אדם קדמון,א״ק.01,אדם קדמון,weak,6,אוויר-קרקע | אתלטיקה קלה | אדם קדמון | אם קריאה | אמר קרא | אנית קיטור,substituted,yes,1,wikipedia,אדם קדמון (קבלה)
ha-00380,א״ק,לעיתים מחולקים טילי א״ק לשתי קטגוריות - טילים טקטיים וטילים אסטרטגיים.,אוויר-קרקע,א״ק.02,אוויר-קרקע,weak,6,אוויר-קרקע | אתלטיקה קלה | אדם קדמון | אם קריאה | אמר קרא | אנית קיטור,substituted,yes,1,wikipedia,טיל אוויר-קרקע
ha-00381,א״ק,מספר דגמים של טילי א״ק מתוצרת סובייטית משתמשים במנועי מגח סילון המקנים להם טווח רחוק ומהירות גבוהה.,אוויר-קרקע,א״ק.02,אוויר-קרקע,weak,6,אוויר-קרקע | אתלטיקה קלה | אדם קדמון | אם קריאה | אמר קרא | אנית קיטור,substituted,yes,1,wikipedia,טיל אוויר-קרקע
ha-00382,א״ק,פופאי הוא טיל א״ק שפותח בישראל על ידי חברת רפאל מערכות לחימה מתקדמות.,אוויר-קרקע,א״ק.02,אוויר-קרקע,weak,6,אוויר-קרקע | אתלטיקה קלה | אדם קדמון | אם קריאה | אמר קרא | אנית קיטור,substituted,yes,1,wikipedia,פופאי (טיל)
ha-00383,א״ק,"דוגמאות: האות א היא א״ק במילים בראשית, מוצא, צאן, ראשון, צוואר, לאמר; היא עיצור במילים אמיר, מתאים, האכלה.",אם קריאה,א״ק.03,אם קריאה,weak,6,אוויר-קרקע | אתלטיקה קלה | אדם קדמון | אם קריאה | אמר קרא | אנית קיטור,substituted,yes,1,wikipedia,אם קריאה
ha-00384,א״ק,"האות ה היא א״ק במילים שונה, צורה, איפה; היא עיצור במילים הרס, מדהים, גבוה.",אם קריאה,א״ק.03,אם קריאה,weak,6,אוויר-קרקע | אתלטיקה קלה | אדם קדמון | אם קריאה | אמר קרא | אנית קיטור,substituted,yes,1,wikipedia,אם קריאה
ha-00385,א״ק,"האות ו היא א״ק במילים מום, שור, אחו; היא עיצור במילים ורד, דוור, תקווה, סתיו.",אם קריאה,א״ק.03,אם קריאה,weak,6,אוויר-קרקע | אתלטיקה קלה | אדם קדמון | אם קריאה | אמר קרא | אנית קיטור,substituted,yes,1,wikipedia,אם קריאה
ha-00386,א״ק,"יש הנוהגים לכנותה א״ק על-מנת להבדילה מאתלטיקה כבדה הכולל את ענפי ההיאבקות, אגרוף והרמת משקולות.",אתלטיקה קלה,א״ק.04,אתלטיקה קלה,weak,6,אוויר-קרקע | אתלטיקה קלה | אדם קדמון | אם קריאה | אמר קרא | אנית קיטור,substituted,yes,1,wikipedia,אתלטיקה
ha-00387,א״ק,לאחר פרישתו מכדורסל שימש כמורה לחינוך גופני וכמאמן א״ק.,אתלטיקה קלה,א״ק.04,אתלטיקה קלה,weak,6,אוויר-קרקע | אתלטיקה קלה | אדם קדמון | אם קריאה | אמר קרא | אנית קיטור,substituted,yes,1,wikipedia,מנחם קורמן
ha-00388,א״ק,אחד ממפעלי הספורט החשובים שקורמן יזם וארגן הייתה תחרות א״ק לזכר תלמידי בית הספר שנפלו במלחמות ישראל.,אתלטיקה קלה,א״ק.04,אתלטיקה קלה,weak,6,אוויר-קרקע | אתלטיקה קלה | אדם קדמון | אם קריאה | אמר קרא | אנית קיטור,substituted,yes,1,wikipedia,מנחם קורמן
ha-00389,א״ר,"כלי טיס מסוג ""כנף סובבת"" (מסוק) יבצע א״ר כלפי הקרקע.",אוטורוטציה,א״ר.01,אוטורוטציה,weak,4,אמר רבי | אליהו רבה | אל רחום | אוטורוטציה,substituted,yes,3,wikipedia,נחיתת חירום
ha-00390,א״ר,"אם מאותר אתר נחיתה במרחק דאיה או א״ר של כלי הטיס, תסתיים בדרך כלל נחיתת החירום ללא פציעות או נזק משמעותי לכלי; זאת כיוון שכלי טיס ממונעים אינם צורכים בדרך כלל כח מנוע רב, או כלשהו בזמן הנחיתה.",אוטורוטציה,א״ר.01,אוטורוטציה,weak,4,אמר רבי | אליהו רבה | אל רחום | אוטורוטציה,substituted,yes,3,wikipedia,נחיתת חירום
ha-00391,א״ר,בנוסף במצב א״ר ההצפה הנדרשת במהלך הנחיתה לא תתאפשר והמסוק יתרסק במהירות גבוהה במקום להמיר את מהירותו לעילוי הדרוש לנחיתה רכה.,אוטורוטציה,א״ר.01,אוטורוטציה,weak,4,אמר רבי | אליהו רבה | אל רחום | אוטורוטציה,substituted,yes,3,wikipedia,יציבות כלי טיס
ha-00392,א״ר,הפיוט מושר לאחר הפיוט 'א״ר שמך' בסליחות של כל עדות המזרח.,אל רחום,א״ר.04,אל רחום,weak,4,אמר רבי | אליהו רבה | אל רחום | אוטורוטציה,substituted,yes,3,wikipedia,עשה למען שמך
ha-00393,א״ר,"וזהו ששנינו שיש ""סדר א״ר"" (מה שלימדו קודם המעשה) ו""סדר אליהו זוטא"" (מה שלימדו בתיבה לאחר המעשה).",אליהו רבה,א״ר.02,אליהו רבה,weak,4,אמר רבי | אליהו רבה | אל רחום | אוטורוטציה,substituted,yes,3,wikipedia,תנא דבי אליהו
ha-00394,א״ר,"שיטה זו, ששוללת את הזיהוי של פינחס עם אליהו, נרמזה בברייתא שמובאת בתלמוד, והובאה גם בתשובת גאון בשם סדר א״ר.",אליהו רבה,א״ר.02,אליהו רבה,weak,4,אמר רבי | אליהו רבה | אל רחום | אוטורוטציה,substituted,yes,3,wikipedia,פינחס
ha-00395,א״ר,"בכתב יד מסוף המאה ה-15 מכונה המדרש ""סדר א״ר"".",אליהו רבה,א״ר.02,אליהו רבה,weak,4,אמר רבי | אליהו רבה | אל רחום | אוטורוטציה,substituted,yes,3,wikipedia,אגדת בראשית
ha-00396,א״ר,"תחילת הלימודים בחדר אצל המלמד היא בגיל שלוש, בהתאם לכתוב: ”א״ר שמעון בן לקיש, בן שלש שנים הכיר אברהם להקדוש ברוך הוא""” (מדרש תנחומא, פרשת בהר).",אמר רבי,א״ר.03,אמר רבי,weak,4,אמר רבי | אליהו רבה | אל רחום | אוטורוטציה,substituted,yes,3,wikipedia,מלמד
ha-00397,א״ר,"""ויאמר אליה עלי עד מתי תשתכרין"" וגו' - א״ר אלעזר: מכאן, לרואה בחברו דבר שאינו הגון צריך להוכיחו.",אמר רבי,א״ר.03,אמר רבי,weak,4,אמר רבי | אליהו רבה | אל רחום | אוטורוטציה,substituted,yes,3,wikipedia,תפילת העמידה
ha-00398,א״ר,"""ויין ושכר לא שתיתי"" - א״ר אלעזר מכאן לנחשד בדבר שאין בו שצריך להודיעו.",אמר רבי,א״ר.03,אמר רבי,weak,4,אמר רבי | אליהו רבה | אל רחום | אוטורוטציה,substituted,yes,3,wikipedia,תפילת העמידה
ha-00399,א״ש,תפילת א״ש כתובה על גבי קירות הקלויסטר והכנסייה ב-143 שפות.,אבינו שבשמים,א״ש.01,אבינו שבשמים,weak,8,אי-שוויון | איש שלום | אבינו שבשמים | ארמית שומרונית | אדר שני | אמר שם | אנשי שלומנו | אימון שדה,substituted,yes,1,wikipedia,כנסיית אבינו שבשמים
ha-00400,א״ש,"המחרוזת מורכבת בעיקר מהתפילות האווה מריה (בעברית ״שמחי מרים״), א״ש, תפילת פאטימה והתהילה תהיה (Gloria Patri).",אבינו שבשמים,א״ש.01,אבינו שבשמים,weak,8,אי-שוויון | איש שלום | אבינו שבשמים | ארמית שומרונית | אדר שני | אמר שם | אנשי שלומנו | אימון שדה,substituted,yes,1,wikipedia,תפילת המחרוזת
ha-00401,א״ש,"ההסכם מעניק פטור מתשלום מיסים, ומעניק חופש פעולה לארבעה מוסדות קתוליים - כנסיית א״ש, המנזר הבנדיקטיני באבו גוש, קברי המלכים וכנסיית סנטה אנה.",אבינו שבשמים,א״ש.01,אבינו שבשמים,weak,8,אי-שוויון | איש שלום | אבינו שבשמים | ארמית שומרונית | אדר שני | אמר שם | אנשי שלומנו | אימון שדה,substituted,yes,1,wikipedia,הסכם פישר-שובל
ha-00402,א״ש,א״ש כלכלי מתייחס להבדלים בין יחידים וקבוצות בתוך חברה מסוימת או בין מדינות בנוגע לבעלות על נכסיהם ולגובה הכנסתם.,אי-שוויון,א״ש.02,אי-שוויון,weak,8,אי-שוויון | איש שלום | אבינו שבשמים | ארמית שומרונית | אדר שני | אמר שם | אנשי שלומנו | אימון שדה,substituted,yes,1,wikipedia,אי-שוויון כלכלי
ha-00403,א״ש,אחת מההשלכות של א״ש כלכלי הוא א״ש בתחום הדיור.,אי-שוויון,א״ש.02,אי-שוויון,weak,8,אי-שוויון | איש שלום | אבינו שבשמים | ארמית שומרונית | אדר שני | אמר שם | אנשי שלומנו | אימון שדה,substituted,yes,1,wikipedia,אי-שוויון כלכלי
ha-00404,א״ש,להלן נתוני המדד לשנים 1998-2016: אי השוויון בהכנסות בישראל לפי מדדי א״ש שונים גבוה בהשוואה למדינות המפותחות.,אי-שוויון,א״ש.02,אי-שוויון,weak,8,אי-שוויון | איש שלום | אבינו שבשמים | ארמית שומרונית | אדר שני | אמר שם | אנשי שלומנו | אימון שדה,substituted,yes,1,wikipedia,אי-שוויון כלכלי
ha-00405,א״ש,"Grenadier-Division), המכונה לפעמים דיוויזיית א״ש ה-153 (בגרמנית: 153.",אימון שדה,א״ש.05,אימון שדה,weak,8,אי-שוויון | איש שלום | אבינו שבשמים | ארמית שומרונית | אדר שני | אמר שם | אנשי שלומנו | אימון שדה,substituted,yes,1,wikipedia,הדיוויזיה ה-153 (ורמאכט)
ha-00406,א״ש,"ארגון מחדש מתוכנן נוסף לדיוויזיית א״ש 182, שהוזמן על ידי OKH ב-20 באוגוסט 1944, גם הוא לא יצא לפועל.",אימון שדה,א״ש.05,אימון שדה,weak,8,אי-שוויון | איש שלום | אבינו שבשמים | ארמית שומרונית | אדר שני | אמר שם | אנשי שלומנו | אימון שדה,substituted,yes,1,wikipedia,הדיוויזיה ה-182 (ורמאכט)
ha-00407,א״ש,"בשנות המלחמה למד א״ש תחת רב העיירה, אך בעוד בישיבה הקדיש את מרב זמנו ללימודים תורניים וזמן מועט לרכישה אוטודידקטית של השכלה כללית, כעת התהפך היחס, עד שבעיירה כינוהו על שם ברוך שפינוזה.",איש שלום,א״ש.03,איש שלום,weak,8,אי-שוויון | איש שלום | אבינו שבשמים | ארמית שומרונית | אדר שני | אמר שם | אנשי שלומנו | אימון שדה,substituted,yes,1,wikipedia,מרדכי איש-שלום
ha-00408,א״ש,א״ש טען שקולק עשה ויתורים לדתיים שהוא לא היה מסכים להם.,איש שלום,א״ש.03,איש שלום,weak,8,אי-שוויון | איש שלום | אבינו שבשמים | ארמית שומרונית | אדר שני | אמר שם | אנשי שלומנו | אימון שדה,substituted,yes,1,wikipedia,מרדכי איש-שלום
ha-00409,א״ש,"א״ש החלה את דרכה העיתונאית עוד כילדה, כמגישה וככתבת לילדים ולנוער.",איש שלום,א״ש.03,איש שלום,weak,8,אי-שוויון | איש שלום | אבינו שבשמים | ארמית שומרונית | אדר שני | אמר שם | אנשי שלומנו | אימון שדה,substituted,yes,1,wikipedia,תמר איש שלום
ha-00410,א״ש,"הוא גם א״ש שמטר של גשם משקה, מרווה, מזבל את הארץ, מעדן אותה ונותן עדנה וזיו בפירות.",אמר שם,א״ש.04,אמר שם,weak,8,אי-שוויון | איש שלום | אבינו שבשמים | ארמית שומרונית | אדר שני | אמר שם | אנשי שלומנו | אימון שדה,substituted,yes,1,wikipedia,רב חנא בגדתאה
ha-00411,א״ש,"סוקרטס א״ש כי מלבד הפעם ההיא, מעולם לא כיהן בתפקיד כלשהו באתונה.",אמר שם,א״ש.04,אמר שם,weak,8,אי-שוויון | איש שלום | אבינו שבשמים | ארמית שומרונית | אדר שני | אמר שם | אנשי שלומנו | אימון שדה,substituted,yes,1,wikipedia,סוקרטס
ha-00412,א״ש,"מצד שני, הרצל עצמו א״ש, בין השאר, שההצלחה הגדולה ביותר במשא ומתן עם הבריטים לגבי ""אוגנדה"" היה דווקא כישלונו.",אמר שם,א״ש.04,אמר שם,weak,8,אי-שוויון | איש שלום | אבינו שבשמים | ארמית שומרונית | אדר שני | אמר שם | אנשי שלומנו | אימון שדה,substituted,yes,1,wikipedia,תוכנית אוגנדה
ha-00413,א״ש,"בהקשרים מסוימים של יכולת ארגון ופרגמטיזם מדיני יש לביטוי ""מפא""יניק"" גוון חיובי, אך לעיתים הוא נושא גוון שלילי של העדפת ""א״ש"" ומשק ריכוזי.",אנשי שלומנו,א״ש.07,אנשי שלומנו,weak,8,אי-שוויון | איש שלום | אבינו שבשמים | ארמית שומרונית | אדר שני | אמר שם | אנשי שלומנו | אימון שדה,substituted,yes,1,wikipedia,"מפא""י"
ha-00414,א״ש,"א״ש, או שומרונית, הייתה ניב מניבי השפה הארמית ששימשה את השומרונים בכתבי הקודש והספרות שלהם.",ארמית שומרונית,א״ש.06,ארמית שומרונית,weak,8,אי-שוויון | איש שלום | אבינו שבשמים | ארמית שומרונית | אדר שני | אמר שם | אנשי שלומנו | אימון שדה,substituted,yes,1,wikipedia,ארמית שומרונית
ha-00415,א״ש,"תחומי התמחותו הם עברית שומרונית, א״ש ופונולוגיה ומורפולוגיה של לשון המקרא.",ארמית שומרונית,א״ש.06,ארמית שומרונית,weak,8,אי-שוויון | איש שלום | אבינו שבשמים | ארמית שומרונית | אדר שני | אמר שם | אנשי שלומנו | אימון שדה,substituted,yes,1,wikipedia,משה פלורנטין
ha-00416,א״ת,"אולם, כשהוכרז על הפקתו של הסרט המתחרה, ""לעולם א״ת לעולם לא"", המפיקים שכרו מחדש את מור בהאמינם ששחקן מבוסס בתפקיד יהיה מתחרה טוב יותר נגד שון קונרי.",אל תאמר,א״ת.01,אל תאמר,weak,3,אל תאמר | אזור תעשיה | אם תאמר,substituted,yes,3,wikipedia,אוקטופוסי
ha-00417,א״ת,"ברברה קאררה אמרה שהיא דחתה את התפקיד בגלל השתתפותה בסרט בונד המתחרה ""לעולם א״ת לעולם לא"".",אל תאמר,א״ת.01,אל תאמר,weak,3,אל תאמר | אזור תעשיה | אם תאמר,substituted,yes,3,wikipedia,אוקטופוסי
ha-00418,א״ת,"רווחים אלו אמנם נמוכים קצת מהסרט הקודם, אך גבוהים מאלו של ""לעולם א״ת לעולם לא"".",אל תאמר,א״ת.01,אל תאמר,weak,3,אל תאמר | אזור תעשיה | אם תאמר,substituted,yes,3,wikipedia,אוקטופוסי
ha-00419,א״ת,"א״ת את האמת, יוכל האדם המבקש לרצוח לחזור בו ולהחליט שלא לבצע את הרצח; אך לך אסור לבצע מעשה בלתי-מוסרי.",אם תאמר,א״ת.02,אם תאמר,weak,3,אל תאמר | אזור תעשיה | אם תאמר,substituted,yes,3,wikipedia,דאונטולוגיה
ha-00420,א״ת,"א״ת כלי עציו ובגדיו ומתכותיו, מטבילם והם טהורים; על מה חסה תורה?",אם תאמר,א״ת.02,אם תאמר,weak,3,אל תאמר | אזור תעשיה | אם תאמר,substituted,yes,3,wikipedia,התורה חסה על ממונם של ישראל
ha-00421,א״ת,"בידיעה שכריסטיאן ייהרג א״ת אחרת, סאטין אומרת לכריסטיאן שהיא לא אוהבת אותו.",אם תאמר,א״ת.02,אם תאמר,weak,3,אל תאמר | אזור תעשיה | אם תאמר,substituted,yes,3,wikipedia,מולן רוז' (מחזמר)
ha-00422,בא״ח,"בא״ח הוא ספר הלכות ודרשות מחולק לסדר פרשיות השבוע, ובו ביאור קצר על הפרשה והלכות שחובר על ידי רבי יוסף חיים מבגדאד (1834–1909), לפי סדר דרשותיו של הרב לקהילתו בשבתות.",בן איש חי,בא״ח.01,בן איש חי,weak,2,בן איש חי | בסיס אימונים חטיבתי,substituted,no,3,wikipedia,בן איש חי (ספר)
ha-00423,בא״ח,"בפרשיות השבוע, לעיתים 'מחברים פרשיות', מפני לוח השנה העברי, בספר בא״ח, בשנה הראשונה כל הפרשיות מחוברות, ובשנה השנייה הן נפרדות.",בן איש חי,בא״ח.01,בן איש חי,weak,2,בן איש חי | בסיס אימונים חטיבתי,substituted,no,3,wikipedia,בן איש חי (ספר)
ha-00424,בא״ח,דרכו של בא״ח לפתוח בדרשה (לעיתים על פי הקבלה ולעיתים על פי הפשט) ולקשר את מה שנאמר בדרשה להלכות אותם הוא רוצה לדרוש.,בן איש חי,בא״ח.01,בן איש חי,weak,2,בן איש חי | בסיס אימונים חטיבתי,substituted,no,3,wikipedia,בן איש חי (ספר)
ha-00425,בא״ש,"בא״ש היא עיר במחוז הדרום המשמשת בירת המחוז (ולעיתים מכונה ""בירת הנגב"").",באר שבע,בא״ש.01,באר שבע,weak,2,באר שבע | בני אברהם שפירא,substituted,no,3,wikipedia,באר שבע
ha-00426,בא״ש,"שטח השיפוט של בא״ש הוא 117,500 דונם, ובשטח השיפוט היא הרביעית בגודלה בישראל והשלישית במחוז הדרום, אחרי דימונה וערד.",באר שבע,בא״ש.01,באר שבע,weak,2,באר שבע | בני אברהם שפירא,substituted,no,3,wikipedia,באר שבע
ha-00427,בא״ש,"העיר שוכנת בצפון הנגב, בקצה המערבי של בקעת בא״ש.",באר שבע,בא״ש.01,באר שבע,weak,2,באר שבע | בני אברהם שפירא,substituted,no,3,wikipedia,באר שבע
ha-00428,בב״ד,"בב״ד היא מכלול הצעדים הננקטים לשם מניעת תאונות דרכים, למזעור מספר הנפגעים והפחתת חומרת הפגיעות השונות בתאונות אלו.",בטיחות בדרכים,בב״ד.01,בטיחות בדרכים,weak,2,בפני בית דין | בטיחות בדרכים,substituted,yes,3,wikipedia,בטיחות בדרכים
ha-00429,בב״ד,"לכן, מודל יעיל של ניהול בב״ד מתמקד בגישה מערכתית: תיאום בין בעלי העניין לצורך שיפור מרכיבי מערכת התחבורה באופן שיפחית את הסיכוי לתאונה, ואם תתרחש כזו עוצמתה לא תוביל להיפגעות חמורה.",בטיחות בדרכים,בב״ד.01,בטיחות בדרכים,weak,2,בפני בית דין | בטיחות בדרכים,substituted,yes,3,wikipedia,בטיחות בדרכים
ha-00430,בב״ד,"בשנת 2012 הושג היעד הכמותי שהוצב בתוכנית ומספר ההרוגים בתאונות דרכים באותה שנה היה נמוך מ-300, כאשר גם ביתר המדדים של בב״ד ובהשוואות בינלאומיות מצבה של ישראל השתפר.",בטיחות בדרכים,בב״ד.01,בטיחות בדרכים,weak,2,בפני בית דין | בטיחות בדרכים,substituted,yes,3,wikipedia,בטיחות בדרכים
ha-00431,בב״ד,לאחר המלחמה הועמדו לדין חלק ממנהלי המפעל שייצר את ציקלון בה בב״ד צבאי אמריקאי בנירנברג וכמה מהם נידונו לתקופות מאסר על חלקם בתהליך ההשמדה.,בפני בית דין,בב״ד.02,בפני בית דין,weak,2,בפני בית דין | בטיחות בדרכים,substituted,yes,3,wikipedia,ציקלון בה
ha-00432,בב״ד,"לאחר מלחמת העולם השנייה נלכדו מיכאילוביץ' ואנשיו, הועמדו למשפט בב״ד ממלכתי, ורובם הוצאו להורג.",בפני בית דין,בב״ד.02,בפני בית דין,weak,2,בפני בית דין | בטיחות בדרכים,substituted,yes,3,wikipedia,צ'טניקים
ha-00433,בב״ד,"משפט הרופאים בגרמניה הוא משפט בו הועמדו לדין בב״ד צבאי של ארצות הברית 23 פושעי מלחמה נאציים, שביצעו ניסויים רפואיים בגופם של אסירים ואשר היה חלק מסדרת משפטי נירנברג הנוספים.",בפני בית דין,בב״ד.02,בפני בית דין,weak,2,בפני בית דין | בטיחות בדרכים,substituted,yes,3,wikipedia,משפט הרופאים בגרמניה
ha-00434,בדא״ח,"ובמחזור ויטרי כתב ש""קרבן שבת ונסכיו נאמרו בדא״ח"".",בדיבור אחד,בדא״ח.03,בדיבור אחד,weak,4,בדרך אחרת | בדרך אחת | בדיבור אחד | בדברי אלוקים חיים,substituted,yes,3,wikipedia,תפילת מוסף של שבת
ha-00435,בדא״ח,"דוגמה בולטת לכך ניתן למצוא בתחילת הבית השני: ""שמור וזכור בדא״ח"".",בדיבור אחד,בדא״ח.03,בדיבור אחד,weak,4,בדרך אחרת | בדרך אחת | בדיבור אחד | בדברי אלוקים חיים,substituted,yes,3,wikipedia,לכה דודי
ha-00436,בדא״ח,בחברות מסורתיות רבות היה קשה או אפילו בלתי אפשרי להצטרף למעמד העליון בדא״ח מלבד להיוולד לתוכו.,בדרך אחרת,בדא״ח.01,בדרך אחרת,weak,4,בדרך אחרת | בדרך אחת | בדיבור אחד | בדברי אלוקים חיים,substituted,yes,3,wikipedia,המעמד העליון
ha-00437,בדא״ח,"כוח מבחינה סוציולוגית הוא היכולת לגרום או לכפות על יחידים וקבוצות לפעול בדרך מסוימת או להימנע מפעולה בדא״ח, בדרך כלל על ידי נקיטת סנקציות שונות או על ידי איום בהן.",בדרך אחרת,בדא״ח.01,בדרך אחרת,weak,4,בדרך אחרת | בדרך אחת | בדיבור אחד | בדברי אלוקים חיים,substituted,yes,3,wikipedia,כוח (סוציולוגיה)
ha-00438,בדא״ח,"ככלל, המושגים ""רדיקל"" ו""רדיקל חופשי"" מתייחסים לאותה תופעה, אולם רדיקל יכול להיות כלוא בכלוב ממס (מוקף על ידי מולקולות ממס במבנה מסודר), או קשור בדא״ח.",בדרך אחרת,בדא״ח.01,בדרך אחרת,weak,4,בדרך אחרת | בדרך אחת | בדיבור אחד | בדברי אלוקים חיים,substituted,yes,3,wikipedia,רדיקלים חופשיים
ha-00439,בדא״ח,על-פי המשפט היסודי של האריתמטיקה כל מספר טבעי פריק לגורמים ראשונים בדא״ח בלבד.,בדרך אחת,בדא״ח.02,בדרך אחת,weak,4,בדרך אחרת | בדרך אחת | בדיבור אחד | בדברי אלוקים חיים,substituted,yes,3,wikipedia,מספרים זרים
ha-00440,בדא״ח,"על פי תפיסתו, אמן צריך להיות ""מדען"", חייב להיות תוסס וחדשני ולא להיות מקובע בדא״ח לאורך חייו.",בדרך אחת,בדא״ח.02,בדרך אחת,weak,4,בדרך אחרת | בדרך אחת | בדיבור אחד | בדברי אלוקים חיים,substituted,yes,3,wikipedia,שמואל ניסנבאום
ha-00441,בדא״ח,"לפי דבריו של הג'וקר ברומן הגרפי, ""לפעמים אני זוכר זאת בדא״ח לפעמים בדרך אחרת.",בדרך אחת,בדא״ח.02,בדרך אחת,weak,4,בדרך אחרת | בדרך אחת | בדיבור אחד | בדברי אלוקים חיים,substituted,yes,3,wikipedia,באטמן: הבדיחה ההורגת
ha-00442,בדר״כ,"בצוות הלוחמים של רכבי הסיור, נמצאים בדר״כ עליו חייל קלע, חייל נגביסט וחייל חובש, לצד שאר הלוחמים ומפקדי סיור.",בדרך כלל,בדר״כ.01,בדרך כלל,verified,2,בדרך כלל | ב-ד רב כהנא- ארמית בשל רב כהנא,natural,no,3,wikipedia,סיור
ha-00443,בדר״כ,"במערכת המבוססת על 'דו' נייד, סימני הסולפג' וגבהי הצלילים אמנם מתואמים בדר״כ באותו אופן כמו במערכת המנוגדת, אך אין שום דרישה מחייבת שהמוזיקאים יקשרו את סימני הסולפג' עם גבהי הצליל הממשיים.",בדרך כלל,בדר״כ.01,בדרך כלל,verified,2,בדרך כלל | ב-ד רב כהנא- ארמית בשל רב כהנא,natural,no,3,wikipedia,פיתוח שמיעה
ha-00444,בדר״כ,"הסיווג של מוזיקאים מתחלק בדר״כ לקטגוריות שלהלן: נגן או אינסטרומנטליסט, אדם המנגן בכלי נגינה.",בדרך כלל,בדר״כ.01,בדרך כלל,weak,2,בדרך כלל | ב-ד רב כהנא- ארמית בשל רב כהנא,substituted,no,3,wikipedia,מוזיקאי
ha-00445,בדר״כ,מספר התושבים בעיירה נע בדר״כ בין כמה מאות לכמה עשרות אלפים.,בדרך כלל,בדר״כ.01,בדרך כלל,weak,2,בדרך כלל | ב-ד רב כהנא- ארמית בשל רב כהנא,substituted,no,3,wikipedia,עיירה
ha-00446,בדר״כ,"באזורים שונים בעולם, למשל בהודו, מספר התושבים בכפר גדול יכול להיות גדול בהרבה מאשר בעיירה קטנה אך בדר״כ עיירה תהיה גדולה מכפר וקטנה מעיר.",בדרך כלל,בדר״כ.01,בדרך כלל,weak,2,בדרך כלל | ב-ד רב כהנא- ארמית בשל רב כהנא,substituted,no,3,wikipedia,עיירה
ha-00447,בד״א,"אם יש שני בני אדם שכל אחד הוא בד״א של חברו, יכולים מהתורה להעביר אחד לשני בפחות מארבע אמות, וכך ניתן לטלטל למרחקים עצומים.",בד' אמות,בד״א.01,בד' אמות,weak,4,במה דברים אמורים | בעלי דרגות אחרות | בד' אמות | ברוך דיָן אמת,substituted,yes,3,wikipedia,טלטול ברשות הרבים
ha-00448,בד״א,"בעקבות זאת, כהנים אינם מורשים להיכנס לבית קברות לעמוד בד״א של מת או לשהות בחדר בו נמצא יהודי שמת.",בד' אמות,בד״א.01,בד' אמות,weak,4,במה דברים אמורים | בעלי דרגות אחרות | בד' אמות | ברוך דיָן אמת,substituted,yes,3,wikipedia,כהן
ha-00449,בד״א,"במקביל, בשנים 1971-1976 ערכה והגישה את תוכניתה ""בד״א"".",בד' אמות,בד״א.01,בד' אמות,weak,4,במה דברים אמורים | בעלי דרגות אחרות | בד' אמות | ברוך דיָן אמת,substituted,yes,3,wikipedia,עדנה פאר
ha-00450,בד״א,"פעמים רבות במשנה, רבי יהודה מסייג את דברי הקודמים לו ומתבטא בלשון ""אימתי, בזמן ש..."" או ב""בד״א"".",במה דברים אמורים,בד״א.03,במה דברים אמורים,weak,4,במה דברים אמורים | בעלי דרגות אחרות | בד' אמות | ברוך דיָן אמת,substituted,yes,3,wikipedia,רבי יהודה
ha-00451,בד״א,"הפטרול הראשון הורכב מ־2 קצינים ו־28 בד״א, ולרשותם הועמדו משאיות שברולט ופורד.",בעלי דרגות אחרות,בד״א.02,בעלי דרגות אחרות,weak,4,במה דברים אמורים | בעלי דרגות אחרות | בד' אמות | ברוך דיָן אמת,substituted,yes,3,wikipedia,קבוצת המדבר ארוכת הטווח
ha-00452,בד״א,"כוח האדם בשירות קבע כולל 3,357 קצינים ו-10,697 בד״א.",בעלי דרגות אחרות,בד״א.02,בעלי דרגות אחרות,weak,4,במה דברים אמורים | בעלי דרגות אחרות | בד' אמות | ברוך דיָן אמת,substituted,yes,3,wikipedia,הצי המלכותי האוסטרלי
ha-00453,בד״א,460 קצינים ו-2234 בד״א שירתו בחייל ועד 200 נוספים שירתו בכוחות האוויריים של בריטניה.,בעלי דרגות אחרות,בד״א.02,בעלי דרגות אחרות,weak,4,במה דברים אמורים | בעלי דרגות אחרות | בד' אמות | ברוך דיָן אמת,substituted,yes,3,wikipedia,חיל האוויר המלכותי האוסטרלי
ha-00454,בד״מ,הקמת האינקוויזיציה הספרדית: בד״מ שנועד לדכא כפירה ואפיקורסות.,בית דין מיוחד,בד״מ.01,בית דין מיוחד,weak,2,בית דין מיוחד | בית דין משמעתי,substituted,yes,3,wikipedia,"איזבלה הראשונה, מלכת קסטיליה"
ha-00455,בד״מ,"בד״מ שהוקם לצורך העניין, ובו נציגים משלושת בתי הדין החרדיים החשובים ביותר, פסק כי ""שומר נפשו ירחק ממנו"".",בית דין מיוחד,בד״מ.01,בית דין מיוחד,weak,2,בית דין מיוחד | בית דין משמעתי,substituted,yes,3,wikipedia,אליעזר ברלנד
ha-00456,בד״מ,ביוני 2019 החל לפעול בד״מ ובו דיינים משלושת בתי הדין החרדיים הבולטים בישראל כדי לפסוק את דינו של ברלנד.,בית דין מיוחד,בד״מ.01,בית דין מיוחד,weak,2,בית דין מיוחד | בית דין משמעתי,substituted,yes,3,wikipedia,אליעזר ברלנד
ha-00457,בד״מ,חוק הדיינים מורה על הקמת בד״מ לדיינים בבתי הדין הרבניים.,בית דין משמעתי,בד״מ.02,בית דין משמעתי,weak,2,בית דין מיוחד | בית דין משמעתי,substituted,yes,3,wikipedia,דין משמעתי
ha-00458,בד״מ,"על פסיקה של בד״מ מחוזי קיימת רשות ערעור לבית הדין המשמעתי הארצי, שעל פסיקתו ניתן לערעור בזכות לבית המשפט המחוזי בירושלים.",בית דין משמעתי,בד״מ.02,בית דין משמעתי,weak,2,בית דין מיוחד | בית דין משמעתי,substituted,yes,3,wikipedia,דין משמעתי
ha-00459,בד״מ,"בד״מ רשאי להטיל על נאשם שהורשע בעבירת משמעת את העונשים הבאים: אזהרה, נזיפה, קנס (עד סך של 25,000 שקלים כנגד כל עבירה), השעיה מן הלשכה והוצאה מן הלשכה (כלומר, שלילת רישיון לעסוק בעריכת דין).",בית דין משמעתי,בד״מ.02,בית דין משמעתי,weak,2,בית דין מיוחד | בית דין משמעתי,substituted,yes,3,wikipedia,לשכת עורכי הדין בישראל
ha-00460,בד״צ,"בד״צ הוא בית דין הפועל במסגרת הצבא ותפקידו לשפוט חיילים וכן אזרחים הכפופים לצבא, בעבירות פליליות בלבד.",בית דין צבאי,בד״צ.01,בית דין צבאי,weak,2,בית דין צבאי | בית דין צדק,substituted,no,3,wikipedia,בית דין צבאי
ha-00461,בד״צ,בד״צ זה היה בעברו ממוקם במחנה הדר שבחיפה.,בית דין צבאי,בד״צ.01,בית דין צבאי,weak,2,בית דין צבאי | בית דין צדק,substituted,no,3,wikipedia,בית דין צבאי (ישראל)
ha-00462,בד״צ,בד״צ זה דן בעניינם של קצינים בכירים וכן נושאים מורכבים.,בית דין צבאי,בד״צ.01,בית דין צבאי,weak,2,בית דין צבאי | בית דין צדק,substituted,no,3,wikipedia,בית דין צבאי (ישראל)
ha-00463,בד״ר,"פורום בד״ר, באתר דין - עורכי דין ומידע משפטי בישראל.",בית דין רבני,בד״ר.01,בית דין רבני,weak,2,בית דין רבני | בן דב רפפורט,substituted,no,3,wikipedia,בית דין רבני
ha-00464,בה״ג,"יונה פרנקל כתב כי הפיוט התחבר כנראה לאחר חתימת התלמוד הבבלי, אך קדם למאה התשיעית, בה חי בה״ג שהעתיק במניין המצוות שלו את לשון הפיוט.",בעל הלכות גדולות,בה״ג.01,בעל הלכות גדולות,weak,2,בן הגאון | בעל הלכות גדולות,substituted,no,3,wikipedia,אתה הנחלת
ha-00465,בה״ג,"בה״ג ממשיך ומונה שם את שבעת נביאי אומות העולם אחרי האבות כפי שמובא בגמרא, והוא ממשיך: ”אלו נתנבאו לאומות העולם עד שלא נתנה תורה לישראל, וכשנתנה תורה לישראל פסקה רוח הקודש מן האומות”.",בעל הלכות גדולות,בה״ג.01,בעל הלכות גדולות,weak,2,בן הגאון | בעל הלכות גדולות,substituted,no,3,wikipedia,הנבואה במסורת ישראל
ha-00466,בה״ג,לדעת בה״ג גוי שנתגייר יש להטיף ממנו דם ברית לצורך גיורו.,בעל הלכות גדולות,בה״ג.01,בעל הלכות גדולות,weak,2,בן הגאון | בעל הלכות גדולות,substituted,no,3,wikipedia,הטפת דם ברית
ha-00467,בה״מ,בסדר קדשים במשנה נמצאת מסכת מידות המתארת את בה״מ השני והר הבית.,בית המקדש,בה״מ.01,בית המקדש,weak,2,בית המקדש | ברכת המזון,substituted,yes,3,wikipedia,בית המקדש השני
ha-00468,בה״מ,"העם נענו לתוכחתו של חגי, ובכד בכסלו, בשנה השנייה לדריווש החלו לבנות מחדש את בה״מ.",בית המקדש,בה״מ.01,בית המקדש,weak,2,בית המקדש | ברכת המזון,substituted,yes,3,wikipedia,בית המקדש השני
ha-00469,בה״מ,ביסוס ממלכת החשמונאים בשנים הבאות הביא לפיתוח מערך לוגיסטי ותשתיתי מקיף סביב ירושלים שנועד לשרת את צורכי הפולחן והכלכלה של בה״מ.,בית המקדש,בה״מ.01,בית המקדש,weak,2,בית המקדש | ברכת המזון,substituted,yes,3,wikipedia,בית המקדש השני
ha-00470,בה״מ,"ביסוד בה״מ עומדת חובת האדם להודות לבוראו על המזון שממנו הוא מתקיים, ולהכיר בכך שהמזון, גוף האדם והקרקע ניתנים מידי הבורא ובהשגחתו.",ברכת המזון,בה״מ.02,ברכת המזון,weak,2,בית המקדש | ברכת המזון,substituted,yes,3,wikipedia,ברכת המזון
ha-00471,בה״מ,"לדעת רבן גמליאל יש לברך בה״מ על כל מאכל משבעת המינים, שהם המופיעים בתורה בפרשה של בה״מ.",ברכת המזון,בה״מ.02,ברכת המזון,weak,2,בית המקדש | ברכת המזון,substituted,yes,3,wikipedia,ברכת המזון
ha-00472,בה״מ,"לדעת רבי עקיבא מברכים בה״מ על כל מה שאדם אוכל ממנו כדי לשבוע ועושה אותו עיקר סעודתו, ואפילו יהיה זה ירק.",ברכת המזון,בה״מ.02,ברכת המזון,weak,2,בית המקדש | ברכת המזון,substituted,yes,3,wikipedia,ברכת המזון
ha-00473,בח״ם,"לאחר שידור התוכנית, סרדוצ'קה אמרה כי הביטוי ""לָאשָׁה טוּמְבָּאי"" הוא בח״ם ונועד לשמש כחריזה למילים אחרות המופיעות בשיר.",ביטוי חסר משמעות,בח״ם.01,ביטוי חסר משמעות,weak,3,ביטוי חסר משמעות | בחבר מרכז | בחטיבת מבצעים,substituted,no,3,wikipedia,רוסיה באירוויזיון
ha-00474,בח״ם,"מאוחר יותר, הצהיר סרדוצ'קה כי ""Lasha Tumbai"" היה בח״ם שנועד לחרוז עם מילים אחרות בשיר.",ביטוי חסר משמעות,בח״ם.01,ביטוי חסר משמעות,weak,3,ביטוי חסר משמעות | בחבר מרכז | בחטיבת מבצעים,substituted,no,3,wikipedia,יחסי אוקראינה–רוסיה באירוויזיון
ha-00475,ביד״מ,הקמת האינקוויזיציה הספרדית: ביד״מ שנועד לדכא כפירה ואפיקורסות.,בית דין מיוחד,ביד״מ.01,בית דין מיוחד,weak,2,"בית דין מיוחד | בית דין למשמעת, בית דין משמעתי",substituted,no,3,wikipedia,"איזבלה הראשונה, מלכת קסטיליה"
ha-00476,ביד״מ,"ביד״מ שהוקם לצורך העניין, ובו נציגים משלושת בתי הדין החרדיים החשובים ביותר, פסק כי ""שומר נפשו ירחק ממנו"".",בית דין מיוחד,ביד״מ.01,בית דין מיוחד,weak,2,"בית דין מיוחד | בית דין למשמעת, בית דין משמעתי",substituted,no,3,wikipedia,אליעזר ברלנד
ha-00477,ביד״מ,ביוני 2019 החל לפעול ביד״מ ובו דיינים משלושת בתי הדין החרדיים הבולטים בישראל כדי לפסוק את דינו של ברלנד.,בית דין מיוחד,ביד״מ.01,בית דין מיוחד,weak,2,"בית דין מיוחד | בית דין למשמעת, בית דין משמעתי",substituted,no,3,wikipedia,אליעזר ברלנד
ha-00478,ביד״צ,"ביד״צ הוא בית דין הפועל במסגרת הצבא ותפקידו לשפוט חיילים וכן אזרחים הכפופים לצבא, בעבירות פליליות בלבד.",בית דין צבאי,ביד״צ.01,בית דין צבאי,weak,2,בית דין צבאי | בית דין צדק,substituted,no,3,wikipedia,בית דין צבאי
ha-00479,ביד״צ,ביד״צ זה היה בעברו ממוקם במחנה הדר שבחיפה.,בית דין צבאי,ביד״צ.01,בית דין צבאי,weak,2,בית דין צבאי | בית דין צדק,substituted,no,3,wikipedia,בית דין צבאי (ישראל)
ha-00480,ביד״צ,ביד״צ זה דן בעניינם של קצינים בכירים וכן נושאים מורכבים.,בית דין צבאי,ביד״צ.01,בית דין צבאי,weak,2,בית דין צבאי | בית דין צדק,substituted,no,3,wikipedia,בית דין צבאי (ישראל)
ha-00481,ביה״כ,"ביה״כ מכונה ""מקדש מעט"" מפאת קדושתו והשוואתו לבית המקדש.",בית הכנסת,ביה״כ.01,בית הכנסת,weak,2,בית הכנסת | בית הכסא,substituted,no,3,wikipedia,בית כנסת
ha-00482,ביה״כ,"כך, למשל, ביה״כ שאותר בגמלא שברמת הגולן, אשר היה פעיל עד המרד הגדול.",בית הכנסת,ביה״כ.01,בית הכנסת,weak,2,בית הכנסת | בית הכסא,substituted,no,3,wikipedia,בית כנסת
ha-00483,ביה״כ,"לאחר חורבן בית המקדש השני עלתה חשיבותו של ביה״כ, כאשר החלו לקיים בו תפילות.",בית הכנסת,ביה״כ.01,בית הכנסת,weak,2,בית הכנסת | בית הכסא,substituted,no,3,wikipedia,בית כנסת
ha-00484,ביה״מ,"""ביה״מ למורים העברי הממלכתי על שם דוד ילין"" היה שמה הראשון הרשמי והמלא של המכללה, אך בפי כל היא הייתה ידועה בשם סמינר בית הכרם, שכן היא שוכנת על גבעה נישאה בלבה של שכונת בית הכרם.",בית המדרש,ביה״מ.01,בית המדרש,weak,2,בית המשפט | בית המדרש,substituted,yes,2,wikipedia,"המכללה האקדמית לחינוך ע""ש דוד ילין"
ha-00485,ביה״מ,"ב-1882, כשקווי התיחום בינו לבין הפוזיטיבים-היסטוריים והליברלים היו ברורים דיים, ומקץ מאבקים שנמשכו מאז שנות ה-40, החליף הילדסהיימר את שם המוסד ל""ביה״מ לרבנים בברלין"", כדי להדגיש את עמדתו.",בית המדרש,ביה״מ.01,בית המדרש,weak,2,בית המשפט | בית המדרש,substituted,yes,2,wikipedia,בית המדרש לרבנים בברלין
ha-00486,ביה״מ,"בכך הלך בעקבות ביה״מ לרבנים בברסלאו ובניגוד לבית הספר הגבוה למדעי היהדות בברלין, שבו התאפיין הסגל במגוון דעות פוליטיות ודתיות.",בית המדרש,ביה״מ.01,בית המדרש,weak,2,בית המשפט | בית המדרש,substituted,yes,2,wikipedia,בית המדרש לרבנים בברלין
ha-00487,ביה״מ,"ביה״מ מתכנס בבניין ביה״מ בוושינגטון, הסמוך לבניין הקפיטול.",בית המשפט,ביה״מ.02,בית המשפט,weak,2,בית המשפט | בית המדרש,substituted,yes,2,wikipedia,בית המשפט העליון של ארצות הברית
ha-00488,ביה״מ,"ביה״מ יושב תמיד בהרכבו המלא, כך שלמעשה כל שופט נותן פסק דין בכל תיק המובא בפני ביה״מ.",בית המשפט,ביה״מ.02,בית המשפט,weak,2,בית המשפט | בית המדרש,substituted,yes,2,wikipedia,בית המשפט העליון של ארצות הברית
ha-00489,ביה״מ,בחלק הראשון של פרק 3 לחוקת ארצות הברית כתוב: תולדות ביה״מ העליון משקפות את התפתחותה של ארצות הברית.,בית המשפט,ביה״מ.02,בית המשפט,weak,2,בית המשפט | בית המדרש,substituted,yes,2,wikipedia,בית המשפט העליון של ארצות הברית
ha-00490,בי״מ,בי״מ הוא מקום המשמש לביצוע עבודות תיקון ויצור שונות.,בית מלאכה,בי״מ.01,בית מלאכה,weak,2,בית משפט | בית מלאכה,substituted,yes,3,wikipedia,בית מלאכה
ha-00491,בי״מ,"החל מתקופת המהפכה התעשייתית, ""בי״מ"" עשוי להיות חדר, חדרים או בניין המספקים את השטח ואת הכלים (או המכונות) העשויים להידרש לייצור או לתיקון של מוצרים מיוצרים.",בית מלאכה,בי״מ.01,בית מלאכה,weak,2,בית משפט | בית מלאכה,substituted,yes,3,wikipedia,בית מלאכה
ha-00492,בי״מ,"ישנם אמנים שקוראים למקום היצירה שלהם בי״מ, סטודיו או אטלייה.",בית מלאכה,בי״מ.01,בית מלאכה,weak,2,בית משפט | בית מלאכה,substituted,yes,3,wikipedia,בית מלאכה
ha-00493,בי״מ,בי״מ הוא חלק מהרשות השופטת– מוסד אשר המדינה מעניקה לו סמכות שפיטה כללית.,בית משפט,בי״מ.02,בית משפט,weak,2,בית משפט | בית מלאכה,substituted,yes,3,wikipedia,בית משפט
ha-00494,בי״מ,"""בי״מ"" הוא חלק ממערכת בתי המשפט הכללית של המדינה, בעוד ש""בית דין"" דן בעניין מסוים, ובדרך כלל לפי מערכת דינים מיוחדת ושונה ממערכת החוקים הרגילה.",בית משפט,בי״מ.02,בית משפט,weak,2,בית משפט | בית מלאכה,substituted,yes,3,wikipedia,בית משפט
ha-00495,בי״מ,בי״מ הוא ערכאה לה נותנת המדינה סמכות שפיטה כללית.,בית משפט,בי״מ.02,בית משפט,weak,2,בית משפט | בית מלאכה,substituted,yes,3,wikipedia,בתי המשפט בישראל
ha-00496,בכ״מ,"להבדיל מצפון ודרום, שהם כיוונים מוחלטים בעלי משמעות זהה בכ״מ על-פני כדור הארץ, מערב ומזרח הם כיוונים יחסיים, ומתאימים לקו הרוחב שבו נמצא אומרם.",בכל מקום,בכ״מ.01,בכל מקום,weak,3,בכל מקום | בכל מקרה | בכמה מקומות,substituted,yes,2,wikipedia,מערב
ha-00497,בכ״מ,אזור זמן (באנגלית: Time zone) הוא אזור על פני כדור הארץ שבין גבולותיו השעה הרשמית והתאריך הרשמי זהים בכ״מ ובכל עונות השנה.,בכל מקום,בכ״מ.01,בכל מקום,weak,3,בכל מקום | בכל מקרה | בכמה מקומות,substituted,yes,2,wikipedia,אזור זמן
ha-00498,בכ״מ,"להבדיל מצפון ודרום שהם כיוונים מוחלטים, כלומר בעלי אותה משמעות בכ״מ על-פני כדור הארץ, מערב ומזרח הם כיוונים יחסיים, ומתאימים לקו הרוחב שבו נמצא אומרם.",בכל מקום,בכ״מ.01,בכל מקום,weak,3,בכל מקום | בכל מקרה | בכמה מקומות,substituted,yes,2,wikipedia,מזרח
ha-00499,בכ״מ,"בכ״מ אחר ראש השנה האתיופי חל ב־11 בספטמבר, על פי הלוח הגרגוריאני.",בכל מקרה,בכ״מ.02,בכל מקרה,weak,3,בכל מקום | בכל מקרה | בכמה מקומות,substituted,yes,2,wikipedia,לוח השנה האתיופי
ha-00500,בכ״מ,"מאפיין אחר של היישוב הוא מאפיין השלטון, כלומר – ליישוב (בדרך כלל, אך לא בכ״מ) שלטון אוטונומי במידה מסוימת (גם אם הוא כפוף לשלטון מרחבי).",בכל מקרה,בכ״מ.02,בכל מקרה,weak,3,בכל מקום | בכל מקרה | בכמה מקומות,substituted,yes,2,wikipedia,יישוב
ha-00501,בכ״מ,"יש תרופות שאסורות בשלבי היריון מסוימים, ובתחילת ההריון (עד שבוע 8) מומלץ לקחת כמה שפחות תרופות בכ״מ.",בכל מקרה,בכ״מ.02,בכל מקרה,weak,3,בכל מקום | בכל מקרה | בכמה מקומות,substituted,yes,2,wikipedia,קטגוריית סיכון בהריון
ha-00502,בכ״מ,"בכ״מ הוא נזכר כ""רבי יהודה בן תימא"", ובאחרים ללא התואר ""רבי"".",בכמה מקומות,בכ״מ.03,בכמה מקומות,weak,3,בכל מקום | בכל מקרה | בכמה מקומות,substituted,yes,2,wikipedia,יהודה בן תימא
ha-00503,בכ״מ,"בכ״מ בתלמוד נזכר התנא ""בן תימא"" וייתכן שהוא רבי יהודה בן תימא לפני שסמכו אותו.",בכמה מקומות,בכ״מ.03,בכמה מקומות,weak,3,בכל מקום | בכל מקרה | בכמה מקומות,substituted,yes,2,wikipedia,יהודה בן תימא
ha-00504,בכ״מ,"חרוטי מגן נפוצים בהוואי ואף בכ״מ ברמת הגולן, למשל ברכס דלוה, הנמצא בסמוך לחורבות הכפר דלוה.",בכמה מקומות,בכ״מ.03,בכמה מקומות,weak,3,בכל מקום | בכל מקרה | בכמה מקומות,substituted,yes,2,wikipedia,חרוט געשי
ha-00505,בלו״ך,"בלוך הוא שם משפחה יהודי שמוצאו באיטליה או באזורים קלטיים, ומשמעותו היא ""בלו״ך""[דרוש מקור].",בני לוי כולנו,בלו״ך.01,בני לוי כולנו,weak,2,בני לוי כולנו | בר לבב ונקי כפיים,substituted,no,3,wikipedia,בלוך
ha-00506,בל״ח,"ביהדות, גירושין מתבצעים כאשר איש נותן לאשתו שטר (המכונה ""ספר כריתות"" בלשון המקרא, או ""גט"" בל״ח), שבו משחרר אותה מן הנישואים.",בלשון חכמים,בל״ח.01,בלשון חכמים,weak,3,בלשון חכמים | בחור/ה לחוץ/ת חתונה | בלא חרטה,substituted,no,3,wikipedia,מסכת גיטין
ha-00507,בל״ח,בל״ח חבית היא שם לכלי הגדול מכד וקטן מפיטס.,בלשון חכמים,בל״ח.01,בלשון חכמים,weak,3,בלשון חכמים | בחור/ה לחוץ/ת חתונה | בלא חרטה,substituted,no,3,wikipedia,חבית
ha-00508,בל״ח,"לפני כן שימשה המילה ענבה בל״ח כגרסה נקבית של ""עינב"" או לתיאור גרגיר בודד של פירות רבים אחרים.",בלשון חכמים,בל״ח.01,בלשון חכמים,weak,3,בלשון חכמים | בחור/ה לחוץ/ת חתונה | בלא חרטה,substituted,no,3,wikipedia,ענבה
ha-00509,בל״ע,"בל״ע הרע (ביידיש: ""קעניינע הארע"") הוא אלבום סולו של הזמר-יוצר החסידי-אמריקאי ליפא שמלצר.",בלי עין,בל״ע.01,בלי עין,weak,2,בלי עין | בלשון ערב,substituted,no,3,wikipedia,בלי עין הרע (אלבום של ליפא שמלצר)
ha-00510,בל״ע,"הביטוי ביידיש "" קיין עין הרע"" (בל״ע הרע) הוא אפוטרופאי מטבעו, ומקביל לביטוי ""הקש בעץ"".",בלי עין,בל״ע.01,בלי עין,weak,2,בלי עין | בלשון ערב,substituted,no,3,wikipedia,אפוטרופאיזם
ha-00511,בל״ע,"בשנת 2001 הוציאה את אלבומה הראשון בל״ע הרע, דיסק אוטוביוגרפי בסגנון פופ אלקטרוני המשלב מוטיבים אתניים עם מוזיקה עכשווית.",בלי עין,בל״ע.01,בלי עין,weak,2,בלי עין | בלשון ערב,substituted,no,3,wikipedia,אדרת (זמרת)
ha-00512,במ״ר,"שמות רבה, במ״ר, דברים רבה ואסתר רבה מתוארכים לתקופה מאוחרת יותר וחלקם נערכו במתכונתם הנוכחית אחרי שנת 1000 לספירה.",במדבר רבה,במ״ר.01,במדבר רבה,weak,2,במדבר רבה | בנות מניה רקורסיביות,substituted,no,3,wikipedia,מדרש רבה
ha-00513,במ״ר,"לפי מדרש במ״ר, מהמאה ה-12 לספירה, דגלו של השבט היה ציור של עץ זית על שם הברכות שקיבל מיעקב וממשה, ""מאשר שמֵנה לחמו"" ""וְטֹבֵל בַּשֶּׁמֶן רַגְלוֹ"".",במדבר רבה,במ״ר.01,במדבר רבה,weak,2,במדבר רבה | בנות מניה רקורסיביות,substituted,no,3,wikipedia,שבט אשר
ha-00514,במ״ר,"אלא לפי ששתי פעמים נראה לה המלאך, אחת בעיר ואחת בשדה"" (במ״ר י, ה) ""סדין עשתה ותמכור"" זו הצללפוני, אמו של שמשון שהייתה דומה לאישה שאורגת וטווה בשוק, מפני שלא פרה ורבה.",במדבר רבה,במ״ר.01,במדבר רבה,weak,2,במדבר רבה | בנות מניה רקורסיביות,substituted,no,3,wikipedia,אשת מנוח
ha-00515,בנ״ע,"לכן, למרות השונות הגדולה שבין בנ״ע, ניתן להכליל ולומר כי נוער גאה עשוי להיות נתון לסיכון גבוה, למצוקה וללחצים רבים.",בני נוער,בנ״ע.01,בני נוער,weak,2,בני נוער | בני עקיבא,substituted,yes,2,wikipedia,התבגרות
ha-00516,בנ״ע,מסע בנ״ע לפולין הוא מן הפעילויות המרכזיות במערכת החינוך בישראל סביב הוראת השואה.,בני נוער,בנ״ע.01,בני נוער,weak,2,בני נוער | בני עקיבא,substituted,yes,2,wikipedia,מסע בני נוער לפולין
ha-00517,בנ״ע,"ב-1988 התקיים ""מצעד החיים"" הראשון אשר נוסד על ידי אברהם הירשזון, ומאז גובש נוהל מסודר במשרד החינוך, ואלפי בנ״ע יוצאים במסגרתו מדי שנה.",בני נוער,בנ״ע.01,בני נוער,weak,2,בני נוער | בני עקיבא,substituted,yes,2,wikipedia,מסע בני נוער לפולין
ha-00518,בנ״ע,"בנ״ע היא תנועת נוער ציונית־דתית בין־לאומית, הדוגלת בערכי תורה ועבודה.",בני עקיבא,בנ״ע.02,בני עקיבא,weak,2,בני נוער | בני עקיבא,substituted,yes,2,wikipedia,בני עקיבא
ha-00519,בנ״ע,בנ״ע בישראל היא תנועת הנוער המרכזית של הציבור הדתי לאומי בישראל ותנועת הנוער הגדולה בישראל.,בני עקיבא,בנ״ע.02,בני עקיבא,weak,2,בני נוער | בני עקיבא,substituted,yes,2,wikipedia,בני עקיבא
ha-00520,בנ״ע,בעקבות הפיצול הוקמו סניפי בנ״ע עם הפרדה בין בנים לבנות.,בני עקיבא,בנ״ע.02,בני עקיבא,weak,2,בני נוער | בני עקיבא,substituted,yes,2,wikipedia,בני עקיבא
ha-00521,בס״ד,"כעת לא ידוע אם קזחסטן תזכה להשתתף בס״ד בתחרות, אך ככל הנראה קזחסטן תשתתף באירוויזיון 2027 בגלל חוק חדש בתחרות שיכול לגרום גם לקוסובו להצטרף אליה.",בסוף דבר,בס״ד.01,בסוף דבר,weak,2,בסוף דבר | בסייעתא דשמיא (מילולית: בסיוע השמיים,substituted,no,3,wikipedia,מדינות שלא משתתפות באירוויזיון
ha-00522,בס״ד,"בס״ד נראה שארטמיס פאול השתנה לטובה, שכן הוא תרם באנונימיות את הציור הגנוב הגנב מעולם הפיות, שאותו הוא גנב לפני תקיפת הביו-פצצה של קובוי, למוזיאון הלובר.",בסוף דבר,בס״ד.01,בסוף דבר,weak,2,בסוף דבר | בסייעתא דשמיא (מילולית: בסיוע השמיים,substituted,no,3,wikipedia,ארטמיס פאול: המזימה של אופאל
ha-00523,בס״ד,במהלך הסדרה הוצגו משחקים רבים שניקלודיאון הוציאו בס״ד במציאות ל־Game Play.,בסוף דבר,בס״ד.01,בסוף דבר,weak,2,בסוף דבר | בסייעתא דשמיא (מילולית: בסיוע השמיים,substituted,no,3,wikipedia,דיינג'רוורס
ha-00524,בעה״ב,נמלי בעה״ב מאופיינים בשילוב של שליטה ציבורית ושליטה פרטית.,בעל הבית,בעה״ב.01,בעל הבית,weak,2,בעלות הברית | בעל הבית,substituted,yes,3,wikipedia,הרפורמה בנמלי הים בישראל
ha-00525,בעה״ב,"נכון ל-2022, מודל בעה״ב הוא המודל הנפוץ ביותר בנמלים בינוניים או גדולים.",בעל הבית,בעה״ב.01,בעל הבית,weak,2,בעלות הברית | בעל הבית,substituted,yes,3,wikipedia,הרפורמה בנמלי הים בישראל
ha-00526,בעה״ב,"ישנם ברחבי העולם נמלים רבים שנמצאים בתהליך מעבר ממודל של ""נמל שירותים"" (שבו השליטה היא ציבורית כמעט במלואה) למודל נמל בעה״ב, והוא נחשב ליעיל יותר ולמעודד תחרות.",בעל הבית,בעה״ב.01,בעל הבית,weak,2,בעלות הברית | בעל הבית,substituted,yes,3,wikipedia,הרפורמה בנמלי הים בישראל
ha-00527,בעה״ב,"כאשר פרצה המלחמה ב-1 בספטמבר 1939, הקואליציה של בעה״ב כללה את בריטניה, צרפת ופולין, כמו גם את המדינות הנתמכות עליהן, כמו הראג' הבריטי.",בעלות הברית,בעה״ב.02,בעלות הברית,weak,2,בעלות הברית | בעל הבית,substituted,yes,3,wikipedia,בעלות הברית
ha-00528,בעה״ב,"כאשר מדינות הציר החלו לפלוש לצפון אירופה ולבלקן, בעה״ב צירפו את הולנד, בלגיה, נורווגיה, יוון ויוגוסלביה.",בעלות הברית,בעה״ב.02,בעלות הברית,weak,2,בעלות הברית | בעל הבית,substituted,yes,3,wikipedia,בעלות הברית
ha-00529,בעה״ב,"כוחותיו של דה גול נלחמו במערכות רבות לצד בעה״ב, כולל המערכות בלוב, מצרים, ואתיופיה.",בעלות הברית,בעה״ב.02,בעלות הברית,weak,2,בעלות הברית | בעל הבית,substituted,yes,3,wikipedia,בעלות הברית
ha-00530,בע״ד,"נאמר שמישהו הוא בע״ד מוטה, אם שיקול דעתו מושפע מהטיה עד לרמה שבה השקפותיו אינן יכולות להיתפס כנייטרליות או אובייקטיביות, אלא כסובייקטיביות.",בעל דעה,בע״ד.01,בעל דעה,weak,2,"בעל דעה | בעל דין, בעל דינו, בעל דיני",substituted,no,3,wikipedia,הטיה
ha-00531,בע״ד,המיסיונר סמואל גובאט היה בע״ד שלילית לגביו והוא כתב ביומנו: הסקת המסקנות של גובאט התרחשה כנראה בגלל הפשיטה שביצעו חיילי הראס לגונדר ב-14 במאי 1830.,בעל דעה,בע״ד.01,בעל דעה,weak,2,"בעל דעה | בעל דין, בעל דינו, בעל דיני",substituted,no,3,wikipedia,"מאריה, צ'יף יג'ו"
ha-00532,בע״ד,"""רב סיינפלד"", חרדי אמריקני, הוא בע״ד נחרצת בגנות הסגירות שהשתלטה על החברה החרדית בישראל.",בעל דעה,בע״ד.01,בעל דעה,weak,2,"בעל דעה | בעל דין, בעל דינו, בעל דיני",substituted,no,3,wikipedia,עצור כאן חושבים
ha-00533,בע״מ,"כהן בע״מ הוא כהן אשר גופו לוקה בחסר ויש בו מום, הפוסל אותו מעבודת המקדש.",בעל מום,בע״מ.02,בעל מום,weak,4,בערבון מוגבל | בעל מלאכה | בעל מום | בקשת ערעור משפחה,substituted,yes,3,wikipedia,בעל מום
ha-00534,בע״מ,"קרבן בע״מ הוא בעל חיים אשר גופו לוקה בחסר ויש בו מום, הפוסל אותו מלהיות מוקרב במקדש.",בעל מום,בע״מ.02,בעל מום,weak,4,בערבון מוגבל | בעל מלאכה | בעל מום | בקשת ערעור משפחה,substituted,yes,3,wikipedia,בעל מום
ha-00535,בע״מ,"כהן בע״מ שעבד עבודה הקרבן חולל ונפסל, ועל הבעלים להביא קרבן חדש.",בעל מום,בע״מ.02,בעל מום,weak,4,בערבון מוגבל | בעל מלאכה | בעל מום | בקשת ערעור משפחה,substituted,yes,3,wikipedia,בעל מום
ha-00536,בע״מ,"צורף הוא אֻמָּן, במשמעות בע״מ העוסק בעיבוד מתכות אצילות (כסף, זהב, ופלטינה) לשם ייצור תכשיטים, לרוב תוך שיבוץ אבנים יקרות בתכשיט.",בעל מלאכה,בע״מ.03,בעל מלאכה,weak,4,בערבון מוגבל | בעל מלאכה | בעל מום | בקשת ערעור משפחה,substituted,yes,3,wikipedia,צורף
ha-00537,בע״מ,"זגג הוא בע״מ העוסק בזיגוג כגון קיבוע שמשות במסגרות ובחלונות, החלפת זכוכיות ותיקונם.",בעל מלאכה,בע״מ.03,בעל מלאכה,weak,4,בערבון מוגבל | בעל מלאכה | בעל מום | בקשת ערעור משפחה,substituted,yes,3,wikipedia,זגג
ha-00538,בע״מ,לעיתים נדדו שוליות לעיר מרוחקת ממקום מגוריהם על מנת ללמוד אצל בע״מ נודע.,בעל מלאכה,בע״מ.03,בעל מלאכה,weak,4,בערבון מוגבל | בעל מלאכה | בעל מום | בקשת ערעור משפחה,substituted,yes,3,wikipedia,שוליה
ha-00539,בע״מ,"על סמך החלטות אלו נחתם ב-2 בדצמבר 2002 הסכם בין המדינה לבין החברה לישראל בע""מ ובתי זיקוק לנפט בע""מ, על פיו הפיצול וההפרטה של בתי הזיקוק יבוצעו במהלך השנים 2004–2005.",בערבון מוגבל,בע״מ.01,בערבון מוגבל,verified,4,בערבון מוגבל | בעל מלאכה | בעל מום | בקשת ערעור משפחה,natural,yes,3,wikipedia,בתי זיקוק לנפט
ha-00540,בע״מ,"שותפות היא התאגדות משפטית, בין מספר ישויות משפטיות (כגון מספר בני אדם, מספר חברות וכיוצא בזה) המנהלים יחד עסק לשם הפקת רווחים, ואינם מאוגדים באופן אחר כמו בחברה בע״מ או אגודה שיתופית.",בערבון מוגבל,בע״מ.01,בערבון מוגבל,weak,4,בערבון מוגבל | בעל מלאכה | בעל מום | בקשת ערעור משפחה,substituted,yes,3,wikipedia,שותפות
ha-00541,בע״מ,הרמת מסך היא כלי משפטי המאפשר לייחס את החובות והזכויות של חברה בע״מ לבעליה.,בערבון מוגבל,בע״מ.01,בערבון מוגבל,weak,4,בערבון מוגבל | בעל מלאכה | בעל מום | בקשת ערעור משפחה,substituted,yes,3,wikipedia,הרמת מסך
ha-00542,בע״מ,"הוא פרסם בעיתון טור בשם ""בע״מ"", ובו מקבץ של ידיעות קצרות, שכדברי מרקוס אין הקורא צריך לראותן כידיעות רשמיות ובדוקות, אלא לקבלן ""בע״מ"".",בערבון מוגבל,בע״מ.01,בערבון מוגבל,weak,4,בערבון מוגבל | בעל מלאכה | בעל מום | בקשת ערעור משפחה,substituted,yes,3,wikipedia,יואל מרקוס
ha-00543,בע״פ,"המשנה נאמרה בע״פ, והיא מלאה באמצעים לשוניים, צורניים ותוכניים המקלים על הזיכרון (לדוגמה, משניות המזכירות אחת את השנייה יובאו בזו אחר זו.",בעל פה,בע״פ.01,בעל פה,weak,2,בעל פה | בעֶרֶב פסח,substituted,no,3,wikipedia,משנה
ha-00544,בע״פ,"כיוון שהמשנה נלמדה בע״פ, היא ערוכה לעיתים בצורה של דיאלוג, או שאלות ותשובות, ומרבה להביא מחלוקות בלא פסיקה הלכתית.",בעל פה,בע״פ.01,בעל פה,weak,2,בעל פה | בעֶרֶב פסח,substituted,no,3,wikipedia,משנה
ha-00545,בע״פ,ישנן מסגרות חינוך כמו שיטת זילברמן ושיטת זכרו ששינון משניות בע״פ הוא מרכיב מרכזי בשיטה החינוכית שלהם.,בעל פה,בע״פ.01,בעל פה,weak,2,בעל פה | בעֶרֶב פסח,substituted,no,3,wikipedia,משנה
ha-00546,ברה״מ,שורשיה של ברה״מ נעוצים במהפכת אוקטובר של 1917.,ברית המועצות,ברה״מ.01,ברית המועצות,weak,2,ברית המועצות | ברכת המזון,substituted,yes,3,wikipedia,ברית המועצות
ha-00547,ברה״מ,"לאחר שנכשלה בבניית קואליציה אנטי-נאצית באירופה, חתמה ברה״מ על הסכם אי-תוקפנות עם גרמניה הנאצית בשנת 1939 (הסכם ריבנטרופ-מולוטוב).",ברית המועצות,ברה״מ.01,ברית המועצות,weak,2,ברית המועצות | ברכת המזון,substituted,yes,3,wikipedia,ברית המועצות
ha-00548,ברה״מ,"לאחר המלחמה, ברה״מ ביססה את השטח שנכבש על ידי הצבא האדום, הקימה מדינות לוויין, והחלה בפיתוח כלכלי מהיר שביסס את מעמדה כמעצמת-על.",ברית המועצות,ברה״מ.01,ברית המועצות,weak,2,ברית המועצות | ברכת המזון,substituted,yes,3,wikipedia,ברית המועצות
ha-00549,ברה״מ,"ביסוד ברה״מ עומדת חובת האדם להודות לבוראו על המזון שממנו הוא מתקיים, ולהכיר בכך שהמזון, גוף האדם והקרקע ניתנים מידי הבורא ובהשגחתו.",ברכת המזון,ברה״מ.02,ברכת המזון,weak,2,ברית המועצות | ברכת המזון,substituted,yes,3,wikipedia,ברכת המזון
ha-00550,ברה״מ,"לדעת רבן גמליאל יש לברך ברה״מ על כל מאכל משבעת המינים, שהם המופיעים בתורה בפרשה של ברה״מ.",ברכת המזון,ברה״מ.02,ברכת המזון,weak,2,ברית המועצות | ברכת המזון,substituted,yes,3,wikipedia,ברכת המזון
ha-00551,ברה״מ,"לדעת רבי עקיבא מברכים ברה״מ על כל מה שאדם אוכל ממנו כדי לשבוע ועושה אותו עיקר סעודתו, ואפילו יהיה זה ירק.",ברכת המזון,ברה״מ.02,ברכת המזון,weak,2,ברית המועצות | ברכת המזון,substituted,yes,3,wikipedia,ברכת המזון
ha-00552,ברז״ל,"הינדא, נשואה לרב שמעון זאב מייזליש, רב בית הכנסת ""ישמח משה"" בשכונת ברך משה בקריית יואל, ברז״ל, אב בית דין סיגייט.",בן רבי זלמן לייב,ברז״ל.01,בן רבי זלמן לייב,weak,2,בן רבי זלמן לייב | בלהה רחל זלפה לאה,substituted,no,3,wikipedia,אהרן טייטלבוים
ha-00553,בר״מ,"רבי יצחק בר״מ הלוי מדורא (דירן) שבגרמניה, היה מרבני אשכנז במאה הראשונה לאלף השישי (המאה ה-13 - המאה ה-14).",בן רבי מאיר,בר״מ.01,בן רבי מאיר,weak,3,בן רבי משה | בן רבי מרדכי | בן רבי מאיר,substituted,yes,3,wikipedia,יצחק מדורא
ha-00554,בר״מ,"רבי יהודה היה בן לרבי קלונימוס בר״מ ממשפחת קלונימוס, שהיגרה מאיטליה לאשכנז במאה ה-10 ונטלה חלק פעיל בהקמת מרכז התורה באשכנז במשך מאות בשנים.",בן רבי מאיר,בר״מ.01,בן רבי מאיר,weak,3,בן רבי משה | בן רבי מרדכי | בן רבי מאיר,substituted,yes,3,wikipedia,יהודה בן קלונימוס משפיירא
ha-00555,בר״מ,נכתב במאה ה-13 על ידי רבי יצחק בר״מ הלוי מהעיר דורא (דירן) שבגרמניה.,בן רבי מאיר,בר״מ.01,בן רבי מאיר,weak,3,בן רבי משה | בן רבי מרדכי | בן רבי מאיר,substituted,yes,3,wikipedia,שערי דורא
ha-00556,בר״מ,"רבי יצחק בר״מ, דיין בבית הדין של רגנשבורג.",בן רבי מרדכי,בר״מ.02,בן רבי מרדכי,weak,3,בן רבי משה | בן רבי מרדכי | בן רבי מאיר,substituted,yes,3,wikipedia,יצחק בן אשר הלוי
ha-00557,בר״מ,"רבותיו היו: דודו, רבי אברהם בן שמואל (אחיו של רבי יהודה החסיד), רבי אפרים מרגנשבורג, וכנראה גם רבי שמריה בר״מ.",בן רבי מרדכי,בר״מ.02,בן רבי מרדכי,weak,3,בן רבי משה | בן רבי מרדכי | בן רבי מאיר,substituted,yes,3,wikipedia,יהודה בן קלונימוס משפיירא
ha-00558,בר״מ,"חתנו היה קרובו, רבי ראובן (בר״מ דוד) הרב הצעיר מאולינוב.",בן רבי מרדכי,בר״מ.02,בן רבי מרדכי,weak,3,בן רבי משה | בן רבי מרדכי | בן רבי מאיר,substituted,yes,3,wikipedia,חסידות בארנוב
ha-00559,בר״מ,"חתניו: רבי ירחמיאל בר״מ יוסף מאויהל, ובזיווג שני רבי יצחק ישעיה מטשכויב; רבי יקותיאל שמואל שמעלקע ערבליך, נינו של רבי משה לייב מסאסוב.",בן רבי משה,בר״מ.03,בן רבי משה,weak,3,בן רבי משה | בן רבי מרדכי | בן רבי מאיר,substituted,yes,3,wikipedia,חסידות פוריסוב
ha-00560,בר״מ,";בקאלושין כיהן תלמידו של רבי מאיר שלום, רבי אלעזר אלתר אליקים בריעה בידרמן (בן רבי דוד יוסף בן רבי שלמה יחיאל בר״מ מלעלוב).",בן רבי משה,בר״מ.03,בן רבי משה,weak,3,בן רבי משה | בן רבי מרדכי | בן רבי מאיר,substituted,yes,3,wikipedia,חסידות פוריסוב
ha-00561,בר״מ,"חתנו של רבי אשר אלימלך, רבי נחום שלמה פרלוב (בר״מ מסטולין) מילא את מקום חמיו עד הירצחו בשואה.",בן רבי משה,בר״מ.03,בן רבי משה,weak,3,בן רבי משה | בן רבי מרדכי | בן רבי מאיר,substituted,yes,3,wikipedia,חסידות קוז'ניץ
ha-00562,בר״ש,";בקאלושין כיהן תלמידו של רבי מאיר שלום, רבי אלעזר אלתר אליקים בריעה בידרמן (בן רבי דוד יוסף בר״ש יחיאל בן רבי משה מלעלוב).",בן רבי שלמה,בר״ש.01,בן רבי שלמה,weak,4,ברבי שמעון | ברית שלום | בן רבי שלמה | בן רבי שמשון,substituted,yes,3,wikipedia,חסידות פוריסוב
ha-00563,בר״ש,"בין צאצאיו ששימשו באדמו""רות: רבי מרדכי מקמינקא-קוריץ, בר״ש דב מברשיבקה, בן רבי אפרים חיים, בן רבי פנחס משיפיטובקה בנו של רבי מרדכי.",בן רבי שלמה,בר״ש.01,בן רבי שלמה,weak,4,ברבי שמעון | ברית שלום | בן רבי שלמה | בן רבי שמשון,substituted,yes,3,wikipedia,שושלת קוריץ
ha-00564,בר״ש,"אביו, אברהם אבא, היה בנו של פנחס בן משה, בר״ש אב בית הדין של סטאנוב, בנו של רבי נתן נטע שפירא בעל ה""מגלה עמוקות"".",בן רבי שלמה,בר״ש.01,בן רבי שלמה,weak,4,ברבי שמעון | ברית שלום | בן רבי שלמה | בן רבי שמשון,substituted,yes,3,wikipedia,פנחס שפירא מקוריץ
ha-00565,בר״ש,בשורה ארוכה של מקורות במדרשים ובתלמוד הירושלמי מובא סיפור דברים אחר לחלוטין בנוגע לאופן צאתם של רבי שמעון בר יוחאי ובנו רבי אלעזר בר״ש מהמערה.,ברבי שמעון,בר״ש.02,ברבי שמעון,weak,4,ברבי שמעון | ברית שלום | בן רבי שלמה | בן רבי שמשון,substituted,yes,3,wikipedia,רבי אלעזר ברבי שמעון
ha-00566,בר״ש,"מסיבה זאת סירבו בני עכברה (או גוש חלב) לאפשר את קבורתו של רבי אלעזר בר״ש וגופתו נחטפה מהכפר בט' בתשרי, ערב יום כיפור, עת היו טרודים בהכנות לצום.",ברבי שמעון,בר״ש.02,ברבי שמעון,weak,4,ברבי שמעון | ברית שלום | בן רבי שלמה | בן רבי שמשון,substituted,yes,3,wikipedia,רבי אלעזר ברבי שמעון
ha-00567,בר״ש,"נראה שהיה גיסו של רבי אלעזר בר״ש, אף על פי שישנם מקורות שעולה מהם שהיה חמיו של רבי אלעזר.",ברבי שמעון,בר״ש.02,ברבי שמעון,weak,4,ברבי שמעון | ברית שלום | בן רבי שלמה | בן רבי שמשון,substituted,yes,3,wikipedia,רבי שמעון בן יוסי
ha-00568,בר״ש,"חברי בר״ש ראו חשיבות לאומית רבה בתחיית התרבות העברית והתרבות הערבית כאחד, כדי ליצור הבנות המבוססות על המכנה המשותף ההיסטורי בין התרבויות.",ברית שלום,בר״ש.03,ברית שלום,weak,4,ברבי שמעון | ברית שלום | בן רבי שלמה | בן רבי שמשון,substituted,yes,3,wikipedia,ברית שלום
ha-00569,בר״ש,"חברי ""בר״ש"" סברו, שככל שהזמן חולף, ערביי ארץ ישראל מתבצרים בהתנגדות לציונות ולכן יש להגיע איתם להסכמים ולהבנות.",ברית שלום,בר״ש.03,ברית שלום,weak,4,ברבי שמעון | ברית שלום | בן רבי שלמה | בן רבי שמשון,substituted,yes,3,wikipedia,ברית שלום
ha-00570,בר״ש,"אגודת בר״ש דגלה בשוויון מדיני בין שתי הקהילות, היהודית והערבית, וזאת על אף הפער הדמוגרפי הגדול ביניהן (בתקופה זו היו בארץ ישראל כ-800 אלף ערבים ורק כ-160 אלף יהודים).",ברית שלום,בר״ש.03,ברית שלום,weak,4,ברבי שמעון | ברית שלום | בן רבי שלמה | בן רבי שמשון,substituted,yes,3,wikipedia,ברית שלום
ha-00571,ב״א,"""ב״א"" הוא שיר של הזמרת ירדנה ארזי והנציג של ישראל לאירוויזיון 1988 שנערך באותה שנה בדבלין בירת אירלנד.",בן אדם,ב״א.01,בן אדם,weak,3,בן אדם | ב' אֲלָפִים | בּוֹגֵר אוּנִיבֶרְסִיטָה,substituted,no,3,wikipedia,בן אדם (שיר של ירדנה ארזי)
ha-00572,ב״א,"ישראל השתתפה באירוויזיון 1988 עם השיר ב״א בביצוע של ירדנה ארזי בעיר דבלין, בירת אירלנד.",בן אדם,ב״א.01,בן אדם,weak,3,בן אדם | ב' אֲלָפִים | בּוֹגֵר אוּנִיבֶרְסִיטָה,substituted,no,3,wikipedia,ישראל באירוויזיון 1988
ha-00573,ב״א,"את מדינת ישראל ייצגה ירדנה ארזי עם השיר ""ב״א"", שזכה ב-85 נקודות וסיים את התחרות במקום השביעי.",בן אדם,ב״א.01,בן אדם,weak,3,בן אדם | ב' אֲלָפִים | בּוֹגֵר אוּנִיבֶרְסִיטָה,substituted,no,3,wikipedia,אירוויזיון 1988
ha-00574,ב״ב,"בארמית ""ב״ב"" הוא ""השער האחרון"", ולפניו במסכת נזיקין קיימות בבא קמא – השער הראשון, ובבא מציעא – השער האמצעי.",בבא בתרא,ב״ב.01,בבא בתרא,weak,11,בני ברק | בבא בתרא | בני ברית | בעל בית | בו ביום | בשר בחלב | בני ביתו | בן בנו | במהרה בימינו | בטל ברוב | בהר בבחוקותי,substituted,yes,2,wikipedia,בבא בתרא
ha-00575,ב״ב,החלוקה לשלושה חלקים נעשתה באופן טכני – עשרה פרקים בכל מסכת – כאשר מבחינה תוכנית ניתן היה לחלק אחרת את המסכת; כך לדוגמה הפרק האחרון של בבא מציעא והפרק הראשון של ב״ב עוסקים שניהם בדיני שותפות.,בבא בתרא,ב״ב.01,בבא בתרא,weak,11,בני ברק | בבא בתרא | בני ברית | בעל בית | בו ביום | בשר בחלב | בני ביתו | בן בנו | במהרה בימינו | בטל ברוב | בהר בבחוקותי,substituted,yes,2,wikipedia,בבא בתרא
ha-00576,ב״ב,החלוקה לשלושה חלקים נעשתה באופן טכני – עשרה פרקים בכל מסכת – כאשר מבחינה תוכנית ניתן היה לחלק אחרת את המסכת; כך לדוגמה הפרק האחרון של בבא מציעא עוסק באותו נושא כמו הפרק הראשון של ב״ב.,בבא בתרא,ב״ב.01,בבא בתרא,weak,11,בני ברק | בבא בתרא | בני ברית | בעל בית | בו ביום | בשר בחלב | בני ביתו | בן בנו | במהרה בימינו | בטל ברוב | בהר בבחוקותי,substituted,yes,2,wikipedia,בבא מציעא
ha-00577,ב״ב,"כשם שהמים בודקין אותה (חמש משניות) - בדיקת המים את האיש, משניות המתחילות בביטוי ""ב״ב"" .",בו ביום,ב״ב.02,בו ביום,weak,11,בני ברק | בבא בתרא | בני ברית | בעל בית | בו ביום | בשר בחלב | בני ביתו | בן בנו | במהרה בימינו | בטל ברוב | בהר בבחוקותי,substituted,yes,2,wikipedia,מסכת סוטה
ha-00578,ב״ב,"למעשה, כל מקום שנאמר במשנה ""ב״ב"", פירושו: ביום שמינו את רבי אלעזר בן עזריה לנשיא בישיבה ביבנה.",בו ביום,ב״ב.02,בו ביום,weak,11,בני ברק | בבא בתרא | בני ברית | בעל בית | בו ביום | בשר בחלב | בני ביתו | בן בנו | במהרה בימינו | בטל ברוב | בהר בבחוקותי,substituted,yes,2,wikipedia,מסכת עדיות
ha-00579,ב״ב,"אנינות לגבי דינים אלה שייכת ביום המיתה עד השקיעה (אפילו קברו את המת ב״ב), ומדרבנן עד שייקבר אם לא נקבר ב״ב.",בו ביום,ב״ב.02,בו ביום,weak,11,בני ברק | בבא בתרא | בני ברית | בעל בית | בו ביום | בשר בחלב | בני ביתו | בן בנו | במהרה בימינו | בטל ברוב | בהר בבחוקותי,substituted,yes,2,wikipedia,אנינות
ha-00580,ב״ב,"אף שמדאורייתא טבל שנתערב בהיתר ב״ב כשאר איסורים, חכמים החמירו באיסור טבל שלא יהיה בטל אפילו אם יש בהיתר פי אלף ויותר מהטבל.",בטל ברוב,ב״ב.03,בטל ברוב,weak,11,בני ברק | בבא בתרא | בני ברית | בעל בית | בו ביום | בשר בחלב | בני ביתו | בן בנו | במהרה בימינו | בטל ברוב | בהר בבחוקותי,substituted,yes,2,wikipedia,טבל
ha-00581,ב״ב,"ביטול ברוב: בדיני ביטול ברוב נפסק, כי חתיכת בשר אסורה או דבר אחר אסור המונח בסיר מלא בשר כשר, והתערב בו עד שאי אפשר למוצאו, הוא ב״ב ומותר לאכול את המונח בסיר.",בטל ברוב,ב״ב.03,בטל ברוב,weak,11,בני ברק | בבא בתרא | בני ברית | בעל בית | בו ביום | בשר בחלב | בני ביתו | בן בנו | במהרה בימינו | בטל ברוב | בהר בבחוקותי,substituted,yes,2,wikipedia,בריה (הלכה)
ha-00582,ב״ב,"מכיוון שהגיד הוא חפץ לעצמו שלא השתנה בשלימותו מבריאתו, הוא לא ב״ב.",בטל ברוב,ב״ב.03,בטל ברוב,weak,11,בני ברק | בבא בתרא | בני ברית | בעל בית | בו ביום | בשר בחלב | בני ביתו | בן בנו | במהרה בימינו | בטל ברוב | בהר בבחוקותי,substituted,yes,2,wikipedia,בריה (הלכה)
ha-00583,ב״ב,"נוסח ארץ ישראל: למשומדים אל תהיי תקווה, אם לא ישובו לתורתך; המינים כרגע יאבדו, אויבי עמך יכרתו, ימחו מספר חיים ועם צדיקים אל יכתבו, ותכניעם ב״ב.",במהרה בימינו,ב״ב.04,במהרה בימינו,weak,11,בני ברק | בבא בתרא | בני ברית | בעל בית | בו ביום | בשר בחלב | בני ביתו | בן בנו | במהרה בימינו | בטל ברוב | בהר בבחוקותי,substituted,yes,2,wikipedia,ברכת המינים
ha-00584,ב״ב,"בבונה ירושלים מופיעים המשפטים ""מפני שמתנתם מעוטה וחרפתם מרובה"", ""ויבוא אליהו הנביא ומשיח בן דוד עבדך ב״ב ויביאו לנו שמועה טובה מארץ מרחק"".",במהרה בימינו,ב״ב.04,במהרה בימינו,weak,11,בני ברק | בבא בתרא | בני ברית | בעל בית | בו ביום | בשר בחלב | בני ביתו | בן בנו | במהרה בימינו | בטל ברוב | בהר בבחוקותי,substituted,yes,2,wikipedia,נוסח קטלוניה
ha-00585,ב״ב,"אחרי החתימה עונים: ""אמן בחיינו אמן ב״ב תבנה עיר ציון ותיכון העבודה בירושלים""', ונזכר מנהג זה בתשובות רב נטרונאי גאון, ובדומה לנוסח איטליה עד היום.",במהרה בימינו,ב״ב.04,במהרה בימינו,weak,11,בני ברק | בבא בתרא | בני ברית | בעל בית | בו ביום | בשר בחלב | בני ביתו | בן בנו | במהרה בימינו | בטל ברוב | בהר בבחוקותי,substituted,yes,2,wikipedia,נוסח קטלוניה
ha-00586,ב״ב,"לעיתים, כדי לציין קל וחומר חזק במיוחד משתמשים בביטוי קל וחומר ב״ב של קל וחומר, למרות שהמשמעות המקורית של ביטוי זה היא דווקא ""קל וחומר"" חלש, מאחר שמקור ההשוואה עצמו נלמד ב""קל וחומר"".",בן בנו,ב״ב.05,בן בנו,weak,11,בני ברק | בבא בתרא | בני ברית | בעל בית | בו ביום | בשר בחלב | בני ביתו | בן בנו | במהרה בימינו | בטל ברוב | בהר בבחוקותי,substituted,yes,2,wikipedia,קל וחומר
ha-00587,ב״ב,"דודו הוא התנא שמעון אחי עזריה, ובין צאצאיו נמנו רבי עזריה ב״ב של רבי אבטולס, ושלשלת ראשי ישיבת גאון יעקב (הישיבה הארץ-ישראלית בימי הגאונים) לדורותם.",בן בנו,ב״ב.05,בן בנו,weak,11,בני ברק | בבא בתרא | בני ברית | בעל בית | בו ביום | בשר בחלב | בני ביתו | בן בנו | במהרה בימינו | בטל ברוב | בהר בבחוקותי,substituted,yes,2,wikipedia,רבי אלעזר בן עזריה
ha-00588,ב״ב,"נכד של יצור חי הוא ב״ב, או בן בתו של אותו יצור.",בן בנו,ב״ב.05,בן בנו,weak,11,בני ברק | בבא בתרא | בני ברית | בעל בית | בו ביום | בשר בחלב | בני ביתו | בן בנו | במהרה בימינו | בטל ברוב | בהר בבחוקותי,substituted,yes,2,wikipedia,נכד
ha-00589,ב״ב,"בשר הבכור אסור באכילה ל""זרים"" (מי שאינם כהנים), והוא מותר באכילה על ידי כהן ועל ידי ב״ב, בתחומי ירושלים המקודשת, במשך ""שני ימים ולילה אחד"" (יום ההקרבה, הלילה שלאחריו, והיום שלאחריהם).",בני ביתו,ב״ב.06,בני ביתו,weak,11,בני ברק | בבא בתרא | בני ברית | בעל בית | בו ביום | בשר בחלב | בני ביתו | בן בנו | במהרה בימינו | בטל ברוב | בהר בבחוקותי,substituted,yes,2,wikipedia,בכור בהמה טהורה
ha-00590,ב״ב,ישמעאל נימול בגיל 13 יחד עם כל ב״ב של אברהם על פי הציווי של האל לאברהם.,בני ביתו,ב״ב.06,בני ביתו,weak,11,בני ברק | בבא בתרא | בני ברית | בעל בית | בו ביום | בשר בחלב | בני ביתו | בן בנו | במהרה בימינו | בטל ברוב | בהר בבחוקותי,substituted,yes,2,wikipedia,ישמעאל
ha-00591,ב״ב,"שאר בשר הקורבן – נאכל על ידי מקריב הקורבן, ב״ב ואורחיו בתחומי ירושלים המקודשת.",בני ביתו,ב״ב.06,בני ביתו,weak,11,בני ברק | בבא בתרא | בני ברית | בעל בית | בו ביום | בשר בחלב | בני ביתו | בן בנו | במהרה בימינו | בטל ברוב | בהר בבחוקותי,substituted,yes,2,wikipedia,שלמי חגיגה
ha-00592,ב״ב,"ב״ב הוא ארגון צדקה יהודי בין־לאומי, שעוסק בשלום העם היהודי ומדינת ישראל, ונאבק נגד אנטישמיות ונגד צורות אחרות של אפליה.",בני ברית,ב״ב.07,בני ברית,weak,11,בני ברק | בבא בתרא | בני ברית | בעל בית | בו ביום | בשר בחלב | בני ביתו | בן בנו | במהרה בימינו | בטל ברוב | בהר בבחוקותי,substituted,yes,2,wikipedia,בני ברית
ha-00593,ב״ב,"על פי חוקת הארגון הראשונה, בין מטרותיה של ב״ב היו חזרה למודל המסורתי של הקהילות היהודיות, כפי שהיה באירופה שממנה היגרו, ביקור וטיפול בחולים, וסיוע ליתומים ולאלמנות של חברי הארגון.",בני ברית,ב״ב.07,בני ברית,weak,11,בני ברק | בבא בתרא | בני ברית | בעל בית | בו ביום | בשר בחלב | בני ביתו | בן בנו | במהרה בימינו | בטל ברוב | בהר בבחוקותי,substituted,yes,2,wikipedia,בני ברית
ha-00594,ב״ב,"הטקס מתקיים החל משנת 2001 ביער הקדושים שבפרוזדור ירושלים, בו נטועים 6 מיליון עצים לזכר קורבנות השואה, ונמצאות אנדרטאות זיכרון אשר חלקן לזכר חברי ""ב״ב"" מאירופה שנספו בשואה.",בני ברית,ב״ב.07,בני ברית,weak,11,בני ברק | בבא בתרא | בני ברית | בעל בית | בו ביום | בשר בחלב | בני ביתו | בן בנו | במהרה בימינו | בטל ברוב | בהר בבחוקותי,substituted,yes,2,wikipedia,בני ברית
ha-00595,ב״ב,"נכון לשנת 2026, ב״ב היא העיר הצפופה בישראל והשישית בצפיפותה בעולם.",בני ברק,ב״ב.08,בני ברק,weak,11,בני ברק | בבא בתרא | בני ברית | בעל בית | בו ביום | בשר בחלב | בני ביתו | בן בנו | במהרה בימינו | בטל ברוב | בהר בבחוקותי,substituted,yes,2,wikipedia,בני ברק
ha-00596,ב״ב,עד שנות ה-80 של המאה ה-20 הייתה ב״ב העיר החרדית היחידה בישראל.,בני ברק,ב״ב.08,בני ברק,weak,11,בני ברק | בבא בתרא | בני ברית | בעל בית | בו ביום | בשר בחלב | בני ביתו | בן בנו | במהרה בימינו | בטל ברוב | בהר בבחוקותי,substituted,yes,2,wikipedia,בני ברק
ha-00597,ב״ב,"בתקופת בית שני הייתה ב״ב עיר יהודית, ולאחר המרד הגדול התקיימה בה ישיבתו של התנא רבי עקיבא, בה למדו תורה חכמים רבים, ובהם חנניה בן חכינאי ורבי שמעון בר יוחאי.",בני ברק,ב״ב.08,בני ברק,weak,11,בני ברק | בבא בתרא | בני ברית | בעל בית | בו ביום | בשר בחלב | בני ביתו | בן בנו | במהרה בימינו | בטל ברוב | בהר בבחוקותי,substituted,yes,2,wikipedia,בני ברק
ha-00598,ב״ב,הג'יגר דומה בצורתו לגביע והוא ב״ב קיבול משני צידיו.,בעל בית,ב״ב.09,בעל בית,weak,11,בני ברק | בבא בתרא | בני ברית | בעל בית | בו ביום | בשר בחלב | בני ביתו | בן בנו | במהרה בימינו | בטל ברוב | בהר בבחוקותי,substituted,yes,2,wikipedia,ג'יגר (כלי מדידה)
ha-00599,ב״ב,"תפקידי המביא לבית הדפוס התגבשו עם המצאת הדפוס עוד לפני שהוגדרו ותוחמו באופן מובהק תפקידי המוציא לאור, ב״ב הדפוס, העורך הספרותי והמגיה.",בעל בית,ב״ב.09,בעל בית,weak,11,בני ברק | בבא בתרא | בני ברית | בעל בית | בו ביום | בשר בחלב | בני ביתו | בן בנו | במהרה בימינו | בטל ברוב | בהר בבחוקותי,substituted,yes,2,wikipedia,מביא לבית הדפוס
ha-00600,ב״ב,"בחלק ניכר מבתי הקפה היו נגנים שנשכרו על ידי ב״ב הקפה, כדי לשיר ולנגן ולבדר את הלקוחות.",בעל בית,ב״ב.09,בעל בית,weak,11,בני ברק | בבא בתרא | בני ברית | בעל בית | בו ביום | בשר בחלב | בני ביתו | בן בנו | במהרה בימינו | בטל ברוב | בהר בבחוקותי,substituted,yes,2,wikipedia,בית קפה
ha-00601,ב״ב,"ב״ב הוא איסור מהתורה בהלכות כשרות ביהדות, על אכילת בשר וחלב שהתבשלו יחדיו.",בשר בחלב,ב״ב.10,בשר בחלב,weak,11,בני ברק | בבא בתרא | בני ברית | בעל בית | בו ביום | בשר בחלב | בני ביתו | בן בנו | במהרה בימינו | בטל ברוב | בהר בבחוקותי,substituted,yes,2,wikipedia,בשר בחלב
ha-00602,ב״ב,"בקרב יהודי אתיופיה נשמר איסור ב״ב, אך בשר עוף לא נחשב לבשר לעניין זה.",בשר בחלב,ב״ב.10,בשר בחלב,weak,11,בני ברק | בבא בתרא | בני ברית | בעל בית | בו ביום | בשר בחלב | בני ביתו | בן בנו | במהרה בימינו | בטל ברוב | בהר בבחוקותי,substituted,yes,2,wikipedia,בשר בחלב
ha-00603,ב״ב,בעל הלכות גדולות ורבי סעדיה גאון מנו את כל איסורי ב״ב כמצווה אחת.,בשר בחלב,ב״ב.10,בשר בחלב,weak,11,בני ברק | בבא בתרא | בני ברית | בעל בית | בו ביום | בשר בחלב | בני ביתו | בן בנו | במהרה בימינו | בטל ברוב | בהר בבחוקותי,substituted,yes,2,wikipedia,בשר בחלב
ha-00604,ב״ג,"סבו, רבן שמעון ב״ג הזקן, היה מנהיג הפרושים בתקופת המרד הגדול, ונהרג במהלכו.",בן גמליאל,ב״ג.01,בן גמליאל,weak,3,בן גוריון | בן גמליאל | בני גד,substituted,yes,3,wikipedia,רבן שמעון בן גמליאל
ha-00605,ב״ג,"עם זאת, בתלמוד הבבלי נאמר: ""אמר רבה בר בר חנה אמר רבי יוחנן: כל מקום ששנה רבן שמעון ב״ג במשנתינו - הלכה כמותו"" חוץ משלושה מקרים - ""חוץ מערב וצידן וראיה אחרונה"".",בן גמליאל,ב״ג.01,בן גמליאל,weak,3,בן גוריון | בן גמליאל | בני גד,substituted,yes,3,wikipedia,רבן שמעון בן גמליאל
ha-00606,ב״ג,"עם זאת, יש שהוא מופיע גם בשם ""רבן שמעון ב״ג"" ללא תוספת, והדבר יוצר בלבול וקושי בהבחנה בינו לבין נכדו.",בן גמליאל,ב״ג.01,בן גמליאל,weak,3,בן גוריון | בן גמליאל | בני גד,substituted,yes,3,wikipedia,רבן שמעון בן גמליאל הזקן
ha-00607,ב״ג,"תנאי ב״ג ובני ראובן הוא שם כולל לסדרת פרטים הצריכים להתקיים על פי ההלכה בכל תנאי, כדי שתנאי זה יהיה בר תוקף.",בני גד,ב״ג.02,בני גד,weak,3,בן גוריון | בן גמליאל | בני גד,substituted,yes,3,wikipedia,תנאי בני גד ובני ראובן
ha-00608,ב״ג,פרטי הדינים הנלמדים מתנאי ב״ג ובני ראובן הם: א.,בני גד,ב״ג.02,בני גד,weak,3,בן גוריון | בן גמליאל | בני גד,substituted,yes,3,wikipedia,תנאי בני גד ובני ראובן
ha-00609,ב״ג,זאב ארליך מניח כי זו הסיבה כי ב״ג בקשו לבנות ערים לטף וגדרות לצאן.,בני גד,ב״ג.02,בני גד,weak,3,בן גוריון | בן גמליאל | בני גד,substituted,yes,3,wikipedia,שבט ראובן
ha-00610,ב״ד,"כיום, אב ב״ד הוא הדיין החשוב ביותר שבאותו ב״ד.",בית דין,ב״ד.01,בית דין,weak,9,"בן דוד | בית דין | בעל דין | בעל דעת | בעל דבר | בסיעתא דשמיא | בעל דקדוק | בעל דבבו (-שונא בארמית) | ברח דודי (תהלים ח, יד)",substituted,yes,2,wikipedia,אב בית דין
ha-00611,ב״ד,"(מדובר כאן רק על האב ב״ד של תקופת התלמוד.) כאשר רואים את אב בית הדין, ואפילו מרחוק, נעמדים עד שיעבור ארבע אמות הלאה ובבית המדרש עושים לכבודו שורה מכל צד בדרכו עד שישב.",בית דין,ב״ד.01,בית דין,weak,9,"בן דוד | בית דין | בעל דין | בעל דעת | בעל דבר | בסיעתא דשמיא | בעל דקדוק | בעל דבבו (-שונא בארמית) | ברח דודי (תהלים ח, יד)",substituted,yes,2,wikipedia,אב בית דין
ha-00612,ב״ד,"ב״ד קטן הוא בן שלושה אנשים, והוא מוקם לפי הצרכים.",בית דין,ב״ד.01,בית דין,weak,9,"בן דוד | בית דין | בעל דין | בעל דעת | בעל דבר | בסיעתא דשמיא | בעל דקדוק | בעל דבבו (-שונא בארמית) | ברח דודי (תהלים ח, יד)",substituted,yes,2,wikipedia,אב בית דין
ha-00613,ב״ד,"באתר מתפרסמים סיקורי חדשות, לצד כתבות מערכת וטורי דעה של עיתונאים בישראל, בהם: בן כספית, קלמן ליבסקינד, אלון ב״ד וחיים אתגר.",בן דוד,ב״ד.02,בן דוד,weak,9,"בן דוד | בית דין | בעל דין | בעל דעת | בעל דבר | בסיעתא דשמיא | בעל דקדוק | בעל דבבו (-שונא בארמית) | ברח דודי (תהלים ח, יד)",substituted,yes,2,wikipedia,מעריב אונליין
ha-00614,ב״ד,"את שירותו הצבאי עשה ב״ד ביחידה מסווגת במשרד הביטחון ולאחר מכן החל ללמוד משחק ב""בית צבי"".",בן דוד,ב״ד.02,בן דוד,weak,9,"בן דוד | בית דין | בעל דין | בעל דעת | בעל דבר | בסיעתא דשמיא | בעל דקדוק | בעל דבבו (-שונא בארמית) | ברח דודי (תהלים ח, יד)",substituted,yes,2,wikipedia,מיכאל בן דוד
ha-00615,ב״ד,"בשלב האודישנים ביצע ב״ד את השירים ""Juice"" ו-""אמא"", והעפיל לשלב הבא.",בן דוד,ב״ד.02,בן דוד,weak,9,"בן דוד | בית דין | בעל דין | בעל דעת | בעל דבר | בסיעתא דשמיא | בעל דקדוק | בעל דבבו (-שונא בארמית) | ברח דודי (תהלים ח, יד)",substituted,yes,2,wikipedia,מיכאל בן דוד
ha-00616,ב״ד,"לעומתו שיטת רבי יוסף בן לב היא שאין אדם זה יכול לשמש כעד משתי סיבות: ראשית משום שהוא עד אחד בלבד, ושנית משום שהוא ב״ד ואינו יכול להעיד על עצמו.",בעל דבר,ב״ד.04,בעל דבר,weak,9,"בן דוד | בית דין | בעל דין | בעל דעת | בעל דבר | בסיעתא דשמיא | בעל דקדוק | בעל דבבו (-שונא בארמית) | ברח דודי (תהלים ח, יד)",substituted,yes,2,wikipedia,שוויה אנפשיה חתיכה דאיסורא
ha-00617,ב״ד,"אם אכן ההבחנה בין שני ההסברים היא בשאלה מי הוא בעל הדבר, נראה שבסוגיה זו רב המאפשר לשליח להעיד, אינו רואה בשליח ב״ד.",בעל דבר,ב״ד.04,בעל דבר,weak,9,"בן דוד | בית דין | בעל דין | בעל דעת | בעל דבר | בסיעתא דשמיא | בעל דקדוק | בעל דבבו (-שונא בארמית) | ברח דודי (תהלים ח, יד)",substituted,yes,2,wikipedia,שליח (הלכה)
ha-00618,ב״ד,"הודאת ב״ד כמאה עדים דמי הוא כלל בדיני ממונות בהלכה, לפיו דברי אדם הנאמרים לחובת עצמו נאמנים יותר מכל דבר אחר, ומתחייב ממון על פי דבריו.",בעל דין,ב״ד.03,בעל דין,weak,9,"בן דוד | בית דין | בעל דין | בעל דעת | בעל דבר | בסיעתא דשמיא | בעל דקדוק | בעל דבבו (-שונא בארמית) | ברח דודי (תהלים ח, יד)",substituted,yes,2,wikipedia,הודאת בעל דין
ha-00619,ב״ד,"חיוב ממון- על אף שהודה הנתבע שחייב שעורים, והודאת ב״ד מחייבת ממון, הגמרא אומרת שהנתבע פטור מלשלם גם על השעורים.",בעל דין,ב״ד.03,בעל דין,weak,9,"בן דוד | בית דין | בעל דין | בעל דעת | בעל דבר | בסיעתא דשמיא | בעל דקדוק | בעל דבבו (-שונא בארמית) | ברח דודי (תהלים ח, יד)",substituted,yes,2,wikipedia,טענו חיטין והודה לו בשעורין
ha-00620,ב״ד,מצווה זו כוללת גם איסור על דיין להקשיב לטיעוניו של ב״ד אחד בלא ידיעתו של ב״ד אחר.,בעל דין,ב״ד.03,בעל דין,weak,9,"בן דוד | בית דין | בעל דין | בעל דעת | בעל דבר | בסיעתא דשמיא | בעל דקדוק | בעל דבבו (-שונא בארמית) | ברח דודי (תהלים ח, יד)",substituted,yes,2,wikipedia,לא תישא שמע שווא
ha-00621,ב״ד,תכופות מוצג האדם כנעלה על בעלי החיים בהיותו ב״ד ויכולת בחירה מוסרית להכריע בין טוב לרע.,בעל דעת,ב״ד.05,בעל דעת,weak,9,"בן דוד | בית דין | בעל דין | בעל דעת | בעל דבר | בסיעתא דשמיא | בעל דקדוק | בעל דבבו (-שונא בארמית) | ברח דודי (תהלים ח, יד)",substituted,yes,2,wikipedia,אדם
ha-00622,ב״ד,"לפיכך, בכל שאלה אקטואלית שעל הפרק, גם אם אינה מפורשת במקורות (כגון מפני שהיא קשורה בהתפתחויות טכנולוגיות חדישות, או בסיטואציה פוליטית חדשה), הרב ב״ד התורה יכול בכל זאת להביע את דעת התורה.",בעל דעת,ב״ד.05,בעל דעת,weak,9,"בן דוד | בית דין | בעל דין | בעל דעת | בעל דבר | בסיעתא דשמיא | בעל דקדוק | בעל דבבו (-שונא בארמית) | ברח דודי (תהלים ח, יד)",substituted,yes,2,wikipedia,דעת תורה
ha-00623,ב״ד,"לדוגמה, הסוציולקט בו מדברים ילדים להורים משכילים יהיה ב״ד תקני יותר מאשר הסוציולקט בו מדברים ילדים להורים חסרי השכלה, ויכיל שוני במאפייני דיאלקט נוספים.",בעל דקדוק,ב״ד.06,בעל דקדוק,weak,9,"בן דוד | בית דין | בעל דין | בעל דעת | בעל דבר | בסיעתא דשמיא | בעל דקדוק | בעל דבבו (-שונא בארמית) | ברח דודי (תהלים ח, יד)",substituted,yes,2,wikipedia,סוציולקט
ha-00624,ב״ה,"מרבית המחלוקות בין ב״ה לבין בית שמאי הן האם לגזור גזרות חכמים מחמירות על העם (דעתם של בית שמאי) או גזרות מקלות יותר, אם בכלל (דעתם של ב״ה).",בית הלל,ב״ה.01,בית הלל,weak,7,ברוך הבא | בית הלל | בעולם הבא | בניין הורדוס | ברוך המקום ברוך הוא | בְּעֶזְרַת הַשֵּׁם (בסיעתא דשמיא) | בָּרוּךְ הַשֵׁם,substituted,yes,3,wikipedia,בית הלל ובית שמאי
ha-00625,ב״ה,"ככלל, דברי בית שמאי תובעים החמרה במצוות יותר מאשר ב״ה, אך ישנם חריגים לכלל זה.",בית הלל,ב״ה.01,בית הלל,weak,7,ברוך הבא | בית הלל | בעולם הבא | בניין הורדוס | ברוך המקום ברוך הוא | בְּעֶזְרַת הַשֵּׁם (בסיעתא דשמיא) | בָּרוּךְ הַשֵׁם,substituted,yes,3,wikipedia,בית הלל ובית שמאי
ha-00626,ב״ה,במסכת עדיות רוכזו כל המקרים היוצאים מהכלל שבהם בית שמאי דווקא מקלים לעומת ב״ה שמחמירים.,בית הלל,ב״ה.01,בית הלל,weak,7,ברוך הבא | בית הלל | בעולם הבא | בניין הורדוס | ברוך המקום ברוך הוא | בְּעֶזְרַת הַשֵּׁם (בסיעתא דשמיא) | בָּרוּךְ הַשֵׁם,substituted,yes,3,wikipedia,בית הלל ובית שמאי
ha-00627,ב״ה,"שיא מפעל הבנייה הוא מתחם הר הבית, ובליבו בית המקדש, שעליו כתוב בתלמוד: ""מי שלא ראה ב״ה, לא ראה בניין יפה מימיו"".",בניין הורדוס,ב״ה.04,בניין הורדוס,weak,7,ברוך הבא | בית הלל | בעולם הבא | בניין הורדוס | ברוך המקום ברוך הוא | בְּעֶזְרַת הַשֵּׁם (בסיעתא דשמיא) | בָּרוּךְ הַשֵׁם,substituted,yes,3,wikipedia,הורדוס
ha-00628,ב״ה,הגמול ב״ה בא לקיים עיקרון בסיסי ביהדות – עקרון הצדק האלוהי.,בעולם הבא,ב״ה.02,בעולם הבא,weak,7,ברוך הבא | בית הלל | בעולם הבא | בניין הורדוס | ברוך המקום ברוך הוא | בְּעֶזְרַת הַשֵּׁם (בסיעתא דשמיא) | בָּרוּךְ הַשֵׁם,substituted,yes,3,wikipedia,העולם הבא
ha-00629,ב״ה,"בדרגות גבוהות אלו של החיים הרוחניים בעולם הזה יש, לדעתו, ראיה ודאית לגמול שיגיע לנפשות ב״ה לאחר המוות.",בעולם הבא,ב״ה.02,בעולם הבא,weak,7,ברוך הבא | בית הלל | בעולם הבא | בניין הורדוס | ברוך המקום ברוך הוא | בְּעֶזְרַת הַשֵּׁם (בסיעתא דשמיא) | בָּרוּךְ הַשֵׁם,substituted,yes,3,wikipedia,העולם הבא
ha-00630,ב״ה,הצדוקים כפרו בהישארות הנפש ובשכר ועונש ב״ה.,בעולם הבא,ב״ה.02,בעולם הבא,weak,7,ברוך הבא | בית הלל | בעולם הבא | בניין הורדוס | ברוך המקום ברוך הוא | בְּעֶזְרַת הַשֵּׁם (בסיעתא דשמיא) | בָּרוּךְ הַשֵׁם,substituted,yes,3,wikipedia,העולם הבא
ha-00631,ב״ה,"קיפמאייר סיפר שהתעלף יום אחד וכשהתעורר ראה את השלט ""ב״ה לאל סוברנטה"".",ברוך הבא,ב״ה.03,ברוך הבא,weak,7,ברוך הבא | בית הלל | בעולם הבא | בניין הורדוס | ברוך המקום ברוך הוא | בְּעֶזְרַת הַשֵּׁם (בסיעתא דשמיא) | בָּרוּךְ הַשֵׁם,substituted,yes,3,wikipedia,ג'ון קיפמאייר
ha-00632,ב״ה,"בשל הטשטוש בו היה שרוי, חשב שכתוב שם ""ב״ה, אל סוברנטה"" ולאחר שסיפר על כך לחבריו, הם החלו לכנותו אל סוברנטה.",ברוך הבא,ב״ה.03,ברוך הבא,weak,7,ברוך הבא | בית הלל | בעולם הבא | בניין הורדוס | ברוך המקום ברוך הוא | בְּעֶזְרַת הַשֵּׁם (בסיעתא דשמיא) | בָּרוּךְ הַשֵׁם,substituted,yes,3,wikipedia,ג'ון קיפמאייר
ha-00633,ב״ה,"אלו המתייחסים, בין שאר הנושאים, גם לאברי מין (""בונבונים"", ""עיגולים"" ו""וובוס חמינאדוס"", ""ב״ה"" וכדומה).",ברוך הבא,ב״ה.03,ברוך הבא,weak,7,ברוך הבא | בית הלל | בעולם הבא | בניין הורדוס | ברוך המקום ברוך הוא | בְּעֶזְרַת הַשֵּׁם (בסיעתא דשמיא) | בָּרוּךְ הַשֵׁם,substituted,yes,3,wikipedia,תמונות יפואיות
ha-00634,ב״ה,"ויום טוב היו עושין שלא נמצא פסול בזרעו של אהרן, וכך היו אומרין: ב״ה, שלא נמצא פסול בזרעו של אהרן” (משנה מדות ה ד).",ברוך המקום ברוך הוא,ב״ה.05,ברוך המקום ברוך הוא,weak,7,ברוך הבא | בית הלל | בעולם הבא | בניין הורדוס | ברוך המקום ברוך הוא | בְּעֶזְרַת הַשֵּׁם (בסיעתא דשמיא) | בָּרוּךְ הַשֵׁם,substituted,yes,3,wikipedia,כהן מוחזק
ha-00635,ב״ו,שופטים ב״ו היא סדרת טלוויזיה דוקומנטרית ישראלית של כאן 11 משנת 2021.,בשר ודם,ב״ו.01,בשר ודם,weak,2,בשר ודם | בדיל ויעבור (מסדר תפילת הסליחות),substituted,no,3,wikipedia,שופטים בשר ודם
ha-00636,ב״ו,"השופטים נראים בחוזקתם ובחולשתם, עומדים מאחורי פסיקות מסוימות ומודים בטעותם על פסיקות אחרות, וזה מה שמבקשת הסדרה להנכיח - שופטים ב״ו.",בשר ודם,ב״ו.01,בשר ודם,weak,2,בשר ודם | בדיל ויעבור (מסדר תפילת הסליחות),substituted,no,3,wikipedia,שופטים בשר ודם
ha-00637,ב״ו,"אמנות פלאונטולוגית: איורים וציורים של השלד המלא של בעל החיים וכן איך היה נראה כשהיה חי (""ב״ו"").",בשר ודם,ב״ו.01,בשר ודם,weak,2,בשר ודם | בדיל ויעבור (מסדר תפילת הסליחות),substituted,no,3,wikipedia,פלאונטולוגיה
ha-00638,ב״ז,"בפקודת מס הכנסה, למשל, מוגדר ב״ז: ""אדם נשוי החי ומנהל משק בית משותף עם מי שהוא נשוי לו"", כלומר נדרשת פורמליות גבוהה (נישואים) וגם התנהגות הולמת (ניהול משק בית משותף).",בן זוג,ב״ז.01,בן זוג,weak,2,בן זוג | בנימין זאב (הרצל),substituted,no,2,wikipedia,זוגיות
ha-00639,ב״ז,"ארבעת הבסיסים החנקניים הללו הם אדנין (A), גואנין (G), תימין (T) וציטוזין (C), והם מסודרים לאורך הסליל הכפול כך שכל אחד מהם שנמצא בסליל אחד קשור בקשרי מימן עם ב״ז קבוע שנמצא בסליל הנגדי.",בן זוג,ב״ז.01,בן זוג,weak,2,בן זוג | בנימין זאב (הרצל),substituted,no,2,wikipedia,DNA
ha-00640,ב״ז,"פורין A הוא ב״ז קבוע לפירימידין T, ופורין G הוא ב״ז קבוע לפירימידין C.",בן זוג,ב״ז.01,בן זוג,weak,2,בן זוג | בנימין זאב (הרצל),substituted,no,2,wikipedia,DNA
ha-00641,ב״ח,"לאחר המכירה השנייה הגיע ב״ח של ראובן, המוכר הראשון, וגבה את הקרקע מראובן בגין החוב.",בעל חוב,ב״ח.01,בעל חוב,weak,6,ב' חלקים | בעל חוב | בית חדש - חיבורו של הרב יואל סירקיש על הארבעה טורים | בן חורים | בסיס חיפה - בסיס של חיל הים הישראלי | בעל חיים בעלי חיים,substituted,no,3,wikipedia,אחריות נכסים
ha-00642,ב״ח,"כאשר הייתה התניה מפורשת בעת ההתחייבות כי לא יחול שעבוד, יש הסכמה כי אם בא ב״ח וגבה את חובו מנכס זה, המוכר אינו חייב באחריות.",בעל חוב,ב״ח.01,בעל חוב,weak,6,ב' חלקים | בעל חוב | בית חדש - חיבורו של הרב יואל סירקיש על הארבעה טורים | בן חורים | בסיס חיפה - בסיס של חיל הים הישראלי | בעל חיים בעלי חיים,substituted,no,3,wikipedia,אחריות נכסים
ha-00643,ב״ח,"חלק זה ניתן לו עם המעלות והחסרונות שבקבלת ירושה, ולכן אם בא ב״ח לגבות את חובו מנכסי המת, הוא צריך לשלם פי שניים.",בעל חוב,ב״ח.01,בעל חוב,weak,6,ב' חלקים | בעל חוב | בית חדש - חיבורו של הרב יואל סירקיש על הארבעה טורים | בן חורים | בסיס חיפה - בסיס של חיל הים הישראלי | בעל חיים בעלי חיים,substituted,no,3,wikipedia,בכור
ha-00644,ב״י,"ב״י הוא ספרו של רבי יוסף קארו, העוסק בבירור הלכות שמקורן בתלמוד ובראשונים, ופסק ההלכה.",בית יוסף,ב״י.01,בית יוסף,weak,7,בן יהודה | בני ישראל | בית ישראל | בית יעקב | בר יוחאי | בית יוסף | ברוך ישראל,substituted,yes,2,wikipedia,בית יוסף
ha-00645,ב״י,ב״י הייתה שכונה יהודית קטנה בירושלים בין השנים 1887 ל-1929 בערך.,בית יוסף,ב״י.01,בית יוסף,weak,7,בן יהודה | בני ישראל | בית ישראל | בית יעקב | בר יוחאי | בית יוסף | ברוך ישראל,substituted,yes,2,wikipedia,בית יוסף (שכונה)
ha-00646,ב״י,"ספר זה הוא המקור למבנה ולניסוח של רוב ההלכות בספר שולחן ערוך שנכתב כמאתיים שנה מאוחר יותר, בידי רבי יוסף קארו, שבנוי כקיצור לפירושו על ספר ארבעה טורים, הנקרא ב״י.",בית יוסף,ב״י.01,בית יוסף,weak,7,בן יהודה | בני ישראל | בית ישראל | בית יעקב | בר יוחאי | בית יוסף | ברוך ישראל,substituted,yes,2,wikipedia,ארבעה טורים
ha-00647,ב״י,"תנועת ב״י היא תנועת בתי ספר חרדית לבנות, הגדולה בעולם.",בית יעקב,ב״י.02,בית יעקב,weak,7,בן יהודה | בני ישראל | בית ישראל | בית יעקב | בר יוחאי | בית יוסף | ברוך ישראל,substituted,yes,2,wikipedia,בית יעקב
ha-00648,ב״י,"""ב״י"" הוקמה ב-1918 בקרקוב על ידי שרה שנירר והתפתחה בידי תלמידותיה באירופה ובהמשך בארצות הברית ובישראל.",בית יעקב,ב״י.02,בית יעקב,weak,7,בן יהודה | בני ישראל | בית ישראל | בית יעקב | בר יוחאי | בית יוסף | ברוך ישראל,substituted,yes,2,wikipedia,בית יעקב
ha-00649,ב״י,"גם בגליציה, התנגדה חסידות בעלזא לבתי הספר של ב״י, ואף במידה רבה נמנעה בעלזא להיכנס לרשת אגודת ישראל בעקבות כך.",בית יעקב,ב״י.02,בית יעקב,weak,7,בן יהודה | בני ישראל | בית ישראל | בית יעקב | בר יוחאי | בית יוסף | ברוך ישראל,substituted,yes,2,wikipedia,בית יעקב
ha-00650,ב״י,ב״י היא שכונה חרדית בירושלים מצפון לשכונת מאה שערים.,בית ישראל,ב״י.03,בית ישראל,weak,7,בן יהודה | בני ישראל | בית ישראל | בית יעקב | בר יוחאי | בית יוסף | ברוך ישראל,substituted,yes,2,wikipedia,בית ישראל (שכונה)
ha-00651,ב״י,"לאחר הקמת שכונת ב״י המשיכה החברה שהקימה את השכונה ביוזמת הבנייה לנצרכים, וב-1889 הקימה את 'שכונת שערי פינה'.",בית ישראל,ב״י.03,בית ישראל,weak,7,בן יהודה | בני ישראל | בית ישראל | בית יעקב | בר יוחאי | בית יוסף | ברוך ישראל,substituted,yes,2,wikipedia,בית ישראל (שכונה)
ha-00652,ב״י,"בתקופת המנדט התפשטה השכונה, ומצפון לה הוקמה בצמוד אליה שכונת 'ב״י החדשה'.",בית ישראל,ב״י.03,בית ישראל,weak,7,בן יהודה | בני ישראל | בית ישראל | בית יעקב | בר יוחאי | בית יוסף | ברוך ישראל,substituted,yes,2,wikipedia,בית ישראל (שכונה)
ha-00653,ב״י,ההיסטוריון אורי קציר מספר כי חברה קדישא סירבה לקבור את ב״י משום שנחשב בעיני ראשיה ובעיני רבים מחבריה ככופר.,בן יהודה,ב״י.04,בן יהודה,weak,7,בן יהודה | בני ישראל | בית ישראל | בית יעקב | בר יוחאי | בית יוסף | ברוך ישראל,substituted,yes,2,wikipedia,אליעזר בן-יהודה
ha-00654,ב״י,"בין חברי המערכת היה גם משה בר-נסים, שהיה עוזרו ויד ימינו של אליעזר ב״י במשך 22 שנים (1904–1926).",בן יהודה,ב״י.04,בן יהודה,weak,7,בן יהודה | בני ישראל | בית ישראל | בית יעקב | בר יוחאי | בית יוסף | ברוך ישראל,substituted,yes,2,wikipedia,דואר היום
ha-00655,ב״י,"במסגרת ניסיונו של ב״י לשנות את שם העיתון יצא כתב העת מאוקטובר 1890 ועד מאי 1893 בשם ""האור"" ומעליו נכתב ""הוספה להצבי"".",בן יהודה,ב״י.04,בן יהודה,weak,7,בן יהודה | בני ישראל | בית ישראל | בית יעקב | בר יוחאי | בית יוסף | ברוך ישראל,substituted,yes,2,wikipedia,הצבי
ha-00656,ב״י,"ספר במדבר עוסק בנדידת ב״י במדבר, תקופה של כ-40 שנה, בין היציאה ממצרים עד לכניסה לארץ ישראל, ולמעשה מתמקד רק בתחילת התקופה הזו ובסופה.",בני ישראל,ב״י.05,בני ישראל,weak,7,בן יהודה | בני ישראל | בית ישראל | בית יעקב | בר יוחאי | בית יוסף | ברוך ישראל,substituted,yes,2,wikipedia,במדבר
ha-00657,ב״י,"האירועים המרכזיים הם חטאי ב״י במדבר כמו חטא המתאוננים בתבערה, חטא המתאווים בקברות התאוה, חטא המרגלים וקורח ועדתו.",בני ישראל,ב״י.05,בני ישראל,weak,7,בן יהודה | בני ישראל | בית ישראל | בית יעקב | בר יוחאי | בית יוסף | ברוך ישראל,substituted,yes,2,wikipedia,במדבר
ha-00658,ב״י,שארית הכנעני יושב הארץ החלה מתחזקת בעמקים ודוחקת את ב״י לכיוון הר אפרים – אזור שלא נתיישב בתקופה הקודמת.,בני ישראל,ב״י.05,בני ישראל,weak,7,בן יהודה | בני ישראל | בית ישראל | בית יעקב | בר יוחאי | בית יוסף | ברוך ישראל,substituted,yes,2,wikipedia,ספר שופטים
ha-00659,ב״י,"שיטתו של רבי שמעון ב״י מתבססת על מחשבות האדם (""הלוך אחר המחשבה""), או פנימיות הדבר (היפך החיצוניות, הנראית לעין).",בר יוחאי,ב״י.06,בר יוחאי,weak,7,בן יהודה | בני ישראל | בית ישראל | בית יעקב | בר יוחאי | בית יוסף | ברוך ישראל,substituted,yes,2,wikipedia,רבי שמעון בר יוחאי
ha-00660,ב״י,"ישנו אזכור ב""מדרש תנחומא"" לחכם בשם רבי יעקב ב״י, תלמידו של רבי יונתן, שחי לכאורה בדור הרביעי או החמישי לתנאים.",בר יוחאי,ב״י.06,בר יוחאי,weak,7,בן יהודה | בני ישראל | בית ישראל | בית יעקב | בר יוחאי | בית יוסף | ברוך ישראל,substituted,yes,2,wikipedia,רבי שמעון בר יוחאי
ha-00661,ב״י,"במאי 2025 יצא סרט טלוויזיה מונפש בשם ""ב״י"", המתאר את מסכת חייו של רבי שמעון, בהפקת ערוץ 97.",בר יוחאי,ב״י.06,בר יוחאי,weak,7,בן יהודה | בני ישראל | בית ישראל | בית יעקב | בר יוחאי | בית יוסף | ברוך ישראל,substituted,yes,2,wikipedia,רבי שמעון בר יוחאי
ha-00662,ב״י,כן הוציא תהילים עם פירוש ויחל משה-ב״י מסבו המגיד מקוז'ניץ.,ברוך ישראל,ב״י.07,ברוך ישראל,weak,7,בן יהודה | בני ישראל | בית ישראל | בית יעקב | בר יוחאי | בית יוסף | ברוך ישראל,substituted,yes,2,wikipedia,חסידות גלגוב
ha-00663,ב״כ,"תובע או קטגור, בהקשר של המשפט הפלילי, הוא ב״כ המאשימה במשפט הפלילי.",בא כוח,ב״כ.01,בא כוח,weak,2,ברכת כהנים | בא כוח,substituted,yes,3,wikipedia,תובע (משפט פלילי)
ha-00664,ב״כ,"מקור המילה הוא ביוונית - ἀπολογία, שמשמעותה תגובת הנאשם לקטגוריה אותה הוא מביע בעצמו (ולא באמצעות ב״כ כגון עורך דין).",בא כוח,ב״כ.01,בא כוח,weak,2,ברכת כהנים | בא כוח,substituted,yes,3,wikipedia,אפולוגטיקה
ha-00665,ב״כ,"בית המשפט רשאי להעביר הליך מאוחר לבית המשפט שבו מתנהל ההליך הקודם, לצרף בקשות, למחוק אחת מהן או להחליף תובע מייצג או ב״כ מייצג, תוך התחשבות בעניינם של חברי הקבוצה ובניהול יעיל של ההליך.",בא כוח,ב״כ.01,בא כוח,weak,2,ברכת כהנים | בא כוח,substituted,yes,3,wikipedia,תובענה ייצוגית
ha-00666,ב״כ,"פסוקי ב״כ משמשים לברכה אצל יהודים גם בהזדמנויות אחרות, למשל בפדיון הבן.",ברכת כהנים,ב״כ.02,ברכת כהנים,weak,2,ברכת כהנים | בא כוח,substituted,yes,3,wikipedia,ברכת כהנים
ha-00667,ב״כ,"אחרי ברכת המצווה, החזן מקריא את שלושת הפסוקים של ב״כ מילה במילה, והכהנים חוזרים אחריו.",ברכת כהנים,ב״כ.02,ברכת כהנים,weak,2,ברכת כהנים | בא כוח,substituted,yes,3,wikipedia,ברכת כהנים
ha-00668,ב״כ,"לעומת זאת, כהן בעל מום רשאי לברך ב״כ, ובלבד שמראהו לא יסיח את דעת העם מהברכה.",ברכת כהנים,ב״כ.02,ברכת כהנים,weak,2,ברכת כהנים | בא כוח,substituted,yes,3,wikipedia,ברכת כהנים
ha-00669,ב״מ,החלוקה לשלושה חלקים נעשתה באופן טכני – עשרה פרקים בכל מסכת – כאשר מבחינה תוכנית ניתן היה לחלק אחרת את המסכת; כך לדוגמה הפרק האחרון של ב״מ עוסק באותו נושא כמו הפרק הראשון של בבא בתרא.,בבא מציעא,ב״מ.01,בבא מציעא,weak,6,בית משפט | בית מדרש | בבא מציעא | בר מצווה | בני משה | בר מינן,substituted,yes,2,wikipedia,בבא מציעא
ha-00670,ב״מ,"מסכת ב״מ ככלל עוסקת בתביעות וטענות שבין אדם לחברו שלא מחמת נזק, כגון דיני אבידה ומציאה, דיני שומרים ואחריותם, דיני הלוואות, אונאה, ריבית ושכירות.",בבא מציעא,ב״מ.01,בבא מציעא,weak,6,בית משפט | בית מדרש | בבא מציעא | בר מצווה | בני משה | בר מינן,substituted,yes,2,wikipedia,בבא מציעא
ha-00671,ב״מ,החלוקה לשלושה חלקים נעשתה באופן טכני - עשרה פרקים בכל מסכת - כאשר מבחינה תוכנית ניתן היה לחלק אחרת את המסכת; כך לדוגמה הפרק האחרון של ב״מ עוסק באותו נושא כמו הפרק הראשון של בבא בתרא.,בבא מציעא,ב״מ.01,בבא מציעא,weak,6,בית משפט | בית מדרש | בבא מציעא | בר מצווה | בני משה | בר מינן,substituted,yes,2,wikipedia,בבא קמא
ha-00672,ב״מ,"ב״מ הוא מקום המשמש ללימוד תורה, לדיון ולתפילה.",בית מדרש,ב״מ.02,בית מדרש,weak,6,בית משפט | בית מדרש | בבא מציעא | בר מצווה | בני משה | בר מינן,substituted,yes,2,wikipedia,בית מדרש
ha-00673,ב״מ,"המונח ב״מ מציין מקום מיוחד ללימוד התורה, במובחן מבית כנסת המציין מקום תפילה.",בית מדרש,ב״מ.02,בית מדרש,weak,6,בית משפט | בית מדרש | בבא מציעא | בר מצווה | בני משה | בר מינן,substituted,yes,2,wikipedia,בית מדרש
ha-00674,ב״מ,"לחסידות שכונה סמוך לשכונת מאה שערים בירושלים, הנקראת קריית שומרי אמונים, ובסמוך לה ב״מ וישיבה קטנה.",בית מדרש,ב״מ.02,בית מדרש,weak,6,בית משפט | בית מדרש | בבא מציעא | בר מצווה | בני משה | בר מינן,substituted,yes,2,wikipedia,חסידות שומרי אמונים
ha-00675,ב״מ,ב״מ הוא חלק מהרשות השופטת– מוסד אשר המדינה מעניקה לו סמכות שפיטה כללית.,בית משפט,ב״מ.03,בית משפט,weak,6,בית משפט | בית מדרש | בבא מציעא | בר מצווה | בני משה | בר מינן,substituted,yes,2,wikipedia,בית משפט
ha-00676,ב״מ,"""ב״מ"" הוא חלק ממערכת בתי המשפט הכללית של המדינה, בעוד ש""בית דין"" דן בעניין מסוים, ובדרך כלל לפי מערכת דינים מיוחדת ושונה ממערכת החוקים הרגילה.",בית משפט,ב״מ.03,בית משפט,weak,6,בית משפט | בית מדרש | בבא מציעא | בר מצווה | בני משה | בר מינן,substituted,yes,2,wikipedia,בית משפט
ha-00677,ב״מ,ב״מ הוא ערכאה לה נותנת המדינה סמכות שפיטה כללית.,בית משפט,ב״מ.03,בית משפט,weak,6,בית משפט | בית מדרש | בבא מציעא | בר מצווה | בני משה | בר מינן,substituted,yes,2,wikipedia,בתי המשפט בישראל
ha-00678,ב״מ,ב״מ ייסדה את העיר רחובות כסמל למושבה עברית עצמאית שאינה מקבלת תמיכה.,בני משה,ב״מ.04,בני משה,weak,6,בית משפט | בית מדרש | בבא מציעא | בר מצווה | בני משה | בר מינן,substituted,yes,2,wikipedia,ציונות רוחנית
ha-00679,ב״מ,"ב-28 פברואר 1889 נוסדה אגודת-הסתרים ""ב״מ"" של אחד העם, שנטלה על עצמה להכשיר את העם מבחינה רוחנית, לקראת תקומתו.",בני משה,ב״מ.04,בני משה,weak,6,בית משפט | בית מדרש | בבא מציעא | בר מצווה | בני משה | בר מינן,substituted,yes,2,wikipedia,מנחם אוסישקין
ha-00680,ב״מ,"אוסישקין, המהנדס הפרגמטי תהה אם זו העת לעסוק בכך, כאשר כל הכוחות נחוצים לעבודה מעשית בארץ-ישראל, אך לבסוף הצטרף גם הוא ובוועידת ""חובבי ציון"" שהתקיימה באודיסה, הוא השתתף כחבר ""ב״מ"".",בני משה,ב״מ.04,בני משה,weak,6,בית משפט | בית מדרש | בבא מציעא | בר מצווה | בני משה | בר מינן,substituted,yes,2,wikipedia,מנחם אוסישקין
ha-00681,ב״מ,"כיום, הלייבל הבולט בתחום הפאנק וההארדקור פאנק בישראל הוא בושת רקורדס, אשר הפיץ את אלבומי להקות הפאנק המצליחות של תחילת שנות האלפיים – ועדת קישוט, סמרטוט כחול לבן, ב״מ העפולאית ורבות אחרות.",בר מינן,ב״מ.05,בר מינן,weak,6,בית משפט | בית מדרש | בבא מציעא | בר מצווה | בני משה | בר מינן,substituted,yes,2,wikipedia,פאנק (Punk) ישראלי
ha-00682,ב״מ,"כהמשך ישיר לדברים אלו ציין כי ""גם אם יש אדם שהוא ב״מ סוטה, מה שנקרא הומו, עם אדם כזה צריך להיזהר, (אסור) לשלוח את הילד אליו שיהיה חלילה טרף קל"".",בר מינן,ב״מ.05,בר מינן,weak,6,בית משפט | בית מדרש | בבא מציעא | בר מצווה | בני משה | בר מינן,substituted,yes,2,wikipedia,יעקב יוסף
ha-00683,ב״מ,"לפי שיטה זו, ייתכן שנער ב״מ יצטרך לאחר את זמן עשיית מצוות לרגע בר המצווה, כמו קריאת שמע.",בר מצווה,ב״מ.06,בר מצווה,weak,6,בית משפט | בית מדרש | בבא מציעא | בר מצווה | בני משה | בר מינן,substituted,yes,2,wikipedia,בר מצווה
ha-00684,ב״מ,אצל יהודי תימן לא היה נהוג לערוך טקס ב״מ כלל.,בר מצווה,ב״מ.06,בר מצווה,weak,6,בית משפט | בית מדרש | בבא מציעא | בר מצווה | בני משה | בר מינן,substituted,yes,2,wikipedia,בר מצווה
ha-00685,ב״נ,"לאחר תקנת רבן יוחנן בן זכאי שלא לנדור לאחר חורבן המקדש להקדש, מקובל כיום לנדור (אם בכלל) אך ורק על מנת לתת תרומה לבית הכנסת או לצדקה, ויש המקפידים לסייג גם התחייבות זו באמירת ""ב״נ"".",בלי נדר,ב״נ.03,בלי נדר,weak,4,בן נח | בר נש | בלי נדר | בפני נכתב/נחתם,substituted,yes,3,wikipedia,נדר
ha-00686,ב״נ,"הבטחות ילוו בהיגד ""ב״נ"" שמשמעו הוצאה מכלל אפשרות שהמבטיח נדר לקיים את שהבטיח, כך שאם לא קיים את שהבטיח לא יעבור על החיוב ההלכתי לקיים נדר.",בלי נדר,ב״נ.03,בלי נדר,weak,4,בן נח | בר נש | בלי נדר | בפני נכתב/נחתם,substituted,yes,3,wikipedia,עגה חרדית
ha-00687,ב״נ,"חוּל, על פי המסופר בספר בראשית, היה בנו השני של ארם בן שם ב״נ, ואחיו, בני ארם השמי: עוץ, גתר ומש.",בן נח,ב״נ.01,בן נח,weak,4,בן נח | בר נש | בלי נדר | בפני נכתב/נחתם,substituted,yes,3,wikipedia,חול (דמות מקראית)
ha-00688,ב״נ,"אַשּׁוּר, דמות מקראית, מוזכר במקרא כאחד מבניו של שם ב״נ, ושממנו התפתחה האומה והממלכה האשורית.",בן נח,ב״נ.01,בן נח,weak,4,בן נח | בר נש | בלי נדר | בפני נכתב/נחתם,substituted,yes,3,wikipedia,אשור (דמות מקראית)
ha-00689,ב״נ,"יָוָן הוא דמות מקראית הנזכרת בספר בראשית כבן הרביעי מתוך שבעה של יפת ב״נ, ואביהם של אלישה, תרשיש, כתים ודדנים.",בן נח,ב״נ.01,בן נח,weak,4,בן נח | בר נש | בלי נדר | בפני נכתב/נחתם,substituted,yes,3,wikipedia,יוון (דמות מקראית)
ha-00690,ב״נ,אבא שאול ב״נ או אבא שאול בר רמש מובא בתלמוד הבבלי.,בר נש,ב״נ.02,בר נש,weak,4,בן נח | בר נש | בלי נדר | בפני נכתב/נחתם,substituted,yes,3,wikipedia,אבא שאול (תנאים שונים)
ha-00691,ב״נ,"הכותב עצמו תרגם את השיר לעברית, אך התרגום שכבש את ציבור החלוצים ואחר כך את חובבי הזמר לדורותיהם, היה של המשורר נח שפירא (""ב״נ"") שתרגם אותו בשנת 1895.",בר נש,ב״נ.02,בר נש,weak,4,בן נח | בר נש | בלי נדר | בפני נכתב/נחתם,substituted,yes,3,wikipedia,במחרשתי
ha-00692,ב״נ,"ישנם גרסאות שלפני הדפסת בריך שמיא בזוהר הייתה הגרסה ""ב״נ"" ולא ""בר אלהין"".",בר נש,ב״נ.02,בר נש,weak,4,בן נח | בר נש | בלי נדר | בפני נכתב/נחתם,substituted,yes,3,wikipedia,בריך שמיה
ha-00693,ב״ק,"פירוש השם ""ב״ק"" בארמית הוא ""השער הראשון"", ומצטרפות אליה בבא מציעא (השער האמצעי) ובבא בתרא (השער האחרון), כאשר כולן יחד מרכיבות את מסכת נזיקין.",בבא קמא,ב״ק.01,בבא קמא,weak,8,בבא קמא | מסכת בבא קמא | בעל קורא | ברירת קנס | שמואל בק (רב) | שמואל בק (צייר) | בני קדושים | בוצינא (ד)קרדוניתא,substituted,yes,1,wikipedia,בבא קמא
ha-00694,ב״ק,"המשנה הראשונה במסכת ב״ק מונה ארבעה אבות נזיקין ומכנה אותם בשמות ""שור"", ""בור"", ""מבעה"" ו""הבער"" (מספר האבות ושמותם אינם נזכרים במקרא).",בבא קמא,ב״ק.01,בבא קמא,weak,8,בבא קמא | מסכת בבא קמא | בעל קורא | ברירת קנס | שמואל בק (רב) | שמואל בק (צייר) | בני קדושים | בוצינא (ד)קרדוניתא,substituted,yes,1,wikipedia,ארבעה אבות נזיקין
ha-00695,ב״ק,"הגמרא מסבירה במסכת ב״ק שכל דבר שניתן למכרו חשוב כ""מיטב"", כתשלום הוגן ויפה, שכן ניתן למכרו ולקבל כסף עמו ניתן לקנות הכול, וגם אם לא נמכר במקום מסוים, ניתן להובילו למקום אחר שם ימכר.",בבא קמא,ב״ק.01,בבא קמא,weak,8,בבא קמא | מסכת בבא קמא | בעל קורא | ברירת קנס | שמואל בק (רב) | שמואל בק (צייר) | בני קדושים | בוצינא (ד)קרדוניתא,substituted,yes,1,wikipedia,ארבעה אבות נזיקין
ha-00696,ב״ק,"מצב זה הופך את פעולת הקריאה בתורה לפעולה לא פשוטה, שלא די בידיעת קריאה כדי לעשותה, ונדרשים מומחיות ואימון, שהרוכש אותם קרוי ""ב״ק"".",בעל קורא,ב״ק.02,בעל קורא,weak,8,בבא קמא | מסכת בבא קמא | בעל קורא | ברירת קנס | שמואל בק (רב) | שמואל בק (צייר) | בני קדושים | בוצינא (ד)קרדוניתא,substituted,yes,1,wikipedia,בעל קורא
ha-00697,ב״ק,"כיום ברוב הקהילות יש ""ב״ק"", אדם השולט בטעמי המקרא, וקורא בקול בשביל ה""עולה לתורה"" הקורא בלחש עמו.",בעל קורא,ב״ק.02,בעל קורא,weak,8,בבא קמא | מסכת בבא קמא | בעל קורא | ברירת קנס | שמואל בק (רב) | שמואל בק (צייר) | בני קדושים | בוצינא (ד)קרדוניתא,substituted,yes,1,wikipedia,עלייה לתורה
ha-00698,ב״ק,יד (או: אצבע) לקריאה בתורה היא תשמיש מצווה המשמש להצבעה על הטקסט במהלך קריאה בספר תורה על ידי ב״ק.,בעל קורא,ב״ק.02,בעל קורא,weak,8,בבא קמא | מסכת בבא קמא | בעל קורא | ברירת קנס | שמואל בק (רב) | שמואל בק (צייר) | בני קדושים | בוצינא (ד)קרדוניתא,substituted,yes,1,wikipedia,יד (תשמיש מצווה)
ha-00699,ב״ק,לרוב העבירות על חוקי העזר הן עבירות קנס או ב״ק.,ברירת קנס,ב״ק.03,ברירת קנס,weak,8,בבא קמא | מסכת בבא קמא | בעל קורא | ברירת קנס | שמואל בק (רב) | שמואל בק (צייר) | בני קדושים | בוצינא (ד)קרדוניתא,substituted,yes,1,wikipedia,חוק עזר
ha-00700,ב״ק,"שנה אחר כך, ב-1990, הופיע עם ספי ריבלין בהצגה ""אשתי, ב״ק"", בתיאטרון בית ליסין.",ברירת קנס,ב״ק.03,ברירת קנס,weak,8,בבא קמא | מסכת בבא קמא | בעל קורא | ברירת קנס | שמואל בק (רב) | שמואל בק (צייר) | בני קדושים | בוצינא (ד)קרדוניתא,substituted,yes,1,wikipedia,אלי יצפאן
ha-00701,ב״ק,חוק סדר הדין הפלילי (תיקון מס' 7) - בתיקון זה נוספו הוראות בנוגע לעבירות של ב״ק.,ברירת קנס,ב״ק.03,ברירת קנס,weak,8,בבא קמא | מסכת בבא קמא | בעל קורא | ברירת קנס | שמואל בק (רב) | שמואל בק (צייר) | בני קדושים | בוצינא (ד)קרדוניתא,substituted,yes,1,wikipedia,הכנסת השמינית
ha-00702,ב״ק,"הוא אחד מאבות הנזיקין, ונכלל לפי דעה אחת כאחד מארבעת אבות הנזיקין הנמנים בתחילת ב״ק.",מסכת בבא קמא,ב״ק.04,מסכת בבא קמא,weak,8,בבא קמא | מסכת בבא קמא | בעל קורא | ברירת קנס | שמואל בק (רב) | שמואל בק (צייר) | בני קדושים | בוצינא (ד)קרדוניתא,substituted,yes,1,wikipedia,אדם המזיק
ha-00703,ב״ר,"הוא הוצב ביחידה העוסקת בפיצוח צפנים, עבר קורס קצינים ומונה לקצין ב״ר שעסק במידע אודות הצבא הסורי.",בינה רשתית,ב״ר.01,בינה רשתית,weak,3,בן רבי | בראשית רבה | בינה רשתית,substituted,yes,3,wikipedia,עמוס לוינברג
ha-00704,ב״ר,"בדומה לקציני ב״ר אחרים באותה עת, לא הוכשר לוינברג להתמודדות עם הלחץ הנפשי העצום שהופעל על חיילים בשבי הסורי.",בינה רשתית,ב״ר.01,בינה רשתית,weak,3,בן רבי | בראשית רבה | בינה רשתית,substituted,yes,3,wikipedia,עמוס לוינברג
ha-00705,ב״ר,היה קצין ב״ר של האמצעים המיוחדים בתקופה שקדמה למלחמת יום הכיפורים.,בינה רשתית,ב״ר.01,בינה רשתית,weak,3,בן רבי | בראשית רבה | בינה רשתית,substituted,yes,3,wikipedia,ספי בן-יוסף
ha-00706,ב״ר,רבי חנינא ב״ר יוסי הגלילי היה תנא שחי במאה ה-2.,בן רבי,ב״ר.02,בן רבי,weak,3,בן רבי | בראשית רבה | בינה רשתית,substituted,yes,3,wikipedia,רבי חנינא בן רבי יוסי הגלילי
ha-00707,ב״ר,"נקבר, לפי המסורת, ביישוב דלתון בגליל, בסמוך לקבר אביו רבי יוסי הגלילי, ואחיו רבי אליעזר ב״ר יוסי הגלילי ושמואל ב״ר יוסי הגלילי.",בן רבי,ב״ר.02,בן רבי,weak,3,בן רבי | בראשית רבה | בינה רשתית,substituted,yes,3,wikipedia,רבי חנינא בן רבי יוסי הגלילי
ha-00708,ב״ר,"נקבר סמוך לקבר אביו ואחיו רבי שמואל ב״ר יוסי הגלילי, במושב דלתון.",בן רבי,ב״ר.02,בן רבי,weak,3,בן רבי | בראשית רבה | בינה רשתית,substituted,yes,3,wikipedia,רבי אליעזר בן רבי יוסי הגלילי
ha-00709,ב״ר,"ב״ר הוא מדרש אגדה אמוראי על ספר בראשית, שנוצר בארץ ישראל ונערך או במאה הרביעית או במאה החמישית או במאה השישית.",בראשית רבה,ב״ר.03,בראשית רבה,weak,3,בן רבי | בראשית רבה | בינה רשתית,substituted,yes,3,wikipedia,בראשית רבה
ha-00710,ב״ר,סופו של המדרש הוא כנראה תוספת מאוחרת שסופחה למדרש ב״ר המקורי בסביבות המאה ה־11 או המאה ה־12.,בראשית רבה,ב״ר.03,בראשית רבה,weak,3,בן רבי | בראשית רבה | בינה רשתית,substituted,yes,3,wikipedia,בראשית רבה
ha-00711,ב״ר,"עפרה מאיר, שואלים על החיים - סיפורים נבחרים ממדרש ב״ר, הוצאת הקיבוץ המאוחד, 2000.",בראשית רבה,ב״ר.03,בראשית רבה,weak,3,בן רבי | בראשית רבה | בינה רשתית,substituted,yes,3,wikipedia,בראשית רבה
ha-00712,ב״ש,"ב״ש היא עיר במחוז הדרום המשמשת בירת המחוז (ולעיתים מכונה ""בירת הנגב"").",באר שבע,ב״ש.01,באר שבע,weak,5,באר שבע | בית שאן | בית שמש | בית שמאי | ברוך שמו,substituted,yes,2,wikipedia,באר שבע
ha-00713,ב״ש,"שטח השיפוט של ב״ש הוא 117,500 דונם, ובשטח השיפוט היא הרביעית בגודלה בישראל והשלישית במחוז הדרום, אחרי דימונה וערד.",באר שבע,ב״ש.01,באר שבע,weak,5,באר שבע | בית שאן | בית שמש | בית שמאי | ברוך שמו,substituted,yes,2,wikipedia,באר שבע
ha-00714,ב״ש,"העיר שוכנת בצפון הנגב, בקצה המערבי של בקעת ב״ש.",באר שבע,ב״ש.01,באר שבע,weak,5,באר שבע | בית שאן | בית שמש | בית שמאי | ברוך שמו,substituted,yes,2,wikipedia,באר שבע
ha-00715,ב״ש,"בֵּית שְׁאָן היא עיר במחוז הצפון בישראל, בעמק ב״ש, מזרחית לעמק יזרעאל, ממוקמת על כביש 90, כ־25 קילומטרים דרומית לכנרת.",בית שאן,ב״ש.02,בית שאן,weak,5,באר שבע | בית שאן | בית שמש | בית שמאי | ברוך שמו,substituted,yes,2,wikipedia,בית שאן
ha-00716,ב״ש,ב״ש היא אחת הערים העתיקות ביותר בארץ ישראל.,בית שאן,ב״ש.02,בית שאן,weak,5,באר שבע | בית שאן | בית שמש | בית שמאי | ברוך שמו,substituted,yes,2,wikipedia,בית שאן
ha-00717,ב״ש,בתל ב״ש נתגלו ממצאים החל מהתקופה הכלקוליתית.,בית שאן,ב״ש.02,בית שאן,weak,5,באר שבע | בית שאן | בית שמש | בית שמאי | ברוך שמו,substituted,yes,2,wikipedia,בית שאן
ha-00718,ב״ש,"מרבית המחלוקות בין בית הלל לבין ב״ש הן האם לגזור גזרות חכמים מחמירות על העם (דעתם של ב״ש) או גזרות מקלות יותר, אם בכלל (דעתם של בית הלל).",בית שמאי,ב״ש.03,בית שמאי,weak,5,באר שבע | בית שאן | בית שמש | בית שמאי | ברוך שמו,substituted,yes,2,wikipedia,בית הלל ובית שמאי
ha-00719,ב״ש,"ככלל, דברי ב״ש תובעים החמרה במצוות יותר מאשר בית הלל, אך ישנם חריגים לכלל זה.",בית שמאי,ב״ש.03,בית שמאי,weak,5,באר שבע | בית שאן | בית שמש | בית שמאי | ברוך שמו,substituted,yes,2,wikipedia,בית הלל ובית שמאי
ha-00720,ב״ש,במסכת עדיות רוכזו כל המקרים היוצאים מהכלל שבהם ב״ש דווקא מקלים לעומת בית הלל שמחמירים.,בית שמאי,ב״ש.03,בית שמאי,weak,5,באר שבע | בית שאן | בית שמש | בית שמאי | ברוך שמו,substituted,yes,2,wikipedia,בית הלל ובית שמאי
ha-00721,ב״ש,"ב״ש היא עיר במחוז ירושלים שבישראל, אשר הוקמה בראשית שנות החמישים כמעברה והוכרזה כעיר ב־25 ביוני 1991.",בית שמש,ב״ש.04,בית שמש,weak,5,באר שבע | בית שאן | בית שמש | בית שמאי | ברוך שמו,substituted,yes,2,wikipedia,בית שמש
ha-00722,ב״ש,"ב״ש נמצאת במרכז הגאוגרפי של מדינת ישראל, בין גוש דן (מטרופולין תל אביב) ובין מטרופולין ירושלים – בין הרי ירושלים לשפלת יהודה.",בית שמש,ב״ש.04,בית שמש,weak,5,באר שבע | בית שאן | בית שמש | בית שמאי | ברוך שמו,substituted,yes,2,wikipedia,בית שמש
ha-00723,ב״ש,"בשנת 1953 שונה שמה של ""מעברת הר־טוב"" לשם ""ב״ש"".",בית שמש,ב״ש.04,בית שמש,weak,5,באר שבע | בית שאן | בית שמש | בית שמאי | ברוך שמו,substituted,yes,2,wikipedia,בית שמש
ha-00724,ב״ת,"זה המקום היחיד באנטארקטיקה בו יש ב״ת – ""קפלת השלגים"".",בית תפילה,ב״ת.01,בית תפילה,weak,5,בלתי תלוי | בית תפילה | בן תורה | בעל תשובה | בל תשחית,substituted,yes,3,wikipedia,תחנת מקמרדו
ha-00725,ב״ת,ב״ת הוא מבנה המיועד לתפילות ולטקסים דתיים שונים.,בית תפילה,ב״ת.01,בית תפילה,weak,5,בלתי תלוי | בית תפילה | בן תורה | בעל תשובה | בל תשחית,substituted,yes,3,wikipedia,בית תפילה
ha-00726,ב״ת,"השלטון העות'מאני התנגד לבניית ב״ת נוצרי, וכך גם היהודים שגרו בסמוך.",בית תפילה,ב״ת.01,בית תפילה,weak,5,בלתי תלוי | בית תפילה | בן תורה | בעל תשובה | בל תשחית,substituted,yes,3,wikipedia,הכנסייה האוונגלית הבין-לאומית
ha-00727,ב״ת,ב״ת הוא איסור בתורה על השחתת דבר שבני אדם יכולים ליהנות ממנו.,בל תשחית,ב״ת.02,בל תשחית,weak,5,בלתי תלוי | בית תפילה | בן תורה | בעל תשובה | בל תשחית,substituted,yes,3,wikipedia,בל תשחית
ha-00728,ב״ת,"איסור ב״ת נאמר רק בדרך של קלקול והשחתה, אבל לא בדרך של תיקון.",בל תשחית,ב״ת.02,בל תשחית,weak,5,בלתי תלוי | בית תפילה | בן תורה | בעל תשובה | בל תשחית,substituted,yes,3,wikipedia,בל תשחית
ha-00729,ב״ת,"איסור ב״ת, למשל, הוא איסור כללי, אך בתורה הוא נכתב לגבי השחתת עצי מאכל בשעת מצור.",בל תשחית,ב״ת.02,בל תשחית,weak,5,בלתי תלוי | בית תפילה | בן תורה | בעל תשובה | בל תשחית,substituted,yes,3,wikipedia,הלכות מלחמה
ha-00730,ב״ת,"השם מציין אמני רוק אשר חתומים בחברות תקליטים עצמאיות (""אינדי"", מן המילה האנגלית independent עצמאי, ב״ת), ובדרך כלל קשורים לסוגת הרוק האלטרנטיבי.",בלתי תלוי,ב״ת.03,בלתי תלוי,weak,5,בלתי תלוי | בית תפילה | בן תורה | בעל תשובה | בל תשחית,substituted,yes,3,wikipedia,אינדי רוק
ha-00731,ב״ת,"לפיכך, העתיד אינו מושג אובייקטיבי או ב״ת.",בלתי תלוי,ב״ת.03,בלתי תלוי,weak,5,בלתי תלוי | בית תפילה | בן תורה | בעל תשובה | בל תשחית,substituted,yes,3,wikipedia,עתיד
ha-00732,ב״ת,קביעת מחוזות הבחירה נעשית בדרך כלל בידי גוף ב״ת האחראי על ארגון הבחירות.,בלתי תלוי,ב״ת.03,בלתי תלוי,weak,5,בלתי תלוי | בית תפילה | בן תורה | בעל תשובה | בל תשחית,substituted,yes,3,wikipedia,מחוז בחירה
ha-00733,ב״ת,"לאחר מכן למד בישיבת מיר שם למד בחברותא עם הרב חיים שמואלביץ ואף קיבל ממנו סמיכה, והסכמה לספרו ב״ת וישיבה.",בן תורה,ב״ת.04,בן תורה,weak,5,בלתי תלוי | בית תפילה | בן תורה | בעל תשובה | בל תשחית,substituted,yes,3,wikipedia,יואל שוורץ
ha-00734,ב״ת,"מספריו: ספרו הראשון ראשית פרי ביכוריו היה ספר ""ב״ת וישיבה"" – ספר הדרכה לבני ישיבות.",בן תורה,ב״ת.04,בן תורה,weak,5,בלתי תלוי | בית תפילה | בן תורה | בעל תשובה | בל תשחית,substituted,yes,3,wikipedia,יואל שוורץ
ha-00735,ב״ת,"כך ביום שהושיבו את רבי אלעזר בן עזריה בישיבה, היה רבי עקיבא יושב ומצטער ואמר: לא שהוא ב״ת יותר ממני אלא שהוא בן גדולים יותר ממני, אשרי אדם שזכו לו אבותיו; אשרי אדם שיש לו יתד במי להיתלות בה.",בן תורה,ב״ת.04,בן תורה,weak,5,בלתי תלוי | בית תפילה | בן תורה | בעל תשובה | בל תשחית,substituted,yes,3,wikipedia,תנאים
ha-00736,ב״ת,"רבי שניאור זלמן מלאדי, מדייק שבפרטיות ישנן ארבע רמות בתשובה, שכן כל אחת משתי החלוקות הנזכרות כוללת בתוכה דרגת ""תשובה"" ודרגת ""ב״ת"".",בעל תשובה,ב״ת.05,בעל תשובה,weak,5,בלתי תלוי | בית תפילה | בן תורה | בעל תשובה | בל תשחית,substituted,yes,3,wikipedia,תשובה (יהדות)
ha-00737,ב״ת,"הגמרא מדגימה בדוגמאות רבות איסור זה והן עוסקות בהזכרת עבר של אדם ששינה דרכיו כמו ב״ת או גר, בחוסר כבוד לאדם אחר כמו יחס בין בני זוג וכן בגרימת צער בענייני מסחר.",בעל תשובה,ב״ת.05,בעל תשובה,weak,5,בלתי תלוי | בית תפילה | בן תורה | בעל תשובה | בל תשחית,substituted,yes,3,wikipedia,אונאת דברים
ha-00738,ב״ת,מאז שנת 2022 הוא ב״ת ועסוק בחקר תופעות של דחיקה ומחיקה של הזהות היהודית בבנייה ובעיצוב המרחב בישראל.,בעל תשובה,ב״ת.05,בעל תשובה,weak,5,בלתי תלוי | בית תפילה | בן תורה | בעל תשובה | בל תשחית,substituted,yes,3,wikipedia,צבי אלחייני
ha-00739,גב״ע,"גב״ע מוקדמת אינה חפה מבעיות, שכן לא תמיד הסתיימה החקירה ולעולם אין בידי החשוד חומר הראיות באופן שיאפשר לו לערוך חקירה נגדית באופן מיטבי.",גביית עדות,גב״ע.01,גביית עדות,weak,2,גבעת עדה | גביית עדות,substituted,yes,3,wikipedia,עדות מוקדמת
ha-00740,גב״ע,מקרה ידוע של גב״ע מוקדמת היה זימונו של העד משה טלנסקי לעדות מוקדמת בפרשת מעטפות הכסף.,גביית עדות,גב״ע.01,גביית עדות,weak,2,גבעת עדה | גביית עדות,substituted,yes,3,wikipedia,עדות מוקדמת
ha-00741,גב״ע,"שיטה זו נפוצה במיוחד לחקר תולדות הפולקלור והיסטוריה המקומית, אולם נמצאת בשימוש אף בשטחים אחרים שבהם גב״ע מפי אדם שנכח באירועים היסטוריים, עשויה להפיק מידע שלא ניתן למוצאו בתיעוד כתוב.",גביית עדות,גב״ע.01,גביית עדות,weak,2,גבעת עדה | גביית עדות,substituted,yes,3,wikipedia,היסטוריה שבעל-פה
ha-00742,גב״ע,"בשנת 2003 היא אוחדה עם בנימינה הצעירה ממנה, לכדי מועצה מקומית מאוחדת אחת, בשם בנימינה-גב״ע.",גבעת עדה,גב״ע.02,גבעת עדה,weak,2,גבעת עדה | גביית עדות,substituted,yes,3,wikipedia,גבעת עדה
ha-00743,גב״ע,שנים רבות הייתה גב״ע אי בודד של התיישבות יהודית בלב שטח שנשלט על ידי יישובים ערביים.,גבעת עדה,גב״ע.02,גבעת עדה,weak,2,גבעת עדה | גביית עדות,substituted,yes,3,wikipedia,גבעת עדה
ha-00744,גב״ע,"גב״ע סבלה רבות מפרעות הכנופיות הערביות בתקופת המאורעות, ובעיקר בשנות ה-20 וה-30 של המאה ה-20.",גבעת עדה,גב״ע.02,גבעת עדה,weak,2,גבעת עדה | גביית עדות,substituted,yes,3,wikipedia,גבעת עדה
ha-00745,גב״ש,"הוא נמצא על גבעת הר המנוחות, שמתנשאת לגובה 750 מטרים מעל פני הים, בצידה המערבי של ירושלים, מצפון־מערב לשכונת גב״ש ומעל לכביש 1.",גבעת שאול,גב״ש.01,גבעת שאול,weak,2,גבעת שמואל | גבעת שאול,substituted,yes,3,wikipedia,הר המנוחות
ha-00746,גב״ש,"מזרחית להר המנוחות ממוקם בית הקברות גב״ש, השני בגודלו מבין בתי הקברות בירושלים.",גבעת שאול,גב״ש.01,גבעת שאול,weak,2,גבעת שמואל | גבעת שאול,substituted,yes,3,wikipedia,הר המנוחות
ha-00747,גב״ש,"גב״ש היא שכונה ואזור תעשייה במערב ירושלים, מדרום לכביש 1.",גבעת שאול,גב״ש.01,גבעת שאול,weak,2,גבעת שמואל | גבעת שאול,substituted,yes,3,wikipedia,גבעת שאול
ha-00748,גב״ש,"העיר גב״ש קרויה על שמו של שמואל פינלס, נדבן ועסקן ציוני דתי, שהיה הרוח החיה ונשיאו של הקונגרס הציוני בפוקשאן – הקונגרס הראשון של תנועת ""חובבי ציון"" באירופה.",גבעת שמואל,גב״ש.02,גבעת שמואל,weak,2,גבעת שמואל | גבעת שאול,substituted,yes,3,wikipedia,גבעת שמואל
ha-00749,גב״ש,"גב״ש הוכרזה כמועצה מקומית בשנת 1949, וכעיר ב-20 בדצמבר 2007.",גבעת שמואל,גב״ש.02,גבעת שמואל,weak,2,גבעת שמואל | גבעת שאול,substituted,yes,3,wikipedia,גבעת שמואל
ha-00750,גב״ש,בנובמבר 1944 החלו פעילים מרומניה בסיוע המשרד לשיכון עולים בהקמת היישוב שנקרא בפי מייסדיו גב״ש.,גבעת שמואל,גב״ש.02,גבעת שמואל,weak,2,גבעת שמואל | גבעת שאול,substituted,yes,3,wikipedia,גבעת שמואל
ha-00751,גד״ש,"בשטחו פועל מפעל ""טירת צבי"" לעיבוד מוצרי בשר, מדגה, מטע תמרים, גד״ש ולולים.",גידולי שדה,גד״ש.01,גידולי שדה,weak,2,גידולי שדה | גידולי שמואל,substituted,yes,3,wikipedia,טירת צבי
ha-00752,גד״ש,"חברי הקיבוץ עוסקים בעיקר בחקלאות, הכוללת גד״ש, גידול עופות למאכל ורפתות להפקת חלב.",גידולי שדה,גד״ש.01,גידולי שדה,weak,2,גידולי שדה | גידולי שמואל,substituted,yes,3,wikipedia,עלומים (קיבוץ)
ha-00753,גד״ש,"שטחו של הקיבוץ והשטחים החקלאיים סביבו הוא כ־7,000 דונם, ועוד כ־4,000 דונם הם שטחי גד״ש באזור הקיבוצים אורים - צאלים.",גידולי שדה,גד״ש.01,גידולי שדה,weak,2,גידולי שדה | גידולי שמואל,substituted,yes,3,wikipedia,עלומים (קיבוץ)
ha-00754,גד״ש,"הוא התגורר בשכונת מאה שערים, ולימד בישיבת עץ חיים שהייתה אז בעיר העתיקה, שיעוריו היו עיקר מפעלו התורני ומהם הדפיס מאוחר יותר את סדרת ספריו ""גד״ש"".",גידולי שמואל,גד״ש.02,גידולי שמואל,weak,2,גידולי שדה | גידולי שמואל,substituted,yes,3,wikipedia,שמואל גדליה ניימן
ha-00755,גד״ש,"ספריו ""גד״ש"" על מסכתות בבא קמא, בבא מציעא, ובבא בתרא התפרסמו כבר בחייו בעולם הישיבות בישראל ובארצות הברית, וזכו לכמה מהדורות.",גידולי שמואל,גד״ש.02,גידולי שמואל,weak,2,גידולי שדה | גידולי שמואל,substituted,yes,3,wikipedia,שמואל גדליה ניימן
ha-00756,גו״ז,תמרון היימליך (באנגלית: Heimlich maneuver) הוא תמרון לפתיחת נתיב אוויר החסום על ידי גו״ז באמצעות הגברת הלחץ בחלל הבטן ובבית החזה.,גוף זר,גו״ז.01,גוף זר,weak,2,גוף זר | גילוי וזיהוי,substituted,yes,3,wikipedia,תמרון היימליך
ha-00757,גו״ז,יש לבצע תמרון היימליך בעת שנחסם נתיב האוויר לגמרי (חסימת נתיב אוויר חמורה) על ידי גו״ז.,גוף זר,גו״ז.01,גוף זר,weak,2,גוף זר | גילוי וזיהוי,substituted,yes,3,wikipedia,תמרון היימליך
ha-00758,גו״ז,"הפגוציטים בולעים ללא הבחנה כל גו״ז: חיידקים, נגיפים, פטריות חד-תאיות וגם גופים קטנים לא חיים כגון אבק ופיח.",גוף זר,גו״ז.01,גוף זר,weak,2,גוף זר | גילוי וזיהוי,substituted,yes,3,wikipedia,פגוציט
ha-00759,גו״ז,"מטרת החישה היא גו״ז של מטרות מסוגים שונים - החל מפעילות צבאית, דרך מדידת זיהום אוויר ועד גילוי נפט.",גילוי וזיהוי,גו״ז.02,גילוי וזיהוי,weak,2,גוף זר | גילוי וזיהוי,substituted,yes,3,wikipedia,חישה מרחוק
ha-00760,גו״ז,"כיום, בדיקה זו מומלצת מגיל 45 כבדיקה שגרתית מונעת, אחת לכמה שנים, לשם גו״ז מוקדם של בעיות במעיים.",גילוי וזיהוי,גו״ז.02,גילוי וזיהוי,weak,2,גוף זר | גילוי וזיהוי,substituted,yes,3,wikipedia,קולונוסקופיה
ha-00761,גמו״ש,"הסכמי השכר במגזר הציבורי בישראל מעודדים את העובדים להרחיב את כישוריהם באמצעות השתתפות בקורסים: צבירה של מכסת שעות לימוד מסוימת בקורסים מקנה לעובד תוספת שכר הקרויה ""גמו״ש"".",גמול השתלמות,גמו״ש.01,גמול השתלמות,weak,2,גמול השתלמות | גמור ושלם,substituted,no,3,wikipedia,קורס
ha-00762,גמו״ש,גמו״ש הוא מרכיב שכר חודשי המשולם בישראל לעובדים אשר יצאו להשתלמות מקצועית מטעם העבודה.,גמול השתלמות,גמו״ש.01,גמול השתלמות,weak,2,גמול השתלמות | גמור ושלם,substituted,no,3,wikipedia,גמול השתלמות
ha-00763,גמו״ש,"גמו״ש ניתן במסגרת הסכמים קיבוציים במוסדות במגזר הציבורי, רשויות מקומיות ולעיתים גם במגזר הפרטי.",גמול השתלמות,גמו״ש.01,גמול השתלמות,weak,2,גמול השתלמות | גמור ושלם,substituted,no,3,wikipedia,גמול השתלמות
ha-00764,ג״א,"בורק קיבלה השראה לביטוי לאחר שהזדהתה עם מקרה של ילדה בת 13 שהותקפה מינית, והצטערה שלא הגיבה, בזמן שיכלה לומר לה בפשטות ""ג״א"".",גם אני,ג״א.01,גם אני,weak,2,גרסה אחרת | גם אני,substituted,yes,2,wikipedia,Me Too
ha-00765,ג״א,"לאחר פרסום הידיעה בחדשות 0404 החלה המחאה בעמוד הפייסבוק ""ג״א עם דוד הנחלאווי"", ובתוך זמן קצר העלה העמוד תמונות רבות, שהחלו סוחפות את הרשת החברתית.",גם אני,ג״א.01,גם אני,weak,2,גרסה אחרת | גם אני,substituted,yes,2,wikipedia,מחאת דוד הנחלאווי
ha-00766,ג״א,"לאתר חדשות 0404 ולדף הפייסבוק שלו הועלו אלפי תמונות של חיילים המצטלמים עם השלטים ""ג״א עם דוד הנחלאווי"".",גם אני,ג״א.01,גם אני,weak,2,גרסה אחרת | גם אני,substituted,yes,2,wikipedia,מחאת דוד הנחלאווי
ha-00767,ג״א,ג״א למקור השם היא שזו שפת המקור או שפת המולדת־האם או שפת הארץ.,גרסה אחרת,ג״א.02,גרסה אחרת,weak,2,גרסה אחרת | גם אני,substituted,yes,2,wikipedia,שפת אם
ha-00768,ג״א,"לפי ג״א הפסים האדומים מסמלים את דם חייהם של בני העם, והפסים הלבנים - את טוהר הדת הבודהיסטית.",גרסה אחרת,ג״א.02,גרסה אחרת,weak,2,גרסה אחרת | גם אני,substituted,yes,2,wikipedia,דגל תאילנד
ha-00769,ג״א,"בשנת 1917 הוסר סמל הפיל, והצבע האמצעי הוחלף לכחול, כאשר לפי גרסה אחת כחול הוא הצבע של יום שישי, היום בו נולד המלך, ולפי ג״א הצבע הכחול שימש כמחווה למאבקן של מדינות ההסכמה במלחמת העולם הראשונה.",גרסה אחרת,ג״א.02,גרסה אחרת,weak,2,גרסה אחרת | גם אני,substituted,yes,2,wikipedia,דגל תאילנד
ha-00770,ג״ג,"נוצרו תחומי מחקר רבים, כגון ג״ג עירונית, ג״ג חברתית, ג״ג פוליטית ועוד.",גאוגרפיה,ג״ג.01,גאוגרפיה,weak,2,גאוגרפיה | גבולות גזרה,substituted,yes,3,wikipedia,גאוגרפיה
ha-00771,ג״ג,ישנו קשר חזק בין ג״ג לבין מקצועות אחרים מתחומי מדעי הטבע כבוטניקה וגאולוגיה; מקצועות מתחום מדעי החברה כסוציולוגיה ומדע המדינה; ומקצועות בתחום מדעי הרוח כהיסטוריה.,גאוגרפיה,ג״ג.01,גאוגרפיה,weak,2,גאוגרפיה | גבולות גזרה,substituted,yes,3,wikipedia,גאוגרפיה
ha-00772,ג״ג,"אפשר לחלק את הענף לתחומים הבאים: ג״ג פוליטית (גאופוליטיקה), ג״ג כלכלית, ג״ג תרבותית, ג״ג חברתית, ג״ג יישובית, ג״ג עירונית, ג״ג צבאית.",גאוגרפיה,ג״ג.01,גאוגרפיה,weak,2,גאוגרפיה | גבולות גזרה,substituted,yes,3,wikipedia,גאוגרפיה
ha-00773,ג״ג,"כולל סעיפים רבים: כוחות, משימות משנה, שלבי ביצוע, ג״ג, לוגיסטיקה, שליטה בכח ושאר המאמצים בביצוע הפעולה.",גבולות גזרה,ג״ג.02,גבולות גזרה,weak,2,גאוגרפיה | גבולות גזרה,substituted,yes,3,wikipedia,פקודת מבצע
ha-00774,ג״ג,"החטיבה מונה חמישה גדודים כשלכל אחד מהם מוגדרים ג״ג, כאשר כל גדוד מורכב מבני אזור השיוך שלו.",גבולות גזרה,ג״ג.02,גבולות גזרה,weak,2,גאוגרפיה | גבולות גזרה,substituted,yes,3,wikipedia,חטיבת אורי
ha-00775,ג״ע,"ה""חתם סופר"" כותב בין השאר: ”אותו צדיק קדוש ישראל ג״ע ...",גאון עולם,ג״ע.04,גאון עולם,weak,4,גן עדן | גילוי עריות | גימנסיה עברית | גאון עולם,substituted,yes,2,wikipedia,דוד דייטש
ha-00776,ג״ע,"במכתבו לקרובו, הרב צבי יחזקאל מיכלזון מפלונסק, תיאר הרב שור את בנו כמי ש""חשבתי כי יגיע למדרגת ג״ע"".",גאון עולם,ג״ע.04,גאון עולם,weak,4,גן עדן | גילוי עריות | גימנסיה עברית | גאון עולם,substituted,yes,2,wikipedia,יעקב שור
ha-00777,ג״ע,"בעברית מודרנית ג״ע הוא קיום יחסי מין בין קרובי משפחה, דהיינו יחסים מיניים בין אב לבתו או בנו, בין אם לבתה או בנה, בין אח לאחות וכדומה.",גילוי עריות,ג״ע.01,גילוי עריות,weak,4,גן עדן | גילוי עריות | גימנסיה עברית | גאון עולם,substituted,yes,2,wikipedia,גילוי עריות
ha-00778,ג״ע,"האנתרופולוג מרווין האריס מציין שעצם הצורך בחוק נגד ג״ע, והעובדה שקיימים עבריינים רבים על החוק למרות העונש, מעידים שבמקביל לסלידה האוניברסלית קיימת משיכה אוניברסלית.",גילוי עריות,ג״ע.01,גילוי עריות,weak,4,גן עדן | גילוי עריות | גימנסיה עברית | גאון עולם,substituted,yes,2,wikipedia,גילוי עריות
ha-00779,ג״ע,"אף על פי כן, הגדרת ""קרוב משפחה"" לעניין האיסור על ג״ע משתנה מתרבות לתרבות.",גילוי עריות,ג״ע.01,גילוי עריות,weak,4,גן עדן | גילוי עריות | גימנסיה עברית | גאון עולם,substituted,yes,2,wikipedia,גילוי עריות
ha-00780,ג״ע,בשנת 1924 הוקמה ג״ע במוקצ'בו שבראשה עמד חיים קוגל וכעבור עשור בשנת 1934 הוקמה ג״ע נוספת באוז'הורוד.,גימנסיה עברית,ג״ע.02,גימנסיה עברית,weak,4,גן עדן | גילוי עריות | גימנסיה עברית | גאון עולם,substituted,yes,2,wikipedia,זקרפטיה
ha-00781,ג״ע,"אברהם הלוי (גילביץ) – לימד בחדר מתוקן ברוסיה, היה חבר באגודה שנקראה ""חובבי שפת עבר"" וניהל ג״ע לבנות.",גימנסיה עברית,ג״ע.02,גימנסיה עברית,weak,4,גן עדן | גילוי עריות | גימנסיה עברית | גאון עולם,substituted,yes,2,wikipedia,חדר מתוקן
ha-00782,ג״ע,"בשנת 1940, בסמינר מדריכים שקיימה התנועה במחתרת, הוחלט להקים ג״ע-אידית בגטו.",גימנסיה עברית,ג״ע.02,גימנסיה עברית,weak,4,גן עדן | גילוי עריות | גימנסיה עברית | גאון עולם,substituted,yes,2,wikipedia,גימנסיה דרור-החלוץ
ha-00783,ג״ע,"ג״ע ביהדות, בנצרות ובאסלאם, הוא גן אגדי שניטע על־ידי אלוהים.",גן עדן,ג״ע.03,גן עדן,weak,4,גן עדן | גילוי עריות | גימנסיה עברית | גאון עולם,substituted,yes,2,wikipedia,גן עדן
ha-00784,ג״ע,"ביהדות הופיע לראשונה המושג 'ג״ע' כמקום אליו מגיעים הצדיקים לאחר מותם ובו הם מקבלים את גמולם, כבר בסוף המאה הראשונה.",גן עדן,ג״ע.03,גן עדן,weak,4,גן עדן | גילוי עריות | גימנסיה עברית | גאון עולם,substituted,yes,2,wikipedia,גן עדן
ha-00785,ג״ע,"לאורך ימי הביניים היו ניסיונות רבים לזהות את מיקומו של ג״ע הארצי ולהגיע אליו, ונמצאו אנשים שטענו שראו אותו.",גן עדן,ג״ע.03,גן עדן,weak,4,גן עדן | גילוי עריות | גימנסיה עברית | גאון עולם,substituted,yes,2,wikipedia,גן עדן
ha-00786,ג״צ,"לעיתים נקרא הגר גם ג״צ, כדי להבחינו מגר תושב.",גר צדק,ג״צ.01,גר צדק,weak,2,גר צדק | גאון צדק,substituted,no,3,wikipedia,גיור
ha-00787,ג״צ,"התורה שבעל-פה מבחינה בין גר תושב, שהוא גוי המתגורר בקרב עם ישראל ומקבל על עצמו את שבע מצוות בני נח, לבין ג״צ, שהצטרף לעם ישראל והתחייב בכל המצוות.",גר צדק,ג״צ.01,גר צדק,weak,2,גר צדק | גאון צדק,substituted,no,3,wikipedia,גיור
ha-00788,ג״צ,"בלשון ההלכה, המונח ""גר"" מציין בדרך כלל ג״צ.",גר צדק,ג״צ.01,גר צדק,weak,2,גר צדק | גאון צדק,substituted,no,3,wikipedia,גיור
ha-00789,ג״ש,"ג״ש היא שכונה ואזור תעשייה במערב ירושלים, מדרום לכביש 1.",גבעת שאול,ג״ש.01,גבעת שאול,weak,4,גבעת שאול | גזרה שווה | ג' שנים | ג' שעות,substituted,yes,3,wikipedia,גבעת שאול
ha-00790,ג״ש,"אזור התעשייה נמצא בין שכונת ג״ש ממזרח להר נוף ממערב, והוא מתפשט דרומה גם במערב קריית משה, עד שכונת בית הכרם.",גבעת שאול,ג״ש.01,גבעת שאול,weak,4,גבעת שאול | גזרה שווה | ג' שנים | ג' שעות,substituted,yes,3,wikipedia,גבעת שאול
ha-00791,ג״ש,"הנכנסים לירושלים דרך מחלף סחרוב, עוברים דרך ג״ש בדרכם לתוך העיר.",גבעת שאול,ג״ש.01,גבעת שאול,weak,4,גבעת שאול | גזרה שווה | ג' שנים | ג' שעות,substituted,yes,3,wikipedia,גבעת שאול
ha-00792,ג״ש,"ג״ש היא אחת מהמידות שהתורה נדרשת בהן, המשמשת להשוואת דין פרטי בין עניין אחד לעניין אחר, על יסוד מילים זהות או מילים דומות מבחינה סמנטית, כגון בעלות שורש משותף, המצויות בתורה בשני העניינים.",גזרה שווה,ג״ש.02,גזרה שווה,weak,4,גבעת שאול | גזרה שווה | ג' שנים | ג' שעות,substituted,yes,3,wikipedia,גזרה שווה
ha-00793,ג״ש,"לכן ג״ש, פירושה שנכתבו מילים שוות בשני מקומות.",גזרה שווה,ג״ש.02,גזרה שווה,weak,4,גבעת שאול | גזרה שווה | ג' שנים | ג' שעות,substituted,yes,3,wikipedia,גזרה שווה
ha-00794,ג״ש,על פי הסבר זה מיושבים המהלכים בתלמוד על לימודי ג״ש.,גזרה שווה,ג״ש.02,גזרה שווה,weak,4,גבעת שאול | גזרה שווה | ג' שנים | ג' שעות,substituted,yes,3,wikipedia,גזרה שווה
ha-00795,דב״א,"הגנה זו נרכשת בסיטואציות בהן המחוקק מצא שראוי להגן על ההתבטאות עצמה, על אף לשון הרע, גם אם הפרסום לא היווה דב״א, בשל אינטרסים חיוניים וציבוריים הראוי להגן עליהם.",דבר אמת,דב״א.02,דבר אמת,weak,2,דן בן אמוץ | דבר אמת,substituted,yes,3,wikipedia,הגנת תום הלב בלשון הרע
ha-00796,דב״א,בפרק לא נאמר במפורש אם ציבא דב״א או שמפיבושת באמת רומה.,דבר אמת,דב״א.02,דבר אמת,weak,2,דן בן אמוץ | דבר אמת,substituted,yes,3,wikipedia,מפיבושת
ha-00797,דב״א,"עקב אלימותו של דב״א כלפי אשתו, חבריו עזרו לה להימלט עם ילדיה לארצות הברית.",דן בן אמוץ,דב״א.01,דן בן אמוץ,weak,2,דן בן אמוץ | דבר אמת,substituted,yes,3,wikipedia,דן בן אמוץ
ha-00798,דב״א,"ספי רכלבסקי כותב בספרו ""אין גבול"" כי בשנים שלאחר מלחמת ששת הימים היו שתי הדמויות המשפיעות על הישראלים, משה דיין ולצדו דב״א.",דן בן אמוץ,דב״א.01,דן בן אמוץ,weak,2,דן בן אמוץ | דבר אמת,substituted,yes,3,wikipedia,דן בן אמוץ
ha-00799,דב״א,לא שם זין הוא ספרו רב-המכר של דב״א שיצא בשנת 1973.,דן בן אמוץ,דב״א.01,דן בן אמוץ,weak,2,דן בן אמוץ | דבר אמת,substituted,yes,3,wikipedia,לא שם זין
ha-00800,דב״ז,דב״ז או דברים זוטי הוא מדרש על ספר דברים.,דברים זוטא,דב״ז.01,דברים זוטא,weak,2,דברים זוטא | דברים זוטי,substituted,no,3,wikipedia,דברים זוטא
ha-00801,דב״ז,דברים זוטא או דב״ז הוא מדרש על ספר דברים.,דברים זוטי,דב״ז.02,דברים זוטי,weak,2,דברים זוטא | דברים זוטי,substituted,no,3,wikipedia,דברים זוטא
ha-00802,דה״כ,"כך, מדברי אביי בתלמוד הבבלי עולה שגם ביאה שלא כדרכה נחשבת כביאה לעניין קידושין: ”אמר להו אביי: עד כאן לא פליגי רבי ורבנן - אלא באחר, אבל בעל - דה״כ אם בא עליה שלא כדרכה - עשאה בעולה”.",דברי הכל,דה״כ.01,דברי הכל,weak,2,דברי הכתוב | דברי הכל,substituted,no,3,wikipedia,ביאה שלא כדרכה
ha-00803,דה״כ,"הראיה היא מכך שאם יצטרכו ליישם את דה״כ באופן מילולי, אז יכול לצאת מקרה שבו הפער בשווי בין השוורים יביא לכך שהניזק יפוצה ביותר משווי הנזק.",דברי הכתוב,דה״כ.02,דברי הכתוב,weak,2,דברי הכתוב | דברי הכל,substituted,no,3,wikipedia,קרן (אב נזיקין)
ha-00804,דה״מ,"האמונה כי המשיח יהיה מצאצאי דה״מ, נרמזת בברכת יעקב לבנו יהודה: ""לא יסור 'שבט' מיהודה"".",דוד המלך,דה״מ.01,דוד המלך,weak,2,דוד המלך | דבור המתחיל,substituted,no,3,wikipedia,דוד
ha-00805,דה״מ,"גם בימינו קיימות משפחות המחזיקות בספרי יוחסין עד דה״מ, דרך ראשי הגלות שבבבל, ומאמינות כי אולי מתוכן יצמח המלך העתידי.",דוד המלך,דה״מ.01,דוד המלך,weak,2,דוד המלך | דבור המתחיל,substituted,no,3,wikipedia,דוד
ha-00806,דה״מ,"רחוב דה״מ הוא רחוב מרכזי בלב ירושלים, המשמש ציר תנועה חשוב בין מרכז העיר ודרומה.",דוד המלך,דה״מ.01,דוד המלך,weak,2,דוד המלך | דבור המתחיל,substituted,no,3,wikipedia,רחוב דוד המלך
ha-00807,דו״ד,"משה נגבי (8 באוגוסט 1949 – 27 בינואר 2018) היה משפטן, עיתונאי, מרצה בתחומי המשפט והתקשורת, פרשן משפטי ומגיש תוכנית הרדיו ""דו״ד"".",דין ודברים,דו״ד.01,דין ודברים,weak,3,דין ודברים | דת ודין | דורון דרשה,substituted,no,3,wikipedia,משה נגבי
ha-00808,דו״ד,"ב-1981 החל לערוך ולהגיש בקול ישראל את התוכנית ""דו״ד"", העוסקת בענייני משפט וזכויות אדם.",דין ודברים,דו״ד.01,דין ודברים,weak,3,דין ודברים | דת ודין | דורון דרשה,substituted,no,3,wikipedia,משה נגבי
ha-00809,דו״ד,"החל מפתיחת תאגיד השידור הישראלי בשנת 2017 ועד מותו הגיש את התוכנית ""דו״ד"" בכאן ב.",דין ודברים,דו״ד.01,דין ודברים,weak,3,דין ודברים | דת ודין | דורון דרשה,substituted,no,3,wikipedia,משה נגבי
ha-00810,דו״ד,"דו״ד: כתבי השופט חיים כהן, עורך: דניאל פרידמן, הוצאת כנרת זמורה ביתן דביר, 943 עמ', 2009.",דת ודין,דו״ד.02,דת ודין,weak,3,דין ודברים | דת ודין | דורון דרשה,substituted,no,3,wikipedia,חיים כהן (משפטן)
ha-00811,דו״צ,"מספר מקרי דו״צ התרחשו לאורך ההיסטוריה הצבאית, ומהווים גורם מזיק במוראל הלחימה.",ירי דו-צדדי,דו״צ.01,ירי דו-צדדי,weak,3,ירי דו-צדדי | אימון דו-צדדי | סרט דביק דו-צדדי,substituted,no,3,wikipedia,ירי דו-צדדי
ha-00812,דו״צ,ב-12 בינואר 2022 נהרגו שני קצינים מיחידת אגוז כתוצאה של דו״צ במהלך פעילות אבטחה בבסיס נבי מוסא שבבקעת הירדן.,ירי דו-צדדי,דו״צ.01,ירי דו-צדדי,weak,3,ירי דו-צדדי | אימון דו-צדדי | סרט דביק דו-צדדי,substituted,no,3,wikipedia,ירי דו-צדדי
ha-00813,דו״צ,"במהלך הלחימה ברצועת עזה במלחמת חרבות ברזל, נהרגו 23 חיילים בתקריות המוגדרות דו״צ, ו־74 נפצעו.",ירי דו-צדדי,דו״צ.01,ירי דו-צדדי,weak,3,ירי דו-צדדי | אימון דו-צדדי | סרט דביק דו-צדדי,substituted,no,3,wikipedia,ירי דו-צדדי
ha-00814,דו״צ,דו״צ נוצר על ידי מריחת שכבת דבק דקה על שני צדי נייר או יריעת חומר דומה.,סרט דביק דו-צדדי,דו״צ.02,סרט דביק דו-צדדי,weak,3,ירי דו-צדדי | אימון דו-צדדי | סרט דביק דו-צדדי,substituted,no,3,wikipedia,סרט דביק דו-צדדי
ha-00815,דו״ש,"בניגוד לשווקים, ירידים מתכנסים באופן חד או דו״ש.",דו שנתי,דו״ש.02,דו שנתי,weak,4,דו שנתי | דוד שמש | דו-שבעון | דורש שלומו,substituted,no,3,wikipedia,יריד
ha-00816,דו״ש,דו״ש הוא דוד חימום המשתמש באנרגיה סולארית לחימום מים.,דוד שמש,דו״ש.01,דוד שמש,weak,4,דו שנתי | דוד שמש | דו-שבעון | דורש שלומו,substituted,no,3,wikipedia,דוד שמש
ha-00817,דו״ש,תכונה זו מהווה את עקרון הפעולה של דו״ש ותנור מיקרוגל.,דוד שמש,דו״ש.01,דוד שמש,weak,4,דו שנתי | דוד שמש | דו-שבעון | דורש שלומו,substituted,no,3,wikipedia,בליעה (קרינה אלקטרומגנטית)
ha-00818,דו״ש,"חמישה משירי האלבום בוצעו במקור על ידי ""התרנגולים"" (""משעמם"", ""אם תרצי"", ""שיר אהבה חיילי"", ""דו״ש ואנטנה גם"", ו""הכל זהב"").",דוד שמש,דו״ש.01,דוד שמש,weak,4,דו שנתי | דוד שמש | דו-שבעון | דורש שלומו,substituted,no,3,wikipedia,ארץ ישראל הישנה והטובה חלק ד': משירי סשה ארגוב
ha-00819,דל״ש,אֶדָם (בהולנדית: Edammer) היא גבינה הולנדית מסורתית העשויה מחלב דל״ש או דל״ש למחצה.,דל שומן,דל״ש.01,דל שומן,weak,2,דל שומן | דלא שייך/שנא/שמיה,substituted,no,3,wikipedia,אדם (גבינה)
ha-00820,דל״ש,"בגבינה זו אחוזי שומן נמוכים ביותר, משום שהיא מיוצרת מחלב דל״ש.",דל שומן,דל״ש.01,דל שומן,weak,2,דל שומן | דלא שייך/שנא/שמיה,substituted,no,3,wikipedia,קרוודי
ha-00821,דל״ש,"בשנת 1960 דנה המועצה לשיווק וייצור חלב בהצעה לשווק חלב דל״ש, אולם ההצעה נדחתה בגלל התנגדות היצרנים.",דל שומן,דל״ש.01,דל שומן,weak,2,דל שומן | דלא שייך/שנא/שמיה,substituted,no,3,wikipedia,משק החלב בישראל
ha-00822,דמ״צ,דמ״צ בתעוזה קרן הון סיכון (עד לינואר 1995).,דירקטור מקרב הציבור,דמ״צ.02,דירקטור מקרב הציבור,weak,2,דרישות מבצעיות | דירקטור מקרב הציבור,substituted,no,3,wikipedia,יצחק חופי
ha-00823,דמ״צ,"תחת זאת, הגדיר חיל האוויר הישראלי לג'נרל דיינמיקס דמ״צ לגרסה זולה יותר של הטיל, שכונתה ""אגרוף סגול"", אותה ניתן יהיה לשגר גם ממטוסי F-4 פנטום שאינם ייעודיים למשימות דיכוי הגנה אווירית.",דרישות מבצעיות,דמ״צ.01,דרישות מבצעיות,weak,2,דרישות מבצעיות | דירקטור מקרב הציבור,substituted,no,3,wikipedia,AGM-78 סטנדרד ארם
ha-00824,דמ״צ,"המשרד מגבש דמ״צ לפיתוח אמצעים חדשים, תכנונם ושילובם בכלי הטיס, תוך הכנסת שיפורים טכנולוגיים ומודרניזציה מהירה.",דרישות מבצעיות,דמ״צ.01,דרישות מבצעיות,weak,2,דרישות מבצעיות | דירקטור מקרב הציבור,substituted,no,3,wikipedia,פיקוד מבצעי אוויר מיוחדים של צבא ארצות הברית
ha-00825,דמ״צ,"ביולי 2005 הוארכה התוכנית ל-25 שנה בעקבות דמ״צ שנוצרו לאחר אירועי 11 בספטמבר, ושווי החוזה הועלה ל-25 מיליארד דולר.",דרישות מבצעיות,דמ״צ.01,דרישות מבצעיות,weak,2,דרישות מבצעיות | דירקטור מקרב הציבור,substituted,no,3,wikipedia,הקאטרים מסדרת לג'נד
ha-00826,דמ״ש,"דמ״ש דן בהפרת התקנות, הכללים או החוקים הנהוגים באותו הארגון.",דין משמעתי,דמ״ש.01,דין משמעתי,weak,5,דמי שכירות | דין משמעתי | דרך משל | דמי משלוח | דע מה שתשיב,substituted,yes,3,wikipedia,דין משמעתי
ha-00827,דמ״ש,חוק הדיינים מורה על הקמת בית דמ״ש לדיינים בבתי הדין הרבניים.,דין משמעתי,דמ״ש.01,דין משמעתי,weak,5,דמי שכירות | דין משמעתי | דרך משל | דמי משלוח | דע מה שתשיב,substituted,yes,3,wikipedia,דין משמעתי
ha-00828,דמ״ש,"על פסיקה של בית דמ״ש מחוזי קיימת רשות ערעור לבית הדין המשמעתי הארצי, שעל פסיקתו ניתן לערעור בזכות לבית המשפט המחוזי בירושלים.",דין משמעתי,דמ״ש.01,דין משמעתי,weak,5,דמי שכירות | דין משמעתי | דרך משל | דמי משלוח | דע מה שתשיב,substituted,yes,3,wikipedia,דין משמעתי
ha-00829,דמ״ש,"עסקאות מקוונות: במסחר אלקטרוני, עלויות העסקה כוללות דמ״ש, עמלות עיבוד תשלומים ועלויות הקשורות להחזרות והחזרים.",דמי משלוח,דמ״ש.02,דמי משלוח,weak,5,דמי שכירות | דין משמעתי | דרך משל | דמי משלוח | דע מה שתשיב,substituted,yes,3,wikipedia,עלות עסקה
ha-00830,דמ״ש,"ישנן מסעדות וחברות משלוח שמוסיפות לחשבונית סעיף ""דמ״ש"" על מנת לכסות את ההוצאות הללו, אולם עדיין נהוג לתת טיפ בנוסף ישירות לשליח.",דמי משלוח,דמ״ש.02,דמי משלוח,weak,5,דמי שכירות | דין משמעתי | דרך משל | דמי משלוח | דע מה שתשיב,substituted,yes,3,wikipedia,תשר
ha-00831,דמ״ש,ריהוט ונכסים ניידים: עלות רכישה + דמ״ש והובלה + הוצאות התקנה.,דמי משלוח,דמ״ש.02,דמי משלוח,weak,5,דמי שכירות | דין משמעתי | דרך משל | דמי משלוח | דע מה שתשיב,substituted,yes,3,wikipedia,עלות היסטורית
ha-00832,דמ״ש,"בכלכלה ובמימון, השקעה, היא העברה של סכום כסף (או הון) לגורם אחר כדי לייצר הכנסה משני סוגים: הכנסה פירותית (תשואה), כלומר הכנסה שוטפת מפירות ההשקעה, כגון דמ״ש, דיבידנד או ריבית.",דמי שכירות,דמ״ש.03,דמי שכירות,weak,5,דמי שכירות | דין משמעתי | דרך משל | דמי משלוח | דע מה שתשיב,substituted,yes,3,wikipedia,השקעה
ha-00833,דמ״ש,בשנת 1921 חוקקה פקודה שאסרה על העלאת דמ״ש ופינוי דיירים ללא אישור המושל.,דמי שכירות,דמ״ש.03,דמי שכירות,weak,5,דמי שכירות | דין משמעתי | דרך משל | דמי משלוח | דע מה שתשיב,substituted,yes,3,wikipedia,דמי מפתח
ha-00834,דמ״ש,"בעסקה זו נרכשות זכויות מסוימות בנכס נדל""ני במחיר נמוך, הרוכש מקבל חזקה על הנכס וממשיך לשלם דמ״ש נמוכים במיוחד.",דמי שכירות,דמ״ש.03,דמי שכירות,weak,5,דמי שכירות | דין משמעתי | דרך משל | דמי משלוח | דע מה שתשיב,substituted,yes,3,wikipedia,שכר דירה
ha-00835,דמ״ש,"דמ״ש לעצמך הוא ספר שכתב הרב זאב קרוב ומיועד לבני נוער, ועוסק בעיון ביסודות אמונה והשקפה לאור שאלות בדורנו.",דע מה שתשיב,דמ״ש.05,דע מה שתשיב,weak,5,דמי שכירות | דין משמעתי | דרך משל | דמי משלוח | דע מה שתשיב,substituted,yes,3,wikipedia,דע מה שתשיב לעצמך
ha-00836,דמ״ש,"דמ״ש לעצמך – הוצאת קורן, 1989 (הספר בקטלוג ULI) (הדפסה נוספת 1995).",דע מה שתשיב,דמ״ש.05,דע מה שתשיב,weak,5,דמי שכירות | דין משמעתי | דרך משל | דמי משלוח | דע מה שתשיב,substituted,yes,3,wikipedia,זאב קרוב
ha-00837,דמ״ש,"דמ״ש, אדם הממציא תרופה למחלת הסרטן מתגבר על חוסר האונים של המין האנושי מולה ומפצה על הנחיתות האוניברסלית.",דרך משל,דמ״ש.04,דרך משל,weak,5,דמי שכירות | דין משמעתי | דרך משל | דמי משלוח | דע מה שתשיב,substituted,yes,3,wikipedia,פסיכולוגיה אינדיבידואלית
ha-00838,דמ״ש,והעניין על דמ״ש שיהא נזכר באהבת השם תמיד כזיכרון החושק תכלית החשק בחשוקתו היום שישיג להביאה אל ביתו.,דרך משל,דמ״ש.04,דרך משל,weak,5,דמי שכירות | דין משמעתי | דרך משל | דמי משלוח | דע מה שתשיב,substituted,yes,3,wikipedia,אהבת ה'
ha-00839,דמ״ש,"דמ״ש, אדם יכול להיות בה בעת מתמטיקאי, בעל ואבא.",דרך משל,דמ״ש.04,דרך משל,weak,5,דמי שכירות | דין משמעתי | דרך משל | דמי משלוח | דע מה שתשיב,substituted,yes,3,wikipedia,זיכרון
ha-00840,דס״ל,עד עתה הותר השימוש ב-SAF כאחוז מסוים מתערובת הכוללת גם דס״ל רגיל (עד 50 אחוז).,דלק סילוני,דס״ל.01,דלק סילוני,weak,2,דלק סילוני | דסבירא ליה (שסבור הוא),substituted,no,3,wikipedia,דלק מטוסים
ha-00841,דס״ל,"מנורות נפט צורכות כ-77 מיליארד ליטר דלק בשנה (בערך 1.3 מיליון חביות נפט ליום), לשם השוואה דס״ל אמריקאי נצרך בכמות של כ-76 מיליארד ליטרים בשנה.",דלק סילוני,דס״ל.01,דלק סילוני,weak,2,דלק סילוני | דסבירא ליה (שסבור הוא),substituted,no,3,wikipedia,מנורת נפט
ha-00842,דס״ל,על הכבאיות התעופתיות החדישות ביותר מורכבת מערכת מסוגלות להתמודד עם בעירת דס״ל בעזרת חומר כיבוי משלב קצף כיבוי ואבקת כיבוי.,דלק סילוני,דס״ל.01,דלק סילוני,weak,2,דלק סילוני | דסבירא ליה (שסבור הוא),substituted,no,3,wikipedia,כבאית תעופתית
ha-00843,דפ״א,"LED (בהגייה עברית: לֶד, מאנגלית: Light-Emitting Diode - דפ״א) היא דיודה הפולטת אור בספקטרום צר בעת מעבר זרם חשמלי.",דיודה פולטת אור,דפ״א.01,דיודה פולטת אור,weak,2,דיודה פולטת אור | דרך פעולה אפשרית,substituted,yes,3,wikipedia,LED
ha-00844,דפ״א,קרן אור - מודמים אופטיים מאפננים מידע באמצעות דפ״א או דיודת לייזר להעברה באוויר או בסיבים אופטיים.,דיודה פולטת אור,דפ״א.01,דיודה פולטת אור,weak,2,דיודה פולטת אור | דרך פעולה אפשרית,substituted,yes,3,wikipedia,מודם
ha-00845,דפ״א,"בעבר הותקנה בנצנץ נורת להט אולם החל משנות השמונים נפוץ גם השימוש בנצנץ הפועל באמצעות נוזל זרחני (אשר נקרא גם ""סטיקלייט"") ובשנות התשעים החל שימוש בנצנץ הפועל באמצעות דפ״א.",דיודה פולטת אור,דפ״א.01,דיודה פולטת אור,weak,2,דיודה פולטת אור | דרך פעולה אפשרית,substituted,yes,3,wikipedia,נצנץ
ha-00846,דפ״א,דפ״א נוספת קשורה ביחסי תן-וקח בין קבוצת האינטרס לבין מקבל ההחלטות.,דרך פעולה אפשרית,דפ״א.02,דרך פעולה אפשרית,weak,2,דיודה פולטת אור | דרך פעולה אפשרית,substituted,yes,3,wikipedia,שדלנות
ha-00847,דפ״א,"חצי שנה לאחר מכן, פנה אלון אל שר החוץ במסמך על דפ״א למנוע מחברות גרמניות שנכנעות לחרם הערבי לעשות כן, ולהציג פעולה זו בפני שר החוץ הגרמני הנס-דיטריך גנשר בשיחה שאמורה להתקיים ביניהם.",דרך פעולה אפשרית,דפ״א.02,דרך פעולה אפשרית,weak,2,דיודה פולטת אור | דרך פעולה אפשרית,substituted,yes,3,wikipedia,משה אלון
ha-00848,דפ״ר,"לדוגמה: עולים חדשים, בעלי דפ״ר נמוך, רישומים פליליים ועוד.",דירוג פסיכוטכני ראשוני,דפ״ר.02,דירוג פסיכוטכני ראשוני,weak,2,דפוס ראשון | דירוג פסיכוטכני ראשוני,substituted,no,3,wikipedia,"מקא""ם"
ha-00849,דפ״ר,"בעצם השימוש במונח ""דפ״ר"" מתכוונים לומר שזו הפעם הראשונה שהוא עלה על מכבש הדפוס, ועד אז הוא היה רשום בכתב יד בלבד.",דפוס ראשון,דפ״ר.01,דפוס ראשון,weak,2,דפוס ראשון | דירוג פסיכוטכני ראשוני,substituted,no,3,wikipedia,דפוס ראשון
ha-00850,דפ״ר,סוג ד- דפ״ר שהודפס מכתב יד משובש הוא לפעמים נחות לעומת דפוס שני אם אנו יודעים שהדפוס השני נדפס מכתב יד אחר שעולה באיכותו על כתב היד שממנו נדפס הדפוס הראשון.,דפוס ראשון,דפ״ר.01,דפוס ראשון,weak,2,דפוס ראשון | דירוג פסיכוטכני ראשוני,substituted,no,3,wikipedia,דפוס ראשון
ha-00851,דפ״ר,"המהדורה היא על פי דפ״ר ועל פי כתבי יד מדוקדקים, עם התייעצות בחכמי דור.",דפוס ראשון,דפ״ר.01,דפוס ראשון,weak,2,דפוס ראשון | דירוג פסיכוטכני ראשוני,substituted,no,3,wikipedia,שערי תשובה
ha-00852,דר״א,בעקבות יום-טוב ליפמן צונץ מקובל במחקר שפרקי דר״א הוא חיבור פסאודואפיגרפי מאוחר בהרבה.,דרבי אליעזר,דר״א.01,דרבי אליעזר,weak,2,דרבי אליעזר | דרך אגב,substituted,yes,3,wikipedia,פרקי דרבי אליעזר
ha-00853,דר״א,אחרים מפקפקים בכך כי הנוסח של פירקוי זהה לגמרא ושונה מפרקי דר״א.,דרבי אליעזר,דר״א.01,דרבי אליעזר,weak,2,דרבי אליעזר | דרך אגב,substituted,yes,3,wikipedia,פרקי דרבי אליעזר
ha-00854,דר״א,"ב-2012 התפרסם הספר פרקי דר״א נוסח, עריכה ודוגמת סינופסיס של כתבי היד של אליעזר טרייטל, המתבסס על עבודת הדוקטור שלו ועוסק בנוסחו של המדרש, בעריכתו ובאופיו.",דרבי אליעזר,דר״א.01,דרבי אליעזר,weak,2,דרבי אליעזר | דרך אגב,substituted,yes,3,wikipedia,פרקי דרבי אליעזר
ha-00855,דר״א,"מקור השם אפרופו הוא מצרפתית (à propos) ופירושו הוא ""דר״א"".",דרך אגב,דר״א.02,דרך אגב,weak,2,דרבי אליעזר | דרך אגב,substituted,yes,3,wikipedia,אפרופו
ha-00856,דר״א,"""By the Way"" (בעברית: ""דר״א"") הוא סינגל שהוקלט על ידי הזמרת-יוצרת הקנדית לינדזי אל.",דרך אגב,דר״א.02,דרך אגב,weak,2,דרבי אליעזר | דרך אגב,substituted,yes,3,wikipedia,By the Way (שיר של לינדזי אל)
ha-00857,דר״א,המשנה עוסקת במצוות שאין להם כמות מינימלית מהתורה ומציינת דר״א מצוות שיש להם שכר גם בעולם הזה וגם בעולם הבא.,דרך אגב,דר״א.02,דרך אגב,weak,2,דרבי אליעזר | דרך אגב,substituted,yes,3,wikipedia,מסכת פאה
ha-00858,ד״א,"עם דעיכת העיתון החל המדור להתפרסם במקביל גם ב""ידיעות אחרונות"", ולאחר סגירת ""דבר"" המשיך ""ד״א"" להתפרסם עד 2004 ב""ידיעות אחרונות"".",דבר אחר,ד״א.01,דבר אחר,weak,13,חזיר | עבודה זרה | דבר אחר | דרך ארץ | יחסי אישות | ד' אלפים | עניין אחר | דרך אגב | ד' אמות | דיני אדם | דבר אחר.במשמעות | דרך אכילה/אכילתו | דרכא אחרינא (דרך אחרת),substituted,yes,2,wikipedia,דבר (עיתון)
ha-00859,ד״א,"אולם כותביו העבירו אותו לאתר אינטרנט שנקרא ""ד״א ברשת"".",דבר אחר,ד״א.01,דבר אחר,weak,13,חזיר | עבודה זרה | דבר אחר | דרך ארץ | יחסי אישות | ד' אלפים | עניין אחר | דרך אגב | ד' אמות | דיני אדם | דבר אחר.במשמעות | דרך אכילה/אכילתו | דרכא אחרינא (דרך אחרת),substituted,yes,2,wikipedia,דבר (עיתון)
ha-00860,ד״א,"בהלכות שבת, טלטול על ידי ד״א הוא טלטול דבר האסור בטלטול על ידי ד״א המותר בטלטול.",דבר אחר,ד״א.01,דבר אחר,weak,13,חזיר | עבודה זרה | דבר אחר | דרך ארץ | יחסי אישות | ד' אלפים | עניין אחר | דרך אגב | ד' אמות | דיני אדם | דבר אחר.במשמעות | דרך אכילה/אכילתו | דרכא אחרינא (דרך אחרת),substituted,yes,2,wikipedia,טלטול על ידי דבר אחר
ha-00861,ד״א,"מקור השם אפרופו הוא מצרפתית (à propos) ופירושו הוא ""ד״א"".",דרך אגב,ד״א.02,דרך אגב,weak,13,חזיר | עבודה זרה | דבר אחר | דרך ארץ | יחסי אישות | ד' אלפים | עניין אחר | דרך אגב | ד' אמות | דיני אדם | דבר אחר.במשמעות | דרך אכילה/אכילתו | דרכא אחרינא (דרך אחרת),substituted,yes,2,wikipedia,אפרופו
ha-00862,ד״א,"""By the Way"" (בעברית: ""ד״א"") הוא סינגל שהוקלט על ידי הזמרת-יוצרת הקנדית לינדזי אל.",דרך אגב,ד״א.02,דרך אגב,weak,13,חזיר | עבודה זרה | דבר אחר | דרך ארץ | יחסי אישות | ד' אלפים | עניין אחר | דרך אגב | ד' אמות | דיני אדם | דבר אחר.במשמעות | דרך אכילה/אכילתו | דרכא אחרינא (דרך אחרת),substituted,yes,2,wikipedia,By the Way (שיר של לינדזי אל)
ha-00863,ד״א,המשנה עוסקת במצוות שאין להם כמות מינימלית מהתורה ומציינת ד״א מצוות שיש להם שכר גם בעולם הזה וגם בעולם הבא.,דרך אגב,ד״א.02,דרך אגב,weak,13,חזיר | עבודה זרה | דבר אחר | דרך ארץ | יחסי אישות | ד' אלפים | עניין אחר | דרך אגב | ד' אמות | דיני אדם | דבר אחר.במשמעות | דרך אכילה/אכילתו | דרכא אחרינא (דרך אחרת),substituted,yes,2,wikipedia,מסכת פאה
ha-00864,ד״א,"חברת ד״א הייוויז (1997) בע”מ, המוכרת בשם המקוצר ד״א, היא בעלת הזיכיון להקמה, הפעלה ותחזוקה של כביש 6 (כביש חוצה ישראל), שנחשב לכביש האגרה הראשון בישראל.",דרך ארץ,ד״א.03,דרך ארץ,weak,13,חזיר | עבודה זרה | דבר אחר | דרך ארץ | יחסי אישות | ד' אלפים | עניין אחר | דרך אגב | ד' אמות | דיני אדם | דבר אחר.במשמעות | דרך אכילה/אכילתו | דרכא אחרינא (דרך אחרת),substituted,yes,2,wikipedia,דרך ארץ (חברה)
ha-00865,ד״א,ב-26 בינואר 1998 הוכרזה חברת ד״א כזוכה במכרז ולאחר חודש נחתם הסכם הזיכיון בין חברת ד״א לחברת חוצה ישראל.,דרך ארץ,ד״א.03,דרך ארץ,weak,13,חזיר | עבודה זרה | דבר אחר | דרך ארץ | יחסי אישות | ד' אלפים | עניין אחר | דרך אגב | ד' אמות | דיני אדם | דבר אחר.במשמעות | דרך אכילה/אכילתו | דרכא אחרינא (דרך אחרת),substituted,yes,2,wikipedia,דרך ארץ (חברה)
ha-00866,ד״א,"לבסוף, לאחר משאים ומתנים שהתקיימו בין חברת ד״א לחברת חוצה ישראל, בחודש אוקטובר 1999 החלה סלילתו של כביש 6.",דרך ארץ,ד״א.03,דרך ארץ,weak,13,חזיר | עבודה זרה | דבר אחר | דרך ארץ | יחסי אישות | ד' אלפים | עניין אחר | דרך אגב | ד' אמות | דיני אדם | דבר אחר.במשמעות | דרך אכילה/אכילתו | דרכא אחרינא (דרך אחרת),substituted,yes,2,wikipedia,דרך ארץ (חברה)
ha-00867,ד״א,"באופן היסטורי גודַל ד״א הבית בדיר, אך לאחר המהפכה התעשייתית עבר עיקר גידולו במדינות המפותחות לחוות תעשייתיות.",חזיר,ד״א.04,חזיר,weak,13,חזיר | עבודה זרה | דבר אחר | דרך ארץ | יחסי אישות | ד' אלפים | עניין אחר | דרך אגב | ד' אמות | דיני אדם | דבר אחר.במשמעות | דרך אכילה/אכילתו | דרכא אחרינא (דרך אחרת),substituted,yes,2,wikipedia,חזיר הבית
ha-00868,ד״א,תושבי סין גם אוכלים כמחצית מכ-100 מיליון טון של בשר ד״א הנצרך בשנה בעולם.,חזיר,ד״א.04,חזיר,weak,13,חזיר | עבודה זרה | דבר אחר | דרך ארץ | יחסי אישות | ד' אלפים | עניין אחר | דרך אגב | ד' אמות | דיני אדם | דבר אחר.במשמעות | דרך אכילה/אכילתו | דרכא אחרינא (דרך אחרת),substituted,yes,2,wikipedia,חזיר הבית
ha-00869,ד״א,"בתקופה זאת מוצאים עצמות ד״א רבות בכפרים נאוליתיים, אשר מעידות על הקטנה בגודל הגוף, התקצרות החוטם ותמותה מוגברת של בעלי חיים צעירים.",חזיר,ד״א.04,חזיר,weak,13,חזיר | עבודה זרה | דבר אחר | דרך ארץ | יחסי אישות | ד' אלפים | עניין אחר | דרך אגב | ד' אמות | דיני אדם | דבר אחר.במשמעות | דרך אכילה/אכילתו | דרכא אחרינא (דרך אחרת),substituted,yes,2,wikipedia,חזיר הבית
ha-00870,ד״א,"בהלכה ישנה הדרכה מפורטת לגבי האופן שבו יש לקיים ד״א, כולל התייחסות למקום, לתדירות, לעיתוי, וכן לדיבור, למחשבה ולכוונה בשעת קיום היחסים.",יחסי אישות,ד״א.05,יחסי אישות,weak,13,חזיר | עבודה זרה | דבר אחר | דרך ארץ | יחסי אישות | ד' אלפים | עניין אחר | דרך אגב | ד' אמות | דיני אדם | דבר אחר.במשמעות | דרך אכילה/אכילתו | דרכא אחרינא (דרך אחרת),substituted,yes,2,wikipedia,יחסי אישות (הלכה)
ha-00871,ד״א,"איש ואישה נשואים מחויבים זה לזה לקיום ד״א, חוץ מזמן הנידה שבו הם אסורים זה על זה.",יחסי אישות,ד״א.05,יחסי אישות,weak,13,חזיר | עבודה זרה | דבר אחר | דרך ארץ | יחסי אישות | ד' אלפים | עניין אחר | דרך אגב | ד' אמות | דיני אדם | דבר אחר.במשמעות | דרך אכילה/אכילתו | דרכא אחרינא (דרך אחרת),substituted,yes,2,wikipedia,יחסי אישות (הלכה)
ha-00872,ד״א,"המונח ד״א, לרוב מתייחס ליחסי מין בין איש ואישה.",יחסי אישות,ד״א.05,יחסי אישות,weak,13,חזיר | עבודה זרה | דבר אחר | דרך ארץ | יחסי אישות | ד' אלפים | עניין אחר | דרך אגב | ד' אמות | דיני אדם | דבר אחר.במשמעות | דרך אכילה/אכילתו | דרכא אחרינא (דרך אחרת),substituted,yes,2,wikipedia,יחסי אישות (הלכה)
ha-00873,ד״א,האיסור על ד״א הוא אחת המצוות של עשרת הדיברות.,עבודה זרה,ד״א.06,עבודה זרה,weak,13,חזיר | עבודה זרה | דבר אחר | דרך ארץ | יחסי אישות | ד' אלפים | עניין אחר | דרך אגב | ד' אמות | דיני אדם | דבר אחר.במשמעות | דרך אכילה/אכילתו | דרכא אחרינא (דרך אחרת),substituted,yes,2,wikipedia,עבודה זרה
ha-00874,ד״א,"בנוסף על כך, יש איסור לחמוד ולקחת צלמיות ד״א בשל שוויים הכספי.",עבודה זרה,ד״א.06,עבודה זרה,weak,13,חזיר | עבודה זרה | דבר אחר | דרך ארץ | יחסי אישות | ד' אלפים | עניין אחר | דרך אגב | ד' אמות | דיני אדם | דבר אחר.במשמעות | דרך אכילה/אכילתו | דרכא אחרינא (דרך אחרת),substituted,yes,2,wikipedia,עבודה זרה
ha-00875,ד״א,גם דברי הגדה של פסח המיוסדים על דברי רב במסכת פסחים: ”מתחִלה עובדי ד״א היו אבותינו” מעידים על מגמה זו.,עבודה זרה,ד״א.06,עבודה זרה,weak,13,חזיר | עבודה זרה | דבר אחר | דרך ארץ | יחסי אישות | ד' אלפים | עניין אחר | דרך אגב | ד' אמות | דיני אדם | דבר אחר.במשמעות | דרך אכילה/אכילתו | דרכא אחרינא (דרך אחרת),substituted,yes,2,wikipedia,עבודה זרה
ha-00876,ד״א,"בישראל מונפקת תעודת פטירה לבקשת בני משפחה מדרגה ראשונה (בן זוג או בת זוג, ילדים, נכדים, אחים, הורים וסבים) של הנפטר או לבקשת בעל ד״א, שיבהיר את עניינו, אך רק עבור מי שנפטר בארץ.",עניין אחר,ד״א.07,עניין אחר,weak,13,חזיר | עבודה זרה | דבר אחר | דרך ארץ | יחסי אישות | ד' אלפים | עניין אחר | דרך אגב | ד' אמות | דיני אדם | דבר אחר.במשמעות | דרך אכילה/אכילתו | דרכא אחרינא (דרך אחרת),substituted,yes,2,wikipedia,תעודת פטירה
ha-00877,ד״א,"מרגע מינוי ראש הממשלה, אין לנשיא כל שיקול דעת בנוגע לכל ד״א, לרבות מינוי שרים.",עניין אחר,ד״א.07,עניין אחר,weak,13,חזיר | עבודה זרה | דבר אחר | דרך ארץ | יחסי אישות | ד' אלפים | עניין אחר | דרך אגב | ד' אמות | דיני אדם | דבר אחר.במשמעות | דרך אכילה/אכילתו | דרכא אחרינא (דרך אחרת),substituted,yes,2,wikipedia,נשיא הודו
ha-00878,ד״א,"על פי מגילת הסמכויות, נתונה בידי ועדה היכולת לדון על דעת עצמה ""בכל ד״א אשר בתחום ענייניה"", בעוד שתקנון הכנסת הגדיר מאוחר יותר מפורשות את תפקידי הוועדות.",עניין אחר,ד״א.07,עניין אחר,weak,13,חזיר | עבודה זרה | דבר אחר | דרך ארץ | יחסי אישות | ד' אלפים | עניין אחר | דרך אגב | ד' אמות | דיני אדם | דבר אחר.במשמעות | דרך אכילה/אכילתו | דרכא אחרינא (דרך אחרת),substituted,yes,2,wikipedia,ועדות הכנסת
ha-00879,ד״ה,"על פי דברי התלמוד הבבלי, ”עזרא כתב ספרו, ויחס ד״ה עד לו...",דברי הימים,ד״ה.01,דברי הימים,weak,3,דברי הימים | דיבור המתחיל | דברי הכל,substituted,yes,3,wikipedia,דברי הימים
ha-00880,ד״ה,"לפי הסבר זה, ספר ד״ה כולו נכתב בידי עזרא הסופר.",דברי הימים,ד״ה.01,דברי הימים,weak,3,דברי הימים | דיבור המתחיל | דברי הכל,substituted,yes,3,wikipedia,דברי הימים
ha-00881,ד״ה,"לפיו, אין לקרוא את דברי הגמרא ""עַד לו"", אלא ""עֵד לו""; ספר ד״ה הוא עדות לספר עזרא ולנכונות המסורת שבידי עזרא מחבר הספרים.",דברי הימים,ד״ה.01,דברי הימים,weak,3,דברי הימים | דיבור המתחיל | דברי הכל,substituted,yes,3,wikipedia,דברי הימים
ha-00882,ד״ה,"כך, מדברי אביי בתלמוד הבבלי עולה שגם ביאה שלא כדרכה נחשבת כביאה לעניין קידושין: ”אמר להו אביי: עד כאן לא פליגי רבי ורבנן - אלא באחר, אבל בעל - ד״ה אם בא עליה שלא כדרכה - עשאה בעולה”.",דברי הכל,ד״ה.03,דברי הכל,weak,3,דברי הימים | דיבור המתחיל | דברי הכל,substituted,yes,3,wikipedia,ביאה שלא כדרכה
ha-00883,ד״ה,"לאחר הביטוי ""ד״ה"" מצטט הפרשן את המילים שבהן פותח הקטע המדובר.",דיבור המתחיל,ד״ה.02,דיבור המתחיל,weak,3,דברי הימים | דיבור המתחיל | דברי הכל,substituted,yes,3,wikipedia,דיבור המתחיל
ha-00884,ד״ה,"אם הפרשן עוסק במספר מקורות (כמו מפרשי התלמוד האחרונים), הוא פותח בשם המקור ולאחר מכן ציון ד״ה.",דיבור המתחיל,ד״ה.02,דיבור המתחיל,weak,3,דברי הימים | דיבור המתחיל | דברי הכל,substituted,yes,3,wikipedia,דיבור המתחיל
ha-00885,ד״ה,"צורתו המקורית של המושג היא כאשר הוא מחובר למושא: ""ד״ה: ..."".",דיבור המתחיל,ד״ה.02,דיבור המתחיל,weak,3,דברי הימים | דיבור המתחיל | דברי הכל,substituted,yes,3,wikipedia,דיבור המתחיל
ha-00886,ד״ח,"ד״ח, המכונה גם ""מִכְפָּל"" או ""כַּפְלָן"", הוא סימן ניקוד בעברית, המורה להכפיל את האות שבה הוא נמצא.",דגש חזק,ד״ח.01,דגש חזק,weak,3,דגש חזק | דרגת חופש | דפוס חדש,substituted,yes,3,wikipedia,דגש חזק
ha-00887,ד״ח,"ד״ח יכול לבוא ברוב האותיות, למעט האותיות א, ה, ח, ע, ר.",דגש חזק,ד״ח.01,דגש חזק,weak,3,דגש חזק | דרגת חופש | דפוס חדש,substituted,yes,3,wikipedia,דגש חזק
ha-00888,ד״ח,דגש משלים הוא ד״ח שמקורו בהבלעת אות מסוימת כתוצאה מתופעות לשוניות שונות.,דגש חזק,ד״ח.01,דגש חזק,weak,3,דגש חזק | דרגת חופש | דפוס חדש,substituted,yes,3,wikipedia,דגש חזק
ha-00889,ד״ח,היה זה פתרון חדשני - להביא לידי התעלות מוסרית-דתית של הציבור הרחב באמצעות ד״ח של מנהיגות.,דפוס חדש,ד״ח.02,דפוס חדש,weak,3,דגש חזק | דרגת חופש | דפוס חדש,substituted,yes,3,wikipedia,צדיק
ha-00890,ד״ח,"דגל הרפובליקה האיטלקית שמר על שלושת הצבעים הלאומיים האיטלקים-מילאנזיים, אך עם ד״ח, פחות מהפכני.",דפוס חדש,ד״ח.02,דפוס חדש,weak,3,דגש חזק | דרגת חופש | דפוס חדש,substituted,yes,3,wikipedia,הרפובליקה האיטלקית (1802–1805)
ha-00891,ד״ח,העקרונות של לה קורבוזיה לא היו פנטזיות עיצוביות או גחמות אופייניות אלא הכתיבו ד״ח של בניה.,דפוס חדש,ד״ח.02,דפוס חדש,weak,3,דגש חזק | דרגת חופש | דפוס חדש,substituted,yes,3,wikipedia,לה קורבוזיה
ha-00892,ד״ח,"בפיזיקה, ממד של מערכת משקף ד״ח של תנועה במרחב.",דרגת חופש,ד״ח.03,דרגת חופש,weak,3,דגש חזק | דרגת חופש | דפוס חדש,substituted,yes,3,wikipedia,ממד (פיזיקה)
ha-00893,ד״ח,"בשנת 1924 פאולי הציג את מה שהוא כינה ""ד״ח קוונטית דו־ערכית"" הקשור לאלקטרון בקליפה הרחוקה ביותר מגרעין האטום (קליפת הערכיות).",דרגת חופש,ד״ח.03,דרגת חופש,weak,3,דגש חזק | דרגת חופש | דפוס חדש,substituted,yes,3,wikipedia,ספין (פיזיקה)
ha-00894,ד״ח,הפירוש הפיזיקלי של אותה ד״ח לא היה ידוע בהתחלה.,דרגת חופש,ד״ח.03,דרגת חופש,weak,3,דגש חזק | דרגת חופש | דפוס חדש,substituted,yes,3,wikipedia,ספין (פיזיקה)
ha-00895,ד״ל,"את סיפורו, ""נתן בן נתן"" חתם מיכה יוסף ברדיצ'בסקי במשפט: ""הקורא בוודאי יבין את סוף פסוק של אותו מכתב, ד״ל...",ודי לחכימא,ד״ל.01,ודי לחכימא,weak,2,ודי לחכימא | ודי למבין,substituted,no,3,wikipedia,די לחכימא ברמיזא
ha-00896,ד״ל,"ד״ל."" בין אם סיפוריו הם עדות לדו-קיום מוצלח או לא, הם בהחלט מציירים תמונה ייחודית של אוכלוסייה מסוימת מתקופת היישוב שאין כמותה בספרות העברית.",ודי לחכימא,ד״ל.01,ודי לחכימא,weak,2,ודי לחכימא | ודי למבין,substituted,no,3,wikipedia,יצחק שמי
ha-00897,ד״מ,"בהלכה, ד״מ הם תחום נרחב של חוקים העוסקים בנושאים שיש להם משמעות כלכלית.",דיני ממונות,ד״מ.03,דיני ממונות,weak,3,דיני ממונות | דרך משל | דצימטר,substituted,yes,3,wikipedia,דיני ממונות
ha-00898,ד״מ,"ב-30 באפריל 2004, לאחר קרוב לעשרים שנות עבודה, הוצג לציבור תזכיר חוק ד״מ.",דיני ממונות,ד״מ.03,דיני ממונות,weak,3,דיני ממונות | דרך משל | דצימטר,substituted,yes,3,wikipedia,הצעת חוק דיני ממונות
ha-00899,ד״מ,"ליטר הוא יחידת מידה מקובלת לנפח בשיטה המטרית, השווה לנפחה של קובייה שאורך מקצועה ד״מ.",דצימטר,ד״מ.01,דצימטר,weak,3,דיני ממונות | דרך משל | דצימטר,substituted,yes,3,wikipedia,ליטר
ha-00900,ד״מ,הגדרה מחודשת זו שינתה את נפחו של הליטר כך שנפחו יהא 1.000028 ד״מ מעוקב לערך (עבודות עיוניות מוקדמות יותר מעריכות אותו בדרך כלל על 1.000027 ד״מ מעוקב).,דצימטר,ד״מ.01,דצימטר,weak,3,דיני ממונות | דרך משל | דצימטר,substituted,yes,3,wikipedia,ליטר
ha-00901,ד״מ,"ד״מ מעוקב (dm³): אלפית (1/1,000) של מטר מעוקב, או 1 ליטר.",דצימטר,ד״מ.01,דצימטר,weak,3,דיני ממונות | דרך משל | דצימטר,substituted,yes,3,wikipedia,מטר מעוקב
ha-00902,ד״מ,"ד״מ, אדם הממציא תרופה למחלת הסרטן מתגבר על חוסר האונים של המין האנושי מולה ומפצה על הנחיתות האוניברסלית.",דרך משל,ד״מ.02,דרך משל,weak,3,דיני ממונות | דרך משל | דצימטר,substituted,yes,3,wikipedia,פסיכולוגיה אינדיבידואלית
ha-00903,ד״מ,והעניין על ד״מ שיהא נזכר באהבת השם תמיד כזיכרון החושק תכלית החשק בחשוקתו היום שישיג להביאה אל ביתו.,דרך משל,ד״מ.02,דרך משל,weak,3,דיני ממונות | דרך משל | דצימטר,substituted,yes,3,wikipedia,אהבת ה'
ha-00904,ד״מ,"לשון פיוטיו דומה ללשון הפיוט הקדום, והוא משתמש, ד״מ, בכינויים רבים ובלשון נופל על לשון.",דרך משל,ד״מ.02,דרך משל,weak,3,דיני ממונות | דרך משל | דצימטר,substituted,yes,3,wikipedia,ברוך בן שמואל
ha-00905,ד״נ,"בנובמבר 2014 יצא לאור ספרו הראשון של עמית ""ד״נ פריז – רמלה"" בהוצאת הדובדבן.",דואר נע,ד״נ.01,דואר נע,weak,3,דיון נוסף | דיני נפשות | דואר נע,substituted,yes,3,wikipedia,עמית חיו
ha-00906,ד״נ,"מנהלי הדואר ביקשו להרחיב את השירות גם למקומות יישוב קטנים יותר, ולהנהיג בכפרי הגדה המערבית שירות של ד״נ.",דואר נע,ד״נ.01,דואר נע,weak,3,דיון נוסף | דיני נפשות | דואר נע,substituted,yes,3,wikipedia,חותמות דואר ברשות הפלסטינית
ha-00907,ד״נ,"כוונת הרשות הפלסטינית הייתה להפעיל מבית הדואר של רמאללה שני קווים של ד״נ, והיא הכינה עבורם חותמות מתאימות, שנקראו בשמות ""ד״נ 1"" ו-""ד״נ 2"".",דואר נע,ד״נ.01,דואר נע,weak,3,דיון נוסף | דיני נפשות | דואר נע,substituted,yes,3,wikipedia,חותמות דואר ברשות הפלסטינית
ha-00908,ד״נ,"בנוסף, כיוון שלנשיא בית המשפט העליון יש סמכות להרחיב את המותב או לאשר קיומו של ד״נ, בפועל יש לו השפעה רבה על הפסיקה בכלל ההרכבים בבית המשפט העליון.",דיון נוסף,ד״נ.02,דיון נוסף,weak,3,דיון נוסף | דיני נפשות | דואר נע,substituted,yes,3,wikipedia,נשיא בית המשפט העליון
ha-00909,ד״נ,"ד״נ עוסק בשאלה האם מעשה קנין שתוקן על ידי חכמים ותקפו רק מדרבנן, יהווה קנין גם לגבי דינים מדאורייתא מכח הפקר בית דין, כך שאפשר יהיה למשל לקדש בו אישה.",דיון נוסף,ד״נ.02,דיון נוסף,weak,3,דיון נוסף | דיני נפשות | דואר נע,substituted,yes,3,wikipedia,הפקר בית דין הפקר
ha-00910,ד״נ,"ד״נ ישנו בתלמוד האם חיוב חצי נזק הוא ממון או קנס, ונפסק להלכה שחצי נזק הוא קנס.",דיון נוסף,ד״נ.02,דיון נוסף,weak,3,דיון נוסף | דיני נפשות | דואר נע,substituted,yes,3,wikipedia,נזקי בהמה
ha-00911,ד״נ,"דינים אלה, העוסקים בגזר דין מוות, נקראים ""ד״נ"".",דיני נפשות,ד״נ.03,דיני נפשות,weak,3,דיון נוסף | דיני נפשות | דואר נע,substituted,yes,3,wikipedia,ארבע מיתות בית דין
ha-00912,ד״נ,"ההבדלים שבדרכי הדין נשנות בפרק ד ממסכת סנהדרין: בית הדין – שלא כדיני ממונות, שדינם מסור לשלושה דיינים ואפילו אינם סמוכים, ד״נ נידונים בערכאה משפטית של 23 דיינים מומחים וסמוכים.",דיני נפשות,ד״נ.03,דיני נפשות,weak,3,דיון נוסף | דיני נפשות | דואר נע,substituted,yes,3,wikipedia,ארבע מיתות בית דין
ha-00913,ד״נ,"ד״נ מיוחדים כזקן ממרא, נביא שקר, עיר הנידחת סמכות הפסיקה היא בידי הסנהדרין הגדולה שבירושלים.",דיני נפשות,ד״נ.03,דיני נפשות,weak,3,דיון נוסף | דיני נפשות | דואר נע,substituted,yes,3,wikipedia,ארבע מיתות בית דין
ha-00914,ד״ע,"אם המלווה לא כשיר לליווי, הוא לא ייחשב כמי שביצע ד״ע והאחריות תוטל על הנהג החדש[דרוש מקור].",דבר עבירה,ד״ע.01,דבר עבירה,weak,2,דברי עצמו | דבר עבירה,substituted,yes,3,wikipedia,לימוד נהיגה בישראל
ha-00915,ד״ע,פסק הדין נחשב למהפכני כיוון שהוא למעשה קבע כי אין בתפילת הקבוצה בעזרת הנשים שבכותל המערבי ד״ע.,דבר עבירה,ד״ע.01,דבר עבירה,weak,2,דברי עצמו | דבר עבירה,substituted,yes,3,wikipedia,נשות הכותל
ha-00916,ד״ע,"מחלוקת נוספת בפוסקים, לעניין אדם שנעשה שליח לדבר העבירה, האם המעשה חל לגבי המשלח רק שאינו מתחייב עליו, או שכיוון שהדבר הוא ד״ע אין המעשה חל כלל.",דבר עבירה,ד״ע.01,דבר עבירה,weak,2,דברי עצמו | דבר עבירה,substituted,yes,3,wikipedia,שליח (הלכה)
ha-00917,ד״ע,"בסרטון הראשון הם ראו אדם מהמפלגה שהם משויכים אליה כשהוא סותר את ד״ע, ובסרטון השני אדם מהמפלגה המנוגדת להם עושה זאת.",דברי עצמו,ד״ע.02,דברי עצמו,weak,2,דברי עצמו | דבר עבירה,substituted,yes,3,wikipedia,דעה קדומה
ha-00918,ד״ע,"מומחיותו הייתה מוסכמת על הכל עד שרב הונא ביטל את ד״ע מפני דעת רב נחמן משום קרבתו של רב נחמן לביתו של ראש הגולה, מקום שדינים מצויים שם.",דברי עצמו,ד״ע.02,דברי עצמו,weak,2,דברי עצמו | דבר עבירה,substituted,yes,3,wikipedia,רב נחמן
ha-00919,ד״ע,"אף רב הונא ביטל את ד״ע מפני דעת רב נחמן מפני שרב נחמן היה מומחה בדיני ממונות, מכיוון ששהה באופן תדיר בבית הדין של ראש הגולה, שבו התבררו תביעות משפטיות בענייני ממונות.",דברי עצמו,ד״ע.02,דברי עצמו,weak,2,דברי עצמו | דבר עבירה,substituted,yes,3,wikipedia,רב הונא
ha-00920,ד״צ,"חוף אילת (ד״צ חוף אילת) הוא סרט קולנוע ישראלי, קומדיית סלפסטיק משנת 1989 בבימוי דובי גל ובהפקתו של דורון ערן.",דואר צבאי,ד״צ.01,דואר צבאי,weak,3,דין צדק | דפוס צילום | דואר צבאי,substituted,no,3,wikipedia,ד.צ. חוף אילת
ha-00921,ד״צ,"וובסטר, מנהל הדואר של פלשתינה, שהציג בתערוכה את האוסף האישי שלו בנושא ד״צ בריטי משנות השלושים.",דואר צבאי,ד״צ.01,דואר צבאי,weak,3,דין צדק | דפוס צילום | דואר צבאי,substituted,no,3,wikipedia,בולי המנדט שלא הונפקו
ha-00922,ד״צ,"מטוס קישור (נקרא גם מטוס שיתוף פעולה צבאי) הוא מטוס קטן, לרוב לא חמוש, אשר שימש בעיקר כוחות צבאיים לתצפית והכוונה ארטילרית או להובלת מפקדים, ד״צ וקישור בין יחידות.",דואר צבאי,ד״צ.01,דואר צבאי,weak,3,דין צדק | דפוס צילום | דואר צבאי,substituted,no,3,wikipedia,מטוסי קישור
ha-00923,ד״צ,"בנו: הרב שלמה יצחק שפירא – ספרא דדיינא בבית ד״צ אשכנזים פרושים בירושלים ואביו של הרב שמואל שפירא, מזקני רבני ברסלב.",דין צדק,ד״צ.02,דין צדק,weak,3,דין צדק | דפוס צילום | דואר צבאי,substituted,no,3,wikipedia,חיים יעקב שפירא
ha-00924,ד״צ,"מהדורה זו מהווה יסוד לכל המהדורות שבאו אחריה עד היום, כשחלקן הן למעשה ד״צ, לעיתים עם שיפורים, של מהדורה זו.",דפוס צילום,ד״צ.03,דפוס צילום,weak,3,דין צדק | דפוס צילום | דואר צבאי,substituted,no,3,wikipedia,דפוסי התלמוד הבבלי
ha-00925,ד״ק,"בעברית המדוברת היום נשתמרו ההבדלים האלה רק באותיות בכ"" פ, שנהגות בהתאמה b,‏ k ו-p כשיש בהן ד״ק, ו-v,‏ χ~x, ו-f כשהוא נעדר.",דגש קל,ד״ק.01,דגש קל,weak,2,דגש קל | דמי קדימה,substituted,yes,3,wikipedia,דגש קל
ha-00926,ד״ק,"וכך קיבלנו את אֵיפֹה (תולדה של אֵי־פֹה) ואת לְפִיכָךְ (תולדה של לְפִי־כָךְ), שתיהן ללא ד״ק.",דגש קל,ד״ק.01,דגש קל,weak,2,דגש קל | דמי קדימה,substituted,yes,3,wikipedia,דגש קל
ha-00927,ד״ק,"לעומת זאת, ד״ק יבוא אחרי שווא נח, וגם בראש מילה אם היא פותחת משפט, או אם המילה הקודמת מסתיימת בעיצור, או אם היא מנותקת מהמילה הבאה לפניה על ידי טעם מפסיק מטעמי המקרא, כגון ""טפחא"".",דגש קל,ד״ק.01,דגש קל,weak,2,דגש קל | דמי קדימה,substituted,yes,3,wikipedia,דגש קל
ha-00928,ד״ק,"חנקין שילם ד״ק, אולם לא הצליח לגייס את הכסף והעסקה בוטלה.",דמי קדימה,ד״ק.02,דמי קדימה,weak,2,דגש קל | דמי קדימה,substituted,yes,3,wikipedia,עמק זבולון
ha-00929,ד״ק,"בשנת 1932 שילמו ליהושע חנקין ד״ק עבור 500 דונם שנרכשו אז באזור, אולם לבסוף האדמה נמכרה לקבוצה אחרת ודמי הקדימה הוחזרו להם.",דמי קדימה,ד״ק.02,דמי קדימה,weak,2,דגש קל | דמי קדימה,substituted,yes,3,wikipedia,גן חיים
ha-00930,ד״ק,"דוגמאות נוספות הן: תקיעת כף, נתינת ד״ק ונתינת מטבע.",דמי קדימה,ד״ק.02,דמי קדימה,weak,2,דגש קל | דמי קדימה,substituted,yes,3,wikipedia,סיטומתא
ha-00931,ד״ר,מדרש ד״ר אינו מפרש את ספר דברים על פי סדרו.,דברים רבה,ד״ר.02,דברים רבה,weak,4,דוקטור | דברי רבי־ | דפוס ראשון | דברים רבה,substituted,yes,1,wikipedia,דברים רבה
ha-00932,ד״ר,למדרש ד״ר לא פורסמה מהדורה מדעית מבוארת.,דברים רבה,ד״ר.02,דברים רבה,weak,4,דוקטור | דברי רבי־ | דפוס ראשון | דברים רבה,substituted,yes,1,wikipedia,דברים רבה
ha-00933,ד״ר,"היא פורסמה בידי שאול ליברמן על פי כתב יד אוקספורד 147, בירושלים בשנת 1940, ומכונה ""ד״ר ליברמן"".",דברים רבה,ד״ר.02,דברים רבה,weak,4,דוקטור | דברי רבי־ | דפוס ראשון | דברים רבה,substituted,yes,1,wikipedia,דברים רבה
ha-00934,ד״ר,"ד״ר דניאל מאיר וייל בספרו ניגון טעמי המקרא על פי המסורה מציע פענוח של המנגינה המקורית האבודה, מתוך ניתוח תאורטי וחיפוש מודל שיסביר את כללי טעמי המקרא המפורטים הידועים.",דוקטור,ד״ר.01,דוקטור,verified,4,דוקטור | דברי רבי־ | דפוס ראשון | דברים רבה,natural,yes,1,wikipedia,טעמי המקרא
ha-00935,ד״ר,"אש שימש בתפקיד זה עד אוקטובר 2011, והוחלף על ידי תת-אלוף ד""ר יצחק קרייס.",דוקטור,ד״ר.01,דוקטור,verified,4,דוקטור | דברי רבי־ | דפוס ראשון | דברים רבה,natural,yes,1,wikipedia,נחמן אש
ha-00936,ד״ר,"חלוץ הייצור של שיני חרסינה כשיניים תותבות היה ד""ר ס.",דוקטור,ד״ר.01,דוקטור,verified,4,דוקטור | דברי רבי־ | דפוס ראשון | דברים רבה,natural,yes,1,wikipedia,רפואת שיניים
ha-00937,ד״ר,"מקור המילה ד״ר בשפה הלטינית והיא לקוחה מיוונית: 'דוקסה' פירושה 'סברה', ובהשאלה 'ד״ר' הוא 'מי שמורשה לשאת סברה'.",דוקטור,ד״ר.01,דוקטור,weak,4,דוקטור | דברי רבי־ | דפוס ראשון | דברים רבה,substituted,yes,1,wikipedia,דוקטור
ha-00938,ד״ר,"מכאן שבלטינית הקלאסית פירוש המילה 'ד״ר' הוא 'מורה', ובלטינית של ימי הביניים מלומד ויועץ דתי.",דוקטור,ד״ר.01,דוקטור,weak,4,דוקטור | דברי רבי־ | דפוס ראשון | דברים רבה,substituted,yes,1,wikipedia,דוקטור
ha-00939,ד״ר,"באותה התקופה המונחים ""ד״ר"" (Doctor) ו""מוסמך"" (Master) היו בעלי משמעות זהה.",דוקטור,ד״ר.01,דוקטור,weak,4,דוקטור | דברי רבי־ | דפוס ראשון | דברים רבה,substituted,yes,1,wikipedia,דוקטור
ha-00940,ד״ר,"בעצם השימוש במונח ""ד״ר"" מתכוונים לומר שזו הפעם הראשונה שהוא עלה על מכבש הדפוס, ועד אז הוא היה רשום בכתב יד בלבד.",דפוס ראשון,ד״ר.03,דפוס ראשון,weak,4,דוקטור | דברי רבי־ | דפוס ראשון | דברים רבה,substituted,yes,1,wikipedia,דפוס ראשון
ha-00941,ד״ר,סוג ד- ד״ר שהודפס מכתב יד משובש הוא לפעמים נחות לעומת דפוס שני אם אנו יודעים שהדפוס השני נדפס מכתב יד אחר שעולה באיכותו על כתב היד שממנו נדפס הדפוס הראשון.,דפוס ראשון,ד״ר.03,דפוס ראשון,weak,4,דוקטור | דברי רבי־ | דפוס ראשון | דברים רבה,substituted,yes,1,wikipedia,דפוס ראשון
ha-00942,ד״ר,"המהדורה היא על פי ד״ר ועל פי כתבי יד מדוקדקים, עם התייעצות בחכמי דור.",דפוס ראשון,ד״ר.03,דפוס ראשון,weak,4,דוקטור | דברי רבי־ | דפוס ראשון | דברים רבה,substituted,yes,1,wikipedia,שערי תשובה
ha-00943,ד״ש,"צמח ד״ש או בין-שנתי – צמח שאינו חד-שנתי, אך הוא חד-מחזורי, כלומר יש לו רק מחזור רבייה אחד (מחזור פריחה) במהלך חייו, והוא זקוק ליותר משנה אחת כדי להשלים את מחזור החיים.",דו-שנתי,ד״ש.01,דו-שנתי,weak,5,דו-שנתי | דרישת שלום | דוד שמש | דיני שמים | דו-שבעון,substituted,yes,1,wikipedia,בוטניקה – מונחים
ha-00944,ד״ש,"בשנת 2009 נחקק, כהוראת שעה, ביוזמתו של שר האוצר יובל שטייניץ, חוק יסוד: תקציב המדינה לשנים 2009 ו-2010 (הוראות מיוחדות) (הוראת שעה), שנועד לאפשר חקיקת תקציב ד״ש.",דו-שנתי,ד״ש.01,דו-שנתי,weak,5,דו-שנתי | דרישת שלום | דוד שמש | דיני שמים | דו-שבעון,substituted,yes,1,wikipedia,תקציב המדינה (ישראל)
ha-00945,ד״ש,"חרף הסתייגות זו, גם לשנים 2013–2014 נקבע תקציב ד״ש, וכך גם לשנים 2015–2016 ואחריהן לשנים 2017–2018.",דו-שנתי,ד״ש.01,דו-שנתי,weak,5,דו-שנתי | דרישת שלום | דוד שמש | דיני שמים | דו-שבעון,substituted,yes,1,wikipedia,תקציב המדינה (ישראל)
ha-00946,ד״ש,ד״ש הוא דוד חימום המשתמש באנרגיה סולארית לחימום מים.,דוד שמש,ד״ש.02,דוד שמש,weak,5,דו-שנתי | דרישת שלום | דוד שמש | דיני שמים | דו-שבעון,substituted,yes,1,wikipedia,דוד שמש
ha-00947,ד״ש,תכונה זו מהווה את עקרון הפעולה של ד״ש ותנור מיקרוגל.,דוד שמש,ד״ש.02,דוד שמש,weak,5,דו-שנתי | דרישת שלום | דוד שמש | דיני שמים | דו-שבעון,substituted,yes,1,wikipedia,בליעה (קרינה אלקטרומגנטית)
ha-00948,ד״ש,"חמישה משירי האלבום בוצעו במקור על ידי ""התרנגולים"" (""משעמם"", ""אם תרצי"", ""שיר אהבה חיילי"", ""ד״ש ואנטנה גם"", ו""הכל זהב"").",דוד שמש,ד״ש.02,דוד שמש,weak,5,דו-שנתי | דרישת שלום | דוד שמש | דיני שמים | דו-שבעון,substituted,yes,1,wikipedia,ארץ ישראל הישנה והטובה חלק ד': משירי סשה ארגוב
ha-00949,ד״ש,"מדין התורה לא חלה חובת תשלום עבור נזק מסוג זה בדיני אדם, דהיינו בבית דין, אך על מנת לצאת ידי חובת ד״ש, על האדם לשלם בעבור הנזק שגרם גם אם מדובר בהיזק שאינו ניכר.",דיני שמים,ד״ש.04,דיני שמים,weak,5,דו-שנתי | דרישת שלום | דוד שמש | דיני שמים | דו-שבעון,substituted,yes,1,wikipedia,היזק שאינו ניכר
ha-00950,ד״ש,"לפי רבי שמעון שקופ, גם לדעת מי שסובר שגזל הגוי מותר (ואין זו ההלכה), הרי זה מצד ד״ש, אבל מצד זכות הקניין - בעלות הגוי תקפה על ממונו וצריך להחזיר לו.",דיני שמים,ד״ש.04,דיני שמים,weak,5,דו-שנתי | דרישת שלום | דוד שמש | דיני שמים | דו-שבעון,substituted,yes,1,wikipedia,יהדות: בין דת למוסר (ספר)
ha-00951,ד״ש,"""ד״ש"" הוא אלבום הסולו הרביעי של הזמרת ירדנה ארזי שיצא בשנת 1985.",דרישת שלום,ד״ש.03,דרישת שלום,weak,5,דו-שנתי | דרישת שלום | דוד שמש | דיני שמים | דו-שבעון,substituted,yes,1,wikipedia,דרישת שלום (אלבום)
ha-00952,ד״ש,"לשיר ""ד״ש"" התווסף בשנת 2003 בית נוסף לרגל חגיגות יום העצמאות ה-55 לישראל.",דרישת שלום,ד״ש.03,דרישת שלום,weak,5,דו-שנתי | דרישת שלום | דוד שמש | דיני שמים | דו-שבעון,substituted,yes,1,wikipedia,דרישת שלום (אלבום)
ha-00953,ד״ש,"""ד״ש"" הוא שיר השירותרום 1985 ושיר הנושא מתוך אלבומה הרביעי של הזמרת ירדנה ארזי.",דרישת שלום,ד״ש.03,דרישת שלום,weak,5,דו-שנתי | דרישת שלום | דוד שמש | דיני שמים | דו-שבעון,substituted,yes,1,wikipedia,דרישת שלום (שיר של ירדנה ארזי)
ha-00954,ד״ת,נהוג לומר ד״ת בעיקר בסעודת מצווה כגון סעודת שבע ברכות או בר מצווה בהם אף מקשרים את הנאמר לחתן או לכלה.,דברי תורה,ד״ת.01,דברי תורה,weak,3,דברי תורה | דין תורה | דעת תורה,substituted,yes,3,wikipedia,דברי תורה
ha-00955,ד״ת,"שלושה שאכלו על שולחן אחד ולא אמרו עליו ד״ת, כאילו אכלו מזבחי מתים”.",דברי תורה,ד״ת.01,דברי תורה,weak,3,דברי תורה | דין תורה | דעת תורה,substituted,yes,3,wikipedia,דברי תורה
ha-00956,ד״ת,"""דאורייתא"" הוא מונח בארמית שמשמעתו ""של התורה"", כינויים נוספים הם ""דבר תורה"" או ""ד״ת"".",דברי תורה,ד״ת.01,דברי תורה,weak,3,דברי תורה | דין תורה | דעת תורה,substituted,yes,3,wikipedia,דרבנן
ha-00957,ד״ת,"לפיכך, צדדים המעוניינים להכריע בסכסוך כלכלי שביניהם על פי ד״ת יכולים לפנות לבתי דין פרטיים, וביניהם בית הדין לממונות, עליהם עדיין חל חוק הבוררות.",דין תורה,ד״ת.02,דין תורה,weak,3,דברי תורה | דין תורה | דעת תורה,substituted,yes,3,wikipedia,בית דין לממונות
ha-00958,ד״ת,"חלק מתפיסות אלה נובעות, במקרה הטוב, משאיפה לקיום הליך משפטי על פי ד״ת, ולפי דעות אחרות, מעמדן הוא כשל ""ערכאות של גויים"".",דין תורה,ד״ת.02,דין תורה,weak,3,דברי תורה | דין תורה | דעת תורה,substituted,yes,3,wikipedia,בית דין לממונות
ha-00959,ד״ת,"גם בתי הדין עצמם מעדיפים את מוסד הבוררות על פני דין בכפייה מנימוקים הלכתיים, כדוגמת אי־היכולת לכפייה כאשר הדיינים אינם סמוכים, ועקב חוסר במסורת שיפוטית הנוגע לשיפוט בכפייה ועל פי עקרונות ד״ת.",דין תורה,ד״ת.02,דין תורה,weak,3,דברי תורה | דין תורה | דעת תורה,substituted,yes,3,wikipedia,בית דין לממונות
ha-00960,ד״ת,"בטרמינולוגיה החרדית, ד״ת היא דעתו של אדם גדול בתורה בכל נושא שאין לו התייחסות מפורשת בתורה.",דעת תורה,ד״ת.03,דעת תורה,weak,3,דברי תורה | דין תורה | דעת תורה,substituted,yes,3,wikipedia,דעת תורה
ha-00961,ד״ת,המושג ד״ת נועד לייחס לאדם הנחשב גדול בתורה את היכולת לשמש לפה עבור התורה ולהביע את דעתה (שאינה מובעת בה בגלוי) בשאלה הנדונה.,דעת תורה,ד״ת.03,דעת תורה,weak,3,דברי תורה | דין תורה | דעת תורה,substituted,yes,3,wikipedia,דעת תורה
ha-00962,ד״ת,ד״ת היא מוטיב מרכזי בחיי החברה החרדית וברמה פחותה אף בחיי החברה החרדית-לאומית.,דעת תורה,ד״ת.03,דעת תורה,weak,3,דברי תורה | דין תורה | דעת תורה,substituted,yes,3,wikipedia,דעת תורה
ha-00963,האר״י,"על אף מוצאו האר״י הכהן גדל וחונך בבתי המדרש של חכמי הספרדים, והכיר את מנהגיהם.",האשכנזי רבי יצחק,האר״י.01,האשכנזי רבי יצחק,weak,3,רבי יצחק לוריא | האשכנזי רבי יצחק | האדון רבי יצחק,substituted,no,3,wikipedia,יצחק הכהן רפפורט
ha-00964,האר״י,"ר' יצחק לוריא אשכנזי (האר""י הקדוש) (1534–1572) – גדול מקובלי צפת; ניסח שיטה חדשה בקבלה (“קבלת האר״י"") שהפכה לציר מרכזי בקבלה המאוחרת.",רבי יצחק לוריא,האר״י.02,רבי יצחק לוריא,verified,3,רבי יצחק לוריא | האשכנזי רבי יצחק | האדון רבי יצחק,natural,no,3,wikipedia,מקובל
ha-00965,הגה״צ,"במקביל מכרה את הפעילות שלה בתחום הדפוס והצילום, במטרה להתמקד בתחום הגה״צ.",הגנת הצומח,הגה״צ.01,הגנת הצומח,weak,2,הגאון הצדיק | הגנת הצומח,substituted,no,3,wikipedia,אדמה פתרונות לחקלאות
ha-00966,הגה״צ,"בנוסף, תרמה 12 מיליון שקל לאוניברסיטת תל אביב, לטובת הקמת מרכז מחקר והוראה לפיתוח טכנולוגיות מתקדמות לחומרים פעילים ופורמולציה בתחום הגה״צ באוניברסיטה.",הגנת הצומח,הגה״צ.01,הגנת הצומח,weak,2,הגאון הצדיק | הגנת הצומח,substituted,no,3,wikipedia,אדמה פתרונות לחקלאות
ha-00967,הגה״צ,"מפעל אגריקה – חטיבת החקלאות של כצט, המתמחה בפיתוח ושיווק מוצרים בתחום הגה״צ.",הגנת הצומח,הגה״צ.01,הגנת הצומח,weak,2,הגאון הצדיק | הגנת הצומח,substituted,no,3,wikipedia,כצט
ha-00968,הו״ל,"ככל ספריו של עגנון שיצאו לאור לאחר פטירתו, גם ספר זה הו״ל בידי בתו, אמונה ירון.",הובא לדפוס,הו״ל.02,הובא לדפוס,weak,3,הוציא לאור | הובא לדפוס | הֲוָה לֵיהּ,substituted,no,3,wikipedia,תכריך של סיפורים
ha-00969,הו״ל,"אשר ברש ערך ספרי פרוזה בהוצאה זו, ובמסגרתה הו״ל את ספרו של דוד פוגל ""חיי נישואים"".",הוציא לאור,הו״ל.01,הוציא לאור,weak,3,הוציא לאור | הובא לדפוס | הֲוָה לֵיהּ,substituted,no,3,wikipedia,הוצאת מצפה
ha-00970,הו״ל,"באפריל 2022 הו״ל את הסינגל ""מאיה"", שכתב והלחין אבי בן זקן.",הוציא לאור,הו״ל.01,הוציא לאור,weak,3,הוציא לאור | הובא לדפוס | הֲוָה לֵיהּ,substituted,no,3,wikipedia,ניב דמירל
ha-00971,הו״ל,"ב-18 בספטמבר 2023 הו״ל את אלבומו השני, ""ילד טוב"".",הוציא לאור,הו״ל.01,הוציא לאור,weak,3,הוציא לאור | הובא לדפוס | הֲוָה לֵיהּ,substituted,no,3,wikipedia,ניב דמירל
ha-00972,החי״ל,"רק בהתהפך גלגל המלחמה ולקראת סופה הסכימו הבריטים בשנת 1944 להקים את ""החי״ל"".",הבריגדה היהודית,החי״ל.01,הבריגדה היהודית,weak,2,הבריגדה היהודית | החבל הימי לישראל,substituted,yes,3,wikipedia,הבריגדה היהודית
ha-00973,החי״ל,"ההחלטה על הקמת החי״ל התקבלה בצבא הבריטי ביולי 1944, ומשרד המלחמה הבריטי הודיע על כך בפומבי ב-20 בספטמבר 1944.",הבריגדה היהודית,החי״ל.01,הבריגדה היהודית,weak,2,הבריגדה היהודית | החבל הימי לישראל,substituted,yes,3,wikipedia,הבריגדה היהודית
ha-00974,החי״ל,תקופת שהות החי״ל בטרוויזיו סימלה את המפגש הראשון בין אנשי הבריגדה לבין ניצולי השואה.,הבריגדה היהודית,החי״ל.01,הבריגדה היהודית,weak,2,הבריגדה היהודית | החבל הימי לישראל,substituted,yes,3,wikipedia,הבריגדה היהודית
ha-00975,החי״ל,"צדוק אשל, המערכה לכיבוש הים – תולדות החי״ל.",החבל הימי לישראל,החי״ל.02,החבל הימי לישראל,weak,2,הבריגדה היהודית | החבל הימי לישראל,substituted,yes,3,wikipedia,החבל הימי לישראל
ha-00976,החי״ל,"""ים"" - גליונות החי״ל באתר ""שפת הים"", 2022.",החבל הימי לישראל,החי״ל.02,החבל הימי לישראל,weak,2,הבריגדה היהודית | החבל הימי לישראל,substituted,yes,3,wikipedia,החבל הימי לישראל
ha-00977,החי״ל,זאב הים היה גם ממקימי החי״ל ב-1936 וממניחי היסודות לבית הספר הימי בחיפה ב-1938 (שעבר ב-1954 לעכו ונקרא מאז בית הספר לקציני ים עכו).,החבל הימי לישראל,החי״ל.02,החבל הימי לישראל,weak,2,הבריגדה היהודית | החבל הימי לישראל,substituted,yes,3,wikipedia,זאב הים (רב חובל)
ha-00978,הי״ו,על כן נחשב סם המרקוח לחומר הי״ו ביותר ביקום והשולט בו ובתהליך כרייתו אוצר כח עצום.,היקר והחשוב,הי״ו.01,היקר והחשוב,weak,2,היקר והחשוב | השם יחייהו ויחזקהו,substituted,no,3,wikipedia,חולית (ספר)
ha-00979,הי״ו,"נחשב לחומר הי״ו ביותר ביקום בשל יכולתו להאריך את החיים ולאפשר לנווטי גילדת החלל לחשב את מסלול קיפול החלל, ועל ידי כך לאפשר מסע ברחבי היקום באופן מיידי.",היקר והחשוב,הי״ו.01,היקר והחשוב,weak,2,היקר והחשוב | השם יחייהו ויחזקהו,substituted,no,3,wikipedia,חולית (ספר)
ha-00980,הי״מ,"כל שבוע הוא למעשה בירור לאחת משבע הספירות הקבליות הקשורות במידות: חסד, גבורה, תפארת, נצח, הי״מ.","הוד, יסוד, מלכות",הי״מ.01,"הוד, יסוד, מלכות",weak,4,"הוד, יסוד, מלכות | ה' יצילנו משגיאות | היכי מצי (=איפה מצינו, איך אפשר) | היש מפרשים",substituted,no,3,wikipedia,ספירת העומר
ha-00981,הי״מ,"קיימות עשר ספירות: כתר, חכמה, בינה, חסד, גבורה, תפארת, נצח, הי״מ.","הוד, יסוד, מלכות",הי״מ.01,"הוד, יסוד, מלכות",weak,4,"הוד, יסוד, מלכות | ה' יצילנו משגיאות | היכי מצי (=איפה מצינו, איך אפשר) | היש מפרשים",substituted,no,3,wikipedia,מושגי יסוד בקבלה
ha-00982,הי״ת,"אומנם, אם ""יחזק זכות האדם כל כך, אז יצילהו הי״ת ממנה בשינוי טבע"".",השם יתברך,הי״ת.01,השם יתברך,weak,2,"השם יתברך | המשביר, יכין, תנובה",substituted,no,3,wikipedia,השגחה
ha-00983,הי״ת,"הי״ת גזר אומר אשר עשב פרטי זה חיה יחיה חדשים ימים ושעות קצובות, ובמשך זמן זה יסוב ויכוף במספר כזה וכזה"".",השם יתברך,הי״ת.01,השם יתברך,weak,2,"השם יתברך | המשביר, יכין, תנובה",substituted,no,3,wikipedia,השגחה
ha-00984,הנ״ל,כתב היד של היצירה אבוד כיום והיא מופיעה בכתב ידו של מוצרט בקטלוג הנ״ל בלבד.,הנזכר לעיל,הנ״ל.01,הנזכר לעיל,weak,3,הנזכר לעיל | הנראה למעלה | הנזכר למטה,substituted,yes,3,wikipedia,סונאטה לפסנתר מס' 16 של מוצרט
ha-00985,הנ״ל,"המרכז למחקר במדעי־הרוח על־שם רנסום, אשר מחזיק בבעלות על התצלום כיום, כפוף להסכם עם גרנשהיים, שלפיו אין לספק כל רפרודוקציה אחרת של ההליוגרפיה של נייפס מלבד ציור־המים הנ״ל.",הנזכר לעיל,הנ״ל.01,הנזכר לעיל,weak,3,הנזכר לעיל | הנראה למעלה | הנזכר למטה,substituted,yes,3,wikipedia,נוף מחלון בלה-גרא
ha-00986,הנ״ל,"המקום נבחר מאותם השיקולים של שכנות טובה, והוא מתכתב עם פרויקט מצר-מסר הנ״ל, שנערך 50 שנה לפניו.",הנזכר לעיל,הנ״ל.01,הנזכר לעיל,weak,3,הנזכר לעיל | הנראה למעלה | הנזכר למטה,substituted,yes,3,wikipedia,מייסר
ha-00987,הנ״ל,"בעבר היו ככל הנ״ל משני מיליון דובים שחורים אמריקניים באמריקה הצפונית; הערכות בשנות ה-80 של המאה ה-20 הניחו שמספרם מתחת ל-200,000.",הנראה למעלה,הנ״ל.02,הנראה למעלה,weak,3,הנזכר לעיל | הנראה למעלה | הנזכר למטה,substituted,yes,3,wikipedia,דוב שחור אמריקני
ha-00988,הנ״ל,"אף על פי שהקושי לזהות פיתונים מקשה לאמוד את גודל האוכלוסייה, רוב החוקרים מציעים שלפחות 30,000 וככל הנ״ל מ-300,000 פיתונים כבר מצויים בדרום פלורידה, וכי אוכלוסייה זו רק תמשיך לגדול.",הנראה למעלה,הנ״ל.02,הנראה למעלה,weak,3,הנזכר לעיל | הנראה למעלה | הנזכר למטה,substituted,yes,3,wikipedia,פיתונים בורמזיים בפלורידה
ha-00989,הנ״ל,"הקובץ כלל פתיחה, אחרית דבר וככל הנ״ל מ-100 חוקים, שרק 25 מתוכם ניתנים לקריאה.",הנראה למעלה,הנ״ל.02,הנראה למעלה,weak,3,הנזכר לעיל | הנראה למעלה | הנזכר למטה,substituted,yes,3,wikipedia,חוקי ליפית-אשתר
ha-00990,הנ״ץ,"המייחד את ""הנ״ץ"" באותה תקופה מתנועות אחרות היה היותה תנועת נוער ציונית, חילונית, שאינה משתייכת לזרם השמאלי (כלומר לא סוציאליסטית).",הנוער הציוני,הנ״ץ.01,הנוער הציוני,weak,2,הנוער הציוני | נפתלי הירץ יהודה נימנוביץ',substituted,no,3,wikipedia,הנוער הציוני
ha-00991,הנ״ץ,"ראשי התארגנויות אלו, שקראו לעצמם בשמות כמו 'הנוער העברי', 'השומר הלאומי', 'הנ״ץ הכללי' וכדומה, עמדו בקשר זה עם זה לכל המאוחר כבר ב-1926.",הנוער הציוני,הנ״ץ.01,הנוער הציוני,weak,2,הנוער הציוני | נפתלי הירץ יהודה נימנוביץ',substituted,no,3,wikipedia,הנוער הציוני
ha-00992,הנ״ץ,"ב-25 במאי 1931, התכנסו נציגי הארגונים המקומיים בעיר לבוב, ובהנהגת יצחק שטייגר הוחלט על הקמת ארגון גג שנקרא ""הסתדרות חלוצית עולמית הנ״ץ"", כמשקל נגד לתנועת השומר הצעיר בעלת הגוון הסוציאליסטי.",הנוער הציוני,הנ״ץ.01,הנוער הציוני,weak,2,הנוער הציוני | נפתלי הירץ יהודה נימנוביץ',substituted,no,3,wikipedia,הנוער הציוני
ha-00993,הצ״ח,הצ״ח מקובלת בארגונים כגון צבא ובית חולים.,הצבת חירום,הצ״ח.01,הצבת חירום,weak,3,הצעת חוק | הסתדרות ציונית חדשה | הצבת חירום,substituted,yes,3,wikipedia,הצבת חירום
ha-00994,הצ״ח,הצ״ח מתקיימת בחיל האוויר גם לצוותי קרקע וקצינים במערך ההגנה האווירית.,הצבת חירום,הצ״ח.01,הצבת חירום,weak,3,הצעת חוק | הסתדרות ציונית חדשה | הצבת חירום,substituted,yes,3,wikipedia,הצבת חירום
ha-00995,הצ״ח,"הצ״ח קיימת גם בכוחות היבשה, אם כי פחות נפוצה.",הצבת חירום,הצ״ח.01,הצבת חירום,weak,3,הצעת חוק | הסתדרות ציונית חדשה | הצבת חירום,substituted,yes,3,wikipedia,הצבת חירום
ha-00996,הצ״ח,"הממשלה קיבלה את המלצתו של השופט רובינשטיין, והגישה לכנסת הצ״ח שבאה לתקן את הטעון תיקון.",הצעת חוק,הצ״ח.02,הצעת חוק,weak,3,הצעת חוק | הסתדרות ציונית חדשה | הצבת חירום,substituted,yes,3,wikipedia,החקיקה בישראל
ha-00997,הצ״ח,בעקבות תוצאה זו הגישה הממשלה הצ״ח שבעקבותיה תוקנה פקודת מס הכנסה ונקבע בה במפורש כי לא יותרו ניכויים בשל הוצאות לרכישת השכלה אקדמית.,הצעת חוק,הצ״ח.02,הצעת חוק,weak,3,הצעת חוק | הסתדרות ציונית חדשה | הצבת חירום,substituted,yes,3,wikipedia,החקיקה בישראל
ha-00998,הצ״ח,"הנחת הצ״ח פרטית לפני הכנסת טעונה אישור של נשיאות הכנסת (מורכבת מיושב ראש הכנסת וסגניו), והם רשאים למנוע העלאת הצעה ""גזענית במהותה"", או כזו השוללת את מהותה של מדינת ישראל כמדינת העם היהודי.",הצעת חוק,הצ״ח.02,הצעת חוק,weak,3,הצעת חוק | הסתדרות ציונית חדשה | הצבת חירום,substituted,yes,3,wikipedia,החקיקה בישראל
ha-00999,הרא״ה,"משפט כהן הוא ספר שאלות ותשובות בנושאי מצוות התלויות בארץ, הלכות בניין בית המקדש, הלכות סנהדרין, הלכות קורבנות והלכות מלכים שחיבר הרא״ה.",הרב אברהם יצחק הכהן קוק,הרא״ה.01,הרב אברהם יצחק הכהן קוק,weak,2,הרב אברהם יצחק הכהן קוק | רבי אהרן הלוי,substituted,no,1,wikipedia,משפט כהן
ha-01000,הרא״ה,מוסד הרב קוק הוא מכון מחקר והוצאה לאור תורני הקרוי על שמו של הרא״ה.,הרב אברהם יצחק הכהן קוק,הרא״ה.01,הרב אברהם יצחק הכהן קוק,weak,2,הרב אברהם יצחק הכהן קוק | רבי אהרן הלוי,substituted,no,1,wikipedia,מוסד הרב קוק
ha-01001,הרא״ה,מידות הראיה הוא ספר מוסר שנכתב על ידי הרא״ה.,הרב אברהם יצחק הכהן קוק,הרא״ה.01,הרב אברהם יצחק הכהן קוק,weak,2,הרב אברהם יצחק הכהן קוק | רבי אהרן הלוי,substituted,no,1,wikipedia,"מידות הראי""ה"
ha-01002,הרה״ג,"אם מאוזכר בעיתון רב בעל מעמד או נושא משרה תורנית נכבדה יוצמד לשמו התואר ""הגאון רבי""; משרה תורנית זוטרה - ""הרה״ג רבי"".",הרב הגאון,הרה״ג.01,הרב הגאון,weak,2,הרב הגאון | הרבנים הגאונים,substituted,no,3,wikipedia,יתד נאמן
ha-01003,הרה״ג,היה מקורב במיוחד עם הרה״ג הרב אברהם שפירא והרב עובדיה יוסף ועם הרבי מגור.,הרבנים הגאונים,הרה״ג.02,הרבנים הגאונים,weak,2,הרב הגאון | הרבנים הגאונים,substituted,no,3,wikipedia,רפאל יעקב מן רקובסקי
ha-01004,הרה״ר,"בראש ההנהגה הרוחנית של העדה והיישוב היהודי בארץ ישראל עמד הרה״ר, שכונה חכם באשי ובהמשך ""הראשון לציון"".",הרב הראשי,הרה״ר.01,הרב הראשי,weak,2,הרב הראשי | הרבנות הראשית,substituted,yes,2,wikipedia,הרבנות הראשית לישראל
ha-01005,הרה״ר,"כחמש שנים לאחר פטירת הרב הרצוג, נבחר הרב איסר יהודה אונטרמן שהיה עד אז הרה״ר של תל אביב לתפקיד הרה״ר מולו התמודד הרב הצבאי הראשי הרב שלמה גורן.",הרב הראשי,הרה״ר.01,הרב הראשי,weak,2,הרב הראשי | הרבנות הראשית,substituted,yes,2,wikipedia,הרבנות הראשית לישראל
ha-01006,הרה״ר,"לתפקיד הרה״ר הספרדי והראשון לציון התמודדו הרב מרדכי אליהו שנבחר לתפקיד, והרב אליהו בקשי דורון - הרב הספרדי של חיפה.",הרב הראשי,הרה״ר.01,הרב הראשי,weak,2,הרב הראשי | הרבנות הראשית,substituted,yes,2,wikipedia,הרבנות הראשית לישראל
ha-01007,הרה״ר,הרה״ר לישראל היא המוסד הרבני העליון הרשמי של מדינת ישראל.,הרבנות הראשית,הרה״ר.02,הרבנות הראשית,weak,2,הרב הראשי | הרבנות הראשית,substituted,yes,2,wikipedia,הרבנות הראשית לישראל
ha-01008,הרה״ר,אחד מהם עומד בראש מועצת הרה״ר והשני בראש בית הדין הרבני הגדול.,הרבנות הראשית,הרה״ר.02,הרבנות הראשית,weak,2,הרב הראשי | הרבנות הראשית,substituted,yes,2,wikipedia,הרבנות הראשית לישראל
ha-01009,הרה״ר,"הרה״ר היא ממשיכת דרכה של ""הרה״ר לארץ ישראל"" שייסד הרב אברהם יצחק הכהן קוק בתקופת המנדט הבריטי, ב־1921.",הרבנות הראשית,הרה״ר.02,הרבנות הראשית,weak,2,הרב הראשי | הרבנות הראשית,substituted,yes,2,wikipedia,הרבנות הראשית לישראל
ha-01010,השב״ס,"פן נוסף של השב״ס הוא סריקה וצילום של מאמרים - המוכר גם במונח ""אספקת מסמכים"".",השאלה בין-ספרייתית,השב״ס.02,השאלה בין-ספרייתית,weak,2,שירות בתי הסוהר | השאלה בין-ספרייתית,substituted,yes,3,wikipedia,השאלה בין-ספרייתית
ha-01011,השב״ס,"באופן מסורתי, שירותי השב״ס ניתנים כאשר פריט חסר בספרייה המקומית.",השאלה בין-ספרייתית,השב״ס.02,השאלה בין-ספרייתית,weak,2,שירות בתי הסוהר | השאלה בין-ספרייתית,substituted,yes,3,wikipedia,השאלה בין-ספרייתית
ha-01012,השב״ס,"בכל יחידת השב״ס מתנהלים שני תהליכים מקבילים: הזמנות נכנסות ׁ- הזמנות המסופקות לספריות אחרות עבור הלקוחות שלהן, והזמנות יוצאות - הזמנות מספריות אחרות עבור הלקוחות המקומיים.",השאלה בין-ספרייתית,השב״ס.02,השאלה בין-ספרייתית,weak,2,שירות בתי הסוהר | השאלה בין-ספרייתית,substituted,yes,3,wikipedia,השאלה בין-ספרייתית
ha-01013,השב״ס,ב-2011 מונה לתפקיד סגן מפקד המחוז הדרומי של השב״ס.,שירות בתי הסוהר,השב״ס.01,שירות בתי הסוהר,verified,2,שירות בתי הסוהר | השאלה בין-ספרייתית,natural,yes,3,wikipedia,יוסי מקדש
ha-01014,השב״ס,"בראש השב״ס עומד נציב בתי הסוהר, קצין בדרגת רב-גונדר, הכפוף לשר לביטחון לאומי.",שירות בתי הסוהר,השב״ס.01,שירות בתי הסוהר,weak,2,שירות בתי הסוהר | השאלה בין-ספרייתית,substituted,yes,3,wikipedia,שירות בתי הסוהר
ha-01015,השב״ס,בשנת 1946 פרסמו הבריטים את הפקודה השלישית שנשארה בתוקף עד 1971 ובה נקבע כי השב״ס תהיה יחידה נפרדת מהמשטרה.,שירות בתי הסוהר,השב״ס.01,שירות בתי הסוהר,weak,2,שירות בתי הסוהר | השאלה בין-ספרייתית,substituted,yes,3,wikipedia,שירות בתי הסוהר
ha-01016,השב״ס,"בנוסף מונה הנציב הראשון של השב״ס, גרו גרא.",שירות בתי הסוהר,השב״ס.01,שירות בתי הסוהר,weak,2,שירות בתי הסוהר | השאלה בין-ספרייתית,substituted,yes,3,wikipedia,שירות בתי הסוהר
ha-01017,ה״ג,"ה״ג הוא ספר הלכה מתקופת הגאונים, שהפך לחלק אינטגרלי בלימוד ההלכה בישיבות הגאונים.",הלכות גדולות,ה״ג.01,הלכות גדולות,weak,5,הלכה ג' | הסגת גבול | הלכות גדולות | ה' גבורות | כך אנו גורסים,substituted,yes,3,wikipedia,הלכות גדולות
ha-01018,ה״ג,"נוסח זה נקרא על ידי חלק מהחוקרים ""ה״ג אספמיא"", מתוך תפיסה (כנראה שגויה) שזה היה הנוסח שעמד בפני חכמי ספרד.",הלכות גדולות,ה״ג.01,הלכות גדולות,weak,5,הלכה ג' | הסגת גבול | הלכות גדולות | ה' גבורות | כך אנו גורסים,substituted,yes,3,wikipedia,הלכות גדולות
ha-01019,ה״ג,"במבט כללי מציין שויקה שלמהדורה יתרונות רבים, על אף שנכשלה במטרתה העיקרית, העמדת נוסח מבוקר של ה״ג.",הלכות גדולות,ה״ג.01,הלכות גדולות,weak,5,הלכה ג' | הסגת גבול | הלכות גדולות | ה' גבורות | כך אנו גורסים,substituted,yes,3,wikipedia,הלכות גדולות
ha-01020,ה״ג,"ה״ג במשפט האזרחי היא פגיעה בקניינו של אדם אחר על ידי שימוש במקרקעין השייכים או מוחזקים על ידיו, ללא קבלת רשותו.",הסגת גבול,ה״ג.02,הסגת גבול,weak,5,הלכה ג' | הסגת גבול | הלכות גדולות | ה' גבורות | כך אנו גורסים,substituted,yes,3,wikipedia,הסגת גבול (אזרחי)
ha-01021,ה״ג,"בהתאם נפסק כי ה״ג בקרקע מחוץ לארץ ישראל אף היא נכללת בפסוק ""ארור מסיג גבול רעהו"".",הסגת גבול,ה״ג.02,הסגת גבול,weak,5,הלכה ג' | הסגת גבול | הלכות גדולות | ה' גבורות | כך אנו גורסים,substituted,yes,3,wikipedia,הסגת גבול (יהדות)
ha-01022,ה״ג,"פלישה למקרקעין, ה״ג, או סקווטינג (מאנגלית Squatting) היא פעולה של התיישבות של אנשים בבניין או בשטח נטוש, או שאינו נמצא בשימוש, מבלי שהפולש מבצע קניה, שכירה או קבלת הסכמה בדרך אחרת.",הסגת גבול,ה״ג.02,הסגת גבול,weak,5,הלכה ג' | הסגת גבול | הלכות גדולות | ה' גבורות | כך אנו גורסים,substituted,yes,3,wikipedia,פלישה (מקרקעין)
ha-01023,ה״ה,"ה״ה אפרים כהן ראש ועד המוסדות ירה את אבן הפנה, וישא משא בעברית על האבן הזאת אשר קרא לה אבן העזר"".",האדון הנכבד,ה״ה.05,האדון הנכבד,weak,9,הלכה ה' | הוא הדין | השם הטוב | האדון הנכבד | האדונים הנכבדים | הגברת הנכבדה | הרב החשוב | הרבני הנגיד | הכי השתא,substituted,yes,3,wikipedia,אפרים כהן-רייס
ha-01024,ה״ה,"ללהקת גייסות השריון כתב את ""להיות יהודי"", ""אם אשכחך ירושלים"", ""הרצל וכל ה״ה"" ו""דברי המשלחות"", אותם הלחין יאיר רוזנבלום.",האדונים הנכבדים,ה״ה.06,האדונים הנכבדים,weak,9,הלכה ה' | הוא הדין | השם הטוב | האדון הנכבד | האדונים הנכבדים | הגברת הנכבדה | הרב החשוב | הרבני הנגיד | הכי השתא,substituted,yes,3,wikipedia,יורם טהרלב
ha-01025,ה״ה,"בביטוי ""ה״ה"", משמעותו היסודית המילולית על פי המילון היא תיאור חיובי של מישהי.",הגברת הנכבדה,ה״ה.03,הגברת הנכבדה,weak,9,הלכה ה' | הוא הדין | השם הטוב | האדון הנכבד | האדונים הנכבדים | הגברת הנכבדה | הרב החשוב | הרבני הנגיד | הכי השתא,substituted,yes,3,wikipedia,קונוטציה
ha-01026,ה״ה,"דוגמה להשפעת המיקום והקשרו הסביבתי: ""ה״ה"" הנאמר במעמד קבלת פרס נובל לפיזיקה לאותה גברת נכבדה, ולעומת זאת כאשר הביטוי ""ה״ה יכולה להמתין"", בתור לתא השירותים בתחנת הדלק.",הגברת הנכבדה,ה״ה.03,הגברת הנכבדה,weak,9,הלכה ה' | הוא הדין | השם הטוב | האדון הנכבד | האדונים הנכבדים | הגברת הנכבדה | הרב החשוב | הרבני הנגיד | הכי השתא,substituted,yes,3,wikipedia,קונוטציה
ha-01027,ה״ה,"ה״ה באשר לסופר סטיבן קינג (Stephen King), ששמו תועתק בחלק מהספרים ""סטפן קינג"".",הוא הדין,ה״ה.01,הוא הדין,weak,9,הלכה ה' | הוא הדין | השם הטוב | האדון הנכבד | האדונים הנכבדים | הגברת הנכבדה | הרב החשוב | הרבני הנגיד | הכי השתא,substituted,yes,3,wikipedia,תעתיק
ha-01028,ה״ה,"השָׁרִיעָה (בערבית: الشريعة) ה״ה האסלאמי, אשר מסדיר את כלל תחומי החיים והחברה של האסלאם.",הוא הדין,ה״ה.01,הוא הדין,weak,9,הלכה ה' | הוא הדין | השם הטוב | האדון הנכבד | האדונים הנכבדים | הגברת הנכבדה | הרב החשוב | הרבני הנגיד | הכי השתא,substituted,yes,3,wikipedia,שריעה
ha-01029,ה״ה,"לפי התלמוד הבבלי, ה״ה בשטח ששייך לגורם שלישי ששניהם פלשו אליו בלי רשות.",הוא הדין,ה״ה.01,הוא הדין,weak,9,הלכה ה' | הוא הדין | השם הטוב | האדון הנכבד | האדונים הנכבדים | הגברת הנכבדה | הרב החשוב | הרבני הנגיד | הכי השתא,substituted,yes,3,wikipedia,שן ורגל
ha-01030,ה״ה,"הניו יורק טיימס פרסם כי היה ""ה״ה ביותר בארצנו"".",הרב החשוב,ה״ה.04,הרב החשוב,weak,9,הלכה ה' | הוא הדין | השם הטוב | האדון הנכבד | האדונים הנכבדים | הגברת הנכבדה | הרב החשוב | הרבני הנגיד | הכי השתא,substituted,yes,3,wikipedia,שבתאי מוראיס
ha-01031,ה״ה,"לאותה תקופה שייך גם שיתוף הפעולה שלו עם ה״ה מבולטימור בנימין סולד (Benjamin Szold) בתיקון סידור התפילה של סולד ""עבודת ישראל"" וסידור ""הגיון לב"" וכן תרגום של סידורים אלה לאנגלית.",הרב החשוב,ה״ה.04,הרב החשוב,weak,9,הלכה ה' | הוא הדין | השם הטוב | האדון הנכבד | האדונים הנכבדים | הגברת הנכבדה | הרב החשוב | הרבני הנגיד | הכי השתא,substituted,yes,3,wikipedia,מרקוס יסטרוב
ha-01032,ה״ה,"ילידי הארץ היו אלו שמצבם המשפחתי דרש הסדר פנימייתי, או כאלו שנמשכו אל ה״ה שיצא לבית הספר ברמתו הגבוהה ובערכים שאותם הוא מקנה.",השם הטוב,ה״ה.02,השם הטוב,weak,9,הלכה ה' | הוא הדין | השם הטוב | האדון הנכבד | האדונים הנכבדים | הגברת הנכבדה | הרב החשוב | הרבני הנגיד | הכי השתא,substituted,yes,3,wikipedia,שמעון פרס
ha-01033,ה״ה,"אולם, באיזון האופקי, הנעשה בין שתי זכויות שוות מעמד המתנגשות ביניהן, ""יש ליתן משקל מיוחד לחופש הביטוי, שהוא תנאי ויסוד לזכויות אדם אחרות, לרבות ה״ה, ולמשטר הדמוקרטי כולו"".",השם הטוב,ה״ה.02,השם הטוב,weak,9,הלכה ה' | הוא הדין | השם הטוב | האדון הנכבד | האדונים הנכבדים | הגברת הנכבדה | הרב החשוב | הרבני הנגיד | הכי השתא,substituted,yes,3,wikipedia,חוק איסור לשון הרע
ha-01034,ה״ה,הסיבה לסייג זה טמונה בכך שבעקבות הדיווח הפזיז מתערער האיזון העדין הקבוע בחוק איסור לשון הרע שבין ה״ה לחופש הביטוי והכף נוטה לכיוון האחרון.,השם הטוב,ה״ה.02,השם הטוב,weak,9,הלכה ה' | הוא הדין | השם הטוב | האדון הנכבד | האדונים הנכבדים | הגברת הנכבדה | הרב החשוב | הרבני הנגיד | הכי השתא,substituted,yes,3,wikipedia,"הגנת ""אמת דיברתי"" בלשון הרע"
ha-01035,ה״כ,"במהלך שנות ה-20 של המאה העשרים פרסם עגנון סיפורים אחדים, שנכללו בסופו של דבר בגרסתו השלמה של ""ה״כ"", שיצאה לאור בשנת 1931.",הכנסת כלה,ה״כ.01,הכנסת כלה,weak,2,הכנסת כלה | הלכה כ',substituted,no,3,wikipedia,הכנסת כלה (ספר)
ha-01036,ה״כ,"חוקר הספרות דן לאור העיר על כך: ""אמנם, קוראי עגנון הנאמנים הכירו קרוב לוודאי את הסיפור ""ה״כ"" שפורסם בשלושה המשכים בכתב העת ""מקלט"" ב-1919.",הכנסת כלה,ה״כ.01,הכנסת כלה,weak,2,הכנסת כלה | הלכה כ',substituted,no,3,wikipedia,הכנסת כלה (ספר)
ha-01037,ה״כ,ה״כ היא מצווה ללוות את החתן והכלה לחופה ולשמחם כחלק ממצוות ואהבת לרעך כמוך.,הכנסת כלה,ה״כ.01,הכנסת כלה,weak,2,הכנסת כלה | הלכה כ',substituted,no,3,wikipedia,הכנסת כלה
ha-01038,ה״פ,"הראשון מבין שבעת ספרי הסדרה, ""ה״פ ואבן החכמים"", יצא לאור בשנת 1997, והאחרון מביניהם, ""ה״פ ואוצרות המוות"", יצא בשנת 2007.",הארי פוטר,ה״פ.01,הארי פוטר,weak,3,הארי פוטר | המרצת פתיחה | הודעה פרטית,substituted,yes,3,wikipedia,הארי פוטר
ha-01039,ה״פ,ה״פ וחבריו רון ויזלי והרמיוני גריינג'ר הם מראשי כוחות הטוב.,הארי פוטר,ה״פ.01,הארי פוטר,weak,3,הארי פוטר | המרצת פתיחה | הודעה פרטית,substituted,yes,3,wikipedia,הארי פוטר
ha-01040,ה״פ,"במשך הזמן מגלה ה״פ יותר ויותר על עולם הקוסמים, על הוריו המתים ועל המלחמה שהייתה בעבר אל מול וולדמורט ואוכלי המוות.",הארי פוטר,ה״פ.01,הארי פוטר,weak,3,הארי פוטר | המרצת פתיחה | הודעה פרטית,substituted,yes,3,wikipedia,הארי פוטר
ha-01041,ה״פ,"עסק יכול לפנות למשתמש באמצעות ה״פ, קהל מותאם (Custom Audience), פרסום מחדש למי שביקר באתר או אינטראקציה עם משתמשים שהביעו עניין במוצר.",הודעה פרטית,ה״פ.03,הודעה פרטית,weak,3,הארי פוטר | המרצת פתיחה | הודעה פרטית,substituted,yes,3,wikipedia,שיווק ישיר
ha-01042,ה״פ,"ביושבה מול מחשב בספרייה, מתקבלת בערוץ היוטיוב של אנה ה״פ ממשתמש שכינויו ""כמעטמפורסם99"" עם קישור לסרטון של הצעירים מסצנת הפתיחה.",הודעה פרטית,ה״פ.03,הודעה פרטית,weak,3,הארי פוטר | המרצת פתיחה | הודעה פרטית,substituted,yes,3,wikipedia,הגרדום: מערכה 2
ha-01043,ה״פ,"תיק משפטי נוצר כאשר אחד הצדדים פותח בהליך משפטי, כגון תובענה או ה״פ, במטרה לבקש מהרשות השיפוטית סעד מסוג כלשהו.",המרצת פתיחה,ה״פ.02,המרצת פתיחה,weak,3,הארי פוטר | המרצת פתיחה | הודעה פרטית,substituted,yes,3,wikipedia,תיק משפטי
ha-01044,ה״פ,ה״פ היא סדר דין מיוחד שבאמצעותו ניתן לפתוח בהליך משפטי.,המרצת פתיחה,ה״פ.02,המרצת פתיחה,weak,3,הארי פוטר | המרצת פתיחה | הודעה פרטית,substituted,yes,3,wikipedia,המרצת פתיחה
ha-01045,ה״פ,תובענה בדרך של ה״פ מתבררת באופן מהיר ומקוצר על יסוד תצהירים בלבד וללא כתבי טענות או שלב הוכחות.,המרצת פתיחה,ה״פ.02,המרצת פתיחה,weak,3,הארי פוטר | המרצת פתיחה | הודעה פרטית,substituted,yes,3,wikipedia,המרצת פתיחה
ha-01046,ה״ש,"את רשימת המועמדים הוביל הסרט ""ה״ש"" עם 13 מועמדויות, אחריו הסרט ""בוקר טוב אדון פידלמן"" עם 11 מועמדויות.",הערת שוליים,ה״ש.01,הערת שוליים,weak,2,הערת שוליים | הוראת שינוי,substituted,no,3,wikipedia,טקס פרסי אופיר לשנת 2011
ha-01047,ה״ש,"""ה״ש"" (הופץ בעולם בשם: Footnote) הוא סרט דרמה ישראלי על פי תסריט של יוסף סידר ובבימויו, בכיכובם של ליאור אשכנזי ושלמה בראבא.",הערת שוליים,ה״ש.01,הערת שוליים,weak,2,הערת שוליים | הוראת שינוי,substituted,no,3,wikipedia,הערת שוליים (סרט)
ha-01048,ה״ש,"בשנת 2022 יצא הסרט ""מאסטרו"", שהוא עיבוד צרפתי לסרט ""ה״ש"".",הערת שוליים,ה״ש.01,הערת שוליים,weak,2,הערת שוליים | הוראת שינוי,substituted,no,3,wikipedia,הערת שוליים (סרט)
ha-01049,וד״ל,"בסעיף 3 נקבע כי בסמכות וד״ל לקבוע כי קרקע בתוכנית תיועד לדיור בר-השגה בהשכרה, ולקבוע את מחירו, ואת הזכאים לו.",ועדה לדיור לאומי,וד״ל.01,ועדה לדיור לאומי,weak,3,ועדה לדיור לאומי | ודי למבין | ודי לחַכִּימָא (בִּרְמִיזָא): עברית 'ודי לחכם (ברמז)',substituted,no,3,wikipedia,דיור בר-השגה
ha-01050,זא״ז,"דוגמה אופיינית לדמיון וגם להבדל מול הקהילות השמרניות יותר היא העובדה שרוב הרווקים והרווקות ב""ביצה"" גרים בדירות נפרדות, אך הם סועדים זא״ז בסעודות שבת.",זה אצל זה,זא״ז.01,זה אצל זה,weak,2,זה את זה | זה אצל זה,substituted,yes,3,wikipedia,הביצה הירושלמית
ha-01051,זא״ז,"למשל לא לקבור שונאים זא״ז, לא להשאיר קבר ריק פתוח, ולא לבקש מאדם להיות סנדק לשני בנים באותה משפחה.",זה אצל זה,זא״ז.01,זה אצל זה,weak,2,זה את זה | זה אצל זה,substituted,yes,3,wikipedia,יהודה החסיד
ha-01052,זא״ז,"רבים מהם היו מסוכסכים עם בני משפחותיהם, כך שהם חלקו ביניהם את החפצים המועטים שברשותם וישנו זא״ז.",זה אצל זה,זא״ז.01,זה אצל זה,weak,2,זה את זה | זה אצל זה,substituted,yes,3,wikipedia,רצח פרנץ פרדיננד
ha-01053,זא״ז,"האינטראקציה האלקטרומגנטית הפשוטה ביותר מנוסחת על ידי חוק קולון, לפיו שני גופים טעונים חשמלית ידחו זא״ז אם סימני המטען שווים, וימשכו זא״ז אם סימני המטען הפוכים.",זה את זה,זא״ז.02,זה את זה,weak,2,זה את זה | זה אצל זה,substituted,yes,3,wikipedia,מטען חשמלי
ha-01054,זא״ז,"צלב הוא צורה המורכבת משני קווים המאונכים זה לזה, וחוצים זא״ז.",זה את זה,זא״ז.02,זה את זה,weak,2,זה את זה | זה אצל זה,substituted,yes,3,wikipedia,צלב
ha-01055,זא״ז,הופעת האינטרנט כפורום גלובלי לאספנים שונים הביאה לכך שחובבים בודדים רבים מצאו זא״ז.,זה את זה,זא״ז.02,זה את זה,weak,2,זה את זה | זה אצל זה,substituted,yes,3,wikipedia,אספנות
ha-01056,זה״ב,"כמו כן, באגף מפעילים רכזי זה״ב במוסדות החינוך, שמטרתם קידום הוראת התחום והמודעות אליו.",זהירות בדרכים,זה״ב.01,זהירות בדרכים,weak,2,זהירות בדרכים | הימים בהם קוראים בתורה: ז' (שבת),substituted,no,3,wikipedia,בטיחות בדרכים
ha-01057,זה״ב,בולבול הקבולבול היא סדרת טלוויזיה ששודרה בטלוויזיה החינוכית הישראלית שעסקה בהעברת תוכני זה״ב לילדים.,זהירות בדרכים,זה״ב.01,זהירות בדרכים,weak,2,זהירות בדרכים | הימים בהם קוראים בתורה: ז' (שבת),substituted,no,3,wikipedia,בולבול הקבולבול
ha-01058,זה״ב,"באופן זה ביקשו יוצרי הסדרה להעביר את המסר לפיו זה״ב היא נורמה שיש לנהוג לפיה, וכשם שאין מסתרקים עם מברשת שיניים, אין חוצים את הכביש מבלי להסתכל לצדדים.",זהירות בדרכים,זה״ב.01,זהירות בדרכים,weak,2,זהירות בדרכים | הימים בהם קוראים בתורה: ז' (שבת),substituted,no,3,wikipedia,בולבול הקבולבול
ha-01059,ז״א,"ז״א, כל 2 הקפות שהגוף מבצע סביב השמש, נפטון מבצע 3.",זאת אומרת,ז״א.01,זאת אומרת,weak,3,זאת אומרת | זכות אבות | זעיר אנפין,substituted,yes,3,wikipedia,פלוטינו
ha-01060,ז״א,"בניגוד למצוות התלויות בארץ, שאר המצוות הן 'חובת הגוף', ז״א שאין חיובים תלוי כלל במקומו של האדם, וחיובים הוא בכל מקום שנמצא.",זאת אומרת,ז״א.01,זאת אומרת,weak,3,זאת אומרת | זכות אבות | זעיר אנפין,substituted,yes,3,wikipedia,מצוות התלויות בארץ
ha-01061,ז״א,"בנק זה מתפקד גם כמלווה של מוצא אחרון – ז״א ספק האשראי במקרה שבו אין כל דרך אחרת להשיגו (למשל, בזמן המשבר הכלכלי של 2008).",זאת אומרת,ז״א.01,זאת אומרת,weak,3,זאת אומרת | זכות אבות | זעיר אנפין,substituted,yes,3,wikipedia,בנק מרכזי
ha-01062,ז״א,"אברהם רפאל קורייאט (1730 – ספטמבר 1805) היה דיין במוגדור שבמרוקו ובליבורנו שבאיטליה, מחבר הספר ""ז״א"".",זכות אבות,ז״א.02,זכות אבות,weak,3,זאת אומרת | זכות אבות | זעיר אנפין,substituted,yes,3,wikipedia,אברהם רפאל קורייאט
ha-01063,ז״א,"רבי שמואל הכהן, אחי אשתו ודיין ומשורר בליבורנו, הגיה את ספרו ""ז״א"" ובראש הספר כתב הקדמה אודות המחבר.",זכות אבות,ז״א.02,זכות אבות,weak,3,זאת אומרת | זכות אבות | זעיר אנפין,substituted,yes,3,wikipedia,אברהם רפאל קורייאט
ha-01064,ז״א,"שאפילו מי שיש לו ז״א, אינה עומדת לו בשעה שיוצא מארץ לחוצה לארץ.”.",זכות אבות,ז״א.02,זכות אבות,weak,3,זאת אומרת | זכות אבות | זעיר אנפין,substituted,yes,3,wikipedia,אלימלך
ha-01065,ז״א,"נסירה (מהמילה ""ניסור"", ""הפרדה"") היא מונח בתורת הקבלה היהודית, המתאר תהליך מטאפיזי של הפרדה בין הספירות ""ז״א"" (זכר) לבין ספירת המלכות (נקבה).",זעיר אנפין,ז״א.03,זעיר אנפין,weak,3,זאת אומרת | זכות אבות | זעיר אנפין,substituted,yes,3,wikipedia,נסירה (קבלה)
ha-01066,ז״א,"כאשר נבראו היו ז״א ומלכות מחוברים ""אחור באחור"", ונכנסו לתרדמה (בלשון הקבלה: ""דורמיטא""), לאחר מכן נעשתה הנסירה ואז הזדווגו ""פנים בפנים"".",זעיר אנפין,ז״א.03,זעיר אנפין,weak,3,זאת אומרת | זכות אבות | זעיר אנפין,substituted,yes,3,wikipedia,נסירה (קבלה)
ha-01067,ז״א,פרצוף רחל היוצאת מן ספירת תפארת ומסתיימת ברגלי ז״א.,זעיר אנפין,ז״א.03,זעיר אנפין,weak,3,זאת אומרת | זכות אבות | זעיר אנפין,substituted,yes,3,wikipedia,עולם האצילות
ha-01068,ז״ח,את תפקידיו בצבא סיים כראש ענף ז״ח בתקופת ההכנה למלחמת המפרץ ובמהלכה.,זיהוי חללים,ז״ח.01,זיהוי חללים,weak,2,זרם חילופין | זיהוי חללים,substituted,yes,3,wikipedia,מרדכי אברמובסקי
ha-01069,ז״ח,"הקורס כולל שיעורים והרצאות בנושאי הלכה, כשרות, ז״ח וקבורה ו""תודעה יהודית"".",זיהוי חללים,ז״ח.01,זיהוי חללים,weak,2,זרם חילופין | זיהוי חללים,substituted,yes,3,wikipedia,"מש""ק דת"
ha-01070,ז״ח,"לאחר המלחמה הועלה צורך מיידי על ידי הרבנות הצבאית הראשית למסד נוהלי ז״ח ופינוים, מכיוון שתחום זה בלחימה, לקה בחסר.",זיהוי חללים,ז״ח.01,זיהוי חללים,weak,2,זרם חילופין | זיהוי חללים,substituted,yes,3,wikipedia,חיל משאבי האנוש
ha-01071,ז״ח,"בשנת 1876 פאבל יבלוקוב הציע נורה שלה קרא בשם נר יבלוקוב שעבדה על ז״ח, וסיפקה תאורה מאוד יציבה.",זרם חילופין,ז״ח.02,זרם חילופין,weak,2,זרם חילופין | זיהוי חללים,substituted,yes,3,wikipedia,זרם חילופין
ha-01072,ז״ח,"בזכות תגלית זו, מפעלי גנז ב-1878 התחילו ביצור חלקים וערכות תאורה עירונית בטכנולוגיה של ז״ח תוך שימוש בנר יבלוקוב, וב-1883 כבר היו כחמישים מוקדי תאורה פעילים כאלה, בערי אוסטרו-הונגריה.",זרם חילופין,ז״ח.02,זרם חילופין,weak,2,זרם חילופין | זיהוי חללים,substituted,yes,3,wikipedia,זרם חילופין
ha-01073,ז״ח,ממציא אמריקני נוסף (ממוצא סרבי) ניקולה טסלה המציא מנוע על בסיס ז״ח ב-1888.,זרם חילופין,ז״ח.02,זרם חילופין,weak,2,זרם חילופין | זיהוי חללים,substituted,yes,3,wikipedia,זרם חילופין
ha-01074,ז״י,"ז״י הן סוג של קניין רוחני המעניק לבעליה את הזכות החוקית הבלעדית להעתיק, להפיץ, להתאים, להציג ולבצע יצירה, לרוב לזמן מוגבל.",זכויות יוצרים,ז״י.01,זכויות יוצרים,weak,2,זכויות יוצרים | זרם ישר,substituted,yes,3,wikipedia,זכויות יוצרים
ha-01075,ז״י,"ז״י נועדו להגן על הביטוי המקורי של רעיון בצורה של יצירה, אך לא על הרעיון עצמו.",זכויות יוצרים,ז״י.01,זכויות יוצרים,weak,2,זכויות יוצרים | זרם ישר,substituted,yes,3,wikipedia,זכויות יוצרים
ha-01076,ז״י,"ז״י כפופות למגבלות המבוססות על שיקולים של אינטרס ציבורי, כגון שימוש הוגן.",זכויות יוצרים,ז״י.01,זכויות יוצרים,weak,2,זכויות יוצרים | זרם ישר,substituted,yes,3,wikipedia,זכויות יוצרים
ha-01077,ז״י,"ז״י הוא תוצאה של ""מתח ישר"" (מתח בקוטביות קבועה) הפועל בין קצותיו של תווך מוליך.",זרם ישר,ז״י.02,זרם ישר,weak,2,זכויות יוצרים | זרם ישר,substituted,yes,3,wikipedia,זרם ישר
ha-01078,ז״י,"המונח ""ז״י"" מתייחס לכל צורה של זרימת מטענים בכיוון אחד בין אם עוצמת הזרימה קבועה, ובין אם היא משתנה או פועמת, כמודגם באיור.",זרם ישר,ז״י.02,זרם ישר,weak,2,זכויות יוצרים | זרם ישר,substituted,yes,3,wikipedia,זרם ישר
ha-01079,ז״י,"במנוע ז״י ללא מברשות, המגנטים הקבועים נמצאים על הרוטור (הלולאה המסתובבת) והמגנטים בקיטוב מתחלף נבנים כסטטור (המגנטים החיצוניים).",זרם ישר,ז״י.02,זרם ישר,weak,2,זכויות יוצרים | זרם ישר,substituted,yes,3,wikipedia,מנוע חשמלי
ha-01080,ז״ל,"אמנם מבואר בשער הכללים שמטרה זו היא לא עבור עצמו אלא עבור הנבראים, ז״ל: ""עלה ברצונו יתברך שמו לברוא את העולם כדי להיטיב לברואיו ויכירו גדולתו"".",זה לשונו,ז״ל.05,זה לשונו,weak,7,זרע לבטלה | זכור לטוב | זכר לחורבן | זכרנו לחיים | זה לשונו | זכר לדבר | זכרו לברכה; זכרונו לברכה,substituted,yes,3,wikipedia,"בריאת העולם בתנ""ך"
ha-01081,ז״ל,"יש שקשרו[דרוש מקור][מפני ש...] את רבי יודן ב""יודן בן ישמעאל"" המוזכר בכתובת ארמית שנמצאה על כיסא בבית הכנסת בכורזים:”ז״ל יודן בן ישמעאל, שעשה את העמודים ואת המדרגות מכספו, יהיה חלקו עם צדיקים”.",זכור לטוב,ז״ל.02,זכור לטוב,weak,7,זרע לבטלה | זכור לטוב | זכר לחורבן | זכרנו לחיים | זה לשונו | זכר לדבר | זכרו לברכה; זכרונו לברכה,substituted,yes,3,wikipedia,יודן בן ישמעאל
ha-01082,ז״ל,"מעל המנורה שמשמאל כתוב: תרגום הכתובת לעברית: ""ז״ל מרי (תא) בן כרוספדה (שהביאו) חלקם לזה (המקום הקדוש).",זכור לטוב,ז״ל.02,זכור לטוב,weak,7,זרע לבטלה | זכור לטוב | זכר לחורבן | זכרנו לחיים | זה לשונו | זכר לדבר | זכרו לברכה; זכרונו לברכה,substituted,yes,3,wikipedia,בית הכנסת בנערן
ha-01083,ז״ל,"למטה מימין כתוב: ""דכיר לטב שמואל"" (בעברית: ""ז״ל שמואל"").",זכור לטוב,ז״ל.02,זכור לטוב,weak,7,זרע לבטלה | זכור לטוב | זכר לחורבן | זכרנו לחיים | זה לשונו | זכר לדבר | זכרו לברכה; זכרונו לברכה,substituted,yes,3,wikipedia,בית הכנסת בנערן
ha-01084,ז״ל,אמנם בנוגע לארבע כוסות ישנו טעם נוסף שכתב האור זרוע: ”יין אדום - ז״ל שהיה פרעה שוחט תינוקות כשנצטרע.,זכר לדבר,ז״ל.06,זכר לדבר,weak,7,זרע לבטלה | זכור לטוב | זכר לחורבן | זכרנו לחיים | זה לשונו | זכר לדבר | זכרו לברכה; זכרונו לברכה,substituted,yes,3,wikipedia,ארבע כוסות
ha-01085,ז״ל,למנהג שבירת הצלחת מספר טעמים: ז״ל בית המקדש.,זכר לחורבן,ז״ל.03,זכר לחורבן,weak,7,זרע לבטלה | זכור לטוב | זכר לחורבן | זכרנו לחיים | זה לשונו | זכר לדבר | זכרו לברכה; זכרונו לברכה,substituted,yes,3,wikipedia,צלחת אירוסין
ha-01086,ז״ל,"לאחר קריאת התנאים, נהוג לשבור צלחת, ז״ל.",זכר לחורבן,ז״ל.03,זכר לחורבן,weak,7,זרע לבטלה | זכור לטוב | זכר לחורבן | זכרנו לחיים | זה לשונו | זכר לדבר | זכרו לברכה; זכרונו לברכה,substituted,yes,3,wikipedia,תנאים (אירוסים)
ha-01087,ז״ל,"חכמים אסרו על השימוש בכלי נגינה לליווי התפילה משום ""ז״ל"", והמוזיקה, שנתפסה לעיתים כמקור בידור חסר תכלית, הוגבלה בבתי הכנסת לשירה קולית (גברית) בלבד, ולשמחות של מצווה.",זכר לחורבן,ז״ל.03,זכר לחורבן,weak,7,זרע לבטלה | זכור לטוב | זכר לחורבן | זכרנו לחיים | זה לשונו | זכר לדבר | זכרו לברכה; זכרונו לברכה,substituted,yes,3,wikipedia,מוזיקה יהודית
ha-01088,ז״ל,"לדוגמה, ""ז״ל מלך חפץ בחיים וחתמנו בספר החיים למענך אלוהים חיים"", בברכת אבות.",זכרנו לחיים,ז״ל.04,זכרנו לחיים,weak,7,זרע לבטלה | זכור לטוב | זכר לחורבן | זכרנו לחיים | זה לשונו | זכר לדבר | זכרו לברכה; זכרונו לברכה,substituted,yes,3,wikipedia,עשרת ימי תשובה
ha-01089,ז״ל,"הרב דוד חי הכהן, כוונת ""ז״ל"", באתר ישיבת לנתיבות ישראל.",זכרנו לחיים,ז״ל.04,זכרנו לחיים,weak,7,זרע לבטלה | זכור לטוב | זכר לחורבן | זכרנו לחיים | זה לשונו | זכר לדבר | זכרו לברכה; זכרונו לברכה,substituted,yes,3,wikipedia,עשרת ימי תשובה
ha-01090,ז״ל,"רבי רפאל חיים בנימין פרץ היה רב בקושטא ובצ'לנקה, אב בית דין במגדלים (דרנדלים) ובגליפולי ומחבר ספר ז״ל.",זכרנו לחיים,ז״ל.04,זכרנו לחיים,weak,7,זרע לבטלה | זכור לטוב | זכר לחורבן | זכרנו לחיים | זה לשונו | זכר לדבר | זכרו לברכה; זכרונו לברכה,substituted,yes,3,wikipedia,רפאל חיים בנימין פרץ
ha-01091,ז״ל,"במסורת של חסידות טריסק נאמר שהרבי מצאנז הסביר: ""אצלכם בני הטשערנובלער ז""ל רואים גם כן הנהגה בגדולה ועשירות גדולה, והרבה כלי כסף וכלי זהב, אך אצלכם זה לטפל.",זרע לבטלה,ז״ל.01,זכרו לברכה; זכרונו לברכה,verified,7,זרע לבטלה | זכור לטוב | זכר לחורבן | זכרנו לחיים | זה לשונו | זכר לדבר | זכרו לברכה; זכרונו לברכה,natural,yes,3,wikipedia,בית צ'רנוביל
ha-01092,ז״ל,"יש לנו בקבלת אבינו [רבי מרדכי] הטשערנאבליר ז״ל שלא לומר תורה, רק בעת ששורף אותו יפה בין שפתיו ולא יוכל להתאפק אז יאמר.",זרע לבטלה,ז״ל.01,זכרו לברכה; זכרונו לברכה,verified,7,זרע לבטלה | זכור לטוב | זכר לחורבן | זכרנו לחיים | זה לשונו | זכר לדבר | זכרו לברכה; זכרונו לברכה,natural,yes,3,wikipedia,בית צ'רנוביל
ha-01093,ז״ל,"המשנה והתלמוד מזהירים על חומרת חטא זה בהיותו מומשל לשפיכות דמים, ואף מורים להימנע ממצבים העלולים להביא להוצאת ז״ל.",זרע לבטלה,ז״ל.01,זרע לבטלה,weak,7,זרע לבטלה | זכור לטוב | זכר לחורבן | זכרנו לחיים | זה לשונו | זכר לדבר | זכרו לברכה; זכרונו לברכה,substituted,yes,3,wikipedia,הוצאת זרע לבטלה
ha-01094,ז״ל,"כך, לדוגמה, מופיע בספר חסידים, שאם אדם עלול להיכשל באיסור חמור יותר – כגון איסור אשת איש או נדה – עדיף שיבחר לעבור על איסור הוצאת ז״ל.",זרע לבטלה,ז״ל.01,זרע לבטלה,weak,7,זרע לבטלה | זכור לטוב | זכר לחורבן | זכרנו לחיים | זה לשונו | זכר לדבר | זכרו לברכה; זכרונו לברכה,substituted,yes,3,wikipedia,הוצאת זרע לבטלה
ha-01095,ז״ל,"מכיוון שהגמרא עוסקת בחטא הוצאת ז״ל, הפרשנות המקובלת היא שחטא זה נרמז כאן.",זרע לבטלה,ז״ל.01,זרע לבטלה,weak,7,זרע לבטלה | זכור לטוב | זכר לחורבן | זכרנו לחיים | זה לשונו | זכר לדבר | זכרו לברכה; זכרונו לברכה,substituted,yes,3,wikipedia,הוצאת זרע לבטלה
ha-01096,ז״פ,"כגון מי שתבע את חבירו בבית דין על הלוואה שנטען שהלווה לו, אך ז״פ ההלוואה היה לפני מועד שמיטת כספים והתביעה אחריה, שמיטת כספים פוטרת אותו מלהשבע, שכן החוב עצמו אם היה התבטל על ידה.",זמן פירעון,ז״פ.01,זמן פירעון,weak,2,זמן פירעון | זהוי פלילי,substituted,no,3,wikipedia,שמיטת כספים
ha-01097,ז״ק,"את השיטה פיתח הרברט פטנאם (Putnam) ב-1897, ז״ק לפני שהתמנה לספרן ספריית הקונגרס.",זמן קצר,ז״ק.01,זמן קצר,weak,6,זמן קצר | זנב קשיח | זקף קטן | זרע קדושים (שם משפחה) | זרע קודש (שם משפחה) | זרע קיים,substituted,yes,3,wikipedia,שיטת ספריית הקונגרס
ha-01098,ז״ק,"בהמשך, הוא הצטרף לקבוצת ""הטיטאנים ל.א."" ז״ק לפני התפרקותם, ובאירועי ""יום הדין"" נלחם בשדים שיצאו ממעמקי הגיהנום.",זמן קצר,ז״ק.01,זמן קצר,weak,6,זמן קצר | זנב קשיח | זקף קטן | זרע קדושים (שם משפחה) | זרע קודש (שם משפחה) | זרע קיים,substituted,yes,3,wikipedia,בושידו (קומיקס)
ha-01099,ז״ק,"נראה כי הכוח היחידי שלו הוא מיומנות בחרב, לאחר ז״ק שבו נהפך בושידו לחבר מכובד הוא נקלע למארב על ידי קאטארוהו.",זמן קצר,ז״ק.01,זמן קצר,weak,6,זמן קצר | זנב קשיח | זקף קטן | זרע קדושים (שם משפחה) | זרע קודש (שם משפחה) | זרע קיים,substituted,yes,3,wikipedia,בושידו (קומיקס)
ha-01100,ז״ק,"פירוש השם הוא ""ז״ק"" ורוב הדינוזאורים בקבוצה זו השתמשו בזנב כדי לאזן את פלג גופם הקדמי בעת הריצה.",זנב קשיח,ז״ק.03,זנב קשיח,weak,6,זמן קצר | זנב קשיח | זקף קטן | זרע קדושים (שם משפחה) | זרע קודש (שם משפחה) | זרע קיים,substituted,yes,3,wikipedia,טטנורים
ha-01101,ז״ק,"בדומה לנקרים אחרים הוא בעל מקור נוקשה המשמש לחבטת עצים וכן בעל ז״ק המספק יציבה מול גזעי עצים ורגליים חזקות מפוצלות, איתם הנקר יכול לטפס בין הענפים.",זנב קשיח,ז״ק.03,זנב קשיח,weak,6,זמן קצר | זנב קשיח | זקף קטן | זרע קדושים (שם משפחה) | זרע קודש (שם משפחה) | זרע קיים,substituted,yes,3,wikipedia,נקר שחור-שת
ha-01102,ז״ק,"הוא ממנה את הטעם ז״ק, מלך, לעמוד על המילה ""גלעד"" הראשונה, ובכך לחלק את תחומי ממלכתו לשנים, ולהפריד בין שני המשפטים המאוחים בחצי הפסוק הזה.",זקף קטן,ז״ק.02,זקף קטן,weak,6,זמן קצר | זנב קשיח | זקף קטן | זרע קדושים (שם משפחה) | זרע קודש (שם משפחה) | זרע קיים,substituted,yes,3,wikipedia,טעמי המקרא
ha-01103,ז״ק,"בחלק השני, הטעם סוף פסוק חוזר וממנה ז״ק נוסף, שיעמוד על המילה ""גלעד"" ויחלק את המשפט לשניים.",זקף קטן,ז״ק.02,זקף קטן,weak,6,זמן קצר | זנב קשיח | זקף קטן | זרע קדושים (שם משפחה) | זרע קודש (שם משפחה) | זרע קיים,substituted,yes,3,wikipedia,טעמי המקרא
ha-01104,ז״ק,"בדוגמה שראינו מספר שופטים, למשל, המלך האחרון, שאחריו בא סוף פסוק הקיסר, אינו עוד ז״ק, כמלכים הקודמים לו, אלא טפחא, הבא להקדים את נגינתו של סוף פסוק הקיסר.",זקף קטן,ז״ק.02,זקף קטן,weak,6,זמן קצר | זנב קשיח | זקף קטן | זרע קדושים (שם משפחה) | זרע קודש (שם משפחה) | זרע קיים,substituted,yes,3,wikipedia,טעמי המקרא
ha-01105,חדו״א,"הוא כתב חיבור על חדו״א שזכה לשבחים מהמתמטיקאים המפורסמים לגראנז' ולפלס, שעמם עמד בקשר.",חשבון דיפרנציאלי ואינטגרלי,חדו״א.01,חשבון דיפרנציאלי ואינטגרלי,weak,2,חידושי אגדות | חשבון דיפרנציאלי ואינטגרלי,substituted,no,3,wikipedia,משה אנסהיים
ha-01106,חדו״א,"לימד באוניברסיטת תל אביב מגוון רחב של קורסים ברמות שונות, בהם חדו״א, משוואות דיפרנציאליות חלקיות ועוד.",חשבון דיפרנציאלי ואינטגרלי,חדו״א.01,חשבון דיפרנציאלי ואינטגרלי,weak,2,חידושי אגדות | חשבון דיפרנציאלי ואינטגרלי,substituted,no,3,wikipedia,מרדכי אפשטיין
ha-01107,חדו״א,"הקורסים העיקריים, ולעיתים היחידים, אליהם נדרשים סטודנטים לביולוגיה הם חדו״א וסטטיסטיקה.",חשבון דיפרנציאלי ואינטגרלי,חדו״א.01,חשבון דיפרנציאלי ואינטגרלי,weak,2,חידושי אגדות | חשבון דיפרנציאלי ואינטגרלי,substituted,no,3,wikipedia,ביולוג
ha-01108,חה״י,מתנדבי היישוב לצי המלכותי הבריטי ומתנדבי היישוב לצי המסחרי המגויס היוו שדרה טכנית חשובה בהקמת חה״י.,חיל הים הישראלי,חה״י.01,חיל הים הישראלי,weak,2,חיל הים הישראלי | חמדת הימים,substituted,yes,3,wikipedia,חיל הים
ha-01109,חה״י,ב-31 באוגוסט 2021 דווח כי חה״י ערך לראשונה תרגיל משותף עם הצי החמישי של ארצות הברית בים האדום.,חיל הים הישראלי,חה״י.01,חיל הים הישראלי,weak,2,חיל הים הישראלי | חמדת הימים,substituted,yes,3,wikipedia,חיל הים
ha-01110,חה״י,ב-17 בפברואר 2022 דווח כי חה״י השתתף לראשונה בתרגיל IMX.,חיל הים הישראלי,חה״י.01,חיל הים הישראלי,weak,2,חיל הים הישראלי | חמדת הימים,substituted,yes,3,wikipedia,חיל הים
ha-01111,חה״י,"חוקר הקבלה ישעיה תשבי טען על סמך דברי ספרים אחרים, מאוחרים יחסית, שהוטמעו בתוך ""חה״י"", שהספר התחבר על ידי צוות תלמידי חכמים מאיזמיר שהושפעו מהשבתאות.",חמדת הימים,חה״י.02,חמדת הימים,weak,2,חיל הים הישראלי | חמדת הימים,substituted,yes,3,wikipedia,חמדת ימים (ספר)
ha-01112,חה״י,הרב הבן איש חיכתב בתוך דבריו ”ואין לסמוך בדבר זה על ספר חמדת ימים ביום הקדוש הזה (= יום כיפור) שהוא חה״י של כל השנה”.,חמדת הימים,חה״י.02,חמדת הימים,weak,2,חיל הים הישראלי | חמדת הימים,substituted,yes,3,wikipedia,חמדת ימים (ספר)
ha-01113,חה״ס,על פי דעתו של הרב אלעזר מגרמייזא הסוכות שעל שמם נקרא חה״ס הם הסוכות שישבו בהם הלוחמים הישראלים במלחמה לכיבוש עמון ומואב וחובת הישיבה בסוכה נקבעה רק בערבות מואב ולא ניתנה בסיני .,חג הסוכות,חה״ס.01,חג הסוכות,weak,3,חג הסוכות | חול המועד סוכות | חיל הספקה,substituted,yes,3,wikipedia,סוכות
ha-01114,חה״ס,הרב קוק רואה בשמחת חה״ס יסוד מאזן כנגד הרצינות והעצבות העלולים להיות כרוכים בראש השנה ויום כיפור.,חג הסוכות,חה״ס.01,חג הסוכות,weak,3,חג הסוכות | חול המועד סוכות | חיל הספקה,substituted,yes,3,wikipedia,סוכות
ha-01115,חה״ס,"בימינו נוהגים לקיים ערבי ניגון וריקוד בלילות של חה״ס, כזכר לשמחת בית השואבה המקורית.",חג הסוכות,חה״ס.01,חג הסוכות,weak,3,חג הסוכות | חול המועד סוכות | חיל הספקה,substituted,yes,3,wikipedia,סוכות
ha-01116,חה״ס,"בקהילות האשכנזים, קוראים מגילת שיר השירים בשבת חול המועד פסח, ומגילת קהלת בשבת חה״ס.",חול המועד סוכות,חה״ס.02,חול המועד סוכות,weak,3,חג הסוכות | חול המועד סוכות | חיל הספקה,substituted,yes,3,wikipedia,חול המועד
ha-01117,חה״ס,"הפיגוע בראס בורקה (או: הטבח בראס בורקה) התרחש ב־5 באוקטובר 1985, שבת חה״ס, כששוטר משמר הגבול המצרי, סלימאן חאטר, ירה לעבר 12 מטיילים ישראלים ורצח 7 מהם באתר נופש בראס בורקה שבסיני.",חול המועד סוכות,חה״ס.02,חול המועד סוכות,weak,3,חג הסוכות | חול המועד סוכות | חיל הספקה,substituted,yes,3,wikipedia,הפיגוע בראס בורקה
ha-01118,חה״ס,"בפסטיבל מתקיימים מופעים של מוזיקאים ישראלים ובין-לאומיים במשך 4 ימים, במהלך חה״ס.",חול המועד סוכות,חה״ס.02,חול המועד סוכות,weak,3,חג הסוכות | חול המועד סוכות | חיל הספקה,substituted,yes,3,wikipedia,פסטיבל התמר
ha-01119,חה״ס,סמל כובﬠ של חה״ס החדש ירש את גבﬠול החיטה של חה״ס ותובלה ומפתח וחרב מצטלבים של חיל חימוש וציוד.,חיל הספקה,חה״ס.03,חיל הספקה,weak,3,חג הסוכות | חול המועד סוכות | חיל הספקה,substituted,yes,3,wikipedia,"תגי כובע בצה""ל"
ha-01120,חה״ס,סמל כובﬠ של חיל הובלה ירש את סוס דוהר רתום למרכבה הﬠתיקה וחרב מסמל של חה״ס ותובלה.,חיל הספקה,חה״ס.03,חיל הספקה,weak,3,חג הסוכות | חול המועד סוכות | חיל הספקה,substituted,yes,3,wikipedia,"תגי כובע בצה""ל"
ha-01121,חה״פ,"שם זה מבטא את משמעותו הייחודית של חה״פ מדי שנה, כנקודת מפנה על ציר הזמן, בו מאירה ומתבררת בשורת החירות בעולם.",חג הפסח,חה״פ.01,חג הפסח,weak,2,חג הפסח | חול המועד פסח,substituted,yes,3,wikipedia,פסח
ha-01122,חה״פ,"בעבר היו שחישבו את תאריך חה״פ לפי מניין הימים מיום הפורים, דבר שהוביל להשלכה דינית לגבי הנוהג לקרוא את המגילה קודם ליום הפורים, במקרים שונים.",חג הפסח,חה״פ.01,חג הפסח,weak,2,חג הפסח | חול המועד פסח,substituted,yes,3,wikipedia,פסח
ha-01123,חה״פ,"לאורך הדורות התרחב האיסור גם לתקופה שלפני חה״פ, ויש הנוהגים של לאכול מצה מראש חודש ניסן, ויש אף המרחיבים את האיסור לכדי חודש לפני פסח.",חג הפסח,חה״פ.01,חג הפסח,weak,2,חג הפסח | חול המועד פסח,substituted,yes,3,wikipedia,פסח
ha-01124,חה״פ,"בשנים מעוברות, פרשת בר המצווה, בשנים מקביעות בחה, זחג, וזשה היא פרשת מצורע, בשנים מקביעות בשז וגכז פרשת בר המצוה היא חה״פ, בשנים מקביעות החא והשג פרשת בר המצווה היא פרשת אחרי מות.",חול המועד פסח,חה״פ.02,חול המועד פסח,weak,2,חג הפסח | חול המועד פסח,substituted,yes,3,wikipedia,י' בניסן
ha-01125,חה״פ,"בקהילות האשכנזים, קוראים מגילת שיר השירים בשבת חה״פ, ומגילת קהלת בשבת חול המועד סוכות.",חול המועד פסח,חה״פ.02,חול המועד פסח,weak,2,חג הפסח | חול המועד פסח,substituted,yes,3,wikipedia,חול המועד
ha-01126,חה״פ,"סֶהֲרַנֶה הוא חג עממי, ללא מקור דתי, שהתקיים בעבר בקהילה היהודית בכורדיסטן במהלך חה״פ.",חול המועד פסח,חה״פ.02,חול המועד פסח,weak,2,חג הפסח | חול המועד פסח,substituted,yes,3,wikipedia,סהרנה
ha-01127,חוה״מ,את ימי חוה״מ מכבדים באכילה ושתייה ובלבישת בגדים חגיגיים.,חול המועד,חוה״מ.01,חול המועד,weak,2,חול המועד | חוק המקרקעין,substituted,yes,3,wikipedia,חול המועד
ha-01128,חוה״מ,כך למשל אצל החרדים נהוג ללכת בבגדי שבת במהלך חוה״מ.,חול המועד,חוה״מ.01,חול המועד,weak,2,חול המועד | חוק המקרקעין,substituted,yes,3,wikipedia,חול המועד
ha-01129,חוה״מ,המצוות המיוחדות לחג כולו נוהגות בימי חוה״מ.,חול המועד,חוה״מ.01,חול המועד,weak,2,חול המועד | חוק המקרקעין,substituted,yes,3,wikipedia,חול המועד
ha-01130,חוה״מ,"עד לחקיקת חוה״מ, ההגנה על המקרקעין הייתה באמצעות עוולות נזיקיות, כמו במשפט האנגלי.",חוק המקרקעין,חוה״מ.02,חוק המקרקעין,weak,2,חול המועד | חוק המקרקעין,substituted,yes,3,wikipedia,חוק המקרקעין
ha-01131,חוה״מ,"בניגוד להסגת גבול בהיבטה הפלילי, במקרה של הסגת גבול בהיבט האזרחי, מתיר חוה״מ, במקרים מסוימים, עשיית דין עצמי כנגד מסיג הגבול.",חוק המקרקעין,חוה״מ.02,חוק המקרקעין,weak,2,חול המועד | חוק המקרקעין,substituted,yes,3,wikipedia,הסגת גבול (אזרחי)
ha-01132,חוה״מ,"אם הייתה נדונה שאלה זו לפני חקיקת חוה״מ, ניתן היה להגן על הרוכש על סמך דיני היושר, וזאת מכוח קליטת דיני היושר האנגליים לפי סימן 46 לדבר המלך במועצה על ארץ ישראל.",חוק המקרקעין,חוה״מ.02,חוק המקרקעין,weak,2,חול המועד | חוק המקרקעין,substituted,yes,3,wikipedia,"פסק דין בוקר נגד חברה אנגלו ישראלית לניהול ואחריות בע""מ"
ha-01133,חו״ב,"לאמירה ""חו״ב"" ישנן שתי תשובות: המקובלת שבהן היא ""חזק ואמץ"", ותשובה אפשרית אחרת היא ""ברוך תהיה"" (או: ברוכה תהיי, ברוכים תהיו, וכדומה) או בקרב מרוקאים, ""כולכם ברוכים"".",חזק וברוך,חו״ב.01,חזק וברוך,weak,3,חריף ובקי | חכמה ובינה | חזק וברוך,substituted,yes,3,wikipedia,יישר כוח
ha-01134,חו״ב,"בקריאת פרשת וזאת הברכה מסיימים את קריאת התורה של ספר דברים ושל התורה כולה, ורבים נוהגים להכריז בסיום הקריאה ""חו״ב"" או ""חזק חזק ונתחזק"".",חזק וברוך,חו״ב.01,חזק וברוך,weak,3,חריף ובקי | חכמה ובינה | חזק וברוך,substituted,yes,3,wikipedia,פרשת וזאת הברכה
ha-01135,חו״ב,"אצל הספרדים נהוג נוסח דומה ""חו״ב"" הנאמר לכל עולה.",חזק וברוך,חו״ב.01,חזק וברוך,weak,3,חריף ובקי | חכמה ובינה | חזק וברוך,substituted,yes,3,wikipedia,חזק חזק ונתחזק
ha-01136,חו״ב,ושניהם (בחלוקה זו) מהווים את ספירות חו״ב שבעולם האצילות.,חכמה ובינה,חו״ב.02,חכמה ובינה,weak,3,חריף ובקי | חכמה ובינה | חזק וברוך,substituted,yes,3,wikipedia,עולם האצילות
ha-01137,חו״ב,"הפסוק נאמר על ידי שלמה המלך והוא מבטא את הקניין האמיתי, קניין של חו״ב ולא של עצים ואבנים.",חכמה ובינה,חו״ב.02,חכמה ובינה,weak,3,חריף ובקי | חכמה ובינה | חזק וברוך,substituted,yes,3,wikipedia,ספר קניין
ha-01138,חו״ב,שנאמר 'ושמרתם ועשיתם כי היא חכמתכם ובינתכם לעיני העמים' - איזו חו״ב שהיא לעיני העמים?,חכמה ובינה,חו״ב.02,חכמה ובינה,weak,3,חריף ובקי | חכמה ובינה | חזק וברוך,substituted,yes,3,wikipedia,נסים וידאל
ha-01139,חו״ב,"קיבל הסכמה לספר מרבו איסר זלמן מלצר, שכתב עליו: ""הרב הגדול חו״ב, מצוין ביראת שמים ובמדות נעלות מורינו הרב שמואל הומינער נרו יאיר, ממצויני ישיבת עץ חיים"".",חריף ובקי,חו״ב.03,חריף ובקי,weak,3,חריף ובקי | חכמה ובינה | חזק וברוך,substituted,yes,3,wikipedia,שמואל הומינר (רב)
ha-01140,חו״ב,"הוא נודע כרב חו״ב בתורה, וכמנהיג קהילה תקיף וענוותן כאחד.",חריף ובקי,חו״ב.03,חריף ובקי,weak,3,חריף ובקי | חכמה ובינה | חזק וברוך,substituted,yes,3,wikipedia,שלמה דייטש
ha-01141,חו״ג,"בד הוא חומר גלם לתעשיית הביגוד, והוא נוצר כתוצאה מעיבוד נרחב של כותנה, צמר או חו״ג אחרים מסוג זה.",חומרי גלם,חו״ג.01,חומרי גלם,weak,2,חומרי גלם | חסד וגבורה,substituted,no,3,wikipedia,חומר גלם
ha-01142,חו״ג,"לייצורו של מוצר מסוים ניתן להשתמש לעיתים בחלופות אחדות של חו״ג, ולעיתים מוחלף חומר גלם מסוים בחומר גלם אחר, שנמצא עדיף.",חומרי גלם,חו״ג.01,חומרי גלם,weak,2,חומרי גלם | חסד וגבורה,substituted,no,3,wikipedia,חומר גלם
ha-01143,חו״ז,חו״ז הם מונחים בסיסיים מתחום הנהלת החשבונות וחשבונאות.,חובה וזכות,חו״ז.01,חובה וזכות,weak,2,חובה וזכות | חייבים וזכאים,substituted,no,3,wikipedia,חובה וזכות
ha-01144,חו״ז,"בהנהלת חשבונות, מאזן בּוֹחַן הוא גיליון עבודה שבו מפורטות היתרות של כל כרטיסי החשבון בספר החשבונות של ישות חשבונאית בעמודות של חו״ז.",חובה וזכות,חו״ז.01,חובה וזכות,weak,2,חובה וזכות | חייבים וזכאים,substituted,no,3,wikipedia,מאזן בוחן
ha-01145,חו״ז,"במאזן מסוג זה, על כל זוג טורי חו״ז להיות בעל סיכומים שווים.",חובה וזכות,חו״ז.01,חובה וזכות,weak,2,חובה וזכות | חייבים וזכאים,substituted,no,3,wikipedia,מאזן בוחן
ha-01146,חו״ח,שאם חו״ח יהיה איזה צער לאחד ממנו לסייעו כולנו יחד...,חלילה וחס,חו״ח.02,חלילה וחס,weak,2,חס וחלילה | חלילה וחס,substituted,yes,3,wikipedia,ישיבת המקובלים בית אל
ha-01147,חו״ח,"אינני אומר שזה מה שרוב השופטים חשבו, חו״ח"".",חלילה וחס,חו״ח.02,חלילה וחס,weak,2,חס וחלילה | חלילה וחס,substituted,yes,3,wikipedia,פרשת האי היווני
ha-01148,חו״ח,"קיים בלבול בין הביטוי ""חס ושלום"" לביטוי הדומה ""חו״ח"".",חס וחלילה,חו״ח.01,חס וחלילה,weak,2,חס וחלילה | חלילה וחס,substituted,yes,3,wikipedia,חס ושלום
ha-01149,חו״ח,"חוקרים הציעו שהביטוי ""חו״ח"" נוצר בהשפעת היידיש או הערבית.",חס וחלילה,חו״ח.01,חס וחלילה,weak,2,חס וחלילה | חלילה וחס,substituted,yes,3,wikipedia,חס ושלום
ha-01150,חו״ח,"הם יודעים שאין שם מילה נכונה, אם חו״ח קרה כזה דבר לילדה.",חס וחלילה,חו״ח.01,חס וחלילה,weak,2,חס וחלילה | חלילה וחס,substituted,yes,3,wikipedia,פרשת מחמוד קטוסה
ha-01151,חו״מ,"הרעיון היה להגיע בחסות החשיכה למקום, ועד הבוקר לבנות יישוב שכולל בתוכו חו״מ.",חומה ומגדל,חו״מ.01,חומה ומגדל,weak,4,חושן משפט | חומה ומגדל | חוץ מזה | חומרים מרוכבים,substituted,yes,3,wikipedia,חומה ומגדל
ha-01152,חו״מ,ישנה מחלוקת לגבי זהות היישוב הראשון של חו״מ.,חומה ומגדל,חו״מ.01,חומה ומגדל,weak,4,חושן משפט | חומה ומגדל | חוץ מזה | חומרים מרוכבים,substituted,yes,3,wikipedia,חומה ומגדל
ha-01153,חו״מ,"אף על פי שמקובל למנות את כפר חיטים כיישוב ""חו״מ"" הראשון, ישנם מקורות המציינים את ניר דוד כראשון.",חומה ומגדל,חו״מ.01,חומה ומגדל,weak,4,חושן משפט | חומה ומגדל | חוץ מזה | חומרים מרוכבים,substituted,yes,3,wikipedia,חומה ומגדל
ha-01154,חו״מ,יישום נוסף מתקבל באמצעות טבילת אריג סיבי פחמן בתרכובת מותכת כדוגמת אפוקסי לשם יצירת חו״מ המאפשרים לעצב משטחים חזקים בעלי משקל קל.,חומרים מרוכבים,חו״מ.02,חומרים מרוכבים,weak,4,חושן משפט | חומה ומגדל | חוץ מזה | חומרים מרוכבים,substituted,yes,3,wikipedia,סיב פחמן
ha-01155,חו״מ,חו״מ הם קבוצות חומרים שבנויים משילוב של שניים או יותר חומרים.,חומרים מרוכבים,חו״מ.02,חומרים מרוכבים,weak,4,חושן משפט | חומה ומגדל | חוץ מזה | חומרים מרוכבים,substituted,yes,3,wikipedia,חומר
ha-01156,חו״מ,"שריון מרוכב הוא מיגון לרכב קרבי משוריין וכלי רכב אחרים שמורכב מלוחות שריון העשויים ממספר שכבות של חו״מ, סגסוגות מתכתיות וחומרים אחרים, כגון חומרים קרמיים, פלסטיק ואף חללי אוויר.",חומרים מרוכבים,חו״מ.02,חומרים מרוכבים,weak,4,חושן משפט | חומה ומגדל | חוץ מזה | חומרים מרוכבים,substituted,yes,3,wikipedia,שריון מרוכב
ha-01157,חו״מ,"חו״מ, לארמניה יש עודף אנרגיה ושוק הייצוא הגדול היחיד שלה.",חוץ מזה,חו״מ.03,חוץ מזה,weak,4,חושן משפט | חומה ומגדל | חוץ מזה | חומרים מרוכבים,substituted,yes,3,wikipedia,יחסי איראן–ארמניה
ha-01158,חו״מ,חו״מ שתי המדינות הסכימו להעניק 100 מלגות לסטודנטים המעוניינים במוסדות להשכלה גבוהה.,חוץ מזה,חו״מ.03,חוץ מזה,weak,4,חושן משפט | חומה ומגדל | חוץ מזה | חומרים מרוכבים,substituted,yes,3,wikipedia,יחסי איראן–הונגריה
ha-01159,חו״מ,"חו״מ זיכה אותם אלוהים בחיים ארוכים יותר על צדקתם ועל התועלת שבהמצאותיהם..."".",חוץ מזה,חו״מ.03,חוץ מזה,weak,4,חושן משפט | חומה ומגדל | חוץ מזה | חומרים מרוכבים,substituted,yes,3,wikipedia,הכרונולוגיה המקראית והמסורתית
ha-01160,חו״מ,כיום משמש הביטוי חו״מ למכלול הדינים הנוגעים לדיני ממונות.,חושן משפט,חו״מ.04,חושן משפט,weak,4,חושן משפט | חומה ומגדל | חוץ מזה | חומרים מרוכבים,substituted,yes,3,wikipedia,חושן משפט
ha-01161,חו״מ,אורים ותומים לרב יהונתן אייבשיץ על חו״מ.,חושן משפט,חו״מ.04,חושן משפט,weak,4,חושן משפט | חומה ומגדל | חוץ מזה | חומרים מרוכבים,substituted,yes,3,wikipedia,שולחן ערוך
ha-01162,חו״מ,"ספר נתיבות המשפט (בעגה הישיבתית - ""הנתיבות"") הוא ביאור לחלק חו״מ בשולחן ערוך, שחובר על ידי הרב יעקב לורברבוים, רבה של העיר ליסא.",חושן משפט,חו״מ.04,חושן משפט,weak,4,חושן משפט | חומה ומגדל | חוץ מזה | חומרים מרוכבים,substituted,yes,3,wikipedia,נתיבות המשפט
ha-01163,חו״פ,"הרגימנט מבצע איסוף מודיעיני אסטרטגי וטקטי, פעולות ישירות (DR), פעולות חו״פ ומבצעים נגד טרור מעבר לטווח או יכולתם של יחידות הצבא הקונבנציונליות.",חילוץ ופינוי,חו״פ.01,חילוץ ופינוי,weak,2,חילוץ ופינוי | חוליה פיקודית,substituted,no,3,wikipedia,שירות האוויר המיוחד של ניו זילנד
ha-01164,חו״פ,"לאחר מכן הוכפף הגדוד לחטיבת הצנחנים ועסק בפתיחות צירים, מבצעי חו״פ ומשימות הנדסה התקפיות.",חילוץ ופינוי,חו״פ.01,חילוץ ופינוי,weak,2,חילוץ ופינוי | חוליה פיקודית,substituted,no,3,wikipedia,אמיר אולו
ha-01165,חו״פ,"החל מ-15 ביולי לא הותרה כלל תנועת כלי רכב למרכז העיר לייז', התנועה הורשתה רק לרכבי חו״פ.",חילוץ ופינוי,חו״פ.01,חילוץ ופינוי,weak,2,חילוץ ופינוי | חוליה פיקודית,substituted,no,3,wikipedia,השיטפונות באירופה (2021)
ha-01166,חו״ר,"חו״ר העיר ונציה הסכימו עם רבי דוד מילדולה, התשובה נחתמה בשמם על ידי רבי יצחק פאציפיקו.",חכמי ורבני,חו״ר.01,חכמי ורבני,weak,3,חכמי ורבני | חסד ורחמים | חנון ורחום,substituted,yes,3,wikipedia,פולמוס שבת החתונה
ha-01167,חו״ר,"חו״ר העיר פיררה הסכימו עם רבי דוד מילדולה, התשובה נחתמה על ידי הסופר רבי משה חיים ריקאנטי.",חכמי ורבני,חו״ר.01,חכמי ורבני,weak,3,חכמי ורבני | חסד ורחמים | חנון ורחום,substituted,yes,3,wikipedia,פולמוס שבת החתונה
ha-01168,חו״ר,"הרב יהושע משה, קץ הימין - תולדות חו״ר בבל ראשונים ואחרונים, עמ' 54, ירושלים: הוצאת ספרים בקאל, 1966.",חכמי ורבני,חו״ר.01,חכמי ורבני,weak,3,חכמי ורבני | חסד ורחמים | חנון ורחום,substituted,yes,3,wikipedia,יחזקאל משה הלוי
ha-01169,חו״ר,"הם מתארים אותו כאל רודף צדק, קשוח ונקמן, ניגוד של האל הראשי, האל של הנצרות, אל חו״ר, אל שמהותו אהבה.",חנון ורחום,חו״ר.03,חנון ורחום,weak,3,חכמי ורבני | חסד ורחמים | חנון ורחום,substituted,yes,3,wikipedia,ביניטריות
ha-01170,חו״ר,ברחוב הכרמל הוקם על ידי משפחת ארמוזה וסידיס שרמזו את שמם באות אחת לפני האחרונה בכל מילה; אגודת בית הכנסת חו״ר.,חסד ורחמים,חו״ר.02,חסד ורחמים,weak,3,חכמי ורבני | חסד ורחמים | חנון ורחום,substituted,yes,3,wikipedia,נחלאות
ha-01171,חו״ר,"על פי אמירה המיוחסת לנביא מוחמד, מחלוקת בין המאמינים הנאמנים היא ברכה, חו״ר.",חסד ורחמים,חו״ר.02,חסד ורחמים,weak,3,חכמי ורבני | חסד ורחמים | חנון ורחום,substituted,yes,3,wikipedia,איח'תילאף
ha-01172,חו״ר,"הוא הפעיל הבולט של עמותת ""כלל ישראל – חו״ר"", ארגון ""ביחד ננצח"" המסייע לחיילים, הפועל תחת העמותה.",חסד ורחמים,חו״ר.02,חסד ורחמים,weak,3,חכמי ורבני | חסד ורחמים | חנון ורחום,substituted,yes,3,wikipedia,שי גראוכר
ha-01173,חו״ש,חו״ש הוא ביטוי מתקופת האמוראים המביע הסתייגות ודחיה או פחד מתיאור או ממצב שהוזכרו.,חס ושלום,חו״ש.01,חס ושלום,weak,2,חס ושלום | חדש ושבת,substituted,no,3,wikipedia,חס ושלום
ha-01174,חו״ש,"קיים בלבול בין הביטוי ""חו״ש"" לביטוי הדומה ""חס וחלילה"".",חס ושלום,חו״ש.01,חס ושלום,weak,2,חס ושלום | חדש ושבת,substituted,no,3,wikipedia,חס ושלום
ha-01175,חו״ש,”מיד הניח ידיו על ראשו והיה צועק ובוכה ואמר לו שמא חו״ש אין להם תקנה”.,חס ושלום,חו״ש.01,חס ושלום,weak,2,חס ושלום | חדש ושבת,substituted,no,3,wikipedia,חס ושלום
ha-01176,חזל״ש,"ב-17 בנובמבר חלה רגיעה במהומות, והמשטרה הכריזה על חזל״ש.",חזרה לשגרה,חזל״ש.01,חזרה לשגרה,weak,2,חזרה לשירות | חזרה לשגרה,substituted,yes,3,wikipedia,המהומות בצרפת (2005)
ha-01177,חזל״ש,"בסופו של דבר, המהומות החלו לדעוך וב-17 בנובמבר הכריזה המשטרה על חזל״ש.",חזרה לשגרה,חזל״ש.01,חזרה לשגרה,weak,2,חזרה לשירות | חזרה לשגרה,substituted,yes,3,wikipedia,המהומות בצרפת (2005)
ha-01178,חזל״ש,"במהלך שנה זו, הפעילות חזל״ש מסוימת בעקבות התחסנות האוכלוסייה.",חזרה לשגרה,חזל״ש.01,חזרה לשגרה,weak,2,חזרה לשירות | חזרה לשגרה,substituted,yes,3,wikipedia,משבר שרשרת האספקה
ha-01179,חזל״ש,"הסדרה חזל״ש ה-VOD של HOT כחלק מספרייה חדשה של ערוץ הילדים, ""FOMO"".",חזרה לשירות,חזל״ש.02,חזרה לשירות,weak,2,חזרה לשירות | חזרה לשגרה,substituted,yes,3,wikipedia,החולמים (סדרת טלוויזיה)
ha-01180,חזל״ש,"את רוב שנות מלחמת העולם הראשונה עשתה במימי הים התיכון, ובמהלכה נפגעה בידי צוללת אוסטרו-הונגרית, אך חזל״ש לאחר תיקונים.",חזרה לשירות,חזל״ש.02,חזרה לשירות,weak,2,חזרה לשירות | חזרה לשגרה,substituted,yes,3,wikipedia,ז'אן באר (אוניית מערכה)
ha-01181,חזל״ש,"שמואל גודר שהיה נשיא בית הדין הצבאי לערעורים, גייס אותו חזל״ש הקבע.",חזרה לשירות,חזל״ש.02,חזרה לשירות,weak,2,חזרה לשירות | חזרה לשגרה,substituted,yes,3,wikipedia,בן ציון פרחי
ha-01182,חט״ם,חט״ם משפיעה על סדר היום המדיני והצבאי של מדינת ישראל.,חטיבת המחקר,חט״ם.01,חטיבת המחקר,weak,2,"חטיבת המחקר | חבל, טריג, מקבילים",substituted,no,3,wikipedia,חטיבת המחקר
ha-01183,חט״ם,"לאורך השנים, לקחה חט״ם חלק פעיל בכל מלחמות ישראל ובאירועים מדיניים ומבצעיים רבים.",חטיבת המחקר,חט״ם.01,חטיבת המחקר,weak,2,"חטיבת המחקר | חבל, טריג, מקבילים",substituted,no,3,wikipedia,חטיבת המחקר
ha-01184,חט״ם,חט״ם מקיימת כנס שנתי לסיכום פעילותה ולהענקת תעודות הערכה לחוקריה בסדיר ובמילואים.,חטיבת המחקר,חט״ם.01,חטיבת המחקר,weak,2,"חטיבת המחקר | חבל, טריג, מקבילים",substituted,no,3,wikipedia,חטיבת המחקר
ha-01185,חי״ל,"עוצמה יהודית (בשמה הרשמי: ""חי״ל"") היא מפלגת ימין קיצוני ישראלית.",חזית יהודית לאומית,חי״ל.01,חזית יהודית לאומית,weak,3,חזית יהודית לאומית | (הבריגדה היהודית) אשר לחמה באירופה במלחמת העולם השניה | האגודה לפיתוח הימאות העברית ולהחדרת תודעתה בארץ ובעולם,substituted,no,3,wikipedia,עוצמה יהודית
ha-01186,חי״ל,"בבחירות זכתה ""חי״ל"" בכ-25 אלף קולות, אך לא עברה את אחוז החסימה שעמד אז על כ-62 אלף קולות.",חזית יהודית לאומית,חי״ל.01,חזית יהודית לאומית,weak,3,חזית יהודית לאומית | (הבריגדה היהודית) אשר לחמה באירופה במלחמת העולם השניה | האגודה לפיתוח הימאות העברית ולהחדרת תודעתה בארץ ובעולם,substituted,no,3,wikipedia,עוצמה יהודית
ha-01187,חי״ל,"הוא היה מועמד מטעם מפלגת חרות בבחירות לכנסת השש עשרה (2003) ומועמד מטעם מפלגת חי״ל בבחירות לכנסת השבע עשרה (2006), אך הרשימות לא עברו את אחוז החסימה.",חזית יהודית לאומית,חי״ל.01,חזית יהודית לאומית,weak,3,חזית יהודית לאומית | (הבריגדה היהודית) אשר לחמה באירופה במלחמת העולם השניה | האגודה לפיתוח הימאות העברית ולהחדרת תודעתה בארץ ובעולם,substituted,no,3,wikipedia,מיכאל בן ארי
ha-01188,חי״ש,"ברוב צבאות העולם, טנקי הגישור מופעלים בידי חיל הנדסה או בידי חי״ש.",חיל שריון,חי״ש.01,חיל שריון,weak,2,חיל שריון | חיל שדה,substituted,no,3,wikipedia,טנק גישור
ha-01189,חי״ש,"במסגרת הצבא, מחולקים החיילים ליחידות שונות, בהן חיל רגלים, חיל הנדסה קרבית, חי״ש, חיל ים וחיל האוויר.",חיל שריון,חי״ש.01,חיל שריון,weak,2,חיל שריון | חיל שדה,substituted,no,3,wikipedia,חייל
ha-01190,חי״ש,"הקרבין נועד להיות רובה שירות עבור חיילים שהזדקקו לכלי נשק קומפקטי בעת מלחמה, כגון כוחות קומנדו, חיל פרשים, לוחמי חי״ש ומפעילי ארטילריה.",חיל שריון,חי״ש.01,חיל שריון,weak,2,חיל שריון | חיל שדה,substituted,no,3,wikipedia,קרבין
ha-01191,חמ״ל,"חמ״ל היא סדרת דרמת מתח ישראלית שנוצרה ונכתבה על ידי העיתונאי יאיר לפיד, העוסקת בגוף בדיוני שהוקם במשרד ראש הממשלה שדרכו עוברות כל ההחלטות הביטחוניות של מדינת ישראל.",חדר מלחמה,חמ״ל.01,חדר מלחמה,weak,2,חדר מלחמה | חדר ניהול אירוע ומעקב אחר תרחיש,substituted,no,3,wikipedia,חדר מלחמה (סדרת טלוויזיה)
ha-01192,חמ״ל,"רועי הולר, 20.5% לפרק הסיום של ""חמ״ל"", באתר ynet, 27 בפברואר 2005.",חדר מלחמה,חמ״ל.01,חדר מלחמה,weak,2,חדר מלחמה | חדר ניהול אירוע ומעקב אחר תרחיש,substituted,no,3,wikipedia,חדר מלחמה (סדרת טלוויזיה)
ha-01193,חמ״ל,"""חמ״ל"" לעונה שנייה בערוץ 2, באתר וואלה, 1 במרץ 2005.",חדר מלחמה,חמ״ל.01,חדר מלחמה,weak,2,חדר מלחמה | חדר ניהול אירוע ומעקב אחר תרחיש,substituted,no,3,wikipedia,חדר מלחמה (סדרת טלוויזיה)
ha-01194,חמ״ס,כדי לדעת אם חמ״ס כמסוכן או לא (על פי החוק) יש לפנות לחוק החומרים המסוכנים שבאחריות המשרד להגנת הסביבה.,חומר מסווג,חמ״ס.01,חומר מסווג,weak,2,"חומר מסווג | חומשים, מחזורים, סידורים",substituted,no,3,wikipedia,חומרים מסוכנים
ha-01195,חמ״ס,באפריל 2005 הודה ברגר בסעיף אישום משני בדבר נטילה בלתי מוסמכת ואחזקה של חמ״ס מהארכיון הלאומי של ארצות הברית בוושינגטון.,חומר מסווג,חמ״ס.01,חומר מסווג,weak,2,"חומר מסווג | חומשים, מחזורים, סידורים",substituted,no,3,wikipedia,סנדי ברגר
ha-01196,חמ״ס,"לפי ויקיליקס, 251,287 מסמכי התכתובות מכילים 261,276,536 מילים, מה שהופך את הפרשה להדלפה הגדולה ביותר בהיסטוריה של חמ״ס.",חומר מסווג,חמ״ס.01,חומר מסווג,weak,2,"חומר מסווג | חומשים, מחזורים, סידורים",substituted,no,3,wikipedia,פרשת קייבלגייט
ha-01197,חנ״ה,"שדות הנפט התגלו על ידי חברה איטלקית, והנפט הופק על ידה בשיתוף חנ״ה המצרית.",חברת הנפט הלאומית,חנ״ה.01,חברת הנפט הלאומית,weak,2,חברת הנפט הלאומית | חומר נפץ הודף,substituted,yes,3,wikipedia,אבו רודס
ha-01198,חנ״ה,"כל חברי IOP הכירו בבעלות של חנ״ה האיראנית בנפט ובמתקנים באיראן, והתפקיד של IOP היה להפעיל ולנהל אותם.",חברת הנפט הלאומית,חנ״ה.01,חברת הנפט הלאומית,weak,2,חברת הנפט הלאומית | חומר נפץ הודף,substituted,yes,3,wikipedia,חברת הנפט הלאומית האיראנית
ha-01199,חנ״ה,"הישות האיראנית עמה שותפה BP במיזמים אלה היא Naftiran Intertrade, השווייצרית, חברת בת של חנ״ה האיראנית.",חברת הנפט הלאומית,חנ״ה.01,חברת הנפט הלאומית,weak,2,חברת הנפט הלאומית | חומר נפץ הודף,substituted,yes,3,wikipedia,חברת הנפט הלאומית האיראנית
ha-01200,חנ״ה,תרמיל - חלק מתכתי גלילי (העשוי לרוב סגסוגת של נחושת) שחובק את הקליע ובתוכו כמות מדודה של חנ״ה.,חומר נפץ הודף,חנ״ה.02,חומר נפץ הודף,weak,2,חברת הנפט הלאומית | חומר נפץ הודף,substituted,yes,3,wikipedia,כדור (תחמושת)
ha-01201,חנ״ה,"הקליע בכדור הטנק הוא פגז מסוגים שונים (כגון חודר שריון, נפיץ או חלול) שבא ביחד עם תרמיל, שבו חנ״ה.",חומר נפץ הודף,חנ״ה.02,חומר נפץ הודף,weak,2,חברת הנפט הלאומית | חומר נפץ הודף,substituted,yes,3,wikipedia,כדור (תחמושת)
ha-01202,חנ״ה,"קיימים סוגים שונים של מיגון ריאקטיבי, אולם מרביתם עושים שימוש ביחידות של חנ״ה המותקנות על הדופן החיצונית של הרכב.",חומר נפץ הודף,חנ״ה.02,חומר נפץ הודף,weak,2,חברת הנפט הלאומית | חומר נפץ הודף,substituted,yes,3,wikipedia,שריון ריאקטיבי
ha-01203,חפ״ק,"את פנייתו אליהם הוא חותם בנוסח ""חפ״ק מיץ וכל גלילות צרפת"", ונראה שהוא ביקש להסתמך בפנייתו זו על סמכותו כרב הקהילה הראשית בצרפת ולכלול בתחומה גם את קהילות דרום צרפת.",חונה פה קהילת,חפ״ק.01,חונה פה קהילת,weak,2,חבורת פיקוד קדמית | חונה פה קהילת,substituted,no,3,wikipedia,יהדות מץ
ha-01204,חפ״ש,"דוגמה לפזמון כזה הוא ""עוזי עוזי"", המספר על עלילותיו של חפ״ש עם הרב-סמל הפלוגתי.",חייל פשוט,חפ״ש.01,חייל פשוט,weak,2,חייל פשוט | חומרים פעילי-שטח,substituted,no,3,wikipedia,פזמון
ha-01205,חפ״ש,"דמויות אלו לרוב מתוארות כאנשים ממעמד הביניים ומטה אך לא עניות, ובעלות מקצועות המאפיינים לרוב בעלי צווארון כחול כגון, חוואי, פועל, חפ״ש ועוד.",חייל פשוט,חפ״ש.01,חייל פשוט,weak,2,חייל פשוט | חומרים פעילי-שטח,substituted,no,3,wikipedia,ז'ה פוביניו
ha-01206,חפ״ש,"מקורו של הביטוי בליל הגלשונים, בו הואשם רוני אלמוג, חפ״ש, באסון בו מחבל חמוש חדר למאהל צבאי וירה למוות בחייליו.",חייל פשוט,חפ״ש.01,חייל פשוט,weak,2,חייל פשוט | חומרים פעילי-שטח,substituted,no,3,wikipedia,"ש""ג"
ha-01207,חקש״ב,"עם קליטת השבויים למחנה מתבצע תהליך רישום ותשאול על ידי חקש״ב, במסגרתו מוכרע האם השבוי חיוני לחקירה (למשל אם הוא מחזיק בידע חיוני בשל תפקידו) אם לאו.",חוקר שבויים,חקש״ב.01,חוקר שבויים,weak,2,חוקר שבויים | חוקרת שבויים,substituted,no,3,wikipedia,מחנה שבויים
ha-01208,חקש״ב,"הכוח המבצע ספג שלושה חיילים הרוגים: סרן ציון מזרחי, סמל מרקו ברנשטיין וסרן בועז רביד, חקש״ב מיחידת מודיעין שצורף למבצע ונהרג מירי המרגמות של חזבאללה.",חוקר שבויים,חקש״ב.01,חוקר שבויים,weak,2,חוקר שבויים | חוקרת שבויים,substituted,no,3,wikipedia,מבצע חוק וסדר
ha-01209,חקש״ב,במקביל הגיע חקש״ב נוסף במסוק אנפה והורד אל דבור 901.,חוקר שבויים,חקש״ב.01,חוקר שבויים,weak,2,חוקר שבויים | חוקרת שבויים,substituted,no,3,wikipedia,מבצע אבק דרכים
ha-01210,חק״ש,"עם קליטת השבויים למחנה מתבצע תהליך רישום ותשאול על ידי חק״ש, במסגרתו מוכרע האם השבוי חיוני לחקירה (למשל אם הוא מחזיק בידע חיוני בשל תפקידו) אם לאו.",חוקר שבויים,חק״ש.01,חוקר שבויים,weak,2,חוקר שבויים | חיל קשישים,substituted,no,3,wikipedia,מחנה שבויים
ha-01211,חק״ש,"הכוח המבצע ספג שלושה חיילים הרוגים: סרן ציון מזרחי, סמל מרקו ברנשטיין וסרן בועז רביד, חק״ש מיחידת מודיעין שצורף למבצע ונהרג מירי המרגמות של חזבאללה.",חוקר שבויים,חק״ש.01,חוקר שבויים,weak,2,חוקר שבויים | חיל קשישים,substituted,no,3,wikipedia,מבצע חוק וסדר
ha-01212,חק״ש,במקביל הגיע חק״ש נוסף במסוק אנפה והורד אל דבור 901.,חוקר שבויים,חק״ש.01,חוקר שבויים,weak,2,חוקר שבויים | חיל קשישים,substituted,no,3,wikipedia,מבצע אבק דרכים
ha-01213,ח״ד,"במקרה של צעד רב חשיבות נהוג לבקש ח״ד נוספת, כלומר ח״ד של רופא מומחה נוסף.",חוות דעת,ח״ד.01,חוות דעת,weak,4,חוות דעת | חלק ד | חיקור דין | חתיכא דאיסורא,substituted,yes,3,wikipedia,חוות דעת
ha-01214,ח״ד,"ח״ד רפואית – ""מדובר במכתב רשמי, המעריך את המרכיב הנפשי/גופני בתפקודו האדם, זהו מסמך בעל תוקף משפטי.",חוות דעת,ח״ד.01,חוות דעת,weak,4,חוות דעת | חלק ד | חיקור דין | חתיכא דאיסורא,substituted,yes,3,wikipedia,חוות דעת
ha-01215,ח״ד,ח״ד ברשלנות רפואית – זו חוות הדעת המאסיבית ביותר.,חוות דעת,ח״ד.01,חוות דעת,weak,4,חוות דעת | חלק ד | חיקור דין | חתיכא דאיסורא,substituted,yes,3,wikipedia,חוות דעת
ha-01216,ח״ד,"עקב כך נפתחה חקירה בעניין נגד אולמרט ובאפריל 2007, צוות מהיחידה הארצית לחקירות הונאה של המשטרה ייצא לאוסטרליה, כדי לבצע ח״ד ללואי.",חיקור דין,ח״ד.02,חיקור דין,weak,4,חוות דעת | חלק ד | חיקור דין | חתיכא דאיסורא,substituted,yes,3,wikipedia,פרנק לואי
ha-01217,ח״ד,ב-22 עד 24 ביולי 2025 ערכו חוקרי להב 433 ח״ד לאיינהורן במשרד התובע הכללי העליון בבלגרד בנוגע לשתי הפרשות הקטריות.,חיקור דין,ח״ד.02,חיקור דין,weak,4,חוות דעת | חלק ד | חיקור דין | חתיכא דאיסורא,substituted,yes,3,wikipedia,ישראל איינהורן
ha-01218,ח״ד,"במקביל, בין ה-22 ל-24 ביולי 2025 ערכו חוקרי להב 433 ח״ד לשרוליק איינהורן במשרד התובע הכללי בבלגרד שבסרביה, לאחר שבמשך חודשים סירב להגיע לישראל.",חיקור דין,ח״ד.02,חיקור דין,weak,4,חוות דעת | חלק ד | חיקור דין | חתיכא דאיסורא,substituted,yes,3,wikipedia,פרשת הדלפת המסמכים המסווגים לעיתון בילד
ha-01219,ח״ד,"אור התורה ויקרא, ח״ד: ויקרא - בחוקותי; פסח; לג בעומר.",חלק ד,ח״ד.03,חלק ד,weak,4,חוות דעת | חלק ד | חיקור דין | חתיכא דאיסורא,substituted,yes,3,wikipedia,אור התורה (ספר)
ha-01220,ח״ד,"אור התורה דברים, ח״ד: האזינו - ברכה; סוכות, שמיני עצרת.",חלק ד,ח״ד.03,חלק ד,weak,4,חוות דעת | חלק ד | חיקור דין | חתיכא דאיסורא,substituted,yes,3,wikipedia,אור התורה (ספר)
ha-01221,ח״ד,"צילום הוצאת ווילנא באתר היברובוקס - חלק א (בסריקה זו חסרים עמודים, אבל יש גם תדפיס של הוצאה זו בלי עמודים חסרים), חלק ב, חלק ג, ח״ד, חלק ה, חלק ו, חלק ז.",חלק ד,ח״ד.03,חלק ד,weak,4,חוות דעת | חלק ד | חיקור דין | חתיכא דאיסורא,substituted,yes,3,wikipedia,תלמוד ירושלמי
ha-01222,ח״ו,בנוסף הוא ח״ו לקידום טניס בכיסאות גלגלים במסגרת איגוד הטניס בישראל.,חבר ועדה,ח״ו.01,חבר ועדה,weak,7,חס וחלילה | חלק ו' | חס ושלום | חבר ועדה | חינוך ומשפחה | חלילה וחס | חוסם ורידים,substituted,yes,1,wikipedia,יורם קיכל
ha-01223,ח״ו,בשנים 1997 - 1998 היה ח״ו להדחת בוריס ילצין.,חבר ועדה,ח״ו.01,חבר ועדה,weak,7,חס וחלילה | חלק ו' | חס ושלום | חבר ועדה | חינוך ומשפחה | חלילה וחס | חוסם ורידים,substituted,yes,1,wikipedia,דמיטרי רוגוזין
ha-01224,ח״ו,ח״ו בולט אמר כי חוק הרישום החדש יאפשר לזוגות לבקש הטבות מסוימות.,חבר ועדה,ח״ו.01,חבר ועדה,weak,7,חס וחלילה | חלק ו' | חס ושלום | חבר ועדה | חינוך ומשפחה | חלילה וחס | חוסם ורידים,substituted,yes,1,wikipedia,"זכויות להט""ב בוונצואלה"
ha-01225,ח״ו,שאם ח״ו יהיה איזה צער לאחד ממנו לסייעו כולנו יחד...,חלילה וחס,ח״ו.03,חלילה וחס,weak,7,חס וחלילה | חלק ו' | חס ושלום | חבר ועדה | חינוך ומשפחה | חלילה וחס | חוסם ורידים,substituted,yes,1,wikipedia,ישיבת המקובלים בית אל
ha-01226,ח״ו,"אינני אומר שזה מה שרוב השופטים חשבו, ח״ו"".",חלילה וחס,ח״ו.03,חלילה וחס,weak,7,חס וחלילה | חלק ו' | חס ושלום | חבר ועדה | חינוך ומשפחה | חלילה וחס | חוסם ורידים,substituted,yes,1,wikipedia,פרשת האי היווני
ha-01227,ח״ו,"קיים בלבול בין הביטוי ""חס ושלום"" לביטוי הדומה ""ח״ו"".",חס וחלילה,ח״ו.04,חס וחלילה,weak,7,חס וחלילה | חלק ו' | חס ושלום | חבר ועדה | חינוך ומשפחה | חלילה וחס | חוסם ורידים,substituted,yes,1,wikipedia,חס ושלום
ha-01228,ח״ו,"חוקרים הציעו שהביטוי ""ח״ו"" נוצר בהשפעת היידיש או הערבית.",חס וחלילה,ח״ו.04,חס וחלילה,weak,7,חס וחלילה | חלק ו' | חס ושלום | חבר ועדה | חינוך ומשפחה | חלילה וחס | חוסם ורידים,substituted,yes,1,wikipedia,חס ושלום
ha-01229,ח״ו,ח״ו הוא ביטוי מתקופת האמוראים המביע הסתייגות ודחיה או פחד מתיאור או ממצב שהוזכרו.,חס ושלום,ח״ו.02,חס ושלום,weak,7,חס וחלילה | חלק ו' | חס ושלום | חבר ועדה | חינוך ומשפחה | חלילה וחס | חוסם ורידים,substituted,yes,1,wikipedia,חס ושלום
ha-01230,ח״ו,"קיים בלבול בין הביטוי ""ח״ו"" לביטוי הדומה ""חס וחלילה"".",חס ושלום,ח״ו.02,חס ושלום,weak,7,חס וחלילה | חלק ו' | חס ושלום | חבר ועדה | חינוך ומשפחה | חלילה וחס | חוסם ורידים,substituted,yes,1,wikipedia,חס ושלום
ha-01231,ח״ו,”מיד הניח ידיו על ראשו והיה צועק ובוכה ואמר לו שמא ח״ו אין להם תקנה”.,חס ושלום,ח״ו.02,חס ושלום,weak,7,חס וחלילה | חלק ו' | חס ושלום | חבר ועדה | חינוך ומשפחה | חלילה וחס | חוסם ורידים,substituted,yes,1,wikipedia,חס ושלום
ha-01232,ח״ח,"פסק הדין בעניין ח״ח נגד עיתון הארץ הוא פסק הדין המנחה בתקופה זו, בו נדון האיזון העקרוני בין הזכויות.",חברת חשמל,ח״ח.01,חברת חשמל,weak,11,"חלקי חילוף | חברת חשמל | חרדה חברתית | חיזוק חיובי | חופת חתנים | חלק חוזר | חפץ חיים (ספר) | חפץ חיים (קיבוץ) | חשש חמץ | חלל חרב | חפץ חיים: ספר, מחברו, או קיבוץ",substituted,yes,3,wikipedia,חוק איסור לשון הרע
ha-01233,ח״ח,"שינוי זה התאפשר בזכות כמויות הגז הטבעי אותן ניתן היה להזרים למשק הישראלי ממאגר הגז תמר, בגיבוי אנית הגז הטבעי הנוזלי של ח״ח, והחיבור הצפוי של מאגרי הגז הטבעי לוויתן (סוף 2019) וכריש (אמצע 2021).",חברת חשמל,ח״ח.01,חברת חשמל,weak,11,"חלקי חילוף | חברת חשמל | חרדה חברתית | חיזוק חיובי | חופת חתנים | חלק חוזר | חפץ חיים (ספר) | חפץ חיים (קיבוץ) | חשש חמץ | חלל חרב | חפץ חיים: ספר, מחברו, או קיבוץ",substituted,yes,3,wikipedia,משק החשמל בישראל
ha-01234,ח״ח,לפי נתוני ח״ח נכון ל-2003 היו 370 רוכשים - ספקים כאלה (כמפורט בטבלה משמאל).,חברת חשמל,ח״ח.01,חברת חשמל,weak,11,"חלקי חילוף | חברת חשמל | חרדה חברתית | חיזוק חיובי | חופת חתנים | חלק חוזר | חפץ חיים (ספר) | חפץ חיים (קיבוץ) | חשש חמץ | חלל חרב | חפץ חיים: ספר, מחברו, או קיבוץ",substituted,yes,3,wikipedia,משק החשמל בישראל
ha-01235,ח״ח,"חוק ההתניה האופרנטית - תדירות הופעת האופרנט עולה, אם לאחריו מופיע ח״ח.",חיזוק חיובי,ח״ח.02,חיזוק חיובי,weak,11,"חלקי חילוף | חברת חשמל | חרדה חברתית | חיזוק חיובי | חופת חתנים | חלק חוזר | חפץ חיים (ספר) | חפץ חיים (קיבוץ) | חשש חמץ | חלל חרב | חפץ חיים: ספר, מחברו, או קיבוץ",substituted,yes,3,wikipedia,התניה אופרנטית
ha-01236,ח״ח,ח״ח ושלילי הם גירויים שמעלים את התרחשותה של התנהגות.,חיזוק חיובי,ח״ח.02,חיזוק חיובי,weak,11,"חלקי חילוף | חברת חשמל | חרדה חברתית | חיזוק חיובי | חופת חתנים | חלק חוזר | חפץ חיים (ספר) | חפץ חיים (קיבוץ) | חשש חמץ | חלל חרב | חפץ חיים: ספר, מחברו, או קיבוץ",substituted,yes,3,wikipedia,התניה אופרנטית
ha-01237,ח״ח,"הכחדה - אם ח״ח יפסיק להופיע לאחר ההתנהגות שחוזקה, אז ההתנהגות תרד בתדירותה.",חיזוק חיובי,ח״ח.02,חיזוק חיובי,weak,11,"חלקי חילוף | חברת חשמל | חרדה חברתית | חיזוק חיובי | חופת חתנים | חלק חוזר | חפץ חיים (ספר) | חפץ חיים (קיבוץ) | חשש חמץ | חלל חרב | חפץ חיים: ספר, מחברו, או קיבוץ",substituted,yes,3,wikipedia,התניה אופרנטית
ha-01238,ח״ח,"כל ח״ח פעמיים, פעם בצורה מאג'ורית ופעם בצורה מינורית.",חלק חוזר,ח״ח.03,חלק חוזר,weak,11,"חלקי חילוף | חברת חשמל | חרדה חברתית | חיזוק חיובי | חופת חתנים | חלק חוזר | חפץ חיים (ספר) | חפץ חיים (קיבוץ) | חשש חמץ | חלל חרב | חפץ חיים: ספר, מחברו, או קיבוץ",substituted,yes,3,wikipedia,מזורקה
ha-01239,ח״ח,"להלן כמה מהצורות הנפוצות והחשובות ביותר: צורה בינארית (Binary form): מבנה דו-חלקי (A-B), כאשר כל ח״ח בדרך כלל.",חלק חוזר,ח״ח.03,חלק חוזר,weak,11,"חלקי חילוף | חברת חשמל | חרדה חברתית | חיזוק חיובי | חופת חתנים | חלק חוזר | חפץ חיים (ספר) | חפץ חיים (קיבוץ) | חשש חמץ | חלל חרב | חפץ חיים: ספר, מחברו, או קיבוץ",substituted,yes,3,wikipedia,מוזיקה קלאסית
ha-01240,ח״ח,"כמו בחבורות אחרות, תורת ההצגות המודולרית מורכבת יותר: ההצגות האי-פריקות מתאימות לחלוקות ""p-רגולריות"" (אלו שבהן כל ח״ח פחות מ-p פעמים), אבל יש גם הצגות אי-פרידות שאינן אי-פריקות.",חלק חוזר,ח״ח.03,חלק חוזר,weak,11,"חלקי חילוף | חברת חשמל | חרדה חברתית | חיזוק חיובי | חופת חתנים | חלק חוזר | חפץ חיים (ספר) | חפץ חיים (קיבוץ) | חשש חמץ | חלל חרב | חפץ חיים: ספר, מחברו, או קיבוץ",substituted,yes,3,wikipedia,החבורה הסימטרית
ha-01241,ח״ח,"ח״ח נפוצים בתחומי כלי רכב, כלי טיס וכלי שיט; מכשירי חשמל ואלקטרוניקה; מכונות תעשייתיות; כלי נשק ואמצעי לחימה.",חלקי חילוף,ח״ח.04,חלקי חילוף,weak,11,"חלקי חילוף | חברת חשמל | חרדה חברתית | חיזוק חיובי | חופת חתנים | חלק חוזר | חפץ חיים (ספר) | חפץ חיים (קיבוץ) | חשש חמץ | חלל חרב | חפץ חיים: ספר, מחברו, או קיבוץ",substituted,yes,3,wikipedia,חלקי חילוף
ha-01242,ח״ח,ח״ח תואמים: ייצור ח״ח על ידי יצרן אחר לשימוש במכשירים של היצרן המקורי.,חלקי חילוף,ח״ח.04,חלקי חילוף,weak,11,"חלקי חילוף | חברת חשמל | חרדה חברתית | חיזוק חיובי | חופת חתנים | חלק חוזר | חפץ חיים (ספר) | חפץ חיים (קיבוץ) | חשש חמץ | חלל חרב | חפץ חיים: ספר, מחברו, או קיבוץ",substituted,yes,3,wikipedia,חלקי חילוף
ha-01243,ח״ח,"המנשאים הכילו ח״ח עבור התחנה - גירוסקופים חלופיים, מכלי חנקן, משאבות ומכל אמוניה, וחלקים נוספים.",חלקי חילוף,ח״ח.04,חלקי חילוף,weak,11,"חלקי חילוף | חברת חשמל | חרדה חברתית | חיזוק חיובי | חופת חתנים | חלק חוזר | חפץ חיים (ספר) | חפץ חיים (קיבוץ) | חשש חמץ | חלל חרב | חפץ חיים: ספר, מחברו, או קיבוץ",substituted,yes,3,wikipedia,STS-129
ha-01244,ח״ח,"ח״ח או פוביה חברתית (באנגלית: Social-Phobia או Social Anxiety Disorder) היא הפרעת חרדה, שמתאפיינת בפחד, חשש או דאגה ממגוון של מצבים חברתיים או מביצוע פעולות מסוימות בפומבי.",חרדה חברתית,ח״ח.05,חרדה חברתית,weak,11,"חלקי חילוף | חברת חשמל | חרדה חברתית | חיזוק חיובי | חופת חתנים | חלק חוזר | חפץ חיים (ספר) | חפץ חיים (קיבוץ) | חשש חמץ | חלל חרב | חפץ חיים: ספר, מחברו, או קיבוץ",substituted,yes,3,wikipedia,חרדה חברתית
ha-01245,ח״ח,השכיחות של ח״ח בקרב זקנים נעה בין 2% ל-5% בקרב אזרחי ארצות הברית.,חרדה חברתית,ח״ח.05,חרדה חברתית,weak,11,"חלקי חילוף | חברת חשמל | חרדה חברתית | חיזוק חיובי | חופת חתנים | חלק חוזר | חפץ חיים (ספר) | חפץ חיים (קיבוץ) | חשש חמץ | חלל חרב | חפץ חיים: ספר, מחברו, או קיבוץ",substituted,yes,3,wikipedia,חרדה חברתית
ha-01246,ח״ח,היא כוללת היבטים של ח״ח ושל הפרעת גוף דיסמורפית ובחלק מהמקרים גם הפרעה דלוזיונלית.,חרדה חברתית,ח״ח.05,חרדה חברתית,weak,11,"חלקי חילוף | חברת חשמל | חרדה חברתית | חיזוק חיובי | חופת חתנים | חלק חוזר | חפץ חיים (ספר) | חפץ חיים (קיבוץ) | חשש חמץ | חלל חרב | חפץ חיים: ספר, מחברו, או קיבוץ",substituted,yes,3,wikipedia,חרדה חברתית
ha-01247,ח״ח,"המילה משמשת לרישום כשרות של מוצרים או יצרנים, בניסוח ""ללא חשש ערלה"", ""ללא ח״ח"", ""ללא חשש טבל ושביעית"" וכו'.",חשש חמץ,ח״ח.06,חשש חמץ,weak,11,"חלקי חילוף | חברת חשמל | חרדה חברתית | חיזוק חיובי | חופת חתנים | חלק חוזר | חפץ חיים (ספר) | חפץ חיים (קיבוץ) | חשש חמץ | חלל חרב | חפץ חיים: ספר, מחברו, או קיבוץ",substituted,yes,3,wikipedia,חשש
ha-01248,ח״ח,"כך גם הוא האדם שזהיר מאוד בביעור כל ח״ח לפני פסח, ומרבה בניקיון ושטיפת הבית, אך אינו מבטל ומוכר בלב שלם את החמץ הגמור שברשותו, ועובר על הלאו ""בל יראה ובל ימצא"".",חשש חמץ,ח״ח.06,חשש חמץ,weak,11,"חלקי חילוף | חברת חשמל | חרדה חברתית | חיזוק חיובי | חופת חתנים | חלק חוזר | חפץ חיים (ספר) | חפץ חיים (קיבוץ) | חשש חמץ | חלל חרב | חפץ חיים: ספר, מחברו, או קיבוץ",substituted,yes,3,wikipedia,תנועת המוסר
ha-01249,ח״ח,"בין החומרות, אפיית כל מצה בנפרד והשארתה זמן רב בתנור, עד שהיא משחירה (שאז ודאי אין בה ח״ח).",חשש חמץ,ח״ח.06,חשש חמץ,weak,11,"חלקי חילוף | חברת חשמל | חרדה חברתית | חיזוק חיובי | חופת חתנים | חלק חוזר | חפץ חיים (ספר) | חפץ חיים (קיבוץ) | חשש חמץ | חלל חרב | חפץ חיים: ספר, מחברו, או קיבוץ",substituted,yes,3,wikipedia,חוג בריסק
ha-01250,ח״י,"יתר חוקי־היסוד, כולל ח״י: כבוד האדם וחירותו, אינם משוריינים.",חוק יסוד,ח״י.01,חוק יסוד,weak,7,חוק יסוד | חיל ים | חות יאיר (ספר) | חיה יחידה | חק יעקב (ספר) | חרם יהושע (יהדות) | שמונה עשרה בגימטריה,substituted,yes,3,wikipedia,חוק יסוד
ha-01251,ח״י,"הביקורת על כך תהיה כי מלבד הכותרת הנדרשת של ""חוק־יסוד"", שריון פסיקתי זה איננו מהווה מגבלה אמיתית בפני מי שירצה לשנות חוק־יסוד, היות שניתן להעביר ח״י אף ברוב של 1–0.",חוק יסוד,ח״י.01,חוק יסוד,weak,7,חוק יסוד | חיל ים | חות יאיר (ספר) | חיה יחידה | חק יעקב (ספר) | חרם יהושע (יהדות) | שמונה עשרה בגימטריה,substituted,yes,3,wikipedia,חוק יסוד
ha-01252,ח״י,"בולט בכך ח״י: הכנסת, שמאז חקיקתו ועד ליולי 2021 תוקן 51 פעמים.",חוק יסוד,ח״י.01,חוק יסוד,weak,7,חוק יסוד | חיל ים | חות יאיר (ספר) | חיה יחידה | חק יעקב (ספר) | חרם יהושע (יהדות) | שמונה עשרה בגימטריה,substituted,yes,3,wikipedia,חוק יסוד
ha-01253,ח״י,"בשימוש יומיומי ולא מדויק, ""ח״י"" הוא מונח נרדף ל""צי מלחמה"".",חיל ים,ח״י.02,חיל ים,weak,7,חוק יסוד | חיל ים | חות יאיר (ספר) | חיה יחידה | חק יעקב (ספר) | חרם יהושע (יהדות) | שמונה עשרה בגימטריה,substituted,yes,3,wikipedia,חיל ים
ha-01254,ח״י,מפקד כל פלגת ים נבחר ישירות על ידי מפקד ח״י.,חיל ים,ח״י.02,חיל ים,weak,7,חוק יסוד | חיל ים | חות יאיר (ספר) | חיה יחידה | חק יעקב (ספר) | חרם יהושע (יהדות) | שמונה עשרה בגימטריה,substituted,yes,3,wikipedia,פלגה (חיל ים)
ha-01255,ח״י,"צבא האימפריה העות'מאנית בעידן המודרני חולק מבחינה ארגונית לשלושה: חיל יבשה, ח״י וחיל אוויר.",חיל ים,ח״י.02,חיל ים,weak,7,חוק יסוד | חיל ים | חות יאיר (ספר) | חיה יחידה | חק יעקב (ספר) | חרם יהושע (יהדות) | שמונה עשרה בגימטריה,substituted,yes,3,wikipedia,צבא האימפריה העות'מאנית
ha-01256,ח״כ,"אני אזרח ערבי"", בעיתון מקור ראשון, 15 בנובמבר 2020 שרי מקובר-בליקוב, ‏""אני לא שולל ישיבה עם נתניהו"": ח""כ מנסור עבאס משנה גישה, באתר מעריב אונליין, 19 בדצמבר 2020 הילו גלזר, בגיל 17 הוא נשא דרשות.",חבר כנסת,ח״כ.01,חבר כנסת,verified,2,חבר כנסת | חזקת כשרות,natural,yes,3,wikipedia,מנסור עבאס
ha-01257,ח״כ,"ברוב של 90 חברי כנסת ניתן להדיח ח״כ, בשל שתיים מהעילות המנויות בסעיף 7א לחוק יסוד: הכנסת – הסתה לגזענות, או תמיכה במאבק מזוין של מדינת אויב או ארגון טרור נגד מדינת ישראל.",חבר כנסת,ח״כ.01,חבר כנסת,weak,2,חבר כנסת | חזקת כשרות,substituted,yes,3,wikipedia,חבר הכנסת
ha-01258,ח״כ,סיעת יחיד היא סיעה בכנסת בה חבר ח״כ אחד בלבד מתוך 120 חברי הכנסת.,חבר כנסת,ח״כ.01,חבר כנסת,weak,2,חבר כנסת | חזקת כשרות,substituted,yes,3,wikipedia,סיעת יחיד
ha-01259,ח״כ,"אם חבר הכנסת הפורש לא מודיע על הקמת סיעה חדשה, או שסיעתו לא מאושרת על ידי ועדת הכנסת, מוגדר חבר הכנסת ח״כ יחיד ואין הוא זכאי לאחדות מהזכויות השמורות לסיעה.",חבר כנסת,ח״כ.01,חבר כנסת,weak,2,חבר כנסת | חזקת כשרות,substituted,yes,3,wikipedia,סיעת יחיד
ha-01260,ח״כ,"ח״כ בהלכה היהודית היא חזקה הקובעת כי כל יהודי שומר תורה ומצוות אמין להעיד, כל עוד לא הוכח ההפך.",חזקת כשרות,ח״כ.02,חזקת כשרות,weak,2,חבר כנסת | חזקת כשרות,substituted,yes,3,wikipedia,חזקת כשרות
ha-01261,ח״כ,"בהלכה, עדים בצד אסתן ותאסר הוא כלל האומר שאם לדבר מסוים יש ח״כ, אין צריך לחשוש שקיימים עדים היודעים שהוא אסור.",חזקת כשרות,ח״כ.02,חזקת כשרות,weak,2,חבר כנסת | חזקת כשרות,substituted,yes,3,wikipedia,עדים בצד אסתן ותאסר
ha-01262,ח״כ,"דין זה אמור רק בחפץ או אדם שיש לו ח״כ, האומרת שהוא מותר כל עוד לא יתברר אחרת, אבל בשר בהמה או עוף שאין לו ח״כ, אלא הוא בחזקת איסור אבר מן החי, אין לאכלו עד שיתברר שנשחט כראוי.",חזקת כשרות,ח״כ.02,חזקת כשרות,weak,2,חבר כנסת | חזקת כשרות,substituted,yes,3,wikipedia,עדים בצד אסתן ותאסר
ha-01263,ח״ל,"על מנת להתמנות לדרגת ""מיור"", קצין ח״ל קורס מטה בסיסי (Stabsoffizierlehrgang) שנערך במכללת סגל ופיקוד הכוחות המזוינים הגרמניים (Führungsakademie der Bundeswehr).",חייב לעבור,ח״ל.01,חייב לעבור,weak,2,"חייב לעבור | חוץ לארץ, חוצה לארץ",substituted,no,3,wikipedia,מיור (גרמניה)
ha-01264,ח״ל,"מסמך זה ח״ל את אישורם של גופים מאסדרים (בישראל, הרשות לניירות ערך) בטרם יתפרסם.",חייב לעבור,ח״ל.01,חייב לעבור,weak,2,"חייב לעבור | חוץ לארץ, חוצה לארץ",substituted,no,3,wikipedia,הנפקה
ha-01265,ח״ל,"בטא-קרוטן, הפיגמנט הכתום המצוי בגזר ובמזונות צמחיים אחרים, מורכב משתי קבוצות רטיניל מחוברות והוא בעל פעילות פרו-ויטמין A הגבוהה ביותר (תאורטית 50%), אך הוא ח״ל תחילה המרה לרטינל בתאי המעי.",חייב לעבור,ח״ל.01,חייב לעבור,weak,2,"חייב לעבור | חוץ לארץ, חוצה לארץ",substituted,no,3,wikipedia,ויטמין A
ha-01266,ח״מ,"היה חבר אגודת האדמו""רים ח״מ הרבנים בשיקגו וחבר ועד הפועל של קרן הצלה בשיקגו.",חבר מרכז,ח״מ.01,חבר מרכז,weak,2,חבר מרכז | חתום מטה,substituted,no,3,wikipedia,חסידות מאלין
ha-01267,ח״ן,"במהלך מלחמת העצמאות כלל ח״ן ""גדודי נשים"", מהן נלקחו חיילות לשירות ביחידות ובמפקדות השונות; מחנות קלט למתגייסות ובסיסי אימונים מיוחדים.",חיל נשים,ח״ן.02,חיל נשים,weak,4,חיים נחמן (ביאליק) | חיל נשים | חכמת הנסתר | חשבון נייר (ח-ן),substituted,no,3,wikipedia,חיל הנשים
ha-01268,ח״ן,"זו כוללת את תורת הקבלה, המבוססת בעיקר על ספר הזוהר, ואת תורת החסידות (ח״ן מכונה בחסידות ""פנימיות התורה"").",חכמת הנסתר,ח״ן.01,חכמת הנסתר,weak,4,חיים נחמן (ביאליק) | חיל נשים | חכמת הנסתר | חשבון נייר (ח-ן),substituted,no,3,wikipedia,תורת הנסתר
ha-01269,ח״ן,"לדעתם, כיוון שרבי ישמעאל נחשב אצל המקובלים הראשונים שאחרי חתימת התלמוד כאחד מעמודי התווך של תורת הקבלה, חשבו שרבי נחוניה רבו היה רבו גם בחכמה זו, ובכך האדירו את כבודה של ח״ן.",חכמת הנסתר,ח״ן.01,חכמת הנסתר,weak,4,חיים נחמן (ביאליק) | חיל נשים | חכמת הנסתר | חשבון נייר (ח-ן),substituted,no,3,wikipedia,רבי נחוניה בן הקנה
ha-01270,ח״ן,"בהקדמת המהדורה השנייה כותב עליו אחיינו, הרב שמעון וינוגרד, כי ""היה גאון נפלא בים הגדול של שני התלמודים והראשונים, והיה הוגה דעות בכל ספרות הפילוסופיה הדתית, ח״ן וספרי הקבלה...",חכמת הנסתר,ח״ן.01,חכמת הנסתר,weak,4,חיים נחמן (ביאליק) | חיל נשים | חכמת הנסתר | חשבון נייר (ח-ן),substituted,no,3,wikipedia,יוסף אליהו וינוגרד
ha-01271,ח״פ,מסיבה זו אין להשתמש בפנקס ח״פ ללא אמצעי נוסף להבטחת שלמות ואימות.,חד פעמי,ח״פ.01,חד פעמי,weak,2,חד פעמי | חונה פה,substituted,no,3,wikipedia,פנקס חד-פעמי
ha-01272,ח״פ,דוגמה למערכת כזו היא פנקס ח״פ שהוא פשוט בתכלית.,חד פעמי,ח״פ.01,חד פעמי,weak,2,חד פעמי | חונה פה,substituted,no,3,wikipedia,סודיות מושלמת
ha-01273,ח״פ,"שנת 1956: רוקח וממציא מניו זילנד, קולין מורדוך רושם פטנט על מזרק פלסטיק שנת 1974: פטנט אמריקאי מציג מזרק פלסטיק ח״פ.",חד פעמי,ח״פ.01,חד פעמי,weak,2,חד פעמי | חונה פה,substituted,no,3,wikipedia,מזרק
ha-01274,ח״פ,"את פנייתו אליהם הוא חותם בנוסח ""ח״פ קהילת מיץ וכל גלילות צרפת"", ונראה שהוא ביקש להסתמך בפנייתו זו על סמכותו כרב הקהילה הראשית בצרפת ולכלול בתחומה גם את קהילות דרום צרפת.",חונה פה,ח״פ.02,חונה פה,weak,2,חד פעמי | חונה פה,substituted,no,3,wikipedia,יהדות מץ
ha-01275,ח״צ,ח״צ היא חברה שהציעה את מניותיה לציבור והן נסחרות בבורסה לניירות ערך.,חברה ציבורית,ח״צ.01,חברה ציבורית,weak,2,חברה ציבורית | חכם צבי (ספר),substituted,no,3,wikipedia,חברה ציבורית
ha-01276,ח״צ,על ח״צ חלים כללי רגולציה (בנוסף לכללים החלים על כל חברה) שמטרתם להגן על בעלי המניות שלה.,חברה ציבורית,ח״צ.01,חברה ציבורית,weak,2,חברה ציבורית | חכם צבי (ספר),substituted,no,3,wikipedia,חברה ציבורית
ha-01277,ח״צ,"ח״צ היא גם תאגיד מדווח מכוח חוק ניירות ערך, ולכן היא מפוקחת על ידי רשות ניירות ערך וכן חלות עליה חובות דיווח המבוצעות באמצעות מערכת המגנא (מערכת גילוי נאות) של רשות ניירות-ערך.",חברה ציבורית,ח״צ.01,חברה ציבורית,weak,2,חברה ציבורית | חכם צבי (ספר),substituted,no,3,wikipedia,חברה ציבורית
ha-01278,ח״ק,"בקהילות התקיימו בעבר גם ארגוני חסד אחרים שנודעו אף הם בשם ""ח״ק"" – לחינוך יתומים, טיפול בחולים וכיוצא בזה – אך כיום השם מזוהה כמעט בלעדית עם האחראים על הקבורה.",חברה קדישא,ח״ק.01,חברה קדישא,weak,3,חברה קדישא | חצי קדיש | חסר קליע,substituted,yes,3,wikipedia,חברה קדישא
ha-01279,ח״ק,"ביום זה היו מתאספים אנשי ח״ק לאמירת סליחות ותפילת תענית ציבור, ולעיתים מרא דאתרא היה דורש בפניהם דברי מוסר והתעוררות.",חברה קדישא,ח״ק.01,חברה קדישא,weak,3,חברה קדישא | חצי קדיש | חסר קליע,substituted,yes,3,wikipedia,חברה קדישא
ha-01280,ח״ק,"העדה הספרדית גבתה דמי קבורה גבוהים, בסך 30 פרנק, ומשלא עמדו החייבים בתשלום החוב היו פרנסי ח״ק הספרדית מעכבים את הקבורה.",חברה קדישא,ח״ק.01,חברה קדישא,weak,3,חברה קדישא | חצי קדיש | חסר קליע,substituted,yes,3,wikipedia,בית הקברות היהודי בהר הזיתים
ha-01281,ח״ק,תחמיש - כדור ח״ק המיועד לירי של אמצעים המורכבים על קנה הרובה.,חסר קליע,ח״ק.02,חסר קליע,weak,3,חברה קדישא | חצי קדיש | חסר קליע,substituted,yes,3,wikipedia,כדור (תחמושת)
ha-01282,ח״ק,"סוגים מסוימים, כגון ח״ק או כדור גומי, נועדו ליישומים שאינם מצריכים פגיעה, או לפגיעה קלה יחסית אשר אינה מסכנת את חייו של הנורה.",חסר קליע,ח״ק.02,חסר קליע,weak,3,חברה קדישא | חצי קדיש | חסר קליע,substituted,yes,3,wikipedia,כדור (תחמושת)
ha-01283,ח״ק,"הגלילונים נורים על ידי כדור תחמיש ח״ק, כאשר הניילון המאגד את הגלילונים יחד מתפרק עם יציאת הגלילונים מהרובה בזמן הירי והגלילונים עפים, כל אחד בנפרד.",חסר קליע,ח״ק.02,חסר קליע,weak,3,חברה קדישא | חצי קדיש | חסר קליע,substituted,yes,3,wikipedia,כדור גומי
ha-01284,ח״ק,ח״ק הוא קדיש בו אומרים רק את עיקר הקדיש ללא תוספות.,חצי קדיש,ח״ק.03,חצי קדיש,weak,3,חברה קדישא | חצי קדיש | חסר קליע,substituted,yes,3,wikipedia,קדיש
ha-01285,ח״ק,ח״ק נאמר לרוב בין קטעים בתפילה כדי להבדיל ביניהם.,חצי קדיש,ח״ק.03,חצי קדיש,weak,3,חברה קדישא | חצי קדיש | חסר קליע,substituted,yes,3,wikipedia,קדיש
ha-01286,ח״ק,"למשל, ח״ק נאמר לפני תפילת שמונה עשרה במנחה ובערבית, בין פסוקי דזמרא לקריאת שמע וברכותיה, ובין תפילת שמונה עשרה לאשרי וובא לציון.",חצי קדיש,ח״ק.03,חצי קדיש,weak,3,חברה קדישא | חצי קדיש | חסר קליע,substituted,yes,3,wikipedia,קדיש
ha-01287,ח״ש,"לעיתים הפגז נושא מטען כלשהו, כגון חומר נפץ או חומר יוצר עשן, ולעיתים הפגז עשוי מקשה אחת, כגון פגז ח״ש או כדור תותח.",חודר שריון,ח״ש.01,חודר שריון,weak,4,חיי שרה | חילול שבת | חודר שריון | חיי שעה,substituted,yes,1,wikipedia,פגז
ha-01288,ח״ש,"כדור M20 ח״ש, מתלקח ונותב- הכדור הזה הוא קליע נותב, שהוא בעצם דומה לכדור ה-M8 רק בעל תכונות יותר חזקות.",חודר שריון,ח״ש.01,חודר שריון,weak,4,חיי שרה | חילול שבת | חודר שריון | חיי שעה,substituted,yes,1,wikipedia,"12.7x99 מ""מ נאט""ו"
ha-01289,ח״ש,"הקליע בכדור הטנק הוא פגז מסוגים שונים (כגון ח״ש, נפיץ או חלול) שבא ביחד עם תרמיל, שבו חומר נפץ הודף.",חודר שריון,ח״ש.01,חודר שריון,weak,4,חיי שרה | חילול שבת | חודר שריון | חיי שעה,substituted,yes,1,wikipedia,כדור (תחמושת)
ha-01290,ח״ש,מכוח זה מסיק הרב פנשטיין שמותר לחולה להעדיף ח״ש הוודאין מלחיות ספק חיים מרובים.,חיי שעה,ח״ש.02,חיי שעה,weak,4,חיי שרה | חילול שבת | חודר שריון | חיי שעה,substituted,yes,1,wikipedia,ארבעת המצורעים
ha-01291,ח״ש,"לדעת בן פטירי, אין עדיפות לחיי עולם על ח״ש.",חיי שעה,ח״ש.02,חיי שעה,weak,4,חיי שרה | חילול שבת | חודר שריון | חיי שעה,substituted,yes,1,wikipedia,אתיקה רפואית בהלכה
ha-01292,ח״ש,"לכן במקרה לעיל, נדרש בעל הבקבוק לחלוק את המים עם האדם האחר, כך ששניהם יחיו ""ח״ש"".",חיי שעה,ח״ש.02,חיי שעה,weak,4,חיי שרה | חילול שבת | חודר שריון | חיי שעה,substituted,yes,1,wikipedia,אתיקה רפואית בהלכה
ha-01293,ח״ש,"אולם, ח״ש בכלל, בפרהסיה בפרט, עומד בסתירה לתפישה הדתית שעומדת מנגד.",חילול שבת,ח״ש.03,חילול שבת,weak,4,חיי שרה | חילול שבת | חודר שריון | חיי שעה,substituted,yes,1,wikipedia,חילול שבת
ha-01294,ח״ש,מעשה שבת הוא מאכל או מעשה אחר שנוצר במהלך השבת תוך כדי ח״ש.,חילול שבת,ח״ש.03,חילול שבת,weak,4,חיי שרה | חילול שבת | חודר שריון | חיי שעה,substituted,yes,1,wikipedia,מעשה שבת
ha-01295,ח״ש,"ההלכה אוסרת בעיקרון על יהודי ליהנות מתוצר של ח״ש, אולם בתנאים מסוימים ניתן ליהנות מן האיסור באופן מלא או חלקי.",חילול שבת,ח״ש.03,חילול שבת,weak,4,חיי שרה | חילול שבת | חודר שריון | חיי שעה,substituted,yes,1,wikipedia,מעשה שבת
ha-01296,טל״מ,"""השיר שהקלטנו מצוין, זה שיר מיוחד ואני חושב שהפרויקט הזה יהיה טל״מ מה"" אמר דרייק בהתייחס ל-""What's My Name?"" אותו השניים הקליטו גם ביחד והוא נכנס לאלבומה החמישי Loud.",טוב לא משנה,טל״מ.01,טוב לא משנה,weak,3,טוב לא משנה | טיפוח לימודי מזרחנות | טכנולוגיות למידה מתוקשבות,substituted,no,3,wikipedia,What's My Name?
ha-01297,טמ״א,"מסכתנו עוסקת בעיקר בשלושה עניינים: טמ״א ומשקים – מתי אוכל נטמא ומתי לאו, העברת טומאה, דינו של אוכל שנטמא ועוד.",טומאת אוכלין,טמ״א.01,טומאת אוכלין,weak,2,טומאת אוכלין | טומוגרפיה ממוחשבת אנגיוגרפית,substituted,no,3,wikipedia,מסכת טהרות
ha-01298,טמ״א,"בעל חיים המטמא טמ״א, הוא רק בעל החיים שנשחט כראוי שחיטה כשרה, מכיוון שלא הייתה זו בהמה טהורה שנשחטה על ידי יהודי, הייתה היא כשרה לאכילה.",טומאת אוכלין,טמ״א.01,טומאת אוכלין,weak,2,טומאת אוכלין | טומוגרפיה ממוחשבת אנגיוגרפית,substituted,no,3,wikipedia,מפרכסת
ha-01299,טמ״א,"השאלה היא רק בבהמה טמאה, שאינה מותרת לו באכילה, והשאלה היא האם יש להחשיב את הבהמה כחיה שהרי אינה מטמאת טומאת נבלות, או שמא יש להחשיבה כאוכל, שהרי מטמאת טמ״א.",טומאת אוכלין,טמ״א.01,טומאת אוכלין,weak,2,טומאת אוכלין | טומוגרפיה ממוחשבת אנגיוגרפית,substituted,no,3,wikipedia,מפרכסת
ha-01300,טמ״מ,"ביטול עילת ה""החיים בעוולה"" שלפיה תינוק שנולד עם מום רשאי היה לתבוע את הגורם הרשלן על עצם היוולדו בבחינת ""טמ״מ"".",טוב מותי מחיי,טמ״מ.01,טוב מותי מחיי,weak,4,טוב מותי מחיי | טכנאי מערכות מחשוב | טכנאי מזרונים מתנפחים | טכנאי מערכות תקשורת נתונים מתקדמות,substituted,no,3,wikipedia,אליעזר ריבלין
ha-01301,טר״א,"התפרסם במיוחד בגין חיבוריו ""שאגת אריה"", ו""טר״א"".",טורי אבן,טר״א.01,טורי אבן,weak,2,טורי אבן | טיפול רפואי אישי,substituted,no,3,wikipedia,אריה לייב גינצבורג
ha-01302,ט״א,ט״א היא התבנית המתקבלת מלחיצת אצבע על גבי משטח חלק.,טביעת אצבע,ט״א.01,טביעת אצבע,weak,3,טביעת אצבע | טווח-ארוך | תעופה טיס אוטומטי,substituted,no,3,wikipedia,טביעת אצבע
ha-01303,ט״א,"ט״א היא ייחודית מאוד, ונותרת קבועה לאורך חיי האדם, ולכן ניתן להיעזר בה לשם זיהוי אנשים בידי המשטרה, הצבא וארגונים נוספים.",טביעת אצבע,ט״א.01,טביעת אצבע,weak,3,טביעת אצבע | טווח-ארוך | תעופה טיס אוטומטי,substituted,no,3,wikipedia,טביעת אצבע
ha-01304,ט״א,"קו הרקיע מהווה ""ט״א"" של העיר, ולרוב מהווה סמל או אמצעי זיהוי שלה כמראה מקום המופיע בסרטי קולנוע, סדרות טלוויזיה ואף סמלים רשמיים של העיר.",טביעת אצבע,ט״א.01,טביעת אצבע,weak,3,טביעת אצבע | טווח-ארוך | תעופה טיס אוטומטי,substituted,no,3,wikipedia,קו רקיע
ha-01305,ט״כ,ט״כ היא חובה הלכתית על מנת לאפשר ליהודים לאכול ולשתות בכלים שעברו מבעלות של גוי לבעלות יהודי.,טבילת כלים,ט״כ.01,טבילת כלים,weak,2,טבילת כלים | טעם כעיקר,substituted,no,3,wikipedia,טבילת כלים
ha-01306,ט״כ,"ט״כ נעשית על פי רוב במקוואות קטנים מיוחדים ('מקווה כלים') הנמצאים בסמוך למקוואות טהרה, אך עקרונית יכולה להעשות בכל מקום מים הכשר לטבילה, כדוגמת אגמים, ימים, נהרות, מעיינות ובארות.",טבילת כלים,ט״כ.01,טבילת כלים,weak,2,טבילת כלים | טעם כעיקר,substituted,no,3,wikipedia,טבילת כלים
ha-01307,ט״כ,"דין ט״כ הוא רק בכלי שנכנס מרשות הגוי לרשות היהודי, אך אכילת אוכל (כשר) בכלים של גוי שאינם טבולים מותרת.",טבילת כלים,ט״כ.01,טבילת כלים,weak,2,טבילת כלים | טעם כעיקר,substituted,no,3,wikipedia,טבילת כלים
ha-01308,ט״מ,"זאת, משום שנהוג לטעון נגד מתופפי הקלטות כי הם ניחנים בחוש קצב ט״מ ובצליל נקי, אך לא ביצירתיות, ולכן יש לראות בהם אומנים ולא אמנים.",טוב מאוד,ט״מ.01,טוב מאוד,weak,4,טוב מאוד | טומוגרפיה ממוחשבת | טמא/טומאת מת | ט' מידות,substituted,yes,3,wikipedia,מתופף
ha-01309,ט״מ,"אבל כאשר הדובר נער או נערה, הביטוי מקבל הקשר חיובי, וכוונת הדובר להגיד שהדבר טוב (ולפי העברית העדכנית בשנת 2024, ""מדהים"") ואולי גם ט״מ.",טוב מאוד,ט״מ.01,טוב מאוד,weak,4,טוב מאוד | טומוגרפיה ממוחשבת | טמא/טומאת מת | ט' מידות,substituted,yes,3,wikipedia,קונוטציה
ha-01310,ט״מ,"עבודתו בתחום האיזוטופים הובילה אותו לניסוח ""כלל המספר השלם"", לפיו - ""כאשר מסת איזוטופ החמצן מוגדרת [כמספר שלם], המסות של כל שאר האיזוטופים יהיו בקירוב ט״מ מספרים שלמים"".",טוב מאוד,ט״מ.01,טוב מאוד,weak,4,טוב מאוד | טומוגרפיה ממוחשבת | טמא/טומאת מת | ט' מידות,substituted,yes,3,wikipedia,פרנסיס ויליאם אסטון
ha-01311,ט״מ,"קיימים מוסדות רפואיים המציעים אף בדיקת ט״מ של כל הגוף לאוכלוסייה הכללית, אף שארגונים רפואיים רבים מתנגדים לבדיקה זו ללא צורך רפואי מוכח.",טומוגרפיה ממוחשבת,ט״מ.02,טומוגרפיה ממוחשבת,weak,4,טוב מאוד | טומוגרפיה ממוחשבת | טמא/טומאת מת | ט' מידות,substituted,yes,3,wikipedia,טומוגרפיה ממוחשבת
ha-01312,ט״מ,ט״מ אף יעילה באבחון תסחיף ריאתי כאשר היא משולבת בהחדרת חומר ניגודי לגוף המאפשר את דימות עורקי הריאה.,טומוגרפיה ממוחשבת,ט״מ.02,טומוגרפיה ממוחשבת,weak,4,טוב מאוד | טומוגרפיה ממוחשבת | טמא/טומאת מת | ט' מידות,substituted,yes,3,wikipedia,טומוגרפיה ממוחשבת
ha-01313,ט״מ,"אבנים בכליות, דלקת התוספתן, דלקת לבלב, דיברטיקוליטיס, מפרצת באבי העורקים וחסימת מעיים ניתנים כולם לאיבחון ולהערכה בבדיקת ט״מ.",טומוגרפיה ממוחשבת,ט״מ.02,טומוגרפיה ממוחשבת,weak,4,טוב מאוד | טומוגרפיה ממוחשבת | טמא/טומאת מת | ט' מידות,substituted,yes,3,wikipedia,טומוגרפיה ממוחשבת
ha-01314,ט״נ,ט״נ היא טומאה החלה על פגר של בהמה או חיה – בין אם הוא ממין טהור (המותר באכילה) או טמא (האסור לאכילה).,טומאת נבלה,ט״נ.01,טומאת נבלה,weak,2,טומאת נבלה | טרום ניתוח,substituted,yes,3,wikipedia,טומאת נבלה
ha-01315,ט״נ,"פגר המטמא ט״נ נחשב לאב הטומאה, וכזית ממנו מטמא אדם, כלים ומאכלים הנוגעים בו או כלי חרס שכזית מהנבלה נמצאת באווירו, להיות ראשון לטומאה.",טומאת נבלה,ט״נ.01,טומאת נבלה,weak,2,טומאת נבלה | טרום ניתוח,substituted,yes,3,wikipedia,טומאת נבלה
ha-01316,ט״נ,"בין היתר מובאים בהלכות ט״נ, טומאת שרץ, ודיני טומאה בכלים, במשקים ובמאכלים.",טומאת נבלה,ט״נ.01,טומאת נבלה,weak,2,טומאת נבלה | טרום ניתוח,substituted,yes,3,wikipedia,פרשת שמיני
ha-01317,ט״נ,"במקרים מסוימים בצילומים המבוצעים מסיבה אחרת, כמו למשל ט״נ, מתגלות גרורות ריאתיות של סרטן אקראי.",טרום ניתוח,ט״נ.02,טרום ניתוח,weak,2,טומאת נבלה | טרום ניתוח,substituted,yes,3,wikipedia,אינצידנטלומה
ha-01318,ט״נ,"בטיחות בחדר ניתוח - וידוא מוכנות מטופל וחדר ניתוח, אימות נתונים טרום חתך\תחילת פעולה, סימון איבר ט״נ וספירת פריטים בחדר ניתוח.",טרום ניתוח,ט״נ.02,טרום ניתוח,weak,2,טומאת נבלה | טרום ניתוח,substituted,yes,3,wikipedia,בטיחות המטופל
ha-01319,יא״פ,"פירושים אחרים שנכתבו הם אשל אברהם (בתוך ""פרי מגדים"") של רבי יוסף תאומים, בגדי ישע של רבי שמואל בן יוסף הלוי מביאליסטוק, ""יא״פ"" ו""לבושי שרד"".",יד אפרים,יא״פ.01,יד אפרים,weak,2,יד אפרים | יחידת אשפוז פנימי,substituted,no,3,wikipedia,אברהם אבלי הלוי גומבינר
ha-01320,יא״פ,"יש אומרים שאחיו סייע לו בכתיבת חיבורו כפי שרואים במספר מקומות בחיבור שמפנה ל""יא״פ"".",יד אפרים,יא״פ.01,יד אפרים,weak,2,יד אפרים | יחידת אשפוז פנימי,substituted,no,3,wikipedia,חיים מרדכי מרגליות
ha-01321,יהב״י,"בניו: הרב ברוך ייטלס, מחבר הספר ""טעם המלך""; גוטליב ייטלס; הבלשן והמזרחן יהב״י ויצחק ייטלס.",יהודה ייטלס,יהב״י.02,יהודה ייטלס,weak,2,יקותיאל הכהן | יהודה ייטלס,substituted,no,3,wikipedia,יונה מיכל ייטלס
ha-01322,יהב״י,"לספר הסכמות מאת שבעה מרבני ירושלים, וביניהם הרב יעקב אלגאזי, הרב דוד יהב״י ועוד.",יקותיאל הכהן,יהב״י.01,יקותיאל הכהן,weak,2,יקותיאל הכהן | יהודה ייטלס,substituted,no,3,wikipedia,דוד חזן
ha-01323,יהב״י,"בין היוצאים מן הכלל ניתן למנות את רבי יהב״י שספרו ""עין הקורא"", שנועד להורות את אופן קריאת המילים בצורה הנכונה בקריאת התורה, מהווה מילון מקראי.",יקותיאל הכהן,יהב״י.01,יקותיאל הכהן,weak,2,יקותיאל הכהן | יהודה ייטלס,substituted,no,3,wikipedia,מילון עברי
ha-01324,יה״ש,"ארטר לא הספיק להשלים את המאמר, והוא הושלם בידי יה״ש, שגם הדפיס אותו בראש הגיליון הראשון של כתב העת ""החלוץ"".",יהושע השל שור,יה״ש.01,יהושע השל שור,weak,2,יחידת השתתפות | יהושע השל שור,substituted,no,3,wikipedia,יצחק ארטר
ha-01325,יה״ש,"שם התוודע לאנשי תנועת ההשכלה, ביניהם אברהם קרוכמל, יה״ש וירמיהו מוזן.",יהושע השל שור,יה״ש.01,יהושע השל שור,weak,2,יחידת השתתפות | יהושע השל שור,substituted,no,3,wikipedia,נפתלי הרץ אימבר
ha-01326,יה״ש,"יה״ש היא נייר ערך שמזכה את המחזיק בו ברווחים של שותפות מוגבלת, אך אינו מאפשר לו להשפיע על ניהולה.",יחידת השתתפות,יה״ש.02,יחידת השתתפות,weak,2,יחידת השתתפות | יהושע השל שור,substituted,no,3,wikipedia,יחידת השתתפות
ha-01327,יומה״כ,"מעשה הכפרה הוא לרוב פעולת טיהור של הכהן בטקס מיוחד; המורכב והארוך מבין טקסים אלה הוא עבודת יומה״כ, שכולה מיוחדת לדבר הכפרה.",יום הכיפורים,יומה״כ.01,יום הכיפורים,weak,2,יום הכיפורים | יוצא מן הכלל,substituted,yes,2,wikipedia,יום הכיפורים
ha-01328,יומה״כ,"אולם הדמיון הוא כללי בלבד, גם אם טקסים אלו השפיעו על המסורות המקראיות, וישנם הבדלים עקרוניים רבים ביניהם לבין מהות יומה״כ המקראי.",יום הכיפורים,יומה״כ.01,יום הכיפורים,weak,2,יום הכיפורים | יוצא מן הכלל,substituted,yes,2,wikipedia,יום הכיפורים
ha-01329,יומה״כ,יומה״כ בבית המקדש היה בעל חשיבות מיוחדת ועיקרו היה טקסי טיהור של המקדש ווידוי של הכהן הגדול על חטאי העם.,יום הכיפורים,יומה״כ.01,יום הכיפורים,weak,2,יום הכיפורים | יוצא מן הכלל,substituted,yes,2,wikipedia,יום הכיפורים
ha-01330,יומה״כ,"נשימה תאית, באופן זה או אחר, מתרחשת בכל התאים ובכל היצורים החיים, ללא יומה״כ.",יוצא מן הכלל,יומה״כ.02,יוצא מן הכלל,weak,2,יום הכיפורים | יוצא מן הכלל,substituted,yes,2,wikipedia,נשימה
ha-01331,יומה״כ,"בעידן המודרני, המונח ""דיקטטור"" משמש לרוב לתיאור מנהיג שהוא בעל בכוח אישי יומה״כ ואף עושה בו שימוש לרעה.",יוצא מן הכלל,יומה״כ.02,יוצא מן הכלל,weak,2,יום הכיפורים | יוצא מן הכלל,substituted,yes,2,wikipedia,דיקטטור
ha-01332,יומה״כ,"כרוזים אחדים יעידו כי ישנו יומה״כ, כאשר הגבול עצמו טעון במספר מטענים לא ניתן לצמצם את מספרם ולכן החוק אינו תקף.",יוצא מן הכלל,יומה״כ.02,יוצא מן הכלל,weak,2,יום הכיפורים | יוצא מן הכלל,substituted,yes,2,wikipedia,גבול (הרלדיקה)
ha-01333,יוע״מ,יוע״מ הוא אדם העוסק במתן ייעוץ לנישומים בנושאי מסים ובייצוג נישומים בפני רשויות המס כולל הגשת טפסים מסוימים לרשויות המס.,יועץ מס,יוע״מ.01,יועץ מס,weak,2,יועץ משפטי | יועץ מס,substituted,yes,3,wikipedia,יועץ מס
ha-01334,יוע״מ,"יוע״מ נדרש לידע מקיף בחוקי המיסים ובהנחיות רשות המיסים, ובפרט הוא נדרש לבקיאות בניהול ספרים ובניכוי מס במקור.",יועץ מס,יוע״מ.01,יועץ מס,weak,2,יועץ משפטי | יועץ מס,substituted,yes,3,wikipedia,יועץ מס
ha-01335,יוע״מ,"השימוש בשירותיו של יוע״מ אינו חובה, ונישום רשאי לנהל את קשריו עם פקיד השומה באופן ישיר או באמצעות מייצג אחר (רואה חשבון או עורך דין).",יועץ מס,יוע״מ.01,יועץ מס,weak,2,יועץ משפטי | יועץ מס,substituted,yes,3,wikipedia,יועץ מס
ha-01336,יוע״מ,"יוע״מ הוא עורך דין העוסק במתן שירותים משפטיים דרך קבע לגוף מסוים, פרטי או ציבורי.",יועץ משפטי,יוע״מ.02,יועץ משפטי,weak,2,יועץ משפטי | יועץ מס,substituted,yes,3,wikipedia,יועץ משפטי
ha-01337,יוע״מ,יוע״מ: עורך דין העוסק במתן ייעוץ משפטי ושירותים משפטיים.,יועץ משפטי,יוע״מ.02,יועץ משפטי,weak,2,יועץ משפטי | יועץ מס,substituted,yes,3,wikipedia,יועץ
ha-01338,יוע״מ,כל הרשאי לתת ייעוץ משפטי פורמלי נקרא יוע״מ.,יועץ משפטי,יוע״מ.02,יועץ משפטי,weak,2,יועץ משפטי | יועץ מס,substituted,yes,3,wikipedia,ייעוץ משפטי
ha-01339,יו״ד,"בביולוגיה, יו״ד הוא מינרל קורט חשוב לפעילותה התקינה של בלוטת המגן.",יוד,יו״ד.01,יוד,weak,3,"יורה דעה | יוד | יורה דעה, אחד מחלקי השלחן ערוך",substituted,yes,3,wikipedia,יוד
ha-01340,יו״ד,"ה""יו״ד"" המוכר ברפואה עשוי להיות כתום ונוזלי, כתוצאה מהוספת חומרים שונים.",יוד,יו״ד.01,יוד,weak,3,"יורה דעה | יוד | יורה דעה, אחד מחלקי השלחן ערוך",substituted,yes,3,wikipedia,יוד
ha-01341,יו״ד,"ברפואה פנימית, לתירוקסין ולתרכובות יו״ד אחרות יש מספר יישומים.",יוד,יו״ד.01,יוד,weak,3,"יורה דעה | יוד | יורה דעה, אחד מחלקי השלחן ערוך",substituted,yes,3,wikipedia,יוד
ha-01342,יו״ד,"הדינים הנכללים בחלק יו״ד נוגעים להלכות איסור והיתר, ונחשבים כשניים בחשיבותם רק להלכות המובאות בחלק אורח חיים, ההלכות הנוגעות ליומיום.",יורה דעה,יו״ד.02,יורה דעה,weak,3,"יורה דעה | יוד | יורה דעה, אחד מחלקי השלחן ערוך",substituted,yes,3,wikipedia,יורה דעה
ha-01343,יו״ד,"כיום משתמשים בשם יו״ד גם כדי להגדיר את מכלול הדינים הנוגעים לדיני איסור והיתר, כגון: תערובות, נדרים ונידה.",יורה דעה,יו״ד.02,יורה דעה,weak,3,"יורה דעה | יוד | יורה דעה, אחד מחלקי השלחן ערוך",substituted,yes,3,wikipedia,יורה דעה
ha-01344,יו״ד,"פתחי תשובה – על יו״ד, אבן העזר, וחושן משפט.",יורה דעה,יו״ד.02,יורה דעה,weak,3,"יורה דעה | יוד | יורה דעה, אחד מחלקי השלחן ערוך",substituted,yes,3,wikipedia,שולחן ערוך
ha-01345,יחב״ל,"יחב״ל משמשות לכימות ויטמינים, הורמונים, תרופות מסוימות, חיסונים, מוצרי דם וחומרים פעילים ביולוגית דומים.",יחידות בינלאומיות,יחב״ל.01,יחידות בינלאומיות,weak,3,יחסים בינלאומיים | יחידות בינלאומיות | היחידה לחקירות בינלאומיות,substituted,yes,3,wikipedia,יחידה בין-לאומית
ha-01346,יחב״ל,ויטמין D: הפעילות הביולוגית של 40 יחב״ל שווה למיקרוגרם אחד.,יחידות בינלאומיות,יחב״ל.01,יחידות בינלאומיות,weak,3,יחסים בינלאומיים | יחידות בינלאומיות | היחידה לחקירות בינלאומיות,substituted,yes,3,wikipedia,יחידה בין-לאומית
ha-01347,יחב״ל,"בעוד שבתי חולים אחרים דורשים לכתוב את המילה ""יחידות"" (או מילים ""יחב״ל"") בצורה המלאה.",יחידות בינלאומיות,יחב״ל.01,יחידות בינלאומיות,weak,3,יחסים בינלאומיים | יחידות בינלאומיות | היחידה לחקירות בינלאומיות,substituted,yes,3,wikipedia,יחידה בין-לאומית
ha-01348,יחב״ל,"פרשן מדיני: עוסק במתן פרשנות לאירועים בתחום המדינאות, יחסי החוץ, יחב״ל ודיפלומטיה.",יחסים בינלאומיים,יחב״ל.02,יחסים בינלאומיים,weak,3,יחסים בינלאומיים | יחידות בינלאומיות | היחידה לחקירות בינלאומיות,substituted,yes,3,wikipedia,פרשן (עיתונות)
ha-01349,יחב״ל,יחסי ארצות הברית–הרפובליקה של קונגו הם יחב״ל בין ארצות הברית והרפובליקה של קונגו.,יחסים בינלאומיים,יחב״ל.02,יחסים בינלאומיים,weak,3,יחסים בינלאומיים | יחידות בינלאומיות | היחידה לחקירות בינלאומיות,substituted,yes,3,wikipedia,יחסי ארצות הברית – הרפובליקה של קונגו
ha-01350,יחב״ל,"ערכי האנציקלופדיה נוגעים למספר רב של דיסציפלינות מדעיות, מתחום מדעי הטבע, הרוח והחברה: גאוגרפיה, בוטניקה, זואולוגיה, היסטוריה, לימודי תרבות, ספרות, לימודי דתות, מדע המדינה, יחב״ל ועוד.",יחסים בינלאומיים,יחב״ל.02,יחסים בינלאומיים,weak,3,יחסים בינלאומיים | יחידות בינלאומיות | היחידה לחקירות בינלאומיות,substituted,yes,3,wikipedia,אנציקלופדיה איראניקה
ha-01351,יח״ל,"נושאי הלימוד הנדרשים לתעודה מוגדרים ב""יח״ל"" המאפיינות הן את מידת ההעמקה במקצוע, רמת קושי הבחינה והן את מספר שעות הלימוד באותו המקצוע.",יחידות לימוד,יח״ל.01,יחידות לימוד,weak,3,יחידות לימוד | ישיבת חכמי לובלין | יחידת לבגרות,substituted,yes,3,wikipedia,תעודת בגרות
ha-01352,יח״ל,טווח הרמות למקצועות השונים הוא בדרך כלל בין 1 יחידת לימוד ל־5 יח״ל.,יחידות לימוד,יח״ל.01,יחידות לימוד,weak,3,יחידות לימוד | ישיבת חכמי לובלין | יחידת לבגרות,substituted,yes,3,wikipedia,תעודת בגרות
ha-01353,יח״ל,"בנוסף חובה ללמוד מקצוע אחד המוגדר ""תרבות עולם"", מקצוע אחד ברמה מוגברת (5 יחידות ומעלה, חובה או בחירה אך לא אנגלית) ולפחות 21 יח״ל בסך הכל.",יחידות לימוד,יח״ל.01,יחידות לימוד,weak,3,יחידות לימוד | ישיבת חכמי לובלין | יחידת לבגרות,substituted,yes,3,wikipedia,תעודת בגרות
ha-01354,יח״ל,יח״ל היא ישיבה כלל חסידית השוכנת בשכונת זכרון מאיר בבני ברק.,ישיבת חכמי לובלין,יח״ל.02,ישיבת חכמי לובלין,weak,3,יחידות לימוד | ישיבת חכמי לובלין | יחידת לבגרות,substituted,yes,3,wikipedia,ישיבת חכמי לובלין (בני ברק)
ha-01355,יח״ל,"בעידודם של החזון איש, הרב דב בריש וידנפלד, והרב איסר זלמן מלצר, הקים בשכונה את ""יח״ל"", לזכר הישיבה שבה למד.",ישיבת חכמי לובלין,יח״ל.02,ישיבת חכמי לובלין,weak,3,יחידות לימוד | ישיבת חכמי לובלין | יחידת לבגרות,substituted,yes,3,wikipedia,שמואל הלוי ואזנר
ha-01356,יח״מ,יח״מ זו היא יחידה מקובלת למדידת מהירותם של כלי רכב במרבית מדינות העולם.,יחידת מידה,יח״מ.01,יחידת מידה,weak,2,יחידת מידה | יחידת מדים,substituted,no,3,wikipedia,קילומטר לשעה
ha-01357,יח״מ,יח״מ מקובלת למהירות בקרב הפיזיקאים היא מטר לשנייה (מ/ש) – זו יחידת SI למהירות.,יחידת מידה,יח״מ.01,יחידת מידה,weak,2,יחידת מידה | יחידת מדים,substituted,no,3,wikipedia,קילומטר לשעה
ha-01358,יח״מ,הרגל הייתה יח״מ מקובלת לאורך כמעט בכל התרבויות.,יחידת מידה,יח״מ.01,יחידת מידה,weak,2,יחידת מידה | יחידת מדים,substituted,no,3,wikipedia,רגל (יחידת מידה)
ha-01359,יי״ש,"בשר שישליק (בניגוד לצורות אחרות של שישקבב) לרוב מושרה למשך לילה במרינדה חומצית, כמו יי״ש וחומץ, או מיץ חמצמץ של פירות או ירקות, עם תוספת של עשבי תיבול ותבלינים.",יין יבש,יי״ש.01,יין יבש,weak,2,יין שרף | יין יבש,substituted,yes,3,wikipedia,שישליק
ha-01360,יי״ש,"בשלב הזה השרי הוא יי״ש לחלוטין שעבר תסיסה מלאה, כך שהסוכר בתירוש המקורי מומר על ידי השמרים לאלכוהול.",יין יבש,יי״ש.01,יין יבש,weak,2,יין שרף | יין יבש,substituted,yes,3,wikipedia,שרי (יין מחוזק)
ha-01361,יי״ש,"כאשר ענבי הלמברוסקו לא מותססים עד לשלב בו הם מתוקים, ניתן להפיק מהם גם יי״ש, המתאפיין בנגיעות של טעמי תות ומרירות עדינה.",יין יבש,יי״ש.01,יין יבש,weak,2,יין שרף | יין יבש,substituted,yes,3,wikipedia,למברוסקו
ha-01362,יי״ש,"גוֹרֶליק (ביידיש: גאָרעליק; בכתב לטיני: Gorelik או Gorelick; ברוסית: Горелик) הוא שם משפחה יהודי, שהיא צורת משנה של ""גורלניק"" שפירושו מזקק יי״ש.",יין שרף,יי״ש.02,יין שרף,weak,2,יין שרף | יין יבש,substituted,yes,3,wikipedia,גורליק
ha-01363,יי״ש,"לימד תורה במספר קהילות בפולין, והתפרנס מייצור יי״ש.",יין שרף,יי״ש.02,יין שרף,weak,2,יין שרף | יין יבש,substituted,yes,3,wikipedia,אלכסנדר סנדר שור
ha-01364,יי״ש,"ברנדויין הוא שם משפחה אשכנזי ממקור גרמני, שפירושו יי״ש.",יין שרף,יי״ש.02,יין שרף,weak,2,יין שרף | יין יבש,substituted,yes,3,wikipedia,ברנדויין
ha-01365,יל״ש,(מבוא לספר יל״ש מהדו' וגשל - מהרב בצלאל לנדוי - נדפס בתחילת כרך ראשון על נביאים).,ילקוט שמעוני,יל״ש.01,ילקוט שמעוני,weak,2,ילקוט שמעוני | יש לשאול,substituted,yes,3,wikipedia,ילקוט שמעוני
ha-01366,יל״ש,"יל״ש, ויצא, דורש את מוצאו של אליהו הנביא בגד: אליהו הנביא משל מי?",ילקוט שמעוני,יל״ש.01,ילקוט שמעוני,weak,2,ילקוט שמעוני | יש לשאול,substituted,yes,3,wikipedia,גד
ha-01367,יל״ש,במדרש יל״ש פורש השם אלמודד - על שם שמדד (את) הארץ בחבלים (אלמודד מלשון מדידה).,ילקוט שמעוני,יל״ש.01,ילקוט שמעוני,weak,2,ילקוט שמעוני | יש לשאול,substituted,yes,3,wikipedia,אלמודד
ha-01368,יל״ש,"אם היינו אומרים כך יל״ש מה חידש הכתוב, ואם לא היינו אומרים כך יל״ש מדוע לא נכתב כך.",יש לשאול,יל״ש.02,יש לשאול,weak,2,ילקוט שמעוני | יש לשאול,substituted,yes,3,wikipedia,יצחק קנפנטון
ha-01369,יל״ש,ולאחר מכן יל״ש מה יהיה הדין במקרה ההפוך ואחרי כן לבדוק מהם הדינים היוצאים.,יש לשאול,יל״ש.02,יש לשאול,weak,2,ילקוט שמעוני | יש לשאול,substituted,yes,3,wikipedia,יצחק קנפנטון
ha-01370,יל״ש,"התנאים נחלקו במשנה באשר למספר החקירות; תנא קמא סבור כי במסגרת ה""חקירות"" יל״ש שבע שאלות, רבי יוסי סבור כי יל״ש שלוש, ואילו לעומתם בברייתא מובאת דעה הגורסת כי יל״ש שמונה שאלות.",יש לשאול,יל״ש.02,יש לשאול,weak,2,ילקוט שמעוני | יש לשאול,substituted,yes,3,wikipedia,דרישה וחקירה
ha-01371,ימ״ח,המחנה משמש כמרכז של ימ״ח וכן כמפקדת גדוד ארז של חיל המשטרה הצבאית.,יחידת מחסני חירום,ימ״ח.01,יחידת מחסני חירום,weak,2,ימי מחבוש | יחידת מחסני חירום,substituted,yes,3,wikipedia,מחנה ענתות
ha-01372,ימ״ח,"לאחר מעבר בית הספר למחנה סירקין ב-1951, הוא הפך לבסיס של ימ״ח עד לאחר מלחמת ששת הימים.",יחידת מחסני חירום,ימ״ח.01,יחידת מחסני חירום,weak,2,ימי מחבוש | יחידת מחסני חירום,substituted,yes,3,wikipedia,בסיס חיל האוויר המלכותי סנט ג'ין
ha-01373,ימ״ח,"מפקדת מרכז ההובלה ומקום מושבו של מפקד המרכז שוכנת אף היא בבסיס, לצד ימ״ח של מרכז ההובלה.",יחידת מחסני חירום,ימ״ח.01,יחידת מחסני חירום,weak,2,ימי מחבוש | יחידת מחסני חירום,substituted,yes,3,wikipedia,מרכז ההובלה
ha-01374,ימ״ח,"חייל בגבעתי נשלח לכלא ל־21 ימ״ח, על שסירב להסיר מעליו צמיד כתום, המביע הזדהות עם תושבי גוש קטיף.",ימי מחבוש,ימ״ח.02,ימי מחבוש,weak,2,ימי מחבוש | יחידת מחסני חירום,substituted,yes,3,wikipedia,המחאה נגד תוכנית ההתנתקות
ha-01375,ימ״ח,"באחד המקרים הועמדה חיילת לדין משמעתי ונדונה ל-35 ימ״ח, באשמה שהדליפה מסמכים מסווגים לבלאו.",ימי מחבוש,ימ״ח.02,ימי מחבוש,weak,2,ימי מחבוש | יחידת מחסני חירום,substituted,yes,3,wikipedia,אורי בלאו
ha-01376,ימ״ח,"בנובמבר 1986 הורשע בדין משמעתי בהתחברות לעבריינים והתנהגות שלא כהלכה במילוי תפקידו, ונדון ל־200 שקל קנס ו־7 ימ״ח על תנאי.",ימי מחבוש,ימ״ח.02,ימי מחבוש,weak,2,ימי מחבוש | יחידת מחסני חירום,substituted,yes,3,wikipedia,מישל חדד (עורך דין)
ha-01377,יעב״ץ,תוספות חכמי אנגליה הוא חיבור של אחד יעב״ץ שהתגורר באנגליה.,מבעלי התוספות,יעב״ץ.01,מבעלי התוספות,weak,3,"מבעלי התוספות | מחכמי מרוקו במאה ה-18 | (1698 - 1776), מגדולי הרבנים במאה ה-18",substituted,no,3,wikipedia,תוספות חכמי אנגליה
ha-01378,יעב״ץ,"רבי ברכיה מניקולא (בלטינית: Benedict fil Mosse, בנדיקטוס בן משה; ראשית המאה ה-13 - אחרי 1256) היה רב ותלמיד חכם אנגלי יעב״ץ.",מבעלי התוספות,יעב״ץ.01,מבעלי התוספות,weak,3,"מבעלי התוספות | מחכמי מרוקו במאה ה-18 | (1698 - 1776), מגדולי הרבנים במאה ה-18",substituted,no,3,wikipedia,ברכיה מניקולא
ha-01379,יעב״ץ,"הפירוש ""דעת זקנים יעב״ץ"" מנסה ליישב קושי זה על פי הכתוב ""וגם צלה ילדה"", ודבריו: ""דלהכי כתיב גם, כלומר אף צלה שנבחרה לתשמיש ילדה, ולא הועיל לה כוס של עקרין"".",מבעלי התוספות,יעב״ץ.01,מבעלי התוספות,weak,3,"מבעלי התוספות | מחכמי מרוקו במאה ה-18 | (1698 - 1776), מגדולי הרבנים במאה ה-18",substituted,no,3,wikipedia,צלה (דמות מקראית)
ha-01380,יע״מ,"יע״מ, או בשמו המלא יחידת עיבוד מרכזית (באנגלית: CPU – Central Processing Unit), הוא רכיב חומרה במחשב המבצע את הפקודות המאוחסנות בזיכרון המחשב.",מעבד,יע״מ.01,מעבד,weak,2,מעבד | יחידת עיבוד מרכזית (CPU),substituted,no,3,wikipedia,מעבד
ha-01381,יע״מ,בראשית כונתה יחידה כזו מיקרו־יע״מ ואילו כיום מסתפקים במונח יע״מ.,מעבד,יע״מ.01,מעבד,weak,2,מעבד | יחידת עיבוד מרכזית (CPU),substituted,no,3,wikipedia,מעבד
ha-01382,יע״מ,"המיקרו־יע״מ הראשון היה ה־4004 שפותח בשנת 1971 על ידי חברת אינטל, שעסקה עד אז בפיתוח ויצור שבבי זיכרון.",מעבד,יע״מ.01,מעבד,weak,2,מעבד | יחידת עיבוד מרכזית (CPU),substituted,no,3,wikipedia,מעבד
ha-01383,יר״א,"המן מגלם בדמותו את הערום הרשע, שאין לו תקנה וסופו מפלה ניצחת; לעומתו מגלמים מרדכי ואסתר את הערום שבעקבות אסון שניחת עליו שב בתשובה והפך יר״א.",ירא אלוהים,יר״א.01,ירא אלוהים,weak,2,ירא אלוהים | יראי אלוהים,substituted,yes,3,wikipedia,היעדרותו של אלוהים ממגילת אסתר
ha-01384,יר״א,"""איש חכם, גדול ונבון דעת, גדול בתורה, יר״א ושומר אמונים"".",ירא אלוהים,יר״א.01,ירא אלוהים,weak,2,ירא אלוהים | יראי אלוהים,substituted,yes,3,wikipedia,בצלאל שטרן (מורה)
ha-01385,יר״א,"אם תבחר הקהילה באדם שאינו ראוי, יכול הבישוף המקומי, או קבוצת אבות מנזרים שכנים להדיח את אב המנזר ולבחור במקומו אדם יר״א.",ירא אלוהים,יר״א.01,ירא אלוהים,weak,2,ירא אלוהים | יראי אלוהים,substituted,yes,3,wikipedia,תקנון בנדיקטוס
ha-01386,יר״א,"היו יהודים נכרים, גרים, יר״א ניתן ללמוד על המקצועות השונים וכן על בעלי התפקידים שהיו בקהילה היהודית.",יראי אלוהים,יר״א.02,יראי אלוהים,weak,2,ירא אלוהים | יראי אלוהים,substituted,yes,3,wikipedia,כתובת אפרודיסיאס
ha-01387,יר״א,"בחלק מן הנוסחים שונו המילים ""שלח אורך ואמתך לראשיה, שריה ויועציה ותקנם בעצה טובה מלפניך"" למילים המדגישות את רצונם למנהיגים יר״א וישרים בראש המדינה.",יראי אלוהים,יר״א.02,יראי אלוהים,weak,2,ירא אלוהים | יראי אלוהים,substituted,yes,3,wikipedia,תפילה לשלום המדינה
ha-01388,יר״א,"על פי הפירוש הקבלי לספר הזוהר, עצת יתרו למשה מפנה אותו לחכמת הפנים: ""ואתה תחזה מכל העם אנשי חיל יר״א אנשי אמת שונאי בצע ושמת עליהם שרי אלפים, שרי מאות, שרי חמישים ושרי עשרות"".",יראי אלוהים,יר״א.02,יראי אלוהים,weak,2,ירא אלוהים | יראי אלוהים,substituted,yes,3,wikipedia,תורת הפנים
ha-01389,יר״ש,"לעולם יהא אדם הוא קטע בתפילה, הפותח במילים: ""לעולם יהא אדם יר״ש בסתר"".",ירא שמים,יר״ש.01,ירא שמים,weak,2,יראת שמים | ירא שמים,substituted,yes,3,wikipedia,לעולם יהא אדם
ha-01390,יר״ש,"נענה הראשון ושאל: אומר אני שהוא יר״ש, ואתה אומר שבן תורה הוא!?",ירא שמים,יר״ש.01,ירא שמים,weak,2,יראת שמים | ירא שמים,substituted,yes,3,wikipedia,רבי סימון
ha-01391,יר״ש,"ביהדות (ובעקבותיה גם בשימוש יומיומי), כאשר משתמשים במונח הכוונה היא גם לאדם שהוא יר״ש, מתנהג בחסידות ומדקדק במצוות.",ירא שמים,יר״ש.01,ירא שמים,weak,2,יראת שמים | ירא שמים,substituted,yes,3,wikipedia,צדיק
ha-01392,יר״ש,"באופן רחב יותר, משמש הביטוי ""יר״ש"" לתיאור המחויבות של האדם כלפי אלוהים.",יראת שמים,יר״ש.02,יראת שמים,weak,2,יראת שמים | ירא שמים,substituted,yes,3,wikipedia,יראת השם
ha-01393,יר״ש,"פסולים לעדות, לפי שאין מתעסקין ביישובו של עולם ואין בהם יר״ש"".",יראת שמים,יר״ש.02,יראת שמים,weak,2,יראת שמים | ירא שמים,substituted,yes,3,wikipedia,יראת השם
ha-01394,יר״ש,"יש בספר פרקים עבור למעלה מ-20 מידות, וכן על הנהגות בסיסיות כגון לימוד תורה, יר״ש ותשובה.",יראת שמים,יר״ש.02,יראת שמים,weak,2,יראת שמים | ירא שמים,substituted,yes,3,wikipedia,אורחות צדיקים
ha-01395,יש״ו,"ביהדות קיים השימוש בכינוי הגנאי ""יש״ו"", כמעין בקשה לאל על מנת שימחה כל זכר למקולל.",ימח שמו וזכרו,יש״ו.01,ימח שמו וזכרו,weak,2,ימח שמו וזכרו | יש שם ושן,substituted,no,3,wikipedia,Damnatio memoriae
ha-01396,יש״ו,"בין היתר נכתב: ""יש״ו הממזר"", ""נוצרים לעזאזל"", ""מוות לנוצרים הכופרים אויבי ישראל"" ו""נקמת בני ישראל עוד תבוא"".",ימח שמו וזכרו,יש״ו.01,ימח שמו וזכרו,weak,2,ימח שמו וזכרו | יש שם ושן,substituted,no,3,wikipedia,כנסיית הדורמיציון
ha-01397,יש״י,"כמו כן, רשימת ""יש״י"" הצליחה להיכנס למועצת העיר עם 2 מנדטים.",יחד שבטי ישראל,יש״י.02,יחד שבטי ישראל,weak,2,יחידת השליטה הימית | יחד שבטי ישראל,substituted,yes,3,wikipedia,עיריית פתח תקווה
ha-01398,יש״י,ערב הבחירות חתם פרוש הסכם קואליציוני עם מפלגת דגל התורה ומפלגת יש״י של ברק צברי שהתמודד מולו בבחירות שנערכו ב־2018.,יחד שבטי ישראל,יש״י.02,יחד שבטי ישראל,weak,2,יחידת השליטה הימית | יחד שבטי ישראל,substituted,yes,3,wikipedia,ישראל פרוש
ha-01399,יש״י,בהתאם לדרישותיו הקפדניות של אלוף מיכאל ברקאי למד אורון את תפקוד שחידת השליטה בחיל האוויר ושידרג את יחידת הקשר וגילוי לרמה של יש״י המופעלת כך עד היום.,יחידת השליטה הימית,יש״י.01,יחידת השליטה הימית,weak,2,יחידת השליטה הימית | יחד שבטי ישראל,substituted,yes,3,wikipedia,משה אורון
ha-01400,יש״י,ניסיונו כמפקד ספינת טילים וכמפקד יש״י באו לידי ביטוי וסירת המחבלים המהירה הושמדה מול חוף נהריה.,יחידת השליטה הימית,יש״י.01,יחידת השליטה הימית,weak,2,יחידת השליטה הימית | יחד שבטי ישראל,substituted,yes,3,wikipedia,משה אורון
ha-01401,יש״י,"לאחר סיום תפקיד זה, בספטמבר 2022, הוענקה לו דרגת אלוף-משנה והוא מונה למפקד יש״י וזירת המים הכלכליים.",יחידת השליטה הימית,יש״י.01,יחידת השליטה הימית,weak,2,יחידת השליטה הימית | יחד שבטי ישראל,substituted,yes,3,wikipedia,אריק פוני
ha-01402,יש״ר,"בכרכים הראשונים השתתפו כמה מידידיו של שור ומשותפיו להשקפת עולמו, ובהם אברהם קרוכמל, יש״ר ומשה שטיינשניידר, אך בכרכים האחרונים כתב שור לבדו את כל התוכן.",יצחק שמואל רג'יו,יש״ר.01,יצחק שמואל רג'יו,weak,3,"יוסף שלמה דלמדיגו | יצחק שמואל רג'יו | רב איטלקי, מראשי תנועת חכמת ישראל",substituted,no,3,wikipedia,החלוץ (כתב עת)
ha-01403,יש״ר,"במחצית הראשונה של המאה ה-19 פקפק רבי יש״ר על יחוס זה, וטען שמחברו של הפירוש הוא הרב שם טוב בן יוסף אבן פלקירה.",יצחק שמואל רג'יו,יש״ר.01,יצחק שמואל רג'יו,weak,3,"יוסף שלמה דלמדיגו | יצחק שמואל רג'יו | רב איטלקי, מראשי תנועת חכמת ישראל",substituted,no,3,wikipedia,שם טוב אבן שם טוב (השני)
ha-01404,יש״ר,"השערת נהר הפרת - ההפוך: חוקר היהדות יש״ר טען כי נהר הסמבטיון הוא בעצם נהר פרת, אשר נקרא גם בשם זה משום שלאחר שהיהודים התיישבו מעבר לנהר התאפשר להם לשמור שבת.",יצחק שמואל רג'יו,יש״ר.01,יצחק שמואל רג'יו,weak,3,"יוסף שלמה דלמדיגו | יצחק שמואל רג'יו | רב איטלקי, מראשי תנועת חכמת ישראל",substituted,no,3,wikipedia,סמבטיון
ha-01405,י״א,"י״א שנקראת על שם קטורת, בה סחרו נודדי המדבר אנשי הקדם, לשם נשלחו בניה, בני אברהם בעלה.",יש אומרים,י״א.01,יש אומרים,weak,4,יש אומרים | ירא אדוני | שווה בגודלה למרחק כדור-הארץ מהשמש | שנת הלימודים האחת־עשרה של התלמידים בישראל,substituted,no,3,wikipedia,קטורה (דמות מקראית)
ha-01406,י״א,"הוא נולד בבבל ועלה לארץ ישראל, י״א שהיה כהן.",יש אומרים,י״א.01,יש אומרים,weak,4,יש אומרים | ירא אדוני | שווה בגודלה למרחק כדור-הארץ מהשמש | שנת הלימודים האחת־עשרה של התלמידים בישראל,substituted,no,3,wikipedia,רב כהנא (הראשון)
ha-01407,י״א,"סגולות הארץ – ארץ ישראל מסוגלת לברכה בבנים, אוירה מחכים, ובה מתגלית הנבואה – י״א שכל אלו נוהגים גם בעבר לירדן ויש חולקים.",יש אומרים,י״א.01,יש אומרים,weak,4,יש אומרים | ירא אדוני | שווה בגודלה למרחק כדור-הארץ מהשמש | שנת הלימודים האחת־עשרה של התלמידים בישראל,substituted,no,3,wikipedia,עבר הירדן
ha-01408,י״ח,"בחייו לא זכה להכרה רבה, אלא מצד קומץ מצומצם של י״ח.",יודעי חן,י״ח.02,יודעי חן,weak,2,יוסף חיים | יודעי חן,substituted,no,3,wikipedia,ליאון אנגלסברג
ha-01409,י״ח,"כבר ב-1920 עלתה למקום קבוצה של חלוצים בשם ""בשקירים"" שהייתה מורכבת ממשוחררי הגדודים העבריים ומאנשי גדוד העבודה, ובהם מאיר ברנר, אחיו של הסופר י״ח ברנר.",יוסף חיים,י״ח.01,יוסף חיים,verified,2,יוסף חיים | יודעי חן,natural,no,3,wikipedia,חצר גשר הישנה
ha-01410,י״ח,"י״ח הבן שלח תשובה מפורטת בשמו, ולאחר מספר ימים שלח גם אביו תשובה.",יוסף חיים,י״ח.01,יוסף חיים,weak,2,יוסף חיים | יודעי חן,substituted,no,3,wikipedia,יוסף חיים מבגדאד
ha-01411,י״ח,"הרב י״ח כונן ויסד את ישיבת פורת יוסף והיה בקשר רציף עם מקובלי ישיבת המקובלים בית אל בירושלים, אימץ ממנהגיהם והנחיל אותם ליהודי בבל.",יוסף חיים,י״ח.01,יוסף חיים,weak,2,יוסף חיים | יודעי חן,substituted,no,3,wikipedia,יוסף חיים מבגדאד
ha-01412,י״ח,הרב י״ח פעל לקירוב התורה לציבור על ידי דרשות וחיבורים המותאמים לאופי הציבור.,יוסף חיים,י״ח.01,יוסף חיים,weak,2,יוסף חיים | יודעי חן,substituted,no,3,wikipedia,יוסף חיים מבגדאד
ha-01413,י״ל,"ב-8 בינואר 1961 החל קורס לחמישה נוספים: אריה בן-אור, י״ל-רן, אילן אלוני, עודד עינב ויאיר בן שפר.",יהודה לב,י״ל.04,יהודה לב,weak,5,יש להם | יש לומר | יהודה לב | יצחק לייבוש | יראה לי,substituted,yes,1,wikipedia,בית הספר לטיסה
ha-01414,י״ל,"לימים התפייסו שני היוצרים ביידיש, י""ל פרץ ושלום עליכם, ושבחו זה את יצירתו של חברו.",יצחק לייבוש,י״ל.01,יצחק לייבוש,verified,5,יש להם | יש לומר | יהודה לב | יצחק לייבוש | יראה לי,natural,yes,1,wikipedia,"י""ל פרץ"
ha-01415,י״ל,"י""ל פרץ הרבה להשתתף באספות פועלים, והחל משנת 1894–1897 הוציא 17 קונטרסים שכתב בעיקר בעצמו, ואלו היוו את מבשרי הספרות הסוציאליסטית ביידיש ברוסיה ובפולין.",יצחק לייבוש,י״ל.01,יצחק לייבוש,verified,5,יש להם | יש לומר | יהודה לב | יצחק לייבוש | יראה לי,natural,yes,1,wikipedia,"י""ל פרץ"
ha-01416,י״ל,"בשנים האחרונות לחייו החל י""ל פרץ לכתוב בעיקר עברית, והשתדל לתרגם יצירות רבות שלו לשפה זו.",יצחק לייבוש,י״ל.01,יצחק לייבוש,verified,5,יש להם | יש לומר | יהודה לב | יצחק לייבוש | יראה לי,natural,yes,1,wikipedia,"י""ל פרץ"
ha-01417,י״ל,היה חתן רבי יהודה צבי מראזלא ובזיווג שני נשא לאישה את פרידא קילא בת הרב ישעיה שור רבה של יאס (בזיווג ראשון הייתה נשואה לרבי י״ל מקאליב).,יצחק לייבוש,י״ל.01,יצחק לייבוש,weak,5,יש להם | יש לומר | יהודה לב | יצחק לייבוש | יראה לי,substituted,yes,1,wikipedia,חסידות קוסוב
ha-01418,י״ל,נישא להינדא בת רבי יהודה צבי מראזלא ובזיווג שני נישא לפרידא קילא בת הרב ישעיה שור רבה של יאס (בזיווג ראשון הייתה נשואה לרבי י״ל מקאליב).,יצחק לייבוש,י״ל.01,יצחק לייבוש,weak,5,יש להם | יש לומר | יהודה לב | יצחק לייבוש | יראה לי,substituted,yes,1,wikipedia,דוד הגר (זבלטוב)
ha-01419,י״ל,"מאמרה הראשון הוקדש לפואמה ""מאָניש"", יצירתו הראשונה ביידיש של י״ל פרץ, שהיא למעשה השיר הראשון על אהבה בהווה בספרותנו החדשה בשתי הלשונות, עברית ויידיש.",יצחק לייבוש,י״ל.01,יצחק לייבוש,weak,5,יש להם | יש לומר | יהודה לב | יצחק לייבוש | יראה לי,substituted,yes,1,wikipedia,חוה טורניאנסקי
ha-01420,י״ל,כל ישראל י״ל חלק לעולם הבא (שש משניות) בפרק ישנו פירוט אנשים שאין להם חלק לעולם הבא השמור לבני ישראל ולחסידי אומות העולם ודיני עיר הנידחת.,יש להם,י״ל.02,יש להם,weak,5,יש להם | יש לומר | יהודה לב | יצחק לייבוש | יראה לי,substituted,yes,1,wikipedia,מסכת סנהדרין
ha-01421,י״ל,"פרק ""חלק"" - פרק זה בתלמוד הבבלי הוא הפרק האחד-עשר והאחרון ואילו במשנה ובתלמוד הירושלמי פרק זה הוא העשירי, והוא נקרא גם ""אגדת חלק"", על-פי משפט הפתיחה בו: ""כל ישראל י״ל חלק לעולם הבא"".",יש להם,י״ל.02,יש להם,weak,5,יש להם | יש לומר | יהודה לב | יצחק לייבוש | יראה לי,substituted,yes,1,wikipedia,מסכת סנהדרין
ha-01422,י״ל,"פרק זה הובא בסוף מסכת סנהדרין כדי להסביר שלמרות שישנם יהודים שנהרגו בבית הדין, עדיין י״ל חלק לעולם הבא והם חלק מכלל ישראל.",יש להם,י״ל.02,יש להם,weak,5,יש להם | יש לומר | יהודה לב | יצחק לייבוש | יראה לי,substituted,yes,1,wikipedia,מסכת סנהדרין
ha-01423,י״ל,"ועוד י״ל, שהתל השוכן ליד שריד של ימינו, בצפון עמק יזרעאל נקרא תל שדוד, ובערבית שדיד פירושו חזק, תקיף, מה שמתאים לאופיו של זבולון, כמו שנאמר בשירת דבורה: ”זבולון עם חרף נפשו למות”.",יש לומר,י״ל.03,יש לומר,weak,5,יש להם | יש לומר | יהודה לב | יצחק לייבוש | יראה לי,substituted,yes,1,wikipedia,סרד (דמות מקראית)
ha-01424,י״ל,"באופן כללי י״ל „סולמית”, ואפשר להשתמש בכינוי „האשטאג” רק בהקשר של אותן רשתות חברתיות.",יש לומר,י״ל.03,יש לומר,weak,5,יש להם | יש לומר | יהודה לב | יצחק לייבוש | יראה לי,substituted,yes,1,wikipedia,סולמית
ha-01425,י״ל,"עם זאת, ניתן למצוא אזכורים למנהג זה גם במסורות אחרות, כמו למשל במחזור ""אהבת הקדמונים"" כמנהג יהודי פס, שם מצוין כי י״ל ""לשנה הבאה בירושלים"" דווקא בתפילת ערבית של ליל יום הכיפורים.",יש לומר,י״ל.03,יש לומר,weak,5,יש להם | יש לומר | יהודה לב | יצחק לייבוש | יראה לי,substituted,yes,1,wikipedia,לשנה הבאה בירושלים
ha-01426,י״מ,"י״מ כי כינויו היה ""נחש"" עקב ייחוסו לנחשון בן עמינדב, ועל כן מפרשים כי משמעות כינויה הוא ""אביגיל בת (משפחת) נחשון"" כדי להבדילה מאביגיל אשת נבל הכרמלי.",יש מפרשים,י״מ.01,יש מפרשים,weak,2,יש מפרשים | יפה מראה (פירוש על אגדות התלמוד ירושלמי),substituted,no,3,wikipedia,אביגיל בת ישי
ha-01427,י״מ,"י״מ את הסיסמה ""היה נכון"" כך שכל צופה וחבר תנועה (אף על פי שהסיסמה קוראת לכלל האנושות להתנהג כך) צריך להיות דרוך ומוכן להתמודד עם קונפליקטים בחייו - קונפליקטים במישור הפיסי והרוחני.",יש מפרשים,י״מ.01,יש מפרשים,weak,2,יש מפרשים | יפה מראה (פירוש על אגדות התלמוד ירושלמי),substituted,no,3,wikipedia,היה נכון
ha-01428,י״מ,י״מ שהביטוי כהן גדול שבתפילת על הניסים מתייחס אל אביו יוחנן.,יש מפרשים,י״מ.01,יש מפרשים,weak,2,יש מפרשים | יפה מראה (פירוש על אגדות התלמוד ירושלמי),substituted,no,3,wikipedia,מתתיהו הכהן
ha-01429,י״צ,"הוא הקים את ישיבתו וחצרו בשולי שכונת בית ישראל בירושלים, כהמשך לישיבות שניהל בהונגריה, הישיבה נקראת כיום על שמו ""ישיבת בית י״צ"".",יוסף צבי,י״צ.01,יוסף צבי,weak,2,יוסף צבי | ישמרהו צורו,substituted,no,3,wikipedia,חסידות דושינסקי
ha-01430,י״צ,מרבית החסידים מקפידים שלא להסיע עגלת ילדים בשבת כהוראת רבי י״צ דושינסקי (הראשון).,יוסף צבי,י״צ.01,יוסף צבי,weak,2,יוסף צבי | ישמרהו צורו,substituted,no,3,wikipedia,חסידות דושינסקי
ha-01431,י״צ,"לאחר שהתייעץ עם אביו הסכים הרב י״צ קרליבך, ובשנים 1905 עד 1907 כיהן כמורה למדעי הטבע בבית הספר למל בירושלים.",יוסף צבי,י״צ.01,יוסף צבי,weak,2,יוסף צבי | ישמרהו צורו,substituted,no,3,wikipedia,יוסף צבי קרליבך
ha-01432,כד״א,כד״א הוא גרם השמיים היחיד שידוע על קיום חיים בו.,כדור הארץ,כד״א.01,כדור הארץ,weak,4,כדור הארץ | כדוריות דם אדומות | כמה דאת אמר | כמה דאמר/דאמרינן/דאיתמר,substituted,yes,3,wikipedia,כדור הארץ
ha-01433,כד״א,"עונות השנה נגרמות בשל ההטיה של ציר הסיבוב של כד״א בזווית של 23.5 מעלות מן האנך למישור סיבובו סביב השמש (מישור המילקה), ולכן זווית פגיעת קרני השמש משתנה במשך השנה.",כדור הארץ,כד״א.01,כדור הארץ,weak,4,כדור הארץ | כדוריות דם אדומות | כמה דאת אמר | כמה דאמר/דאמרינן/דאיתמר,substituted,yes,3,wikipedia,כדור הארץ
ha-01434,כד״א,"משום כך, לא יתקיימו קיץ וחורף באותו הזמן גם בחצי הצפוני של כד״א וגם בחצי הדרומי.",כדור הארץ,כד״א.01,כדור הארץ,weak,4,כדור הארץ | כדוריות דם אדומות | כמה דאת אמר | כמה דאמר/דאמרינן/דאיתמר,substituted,yes,3,wikipedia,כדור הארץ
ha-01435,כד״א,"הורמון זה מעודד יצירת כד״א במח העצם, ועד לפיתוחה השתמשו לטיפול בחולי הכליות באריתרופויאטין מלאכותי.",כדוריות דם אדומות,כד״א.02,כדוריות דם אדומות,weak,4,כדור הארץ | כדוריות דם אדומות | כמה דאת אמר | כמה דאמר/דאמרינן/דאיתמר,substituted,yes,3,wikipedia,CERA
ha-01436,כד״א,פוליציטמיה (Polycythemia וכן אריתרוציטוזיס - Erythrocytosis; לפי האקדמיה ללשון העברית: ריבוי כדוריות אדומות) מוגדרת כמצב בו ספירת דם כללית מצביעה על ריכוז עודף של כד״א.,כדוריות דם אדומות,כד״א.02,כדוריות דם אדומות,weak,4,כדור הארץ | כדוריות דם אדומות | כמה דאת אמר | כמה דאמר/דאמרינן/דאיתמר,substituted,yes,3,wikipedia,פוליציטמיה
ha-01437,כד״א,"לאחר זמן מה, הדם מתפרק לשלושה מרכיבים עיקריים: כד״א, כדוריות דם לבנות עם טסיות ופלזמה.",כדוריות דם אדומות,כד״א.02,כדוריות דם אדומות,weak,4,כדור הארץ | כדוריות דם אדומות | כמה דאת אמר | כמה דאמר/דאמרינן/דאיתמר,substituted,yes,3,wikipedia,המטוקריט
ha-01438,כה״ג,וכל כה״ג ראיתי להזכיר טעמו וטעמא דידי והרואה יבחר”.,כהאי גוונא,כה״ג.03,כהאי גוונא,weak,3,כהן גדול | כנסת הגדולה | כהאי גוונא,substituted,yes,3,wikipedia,אורים ותומים (ספר)
ha-01439,כה״ג,"לעומת זאת, בתלמוד הבבלי משמע שדיני ממונות של כה״ג נידונים בפני שלושה דיינים, כמו דינו של כל אדם.",כהן גדול,כה״ג.01,כהן גדול,weak,3,כהן גדול | כנסת הגדולה | כהאי גוונא,substituted,yes,3,wikipedia,כהן גדול
ha-01440,כה״ג,"עבודת כה״ג ביום כיפור - בתקופה שהיה קיים בית המקדש, הייתה עבודת הכהן הגדול החלק המרכזי של יום הכיפורים.",כהן גדול,כה״ג.01,כהן גדול,weak,3,כהן גדול | כנסת הגדולה | כהאי גוונא,substituted,yes,3,wikipedia,כהן גדול
ha-01441,כה״ג,"ולכך לבישת בגדי הכהונה שעל ידם נעשה כה״ג, צריכה להיעשות בפני בית זה.",כהן גדול,כה״ג.01,כהן גדול,weak,3,כהן גדול | כנסת הגדולה | כהאי גוונא,substituted,yes,3,wikipedia,כהן גדול
ha-01442,כה״ג,"על אנשי כה״ג נמנו חגי, זכריה, מלאכי, דניאל, חנניה, מישאל ועזריה, עזרא הסופר, נחמיה, מרדכי וזרובבל.",כנסת הגדולה,כה״ג.02,כנסת הגדולה,weak,3,כהן גדול | כנסת הגדולה | כהאי גוונא,substituted,yes,3,wikipedia,כנסת הגדולה
ha-01443,כה״ג,"אנשי כה״ג מופיעים בראש מסכת אבות כחוליה בשרשרת מוסרי התורה, ממעמד הר סיני ועד לחתימת המשנה: לאנשי כה״ג היה תפקיד שיפוטי.",כנסת הגדולה,כה״ג.02,כנסת הגדולה,weak,3,כהן גדול | כנסת הגדולה | כהאי גוונא,substituted,yes,3,wikipedia,כנסת הגדולה
ha-01444,כה״ג,"אף כי לפי ההלכה, במוסד השיפוטי העליון, הסנהדרין, ישנם 71 חברים בלבד, נמסר כי אנשי כה״ג מנו 120 חברים (ואפשר שזהו מספר טיפולוגי).",כנסת הגדולה,כה״ג.02,כנסת הגדולה,weak,3,כהן גדול | כנסת הגדולה | כהאי גוונא,substituted,yes,3,wikipedia,כנסת הגדולה
ha-01445,כו״כ,"נוסח שטר האדרכתא הוא: ”איש פלוני (הלווה) נתחייב לפלוני (המלווה) בדין, כו״כ, ולא נתן לו מעצמו, וכתבנו לו אדרכתא זו, על שדה פלונית שלו”.",כך וכך,כו״כ.01,כך וכך,weak,2,כמה וכמה | כך וכך,substituted,yes,3,wikipedia,שטר חוב (הלכה)
ha-01446,כו״כ,"אצל התימנים שליח הציבור מברך לכולם וסופר ביחד עימם, ולכן הוא מכריז לפני הברכה שאתמול ספרו כו״כ, כדי שכל אחד ידע כמה לספור.",כך וכך,כו״כ.01,כך וכך,weak,2,כמה וכמה | כך וכך,substituted,yes,3,wikipedia,ספירת העומר
ha-01447,כו״כ,"האיסור מוגדר כלאו, כלומר איסור שהתורה מציינת במפורש ובלשון של ""לא תעשה"" כו״כ.",כך וכך,כו״כ.01,כך וכך,weak,2,כמה וכמה | כך וכך,substituted,yes,3,wikipedia,לא תרצח
ha-01448,כו״כ,"המונח נטבע בשנות השישים ובתחילת שנות השבעים, בזכות הפופולריות של כו״כ סרטים, שבמרכזם קשרי ידידות, אחווה או רעות בין גברים.",כמה וכמה,כו״כ.02,כמה וכמה,weak,2,כמה וכמה | כך וכך,substituted,yes,3,wikipedia,סרט חבר'ה
ha-01449,כו״כ,"בתקופת שלטונו של הנרי השלישי, כו״כ שלטי אצולה החלו להציג רבע אשר תואר לאחר מכן בבלאזון כ""קנטון"".",כמה וכמה,כו״כ.02,כמה וכמה,weak,2,כמה וכמה | כך וכך,substituted,yes,3,wikipedia,קנטון (הרלדיקה)
ha-01450,כו״כ,"מידה זו השתרשה כמטבע לשון בעברית, שמשמעותה היא ""על אחת כו״כ"".",כמה וכמה,כו״כ.02,כמה וכמה,weak,2,כמה וכמה | כך וכך,substituted,yes,3,wikipedia,קל וחומר
ha-01451,כי״ח,נציג כי״ח שהגיע לעיר שנה לאחר מכן נדהם לראות את היהודים האומללים נושאים טלאי ופנה לשלטונות.,כל ישראל חברים,כי״ח.01,כל ישראל חברים,verified,2,כל ישראל חברים | כל יוצאי חלציו,natural,no,3,wikipedia,יהדות איראן
ha-01452,כי״ח,"מטה הנציגות הישראלית של הארגון, עמותת ""כי״ח"", שוכן במקוה ישראל.",כל ישראל חברים,כי״ח.01,כל ישראל חברים,weak,2,כל ישראל חברים | כל יוצאי חלציו,substituted,no,3,wikipedia,כל ישראל חברים
ha-01453,כי״ח,"הוא פנה לציבור ועורר אותם להתחיל ב""חיים חדשים"", ובנוסף, הצליח לשכנע את חברת ""כי״ח"" בפריז להקים את בית הספר החקלאי.",כל ישראל חברים,כי״ח.01,כל ישראל חברים,weak,2,כל ישראל חברים | כל יוצאי חלציו,substituted,no,3,wikipedia,מקוה ישראל
ha-01454,כי״ח,"מהקמת בית הספר לימדו בו בצרפתית בלבד, אך ב-1918, עם תום מלחמת השפות, שכנע קראוזה את חברת כי״ח, בעלת בית הספר, לעבור להוראה בעברית.",כל ישראל חברים,כי״ח.01,כל ישראל חברים,weak,2,כל ישראל חברים | כל יוצאי חלציו,substituted,no,3,wikipedia,מקוה ישראל
ha-01455,כ״א,"לצבא עממי מספר יתרונות: מאגר כ״א גדול מאוד, מוטיבציה גבוהה (במיוחד בהגנה) ונאמנות גבוהה.",כוח אדם,כ״א.02,כוח אדם,weak,7,כל אחד | כי אם | כוח אדם | כי אתה | כרטיס אשראי | כיווני אוויר | (גימטריה) 21,substituted,yes,1,wikipedia,צבא
ha-01456,כ״א,קבלן כ״א הוא גוף שעיסוקו במתן שירותי כ״א של עובדיו לשם עבודה אצל מעסיק אחר.,כוח אדם,כ״א.02,כוח אדם,weak,7,כל אחד | כי אם | כוח אדם | כי אתה | כרטיס אשראי | כיווני אוויר | (גימטריה) 21,substituted,yes,1,wikipedia,קבלן כוח אדם
ha-01457,כ״א,"קבלני כ״א החלו לפעול לשם אספקת עובדים למשימות זמניות, כגון מילוי מקום של עובד שיצא לחופשה ארוכה או התמודדות של מעסיק עם משימה קצרת טווח הדורשת גידול במצבת העובדים שלו.",כוח אדם,כ״א.02,כוח אדם,weak,7,כל אחד | כי אם | כוח אדם | כי אתה | כרטיס אשראי | כיווני אוויר | (גימטריה) 21,substituted,yes,1,wikipedia,קבלן כוח אדם
ha-01458,כ״א,"ובניסוח פורמלי: תנאי A הוא ""הכרחי ומספיק"" עבור תנאי B, כאשר יש ביניהם קשר של אם ורק אם (הכרחי כ״א A לא מתקיים הרי שגם B לא מתקיים; ומספיק כ״א A מתקיים הרי שגם B מתקיים).",כי אם,כ״א.03,כי אם,weak,7,כל אחד | כי אם | כוח אדם | כי אתה | כרטיס אשראי | כיווני אוויר | (גימטריה) 21,substituted,yes,1,wikipedia,אם ורק אם
ha-01459,כ״א,"בהלכה היהודית נהוגה הטבילה במקווה אך יעודה אינו לשם רחצת הגוף, כ״א לצורך היטהרות רוחנית.",כי אם,כ״א.03,כי אם,weak,7,כל אחד | כי אם | כוח אדם | כי אתה | כרטיס אשראי | כיווני אוויר | (גימטריה) 21,substituted,yes,1,wikipedia,בית מרחץ
ha-01460,כ״א,"ככל הנראה, מזמורי התהילים לא נאמרו כ״א הושרו, אולי בליווי של כלי נגינה (יש מזמורים שיש בהם הזכרה מפורשת לכלי נגינה).",כי אם,כ״א.03,כי אם,weak,7,כל אחד | כי אם | כוח אדם | כי אתה | כרטיס אשראי | כיווני אוויר | (גימטריה) 21,substituted,yes,1,wikipedia,מזמור תהילים
ha-01461,כ״א,"לדוגמה, נוסח אשכנז גורס בתפילת שמונה עשרה ""כ״א שומע תפילת עמך ישראל ברחמים"", ונוסח הספרדים גורס ""כ״א שומע תפילת כל פה"".",כי אתה,כ״א.04,כי אתה,weak,7,כל אחד | כי אם | כוח אדם | כי אתה | כרטיס אשראי | כיווני אוויר | (גימטריה) 21,substituted,yes,1,wikipedia,נוסח ספרד
ha-01462,כ״א,"בהרבה זרמים של נוסח ספרד מרכיבים את שתי הנוסחאות וגורסים ""כ״א שומע תפילת כל פה עמך ישראל ברחמים"".",כי אתה,כ״א.04,כי אתה,weak,7,כל אחד | כי אם | כוח אדם | כי אתה | כרטיס אשראי | כיווני אוויר | (גימטריה) 21,substituted,yes,1,wikipedia,נוסח ספרד
ha-01463,כ״א,"נוסח זה משובש לשונית ועל פי הדקדוק היה צריך לומר ""כ״א שומע תפילת כל פיות עמך ישראל ברחמים"".",כי אתה,כ״א.04,כי אתה,weak,7,כל אחד | כי אם | כוח אדם | כי אתה | כרטיס אשראי | כיווני אוויר | (גימטריה) 21,substituted,yes,1,wikipedia,נוסח ספרד
ha-01464,כ״א,"ביטוי מקביל בעברית המודרנית הוא ""ארבעה כ״א"".",כיווני אוויר,כ״א.05,כיווני אוויר,weak,7,כל אחד | כי אם | כוח אדם | כי אתה | כרטיס אשראי | כיווני אוויר | (גימטריה) 21,substituted,yes,1,wikipedia,רוחות השמיים
ha-01465,כ״א,תכנונו האדריכלי יוצר קומות בגדלים משתנים ובהן מרפסות וחדרי מנהלים הפונים ל-3 כ״א ומבט לנוף פנורמי.,כיווני אוויר,כ״א.05,כיווני אוויר,weak,7,כל אחד | כי אם | כוח אדם | כי אתה | כרטיס אשראי | כיווני אוויר | (גימטריה) 21,substituted,yes,1,wikipedia,"קרדן נדל""ן"
ha-01466,כ״א,גודלם הקטן של הבתים הבטיח מספר גדול של כ״א וחלונות לכל חדר.,כיווני אוויר,כ״א.05,כיווני אוויר,weak,7,כל אחד | כי אם | כוח אדם | כי אתה | כרטיס אשראי | כיווני אוויר | (גימטריה) 21,substituted,yes,1,wikipedia,הסגנון הכף-הולנדי
ha-01467,כ״א,"מערכת טעמי שאר הספרים נקראת בניגוד אליה ""טעמי כ״א ספרים"".",כל אחד,כ״א.01,(גימטריה) 21,verified,7,כל אחד | כי אם | כוח אדם | כי אתה | כרטיס אשראי | כיווני אוויר | (גימטריה) 21,natural,yes,1,wikipedia,טעמי המקרא
ha-01468,כ״א,מֶֽתֶג – מתפקד כפי שנכתב לעיל בטעמי כ״א ספרים.,כל אחד,כ״א.01,(גימטריה) 21,verified,7,כל אחד | כי אם | כוח אדם | כי אתה | כרטיס אשראי | כיווני אוויר | (גימטריה) 21,natural,yes,1,wikipedia,טעמי המקרא
ha-01469,כ״א,פָּסֵק׀ – מתפקד כפי שנכתב לעיל בטעמי כ״א ספרים.,כל אחד,כ״א.01,(גימטריה) 21,verified,7,כל אחד | כי אם | כוח אדם | כי אתה | כרטיס אשראי | כיווני אוויר | (גימטריה) 21,natural,yes,1,wikipedia,טעמי המקרא
ha-01470,כ״א,"הצ'פטרים, ובהם ""ויקימדיה ישראל"", פזורים ברחבי העולם ופועלים, כ״א במדינתו, לקידום מיזמי הקרן ולשיפור ההפצה של תוכן חופשי.",כל אחד,כ״א.01,כל אחד,weak,7,כל אחד | כי אם | כוח אדם | כי אתה | כרטיס אשראי | כיווני אוויר | (גימטריה) 21,substituted,yes,1,wikipedia,קרן ויקימדיה
ha-01471,כ״א,"התסריטאי המרוויח ביותר בהיסטוריה של הקולנוע הוא סיימון קינברג, אשר שניים מהתסריטים שלו נמכרו ב-$8,000,000 עבור כ״א כשבנוסף לכך הוא משתכר ברווח שבועי של $350,000.",כל אחד,כ״א.01,כל אחד,weak,7,כל אחד | כי אם | כוח אדם | כי אתה | כרטיס אשראי | כיווני אוויר | (גימטריה) 21,substituted,yes,1,wikipedia,תסריטאי
ha-01472,כ״א,"קשה ואף בלתי אפשרי, לבודד כ״א מהגורמים שמשפיעים על האורגניזם ולכן משתמשים לעיתים קרובות במושג זה כביטוי כללי לתיאור של סביבת החיים, כגון 'סוואנה' או 'חורש ים-תיכוני'.",כל אחד,כ״א.01,כל אחד,weak,7,כל אחד | כי אם | כוח אדם | כי אתה | כרטיס אשראי | כיווני אוויר | (גימטריה) 21,substituted,yes,1,wikipedia,בית גידול
ha-01473,כ״א,"עד למחשוב התהליך, הרכש באמצעות כ״א היה מסורבל ביותר.",כרטיס אשראי,כ״א.06,כרטיס אשראי,weak,7,כל אחד | כי אם | כוח אדם | כי אתה | כרטיס אשראי | כיווני אוויר | (גימטריה) 21,substituted,yes,1,wikipedia,כרטיס אשראי
ha-01474,כ״א,גודל כ״א הוא 85.60 על 53.98 מילימטר ופינות מעוגלות ברדיוס 2.88 עד 3.48 מילימטר.,כרטיס אשראי,כ״א.06,כרטיס אשראי,weak,7,כל אחד | כי אם | כוח אדם | כי אתה | כרטיס אשראי | כיווני אוויר | (גימטריה) 21,substituted,yes,1,wikipedia,כרטיס אשראי
ha-01475,כ״א,"כ״א בנקאי יכול לשמש גם ככרטיס הפעלה של מכשירים אוטומטיים של הבנק המנפיק, לצורך ביצוע פעולות בחשבון (למשל, שימוש בכספומט, או בירור מידע על החשבון במכונות אוטומטיות).",כרטיס אשראי,כ״א.06,כרטיס אשראי,weak,7,כל אחד | כי אם | כוח אדם | כי אתה | כרטיס אשראי | כיווני אוויר | (גימטריה) 21,substituted,yes,1,wikipedia,כרטיס אשראי
ha-01476,כ״ז,"כ״ז בעזרת תבניות פעלים ואוצר מילים מסוים המציין את הסטטוס החברתי היחסי של הדובר, המאזין, והאדם המוזכר בשיחה.",כל זאת,כ״ז.01,כל זאת,weak,2,כל זאת | כל זמן,substituted,yes,2,wikipedia,יפנית
ha-01477,כ״ז,"כ״ז באמצעות פעילות קהילתית ענפה בתחומי החינוך, התרבות והספורט - ""נפש בריאה בגוף בריא"".",כל זאת,כ״ז.01,כל זאת,weak,2,כל זאת | כל זמן,substituted,yes,2,wikipedia,מכבי (ספורט)
ha-01478,כ״ז,"עם זאת, בשנים האחרונות יותר זמרי רגאיי שרים שירים על החיים הקשים בגטו, שירים על נשים ושירי זימה, כ״ז בהשפעת ההיפ הופ האמריקאי.",כל זאת,כ״ז.01,כל זאת,weak,2,כל זאת | כל זמן,substituted,yes,2,wikipedia,רגאיי
ha-01479,כ״ז,"למשך כ״ז זה, רייבן נלחמה בהשפעתו המזיקה של אביה.",כל זמן,כ״ז.02,כל זמן,weak,2,כל זאת | כל זמן,substituted,yes,2,wikipedia,רייבן (קומיקס)
ha-01480,כ״ז,"מהתורה החובה להוליד לפחות בן ובת, ומדברי חכמים יש מצווה להמשיך לפרות ולרבות כ״ז שיש בו כוח.",כל זמן,כ״ז.02,כל זמן,weak,2,כל זאת | כל זמן,substituted,yes,2,wikipedia,פרייה ורבייה
ha-01481,כ״ז,או שאין לחשוש לכך כ״ז שלא ראינו בעינינו שהן פרשו.,כל זמן,כ״ז.02,כל זמן,weak,2,כל זאת | כל זמן,substituted,yes,2,wikipedia,קמח
ha-01482,כ״ח,"גם השחקן שקלט כ״ח, בדרך כלל ימסור אותו מיד לרכז כדי שיארגן התקפה, אלא אם אחד השחקנים כבר רץ לעבר השני והוא רואה שיש אפשרות למסירה ארוכה לסל מהיר.",כדור חוזר,כ״ח.01,כדור חוזר,weak,4,כהנא חי | כתיב חסר | כדור חוזר | כינוי חבור,substituted,yes,3,wikipedia,רכז
ha-01483,כ״ח,"הקבוצה המגינה שהשתלטה על הכדור בזכות חטיפת כדור, כ״ח, חסימה וכו', חייבת לצאת מחוץ לקשת לפני זריקה לסל.",כדור חוזר,כ״ח.01,כדור חוזר,weak,4,כהנא חי | כתיב חסר | כדור חוזר | כינוי חבור,substituted,yes,3,wikipedia,כדורסל 3x3
ha-01484,כ״ח,"בנוסף, בירד דחף את שחקן הלייקרס מייקל קופר מחוץ לקווי המגרש בזמן מאבק על כ״ח.",כדור חוזר,כ״ח.01,כדור חוזר,weak,4,כהנא חי | כתיב חסר | כדור חוזר | כינוי חבור,substituted,yes,3,wikipedia,לוס אנג'לס לייקרס
ha-01485,כ״ח,"פעילות מרכזית נוספת של תנועת ""כ״ח"" הייתה הוצאת עלון שבת ברוח התנועה.",כהנא חי,כ״ח.02,כהנא חי,weak,4,כהנא חי | כתיב חסר | כדור חוזר | כינוי חבור,substituted,yes,3,wikipedia,כך
ha-01486,כ״ח,"פסק הדין התייחס באופן הבא לתנועת ""כך"": פעילי כ״ח וכך המשיכו לפעול במהלך שנות ה-90 תחת שמות אחרים (בהם ""חזית הרעיון"", שמשרדיה בירושלים נסגרו בשנת 1997).",כהנא חי,כ״ח.02,כהנא חי,weak,4,כהנא חי | כתיב חסר | כדור חוזר | כינוי חבור,substituted,yes,3,wikipedia,כך
ha-01487,כ״ח,בסוף שנת 2000 נרצחו הרב בנימין זאב כהנא ואשתו בפיגוע טרור ליד ההתנחלות עפרה ובעקבות זאת חדלה תנועת כ״ח על גלגוליה השונים מלהתקיים.,כהנא חי,כ״ח.02,כהנא חי,weak,4,כהנא חי | כתיב חסר | כדור חוזר | כינוי חבור,substituted,yes,3,wikipedia,כך
ha-01488,כ״ח,כינוי מושא – סוג של כ״ח המצטרף למילת יחס או לפועל ומביע יחס של מושא ישיר או עקיף.,כינוי חבור,כ״ח.03,כינוי חבור,weak,4,כהנא חי | כתיב חסר | כדור חוזר | כינוי חבור,substituted,yes,3,wikipedia,דקדוק עברי – מונחים
ha-01489,כ״ח,כינוי קניין – סוג של כ״ח המצטרף לשם עצם ומביע שייכות.,כינוי חבור,כ״ח.03,כינוי חבור,weak,4,כהנא חי | כתיב חסר | כדור חוזר | כינוי חבור,substituted,yes,3,wikipedia,דקדוק עברי – מונחים
ha-01490,כ״ח,כינוי פרוד – כינוי שהוא מילה עצמאית ואינו כ״ח.,כינוי חבור,כ״ח.03,כינוי חבור,weak,4,כהנא חי | כתיב חסר | כדור חוזר | כינוי חבור,substituted,yes,3,wikipedia,דקדוק עברי – מונחים
ha-01491,כ״ח,"כתיב מלא (נקרא גם כ״ח ניקוד) הוא צורת כתיבה בשפה העברית, אשר משתמשת באימות הקריאה כדי להורות את האופן שבו יש לקרוא את המילה הכתובה, כתחליף לסימני הניקוד.",כתיב חסר,כ״ח.04,כתיב חסר,weak,4,כהנא חי | כתיב חסר | כדור חוזר | כינוי חבור,substituted,yes,3,wikipedia,כתיב מלא
ha-01492,כ״ח,"גווייל הודי או גוויאל הודי (כ״ח ומנוקד גַּוְיָל הָדִּי, שם מדעי: Gavialis gangeticus, שם עממי באנגלית: Gharial) הוא מין של תנינאי נדיר והמין היחיד בסוג גווייל (Gavialis).",כתיב חסר,כ״ח.04,כתיב חסר,weak,4,כהנא חי | כתיב חסר | כדור חוזר | כינוי חבור,substituted,yes,3,wikipedia,גוויאל הודי
ha-01493,כ״ח,כיום מקובלים שני תקנים לשימוש באימות קריאה: כ״ח וכתיב מלא; בפועל רבים משתמשים בעירוב של שני התקנים.,כתיב חסר,כ״ח.04,כתיב חסר,weak,4,כהנא חי | כתיב חסר | כדור חוזר | כינוי חבור,substituted,yes,3,wikipedia,כתיב
ha-01494,כ״י,גם העותק המקורי של התווים של יצירה מוזיקלית הוא בגדר כ״י.,כתב יד,כ״י.01,כתב יד,weak,2,כתב יד | כן ירבו,substituted,no,3,wikipedia,כתב יד (מקור)
ha-01495,כ״י,"התרחבות השימוש במעבד תמלילים, החל מאמצע שנות השמונים של המאה העשרים, יצרה שינוי מהותי יותר במשמעותו של המושג כ״י.",כתב יד,כ״י.01,כתב יד,weak,2,כתב יד | כן ירבו,substituted,no,3,wikipedia,כתב יד (מקור)
ha-01496,כ״י,"כתב היד המוגש לפרסום בעקבות יצירתו במעבד תמלילים אינו בהכרח העותק היחיד של כ״י זה, שהרי ניתן לייצר בקלות רבה עותקים נוספים של כתב היד, זהים לזה שנמסר לפרסום או שונים ממנו במידה זו או אחרת.",כתב יד,כ״י.01,כתב יד,weak,2,כתב יד | כן ירבו,substituted,no,3,wikipedia,כתב יד (מקור)
ha-01497,כ״כ,כ״כ היא כוח אבטחה מצומצם המיועד לפעול במהירות תוך מענה ראשוני לאירוע ביטחוני עד להגעת כוחות נוספים.,כיתת כוננות,כ״כ.01,כיתת כוננות,weak,3,כמו כן | כל כך | כיתת כוננות,substituted,yes,2,wikipedia,כיתת כוננות
ha-01498,כ״כ,"ביישובים רבים בישראל, ובפרט ביהודה ושומרון, ברמת הגולן ובעוטף עזה, קיימת כ״כ.",כיתת כוננות,כ״כ.01,כיתת כוננות,weak,3,כמו כן | כל כך | כיתת כוננות,substituted,yes,2,wikipedia,כיתת כוננות
ha-01499,כ״כ,"במספר מקרים של אסונות, דוגמת ליל הגלשונים, התברר שלא הייתה כ״כ.",כיתת כוננות,כ״כ.01,כיתת כוננות,weak,3,כמו כן | כל כך | כיתת כוננות,substituted,yes,2,wikipedia,כיתת כוננות
ha-01500,כ״כ,"היימדל כ״כ התבייש בכישלונו, כך שהוא דיווח לאודין, מה שאפשר לו לתפוס את המרגל.",כל כך,כ״כ.02,כל כך,weak,3,כמו כן | כל כך | כיתת כוננות,substituted,yes,2,wikipedia,היימדל (קומיקס)
ha-01501,כ״כ,סיומת זו אינה נפוצה כ״כ עקב אוכלוסייתה הנמוכה.,כל כך,כ״כ.02,כל כך,weak,3,כמו כן | כל כך | כיתת כוננות,substituted,yes,2,wikipedia,.dm
ha-01502,כ״כ,הקושי במדידת מהירות האור נבע מכך שכל מכשירי המדידה המוקדמים לא היו מסוגלים לתעד פרקי זמן קצרים כ״כ.,כל כך,כ״כ.02,כל כך,weak,3,כמו כן | כל כך | כיתת כוננות,substituted,yes,2,wikipedia,מהירות האור
ha-01503,כ״כ,"כ״כ, המידע על התקליטורים כולל גם תאריכי הוצאה, מקומות הפצה ומספרי זיהוי של התקליטורים.",כמו כן,כ״כ.03,כמו כן,weak,3,כמו כן | כל כך | כיתת כוננות,substituted,yes,2,wikipedia,MusicBrainz
ha-01504,כ״כ,"כ״כ, היא מקלה על אנשים למצוא את המוזיקה והאמנים שהם נהנים משמיעתם.",כמו כן,כ״כ.03,כמו כן,weak,3,כמו כן | כל כך | כיתת כוננות,substituted,yes,2,wikipedia,סוגה מוזיקלית
ha-01505,כ״כ,"ההרכבים במוזיקה ממויינים על פי מספר המוזיקאים המשתתפים בהם ועל פי מגוון הכלים בו הם מנגנים, כ״כ הם ממוינים על פי הז'אנר המוזיקלי אותו הם מנגנים.",כמו כן,כ״כ.03,כמו כן,weak,3,כמו כן | כל כך | כיתת כוננות,substituted,yes,2,wikipedia,הרכב מוזיקלי
ha-01506,כ״מ,"חלק מהחיילים העוברים טירונות זו הם בעלי ""כ״מ"", כלומר בעלי לקות גופנית שאינה מאפשרת לעבור טירונות כלל צה""לית רגילה.",כושר מוגבל,כ״מ.02,כושר מוגבל,weak,2,כל מקום | כושר מוגבל,substituted,no,3,wikipedia,"טירונות (צה""ל)"
ha-01507,כ״מ,"לעומת זאת, מבחינה גאוגרפית, ובמידה מסוימת גם מבחינה לשונית, המונח יבשה כולל כ״מ בכדור הארץ, שאינו מכוסה מים באופן רציף וטבעי (דוגמת נהר, נחל, ים ואוקיינוס).",כל מקום,כ״מ.01,כל מקום,weak,2,כל מקום | כושר מוגבל,substituted,no,3,wikipedia,יבשה
ha-01508,כ״מ,"חפיר הוא מכשול בדמותו של חתך עמוק או תעלה מחוץ לחומות, לשערים, מבצר, טירה או כ״מ הגנתי דומה, בין שנחפר, נחצב ולעיתים שולבה בו בנייה.",כל מקום,כ״מ.01,כל מקום,weak,2,כל מקום | כושר מוגבל,substituted,no,3,wikipedia,חפיר
ha-01509,כ״מ,"המידע לגבי כ״מ ואתר, הכולל נתונים גאוגרפיים, היסטוריים ודמוגרפיים, מועבר בדרך תמציתית, על ידי טקסט קצר ושורת סמלים ליד שם הערך.",כל מקום,כ״מ.01,כל מקום,weak,2,כל מקום | כושר מוגבל,substituted,no,3,wikipedia,כל מקום ואתר
ha-01510,כ״ס,מונע במנוע 1.6HDi (טורבו-דיזל) עם 100 כ״ס.,כוח סוס,כ״ס.01,כוח סוס,verified,3,כפר סבא | כוח סוס | כתב סתר,natural,yes,1,wikipedia,סיטרואן
ha-01511,כ״ס,"בחזית ה-C4 ספייסטורר מותקן מנוע 1.6HDi המפיק 120 כ״ס, או טורבו-בנזין באותו נפח (THP) עם 165 כ״ס.",כוח סוס,כ״ס.01,כוח סוס,verified,3,כפר סבא | כוח סוס | כתב סתר,natural,yes,1,wikipedia,סיטרואן
ha-01512,כ״ס,"זמין עם תיבת הילוכים ידנית או רובוטית, המשודכות למנוע 1.6HDi בהספק 75 או 100 כ״ס.",כוח סוס,כ״ס.01,כוח סוס,verified,3,כפר סבא | כוח סוס | כתב סתר,natural,yes,1,wikipedia,סיטרואן
ha-01513,כ״ס,לפי הגדרה זו כ״ס שווה ערך לכ-736 ואט (כ״ס מטרי).,כוח סוס,כ״ס.01,כוח סוס,weak,3,כפר סבא | כוח סוס | כתב סתר,substituted,yes,1,wikipedia,כוח סוס
ha-01514,כ״ס,"כ״ס איננה יחידת מידה מטרית, והיא איננה חלק ממערכת היחידות הבין-לאומית (SI).",כוח סוס,כ״ס.01,כוח סוס,weak,3,כפר סבא | כוח סוס | כתב סתר,substituted,yes,1,wikipedia,כוח סוס
ha-01515,כ״ס,"כ״ס הוא מושג מיושן, אם כי בהקשרים מסוימים השימוש בו עדיין נרחב.",כוח סוס,כ״ס.01,כוח סוס,weak,3,כפר סבא | כוח סוס | כתב סתר,substituted,yes,1,wikipedia,כוח סוס
ha-01516,כ״ס,"כ״ס היא מרכז מנהלי ומסחרי, של מוסדות חינוך ושירותי רפואה לאזור דרום השרון, ויש בה מרכז תעשייה גדול.",כפר סבא,כ״ס.02,כפר סבא,weak,3,כפר סבא | כוח סוס | כתב סתר,substituted,yes,1,wikipedia,כפר סבא
ha-01517,כ״ס,"כ״ס גם מוזכרת בכתובת רחוב בכתיב: ""כפר סבה"".",כפר סבא,כ״ס.02,כפר סבא,weak,3,כפר סבא | כוח סוס | כתב סתר,substituted,yes,1,wikipedia,כפר סבא
ha-01518,כ״ס,"כיום מזהים את מיקום כ״ס של תקופת בית שני עם היישוב הערבי באותו שם, שהתקיים באזור שיכון קפלן של היום.",כפר סבא,כ״ס.02,כפר סבא,weak,3,כפר סבא | כוח סוס | כתב סתר,substituted,yes,1,wikipedia,כפר סבא
ha-01519,כ״ס,"עוד יצירות בלט כ״ס ל""תאטרון מחול ענבל"" של שרה לוי-תנאי ובהן הושפע אף יותר מן הפולקלור התימני.",כתב סתר,כ״ס.03,כתב סתר,weak,3,כפר סבא | כוח סוס | כתב סתר,substituted,yes,1,wikipedia,מרדכי סתר
ha-01520,כ״ס,"את הבלט ""אשת חיל"" וכן את הגרסה הראשונה של ""תיקון חצות"" כתב עבור להקת הבלט של מרתה גרהם וכן כ״ס מוזיקה לבלטים ""אגדת יהודית"" ב-1962, ""Part Real Part Dream "" ב-1964 וכן את Stone of Destiny בשנת 1974.",כתב סתר,כ״ס.03,כתב סתר,weak,3,כפר סבא | כוח סוס | כתב סתר,substituted,yes,1,wikipedia,מרדכי סתר
ha-01521,כ״ס,"במהלך השנים 1952 ועד מותו בשנת 1994 כ״ס גם 29 יומנים אישיים בשפות עברית, רוסית, צרפתית ואנגלית השמורים בארכיון הלאומי באוניברסיטה העברית בירושלים.",כתב סתר,כ״ס.03,כתב סתר,weak,3,כפר סבא | כוח סוס | כתב סתר,substituted,yes,1,wikipedia,מרדכי סתר
ha-01522,כ״ע,"מזמור זה נחשב למיוחד, והאבן עזרא כ״ע ש""זה המזמור נכבד מאוד בדרכי השם, ואין באלה החמשה ספרים מזמור כמוהו"".",כתב עליו,כ״ע.01,כתב עליו,weak,3,"כתב עת | כתב עליו | כולי עלמא (כֻּלֵּי עָלְמָא, כל העולם)",substituted,yes,2,wikipedia,"תהילים קל""ט"
ha-01523,כ״ע,"המספר התפרסם בקרב חובבי המתמטיקה לאחר שמרטין גרדנר כ״ע בטור הפופולרי שלו Mathematical Games בירחון ""סיינטיפיק אמריקן"" בנובמבר 1977.",כתב עליו,כ״ע.01,כתב עליו,weak,3,"כתב עת | כתב עליו | כולי עלמא (כֻּלֵּי עָלְמָא, כל העולם)",substituted,yes,2,wikipedia,מספר גרהאם
ha-01524,כ״ע,"במקום אחר כ״ע שבח גדול: ”מעין המתגבר, עמוד העולם אשר באורו נראה אור”.",כתב עליו,כ״ע.01,כתב עליו,weak,3,"כתב עת | כתב עליו | כולי עלמא (כֻּלֵּי עָלְמָא, כל העולם)",substituted,yes,2,wikipedia,"רשב""א"
ha-01525,כ״ע,"כ״ע או מגזין הוא עיתון היוצא בדרך כלל, בתדירות קבועה ולפחות אחת לשנה בדפוס או באופן אלקטרוני.",כתב עת,כ״ע.02,כתב עת,weak,3,"כתב עת | כתב עליו | כולי עלמא (כֻּלֵּי עָלְמָא, כל העולם)",substituted,yes,2,wikipedia,כתב עת
ha-01526,כ״ע,"קָתֶדְרָה לתולדות ארץ ישראל ויישובה הוא כ״ע לתולדות ארץ ישראל ויישובה, היוצא לאור ארבע פעמים בשנה (רבעון) מטעם 'המכון לחקר ארץ ישראל ויישובה', שביד יצחק בן-צבי.",כתב עת,כ״ע.02,כתב עת,weak,3,"כתב עת | כתב עליו | כולי עלמא (כֻּלֵּי עָלְמָא, כל העולם)",substituted,yes,2,wikipedia,קתדרה (כתב עת)
ha-01527,כ״ע,"רחל ינאית (אלמנתו של יצחק בן-צבי) שמינתה אותו לתפקיד, ופרופ' בנימין מזר, קרוב משפחה וארכאולוג בכיר באוניברסיטה העברית כעסו על כתב העת החדש, מאחר שציפו מבן פורת להפיק כ״ע למורשת יצחק בן-צבי דווקא.",כתב עת,כ״ע.02,כתב עת,weak,3,"כתב עת | כתב עליו | כולי עלמא (כֻּלֵּי עָלְמָא, כל העולם)",substituted,yes,2,wikipedia,קתדרה (כתב עת)
ha-01528,כ״ק,"בשבת הראשונה לכהונתו הפגין גישה ענוותנית כאשר הצהיר בפני חסידיו כי אינו ראוי לתפקיד וביקש שלא להצמיד לשמו את התואר ""כ״ק"".",כבוד קדושת,כ״ק.02,כבוד קדושת,weak,2,כושר קרבי | כבוד קדושת,substituted,no,3,wikipedia,ישראל הגר
ha-01529,כ״ק,כ״ק הוא רמת הכשירות הגופנית והמיומנויות הצבאיות הנדרשת לחייל הלוחם בשדה הקרב.,כושר קרבי,כ״ק.01,כושר קרבי,weak,2,כושר קרבי | כבוד קדושת,substituted,no,3,wikipedia,כושר קרבי
ha-01530,כ״ק,"השימוש בשם ""כ״ק"", מאז סוף 1976, מסמן מעבר לתפיסה רחבה יותר ומקצועית יותר של התחום.",כושר קרבי,כ״ק.01,כושר קרבי,weak,2,כושר קרבי | כבוד קדושת,substituted,no,3,wikipedia,כושר קרבי
ha-01531,כ״ק,"כך תיכנס לכושר, באתר ynet, 6 בנובמבר 2012 טקס סיום קורס מדריכי כ״ק, במעמד יצחק שדה.",כושר קרבי,כ״ק.01,כושר קרבי,weak,2,כושר קרבי | כבוד קדושת,substituted,no,3,wikipedia,כושר קרבי
ha-01532,כ״ש,"לעומת זאת קיים כלל אחר, כי ספק - מוציא מידי ספק כלומר איסור או דין כ״ש שחל מחמת ספק, מתבטל על ידי דין אחר גם אם הוא ספק.",כל שהוא,כ״ש.01,כל שהוא,weak,4,כל שהוא | כל שכן | כהן שלום | כלי שני,substituted,yes,3,wikipedia,אין ספק מוציא מידי ודאי
ha-01533,כ״ש,"המשנה קובעת כי הבונה ""כ״ש"" בשבת חייב, וזאת דוגמת המשכן, שכאשר אחד מקרשי המשכן היה מתליע, היו סותמים אותו בעופרת, וכשם שבמשכן הייתה בנייה באופן זעיר, כך גם במלאכות שבת.",כל שהוא,כ״ש.01,כל שהוא,weak,4,כל שהוא | כל שכן | כהן שלום | כלי שני,substituted,yes,3,wikipedia,מלאכות בונה וסותר
ha-01534,כ״ש,"ואפילו אם עושה את הגג לבד או רק את המחיצות יותר מגובה טפח, וכן אם הוסיף עליהם כ״ש.",כל שהוא,כ״ש.01,כל שהוא,weak,4,כל שהוא | כל שכן | כהן שלום | כלי שני,substituted,yes,3,wikipedia,מלאכות בונה וסותר
ha-01535,כ״ש,"כינון המסדרים הצבאיים פתח פרק חדש בנצרות, שעד אז התנגדה לשפיכות דמים באשר היא, לא כ״ש לשיתוף אנשי דת במעשי האיבה.",כל שכן,כ״ש.02,כל שכן,weak,4,כל שהוא | כל שכן | כהן שלום | כלי שני,substituted,yes,3,wikipedia,מסדר צבאי נוצרי
ha-01536,כ״ש,"שכן אלו שלא נולדו - נולדים וחיים, אלא שכבר חיו לא כ״ש שיחיו שוב)!",כל שכן,כ״ש.02,כל שכן,weak,4,כל שהוא | כל שכן | כהן שלום | כלי שני,substituted,yes,3,wikipedia,תחיית המתים
ha-01537,כ״ש,"ואפילו ישן, שאי אפשר בלא שינה, אפילו כך חייב בנזיקין, כ״ש בשיכור שהוא פושע גמור"".",כל שכן,כ״ש.02,כל שכן,weak,4,כל שהוא | כל שכן | כהן שלום | כלי שני,substituted,yes,3,wikipedia,פושע
ha-01538,כ״ש,בטעם הדבר כ״ש אינו במשל כתבו הראשונים שהוא מחמת שהדפנות הקרות של הכלי השני מצננות אותו.,כלי שני,כ״ש.03,כלי שני,weak,4,כל שהוא | כל שכן | כהן שלום | כלי שני,substituted,yes,3,wikipedia,מלאכת מבשל
ha-01539,כ״ש,"אולם הוא קיבל מתוכה רק את האיסור לגבי כלי ראשון, והסתייג מהאיסור כלפי כ״ש.",כלי שני,כ״ש.03,כלי שני,weak,4,כל שהוא | כל שכן | כהן שלום | כלי שני,substituted,yes,3,wikipedia,מלאכת מבשל
ha-01540,כ״ש,"לכן, לדעת רוב הפוסקים, הכנת קפה שחור בשבת מותרת ב""כלי שלישי"" בלבד שבו לא תקף איסור בישול, דהיינו: מהמחם (""כלי ראשון"") לערות את המים לכלי נוסף (""כ״ש"") וממנו לכוס נוספת – שבה ניתן להכין את הקפה.",כלי שני,כ״ש.03,כלי שני,weak,4,כל שהוא | כל שכן | כהן שלום | כלי שני,substituted,yes,3,wikipedia,קפה
ha-01541,כ״ת,"מתחת לאנדותל, כ״ת, ניתן למצוא רקמה חיבורית תחוחה, ומתחתיה שכבה של רצועות גמישות - למינה אלסטיקה אינטרנה - המשמשת גבול לגלימה הפנימית.",כמו תמיד,כ״ת.01,כמו תמיד,weak,2,כתר תורה | כמו תמיד,substituted,yes,3,wikipedia,כלי דם
ha-01542,כ״ת,"אני אוריד את האשפה כ״ת כשאסיים לקרוא את העיתון, ואתה יודע את זה.",כמו תמיד,כ״ת.01,כמו תמיד,weak,2,כתר תורה | כמו תמיד,substituted,yes,3,wikipedia,איש קש (כשל לוגי)
ha-01543,כ״ת,"כ״ת, תוכניותיה של מחלקת ההגנה הושפעו באופן משמעותי מתקציבה.",כמו תמיד,כ״ת.01,כמו תמיד,weak,2,כתר תורה | כמו תמיד,substituted,yes,3,wikipedia,ניל ה. מקלרוי
ha-01544,כ״ת,"בעיר בת ים הוקם בית הכנסת ""כ״ת ראדומסק"".",כתר תורה,כ״ת.02,כתר תורה,weak,2,כתר תורה | כמו תמיד,substituted,yes,3,wikipedia,חסידות ראדומסק
ha-01545,כ״ת,"בירושלים פעלה במשך שנים ספורות ישיבת ""כ״ת"", בראשות הרב משה בונם קראוס.",כתר תורה,כ״ת.02,כתר תורה,weak,2,כתר תורה | כמו תמיד,substituted,yes,3,wikipedia,חסידות ראדומסק
ha-01546,כ״ת,"כוללים הקשורים לחסידות נמצאים גם במונטריאול ובלייקווד, במשך שנים ספורות התקיימה ישיבת ""כ״ת"" בבית המדרש בבורו פארק, בראשות הרב לייביש פראנד.",כתר תורה,כ״ת.02,כתר תורה,weak,2,כתר תורה | כמו תמיד,substituted,yes,3,wikipedia,חסידות ראדומסק
ha-01547,לב״ב,"""לב״ב"", ספרית הפועלים 2012, 192 עמ’: נועם בטוח שהוא הילד הכי דפוק בכיתה בחשבון.",לא בא בחשבון,לב״ב.01,לא בא בחשבון,weak,2,לא בא בחשבון | לחימה בשטח בנוי (מיושן),substituted,no,3,wikipedia,פנינה אריאל
ha-01548,לב״ב,"לב״ב"", שכתב המחזאי היהודי הדרום אפריקני ויקטור גורדון.",לא בא בחשבון,לב״ב.01,לא בא בחשבון,weak,2,לא בא בחשבון | לחימה בשטח בנוי (מיושן),substituted,no,3,wikipedia,ריכרד וגנר
ha-01549,לב״ב,"לב״ב"" של תיאטרון הקריאה מיסודו של תיאטרון מיקרו, לצידם של מרים זוהר, עדי ביילסקי וניב פטל.",לא בא בחשבון,לב״ב.01,לא בא בחשבון,weak,2,לא בא בחשבון | לחימה בשטח בנוי (מיושן),substituted,no,3,wikipedia,רמי ברוך
ha-01550,לו״ז,"ההסכם קבע לו״ז והיקף של הנסיגות בהם ישראל מחויבת, ובמקביל הניח לו״ז לצעדים ביטחוניים של הפלסטינים באיסוף נשק בלתי חוקי, לחימה בטרור ומניעת הסתה.",לוח זמנים,לו״ז.01,לוח זמנים,weak,2,לוח זמנים | לוחמה זעירה,substituted,yes,3,wikipedia,הסכם ואי
ha-01551,לו״ז,אהוד ברק הגיע בספטמבר 1999 להסכם שארם בו נקבע לו״ז חדש למחויבויות בהסכם ואי ונוספו מחויבויות ישראליות נוספות לשחרור אסירים.,לוח זמנים,לו״ז.01,לוח זמנים,weak,2,לוח זמנים | לוחמה זעירה,substituted,yes,3,wikipedia,הסכם ואי
ha-01552,לו״ז,"למוניות שירות אין בדרך כלל לו״ז קבוע אלא הן מתבססות על שיטת ""מלא וסע"".",לוח זמנים,לו״ז.01,לוח זמנים,weak,2,לוח זמנים | לוחמה זעירה,substituted,yes,3,wikipedia,מוניות שירות בישראל
ha-01553,לו״ז,"מפקד גדוד 890 של הצנחנים, אריק שרון וסגנו אהרן דוידי, גיבשו תוכנית מפורטת לקורס ""לו״ז"" המיועד לבוגרי בית הספר לקצינים בעלי כושר גופני טוב.",לוחמה זעירה,לו״ז.02,לוחמה זעירה,weak,2,לוח זמנים | לוחמה זעירה,substituted,yes,3,wikipedia,כוחות מיוחדים
ha-01554,לו״ז,"תחת השם ""חבלה"" מאוגדות בעיקר פעולות קומנדו הנעשות בחשאי, בשיטות לו״ז, בהן יש התמקדות ספציפית במטרה טקטית ופגיעה בה, לרוב באמצעות מטעני נפץ.",לוחמה זעירה,לו״ז.02,לוחמה זעירה,weak,2,לוח זמנים | לוחמה זעירה,substituted,yes,3,wikipedia,חבלה (פעילות מלחמתית)
ha-01555,לו״ז,"צבי גבעתי (נולד ב-25 בנובמבר 1934) הוא קצין חיל הים בדימוס בדרגת אלוף-משנה, בתפקידו האחרון היה מפקד יחידת לו״ז בשנים 1974–1976.",לוחמה זעירה,לו״ז.02,לוחמה זעירה,weak,2,לוח זמנים | לוחמה זעירה,substituted,yes,3,wikipedia,צבי גבעתי
ha-01556,לפ״ד,"תקופת ניסן שבשנה זו היא תחילת שנת 8 (סימנה חיהז) במחזור השמש ה-203.שנה זו היא שנת 1,835 לחורבן הבית, ושנת 2,215 לשטרות.לפ״ד רוב הראשונים שנה זו היא שנת היובל.",לפי דברי,לפ״ד.01,לפי דברי,weak,2,"לפי דברי | לפי דעתו, לפי דעתי",substituted,no,3,wikipedia,"ה'תרס""ד"
ha-01557,לפ״ד,לפ״ד החוקר יוהאן הויזינחה שעה ששקעו מסדרי האבירים שהשתתפו בפועל במסעי הצלב הועתקו תפקידיהם מן המישור המעשי למישור הסמלי והמשחקי.,לפי דברי,לפ״ד.01,לפי דברי,weak,2,"לפי דברי | לפי דעתו, לפי דעתי",substituted,no,3,wikipedia,מסדר אבירות
ha-01558,לפ״ד,"תקופת ניסן שבשנה זו היא תחילת שנת 15 (סימנה טויזא) במחזור השמש ה-201.שנה זו היא שנת 1,786 לחורבן הבית, ושנת 2,166 לשטרות.לפ״ד רוב הראשונים שנה זו היא שנת היובל.",לפי דברי,לפ״ד.01,לפי דברי,weak,2,"לפי דברי | לפי דעתו, לפי דעתי",substituted,no,3,wikipedia,"ה'תרט""ו"
ha-01559,ל״א,"התחום המודיעיני אלינט (ELINT) מספק את הידע המוקדם הדרוש למימוש של אמצעי ל״א ולשימוש אפקטיבי בהם, בכך שהוא מספק מידע על אופן הפעולה של מטרות התקיפה האלקטרונית.",לוחמה אלקטרונית,ל״א.01,לוחמה אלקטרונית,weak,2,לוחמה אלקטרונית | לשון אחר,substituted,yes,3,wikipedia,לוחמה אלקטרונית
ha-01560,ל״א,"על מנת לקיים לוחמה אפקטיבית, עושות מערכות ל״א שימוש בכלים ובשיטות המשמשות לאיסוף ועיבוד אלינט.",לוחמה אלקטרונית,ל״א.01,לוחמה אלקטרונית,weak,2,לוחמה אלקטרונית | לשון אחר,substituted,yes,3,wikipedia,לוחמה אלקטרונית
ha-01561,ל״א,"מערכות הגנה מנגד (Stand Off) – אלה מותקנות על פלטפורמות הנמצאות מחוץ לטווח מערכות הנשק של האויב ומפעילות ל״א היוצרת ""מסדרון מיסוך"" עבור הכוחות התוקפים.",לוחמה אלקטרונית,ל״א.01,לוחמה אלקטרונית,weak,2,לוחמה אלקטרונית | לשון אחר,substituted,yes,3,wikipedia,לוחמה אלקטרונית
ha-01562,ל״א,"ל״א: מן הצד האחד החומר גאומטרי, ולכן בעל יחידות יסודיות חסרות נפח, ומן הצד האחר המונח ""חסר נפח"" סותר את היות החומר ""יש"" מתפשט בטבעו.",לשון אחר,ל״א.02,לשון אחר,weak,2,לוחמה אלקטרונית | לשון אחר,substituted,yes,3,wikipedia,מונאדה (לייבניץ)
ha-01563,ל״א,"ל״א, האם המילים נקבעו לפי הסכמה (thesis) או לפי טבע (physis).",לשון אחר,ל״א.02,לשון אחר,weak,2,לוחמה אלקטרונית | לשון אחר,substituted,yes,3,wikipedia,טבע או הסכמה
ha-01564,ל״א,"ל״א, כל התגלות חדשה כרוכה בהסתלקות, אשר קודמת לה קדימה הכרחית.",לשון אחר,ל״א.02,לשון אחר,weak,2,לוחמה אלקטרונית | לשון אחר,substituted,yes,3,wikipedia,תורת הצמצום
ha-01565,ל״ד,"איסור שחסר בו אחד המאפיינים הללו – אין עליו עונש מלקות, כי ""ל״ד ללאו דחסימה"" (=אינו דומה לאיסור החסימה).",לא דמי,ל״ד.03,לא דמי,weak,3,לחץ דם | לאו דווקא | לא דמי,substituted,yes,2,wikipedia,לא תחסום שור בדישו
ha-01566,ל״ד,"בניגוד לקריין רדיו, שדרן רדיו ל״ד מקריא חומר מוכן מראש שנכתב על ידי אחרים.",לאו דווקא,ל״ד.01,לאו דווקא,weak,3,לחץ דם | לאו דווקא | לא דמי,substituted,yes,2,wikipedia,שדרן רדיו
ha-01567,ל״ד,"אי כך משערים שהאיטלקים, שהכירו את הים האגאי המשובץ באיים (כלומר בארכיפלגים), קראו לו כך, ומשם המילה הושאלה לכל מקבץ איים, ל״ד בים האגאי.",לאו דווקא,ל״ד.01,לאו דווקא,weak,3,לחץ דם | לאו דווקא | לא דמי,substituted,yes,2,wikipedia,ארכיפלג
ha-01568,ל״ד,"המהנדס בדרך כלל מאפיין את הבעיה שלפתרונה הוא נצרך, כולל הצרכים והמגבלות, ועל סמך הידע והניסיון שלו נותן פתרון תכנוני סביר, אך ל״ד אופטימלי, לבעיה זו.",לאו דווקא,ל״ד.01,לאו דווקא,weak,3,לחץ דם | לאו דווקא | לא דמי,substituted,yes,2,wikipedia,מהנדס
ha-01569,ל״ד,ל״ד הוא הלחץ שמפעיל הדם על דפנות כלי הדם.,לחץ דם,ל״ד.02,לחץ דם,weak,3,לחץ דם | לאו דווקא | לא דמי,substituted,yes,2,wikipedia,לחץ דם
ha-01570,ל״ד,ל״ד גבוה מאוד או נמוך מאוד עלול להוביל להפרעה בתפקוד ולהרעה במצב הבריאותי.,לחץ דם,ל״ד.02,לחץ דם,weak,3,לחץ דם | לאו דווקא | לא דמי,substituted,yes,2,wikipedia,לחץ דם
ha-01571,ל״ד,"המשמעות של ל״ד הסיסטולי היא כושר ההתנגדות של כלי הדם (TPR), ושל לחץ הדם הדיאסטולי הוא נפח הדם.",לחץ דם,ל״ד.02,לחץ דם,weak,3,לחץ דם | לאו דווקא | לא דמי,substituted,yes,2,wikipedia,לחץ דם
ha-01572,ל״ל,"""ל״ל"" הוא סינגל של הזמרת הים תיכונית שרית חדד.",למה לי,ל״ל.01,למה לי,weak,2,"למה לי | לית ליה, לית לן, (ארמית-אין לו, אין לה, אין לנו)",substituted,no,3,wikipedia,למה לי
ha-01573,ל״ל,"""ל״ל"" הוא ניסיון מובהק להצעיר את הסגנון של חדד.",למה לי,ל״ל.01,למה לי,weak,2,"למה לי | לית ליה, לית לן, (ארמית-אין לו, אין לה, אין לנו)",substituted,no,3,wikipedia,למה לי
ha-01574,ל״ל,"""אז ל״ל פוליטיקה עכשיו"" הוא שיר שכתב והלחין שלומי ברכה וביצעה להקת הפופ רוק משינה.",למה לי,ל״ל.01,למה לי,weak,2,"למה לי | לית ליה, לית לן, (ארמית-אין לו, אין לה, אין לנו)",substituted,no,3,wikipedia,אז למה לי פוליטיקה עכשיו
ha-01575,ל״ע,"- כדי שלא יהיו עולי רגל אומרים: אלמלי ל״ע אלא לרחוץ בחמי טבריא - דיינו, ונמצאת עלייה שלא לשמה."" (מסכת פסחים ח:).",לא עלינו,ל״ע.01,לא עלינו,weak,3,לעת עתה | לימוד עצמי | לא עלינו,substituted,yes,3,wikipedia,חמי טבריה
ha-01576,ל״ע,"הסרט שילך בעקבות הספר, יתחקה אחר יפי הבלורית והתואר שבלוריתם כבר נשרה, שהתואר שלהם מפוקפק, ושהמקום שבו הם חיים – ל״ע."" בסוף 2010 יצא סרטו ""עוד אני הולך"".",לא עלינו,ל״ע.01,לא עלינו,weak,3,לעת עתה | לימוד עצמי | לא עלינו,substituted,yes,3,wikipedia,יקי יושע
ha-01577,ל״ע,"שני פומס, ‏אל הר צפרא כבר ל״ע עוד, באתר חיל האוויר הישראלי, 9 בספטמבר 2013.",לא עלינו,ל״ע.01,לא עלינו,weak,3,לעת עתה | לימוד עצמי | לא עלינו,substituted,yes,3,wikipedia,"י""ב 528"
ha-01578,ל״ע,"הלימוד בחברותא מתבסס על אינטראקציות רצופות בין שני הלומדים, ובכך יחודה לעומת ל״ע או לימוד פרונטאלי בכיתה.",לימוד עצמי,ל״ע.02,לימוד עצמי,weak,3,לעת עתה | לימוד עצמי | לא עלינו,substituted,yes,3,wikipedia,חברותא
ha-01579,ל״ע,"לימוד תורה יכול להיעשות במסגרת ל״ע, לימוד בחברותא, או שמיעת שיעור מפי רב.",לימוד עצמי,ל״ע.02,לימוד עצמי,weak,3,לעת עתה | לימוד עצמי | לא עלינו,substituted,yes,3,wikipedia,מצוות תלמוד תורה
ha-01580,ל״ע,"לפי התאוריה של קאטל, המבוססת על בחינות פסיכומטריות, האינטליגנציה הכללית (g) כוללת שני מרכיבים: אינטליגנציה גבישית: כישורים נרכשים שמתגבשים במהלך החיים באמצעות חינוך, השכלה, ל״ע ואימון.",לימוד עצמי,ל״ע.02,לימוד עצמי,weak,3,לעת עתה | לימוד עצמי | לא עלינו,substituted,yes,3,wikipedia,אינטליגנציה גבישית ונוזלית
ha-01581,ל״ע,ל״ע קיימת אי בהירות לגבי אישור מנהל המזון והתרופות האמריקאי לשיווק המוצר.,לעת עתה,ל״ע.03,לעת עתה,weak,3,לעת עתה | לימוד עצמי | לא עלינו,substituted,yes,3,wikipedia,אבקת אלכוהול
ha-01582,ל״ע,"לפיכך העמדתי יחידות הרג בכוננות – ל״ע רק במזרח – עם הוראות להרוג ללא רחמים גברים, נשים וילדים ממוצא פולני.",לעת עתה,ל״ע.03,לעת עתה,weak,3,לעת עתה | לימוד עצמי | לא עלינו,substituted,yes,3,wikipedia,לבנסראום
ha-01583,ל״ע,למרות זאת הכריז מנואל על יוחנן כיורשו משום שהיה חסר בנים ל״ע.,לעת עתה,ל״ע.03,לעת עתה,weak,3,לעת עתה | לימוד עצמי | לא עלינו,substituted,yes,3,wikipedia,"יוחנן השביעי פלאולוגוס, קיסר האימפריה הביזנטית"
ha-01584,ל״ש,"כאשר עצם כלשהו הוא איבר בקבוצה נאמר שהוא שייך לקבוצה, על כל עצם אחר נאמר שהוא ל״ש לקבוצה זו.",לא שייך,ל״ש.01,לא שייך,weak,4,לירה שטרלינג | לא שייך | לא שמיה (=לא נקרא/נחשב) | לא שנא/שנו,substituted,yes,3,wikipedia,קבוצה (מתמטיקה)
ha-01585,ל״ש,"על אף שהסרט מסווג בהתאם למוסכמות כסרט תיעודי, לנצמן עצמו ל״ש אותו לז'אנר זה, משום שבניגוד לסרטים תיעודיים אחרים, הסרט הזה אינו מתעד מצבים היסטוריים שקרו בעבר.",לא שייך,ל״ש.01,לא שייך,weak,4,לירה שטרלינג | לא שייך | לא שמיה (=לא נקרא/נחשב) | לא שנא/שנו,substituted,yes,3,wikipedia,שואה (סרט)
ha-01586,ל״ש,למרות השם בבון הוא ל״ש לסוג זה וקיימת מחלוקת על קרבתו למיני הבבון.,לא שייך,ל״ש.01,לא שייך,weak,4,לירה שטרלינג | לא שייך | לא שמיה (=לא נקרא/נחשב) | לא שנא/שנו,substituted,yes,3,wikipedia,בבון זנוב
ha-01587,ל״ש,"עד אמצע שנות ה-50 של המאה ה-20 היה המטבע הקטן ביותר רבע פני, כלומר 1/960 ל״ש, והוא כונה פרד'ינג (Farthing‌).",לירה שטרלינג,ל״ש.02,לירה שטרלינג,weak,4,לירה שטרלינג | לא שייך | לא שמיה (=לא נקרא/נחשב) | לא שנא/שנו,substituted,yes,3,wikipedia,לירה שטרלינג
ha-01588,ל״ש,"כדי להקל על ההמרה, הונהג גם מטבע של חצי פני חדש (1/200 של ל״ש), אף על פי שכבר באותה עת היה ברור שמטבע חצי-פני חדש לא יאריך ימים בגלל ערכו הנמוך.",לירה שטרלינג,ל״ש.02,לירה שטרלינג,weak,4,לירה שטרלינג | לא שייך | לא שמיה (=לא נקרא/נחשב) | לא שנא/שנו,substituted,yes,3,wikipedia,לירה שטרלינג
ha-01589,ל״ש,ל״ש של איי פוקלנד הוא המטבע הרשמי של איי פוקלנד.,לירה שטרלינג,ל״ש.02,לירה שטרלינג,weak,4,לירה שטרלינג | לא שייך | לא שמיה (=לא נקרא/נחשב) | לא שנא/שנו,substituted,yes,3,wikipedia,לירה שטרלינג של איי פוקלנד
ha-01590,ל״ת,"מצוות עשה מחייבות בדרך כלל עשייה לשם קיומן, ומצוות ל״ת מחייבות בדרך כלל הימנעות מעשייה לשם קיומן, אך לעיתים נדרשת עשייה לשם קיומה של מצוות ל״ת.",לא תעשה,ל״ת.01,לא תעשה,weak,2,לא תעשה | ללא תוכן,substituted,yes,3,wikipedia,מצווה
ha-01591,ל״ת,"דוגמה לכך היא המצווה ""לא תעמוד על דם רעך"", המנוסחת כמצוות ל״ת, אך כדי לקיימה יש לקום ולעשות מעשה ולהציל את האדם הנמצא בסכנה.",לא תעשה,ל״ת.01,לא תעשה,weak,2,לא תעשה | ללא תוכן,substituted,yes,3,wikipedia,מצווה
ha-01592,ל״ת,"ל״ת לך פסל וכל תמונה: אלוהים שולל כל עצם דומם שנוצר לשבחו, וההסבר לכך שטיפוח פסלים ותמונות נחשב לעבודה זרה.",לא תעשה,ל״ת.01,לא תעשה,weak,2,לא תעשה | ללא תוכן,substituted,yes,3,wikipedia,מצווה
ha-01593,ל״ת,"השפה עצמה היא כלי צורני (סינטקטי), ל״ת סמנטי.",ללא תוכן,ל״ת.02,ללא תוכן,weak,2,לא תעשה | ללא תוכן,substituted,yes,3,wikipedia,שפה מסדר ראשון
ha-01594,ל״ת,"תוכן העניינים מכיל את רשימת כל הפרקים שבספר (כולל רכיבים פותחים ורכיבים מסיימים, אך ל״ת העניינים עצמו), ורושם בקצה השני של השורה את העמוד שבו מתחיל כל פרק.",ללא תוכן,ל״ת.02,ללא תוכן,weak,2,לא תעשה | ללא תוכן,substituted,yes,3,wikipedia,תוכן העניינים
ha-01595,ל״ת,"כיום, כאמור, התואר הוא תואר כבוד ל״ת מעשי, המתייחס לארבע עשרה ערים השייכות לפדרציה של חמשת הנמלים.",ללא תוכן,ל״ת.02,ללא תוכן,weak,2,לא תעשה | ללא תוכן,substituted,yes,3,wikipedia,לורד חמשת הנמלים
ha-01596,מא״ג,"מא״ג, או בשמו המלא FN MAG 58, הוא מקלע בינוני רב-תכליתי בלגי.",מאג,מא״ג.01,מאג,weak,3,מאג | מדרש אגדה | מקלע אחיד גדודי,substituted,yes,3,wikipedia,מאג
ha-01597,מא״ג,"דוגמאות למקלעים כאלה מא״ג, מקלע MG3, מקלע MG5, ומקלע SIG MG 338.",מאג,מא״ג.01,מאג,weak,3,מאג | מדרש אגדה | מקלע אחיד גדודי,substituted,yes,3,wikipedia,מקלע
ha-01598,מא״ג,"ברחבי אמריקה מקובל ספל גדול הקרוי ""מא״ג"" (mug), המיועד בעיקר לשתיית קפה נמס.",מאג,מא״ג.01,מאג,weak,3,מאג | מדרש אגדה | מקלע אחיד גדודי,substituted,yes,3,wikipedia,ספל
ha-01599,מא״ג,מדרש שמואל על ספר שמואל מדרש שוחר טוב – מא״ג לתהלים.,מדרש אגדה,מא״ג.02,מדרש אגדה,weak,3,מאג | מדרש אגדה | מקלע אחיד גדודי,substituted,yes,3,wikipedia,אגדה (יהדות)
ha-01600,מא״ג,שמות רבה ידוע גם כמדרש ואלה שמות רבה הוא מא״ג לספר שמות האוגד שני חיבורים נפרדים.,מדרש אגדה,מא״ג.02,מדרש אגדה,weak,3,מאג | מדרש אגדה | מקלע אחיד גדודי,substituted,yes,3,wikipedia,שמות רבה
ha-01601,מא״ג,"מדרש תנחומא, המכונה גם מדרש ילמדנו, הוא שם כולל לשלושה קובצי מא״ג.",מדרש אגדה,מא״ג.02,מדרש אגדה,weak,3,מאג | מדרש אגדה | מקלע אחיד גדודי,substituted,yes,3,wikipedia,מדרש תנחומא
ha-01602,מא״ש,"מא״ש, המרכז הזה מאמן תחתיו את כלל היחידות באימונים של שימוש בנשק ואש חיה ותקיפה.",המרכז לאימונים באש,מא״ש.02,המרכז לאימונים באש,weak,4,מאה שערים | מרדכי איש-שלום | המרכז לאימונים באש | מאיר איש-שלום,substituted,yes,3,wikipedia,המרכז הלאומי לאימונים ביבשה
ha-01603,מא״ש,במרץ 2010 מונה למפקד מא״ש במרכז הלאומי לאימונים ביבשה.,המרכז לאימונים באש,מא״ש.02,המרכז לאימונים באש,weak,4,מאה שערים | מרדכי איש-שלום | המרכז לאימונים באש | מאיר איש-שלום,substituted,yes,3,wikipedia,ליאור הוכמן
ha-01604,מא״ש,"מא״ש היא שכונה יהודית אשכנזית ותיקה במרכז ירושלים, בקרבת מרכז העיר והעיר העתיקה ואחת השכונות היהודיות הראשונות שנבנו מחוץ לחומות ירושלים העתיקה.",מאה שערים,מא״ש.01,מאה שערים,weak,4,מאה שערים | מרדכי איש-שלום | המרכז לאימונים באש | מאיר איש-שלום,substituted,yes,3,wikipedia,מאה שערים
ha-01605,מא״ש,"גבולות השכונה כיום: במערב – רחוב נתן שטראוס, בדרום – רחוב בני ברית ורחוב הרב שמואל סלנט, במזרח – רחוב שבטי ישראל, ובצפון - רחוב מא״ש ורחוב שומרי אמונים.",מאה שערים,מא״ש.01,מאה שערים,weak,4,מאה שערים | מרדכי איש-שלום | המרכז לאימונים באש | מאיר איש-שלום,substituted,yes,3,wikipedia,מאה שערים
ha-01606,מא״ש,"השם נבחר גם כיוון ש""מא״ש"" שווה בגימטריה ל-666.",מאה שערים,מא״ש.01,מאה שערים,weak,4,מאה שערים | מרדכי איש-שלום | המרכז לאימונים באש | מאיר איש-שלום,substituted,yes,3,wikipedia,מאה שערים
ha-01607,מא״ש,מא״ש מציע כי סדר העצים נקבע על פי מידת הצל וההגנה שהם מספקים.,מאיר איש-שלום,מא״ש.03,מאיר איש-שלום,weak,4,מאה שערים | מרדכי איש-שלום | המרכז לאימונים באש | מאיר איש-שלום,substituted,yes,3,wikipedia,משל יותם
ha-01608,מא״ש,מכאן הסיק מא״ש שהברייתא נכתבה בסוף תקופת התנאים יחד עם שאר הברייתות.,מאיר איש-שלום,מא״ש.03,מאיר איש-שלום,weak,4,מאה שערים | מרדכי איש-שלום | המרכז לאימונים באש | מאיר איש-שלום,substituted,yes,3,wikipedia,ברייתא דמלאכת המשכן
ha-01609,מא״ש,"הפרס, הנקרא על שמו של מא״ש, חולק לראשונה בשנת 1988, לצידו של ""פרס ליצירה אמנותית ע”ש שושנה איש-שלום"".",מרדכי איש-שלום,מא״ש.04,מרדכי איש-שלום,weak,4,מאה שערים | מרדכי איש-שלום | המרכז לאימונים באש | מאיר איש-שלום,substituted,yes,3,wikipedia,"פרס מפעל חיים ע""ש מרדכי איש-שלום"
ha-01610,מא״ש,"הפרס, הנקרא על שמה של שושנה איש-שלום, רעייתו של מא״ש, חולק לראשונה בשנת 1986.",מרדכי איש-שלום,מא״ש.04,מרדכי איש-שלום,weak,4,מאה שערים | מרדכי איש-שלום | המרכז לאימונים באש | מאיר איש-שלום,substituted,yes,3,wikipedia,"פרס ליצירה אמנותית ע""ש שושנה איש-שלום"
ha-01611,מב״א,"מב""אות (מרכז בקרה אווירי או מב״א) – אחריות על ניהול הרום הקרוב לקרקע, באוגדה 143, באוגדה 91 ובאוגדה 80.",מכלול בקרה אוגדתי,מב״א.02,מכלול בקרה אוגדתי,weak,2,מערכת בקרת אש | מכלול בקרה אוגדתי,substituted,no,3,wikipedia,מערך הבקרה האווירית
ha-01612,מב״א,"מב״א חדשה מדגם 'Volna' הותקנה, וזו כללה מד טווח לייזר מעל התותח בעל טווח מרבי של 4,000 מטרים, מחשב בליסטי ומערכת ייצוב תותח משודרגת.",מערכת בקרת אש,מב״א.01,מערכת בקרת אש,weak,2,מערכת בקרת אש | מכלול בקרה אוגדתי,substituted,no,3,wikipedia,T-55/54
ha-01613,מב״א,מב״א ממוחשבת חדשה (עם מד טווח לייזר ומחשב בליסטי) מתוצרת סלובניה הותקנה.,מערכת בקרת אש,מב״א.01,מערכת בקרת אש,weak,2,מערכת בקרת אש | מכלול בקרה אוגדתי,substituted,no,3,wikipedia,T-55/54
ha-01614,מב״א,הותקנה מב״א מודרנית עם מד טווח לייזר ומערכות קשר חדשות.,מערכת בקרת אש,מב״א.01,מערכת בקרת אש,weak,2,מערכת בקרת אש | מכלול בקרה אוגדתי,substituted,no,3,wikipedia,T-55/54
ha-01615,מב״ו,חסרי האמצעים נאלצים לבנות הכוח שלהם מב״ו.,מבשר ודם,מב״ו.02,מבשר ודם,weak,2,מלך בשר ודם | מבשר ודם,substituted,no,3,wikipedia,סול אלינסקי
ha-01616,מב״ו,"אחד מספריו המתורגמים ביותר הוא ""מב״ו"" משנת 1954.",מלך בשר ודם,מב״ו.01,מלך בשר ודם,weak,2,מלך בשר ודם | מבשר ודם,substituted,no,3,wikipedia,משה שמיר
ha-01617,מב״ו,"הדרשן פותח בהליך הקישור, ראשית הוא מראה שבמשלי אין מדובר על מב״ו אחרת היה יכול לכתוב ""דבר במשפט יעמיד ארץ"", לאחר המסקנה הזאת ניתן לומר שה' ברא את העולם במשפט כלומר בכוח הדין.",מלך בשר ודם,מב״ו.01,מלך בשר ודם,weak,2,מלך בשר ודם | מבשר ודם,substituted,no,3,wikipedia,בראשית רבה
ha-01618,מב״ו,"הציונות רואה עצמה כממשיכת דרכם במובנים רבים, ויצירות אמנות כספר ""מב״ו"" של משה שמיר העוסק בדמותו של אלכסנדר ינאי, מדגישות את הכוח והעוצמה שהיו בממלכה החשמונאית, כמו את הקו הטראגי שנלווה לבניה.",מלך בשר ודם,מב״ו.01,מלך בשר ודם,weak,2,מלך בשר ודם | מבשר ודם,substituted,no,3,wikipedia,חשמונאים
ha-01619,מב״ם,בעקבות פעילותו הסלימה מב״ם ואף הגיעה לנקודת רתיחה של סף מלחמה במבצע בית הקלפים.,המערכה בין המלחמות,מב״ם.01,המערכה בין המלחמות,weak,3,מבקר המדינה | המערכה בין המלחמות | מזר בכיר מתקדם,substituted,yes,3,wikipedia,קאסם סולימאני
ha-01620,מב״ם,"ב-2010 מונה למפקד טייסת 133 וב-2012 מונה לראש ענף עומק במחלקת מבצעים של חיל האוויר, כראש הענף עסק בתכנון מב״ם.",המערכה בין המלחמות,מב״ם.01,המערכה בין המלחמות,weak,3,מבקר המדינה | המערכה בין המלחמות | מזר בכיר מתקדם,substituted,yes,3,wikipedia,גלעד קינן
ha-01621,מב״ם,"עסק בהתאמת השינוי במטה המבצעי של חיל הים, בביסוס הקמת יחידת השליטה וזירת המים הכלכליים בדרג מחלקה, בכתיבת תפיסת הפעלה למטה המבצעי בפעילות אופרטיבית, ובהובלת פעילות חיל הים בתקופת מב״ם.",המערכה בין המלחמות,מב״ם.01,המערכה בין המלחמות,weak,3,מבקר המדינה | המערכה בין המלחמות | מזר בכיר מתקדם,substituted,yes,3,wikipedia,אייל הראל
ha-01622,מב״ם,מב״ם הוא המוסד המרכזי בישראל לביקורת המדינה.,מבקר המדינה,מב״ם.02,מבקר המדינה,weak,3,מבקר המדינה | המערכה בין המלחמות | מזר בכיר מתקדם,substituted,yes,3,wikipedia,מבקר המדינה
ha-01623,מב״ם,"מב״ם עורך ביקורת חיצונית על מגוון פעולותיהם של גופי מינהל המדינה וגופים ציבוריים שונים, כדי להבטיח פיקוח על כספי ציבור ונשיאה באחריותיות (Accountability).",מבקר המדינה,מב״ם.02,מבקר המדינה,weak,3,מבקר המדינה | המערכה בין המלחמות | מזר בכיר מתקדם,substituted,yes,3,wikipedia,מבקר המדינה
ha-01624,מב״ם,משרד מב״ם חבר בארגון הבין-לאומי למוסדות ביקורת עליונים.,מבקר המדינה,מב״ם.02,מבקר המדינה,weak,3,מבקר המדינה | המערכה בין המלחמות | מזר בכיר מתקדם,substituted,yes,3,wikipedia,מבקר המדינה
ha-01625,מב״ר,"מב״ר הוא המחזיק והמפעיל של בתי החולים הגדולים במדינה, ותקציבו הוא התקציב השלישי בגודלו בממשלה (לאחר משרד הביטחון ומשרד החינוך).",משרד הבריאות,מב״ר.01,משרד הבריאות,weak,3,משרד הבריאות | מסלול בגרויות רגיל | מפגר בעל רצון,substituted,no,3,wikipedia,משרד הבריאות
ha-01626,מב״ר,כבר באפריל 1948 נעשו הכנות להתחלת פעילות מב״ר בתל אביב ב-15 במאי של אותה השנה.,משרד הבריאות,מב״ר.01,משרד הבריאות,weak,3,משרד הבריאות | מסלול בגרויות רגיל | מפגר בעל רצון,substituted,no,3,wikipedia,משרד הבריאות
ha-01627,מב״ר,"מב״ר מספק שירותי בריאות לציבור באופן ישיר מכוח חוק ביטוח בריאות ממלכתי, בתחומי רפואת התלמיד, בריאות הנפש, רפואה מונעת, גריאטריה ורכישת מכשירי שיקום ועזרים לניידות.",משרד הבריאות,מב״ר.01,משרד הבריאות,weak,3,משרד הבריאות | מסלול בגרויות רגיל | מפגר בעל רצון,substituted,no,3,wikipedia,משרד הבריאות
ha-01628,מג״ב,"רוכב קטנוע דרס לוחם ולוחמת מג""ב ופצע אותם קל-בינוני.",משמר הגבול,מג״ב.01,משמר הגבול,verified,3,משמר הגבול | מגה בית (גם: מגה בייט). בדיוק מיליון בית | מיירט גובה בינוני,natural,no,3,wikipedia,פיגועי טרור נגד ישראלים בישראל ובשטחים ב-2017
ha-01629,מג״ב,"8 במרץ – מחבלת ממזרח ירושלים בת 50 ניסתה לדקור שוטרי מג""ב ברחוב הגיא שבעיר העתיקה בירושלים.",משמר הגבול,מג״ב.01,משמר הגבול,verified,3,משמר הגבול | מגה בית (גם: מגה בייט). בדיוק מיליון בית | מיירט גובה בינוני,natural,no,3,wikipedia,פיגועי טרור נגד ישראלים בישראל ובשטחים ב-2017
ha-01630,מג״ב,"13 במרץ – התרחש פיגוע דקירה בשער האריות בירושלים מחבל דקר שני שוטרי מג""ב ופצע אותם באורח בינוני.",משמר הגבול,מג״ב.01,משמר הגבול,verified,3,משמר הגבול | מגה בית (גם: מגה בייט). בדיוק מיליון בית | מיירט גובה בינוני,natural,no,3,wikipedia,פיגועי טרור נגד ישראלים בישראל ובשטחים ב-2017
ha-01631,מג״ב,מג״ב הוא חיל חלוץ המשלב בני מיעוטים רבים המשרתים כלוחמים וכמפקדים בחיל.,משמר הגבול,מג״ב.01,משמר הגבול,weak,3,משמר הגבול | מגה בית (גם: מגה בייט). בדיוק מיליון בית | מיירט גובה בינוני,substituted,no,3,wikipedia,משמר הגבול
ha-01632,מג״ב,בעקבות החלטה זו הוקמו בשנת 1951 שלוש פלוגות מג״ב במסגרת המשטרה.,משמר הגבול,מג״ב.01,משמר הגבול,weak,3,משמר הגבול | מגה בית (גם: מגה בייט). בדיוק מיליון בית | מיירט גובה בינוני,substituted,no,3,wikipedia,משמר הגבול
ha-01633,מג״ב,בשנת 1954 נעשה ניסיון להקים יחידת שריון במסגרת מג״ב.,משמר הגבול,מג״ב.01,משמר הגבול,weak,3,משמר הגבול | מגה בית (גם: מגה בייט). בדיוק מיליון בית | מיירט גובה בינוני,substituted,no,3,wikipedia,משמר הגבול
ha-01634,מג״ל,"מג״ל נוסד בעזרתו של הפילנתרופ היהודי לודוויג יסלזון, ואף נקרא על שמו.",המכון הגבוה לתורה,מג״ל.01,המכון הגבוה לתורה,weak,7,המכון הגבוה לתורה | מביא גאולה לעולם | מגל (בעבר מערך גיבוי לחימה) | שם עט של גיורא לשם | מיליגרם לליטר (mg/L) | מנה ג' לשבטים (שם משפחה של שבט לוי) | מרכז גמילה ליפתא,substituted,no,3,wikipedia,המכון הגבוה לתורה
ha-01635,מג״ל,בשנת יסודו מנה מג״ל 15 תלמידים; כיום הוא מונה מעל 350 תלמידים.,המכון הגבוה לתורה,מג״ל.01,המכון הגבוה לתורה,weak,7,המכון הגבוה לתורה | מביא גאולה לעולם | מגל (בעבר מערך גיבוי לחימה) | שם עט של גיורא לשם | מיליגרם לליטר (mg/L) | מנה ג' לשבטים (שם משפחה של שבט לוי) | מרכז גמילה ליפתא,substituted,no,3,wikipedia,המכון הגבוה לתורה
ha-01636,מג״ל,החל מ־2012 הוא מתגורר בלוד ומלמד בבית המדרש של מג״ל שבאוניברסיטת בר-אילן.,המכון הגבוה לתורה,מג״ל.01,המכון הגבוה לתורה,weak,7,המכון הגבוה לתורה | מביא גאולה לעולם | מגל (בעבר מערך גיבוי לחימה) | שם עט של גיורא לשם | מיליגרם לליטר (mg/L) | מנה ג' לשבטים (שם משפחה של שבט לוי) | מרכז גמילה ליפתא,substituted,no,3,wikipedia,מיכאל אברהם
ha-01637,מג״ל,"למד גם אצל רבי חנינא בר חמא, והוא מביא בשמו את המשפט ""כל האומר דבר בשם אומרו מג״ל"".",מביא גאולה לעולם,מג״ל.02,מביא גאולה לעולם,weak,7,המכון הגבוה לתורה | מביא גאולה לעולם | מגל (בעבר מערך גיבוי לחימה) | שם עט של גיורא לשם | מיליגרם לליטר (mg/L) | מנה ג' לשבטים (שם משפחה של שבט לוי) | מרכז גמילה ליפתא,substituted,no,3,wikipedia,רבי אלעזר בן פדת
ha-01638,מג״ר,שערו של המארק מול האירו (1.955830 מג״ר לאירו אחד) נקבע על ידי הבנק המרכזי האירופי ב-31 בדצמבר 1998.,מרק גרמני,מג״ר.01,מרק גרמני,weak,2,מרק גרמני | מיירט גובה רב,substituted,no,3,wikipedia,מארק גרמני
ha-01639,מג״ר,"לפי המחירון שנקבע באמצע שנות השבעים של המאה העשרים מחירו של ילד או אישה עקרת בית עמד על 1,800 מג״ר לגולגולת, מחירו של סטודנט 5,500 מג״ר ומחירו של פרופסור אוניברסיטאי 11,000 מג״ר.",מרק גרמני,מג״ר.01,מרק גרמני,weak,2,מרק גרמני | מיירט גובה רב,substituted,no,3,wikipedia,פדיון בני המיעוט הגרמני ברומניה
ha-01640,מג״ר,"בנוסף, לרבבת מהגרים ניתן ""בונוס גלובלי"" של מיליון מג״ר.",מרק גרמני,מג״ר.01,מרק גרמני,weak,2,מרק גרמני | מיירט גובה רב,substituted,no,3,wikipedia,פדיון בני המיעוט הגרמני ברומניה
ha-01641,מג״ש,"תלמיד שלמד אצל מג״ש, צריך לנהוג בו כבוד גם לאחר שסיים ללמוד אצלו, ואף אם התלמיד התמיד ועלה במעלות התורה, והפך תלמיד חכם בעצמו, הרי הוא חייב בכבוד מגיד השיעור הראשון.",מגיד שיעור,מג״ש.01,מגיד שיעור,weak,2,מגיד שיעור | מפקד גוש,substituted,yes,3,wikipedia,מגיד שיעור
ha-01642,מג״ש,"דינו של מג״ש הוא בדרך כלל כדין רבו שאינו מובהק, אך ישנם מגידי שיעור, שעל התלמיד לכבד אותם כאת רבו המובהק, כגון ראש הישיבה המוסר את השיעור השבועי, אך גם מקנה לתלמיד דרכים בעבודת השם.",מגיד שיעור,מג״ש.01,מגיד שיעור,weak,2,מגיד שיעור | מפקד גוש,substituted,yes,3,wikipedia,מגיד שיעור
ha-01643,מג״ש,"בנוסף הוא מג״ש בולט, שיעוריו על דף היומי בתלמוד בבלי מוקלטים במסגרת קול הדף וזוכים לאלפי האזנות.",מגיד שיעור,מג״ש.01,מגיד שיעור,weak,2,מגיד שיעור | מפקד גוש,substituted,yes,3,wikipedia,מיכל זילבר
ha-01644,מג״ש,"בין היתר: מג״ש חפר, מפקד קבוצת כיבוש חניתה, מפקד הגליל, נַשָק ו""סליקר"" ארצי.",מפקד גוש,מג״ש.02,מפקד גוש,weak,2,מגיד שיעור | מפקד גוש,substituted,yes,3,wikipedia,צבי בן-יעקב (מפקד)
ha-01645,מג״ש,"כחבר ""ההגנה"" מילא בן-פורת תפקידים שונים, בהן מג״ש הרצליה (1938–1940) ומפקד מחוז חיפה (1947).",מפקד גוש,מג״ש.02,מפקד גוש,weak,2,מגיד שיעור | מפקד גוש,substituted,yes,3,wikipedia,יוסף בן-פורת (ניצב)
ha-01646,מג״ש,"לאחר המלחמה היה מג״ש מגן, ועשה קורס מג""דים.",מפקד גוש,מג״ש.02,מפקד גוש,weak,2,מגיד שיעור | מפקד גוש,substituted,yes,3,wikipedia,שאול גבעולי
ha-01647,מדא״ג,מדרש שמואל על ספר שמואל מדרש שוחר טוב – מדא״ג לתהלים.,מדרש אגדה,מדא״ג.01,מדרש אגדה,weak,2,מדרש אגדה | מדריכת אימון גופני,substituted,no,3,wikipedia,אגדה (יהדות)
ha-01648,מדא״ג,שמות רבה ידוע גם כמדרש ואלה שמות רבה הוא מדא״ג לספר שמות האוגד שני חיבורים נפרדים.,מדרש אגדה,מדא״ג.01,מדרש אגדה,weak,2,מדרש אגדה | מדריכת אימון גופני,substituted,no,3,wikipedia,שמות רבה
ha-01649,מדא״ג,"מדרש תנחומא, המכונה גם מדרש ילמדנו, הוא שם כולל לשלושה קובצי מדא״ג.",מדרש אגדה,מדא״ג.01,מדרש אגדה,weak,2,מדרש אגדה | מדריכת אימון גופני,substituted,no,3,wikipedia,מדרש תנחומא
ha-01650,מד״א,"האפליקציה משמשת בגרסתה המורחבת גם את כלל פעילי מד""א.",מגן דוד אדום,מד״א.01,מגן דוד אדום,verified,5,מגן דוד אדום | מרא דאתרא | מסכת דרך ארץ | מאן דאמר (מי שאמר) | משום דרכי אמורי,natural,yes,1,wikipedia,מגן דוד אדום
ha-01651,מד״א,"מוקד רפואי - במוקד הרפואי יושבים רופאים, פרמדיקים וחובשים מטעם מד""א המהווים סמכות רפואית לצוותים שבשטח, הן באישור פעולות מיוחדות והן בהתייעצות רפואית, במידת הצורך.",מגן דוד אדום,מד״א.01,מגן דוד אדום,verified,5,מגן דוד אדום | מרא דאתרא | מסכת דרך ארץ | מאן דאמר (מי שאמר) | משום דרכי אמורי,natural,yes,1,wikipedia,מגן דוד אדום
ha-01652,מד״א,"נוער מד""א מורכב ממתנדבי נוער בגילאי 15 עד 18 אשר מתנדבים באופן פעיל באמבולנסים, בניידות הטיפול הנמרץ, בהתרמות דם ובאירועים קהילתיים.",מגן דוד אדום,מד״א.01,מגן דוד אדום,verified,5,מגן דוד אדום | מרא דאתרא | מסכת דרך ארץ | מאן דאמר (מי שאמר) | משום דרכי אמורי,natural,yes,1,wikipedia,מגן דוד אדום
ha-01653,מד״א,מד״א מתנהל כאגודת עזרה של מתנדבים שקיבלה מעמד של תאגיד לפי חוק.,מגן דוד אדום,מד״א.01,מגן דוד אדום,weak,5,מגן דוד אדום | מרא דאתרא | מסכת דרך ארץ | מאן דאמר (מי שאמר) | משום דרכי אמורי,substituted,yes,1,wikipedia,מגן דוד אדום
ha-01654,מד״א,הכוננים נותנים מענה כל יום למאות עד אלפי קריאות ברחבי הארץ הכוללות מקרי חירום רפואיים וסיוע לצוותי מד״א.,מגן דוד אדום,מד״א.01,מגן דוד אדום,weak,5,מגן דוד אדום | מרא דאתרא | מסכת דרך ארץ | מאן דאמר (מי שאמר) | משום דרכי אמורי,substituted,yes,1,wikipedia,מגן דוד אדום
ha-01655,מד״א,היעד שהציב ארגון מד״א לעצמו הוא לגייס לתוכנית מיליון מצטרפים בתוך כמה חודשים.,מגן דוד אדום,מד״א.01,מגן דוד אדום,weak,5,מגן דוד אדום | מרא דאתרא | מסכת דרך ארץ | מאן דאמר (מי שאמר) | משום דרכי אמורי,substituted,yes,1,wikipedia,מגן דוד אדום
ha-01656,מד״א,מסכתות אלו הן מד״א רבה העוסקת בנימוסין ובעניינים שבין אדם לחברו.,מסכת דרך ארץ,מד״א.02,מסכת דרך ארץ,weak,5,מגן דוד אדום | מרא דאתרא | מסכת דרך ארץ | מאן דאמר (מי שאמר) | משום דרכי אמורי,substituted,yes,1,wikipedia,מסכת דרך ארץ
ha-01657,מד״א,מד״א זוטא מכילה הדרכות מוסר לתלמידי חכמים: עצות לביקורת עצמית וצניעות.,מסכת דרך ארץ,מד״א.02,מסכת דרך ארץ,weak,5,מגן דוד אדום | מרא דאתרא | מסכת דרך ארץ | מאן דאמר (מי שאמר) | משום דרכי אמורי,substituted,yes,1,wikipedia,מסכת דרך ארץ
ha-01658,מד״א,"מד״א מוזכרת בתלמוד, ומסופר שרבי יהודה טבל על מנת לשנות מסכת זו לתלמידיו, דבר המלמד שבעיניו היא נחשבה ללימוד תורה.",מסכת דרך ארץ,מד״א.02,מסכת דרך ארץ,weak,5,מגן דוד אדום | מרא דאתרא | מסכת דרך ארץ | מאן דאמר (מי שאמר) | משום דרכי אמורי,substituted,yes,1,wikipedia,מסכת דרך ארץ
ha-01659,מד״א,"כך כתב הרב שלמה בן אליהו: מעמדו של מד״א עלתה לדיון בעקבות המחלוקת הפנימית בציבור הדתי-לאומי, האם מבחינה הלכתית יש לסרב לפקודה לפינוי יישובים או לא.",מרא דאתרא,מד״א.03,מרא דאתרא,weak,5,מגן דוד אדום | מרא דאתרא | מסכת דרך ארץ | מאן דאמר (מי שאמר) | משום דרכי אמורי,substituted,yes,1,wikipedia,מרא דאתרא
ha-01660,מד״א,"בדרך כלל גם במקרה זה צומצמה סמכותו של מד״א, לעומת הסמכות הרבנית הכללית יותר.",מרא דאתרא,מד״א.03,מרא דאתרא,weak,5,מגן דוד אדום | מרא דאתרא | מסכת דרך ארץ | מאן דאמר (מי שאמר) | משום דרכי אמורי,substituted,yes,1,wikipedia,מרא דאתרא
ha-01661,מד״א,"המושג ""מד״א"" בימינו עדיין קיים בחלקו, לקהילות רבות יש רב אשר לו הם שומעים, לעומתם החסידים נשמעים לרב שאינו חייב להיות תושב העיר (או אפילו המדינה) בה הם מתגוררים.",מרא דאתרא,מד״א.03,מרא דאתרא,weak,5,מגן דוד אדום | מרא דאתרא | מסכת דרך ארץ | מאן דאמר (מי שאמר) | משום דרכי אמורי,substituted,yes,1,wikipedia,הקהילה היהודית
ha-01662,מד״ח,"כמו כן, נזכר היישוב בחיבור אבות דרבי נתן: ”מעשה באדם אחד מבית רמה שהיה נוהג בעצמו מד״ח.",מדת חסידות,מד״ח.01,מדת חסידות,weak,5,משוואות דיפרנציאליות חלקיות | משוואה דיפרנציאלית חלקית | מדת חסידות | מדריך חוץ וטבע | אנגלית: PDE,substituted,yes,3,wikipedia,בית רימה
ha-01663,מד״ח,"לעומתו רבי חיים בן עטר חלק על כך, משום שאין הוראה זו מפורשת בתלמוד, ולכן לדעתו המנהג הוא ""מד״ח"" ואינו מן הדין.",מדת חסידות,מד״ח.01,מדת חסידות,weak,5,משוואות דיפרנציאליות חלקיות | משוואה דיפרנציאלית חלקית | מדת חסידות | מדריך חוץ וטבע | אנגלית: PDE,substituted,yes,3,wikipedia,ברוך הוא וברוך שמו
ha-01664,מד״ח,"אם כי המשנה ברורה מציין כי ""מד״ח"" ללובשו אף במקרה כזה.",מדת חסידות,מד״ח.01,מדת חסידות,weak,5,משוואות דיפרנציאליות חלקיות | משוואה דיפרנציאלית חלקית | מדת חסידות | מדריך חוץ וטבע | אנגלית: PDE,substituted,yes,3,wikipedia,גרטל
ha-01665,מד״ח,משוואת הלמהולץ היא מד״ח בעלת שימושים בפיזיקה בתחום הגלים.,משוואה דיפרנציאלית חלקית,מד״ח.02,משוואה דיפרנציאלית חלקית,weak,5,משוואות דיפרנציאליות חלקיות | משוואה דיפרנציאלית חלקית | מדת חסידות | מדריך חוץ וטבע | אנגלית: PDE,substituted,yes,3,wikipedia,משוואת הלמהולץ
ha-01666,מד״ח,"משוואת פואסון היא מד״ח עם שימושים רבים באלקטרוסטטיקה, הנדסת מכונות ופיזיקה תאורטית.",משוואה דיפרנציאלית חלקית,מד״ח.02,משוואה דיפרנציאלית חלקית,weak,5,משוואות דיפרנציאליות חלקיות | משוואה דיפרנציאלית חלקית | מדת חסידות | מדריך חוץ וטבע | אנגלית: PDE,substituted,yes,3,wikipedia,משוואת פואסון
ha-01667,מד״ח,זוהי מד״ח מסדר שני אשר מתארת את ההתפשטות של גל אלקטרומגנטי.,משוואה דיפרנציאלית חלקית,מד״ח.02,משוואה דיפרנציאלית חלקית,weak,5,משוואות דיפרנציאליות חלקיות | משוואה דיפרנציאלית חלקית | מדת חסידות | מדריך חוץ וטבע | אנגלית: PDE,substituted,yes,3,wikipedia,משוואת הגל האלקטרומגנטי
ha-01668,מד״ח,"פונקציית השגיאה (באנגלית: Error Function) היא פונקציה שאינה אלמנטרית המופיעה בהסתברות, סטטיסטיקה, מד״ח והנדסת חומרים.",משוואות דיפרנציאליות חלקיות,מד״ח.03,משוואות דיפרנציאליות חלקיות,weak,5,משוואות דיפרנציאליות חלקיות | משוואה דיפרנציאלית חלקית | מדת חסידות | מדריך חוץ וטבע | אנגלית: PDE,substituted,yes,3,wikipedia,פונקציית השגיאה
ha-01669,מד״ח,"השיטה נחשבת קלה להבנה ופשוטה ליישום בתוכנה, ביחס לשיטות פתרון אחרות של מד״ח.",משוואות דיפרנציאליות חלקיות,מד״ח.03,משוואות דיפרנציאליות חלקיות,weak,5,משוואות דיפרנציאליות חלקיות | משוואה דיפרנציאלית חלקית | מדת חסידות | מדריך חוץ וטבע | אנגלית: PDE,substituted,yes,3,wikipedia,שיטת ההפרש הסופי בתחום הזמן
ha-01670,מד״ח,"במתמטיקה, שיטת הקרקטריסטיקות (באנגלית: Method of characteristics) היא שיטה לפתרון מד״ח.",משוואות דיפרנציאליות חלקיות,מד״ח.03,משוואות דיפרנציאליות חלקיות,weak,5,משוואות דיפרנציאליות חלקיות | משוואה דיפרנציאלית חלקית | מדת חסידות | מדריך חוץ וטבע | אנגלית: PDE,substituted,yes,3,wikipedia,שיטת הקרקטריסטיקות
ha-01671,מד״ן,"פעילות תנועת נוער נעשית לאור ערכים של החינוך הבלתי-פורמלי כגון אוטונומיה, עקרון ""נוער מד״ן"" ותרומה לקהילה.",מדריך נוער,מד״ן.02,מדריך נוער,weak,3,משה דוד גאון | מדריך נוער | מספן המודיעין,substituted,yes,3,wikipedia,תנועת נוער
ha-01672,מד״ן,"כך, התוכנית התמקדה בחיי שכונה ישראלית, עם ילדים בעיקר מבני עדות המזרח ומשפחותיהם ועם מד״ן שכונתי (ששון גבאי).",מדריך נוער,מד״ן.02,מדריך נוער,weak,3,משה דוד גאון | מדריך נוער | מספן המודיעין,substituted,yes,3,wikipedia,הילדים משכונת חיים
ha-01673,מד״ן,"בהמשך שימש כראש מד״ן, בין היתר במבצע תיבת נוח.",מספן המודיעין,מד״ן.01,מספן המודיעין,weak,3,משה דוד גאון | מדריך נוער | מספן המודיעין,substituted,yes,3,wikipedia,חזי משיטה
ha-01674,מד״ן,ב-2007 מונה לראש מד״ן במטה חיל הים וב-2009 מונה למפקד בסיס חיפה וכיהן בתפקיד עד נובמבר 2011.,מספן המודיעין,מד״ן.01,מספן המודיעין,weak,3,משה דוד גאון | מדריך נוער | מספן המודיעין,substituted,yes,3,wikipedia,אבי ארזוני
ha-01675,מד״ן,"בינואר 1996 מונה לראש מד״ן בחיל הים - ""רמדן"" וקודם לדרגת תת-אלוף.",מספן המודיעין,מד״ן.01,מספן המודיעין,weak,3,משה דוד גאון | מדריך נוער | מספן המודיעין,substituted,yes,3,wikipedia,שי ברוש
ha-01676,מד״ן,בנו בני גאון ייסד על שמו את מרכז מד״ן לתרבות הלאדינו באוניברסיטת בן-גוריון בנגב.,משה דוד גאון,מד״ן.03,משה דוד גאון,weak,3,משה דוד גאון | מדריך נוער | מספן המודיעין,substituted,yes,3,wikipedia,משה דוד גאון
ha-01677,מד״ן,"בספר ""יהודי המזרח"" שכתב מד״ן נכתב עליו שהיה גדול הן בחכמת הנסתר והן בתורת הנגלה ודרכי הלמוד של האשכנזים לא היו זרות לו.",משה דוד גאון,מד״ן.03,משה דוד גאון,weak,3,משה דוד גאון | מדריך נוער | מספן המודיעין,substituted,yes,3,wikipedia,ידידיה רפאל אבולעפיה
ha-01678,מד״ס,"כלים שטוחים (""פשוטי כלי עץ""), לעומת זאת, טהורים מן התורה, אך חלקם מקבלים טומאה מד״ס.",מדברי סופרים,מד״ס.01,מדברי סופרים,weak,4,מדעי הסביבה | מדברי סופרים | מדריך ספורט | מדי ספורט,substituted,yes,3,wikipedia,טומאת כלי עץ
ha-01679,מד״ס,"כלי זכוכית המיועד למשכב (כמו כיסא זכוכית) שיושב עליו זב, נטמא בטומאת מדרס, אך טומאה זו היא מד״ס בלבד ולא מהתורה.",מדברי סופרים,מד״ס.01,מדברי סופרים,weak,4,מדעי הסביבה | מדברי סופרים | מדריך ספורט | מדי ספורט,substituted,yes,3,wikipedia,טומאת כלי עץ
ha-01680,מד״ס,כלים שנגעו באדם שנטמא באבי אבות הטומאה מד״ס.,מדברי סופרים,מד״ס.01,מדברי סופרים,weak,4,מדעי הסביבה | מדברי סופרים | מדריך ספורט | מדי ספורט,substituted,yes,3,wikipedia,אב הטומאה
ha-01681,מד״ס,לכל אחד מבתי המעונות בבית הספר הארו מד״ס בעלי צבעים שונים.,מדי ספורט,מד״ס.04,מדי ספורט,weak,4,מדעי הסביבה | מדברי סופרים | מדריך ספורט | מדי ספורט,substituted,yes,3,wikipedia,בית הספר הארו
ha-01682,מד״ס,מד״ס הם המדעים העוסקים בסביבתם של יצורים על פני כדור הארץ.,מדעי הסביבה,מד״ס.02,מדעי הסביבה,weak,4,מדעי הסביבה | מדברי סופרים | מדריך ספורט | מדי ספורט,substituted,yes,3,wikipedia,מדעי הסביבה
ha-01683,מד״ס,"פרס רוטשילד הוא פרס שמעניקה יד הנדיב מאז שנת 1959 בעשרה תחומים: הנדסה, מדעי המחשב, מתמטיקה, מדעי החיים, מד״ס, מדעי הכימיה, מדעי הפיזיקה, מדעי החברה, מדעי הרוח, ומדעי היהדות.",מדעי הסביבה,מד״ס.02,מדעי הסביבה,weak,4,מדעי הסביבה | מדברי סופרים | מדריך ספורט | מדי ספורט,substituted,yes,3,wikipedia,פרס רוטשילד
ha-01684,מד״ס,"סביבה ואנרגיה – ידעני משנה : מד״ס, מדעי כדור הארץ, סוגיות סביבתיות, אנרגיה ותחבורה.",מדעי הסביבה,מד״ס.02,מדעי הסביבה,weak,4,מדעי הסביבה | מדברי סופרים | מדריך ספורט | מדי ספורט,substituted,yes,3,wikipedia,הידען
ha-01685,מד״ס,"בערך באותו הזמן, הוכשר קורוליוב להיות מד״ס.",מדריך ספורט,מד״ס.03,מדריך ספורט,weak,4,מדעי הסביבה | מדברי סופרים | מדריך ספורט | מדי ספורט,substituted,yes,3,wikipedia,סרגיי קורוליוב
ha-01686,מד״ס,בנעוריו היה מד״ס ונמנה עם נבחרת ישראל בכדורעף.,מדריך ספורט,מד״ס.03,מדריך ספורט,weak,4,מדעי הסביבה | מדברי סופרים | מדריך ספורט | מדי ספורט,substituted,yes,3,wikipedia,עוזי ויזל
ha-01687,מד״ס,"למרות שנהוג לכנותו מאמן, ההגדרה המדויקת על פי חוק הספורט היא מדריך כושר או מד״ס.",מדריך ספורט,מד״ס.03,מדריך ספורט,weak,4,מדעי הסביבה | מדברי סופרים | מדריך ספורט | מדי ספורט,substituted,yes,3,wikipedia,אימון כושר אישי
ha-01688,מד״ר,אנתוני גולדשטיין מד״ר וחבר בצבא דמבלדור.,מדריך ראשי,מד״ר.01,מדריך ראשי,weak,3,מדרש רבה | מדריך ראשי | משוואה דיפרנציאלית רגילה,substituted,yes,3,wikipedia,רייבנקלו
ha-01689,מד״ר,פיקד על מערך בתחום לוחמת המידע באגף המודיעין ושימש מד״ר במכללה לביטחון לאומי.,מדריך ראשי,מד״ר.01,מדריך ראשי,weak,3,מדרש רבה | מדריך ראשי | משוואה דיפרנציאלית רגילה,substituted,yes,3,wikipedia,ענאן והבי
ha-01690,מד״ר,בשנים 2010–2012 שימש מד״ר במכללה לביטחון לאומי.,מדריך ראשי,מד״ר.01,מדריך ראשי,weak,3,מדרש רבה | מדריך ראשי | משוואה דיפרנציאלית רגילה,substituted,yes,3,wikipedia,ענאן והבי
ha-01691,מד״ר,"שם התואר 'רבה' שנוסף למדרש נבע מהעתקה משותפת של מדרשי אגדה על התורה באותם כתבי היד, הכוללים את מד״ר.",מדרש רבה,מד״ר.02,מדרש רבה,weak,3,מדרש רבה | מדריך ראשי | משוואה דיפרנציאלית רגילה,substituted,yes,3,wikipedia,במדבר רבה
ha-01692,מד״ר,"מקורות נכבדים מהמדרשים הם ממקורות קדומים יותר, אך נערכו בהם שינויים כדי שיתאימו לרוח כתיבת מד״ר.",מדרש רבה,מד״ר.02,מדרש רבה,weak,3,מדרש רבה | מדריך ראשי | משוואה דיפרנציאלית רגילה,substituted,yes,3,wikipedia,במדבר רבה
ha-01693,מד״ר,"אייזיק הירש וייס וכן חננאל מאק שיערו כי השם נוצר על מנת להבדיל את מד״ר ממדרש אחר, קדום יותר שהיה מצומצם יותר בהיקפו.",מדרש רבה,מד״ר.02,מדרש רבה,weak,3,מדרש רבה | מדריך ראשי | משוואה דיפרנציאלית רגילה,substituted,yes,3,wikipedia,בראשית רבה
ha-01694,מד״ר,"מד״ר היא משוואה שבה הפונקציה היא פונקציה של משתנה יחיד, בניגוד למשוואה דיפרנציאלית חלקית, שבה הפונקציה היא פונקציה בכמה משתנים, והנגזרות הן נגזרות חלקיות.",משוואה דיפרנציאלית רגילה,מד״ר.03,משוואה דיפרנציאלית רגילה,weak,3,מדרש רבה | מדריך ראשי | משוואה דיפרנציאלית רגילה,substituted,yes,3,wikipedia,משוואה דיפרנציאלית
ha-01695,מד״ר,כאשר פותרים מד״ר מסדר n {\displaystyle n} מקבלים פתרון עם n {\displaystyle n} פרמטרים (הנקרא פתרון כללי של המשוואה).,משוואה דיפרנציאלית רגילה,מד״ר.03,משוואה דיפרנציאלית רגילה,weak,3,מדרש רבה | מדריך ראשי | משוואה דיפרנציאלית רגילה,substituted,yes,3,wikipedia,משוואה דיפרנציאלית רגילה
ha-01696,מד״ר,למערכת של מד״ר מסדר n {\displaystyle n} עם n {\displaystyle n} תנאי התחלה קוראים בעיית התחלה.,משוואה דיפרנציאלית רגילה,מד״ר.03,משוואה דיפרנציאלית רגילה,weak,3,מדרש רבה | מדריך ראשי | משוואה דיפרנציאלית רגילה,substituted,yes,3,wikipedia,משוואה דיפרנציאלית רגילה
ha-01697,מהו״ת,"זהו פרויקט מחקר דיגיטלי המתמקד באיתור וקישור מהו״ת רלוונטי מרשומות היסטוריות מארכיונים, ספריות ומוזיאונים, כך שההיסטוריה הביוגרפית של אנשים, או של ארגונים משולבת בקובץ יחיד.",מידע,מהו״ת.01,מידע,weak,5,מידע | מרכז התעצמות ותובנה | מרכז הערבות והתמודדות בחירום | מרכז הערכה ופיתוח תוכניות | מרכז השתלמויות ותנופה,substituted,no,3,wikipedia,SNAC
ha-01698,מהו״ת,"על ידי שימוש בכמה פרקטיקות ארכיוניות, מילות המפתח של יוצר הקובץ מבודדות מהקובץ עצמו, ניתן לאיסוף מהו״ת ובניית קשרים בין ישויות שונות ומקל על הגישה לידע נוסף.",מידע,מהו״ת.01,מידע,weak,5,מידע | מרכז התעצמות ותובנה | מרכז הערבות והתמודדות בחירום | מרכז הערכה ופיתוח תוכניות | מרכז השתלמויות ותנופה,substituted,no,3,wikipedia,SNAC
ha-01699,מהו״ת,להלן האלמנטים הרציונליים המשולבים המשמשים ליצירת מערכות יחסים: בקרת רשות – מאפשרת לאתר מהו״ת הקשור לנושא בכל אפשרויות האיות או בשמות חלופיים המשויכים לאותו נושא.,מידע,מהו״ת.01,מידע,weak,5,מידע | מרכז התעצמות ותובנה | מרכז הערבות והתמודדות בחירום | מרכז הערכה ופיתוח תוכניות | מרכז השתלמויות ותנופה,substituted,no,3,wikipedia,SNAC
ha-01700,מהרי״א,"למד אצל רבי מהרי״א, אצל הכתב סופר ואצל רבי אפרים מטשאבא.",יהודה אסאד,מהרי״א.04,יהודה אסאד,weak,5,יצחק אברבנאל | יצחק אבוהב | יהודה אסאד | יצחק אייזיק אייכנשטיין | יצחק אדרבי,substituted,yes,3,wikipedia,אברהם גרינבורג
ha-01701,מהרי״א,"עם פרסום התוכנית, התעוררה סערה בקרב האורתודוקסים, והם ארגנו עצומת שחתמו עליה יותר ממאה רבנים והוגשה לקיסר עצמו על ידי משלחת בראשות מהרי״א.",יהודה אסאד,מהרי״א.04,יהודה אסאד,weak,5,יצחק אברבנאל | יצחק אבוהב | יהודה אסאד | יצחק אייזיק אייכנשטיין | יצחק אדרבי,substituted,yes,3,wikipedia,בית המדרש לרבנים בבודפשט
ha-01702,מהרי״א,"מכוּנה ""אחרון גאוני קסטיליה"", כדי להבדילו מרבי מהרי״א הראשון, מחבר הספר מנורת המאור.",יצחק אבוהב,מהרי״א.01,יצחק אבוהב,weak,5,יצחק אברבנאל | יצחק אבוהב | יהודה אסאד | יצחק אייזיק אייכנשטיין | יצחק אדרבי,substituted,yes,3,wikipedia,יצחק אבוהב (גאון קסטיליה)
ha-01703,מהרי״א,"בעיר צפת ישנו בית כנסת הקרוי ""אבוהב"", על שם ספר תורה עתיק יומין שנמצא בבית הכנסת וכתיבתו מיוחסת לרבי מהרי״א עצמו.",יצחק אבוהב,מהרי״א.01,יצחק אבוהב,weak,5,יצחק אברבנאל | יצחק אבוהב | יהודה אסאד | יצחק אייזיק אייכנשטיין | יצחק אדרבי,substituted,yes,3,wikipedia,יצחק אבוהב (גאון קסטיליה)
ha-01704,מהרי״א,"על פי המסורת, בית הכנסת קרוי על שמו של רבי מהרי״א, מחבר הספר מנורת המאור, אולם סביר יותר כי בית הכנסת קרוי על שם רבי מהרי״א מקסטיליה, שבין תלמידיו היה רבי יעקב בירב שעלה לארץ והתיישב בצפת.",יצחק אבוהב,מהרי״א.01,יצחק אבוהב,weak,5,יצחק אברבנאל | יצחק אבוהב | יהודה אסאד | יצחק אייזיק אייכנשטיין | יצחק אדרבי,substituted,yes,3,wikipedia,בית הכנסת אבוהב
ha-01705,מהרי״א,דון מהרי״א נולד בליסבון שבפורטוגל לדון יהודה.,יצחק אברבנאל,מהרי״א.02,יצחק אברבנאל,weak,5,יצחק אברבנאל | יצחק אבוהב | יהודה אסאד | יצחק אייזיק אייכנשטיין | יצחק אדרבי,substituted,yes,3,wikipedia,יצחק אברבנאל
ha-01706,מהרי״א,"סדריק כהן סקלי, דון מהרי״א, סדרת ""גדולי הרוח והיצירה בעם היהודי"", מרכז זלמן שזר, 2017.",יצחק אברבנאל,מהרי״א.02,יצחק אברבנאל,weak,5,יצחק אברבנאל | יצחק אבוהב | יהודה אסאד | יצחק אייזיק אייכנשטיין | יצחק אדרבי,substituted,yes,3,wikipedia,יצחק אברבנאל
ha-01707,מהרי״א,"שאול רגב, משיחיות ואסטרולוגיה בהגותו של רבי מהרי״א, אסופות (ספר שנה), כרך א (1987), עמ' קסט-קפח.",יצחק אברבנאל,מהרי״א.02,יצחק אברבנאל,weak,5,יצחק אברבנאל | יצחק אבוהב | יהודה אסאד | יצחק אייזיק אייכנשטיין | יצחק אדרבי,substituted,yes,3,wikipedia,יצחק אברבנאל
ha-01708,מהרי״א,רבי מהרי״א נחשב לאחד מגדולי הפוסקים במאה ה-16 ושאלות הלכתיות נשלחו אליו מרחבי הבלקן.,יצחק אדרבי,מהרי״א.03,יצחק אדרבי,weak,5,יצחק אברבנאל | יצחק אבוהב | יהודה אסאד | יצחק אייזיק אייכנשטיין | יצחק אדרבי,substituted,yes,3,wikipedia,יצחק אדרבי
ha-01709,מהרי״א,"לפי יעקב קלצקין היה רבי מהרי״א גם מקובל ובקיא בספרות הקבלה, אך חוקר תולדות יהודי סלוניקי, יצחק שמואל עמנואל, חולק על כך.",יצחק אדרבי,מהרי״א.03,יצחק אדרבי,weak,5,יצחק אברבנאל | יצחק אבוהב | יהודה אסאד | יצחק אייזיק אייכנשטיין | יצחק אדרבי,substituted,yes,3,wikipedia,יצחק אדרבי
ha-01710,מהרי״א,"למד אצל רבי מהרי״א, רבי אברהם די בוטון ורבי אהרן ששון, יחד עם חבירו הרב שבתי יונה.",יצחק אדרבי,מהרי״א.03,יצחק אדרבי,weak,5,יצחק אברבנאל | יצחק אבוהב | יהודה אסאד | יצחק אייזיק אייכנשטיין | יצחק אדרבי,substituted,yes,3,wikipedia,שמואל חיון
ha-01711,מהרי״ח,"תמך בארגון הכספים לטובת עדת המערביים בירושלים, ולשם כך התכתב עם הרב מהרי״ח אב בית דין העדה.",יוסף חיים הכהן,מהרי״ח.01,יוסף חיים הכהן,weak,6,ישראל חיים פרידמן | יוסף חיים הכהן | יחזקיה ממגדבורג | ישראל חיים דייכס | ישראל חיים קצבורג | יואל חסיד מאמצ'יסלוב,substituted,no,3,wikipedia,שלמה אבן חיים
ha-01712,מהרי״ח,"נמנה עם תלמידיו של הרב מהרי״ח, ששסמכו לרבנות ולדיינות, ולימים נישא לבתו רבקה.",יוסף חיים הכהן,מהרי״ח.01,יוסף חיים הכהן,weak,6,ישראל חיים פרידמן | יוסף חיים הכהן | יחזקיה ממגדבורג | ישראל חיים דייכס | ישראל חיים קצבורג | יואל חסיד מאמצ'יסלוב,substituted,no,3,wikipedia,עמרם אבורביע
ha-01713,מהרי״ח,"עוד הדפיס גם את הספר ""מנחת כהן"", של הרב מהרי״ח.",יוסף חיים הכהן,מהרי״ח.01,יוסף חיים הכהן,weak,6,ישראל חיים פרידמן | יוסף חיים הכהן | יחזקיה ממגדבורג | ישראל חיים דייכס | ישראל חיים קצבורג | יואל חסיד מאמצ'יסלוב,substituted,no,3,wikipedia,שמואל אלעלוף
ha-01714,מהרי״ח,"בין תלמידיו היו הרב שלמה יהודה טבק, והרב חיים אריה כהנא והרב מהרי״ח.",ישראל חיים פרידמן,מהרי״ח.02,ישראל חיים פרידמן,weak,6,ישראל חיים פרידמן | יוסף חיים הכהן | יחזקיה ממגדבורג | ישראל חיים דייכס | ישראל חיים קצבורג | יואל חסיד מאמצ'יסלוב,substituted,no,3,wikipedia,יקותיאל יהודה טייטלבוים (ייטב לב)
ha-01715,מהרי״ץ,הרב מהרי״ץ תלמידו של רבי אורי מסטרליסק (המכונה השרף מסטרליסק) הקים את חצר חסידות סטרטין בעיירה.,יהודה צבי ברנדויין (הראשון),מהרי״ץ.03,יהודה צבי ברנדויין (הראשון),weak,6,יוסף צבי דושינסקי | יצחק מוולוז'ין | יהודה צבי ברנדויין (הראשון) | מארי יחיא צאלח | יוסף צבי דינר (או דונר) | רבנים מהאחרונים,substituted,yes,3,wikipedia,סטרטין
ha-01716,מהרי״ץ,"בנעוריו למד בישיבתו של רבי מהרי״ץ בגאלאנטא, ולאחר מכן אצל רבי עקיבא סופר בפרשבורג.",יוסף צבי דושינסקי,מהרי״ץ.01,יוסף צבי דושינסקי,weak,6,יוסף צבי דושינסקי | יצחק מוולוז'ין | יהודה צבי ברנדויין (הראשון) | מארי יחיא צאלח | יוסף צבי דינר (או דונר) | רבנים מהאחרונים,substituted,yes,3,wikipedia,שמעון אהרן סופר
ha-01717,מהרי״ץ,"הוסמך להוראה בידי מספר רבנים: רבי ישעיהו פירסט מווינה, רבי יוסף נחמיה קורניצר מקרקוב (שהיה דודן של אביו רבי משה), ורבי מהרי״ץ.",יוסף צבי דושינסקי,מהרי״ץ.01,יוסף צבי דושינסקי,weak,6,יוסף צבי דושינסקי | יצחק מוולוז'ין | יהודה צבי ברנדויין (הראשון) | מארי יחיא צאלח | יוסף צבי דינר (או דונר) | רבנים מהאחרונים,substituted,yes,3,wikipedia,שמעון אהרן סופר
ha-01718,מהרי״ץ,"הרב ואזנר למד אצל הרב מהרי״ץ, ועשה שימוש חכמים אצל הרב שמשון אהרן פולונסקי מטפליק.",יוסף צבי דושינסקי,מהרי״ץ.01,יוסף צבי דושינסקי,weak,6,יוסף צבי דושינסקי | יצחק מוולוז'ין | יהודה צבי ברנדויין (הראשון) | מארי יחיא צאלח | יוסף צבי דינר (או דונר) | רבנים מהאחרונים,substituted,yes,3,wikipedia,שמואל הלוי ואזנר
ha-01719,מהרי״ץ,"בהקדמה לספר ""נפש החיים"" כותב בנו רבי מהרי״ץ על חינוכו של אביו להשתתף בצער כל אחד ואחד מישראל.",יצחק מוולוז'ין,מהרי״ץ.02,יצחק מוולוז'ין,weak,6,יוסף צבי דושינסקי | יצחק מוולוז'ין | יהודה צבי ברנדויין (הראשון) | מארי יחיא צאלח | יוסף צבי דינר (או דונר) | רבנים מהאחרונים,substituted,yes,3,wikipedia,חיים מוולוז'ין
ha-01720,מהרי״ץ,"אריה ליב נותר במזרח אירופה ולמד בישיבת וולוז'ין בה היה תלמידו של ראש הישיבה, רבי מהרי״ץ.",יצחק מוולוז'ין,מהרי״ץ.02,יצחק מוולוז'ין,weak,6,יוסף צבי דושינסקי | יצחק מוולוז'ין | יהודה צבי ברנדויין (הראשון) | מארי יחיא צאלח | יוסף צבי דינר (או דונר) | רבנים מהאחרונים,substituted,yes,3,wikipedia,אריה ליב ילין
ha-01721,מהרי״ץ,"נישא לרבקה מרים דנינברג, בתם של חיים לייב ופרידה דנינברג (פרידה היא בתם של רבי זלמן משה יפה, שהיה חתנו של רבי מהרי״ץ).",יצחק מוולוז'ין,מהרי״ץ.02,יצחק מוולוז'ין,weak,6,יוסף צבי דושינסקי | יצחק מוולוז'ין | יהודה צבי ברנדויין (הראשון) | מארי יחיא צאלח | יוסף צבי דינר (או דונר) | רבנים מהאחרונים,substituted,yes,3,wikipedia,אריה ליב ילין
ha-01722,מהרש״א,"בניו של רבי אברהם איגר, רבי מהרש״א ורבי עזריאל מאיר איגר כיהנו כאדמו""רים בפולין עד תחילת מלחמת העולם השנייה.",שלמה איגר,מהרש״א.01,שלמה איגר,weak,4,שלמה אליעזר אלפנדרי | שמואל אליעזר הלוי איידלס | שמעון אגסי | שלמה איגר,substituted,yes,3,wikipedia,יהודה לייב איגר
ha-01723,מהרש״א,"מדפיסי סלאוויטא העלו את הטענה כאילו דעתו של רבי עקיבא איגר הוטתה על ידי בנו רבי מהרש״א, וכינו אותו ""בן כוזיבא"".",שלמה איגר,מהרש״א.01,שלמה איגר,weak,4,שלמה אליעזר אלפנדרי | שמואל אליעזר הלוי איידלס | שמעון אגסי | שלמה איגר,substituted,yes,3,wikipedia,דפוס סלאוויטא
ha-01724,מהרש״א,"ברנשטיין נולד בברודי, האימפריה האוסטרית, לאביו, אוזיאס ברנשטיין, סוחר ולאימו, שהייתה בתו של מהרש״א ונכדתו של עקיבא איגר.",שלמה איגר,מהרש״א.01,שלמה איגר,weak,4,שלמה אליעזר אלפנדרי | שמואל אליעזר הלוי איידלס | שמעון אגסי | שלמה איגר,substituted,yes,3,wikipedia,נתן ברנשטיין
ha-01725,מהרש״א,"אף על פי שהשטח אכן נרכש בשנת 1914 החלה הבניה רק בשנת 1930 עם ביקורו היחיד בארץ של הרב חיים אלעזר שפירא, כאשר בא לבקר את ה""סבא קדישא"" רבי מהרש״א.",שלמה אליעזר אלפנדרי,מהרש״א.02,שלמה אליעזר אלפנדרי,weak,4,שלמה אליעזר אלפנדרי | שמואל אליעזר הלוי איידלס | שמעון אגסי | שלמה איגר,substituted,yes,3,wikipedia,בתי מונקאטש
ha-01726,מהרש״א,"היה מבאי ביתו של החכם המקובל מהרש״א, ושל הראשון לציון, חכם בן-ציון מאיר חי עוזיאל, ואף לימד בישיבתו 'שערי ציון' במשך שמונה שנים.",שלמה אליעזר אלפנדרי,מהרש״א.02,שלמה אליעזר אלפנדרי,weak,4,שלמה אליעזר אלפנדרי | שמואל אליעזר הלוי איידלס | שמעון אגסי | שלמה איגר,substituted,yes,3,wikipedia,יחזקאל כהן (רב)
ha-01727,מהרש״א,"הרב כהן יצק מים על ידי הסבא קדישא, הרב מהרש״א והיה מבאי ביתו הקרובים ומן הבודדים שנשאו חן וחסד בעיניו, וערכו עמו את סדר הפסח מדי שנה.",שלמה אליעזר אלפנדרי,מהרש״א.02,שלמה אליעזר אלפנדרי,weak,4,שלמה אליעזר אלפנדרי | שמואל אליעזר הלוי איידלס | שמעון אגסי | שלמה איגר,substituted,yes,3,wikipedia,יחזקאל כהן (רב)
ha-01728,מהרש״א,רבי מהרש״א מבאר - בהתאם לשיטתו - כי לימודו בעל פה מדי שבוע פעם או פעמיים התיש את החכמים.,שמואל אליעזר הלוי איידלס,מהרש״א.04,שמואל אליעזר הלוי איידלס,weak,4,שלמה אליעזר אלפנדרי | שמואל אליעזר הלוי איידלס | שמעון אגסי | שלמה איגר,substituted,yes,3,wikipedia,ספר יוחסין (תלמוד)
ha-01729,מהרש״א,מאמר על הרב מהרש״א בבלוג הספרנים באתר הספרייה הלאומית.,שמעון אגסי,מהרש״א.03,שמעון אגסי,weak,4,שלמה אליעזר אלפנדרי | שמואל אליעזר הלוי איידלס | שמעון אגסי | שלמה איגר,substituted,yes,3,wikipedia,שמעון אגסי
ha-01730,מהרש״א,למד תורה מפי הרב מהרש״א ומפי הרב צדקה חוצין ועוד.,שמעון אגסי,מהרש״א.03,שמעון אגסי,weak,4,שלמה אליעזר אלפנדרי | שמואל אליעזר הלוי איידלס | שמעון אגסי | שלמה איגר,substituted,yes,3,wikipedia,יצחק נסים
ha-01731,מהרש״א,"למד בישיבת מדרש בית זלכה אצל הרב אברהם דנגור, בהמשך למד קבלה אצל הרב מהרש״א, והיה בן בית אצל הרב יוסף חיים.",שמעון אגסי,מהרש״א.03,שמעון אגסי,weak,4,שלמה אליעזר אלפנדרי | שמואל אליעזר הלוי איידלס | שמעון אגסי | שלמה איגר,substituted,yes,3,wikipedia,אפרים כהן
ha-01732,מהרש״ג,"לאחר מותו, ב-1907, מילא בנו מהרש״ג את מקומו.",רבי שמעון גרינפלד,מהרש״ג.01,רבי שמעון גרינפלד,weak,2,רבי שמעון גרינפלד | רבי שמואל גאון,substituted,no,3,wikipedia,סמיהאלי
ha-01733,מהרש״ג,"מהרש״ג מבחין בין מניעת טובה, שאינה אסורה על פי התורה וממילא אסור לאדם ליטור עליה שנאה, לבין אדם המזיק לחבירו שלו מותר לאדם אחר ליטור שנאה.",רבי שמעון גרינפלד,מהרש״ג.01,רבי שמעון גרינפלד,weak,2,רבי שמעון גרינפלד | רבי שמואל גאון,substituted,no,3,wikipedia,לא תיקום ולא תיטור
ha-01734,מהרש״ק,"לוחמים מפורסמים שהשתתפו בקרב: רפאל איתן (רפול), דוד אלעזר (דדו), אליהו סלע (רעננה), יורם קניוק, מהרש״ק, ואורי בן-ארי שהיה מפקד הפלוגה.",בני מהרשק,מהרש״ק.01,בני מהרשק,weak,11,רבקה מהרשק | ר' שלמה קלוגר | בני מהרשק | ר' שלמה מקרלין | ר' שמואל קאיידנובר | ישראל מהרשק | רבי שמשון בן יצחק מקינון (לעיתים | מורנו הרב רבי שלמה כהן | מורנו הרב רבי שלמה קלוגר | מורנו הרב רבי שלמה קרלינר | מורנו הרב רבי שמואל קיידאנובר,substituted,no,3,wikipedia,מנזר סן סימון
ha-01735,מהרש״ק,"כך כתב חיים גבתי ב""מהרש״ק: קובץ לזכרו"": נפטר בשנת 1948 בבית החולים בילינסון לאחר מחלה קשה, והובא למנוחות בבית העלמין אשדות יעקב.",ישראל מהרשק,מהרש״ק.02,ישראל מהרשק,weak,11,רבקה מהרשק | ר' שלמה קלוגר | בני מהרשק | ר' שלמה מקרלין | ר' שמואל קאיידנובר | ישראל מהרשק | רבי שמשון בן יצחק מקינון (לעיתים | מורנו הרב רבי שלמה כהן | מורנו הרב רבי שלמה קלוגר | מורנו הרב רבי שלמה קרלינר | מורנו הרב רבי שמואל קיידאנובר,substituted,no,3,wikipedia,ישראל מהרשק
ha-01736,מהרש״ק,"ב-1924, בזמן שאשכול היה נשוי לאשתו הראשונה, מהרש״ק, התפתח רומן בינו לבין אלישבע.",רבקה מהרשק,מהרש״ק.03,רבקה מהרשק,weak,11,רבקה מהרשק | ר' שלמה קלוגר | בני מהרשק | ר' שלמה מקרלין | ר' שמואל קאיידנובר | ישראל מהרשק | רבי שמשון בן יצחק מקינון (לעיתים | מורנו הרב רבי שלמה כהן | מורנו הרב רבי שלמה קלוגר | מורנו הרב רבי שלמה קרלינר | מורנו הרב רבי שמואל קיידאנובר,substituted,no,3,wikipedia,אלישבע קפלן
ha-01737,מהר״י,"רבו היה המקובל רבי יוסף סאגיס, והוא נסמך לרבנות על ידי מהר״י, נכדו של מהר״י מחדֵש הסמיכה בצפת.",רבי יעקב בירב,מהר״י.01,רבי יעקב בירב,weak,8,רבי יעקב בירב | רבי יצחק אבוהב (גאון קסטיליה) | רבי ישראל יעקב אלגאזי | רבי יהודה בן אליעזר הלוי מינץ | רבי יוסף בן אברהם ג'יקטיליה | רבי יעקב בן יהודה וייל | רבי יעקב בן שלמה אבן חביב | רבי ישראל בן רבי חיים ברונא,substituted,no,3,wikipedia,אלעזר אזכרי
ha-01738,מהר״י,"חודש אחד לפני כן הוא גילה מצבה שעליה רשום ""מזל טוב [בת ה]חכם ר אברהם"", שלפי כתבי רבי אלעזר היה השם של אשתו, בתו של רבי אברהם בן מהר״י.",רבי יעקב בירב,מהר״י.01,רבי יעקב בירב,weak,8,רבי יעקב בירב | רבי יצחק אבוהב (גאון קסטיליה) | רבי ישראל יעקב אלגאזי | רבי יהודה בן אליעזר הלוי מינץ | רבי יוסף בן אברהם ג'יקטיליה | רבי יעקב בן יהודה וייל | רבי יעקב בן שלמה אבן חביב | רבי ישראל בן רבי חיים ברונא,substituted,no,3,wikipedia,אלעזר אזכרי
ha-01739,מהר״י,הוא השתקע בעיר צפת ולמד תורה אצל מהר״י והיה לתלמידו המובהק.,רבי יעקב בירב,מהר״י.01,רבי יעקב בירב,weak,8,רבי יעקב בירב | רבי יצחק אבוהב (גאון קסטיליה) | רבי ישראל יעקב אלגאזי | רבי יהודה בן אליעזר הלוי מינץ | רבי יוסף בן אברהם ג'יקטיליה | רבי יעקב בן יהודה וייל | רבי יעקב בן שלמה אבן חביב | רבי ישראל בן רבי חיים ברונא,substituted,no,3,wikipedia,משה מטראני
ha-01740,מהר״י,"רבי יוסף, היה תלמיד מהר״י, וככל הנראה הוא רבי יוסף פאסי מטולידו (המוזכר בספר בית יוסף).",רבי יצחק אבוהב (גאון קסטיליה),מהר״י.02,רבי יצחק אבוהב (גאון קסטיליה),weak,8,רבי יעקב בירב | רבי יצחק אבוהב (גאון קסטיליה) | רבי ישראל יעקב אלגאזי | רבי יהודה בן אליעזר הלוי מינץ | רבי יוסף בן אברהם ג'יקטיליה | רבי יעקב בן יהודה וייל | רבי יעקב בן שלמה אבן חביב | רבי ישראל בן רבי חיים ברונא,substituted,no,3,wikipedia,משפחת טולידאנו
ha-01741,מהר״י,"הידיעה על פטירתו התפשטה ברחבי העולם היהודי, ובין היתר נישאו עליו הספדים מפי מהר״י בירושלים, ורבי יצחק בכר דוד בקושטא.",רבי ישראל יעקב אלגאזי,מהר״י.03,רבי ישראל יעקב אלגאזי,weak,8,רבי יעקב בירב | רבי יצחק אבוהב (גאון קסטיליה) | רבי ישראל יעקב אלגאזי | רבי יהודה בן אליעזר הלוי מינץ | רבי יוסף בן אברהם ג'יקטיליה | רבי יעקב בן יהודה וייל | רבי יעקב בן שלמה אבן חביב | רבי ישראל בן רבי חיים ברונא,substituted,no,3,wikipedia,חיים בן עטר
ha-01742,מהר״ם,"הכיכר נושאת את השם ""כיכר מהר""ם שפירא מלובלין"".",רבי יהודה מאיר שפירא,מהר״ם.07,,unverified,22,רבי מרדכי יפה | רבי מרדכי בנט | רבי מאיר ברבי | רבי מאיר איזנשטט | רבי משה מינץ | רבי מאיר קצנלנבוגן | רבי מאיר פישלס | רבי משה אלשקר | רבי משה גאלנטי (הראשון) | רבי משה שיק | רבי יהודה מאיר שפירא | רבי מאיר בן ברוך מרוטנבורג | רבי מאיר שיף | רבי מרדכי בריסק | רבי מנחם דוד בן יצחק | רבי מאיר הלוי איש הורוביץ | רבי מנחם מנדל אביגדורש | דורותי מהרם | מהרם (חברה) | משפט מהרם | מורנו הרב רבי מאיר | מורנו הרב רבי מנדל,natural,yes,3,wikipedia,מאיר שפירא
ha-01743,מהר״ם,"חתניו היו מהר״ם משפטובקה - בנו של רבו רבי פנחס מקוריץ, ורבי ישראל יהודה לייב מקרסנה.",רבי יהודה מאיר שפירא,מהר״ם.07,רבי יהודה מאיר שפירא,weak,22,רבי מרדכי יפה | רבי מרדכי בנט | רבי מאיר ברבי | רבי מאיר איזנשטט | רבי משה מינץ | רבי מאיר קצנלנבוגן | רבי מאיר פישלס | רבי משה אלשקר | רבי משה גאלנטי (הראשון) | רבי משה שיק | רבי יהודה מאיר שפירא | רבי מאיר בן ברוך מרוטנבורג | רבי מאיר שיף | רבי מרדכי בריסק | רבי מנחם דוד בן יצחק | רבי מאיר הלוי איש הורוביץ | רבי מנחם מנדל אביגדורש | דורותי מהרם | מהרם (חברה) | משפט מהרם | מורנו הרב רבי מאיר | מורנו הרב רבי מנדל,substituted,yes,3,wikipedia,יעקב שמשון משפיטובקה
ha-01744,מהר״ם,"בעיר התקיימה קהילה יהודית גדולה, והתגוררו בה רבנים מפורסמים, כמו: מהר״ם, רבי יהונתן אייבשיץ ורבי משה סופר.",רבי מאיר איזנשטט,מהר״ם.01,רבי מאיר איזנשטט,weak,22,רבי מרדכי יפה | רבי מרדכי בנט | רבי מאיר ברבי | רבי מאיר איזנשטט | רבי משה מינץ | רבי מאיר קצנלנבוגן | רבי מאיר פישלס | רבי משה אלשקר | רבי משה גאלנטי (הראשון) | רבי משה שיק | רבי יהודה מאיר שפירא | רבי מאיר בן ברוך מרוטנבורג | רבי מאיר שיף | רבי מרדכי בריסק | רבי מנחם דוד בן יצחק | רבי מאיר הלוי איש הורוביץ | רבי מנחם מנדל אביגדורש | דורותי מהרם | מהרם (חברה) | משפט מהרם | מורנו הרב רבי מאיר | מורנו הרב רבי מנדל,substituted,yes,3,wikipedia,פרוסטיוב
ha-01745,מהר״ם,"באותה תקופה כיהן בפרוסניץ מהר״ם, בעל ""פנים מאירות"", שנעשה לימים מגדולי הפוסקים בדורו.",רבי מאיר איזנשטט,מהר״ם.01,רבי מאיר איזנשטט,weak,22,רבי מרדכי יפה | רבי מרדכי בנט | רבי מאיר ברבי | רבי מאיר איזנשטט | רבי משה מינץ | רבי מאיר קצנלנבוגן | רבי מאיר פישלס | רבי משה אלשקר | רבי משה גאלנטי (הראשון) | רבי משה שיק | רבי יהודה מאיר שפירא | רבי מאיר בן ברוך מרוטנבורג | רבי מאיר שיף | רבי מרדכי בריסק | רבי מנחם דוד בן יצחק | רבי מאיר הלוי איש הורוביץ | רבי מנחם מנדל אביגדורש | דורותי מהרם | מהרם (חברה) | משפט מהרם | מורנו הרב רבי מאיר | מורנו הרב רבי מנדל,substituted,yes,3,wikipedia,יהודה ליב פרוסניץ
ha-01746,מהר״ם,"לפי גרשם שלום, מהר״ם היה במשך זמן מסוים מן התומכים המרכזיים בפרוסניץ; אולם לאחר פרשותיו השנויות במחלוקת פרש ממנו ונעשה ממתנגדיו.",רבי מאיר איזנשטט,מהר״ם.01,רבי מאיר איזנשטט,weak,22,רבי מרדכי יפה | רבי מרדכי בנט | רבי מאיר ברבי | רבי מאיר איזנשטט | רבי משה מינץ | רבי מאיר קצנלנבוגן | רבי מאיר פישלס | רבי משה אלשקר | רבי משה גאלנטי (הראשון) | רבי משה שיק | רבי יהודה מאיר שפירא | רבי מאיר בן ברוך מרוטנבורג | רבי מאיר שיף | רבי מרדכי בריסק | רבי מנחם דוד בן יצחק | רבי מאיר הלוי איש הורוביץ | רבי מנחם מנדל אביגדורש | דורותי מהרם | מהרם (חברה) | משפט מהרם | מורנו הרב רבי מאיר | מורנו הרב רבי מנדל,substituted,yes,3,wikipedia,יהודה ליב פרוסניץ
ha-01747,מהר״ם,החל משנת 1763 ועד שנת 1789 כיהן מהר״ם כרבה של העיר וכראש הישיבה.,רבי מאיר ברבי,מהר״ם.02,רבי מאיר ברבי,weak,22,רבי מרדכי יפה | רבי מרדכי בנט | רבי מאיר ברבי | רבי מאיר איזנשטט | רבי משה מינץ | רבי מאיר קצנלנבוגן | רבי מאיר פישלס | רבי משה אלשקר | רבי משה גאלנטי (הראשון) | רבי משה שיק | רבי יהודה מאיר שפירא | רבי מאיר בן ברוך מרוטנבורג | רבי מאיר שיף | רבי מרדכי בריסק | רבי מנחם דוד בן יצחק | רבי מאיר הלוי איש הורוביץ | רבי מנחם מנדל אביגדורש | דורותי מהרם | מהרם (חברה) | משפט מהרם | מורנו הרב רבי מאיר | מורנו הרב רבי מנדל,substituted,yes,3,wikipedia,ישיבת פרשבורג
ha-01748,מהר״ם,למד אצל מהר״ם בפרשבורג ואצל רבי נתן אדלר בפרנקפורט.,רבי מאיר ברבי,מהר״ם.02,רבי מאיר ברבי,weak,22,רבי מרדכי יפה | רבי מרדכי בנט | רבי מאיר ברבי | רבי מאיר איזנשטט | רבי משה מינץ | רבי מאיר קצנלנבוגן | רבי מאיר פישלס | רבי משה אלשקר | רבי משה גאלנטי (הראשון) | רבי משה שיק | רבי יהודה מאיר שפירא | רבי מאיר בן ברוך מרוטנבורג | רבי מאיר שיף | רבי מרדכי בריסק | רבי מנחם דוד בן יצחק | רבי מאיר הלוי איש הורוביץ | רבי מנחם מנדל אביגדורש | דורותי מהרם | מהרם (חברה) | משפט מהרם | מורנו הרב רבי מאיר | מורנו הרב רבי מנדל,substituted,yes,3,wikipedia,יהודה לייב קארלבורג
ha-01749,מהר״ם,"בגורל שנערך עלה שמו של מהר״ם יצחק שליח צבור נהוראי, שאכן נשלח אל מעבר לנהר, ולאחר שהציע את הסיפור בפני עשרת השבטים הואילו לשלוח אחד מהם לצורך הוויכוח עם הכומר.",רבי מאיר ברבי,מהר״ם.02,רבי מאיר ברבי,weak,22,רבי מרדכי יפה | רבי מרדכי בנט | רבי מאיר ברבי | רבי מאיר איזנשטט | רבי משה מינץ | רבי מאיר קצנלנבוגן | רבי מאיר פישלס | רבי משה אלשקר | רבי משה גאלנטי (הראשון) | רבי משה שיק | רבי יהודה מאיר שפירא | רבי מאיר בן ברוך מרוטנבורג | רבי מאיר שיף | רבי מרדכי בריסק | רבי מנחם דוד בן יצחק | רבי מאיר הלוי איש הורוביץ | רבי מנחם מנדל אביגדורש | דורותי מהרם | מהרם (חברה) | משפט מהרם | מורנו הרב רבי מאיר | מורנו הרב רבי מנדל,substituted,yes,3,wikipedia,סמבטיון
ha-01750,מהר״ם,"רבו היה מהר״ם, ולאחר פטירתו התמנה ללמד בישיבה בפראג לצד רבי ליב פישלס בן רבו.",רבי מאיר פישלס,מהר״ם.03,רבי מאיר פישלס,weak,22,רבי מרדכי יפה | רבי מרדכי בנט | רבי מאיר ברבי | רבי מאיר איזנשטט | רבי משה מינץ | רבי מאיר קצנלנבוגן | רבי מאיר פישלס | רבי משה אלשקר | רבי משה גאלנטי (הראשון) | רבי משה שיק | רבי יהודה מאיר שפירא | רבי מאיר בן ברוך מרוטנבורג | רבי מאיר שיף | רבי מרדכי בריסק | רבי מנחם דוד בן יצחק | רבי מאיר הלוי איש הורוביץ | רבי מנחם מנדל אביגדורש | דורותי מהרם | מהרם (חברה) | משפט מהרם | מורנו הרב רבי מאיר | מורנו הרב רבי מנדל,substituted,yes,3,wikipedia,יעקב גינצבורג
ha-01751,מהר״ם,"מפיורדא נסע לפראג, ובה למד אצל הרב ליב פישלס בנו של מהר״ם, שהיו ראשי ישיבה גדולה בפראג.",רבי מאיר פישלס,מהר״ם.03,רבי מאיר פישלס,weak,22,רבי מרדכי יפה | רבי מרדכי בנט | רבי מאיר ברבי | רבי מאיר איזנשטט | רבי משה מינץ | רבי מאיר קצנלנבוגן | רבי מאיר פישלס | רבי משה אלשקר | רבי משה גאלנטי (הראשון) | רבי משה שיק | רבי יהודה מאיר שפירא | רבי מאיר בן ברוך מרוטנבורג | רבי מאיר שיף | רבי מרדכי בריסק | רבי מנחם דוד בן יצחק | רבי מאיר הלוי איש הורוביץ | רבי מנחם מנדל אביגדורש | דורותי מהרם | מהרם (חברה) | משפט מהרם | מורנו הרב רבי מאיר | מורנו הרב רבי מנדל,substituted,yes,3,wikipedia,בצלאל רנשבורג
ha-01752,מהר״ם,"בהערות השוליים של שני כרכי הספר, משוקעות עובדות ואנקדוטות ממקרים שאירעו בקהילה, הלוויותיהם של רבניה כמו מהר״ם ורבי יחזקאל לנדא, והוראות מיוחדות שלהם במקרים שונים.",רבי מאיר פישלס,מהר״ם.03,רבי מאיר פישלס,weak,22,רבי מרדכי יפה | רבי מרדכי בנט | רבי מאיר ברבי | רבי מאיר איזנשטט | רבי משה מינץ | רבי מאיר קצנלנבוגן | רבי מאיר פישלס | רבי משה אלשקר | רבי משה גאלנטי (הראשון) | רבי משה שיק | רבי יהודה מאיר שפירא | רבי מאיר בן ברוך מרוטנבורג | רבי מאיר שיף | רבי מרדכי בריסק | רבי מנחם דוד בן יצחק | רבי מאיר הלוי איש הורוביץ | רבי מנחם מנדל אביגדורש | דורותי מהרם | מהרם (חברה) | משפט מהרם | מורנו הרב רבי מאיר | מורנו הרב רבי מנדל,substituted,yes,3,wikipedia,החברה קדישא של קהילת פראג
ha-01753,מהר״ם,"בין תלמידיו מתקופה זו: רבי דניאל פרוסטיץ, מהר״ם, והרב יהודה לייב קארלבורג.",רבי מרדכי בנט,מהר״ם.09,רבי מרדכי בנט,weak,22,רבי מרדכי יפה | רבי מרדכי בנט | רבי מאיר ברבי | רבי מאיר איזנשטט | רבי משה מינץ | רבי מאיר קצנלנבוגן | רבי מאיר פישלס | רבי משה אלשקר | רבי משה גאלנטי (הראשון) | רבי משה שיק | רבי יהודה מאיר שפירא | רבי מאיר בן ברוך מרוטנבורג | רבי מאיר שיף | רבי מרדכי בריסק | רבי מנחם דוד בן יצחק | רבי מאיר הלוי איש הורוביץ | רבי מנחם מנדל אביגדורש | דורותי מהרם | מהרם (חברה) | משפט מהרם | מורנו הרב רבי מאיר | מורנו הרב רבי מנדל,substituted,yes,3,wikipedia,מאיר ברבי
ha-01754,מהר״ם,"למד בישיבות דעעש, טאשנאד - אצל מהר״ם, בישיבת בית ישראל בווישווה אצל רבי מנחם מנדל הגר, ובקראלי אצל רבי יואל טייטלבוים.",רבי מרדכי בריסק,מהר״ם.10,רבי מרדכי בריסק,weak,22,רבי מרדכי יפה | רבי מרדכי בנט | רבי מאיר ברבי | רבי מאיר איזנשטט | רבי משה מינץ | רבי מאיר קצנלנבוגן | רבי מאיר פישלס | רבי משה אלשקר | רבי משה גאלנטי (הראשון) | רבי משה שיק | רבי יהודה מאיר שפירא | רבי מאיר בן ברוך מרוטנבורג | רבי מאיר שיף | רבי מרדכי בריסק | רבי מנחם דוד בן יצחק | רבי מאיר הלוי איש הורוביץ | רבי מנחם מנדל אביגדורש | דורותי מהרם | מהרם (חברה) | משפט מהרם | מורנו הרב רבי מאיר | מורנו הרב רבי מנדל,substituted,yes,3,wikipedia,דן שוורץ
ha-01755,מהר״ם,"מצאצאי מהר״ם ""בעל הלבושים"" ואבי משפחת רבינר.",רבי מרדכי יפה,מהר״ם.04,רבי מרדכי יפה,weak,22,רבי מרדכי יפה | רבי מרדכי בנט | רבי מאיר ברבי | רבי מאיר איזנשטט | רבי משה מינץ | רבי מאיר קצנלנבוגן | רבי מאיר פישלס | רבי משה אלשקר | רבי משה גאלנטי (הראשון) | רבי משה שיק | רבי יהודה מאיר שפירא | רבי מאיר בן ברוך מרוטנבורג | רבי מאיר שיף | רבי מרדכי בריסק | רבי מנחם דוד בן יצחק | רבי מאיר הלוי איש הורוביץ | רבי מנחם מנדל אביגדורש | דורותי מהרם | מהרם (חברה) | משפט מהרם | מורנו הרב רבי מאיר | מורנו הרב רבי מנדל,substituted,yes,3,wikipedia,מרדכי רבינר
ha-01756,מהר״ם,"לספר ה""לבושים"" התחברו מספר פירושים, הידועים שבהם הם ""אליה רבה"" ו""אליה זוטא"", שהתחברו בידי רבי אליה שפירא מפראג, שנולד קרוב ל-40 שנים לאחר פטירת מהר״ם.",רבי מרדכי יפה,מהר״ם.04,רבי מרדכי יפה,weak,22,רבי מרדכי יפה | רבי מרדכי בנט | רבי מאיר ברבי | רבי מאיר איזנשטט | רבי משה מינץ | רבי מאיר קצנלנבוגן | רבי מאיר פישלס | רבי משה אלשקר | רבי משה גאלנטי (הראשון) | רבי משה שיק | רבי יהודה מאיר שפירא | רבי מאיר בן ברוך מרוטנבורג | רבי מאיר שיף | רבי מרדכי בריסק | רבי מנחם דוד בן יצחק | רבי מאיר הלוי איש הורוביץ | רבי מנחם מנדל אביגדורש | דורותי מהרם | מהרם (חברה) | משפט מהרם | מורנו הרב רבי מאיר | מורנו הרב רבי מנדל,substituted,yes,3,wikipedia,מרדכי יפה
ha-01757,מהר״ם,"רב העיר באותו הזמן, הפוסק ההלכתי המפורסם מהר״ם, מחבר ספרי ה""לבושים"", הזמין את האדריכל האיטלקי סאנטי גוצ'י ׁ(Santi Gucciׁׁׁ) לתכנן את בית הכנסת ונקרא אז ״בית הכנסת הגדול״.",רבי מרדכי יפה,מהר״ם.04,רבי מרדכי יפה,weak,22,רבי מרדכי יפה | רבי מרדכי בנט | רבי מאיר ברבי | רבי מאיר איזנשטט | רבי משה מינץ | רבי מאיר קצנלנבוגן | רבי מאיר פישלס | רבי משה אלשקר | רבי משה גאלנטי (הראשון) | רבי משה שיק | רבי יהודה מאיר שפירא | רבי מאיר בן ברוך מרוטנבורג | רבי מאיר שיף | רבי מרדכי בריסק | רבי מנחם דוד בן יצחק | רבי מאיר הלוי איש הורוביץ | רבי מנחם מנדל אביגדורש | דורותי מהרם | מהרם (חברה) | משפט מהרם | מורנו הרב רבי מאיר | מורנו הרב רבי מנדל,substituted,yes,3,wikipedia,בית הכנסת בגרודנו
ha-01758,מהר״ם,"שלוש שנים לפני מותו עלה מהר״ם לארץ ישראל והתגורר תקופה מסוימת בצפת, שם היה בין המתנגדים לסמיכת רבי יעקב בירב, ולאחר מכן עבר להתגורר בירושלים ובה נפטר.",רבי משה אלשקר,מהר״ם.05,רבי משה אלשקר,weak,22,רבי מרדכי יפה | רבי מרדכי בנט | רבי מאיר ברבי | רבי מאיר איזנשטט | רבי משה מינץ | רבי מאיר קצנלנבוגן | רבי מאיר פישלס | רבי משה אלשקר | רבי משה גאלנטי (הראשון) | רבי משה שיק | רבי יהודה מאיר שפירא | רבי מאיר בן ברוך מרוטנבורג | רבי מאיר שיף | רבי מרדכי בריסק | רבי מנחם דוד בן יצחק | רבי מאיר הלוי איש הורוביץ | רבי מנחם מנדל אביגדורש | דורותי מהרם | מהרם (חברה) | משפט מהרם | מורנו הרב רבי מאיר | מורנו הרב רבי מנדל,substituted,yes,3,wikipedia,משה אלשקר
ha-01759,מהר״ם,בידי מהר״ם היה מצוי גם חיבורו על מסכת בבא בתרא אך ספר זה כמו יתר כתביו לא הגיעו לידינו.,רבי משה אלשקר,מהר״ם.05,רבי משה אלשקר,weak,22,רבי מרדכי יפה | רבי מרדכי בנט | רבי מאיר ברבי | רבי מאיר איזנשטט | רבי משה מינץ | רבי מאיר קצנלנבוגן | רבי מאיר פישלס | רבי משה אלשקר | רבי משה גאלנטי (הראשון) | רבי משה שיק | רבי יהודה מאיר שפירא | רבי מאיר בן ברוך מרוטנבורג | רבי מאיר שיף | רבי מרדכי בריסק | רבי מנחם דוד בן יצחק | רבי מאיר הלוי איש הורוביץ | רבי מנחם מנדל אביגדורש | דורותי מהרם | מהרם (חברה) | משפט מהרם | מורנו הרב רבי מאיר | מורנו הרב רבי מנדל,substituted,yes,3,wikipedia,אברהם בן אסמעאל
ha-01760,מהר״ם,"כתגובה לספר האמונות, כתב מהר״ם את ספר ההשגות המשיג עליו.",רבי משה אלשקר,מהר״ם.05,רבי משה אלשקר,weak,22,רבי מרדכי יפה | רבי מרדכי בנט | רבי מאיר ברבי | רבי מאיר איזנשטט | רבי משה מינץ | רבי מאיר קצנלנבוגן | רבי מאיר פישלס | רבי משה אלשקר | רבי משה גאלנטי (הראשון) | רבי משה שיק | רבי יהודה מאיר שפירא | רבי מאיר בן ברוך מרוטנבורג | רבי מאיר שיף | רבי מרדכי בריסק | רבי מנחם דוד בן יצחק | רבי מאיר הלוי איש הורוביץ | רבי מנחם מנדל אביגדורש | דורותי מהרם | מהרם (חברה) | משפט מהרם | מורנו הרב רבי מאיר | מורנו הרב רבי מנדל,substituted,yes,3,wikipedia,פולמוס הרבנים אודות לימוד הפילוסופיה
ha-01761,מהר״ם,מהר״ם מוסר כי בזמנו היה מנהג שבעלי הבתים שבעיירה היו מתקבצים לישיבה עם תחילת לימוד המסכת ובסופה.,רבי משה מינץ,מהר״ם.06,רבי משה מינץ,weak,22,רבי מרדכי יפה | רבי מרדכי בנט | רבי מאיר ברבי | רבי מאיר איזנשטט | רבי משה מינץ | רבי מאיר קצנלנבוגן | רבי מאיר פישלס | רבי משה אלשקר | רבי משה גאלנטי (הראשון) | רבי משה שיק | רבי יהודה מאיר שפירא | רבי מאיר בן ברוך מרוטנבורג | רבי מאיר שיף | רבי מרדכי בריסק | רבי מנחם דוד בן יצחק | רבי מאיר הלוי איש הורוביץ | רבי מנחם מנדל אביגדורש | דורותי מהרם | מהרם (חברה) | משפט מהרם | מורנו הרב רבי מאיר | מורנו הרב רבי מנדל,substituted,yes,3,wikipedia,סיום מסכת
ha-01762,מהר״ם,"בן דודו היה מהר״ם, שעמו עמד בקשרי התכתבות בנושאי בהלכה.",רבי משה מינץ,מהר״ם.06,רבי משה מינץ,weak,22,רבי מרדכי יפה | רבי מרדכי בנט | רבי מאיר ברבי | רבי מאיר איזנשטט | רבי משה מינץ | רבי מאיר קצנלנבוגן | רבי מאיר פישלס | רבי משה אלשקר | רבי משה גאלנטי (הראשון) | רבי משה שיק | רבי יהודה מאיר שפירא | רבי מאיר בן ברוך מרוטנבורג | רבי מאיר שיף | רבי מרדכי בריסק | רבי מנחם דוד בן יצחק | רבי מאיר הלוי איש הורוביץ | רבי מנחם מנדל אביגדורש | דורותי מהרם | מהרם (חברה) | משפט מהרם | מורנו הרב רבי מאיר | מורנו הרב רבי מנדל,substituted,yes,3,wikipedia,"מהר""י מינץ"
ha-01763,מהר״ם,"רבים נהגו לפסוק הלכה כמוהו בעקבות עובדה זו, אך מהר״ם פסק שאין לפסוק כדברי ספר חסידים.",רבי משה מינץ,מהר״ם.06,רבי משה מינץ,weak,22,רבי מרדכי יפה | רבי מרדכי בנט | רבי מאיר ברבי | רבי מאיר איזנשטט | רבי משה מינץ | רבי מאיר קצנלנבוגן | רבי מאיר פישלס | רבי משה אלשקר | רבי משה גאלנטי (הראשון) | רבי משה שיק | רבי יהודה מאיר שפירא | רבי מאיר בן ברוך מרוטנבורג | רבי מאיר שיף | רבי מרדכי בריסק | רבי מנחם דוד בן יצחק | רבי מאיר הלוי איש הורוביץ | רבי מנחם מנדל אביגדורש | דורותי מהרם | מהרם (חברה) | משפט מהרם | מורנו הרב רבי מאיר | מורנו הרב רבי מנדל,substituted,yes,3,wikipedia,שלום מנוישטאדט
ha-01764,מהר״ם,"רק לאחר שנאותו לכך ראשי הקהל, הסכים מהר""ם לקבל את תוספת השכר.",רבי משה שיק,מהר״ם.08,,unverified,22,רבי מרדכי יפה | רבי מרדכי בנט | רבי מאיר ברבי | רבי מאיר איזנשטט | רבי משה מינץ | רבי מאיר קצנלנבוגן | רבי מאיר פישלס | רבי משה אלשקר | רבי משה גאלנטי (הראשון) | רבי משה שיק | רבי יהודה מאיר שפירא | רבי מאיר בן ברוך מרוטנבורג | רבי מאיר שיף | רבי מרדכי בריסק | רבי מנחם דוד בן יצחק | רבי מאיר הלוי איש הורוביץ | רבי מנחם מנדל אביגדורש | דורותי מהרם | מהרם (חברה) | משפט מהרם | מורנו הרב רבי מאיר | מורנו הרב רבי מנדל,natural,yes,3,wikipedia,משה שיק
ha-01765,מהר״ם,"נשא לאישה את הרבנית לאה בת רבי אשר לעמל שוורץ, ראש קהילת אוהלי ותלמידו של מהר״ם.",רבי משה שיק,מהר״ם.08,רבי משה שיק,weak,22,רבי מרדכי יפה | רבי מרדכי בנט | רבי מאיר ברבי | רבי מאיר איזנשטט | רבי משה מינץ | רבי מאיר קצנלנבוגן | רבי מאיר פישלס | רבי משה אלשקר | רבי משה גאלנטי (הראשון) | רבי משה שיק | רבי יהודה מאיר שפירא | רבי מאיר בן ברוך מרוטנבורג | רבי מאיר שיף | רבי מרדכי בריסק | רבי מנחם דוד בן יצחק | רבי מאיר הלוי איש הורוביץ | רבי מנחם מנדל אביגדורש | דורותי מהרם | מהרם (חברה) | משפט מהרם | מורנו הרב רבי מאיר | מורנו הרב רבי מנדל,substituted,yes,3,wikipedia,זאב וולף גינצלר
ha-01766,מהר״ש,"למד בעיקר אצל מהר״ש, איתו למד כנראה בתור תלמיד חבר, בגיל מתקדם אחר נישואיו, ולא כבחור צעיר.",רבי שלום מנוישטט,מהר״ש.04,רבי שלום מנוישטט,weak,7,רבי שלום רוקח | רבי שמואל שניאורסון | רבי שמואל יפה אשכנזי | רבי שלום מנוישטט | רבי שלום כהן מקושטא | רבי שלמה בן יצחק לבית הלוי (השני) | רבי שלמה מלובלין,substituted,yes,3,wikipedia,אהרן בלומלין
ha-01767,מהר״ש,"כנראה היה תלמידם של רבי מאיר בן ברוך הלוי מווינה ורבי שמשון בן אליעזר מחבר ""ברוך שאמר"", ושל מהר״ש.",רבי שלום מנוישטט,מהר״ש.04,רבי שלום מנוישטט,weak,7,רבי שלום רוקח | רבי שמואל שניאורסון | רבי שמואל יפה אשכנזי | רבי שלום מנוישטט | רבי שלום כהן מקושטא | רבי שלמה בן יצחק לבית הלוי (השני) | רבי שלמה מלובלין,substituted,yes,3,wikipedia,יום טוב ליפמן מילהויזן
ha-01768,מהר״ש,"אבי החסידות היה רבי חנוך העניך מייער, חתנו של מהר״ש מבעלז.",רבי שלום רוקח,מהר״ש.01,רבי שלום רוקח,weak,7,רבי שלום רוקח | רבי שמואל שניאורסון | רבי שמואל יפה אשכנזי | רבי שלום מנוישטט | רבי שלום כהן מקושטא | רבי שלמה בן יצחק לבית הלוי (השני) | רבי שלמה מלובלין,substituted,yes,3,wikipedia,חסידות אלעסק
ha-01769,מהר״ש,"מהר״ש מוואלברום, בן רבי ישכר דב מלובוטשוב.",רבי שלום רוקח,מהר״ש.01,רבי שלום רוקח,weak,7,רבי שלום רוקח | רבי שמואל שניאורסון | רבי שמואל יפה אשכנזי | רבי שלום מנוישטט | רבי שלום כהן מקושטא | רבי שלמה בן יצחק לבית הלוי (השני) | רבי שלמה מלובלין,substituted,yes,3,wikipedia,חסידות אפטא
ha-01770,מהר״ש,"כאשר מהר״ש, בעלה לעתיד, ובן דודה מצד אמו, נשלח על ידי אמו ללמוד בישיבתו של אחיה - רבי ישכר דוב, בחר בו רבי ישכר דוב כחתן לבתו מלכה.",רבי שלום רוקח,מהר״ש.01,רבי שלום רוקח,weak,7,רבי שלום רוקח | רבי שמואל שניאורסון | רבי שמואל יפה אשכנזי | רבי שלום מנוישטט | רבי שלום כהן מקושטא | רבי שלמה בן יצחק לבית הלוי (השני) | רבי שלמה מלובלין,substituted,yes,3,wikipedia,מלכה רוקח
ha-01771,מהר״ש,יפה מראה - פירושו של מהר״ש לאגדות הירושלמי.,רבי שמואל יפה אשכנזי,מהר״ש.02,רבי שמואל יפה אשכנזי,weak,7,רבי שלום רוקח | רבי שמואל שניאורסון | רבי שמואל יפה אשכנזי | רבי שלום מנוישטט | רבי שלום כהן מקושטא | רבי שלמה בן יצחק לבית הלוי (השני) | רבי שלמה מלובלין,substituted,yes,3,wikipedia,תלמוד ירושלמי
ha-01772,מהר״ש,"מהר״ש מעתיק יותר ממאה פעמים מספרו ""דרך אמונה"" בספריו, בהם ""יפה תואר"" על מדרש רבה, ודן בדבריו.",רבי שמואל יפה אשכנזי,מהר״ש.02,רבי שמואל יפה אשכנזי,weak,7,רבי שלום רוקח | רבי שמואל שניאורסון | רבי שמואל יפה אשכנזי | רבי שלום מנוישטט | רבי שלום כהן מקושטא | רבי שלמה בן יצחק לבית הלוי (השני) | רבי שלמה מלובלין,substituted,yes,3,wikipedia,אברהם ביבג'ו
ha-01773,מהר״ש,"הוא היה בנו של רבי ידידיה יפה, ממשפחה מיוחסת מגזע מהר״ש בעל ""יפה תואר"".",רבי שמואל יפה אשכנזי,מהר״ש.02,רבי שמואל יפה אשכנזי,weak,7,רבי שלום רוקח | רבי שמואל שניאורסון | רבי שמואל יפה אשכנזי | רבי שלום מנוישטט | רבי שלום כהן מקושטא | רבי שלמה בן יצחק לבית הלוי (השני) | רבי שלמה מלובלין,substituted,yes,3,wikipedia,ישראל יפה (חזן)
ha-01774,מהר״ש,"לאחר נישואיו עבר לשהות תקופת זמן קצובה לבדו בחצירו של מהר״ש בליובאוויטש, ביחד עם אברכים נוספים.",רבי שמואל שניאורסון,מהר״ש.03,רבי שמואל שניאורסון,weak,7,רבי שלום רוקח | רבי שמואל שניאורסון | רבי שמואל יפה אשכנזי | רבי שלום מנוישטט | רבי שלום כהן מקושטא | רבי שלמה בן יצחק לבית הלוי (השני) | רבי שלמה מלובלין,substituted,yes,3,wikipedia,מאיר שלמה ינובסקי
ha-01775,מהר״ש,לאחר מותו ירש חתנו השני מהר״ש את רבנות ניקולייב.,רבי שמואל שניאורסון,מהר״ש.03,רבי שמואל שניאורסון,weak,7,רבי שלום רוקח | רבי שמואל שניאורסון | רבי שמואל יפה אשכנזי | רבי שלום מנוישטט | רבי שלום כהן מקושטא | רבי שלמה בן יצחק לבית הלוי (השני) | רבי שלמה מלובלין,substituted,yes,3,wikipedia,מאיר שלמה ינובסקי
ha-01776,מהר״ש,נכדו ישראל אריה לייב שניאורסון בתו מרים גיטל אשת מהר״ש רבה של ניקולייב.,רבי שמואל שניאורסון,מהר״ש.03,רבי שמואל שניאורסון,weak,7,רבי שלום רוקח | רבי שמואל שניאורסון | רבי שמואל יפה אשכנזי | רבי שלום מנוישטט | רבי שלום כהן מקושטא | רבי שלמה בן יצחק לבית הלוי (השני) | רבי שלמה מלובלין,substituted,yes,3,wikipedia,מאיר שלמה ינובסקי
ha-01777,מה״ד,"ביהדות מופנית פעמים רבות תפילה לאלוהים שינהג על פי מידת הרחמים (רחמי שמים), כלומר, לא יעניש על פי החוק היבש (על פי מה״ד) אלא יגלה חמלה.",מידת הדין,מה״ד.01,מידת הדין,weak,6,משרד הדתות | משרד הדואר | מידת הדין | מהא דכתיב (=מזה שכתוב) | מהו דתימא (=מהו שתאמר) | מרכז/מחלקת הדרכה,substituted,yes,3,wikipedia,רחמים
ha-01778,מה״ד,"ענה לו המלאך, שבזמן בו מתעוררת מה״ד בשמים ""עידנא דריתחא” עונשים גם על ביטול מצוות עשה כמו אי לבישת ציצית, למרות שלא חייבים בה מעיקר הדין.",מידת הדין,מה״ד.01,מידת הדין,weak,6,משרד הדתות | משרד הדואר | מידת הדין | מהא דכתיב (=מזה שכתוב) | מהו דתימא (=מהו שתאמר) | מרכז/מחלקת הדרכה,substituted,yes,3,wikipedia,רב קטינא
ha-01779,מה״ד,"במקורות קבליים נזכר שגבריאל הוא המלאך העומד לשמאלו של האל, כלומר המייצג של מה״ד והגבורה.",מידת הדין,מה״ד.01,מידת הדין,weak,6,משרד הדתות | משרד הדואר | מידת הדין | מהא דכתיב (=מזה שכתוב) | מהו דתימא (=מהו שתאמר) | מרכז/מחלקת הדרכה,substituted,yes,3,wikipedia,גבריאל
ha-01780,מה״ד,"לאחר פטירתו של דוד צבי פנקס, שהיה שר התחבורה, הוחלט מסיבות פוליטיות לפצל את מה״ד ממשרד התחבורה.",משרד הדואר,מה״ד.02,משרד הדואר,weak,6,משרד הדתות | משרד הדואר | מידת הדין | מהא דכתיב (=מזה שכתוב) | מהו דתימא (=מהו שתאמר) | מרכז/מחלקת הדרכה,substituted,yes,3,wikipedia,משרד התקשורת
ha-01781,מה״ד,"משנת 1997, הסיומת נוהלה על ידי מה״ד והתקשורת של קמבודיה, ומשנת 2012, היא מנוהלת על ידי רגולטור התקשורת של קמבודיה.",משרד הדואר,מה״ד.02,משרד הדואר,weak,6,משרד הדתות | משרד הדואר | מידת הדין | מהא דכתיב (=מזה שכתוב) | מהו דתימא (=מהו שתאמר) | מרכז/מחלקת הדרכה,substituted,yes,3,wikipedia,.kh
ha-01782,מה״ד,"מחלקת הדואר של ארצות הברית (באנגלית: United States Post Office Department,‏ USPOD, נודעה גם כ""מה״ד"" - Post Office, או ""דואר ארצות הברית"" - U.S.",משרד הדואר,מה״ד.02,משרד הדואר,weak,6,משרד הדתות | משרד הדואר | מידת הדין | מהא דכתיב (=מזה שכתוב) | מהו דתימא (=מהו שתאמר) | מרכז/מחלקת הדרכה,substituted,yes,3,wikipedia,מחלקת הדואר של ארצות הברית
ha-01783,מה״ד,"בעבר נקרא מה״ד או המשרד לענייני דתות, ועסק בשירותי דת לבני כל הדתות.",משרד הדתות,מה״ד.03,משרד הדתות,weak,6,משרד הדתות | משרד הדואר | מידת הדין | מהא דכתיב (=מזה שכתוב) | מהו דתימא (=מהו שתאמר) | מרכז/מחלקת הדרכה,substituted,yes,3,wikipedia,המשרד לשירותי דת
ha-01784,מה״ד,"על פי ההחלטה, מה״ד יפורק ואגפיו יחולקו בין משרדי הממשלה השונים.",משרד הדתות,מה״ד.03,משרד הדתות,weak,6,משרד הדתות | משרד הדואר | מידת הדין | מהא דכתיב (=מזה שכתוב) | מהו דתימא (=מהו שתאמר) | מרכז/מחלקת הדרכה,substituted,yes,3,wikipedia,המשרד לשירותי דת
ha-01785,מה״ד,"מיזם חשיפת הכותל המערבי לכל אורכו לאחר מלחמת ששת הימים, במטרה לאפשר לכל יהודי לגשת אל הכותל ללא הפרעה וללא מכשול, היה יוזמה של מה״ד.",משרד הדתות,מה״ד.03,משרד הדתות,weak,6,משרד הדתות | משרד הדואר | מידת הדין | מהא דכתיב (=מזה שכתוב) | מהו דתימא (=מהו שתאמר) | מרכז/מחלקת הדרכה,substituted,yes,3,wikipedia,מנהרות הכותל
ha-01786,מה״מ,"מאוחר יותר, החלו חלק מהחסידים לפרסם את רבם מנחם מנדל שניאורסון כמשיח תוך שימוש בסיסמה ""יחי אדוננו מורנו ורבנו מה״מ לעולם ועד"".",מלך המשיח,מה״מ.01,מלך המשיח,weak,2,מלך המשיח | מנא הני מילי (מניין דברים אלו),substituted,no,3,wikipedia,משיח
ha-01787,מה״מ,שני הפרקים האחרונים של הספר מוקדשים לעיון בהלכות מה״מ.,מלך המשיח,מה״מ.01,מלך המשיח,weak,2,מלך המשיח | מנא הני מילי (מניין דברים אלו),substituted,no,3,wikipedia,ספר שופטים (משנה תורה)
ha-01788,מה״מ,"לפי הברית החדשה, הבטיח מה״מ ישוע לפני מותו לשוב ולהופיע, ומאמיניו מחכים מאז לשובו.",מלך המשיח,מה״מ.01,מלך המשיח,weak,2,מלך המשיח | מנא הני מילי (מניין דברים אלו),substituted,no,3,wikipedia,הביאה השנייה
ha-01789,מו״ח,"עם הזמן הורחבה גם משמעות המונח ""ביולוגיה"", עד כדי חפיפה חלקית או מלאה עם ""מו״ח"", אך עד היום מועדף השם ""מו״ח"" כשמו של התחום האקדמי באוניברסיטאות רבות בארצות הברית ובאנגליה.",מדעי החיים,מו״ח.01,מדעי החיים,weak,2,מדעי החיים | מורשה חתימה,substituted,yes,3,wikipedia,מדעי החיים
ha-01790,מו״ח,"PubMed הוא מאגר מידע ביבליוגרפי העוסק בתחומי מו״ח, מדעי הרפואה והמקצועות הפרא-רפואיים.",מדעי החיים,מו״ח.01,מדעי החיים,weak,2,מדעי החיים | מורשה חתימה,substituted,yes,3,wikipedia,PubMed
ha-01791,מו״ח,"פרס רוטשילד הוא פרס שמעניקה יד הנדיב מאז שנת 1959 בעשרה תחומים: הנדסה, מדעי המחשב, מתמטיקה, מו״ח, מדעי הסביבה, מדעי הכימיה, מדעי הפיזיקה, מדעי החברה, מדעי הרוח, ומדעי היהדות.",מדעי החיים,מו״ח.01,מדעי החיים,weak,2,מדעי החיים | מורשה חתימה,substituted,yes,3,wikipedia,פרס רוטשילד
ha-01792,מו״ח,"הוא התקדם לתפקיד מו״ח, ומשנת 1940 לקח על עצמו את ניהול מפעל בסמוך ללייפציג בסקסוניה שם יוצרו כדורים ותחמושת על ידי יותר מ-1,000 עובדים, ביניהם עובדי כפייה רבים, בעיקר מפולין.",מורשה חתימה,מו״ח.02,מורשה חתימה,weak,2,מדעי החיים | מורשה חתימה,substituted,yes,3,wikipedia,הקלר וקוך
ha-01793,מו״ח,"החתימה על ההמחאה אינה תואמת לחתימה הרשומה בתיק של בעל החשבון או של מו״ח בחשבון, או שהיא נוגעת בפס קריאת תווים מגנטית בתחתית ההמחאה.",מורשה חתימה,מו״ח.02,מורשה חתימה,weak,2,מדעי החיים | מורשה חתימה,substituted,yes,3,wikipedia,המחאה ללא כיסוי
ha-01794,מו״מ,גזרת מו״מ בשבת וחג היא אחד מאיסורי שבות.,מקח וממכר,מו״מ.02,מקח וממכר,weak,3,משא ומתן | מקח וממכר | מרכב ומושב,substituted,no,3,wikipedia,גזרת מקח וממכר בשבת וחג
ha-01795,מו״מ,"מו״מ הוא מושג חברתי בעל בולטות בתחומי מדעי החברה, הניהול והשיווק אשר בא לציין את תהליך התנהלותם של דברים (דיבור, שפת גוף, מהלכים) בין שני אנשים או יותר, לצורך חילופי דברים ביניהם.",משא ומתן,מו״מ.01,משא ומתן,weak,3,משא ומתן | מקח וממכר | מרכב ומושב,substituted,no,3,wikipedia,משא ומתן
ha-01796,מו״מ,"הסיום היעיל ביותר של מו״מ, אם כי לא תמיד הוא אפשרי, יהיה הסיום של ""מנצח–מנצח"" (win-win).",משא ומתן,מו״מ.01,משא ומתן,weak,3,משא ומתן | מקח וממכר | מרכב ומושב,substituted,no,3,wikipedia,משא ומתן
ha-01797,מו״מ,"לעיתים, כאשר לא ניתן להגיע לסיום יעיל, מו״מ נקלע למצב של מבוי סתום.",משא ומתן,מו״מ.01,משא ומתן,weak,3,משא ומתן | מקח וממכר | מרכב ומושב,substituted,no,3,wikipedia,משא ומתן
ha-01798,מזל״ט,"לפעמים משתמשים במילה ""מזל"" כחלק מביטוי או צמד מילים, לפעמים בקשר חיובי כמו למשל ""מזל״ט"", שהוא ביטוי שמשתמשים בו כברכה לאדם בעל אירוע משמח כמו יום הולדת או חתונה.",מזל טוב,מזל״ט.01,מזל טוב,weak,2,מזל טוב | מטוז זעיר ללא טייס,substituted,no,3,wikipedia,מזל
ha-01799,מזל״ט,"המילה ""מזל"" עשויה לציין הן אירועים חיוביים (""מזל״ט"") והן שליליים (""מזל רע""), אך בעברית החדשה יש לה קונוטציה חיובית חזקה, ולמילה ""מזל"" לבדה יש משמעות חיובית על פי רוב.",מזל טוב,מזל״ט.01,מזל טוב,weak,2,מזל טוב | מטוז זעיר ללא טייס,substituted,no,3,wikipedia,מזל
ha-01800,מזל״ט,את הקביעה הזו מקובל לייחס גם למסורת היהודית המייחסת ליום זה מזל״ט במיוחד.,מזל טוב,מזל״ט.01,מזל טוב,weak,2,מזל טוב | מטוז זעיר ללא טייס,substituted,no,3,wikipedia,יום שלישי
ha-01801,מז״א,"הפרק מסתיים כאשר סטן שואל את הבנים מה כעת, וקרטמן עונה לו בתגובה ""מז״א",מה זאת אומרת?,מז״א.01,מה זאת אומרת?,weak,2,מזג אויר | מה זאת אומרת?,substituted,no,3,wikipedia,"עשו אהבה, לא וורקראפט"
ha-01802,מז״א,במציאות הארץ־ישראלית תקופת 3 החודשים (המשויכת עם עונת החורף ובאופן מסורתי עם מז״א סוער וקריר יותר) מתחילה עם כניסת טבת (סוף נובמבר/תחילת דצמבר).,מזג אויר,מז״א.02,מזג אויר,weak,2,מזג אויר | מה זאת אומרת?,substituted,no,3,wikipedia,חורף
ha-01803,מחמ״ד,"מחמ״ד של ארצות הברית (באנגלית: United States Department of State) היא סוכנות פדרלית בארצות הברית, שעל אף שמה היא אחראית בעיקר על ענייני החוץ של הממשל האמריקאי.",מחלקת המדינה,מחמ״ד.01,מחלקת המדינה,weak,2,מחלקת המדינה | מנהלת החינוך הממלכתי-דתי,substituted,no,3,wikipedia,מחלקת המדינה של ארצות הברית
ha-01804,מחמ״ד,רוב החובות האלו של מחמ״ד הפכו בסופו של דבר לשלל אגפים וסוכנויות פדרליות שהוקמו בזמן המאה ה-19.,מחלקת המדינה,מחמ״ד.01,מחלקת המדינה,weak,2,מחלקת המדינה | מנהלת החינוך הממלכתי-דתי,substituted,no,3,wikipedia,מחלקת המדינה של ארצות הברית
ha-01805,מחמ״ד,"מחמ״ד אף תומכת בשלל הפעילויות הקשורות לענייני חוץ במחלקות אחרות בממשל, כמו מחלקת הסחר של ארצות הברית והסוכנות להתפתחויות בינלאומיות.",מחלקת המדינה,מחמ״ד.01,מחלקת המדינה,weak,2,מחלקת המדינה | מנהלת החינוך הממלכתי-דתי,substituted,no,3,wikipedia,מחלקת המדינה של ארצות הברית
ha-01806,מח״כ,"מח״כ הוא סטטוס בהלכות טומאה, המסמל טומאה קלה, בדומה לטבול יום, שמונעת מהאדם במצב זה להיכנס למקדש ולאכול קורבנות.",מחוסר כיפורים,מח״כ.01,מחוסר כיפורים,weak,2,מחוסר כיפורים | מחילת כבודו,substituted,no,3,wikipedia,מחוסר כיפורים
ha-01807,מח״כ,"קיימים סטטוסים הלכתיים שונים, כמו ""טבול יום"" או ""מח״כ"", למי שהתחיל בתהליך הטהרה אך עדיין לא השלים אותו.",מחוסר כיפורים,מח״כ.01,מחוסר כיפורים,weak,2,מחוסר כיפורים | מחילת כבודו,substituted,no,3,wikipedia,דרכי היטהרות מטומאה
ha-01808,מח״כ,"לאחר שטבל והסתיים היום השביעי - המצורע טהור לגמרי, אלא שהוא מח״כ, כלומר אסור לו לאכול קדשים או להיכנס למקדש, עד שיביא את קרבנו.",מחוסר כיפורים,מח״כ.01,מחוסר כיפורים,weak,2,מחוסר כיפורים | מחילת כבודו,substituted,no,3,wikipedia,קרבן מצורע
ha-01809,מח״ל,"חלק מצוות המתנדבים האמריקאים, כמו אחרים מאנשי מח""ל, בחרו להישאר במדינת ישראל, ביניהם מורי גרינפילד.",מתנדבי חוץ לארץ במלחמת העצמאות,מח״ל.01,מפלגת חרות לאומית,verified,2,מתנדבי חוץ לארץ במלחמת העצמאות | מפלגת חרות לאומית,natural,no,3,wikipedia,הצי הסודי של היהודים
ha-01810,מח״ל,"משרד החינוך, מרכז ההסברה, שירות הפרסומים, ירושלים, 2002 יעקב מרקוביצקי, ""מח״ל"".",מתנדבי חוץ לארץ במלחמת העצמאות,מח״ל.01,מתנדבי חוץ לארץ במלחמת העצמאות,weak,2,מתנדבי חוץ לארץ במלחמת העצמאות | מפלגת חרות לאומית,substituted,no,3,wikipedia,"מח""ל"
ha-01811,מט״ח,"במסגרת העיסוק כבנקאי קיימות התמחויות משנה, ובהן: אשראי, מט״ח ומסחר בניירות ערך.",מטבע חוץ,מט״ח.01,מטבע חוץ,weak,2,מטבע חוץ | מרכז לטכנולוגיה חינוכית,substituted,no,3,wikipedia,בנקאי
ha-01812,מט״ח,"החלפניה היא מוסד פיננסי, שנועד לרכישה ומכירה של מט״ח ממדינות שונות.",מטבע חוץ,מט״ח.01,מטבע חוץ,weak,2,מטבע חוץ | מרכז לטכנולוגיה חינוכית,substituted,no,3,wikipedia,חלפנות כספים
ha-01813,מט״ח,"התעודה נסחרת בבורסה לניירות ערך ומאפשרת למשקיע לעקוב אחר נכס בסיס כגון: מדדי מניות, מדדי איגרות חוב, שערי מט״ח, סחורות ועוד.",מטבע חוץ,מט״ח.01,מטבע חוץ,weak,2,מטבע חוץ | מרכז לטכנולוגיה חינוכית,substituted,no,3,wikipedia,תעודת סל
ha-01814,מט״ל,במימוש הנפוץ של מט״ל מודדים את הזמן שדרוש לפעימה של קרן לייזר להגיע לעצם המטרה ולשוב אל המכשיר.,מד טווח לייזר,מט״ל.01,מד טווח לייזר,weak,2,מכון טכנולוגי לישראל | מד טווח לייזר,substituted,yes,3,wikipedia,מד טווח לייזר
ha-01815,מט״ל,"מכשירי מט״ל צבאיים הם משקפת, שעליה מורכב מכשיר הלייזר.",מד טווח לייזר,מט״ל.01,מד טווח לייזר,weak,2,מכון טכנולוגי לישראל | מד טווח לייזר,substituted,yes,3,wikipedia,מד טווח לייזר
ha-01816,מט״ל,הצורה הנפוצה ביותר של מט״ל פועלת על ידי שליחת פולס לייזר בקרן צרה לעבר העצם ומדידת הזמן שלוקח לפולס להשתקף מהמטרה ולחזור לשולח.,מד טווח לייזר,מט״ל.01,מד טווח לייזר,weak,2,מכון טכנולוגי לישראל | מד טווח לייזר,substituted,yes,3,wikipedia,מד טווח
ha-01817,מט״ל,"הטכניון – מט״ל הוא אוניברסיטת מחקר ציבורית בחיפה המתמקדת בלימודי ומחקר הנדסה ומדעים מדויקים אך מלמדת ונחקרים בה גם רפואה, אדריכלות וחינוך למדע ולטכנולוגיה.",מכון טכנולוגי לישראל,מט״ל.02,מכון טכנולוגי לישראל,weak,2,מכון טכנולוגי לישראל | מד טווח לייזר,substituted,yes,3,wikipedia,הטכניון - מכון טכנולוגי לישראל
ha-01818,מט״ל,"מפנה חשוב בתולדות הטכניון חל בשנות ה-50: המוסד ניתק מהגופים הציוניים, הפך למוסד עצמאי, ושמו שונה ל""טכניון – מט״ל"" – שמו עד היום.",מכון טכנולוגי לישראל,מט״ל.02,מכון טכנולוגי לישראל,weak,2,מכון טכנולוגי לישראל | מד טווח לייזר,substituted,yes,3,wikipedia,הטכניון - מכון טכנולוגי לישראל
ha-01819,מל״ב,"הדיונים בנושא חקיקה אזרחית מערבים פוליטיקה של זהויות, מתוך רצון לשמר סממנים תרבותיים של קבוצות דתיות מל״ב האדם.",מבלי לפגוע בזכויות,מל״ב.01,מבלי לפגוע בזכויות,weak,2,מלכים ב' | מבלי לפגוע בזכויות,substituted,no,3,wikipedia,חקיקה אזרחית בהודו
ha-01820,מל״ב,היינס טענה כי אין טקטיקה פשוטה לפיה הממשלה יכולה לצנזר חומר מילדים מל״ב המובטחות למבוגרים על ידי התיקון הראשון לחוקת ארצות הברית.,מבלי לפגוע בזכויות,מל״ב.01,מבלי לפגוע בזכויות,weak,2,מלכים ב' | מבלי לפגוע בזכויות,substituted,no,3,wikipedia,Not in Front of the Children
ha-01821,מל״ב,"בנוסף, היינס טענה כי אין טקטיקה פשוטה לפיה הממשלה יכולה לצנזר חומר מילדים מל״ב המובטחות למבוגרים על ידי התיקון הראשון לחוקת ארצות הברית.",מבלי לפגוע בזכויות,מל״ב.01,מבלי לפגוע בזכויות,weak,2,מלכים ב' | מבלי לפגוע בזכויות,substituted,no,3,wikipedia,Not in Front of the Children
ha-01822,מל״ט,RQ-2 פיוניר (RQ-2 Pioneer) הוא מל״ט שפותח במשותף על ידי תאגיד AAI והתעשייה האווירית לישראל.,מטוס ללא טייס,מל״ט.01,מטוס ללא טייס,weak,2,מטוס ללא טייס | מיגו לחצי טענה,substituted,no,3,wikipedia,RQ-2 פיוניר
ha-01823,מל״ט,במסגרת הניסוי המערכת יירטה בהצלחה מל״ט שדימה מטרה.,מטוס ללא טייס,מל״ט.01,מטוס ללא טייס,weak,2,מטוס ללא טייס | מיגו לחצי טענה,substituted,no,3,wikipedia,ברק 8
ha-01824,מל״ל,"מל״ל הוא המוסד האחראי על מימוש רוב הזכויות החברתיות במדינת ישראל, על פי רוב בדרך של תשלומי העברה.",המוסד לביטוח לאומי,מל״ל.02,המוסד לביטוח לאומי,weak,3,המוסד לביטוח לאומי | המטה לביטחון לאומי | משה לייב ליליינבלום,substituted,yes,1,wikipedia,המוסד לביטוח לאומי
ha-01825,מל״ל,"פעילות מל״ל מוסדרת בחוק הביטוח הלאומי, שהתקבל בכנסת בנובמבר 1953.",המוסד לביטוח לאומי,מל״ל.02,המוסד לביטוח לאומי,weak,3,המוסד לביטוח לאומי | המטה לביטחון לאומי | משה לייב ליליינבלום,substituted,yes,1,wikipedia,המוסד לביטוח לאומי
ha-01826,מל״ל,"בשנות קיומו הראשונות של מל״ל, תחומי פעילותו היו מצומצמים ורוב האחריות הוטלה על משרד הסעד.",המוסד לביטוח לאומי,מל״ל.02,המוסד לביטוח לאומי,weak,3,המוסד לביטוח לאומי | המטה לביטחון לאומי | משה לייב ליליינבלום,substituted,yes,1,wikipedia,המוסד לביטוח לאומי
ha-01827,מל״ל,"מי שהוזמן כאמור, חייב להתייצב לדיון, אלא אם שוכנע ראש מל״ל כי הדבר אינו אפשרי בנסיבות העניין.",המטה לביטחון לאומי,מל״ל.03,המטה לביטחון לאומי,weak,3,המוסד לביטוח לאומי | המטה לביטחון לאומי | משה לייב ליליינבלום,substituted,yes,1,wikipedia,המטה לביטחון לאומי
ha-01828,מל״ל,עוד קובע החוק כי כל מידע בענייני החוץ והביטחון המועבר לעיונו של ראש הממשלה יועבר על ידי הגורם שהעביר את המידע גם לעיונו של ראש מל״ל.,המטה לביטחון לאומי,מל״ל.03,המטה לביטחון לאומי,weak,3,המוסד לביטוח לאומי | המטה לביטחון לאומי | משה לייב ליליינבלום,substituted,yes,1,wikipedia,המטה לביטחון לאומי
ha-01829,מל״ל,"בנוסף, מסדיר החוק את מסירת המידע גם לעובדי מל״ל, ומעגנו כיחידת סמך במשרד ראש הממשלה.",המטה לביטחון לאומי,מל״ל.03,המטה לביטחון לאומי,weak,3,המוסד לביטוח לאומי | המטה לביטחון לאומי | משה לייב ליליינבלום,substituted,yes,1,wikipedia,המטה לביטחון לאומי
ha-01830,מל״ל,"ב-19 בספטמבר 1918 כבש הצבא הבריטי את אזור כפר מל""ל ובהמשך את כל צפון הארץ.",משה לייב ליליינבלום,מל״ל.01,משה לייב ליליינבלום,verified,3,המוסד לביטוח לאומי | המטה לביטחון לאומי | משה לייב ליליינבלום,natural,yes,1,wikipedia,"כפר מל""ל"
ha-01831,מל״ל,"ב־1930 נבנה בית ספר ""כפר מל""ל"" במבנה דו-קומתי לילדי כל האזור ובהמשך המבנה נקרא ""הבית הציבורי"".",משה לייב ליליינבלום,מל״ל.01,משה לייב ליליינבלום,verified,3,המוסד לביטוח לאומי | המטה לביטחון לאומי | משה לייב ליליינבלום,natural,yes,1,wikipedia,"כפר מל""ל"
ha-01832,מל״ל,"בתחילת שנות ה-30 מסרה כפר מל""ל, מסיבות ציוניות, שטחים של אלפי דונמים שהיו ברשותה לטובת הקמת יישובים נוספים מסביב ליישוב.",משה לייב ליליינבלום,מל״ל.01,משה לייב ליליינבלום,verified,3,המוסד לביטוח לאומי | המטה לביטחון לאומי | משה לייב ליליינבלום,natural,yes,1,wikipedia,"כפר מל""ל"
ha-01833,מל״ל,"רחוב ליליינבלום בתל אביב הוא מראשוני הרחובות בעיר זו, והוא קרוי על שמו של מל״ל.",משה לייב ליליינבלום,מל״ל.01,משה לייב ליליינבלום,weak,3,המוסד לביטוח לאומי | המטה לביטחון לאומי | משה לייב ליליינבלום,substituted,yes,1,wikipedia,רחוב ליליינבלום
ha-01834,מל״ל,"בזרם הציוני, ההשקפה הנגדית העיקרית הייתה ציונות מעשית שייסד מל״ל, ולאחר-מכן ציונות מדינית שייסד הרצל.",משה לייב ליליינבלום,מל״ל.01,משה לייב ליליינבלום,weak,3,המוסד לביטוח לאומי | המטה לביטחון לאומי | משה לייב ליליינבלום,substituted,yes,1,wikipedia,ציונות רוחנית
ha-01835,מל״ל,"מל״ל הודיע כי אין טעם לפנות לפינסקר ועל הצירים לבחור ""גבאי ראשון"" חדש.",משה לייב ליליינבלום,מל״ל.01,משה לייב ליליינבלום,weak,3,המוסד לביטוח לאומי | המטה לביטחון לאומי | משה לייב ליליינבלום,substituted,yes,1,wikipedia,ועידת וילנה
ha-01836,מל״ם,"במאגר מל״ם נמצאים למעלה מ-5,000 תמונות ומסמכים.",המרכז למורשת המודיעין,מל״ם.01,המרכז למורשת המודיעין,weak,5,"המרכז למורשת המודיעין | מוליך למחצה | המרכז (הישראלי) לחינוך מדעי | מודיעין לקראת משימה | משנה למלך, ספרו של רבי יהודה רוזאניס",substituted,yes,3,wikipedia,המרכז למורשת המודיעין
ha-01837,מל״ם,בין השנים 2013–2021 כיהן שטאובר כיושב ראש מל״ם.,המרכז למורשת המודיעין,מל״ם.01,המרכז למורשת המודיעין,weak,5,"המרכז למורשת המודיעין | מוליך למחצה | המרכז (הישראלי) לחינוך מדעי | מודיעין לקראת משימה | משנה למלך, ספרו של רבי יהודה רוזאניס",substituted,yes,3,wikipedia,צבי שטאובר
ha-01838,מל״ם,"על פי מל״ם, הלוויינים באמצעותם משדרת התחנה מופעלים על ידי תאגידים וחברות ערביות ומערביות בהן חברות אמריקניות ואירופיות.",המרכז למורשת המודיעין,מל״ם.01,המרכז למורשת המודיעין,weak,5,"המרכז למורשת המודיעין | מוליך למחצה | המרכז (הישראלי) לחינוך מדעי | מודיעין לקראת משימה | משנה למלך, ספרו של רבי יהודה רוזאניס",substituted,yes,3,wikipedia,אל-מנאר
ha-01839,מל״ם,"תכונות ההולכה של מל״ם משתנות כתלות בגורמים חיצוניים כגון טמפרטורה, חשיפה לאור, וזיהומים.",מוליך למחצה,מל״ם.02,מוליך למחצה,weak,5,"המרכז למורשת המודיעין | מוליך למחצה | המרכז (הישראלי) לחינוך מדעי | מודיעין לקראת משימה | משנה למלך, ספרו של רבי יהודה רוזאניס",substituted,yes,3,wikipedia,מוליך למחצה
ha-01840,מל״ם,הניסוי הראשון בחומר מל״ם נערך על ידי מייקל פאראדיי ב-1833.,מוליך למחצה,מל״ם.02,מוליך למחצה,weak,5,"המרכז למורשת המודיעין | מוליך למחצה | המרכז (הישראלי) לחינוך מדעי | מודיעין לקראת משימה | משנה למלך, ספרו של רבי יהודה רוזאניס",substituted,yes,3,wikipedia,מוליך למחצה
ha-01841,מל״ם,כדי להגדיל את המוליכות החשמלית של מל״ם ניתן לאלח (לסמם) את הגביש על ידי השתלת חומר אחר בתוכו בעל מספר שונה של אלקטרוני ערכיות.,מוליך למחצה,מל״ם.02,מוליך למחצה,weak,5,"המרכז למורשת המודיעין | מוליך למחצה | המרכז (הישראלי) לחינוך מדעי | מודיעין לקראת משימה | משנה למלך, ספרו של רבי יהודה רוזאניס",substituted,yes,3,wikipedia,מוליך למחצה
ha-01842,מל״מ,"במאגר מל״מ נמצאים למעלה מ-5,000 תמונות ומסמכים.",המרכז למורשת המודיעין,מל״מ.01,המרכז למורשת המודיעין,weak,7,המרכז למורשת המודיעין | מוליך למחצה | מפעל מלמ | מוסמך למדעים | מלם תים | מלם מערכות | מודיעין לקראת מבצע,substituted,yes,3,wikipedia,המרכז למורשת המודיעין
ha-01843,מל״מ,בין השנים 2013–2021 כיהן שטאובר כיושב ראש מל״מ.,המרכז למורשת המודיעין,מל״מ.01,המרכז למורשת המודיעין,weak,7,המרכז למורשת המודיעין | מוליך למחצה | מפעל מלמ | מוסמך למדעים | מלם תים | מלם מערכות | מודיעין לקראת מבצע,substituted,yes,3,wikipedia,צבי שטאובר
ha-01844,מל״מ,"על פי מל״מ, הלוויינים באמצעותם משדרת התחנה מופעלים על ידי תאגידים וחברות ערביות ומערביות בהן חברות אמריקניות ואירופיות.",המרכז למורשת המודיעין,מל״מ.01,המרכז למורשת המודיעין,weak,7,המרכז למורשת המודיעין | מוליך למחצה | מפעל מלמ | מוסמך למדעים | מלם תים | מלם מערכות | מודיעין לקראת מבצע,substituted,yes,3,wikipedia,אל-מנאר
ha-01845,מל״מ,"תכונות ההולכה של מל״מ משתנות כתלות בגורמים חיצוניים כגון טמפרטורה, חשיפה לאור, וזיהומים.",מוליך למחצה,מל״מ.02,מוליך למחצה,weak,7,המרכז למורשת המודיעין | מוליך למחצה | מפעל מלמ | מוסמך למדעים | מלם תים | מלם מערכות | מודיעין לקראת מבצע,substituted,yes,3,wikipedia,מוליך למחצה
ha-01846,מל״מ,הניסוי הראשון בחומר מל״מ נערך על ידי מייקל פאראדיי ב-1833.,מוליך למחצה,מל״מ.02,מוליך למחצה,weak,7,המרכז למורשת המודיעין | מוליך למחצה | מפעל מלמ | מוסמך למדעים | מלם תים | מלם מערכות | מודיעין לקראת מבצע,substituted,yes,3,wikipedia,מוליך למחצה
ha-01847,מל״מ,כדי להגדיל את המוליכות החשמלית של מל״מ ניתן לאלח (לסמם) את הגביש על ידי השתלת חומר אחר בתוכו בעל מספר שונה של אלקטרוני ערכיות.,מוליך למחצה,מל״מ.02,מוליך למחצה,weak,7,המרכז למורשת המודיעין | מוליך למחצה | מפעל מלמ | מוסמך למדעים | מלם תים | מלם מערכות | מודיעין לקראת מבצע,substituted,yes,3,wikipedia,מוליך למחצה
ha-01848,מל״מ,"התוכנית מעניקה שני תארים: ""מל״מ בהנדסה ביו-רפואית"" ו""מל״מ בפיזיקה"".",מוסמך למדעים,מל״מ.03,מוסמך למדעים,weak,7,המרכז למורשת המודיעין | מוליך למחצה | מפעל מלמ | מוסמך למדעים | מלם תים | מלם מערכות | מודיעין לקראת מבצע,substituted,yes,3,wikipedia,הפקולטה לפיזיקה (הטכניון)
ha-01849,מל״מ,"התוכנית מעניקה שלושה תארים: ""בוגר למדעים במדעי הרפואה"", ""מל״מ בהנדסה ביו-רפואית"" ותואר ""דוקטור לרפואה"".",מוסמך למדעים,מל״מ.03,מוסמך למדעים,weak,7,המרכז למורשת המודיעין | מוליך למחצה | מפעל מלמ | מוסמך למדעים | מלם תים | מלם מערכות | מודיעין לקראת מבצע,substituted,yes,3,wikipedia,"הפקולטה לרפואה ע""ש רפפורט"
ha-01850,מל״מ,"לאחר מכן למד באוניברסיטה העברית, שם סיים בתואר מל״מ.",מוסמך למדעים,מל״מ.03,מוסמך למדעים,weak,7,המרכז למורשת המודיעין | מוליך למחצה | מפעל מלמ | מוסמך למדעים | מלם תים | מלם מערכות | מודיעין לקראת מבצע,substituted,yes,3,wikipedia,כרמי יוגב
ha-01851,מל״מ,"בשנת 1982 הפכה לחברה ממשלתית בשם ""מל״מ"".",מלם מערכות,מל״מ.04,מלם מערכות,weak,7,המרכז למורשת המודיעין | מוליך למחצה | מפעל מלמ | מוסמך למדעים | מלם תים | מלם מערכות | מודיעין לקראת מבצע,substituted,yes,3,wikipedia,מלם תים
ha-01852,מל״מ,בשנת 1998 ניירות הערך של מל״מ נרשמו למסחר בבורסה בתל אביב.,מלם מערכות,מל״מ.04,מלם מערכות,weak,7,המרכז למורשת המודיעין | מוליך למחצה | מפעל מלמ | מוסמך למדעים | מלם תים | מלם מערכות | מודיעין לקראת מבצע,substituted,yes,3,wikipedia,מלם תים
ha-01853,מל״מ,"2006 - תים מחשבים ומערכות רכשה את מל״מ מידי נושי איש העסקים גד זאבי, ובשנת 2007 הושלם המיזוג בין החברות, ונוסדה מלם תים.",מלם מערכות,מל״מ.04,מלם מערכות,weak,7,המרכז למורשת המודיעין | מוליך למחצה | מפעל מלמ | מוסמך למדעים | מלם תים | מלם מערכות | מודיעין לקראת מבצע,substituted,yes,3,wikipedia,מלם תים
ha-01854,מל״מ,מל״מ הוא תאגיד ישראלי של חברות טכנולוגיית מידע.,מלם תים,מל״מ.05,מלם תים,weak,7,המרכז למורשת המודיעין | מוליך למחצה | מפעל מלמ | מוסמך למדעים | מלם תים | מלם מערכות | מודיעין לקראת מבצע,substituted,yes,3,wikipedia,מלם תים
ha-01855,מל״מ,אייזנברג משמש גם כמנהל עסקים ראשי של מל״מ.,מלם תים,מל״מ.05,מלם תים,weak,7,המרכז למורשת המודיעין | מוליך למחצה | מפעל מלמ | מוסמך למדעים | מלם תים | מלם מערכות | מודיעין לקראת מבצע,substituted,yes,3,wikipedia,מלם תים
ha-01856,מל״מ,"ביולי 2022 קבוצת מל״מ עברה לקמפוס משרדים ברחוב אבשלום גיסין 53, פתח תקווה.",מלם תים,מל״מ.05,מלם תים,weak,7,המרכז למורשת המודיעין | מוליך למחצה | מפעל מלמ | מוסמך למדעים | מלם תים | מלם מערכות | מודיעין לקראת מבצע,substituted,yes,3,wikipedia,מלם תים
ha-01857,מל״מ,שביט הוא משגר לוויינים ישראלי מתוצרת מל״מ של התעשייה האווירית.,מפעל מלמ,מל״מ.06,מפעל מלמ,weak,7,המרכז למורשת המודיעין | מוליך למחצה | מפעל מלמ | מוסמך למדעים | מלם תים | מלם מערכות | מודיעין לקראת מבצע,substituted,yes,3,wikipedia,שביט (משגר לוויינים)
ha-01858,מל״מ,"מל״מ היה למפעל הראשון בתעשיות הביטחוניות בישראל (בשנת 2004), שעבר הסמכה בתקן 17799-ISO לניהול אבטחת מידע.",מפעל מלמ,מל״מ.06,מפעל מלמ,weak,7,המרכז למורשת המודיעין | מוליך למחצה | מפעל מלמ | מוסמך למדעים | מלם תים | מלם מערכות | מודיעין לקראת מבצע,substituted,yes,3,wikipedia,מפעל מלמ
ha-01859,מל״מ,"בפברואר 2021 פורסם כי מל״מ החל בפיתוח ""חץ 4"" בשיתוף עם הסוכנות האמריקנית להגנה מפני טילים.",מפעל מלמ,מל״מ.06,מפעל מלמ,weak,7,המרכז למורשת המודיעין | מוליך למחצה | מפעל מלמ | מוסמך למדעים | מלם תים | מלם מערכות | מודיעין לקראת מבצע,substituted,yes,3,wikipedia,מפעל מלמ
ha-01860,ממ״ג,בין השנים 1963–1968 כיהן כמנהל ממ״ג שורק והמנהל המדעי של הוועדה לאנרגיה אטומית.,המרכז למחקר גרעיני,ממ״ג.02,המרכז למחקר גרעיני,weak,6,המרכז למחקר גרעיני | מערכת מידע גאוגרפי | מצנח ממונע גלגלי | כלי טיס ממונע אשר בו מצנח המשמש לעילוי | מתקן למחקר גרעיני הממוקם בנחל שורק | קבוצת תוכנות לניתוח מידע גיאוגרפי,substituted,yes,3,wikipedia,שמעון יפתח
ha-01861,ממ״ג,רפאל (רפי) ברקוביץ' (ברקו) (נולד ב-1958) הוא ראש ממ״ג שורק.,המרכז למחקר גרעיני,ממ״ג.02,המרכז למחקר גרעיני,weak,6,המרכז למחקר גרעיני | מערכת מידע גאוגרפי | מצנח ממונע גלגלי | כלי טיס ממונע אשר בו מצנח המשמש לעילוי | מתקן למחקר גרעיני הממוקם בנחל שורק | קבוצת תוכנות לניתוח מידע גיאוגרפי,substituted,yes,3,wikipedia,רפי ברקוביץ'
ha-01862,ממ״ג,"בימינו עושים המודדים שימוש במגוון ציוד ומקורות מידע כגון תחנה כוללת ידנית או רובוטית, מקלטי GPS תלת־ממדיים, מחזיר פינתי ומחזיר ישיר, סורקים תלת־ממדיים, ממ״ג, ציוד מחשוב ותקשורת.",מערכת מידע גאוגרפי,ממ״ג.01,מערכת מידע גאוגרפי,weak,6,המרכז למחקר גרעיני | מערכת מידע גאוגרפי | מצנח ממונע גלגלי | כלי טיס ממונע אשר בו מצנח המשמש לעילוי | מתקן למחקר גרעיני הממוקם בנחל שורק | קבוצת תוכנות לניתוח מידע גיאוגרפי,substituted,yes,3,wikipedia,מדידה (מקצוע)
ha-01863,ממ״ג,"Govmap (בשמה המלא - Govmap אתר המפות הממשלתי) היא ממ״ג ישראלית וממוחשבת המאפשרת ניהול, אחזור וניתוח מידע גאוגרפי תוך שילוב תכנים ממספר שכבות מידע.",מערכת מידע גאוגרפי,ממ״ג.01,מערכת מידע גאוגרפי,weak,6,המרכז למחקר גרעיני | מערכת מידע גאוגרפי | מצנח ממונע גלגלי | כלי טיס ממונע אשר בו מצנח המשמש לעילוי | מתקן למחקר גרעיני הממוקם בנחל שורק | קבוצת תוכנות לניתוח מידע גיאוגרפי,substituted,yes,3,wikipedia,Govmap
ha-01864,ממ״ג,"QGIS (בעבר: Quantum GIS) היא תוכנה לניהול ממ״ג, חופשית ומופצת תחת רישיון קוד פתוח, שמתאימה למגוון של מערכות הפעלה.",מערכת מידע גאוגרפי,ממ״ג.01,מערכת מידע גאוגרפי,weak,6,המרכז למחקר גרעיני | מערכת מידע גאוגרפי | מצנח ממונע גלגלי | כלי טיס ממונע אשר בו מצנח המשמש לעילוי | מתקן למחקר גרעיני הממוקם בנחל שורק | קבוצת תוכנות לניתוח מידע גיאוגרפי,substituted,yes,3,wikipedia,QGIS
ha-01865,ממ״ד,ב-1985 הוא שב לירושלים לשרת כראש ממ״ד במשרד החוץ.,המרכז למחקר מדיני,ממ״ד.02,המרכז למחקר מדיני,weak,3,ממלכתי דתי | המרכז למחקר מדיני | מרחב מוגן דירתי,substituted,yes,3,wikipedia,אריה לוין (שגריר)
ha-01866,ממ״ד,בשנים 2008 עד 2014 כיהן כראש חטיבה וסגן ראש ממ״ד.,המרכז למחקר מדיני,ממ״ד.02,המרכז למחקר מדיני,weak,3,ממלכתי דתי | המרכז למחקר מדיני | מרחב מוגן דירתי,substituted,yes,3,wikipedia,דוד עקוב
ha-01867,ממ״ד,"דוד ולצר (נולד ב-1953) הוא דיפלומט ישראלי, כיהן כשגריר ישראל באיחוד האירופי, כראש ממ״ד במשרד החוץ וכשגריר ישראל בדנמרק.",המרכז למחקר מדיני,ממ״ד.02,המרכז למחקר מדיני,weak,3,ממלכתי דתי | המרכז למחקר מדיני | מרחב מוגן דירתי,substituted,yes,3,wikipedia,דוד ולצר
ha-01868,ממ״ד,"בבת ים הוקם, בשנות ה-30 של המאה ה-20, בית ספר ""תחכמוני"", הפועל כבית ספר ממ״ד.",ממלכתי דתי,ממ״ד.03,ממלכתי דתי,weak,3,ממלכתי דתי | המרכז למחקר מדיני | מרחב מוגן דירתי,substituted,yes,3,wikipedia,תחכמוני (בית ספר)
ha-01869,ממ״ד,"כמו כן הקים הקיבוץ את בית הספר ""ראשית"", בית ספר ממ״ד יסודי שש שנתי המנוהל על ידי תמי פרידמן בן שלום, הנמצא גם הוא בשכונת קריית מנחם.",ממלכתי דתי,ממ״ד.03,ממלכתי דתי,weak,3,ממלכתי דתי | המרכז למחקר מדיני | מרחב מוגן דירתי,substituted,yes,3,wikipedia,ראשית (קיבוץ)
ha-01870,ממ״ד,"במקרה של תוספת ממ""ד לדירה בבית משותף, נדרשת הסכמתם של בעלי 60% מן הדירות.",מרחב מוגן דירתי,ממ״ד.01,מרחב מוגן דירתי,verified,3,ממלכתי דתי | המרכז למחקר מדיני | מרחב מוגן דירתי,natural,yes,3,wikipedia,מרחב מוגן
ha-01871,ממ״ד,"בשנת 2021, בהובלת שרת הפנים איילת שקד, אושרו הקלות בהוצאת היתר בנייה, כך שבוטלה החובה להשיג היתר בנייה לכל המבנה, על מנת לקבל היתר לבניית ממ""ד.",מרחב מוגן דירתי,ממ״ד.01,מרחב מוגן דירתי,verified,3,ממלכתי דתי | המרכז למחקר מדיני | מרחב מוגן דירתי,natural,yes,3,wikipedia,מרחב מוגן
ha-01872,ממ״ד,"במהלך מלחמת חרבות ברזל אושרו הקלות נוספות באופן שאפשרו הקמת ממ""ד ללא היתר בנייה.",מרחב מוגן דירתי,ממ״ד.01,מרחב מוגן דירתי,verified,3,ממלכתי דתי | המרכז למחקר מדיני | מרחב מוגן דירתי,natural,yes,3,wikipedia,מרחב מוגן
ha-01873,ממ״ד,לצורך בניית ממ״ד יש צורך בהסכמה של 60% מבעלי הדירות שהרכוש המשותף צמוד לדירותיהם.,מרחב מוגן דירתי,ממ״ד.01,מרחב מוגן דירתי,weak,3,ממלכתי דתי | המרכז למחקר מדיני | מרחב מוגן דירתי,substituted,yes,3,wikipedia,ועד בית
ha-01874,ממ״ם,"ממ״ם מכין סקירות, השוואות בינלאומיות, מסמכים כלכליים ואומדני עלות של הצעות חוק המונחות על שולחן הכנסת.",מרכז המחקר והמידע,ממ״ם.01,מרכז המחקר והמידע,weak,2,מרכז המחקר והמידע | מרחב מוגן מוסדי,substituted,no,3,wikipedia,מרכז המחקר והמידע של הכנסת
ha-01875,ממ״ם,"על פי ממ״ם של הכנסת, בשנים 2022-2024 הפער בין מספר המהגרים למספר החוזרים גדל מאוד.",מרכז המחקר והמידע,ממ״ם.01,מרכז המחקר והמידע,weak,2,מרכז המחקר והמידע | מרחב מוגן מוסדי,substituted,no,3,wikipedia,ירידה מארץ ישראל
ha-01876,ממ״ם,"על פי ממ״ם של הכנסת בין השנים 2022 ל-2024 חלה ירידה של 53% במספר התושבים החוזרים, מגמה זו החלה משנת 2020.",מרכז המחקר והמידע,ממ״ם.01,מרכז המחקר והמידע,weak,2,מרכז המחקר והמידע | מרחב מוגן מוסדי,substituted,no,3,wikipedia,ירידה מארץ ישראל
ha-01877,ממ״ס,"מקצועות האחזקה הם כל מקצועות המכונאות, החימוש והחשמל למשל ממ״ס/ מסוקים (המכונה ממ""סניקים), חמשים (חימוש), חמ""מניקים (חשמלאי מטוסים) ועוד.",מכונאי מטוסים,ממ״ס.01,מכונאי מטוסים,weak,3,מכונאי מטוסים | ממזר ספק | ממש ממש סודי,substituted,no,3,wikipedia,בית הספר למקצועות הטכניים
ha-01878,ממ״ס,"באחדים מן הרומנים שלו יש גם יסוד על-טבעי, בייחוד בספר Round the Bend משנת 1951, העוסק בדת חדשה, הצומחת סביב ממ״ס.",מכונאי מטוסים,ממ״ס.01,מכונאי מטוסים,weak,3,מכונאי מטוסים | ממזר ספק | ממש ממש סודי,substituted,no,3,wikipedia,נוויל שוט
ha-01879,ממ״ס,"הקרחון נקרא על שמו של דייוויד אלכסנדר פורמן (David Alexander Foreman) ממ״ס של משלחת הסקר האנטארקטי הבריטי, בתחנת אדלייד בין השנים 1973–1976.",מכונאי מטוסים,ממ״ס.01,מכונאי מטוסים,weak,3,מכונאי מטוסים | ממזר ספק | ממש ממש סודי,substituted,no,3,wikipedia,קרחון פורמן (האי אלכסנדר)
ha-01880,ממ״ק,"בגשר הפקק נרשם השיא של 1,094 ממ״ק לכל העונה, לעומת ממוצע של 444 ממ״ק בשנה (1960–2024).",מיליון מטר מעוקב,ממ״ק.01,מיליון מטר מעוקב,verified,4,מיליון מטר מעוקב | ממלא מקום קצין | מילימטר מעוקב | מרחב מוגן קומתי,natural,yes,3,wikipedia,חורף 1968–1969 בישראל
ha-01881,ממ״ק,"הפדיאוס הוא נחל אכזב הזורם בחורף בלבד, והספק הזרימה השנתי הממוצע שלו נע בין שניים לחמישה ממ״ק.",מיליון מטר מעוקב,ממ״ק.01,מיליון מטר מעוקב,weak,4,מיליון מטר מעוקב | ממלא מקום קצין | מילימטר מעוקב | מרחב מוגן קומתי,substituted,yes,3,wikipedia,פדיאוס
ha-01882,ממ״ק,"הסכר הוקם בשנת 2002, גובהו 34 מטרים והמאגר שהוא יוצר הוא בעל קיבולת של 2.8 ממ״ק.",מיליון מטר מעוקב,ממ״ק.01,מיליון מטר מעוקב,weak,4,מיליון מטר מעוקב | ממלא מקום קצין | מילימטר מעוקב | מרחב מוגן קומתי,substituted,yes,3,wikipedia,פדיאוס
ha-01883,ממ״ק,"לאחר תחנת הכוח השלישית מוזרמים מי הליטני אל אפיק נחל האראי, אחד ממקורות האוואלי, הזורם מזרחית לג'זין, ומוסיפים אליו כ-500 ממ״ק מים בשנה.",מיליון מטר מעוקב,ממ״ק.01,מיליון מטר מעוקב,weak,4,מיליון מטר מעוקב | ממלא מקום קצין | מילימטר מעוקב | מרחב מוגן קומתי,substituted,yes,3,wikipedia,אל-אוואלי
ha-01884,ממ״ק,"מיקרוליטר (µL): מיליונית הליטר, ממ״ק אחד.",מילימטר מעוקב,ממ״ק.03,מילימטר מעוקב,weak,4,מיליון מטר מעוקב | ממלא מקום קצין | מילימטר מעוקב | מרחב מוגן קומתי,substituted,yes,3,wikipedia,מטר מעוקב
ha-01885,ממ״ק,הדרגה בכירה מדרגת ממ״ק טייס וזוטרה מדרגת קצין טיסה.,ממלא מקום קצין,ממ״ק.02,ממלא מקום קצין,weak,4,מיליון מטר מעוקב | ממלא מקום קצין | מילימטר מעוקב | מרחב מוגן קומתי,substituted,yes,3,wikipedia,קצין טייס
ha-01886,ממ״ק,משנת 1979 לבוגרי העתודה שנשרו מקורס קצינים הוענקה דרגת ממ״ק.,ממלא מקום קצין,ממ״ק.02,ממלא מקום קצין,weak,4,מיליון מטר מעוקב | ממלא מקום קצין | מילימטר מעוקב | מרחב מוגן קומתי,substituted,yes,3,wikipedia,"קצונה מקצועית בצה""ל"
ha-01887,ממ״ק,"בתום קורס מ""כים קיבל ברק דרגת ממ״ק, אך לבקשתו נשלח בהמשך לקורס קצינים קרבי בן שלושה חודשים.",ממלא מקום קצין,ממ״ק.02,ממלא מקום קצין,weak,4,מיליון מטר מעוקב | ממלא מקום קצין | מילימטר מעוקב | מרחב מוגן קומתי,substituted,yes,3,wikipedia,אהרן ברק
ha-01888,ממ״ר,P-3 – רצועות שרוחבן אינו עולה על 2 מילימטר או ששטחן אינו עולה על 320 ממ״ר.,מילימטר רבוע,ממ״ר.01,מילימטר רבוע,weak,2,מפקד מרחב | מילימטר רבוע,substituted,no,3,wikipedia,מגרסת נייר
ha-01889,ממ״ר,P-4 – רצועות שרוחבן אינו עולה על 6 מילימטר ושטחן אינו עולה על 160 ממ״ר.,מילימטר רבוע,ממ״ר.01,מילימטר רבוע,weak,2,מפקד מרחב | מילימטר רבוע,substituted,no,3,wikipedia,מגרסת נייר
ha-01890,ממ״ר,P-5 – רצועות שרוחבן אינו עולה על 2 מילימטר ושטחן אינו עולה על 30 ממ״ר.,מילימטר רבוע,ממ״ר.01,מילימטר רבוע,weak,2,מפקד מרחב | מילימטר רבוע,substituted,no,3,wikipedia,מגרסת נייר
ha-01891,ממ״ר,בנובמבר 1972 המשיך טיומקין לשירות במשטרת ישראל והיה ממ״ר ירקון.,מפקד מרחב,ממ״ר.02,מפקד מרחב,weak,2,מפקד מרחב | מילימטר רבוע,substituted,no,3,wikipedia,משה טיומקין
ha-01892,מנ״ח,"כל ארגון נזקק לשירותיו של מנ״ח, ולמעשה החל מהשלבים הראשונים של תכנון העסק כבר יש צורך להיעזר בו.",מנהל חשבונות,מנ״ח.01,מנהל חשבונות,weak,2,מנהל חשבונות | מנחת חינוך,substituted,yes,3,wikipedia,מנהל חשבונות
ha-01893,מנ״ח,"כשהעסק מתפתח נדרש בו מנ״ח במשרה מלאה, וככל שהיקפי העבודה גדלים - יש צורך להוסיף בתוך העסק מנהלי חשבונות המבצעים תפקידים שונים במחלקות נפרדות.",מנהל חשבונות,מנ״ח.01,מנהל חשבונות,weak,2,מנהל חשבונות | מנחת חינוך,substituted,yes,3,wikipedia,מנהל חשבונות
ha-01894,מנ״ח,"במקרים כאלה יעמוד מעל כולם מנ״ח ראשי, וכשהעסק מורכב ממנים חָשָב – לו כפופים כל מנהלי החשבונות.",מנהל חשבונות,מנ״ח.01,מנהל חשבונות,weak,2,מנהל חשבונות | מנחת חינוך,substituted,yes,3,wikipedia,מנהל חשבונות
ha-01895,מנ״ח,"על הספר נכתבו פירושים רבים המבארים דבריו ודנים במקורותיו, המפורסם מביניהם הוא ""מנ״ח"".",מנחת חינוך,מנ״ח.02,מנחת חינוך,weak,2,מנהל חשבונות | מנחת חינוך,substituted,yes,3,wikipedia,ספר החינוך
ha-01896,מנ״ח,"ניתן לומר שאין הוא נצמד בדווקא לדברי ספר החינוך, על אף שהחיבור אמור להיות פירוש לדבריו, וברוב הפעמים הוא משמש בעיקר כנקודת פתיחה לדיוניו המתרחבים של בעל מנ״ח.",מנחת חינוך,מנ״ח.02,מנחת חינוך,weak,2,מנהל חשבונות | מנחת חינוך,substituted,yes,3,wikipedia,מנחת חינוך (ספר)
ha-01897,מנ״ח,"ניתן לומר כי הדבר אכן עלה בידו, דורות של תלמידי חכמים ממשיכים לדון בדבריו, ועניין נפוץ הוא בישיבות שהחפץ לפתח נושא מסוים - פונה לספר מנ״ח, שם באפשרותו למצוא נקודות רבות בהן יוכל להרחיב.",מנחת חינוך,מנ״ח.02,מנחת חינוך,weak,2,מנהל חשבונות | מנחת חינוך,substituted,yes,3,wikipedia,מנחת חינוך (ספר)
ha-01898,מס״ב,מסילת רכבת (קרויה גם מס״ב) היא מסלול ייחודי לרכבות.,מסילת ברזל,מס״ב.01,מסילת ברזל,weak,4,מסע בין כוכבים | מסילת ברזל | מרכז סליקה בנקאי | מערכת סליקה בנקאית,substituted,yes,3,wikipedia,מסילת רכבת
ha-01899,מס״ב,"בעיר עוברת מס״ב, ודרכים חשובות במדינה (זוגדידי-מסטיה, שבנפת מסטיה).",מסילת ברזל,מס״ב.01,מסילת ברזל,weak,4,מסע בין כוכבים | מסילת ברזל | מרכז סליקה בנקאי | מערכת סליקה בנקאית,substituted,yes,3,wikipedia,זוגדידי
ha-01900,מס״ב,ישנה מס״ב המקשרת בין מומבסה למזרח אפריקה.,מסילת ברזל,מס״ב.01,מסילת ברזל,weak,4,מסע בין כוכבים | מסילת ברזל | מרכז סליקה בנקאי | מערכת סליקה בנקאית,substituted,yes,3,wikipedia,מומבסה
ha-01901,מס״ב,"העלילה של ""מס״ב"" עוסקת בעיקר בהרפתקאותיהם של בני האנוש והגזעים החייזריים אשר משרתים יחדיו בצי הפדרציה.",מסע בין כוכבים,מס״ב.02,מסע בין כוכבים,weak,4,מסע בין כוכבים | מסילת ברזל | מרכז סליקה בנקאי | מערכת סליקה בנקאית,substituted,yes,3,wikipedia,מסע בין כוכבים
ha-01902,מס״ב,"אף על פי שהסדרה המקורית בוטלה לאחר העונה השלישית בשל רייטינג נמוך, היא שימשה כבסיס לסדרות הטלוויזיה הנוספות של ""מס״ב"".",מסע בין כוכבים,מס״ב.02,מסע בין כוכבים,weak,4,מסע בין כוכבים | מסילת ברזל | מרכז סליקה בנקאי | מערכת סליקה בנקאית,substituted,yes,3,wikipedia,מסע בין כוכבים
ha-01903,מס״ב,"זמן ההתרחשות הוא בסמוך לזה של סדרת ""מס״ב: הדור הבא"", והיו מספר קרוס-אוברים בין הסדרות השונות.",מסע בין כוכבים,מס״ב.02,מסע בין כוכבים,weak,4,מסע בין כוכבים | מסילת ברזל | מרכז סליקה בנקאי | מערכת סליקה בנקאית,substituted,yes,3,wikipedia,מסע בין כוכבים
ha-01904,מס״ב,הרעיון היה שהמטבע ישמש במסחר הבינלאומי כיחידת כיחידת ערך בתוך מס״ב רב-צדדית – איחוד הסליקה הבינלאומי – מוסד שגם אותו הציעו להקים.,מערכת סליקה בנקאית,מס״ב.03,מערכת סליקה בנקאית,weak,4,מסע בין כוכבים | מסילת ברזל | מרכז סליקה בנקאי | מערכת סליקה בנקאית,substituted,yes,3,wikipedia,בנקור
ha-01905,מס״ר,"בין הקורסים שנערכו על סיפונה: קורס מלח כשיר, קורס כיבוי אש, קורס סיראי/מס״ר הצלה, קורס הישרדות בים (מילוט נפש).",מפקד סירת,מס״ר.01,מפקד סירת,weak,2,מפקד סירת | מרכז סימולציה רפואית,substituted,no,3,wikipedia,הרשות הישראלית להכשרה ימית
ha-01906,מע״ד,"לצידה הוקם ""ועד הכבוד להנצחת זכר מרדכי אנילביץ' וחללי מע״ד מרדכי"".",מערכת יד,מע״ד.01,מערכת יד,weak,2,מערכת יד | מכשיר עזר דיבורי,substituted,no,3,wikipedia,מוזיאון יד מרדכי משואה לתקומה
ha-01907,מע״ר,"מינימום שעות הלימוד בקורס מע""רים הוא 44 שעות, כאשר מע""ר המעוניין להתלוות לצוות אמבולנס יידרש לעבור הסמכת מע""ר עד 60 שעות.",מגיש עזרה ראשונה,מע״ר.01,מגיש עזרה ראשונה,verified,3,מרכז עסקים ראשי | מגיש עזרה ראשונה | מע'אר (בערבית: المغار),natural,yes,3,wikipedia,החייאה
ha-01908,מע״ר,"הפניה ניתנת למטופל על ידי רופא, בדרך כלל רופא המשפחה שלו, המפנה לבדיקה של רופא מומחה, או על ידי מע״ר, המפנה לחדר מיון.",מגיש עזרה ראשונה,מע״ר.01,מגיש עזרה ראשונה,weak,3,מרכז עסקים ראשי | מגיש עזרה ראשונה | מע'אר (בערבית: المغار),substituted,yes,3,wikipedia,הפניה רפואית
ha-01909,מע״ר,"מע״ר נקרא בטעות לעיתים חובש, אף כי הראשון זוטר ממנו בסולם הדרגות המקובל ברפואת החירום.",מגיש עזרה ראשונה,מע״ר.01,מגיש עזרה ראשונה,weak,3,מרכז עסקים ראשי | מגיש עזרה ראשונה | מע'אר (בערבית: المغار),substituted,yes,3,wikipedia,חובש
ha-01910,מע״ר,"תמרון דחיקת הלסת נחשב לחלופה טובה יותר (ולא תמרון הטיית ראש/הרמת סנטר) כאשר מע״ר חושד שלמטופל יש פגיעה בחוט השדרה, במיוחד בחלק הצוואר של עמוד השדרה.",מגיש עזרה ראשונה,מע״ר.01,מגיש עזרה ראשונה,weak,3,מרכז עסקים ראשי | מגיש עזרה ראשונה | מע'אר (בערבית: المغار),substituted,yes,3,wikipedia,תמרון דחיקת לסת
ha-01911,מע״ר,"בדרך כלל מע״ר ישכון לרוב במרכז העיר כדי להקל אליו את הנגישות משאר חלקי העיר, ומשם הוא מתוכנן להתרחב ולהתפשט בשלבים יותר מאוחרים אל יתר חלקי העיר.",מרכז עסקים ראשי,מע״ר.02,מרכז עסקים ראשי,weak,3,מרכז עסקים ראשי | מגיש עזרה ראשונה | מע'אר (בערבית: المغار),substituted,yes,3,wikipedia,מרכז עסקים ראשי
ha-01912,מע״ר,מע״ר לאורך ציר כזה מיוחס לדגם העיר הליניארית שנהגה על ידי האדריכל הספרדי ארתורו סוריה בשנת 1882.,מרכז עסקים ראשי,מע״ר.02,מרכז עסקים ראשי,weak,3,מרכז עסקים ראשי | מגיש עזרה ראשונה | מע'אר (בערבית: المغار),substituted,yes,3,wikipedia,מרכז עסקים ראשי
ha-01913,מע״ר,"מע״ר אנכי מיוחס לדגם העיר הליניארית, שנהגה על ידי האדריכל הספרדי ארתורו סוריה בשנת 1882.",מרכז עסקים ראשי,מע״ר.02,מרכז עסקים ראשי,weak,3,מרכז עסקים ראשי | מגיש עזרה ראשונה | מע'אר (בערבית: المغار),substituted,yes,3,wikipedia,מבנה עירוני
ha-01914,מע״ש,"אחר כך המשיך את סדר במתנות למסכת מעשרות, מע״ש ומסכת חלה.",מסכת מעשר שני,מע״ש.02,מסכת מעשר שני,weak,3,מסכת מעשר שני | מערכת שעות | מפעל עבודה שיקומי,substituted,no,3,wikipedia,סדר זרעים
ha-01915,מע״ש,בניית מע״ש זאת נעשית על ידי תקציב ממשרד החינוך.,מערכת שעות,מע״ש.01,מערכת שעות,weak,3,מסכת מעשר שני | מערכת שעות | מפעל עבודה שיקומי,substituted,no,3,wikipedia,מוגבלות שכלית התפתחותית
ha-01916,מע״ש,בתחילת כל שנה בוחרים התלמידים מע״ש אישית ומתחייבים לה.,מערכת שעות,מע״ש.01,מערכת שעות,weak,3,מסכת מעשר שני | מערכת שעות | מפעל עבודה שיקומי,substituted,no,3,wikipedia,קריית אונו
ha-01917,מע״ש,"עוד כולל המסמך הוראות לפרסום מע״ש שבועית הכוללת מפגשים, פעילויות, שיעורים וירטואליים ועבודה עצמית המותאמת לתלמידי החינוך המיוחד.",מערכת שעות,מע״ש.01,מערכת שעות,weak,3,מסכת מעשר שני | מערכת שעות | מפעל עבודה שיקומי,substituted,no,3,wikipedia,השפעת מגפת הקורונה על מערכת החינוך
ha-01918,מע״ת,"בשנת 1997 הורשע בגין העברת כספים שלא כדין, ונגזרו עליו 12 חודשי מע״ת וקנס.",מאסר על תנאי,מע״ת.01,מאסר על תנאי,weak,2,מאסר על תנאי | מועצת תלמידים,substituted,yes,3,wikipedia,רפאל פנחסי
ha-01919,מע״ת,"עופר נמרודי נדון, בעסקת טיעון, לשמונה חודשי מאסר בפועל ועשרה חודשי מע״ת, ורפי פרידן נדון לארבע שנות מאסר, וכן שנתיים מע״ת בגין עבירות מסוימות ושנה מע״ת בגין עבירות אחרות.",מאסר על תנאי,מע״ת.01,מאסר על תנאי,weak,2,מאסר על תנאי | מועצת תלמידים,substituted,yes,3,wikipedia,פרשות נמרודי
ha-01920,מע״ת,"ב-2009 הורשע בעבירות של גנבה, קבלת דבר במרמה בנסיבות מחמירות, מרמה והפרת אמונים בתאגיד, הלבנת הון ורישום כוזב במסמכי תאגיד, ונידון לחמש שנים וחמישה חודשים של מאסר בפועל, שנה מע״ת וקנס כבד.",מאסר על תנאי,מע״ת.01,מאסר על תנאי,weak,2,מאסר על תנאי | מועצת תלמידים,substituted,yes,3,wikipedia,אברהם הירשזון
ha-01921,מע״ת,"מע״ת היא קבוצת תלמידים במוסד חינוכי או לימודי, הלוקחת חלק בניהולו של המוסד.",מועצת תלמידים,מע״ת.02,מועצת תלמידים,weak,2,מאסר על תנאי | מועצת תלמידים,substituted,yes,3,wikipedia,מועצת תלמידים
ha-01922,מע״ת,"עדות נוספת על מעין ""מע״ת"" שהוענקו לה תחומי אחריות וסמכויות, קיימת על המוסד שייסד טרוצנדורף, בגרמניה.",מועצת תלמידים,מע״ת.02,מועצת תלמידים,weak,2,מאסר על תנאי | מועצת תלמידים,substituted,yes,3,wikipedia,מועצת תלמידים
ha-01923,מע״ת,"כמו כן, חוק זה מציין שהוא רואה בעין יפה הקמת מע״ת בכל מוסד חינוך.",מועצת תלמידים,מע״ת.02,מועצת תלמידים,weak,2,מאסר על תנאי | מועצת תלמידים,substituted,yes,3,wikipedia,מועצת התלמידים והנוער הארצית
ha-01924,מפמ״ר,בין מאי 1998 לאוקטובר 2001 כיהן כמפקד אוגדת יהודה ובמקביל שימש מפמ״ר אימון מפקדות.,מפקד מרכז,מפמ״ר.01,מפקד מרכז,weak,2,מפקד מרכז | מפקח מרכז,substituted,no,3,wikipedia,אביגדור קליין
ha-01925,מפמ״ר,"מפמ״ר הבריחה בפולין היה איסר בן צבי (שמעון) 1945 אחריו צבי נצר (אלכסנדר), 1945–1948.",מפקד מרכז,מפמ״ר.01,מפקד מרכז,weak,2,מפקד מרכז | מפקח מרכז,substituted,no,3,wikipedia,המוסד לעלייה ב'
ha-01926,מפמ״ר,"הסרטים שודרו בטלוויזיה הישראלית, הוצגו במוזיאונים בירושלים ובתל אביב, והופצו עם חומרי הנחיה לבתי ספר בקרב יהדות התפוצות ובישראל, באמצעות מפמ״ר היסטוריה של משרד החינוך.",מפקח מרכז,מפמ״ר.02,מפקח מרכז,weak,2,מפקד מרכז | מפקח מרכז,substituted,no,3,wikipedia,עמותת תולדות ישראל
ha-01927,מצ״ד,תוך זמן קצר היחידה סופחה לחיל האוויר והוקם ענף מצ״ד 3 אשר היה אחראי על ייצור חלקי חילוף למטוסי חיל האוויר.,להק הציוד,מצ״ד.01,,unverified,3,מספן הציוד | להק הציוד | מחנה הציונות הדתית,natural,yes,3,wikipedia,"יה""ב 230"
ha-01928,מצ״ד,"מצ״ד הוא יחידה ראשית במטה חיל האוויר הישראלי, המהווה את גוף המטה של המערך הטכני של חיל האוויר.",להק הציוד,מצ״ד.01,להק הציוד,weak,3,מספן הציוד | להק הציוד | מחנה הציונות הדתית,substituted,yes,3,wikipedia,להק הציוד
ha-01929,מצ״ד,"מצ״ד הנהיג תפיסה של מערך חירום לתיקון מטוסים בלחימה, שמומש על ידי הקמת דרג אחזקה מתקדם בתוך בסיסי הטיסה.",להק הציוד,מצ״ד.01,להק הציוד,weak,3,מספן הציוד | להק הציוד | מחנה הציונות הדתית,substituted,yes,3,wikipedia,להק הציוד
ha-01930,מצ״ד,"לאחר המלחמה, עסק מצ״ד בבניית המערכת הלוגיסטית בחיל ובטיפול ברכש ופיתוח מערכות נשק.",להק הציוד,מצ״ד.01,להק הציוד,weak,3,מספן הציוד | להק הציוד | מחנה הציונות הדתית,substituted,yes,3,wikipedia,להק הציוד
ha-01931,מצ״ד,התמיכה בגוש אמונים הייתה רחבה ונעה במעגלים שונים: במעגל הקרוב היה מצ״ד.,מחנה הציונות הדתית,מצ״ד.02,מחנה הציונות הדתית,weak,3,מספן הציוד | להק הציוד | מחנה הציונות הדתית,substituted,yes,3,wikipedia,גוש אמונים
ha-01932,מצ״ד,"נוסף על כך, כבר מראשיתה התנועה לא זכתה לתמיכה מלאה בתוך מצ״ד.",מחנה הציונות הדתית,מצ״ד.02,מחנה הציונות הדתית,weak,3,מספן הציוד | להק הציוד | מחנה הציונות הדתית,substituted,yes,3,wikipedia,גוש אמונים
ha-01933,מצ״ד,מצ״ד עבר זעזוע בעקבות השתייכותו של רוצח ראש הממשלה יגאל עמיר למגזר זה.,מחנה הציונות הדתית,מצ״ד.02,מחנה הציונות הדתית,weak,3,מספן הציוד | להק הציוד | מחנה הציונות הדתית,substituted,yes,3,wikipedia,מפלגת מימד
ha-01934,מצ״ד,"מדי שנתיים, מפקדי מצ״ד נוהגים להזמין את קודמיהם למפגש, בו מוצגת פעילות חיל הים.",מספן הציוד,מצ״ד.03,מספן הציוד,weak,3,מספן הציוד | להק הציוד | מחנה הציונות הדתית,substituted,yes,3,wikipedia,מספן הציוד
ha-01935,מצ״ד,"סיגל בוכריס ואבי אובל, מראיינים את ישי הרמתי ראש מצ״ד, 'בין גלים' 180 אפריל 1990 עמ' 14.",מספן הציוד,מצ״ד.03,מספן הציוד,weak,3,מספן הציוד | להק הציוד | מחנה הציונות הדתית,substituted,yes,3,wikipedia,מספן הציוד
ha-01936,מצ״ד,"בהיותו ראש מצ״ד, נחתם בשנת 2015 חוזה להשקת ארבע הספינות מדגם סער 6 במספנות טיסנקרופ שבגרמניה.",מספן הציוד,מצ״ד.03,מספן הציוד,weak,3,מספן הציוד | להק הציוד | מחנה הציונות הדתית,substituted,yes,3,wikipedia,יוסי אשכנזי
ha-01937,מקל״ש,כמות המים הנשפכת למפרץ מוערכת ב-1232 מקל״ש.,מטר מעוקב לשנייה,מקל״ש.01,מטר מעוקב לשנייה,weak,2,מטר מעוקב לשנייה | מקלחות שדה,substituted,no,3,wikipedia,מפרץ הונדורס
ha-01938,מקל״ש,"בשנת 2004 נמדדה בנחל ספיקת שיא בישראל של 1,280 מקל״ש.",מטר מעוקב לשנייה,מקל״ש.01,מטר מעוקב לשנייה,weak,2,מטר מעוקב לשנייה | מקלחות שדה,substituted,no,3,wikipedia,נחל צין
ha-01939,מקל״ש,הזרימה בנהר גבוהה יותר בחודשים מרץ ואפריל (ממוצע חודשי של 86 ו-151 מקל״ש) והם תואמים את ההפשרה.,מטר מעוקב לשנייה,מקל״ש.01,מטר מעוקב לשנייה,weak,2,מטר מעוקב לשנייה | מקלחות שדה,substituted,no,3,wikipedia,אוסקיל
ha-01940,מק״ג,רעיל ביותר ומסוכן מאוד לטיפול - מיליגרם או אף מק״ג מהחומר מסוגלים לפלוט קרינה קטלנית.,מיקרוגרם,מק״ג.01,מיקרוגרם,weak,2,מקראות גדולות | מיקרוגרם,substituted,yes,3,wikipedia,פולוניום
ha-01941,מק״ג,היסוד נדיר מאוד בטבע ונמצא בעפרות אורניום בכמות של 100 מק״ג לטון עפרה.,מיקרוגרם,מק״ג.01,מיקרוגרם,weak,2,מקראות גדולות | מיקרוגרם,substituted,yes,3,wikipedia,פולוניום
ha-01942,מק״ג,"התקן הישראלי לחומר חלקיקי נשים (RSP - Respirable Particles) הוא 300 מק״ג למטר מעוקב לשלוש שעות, 200 מק״ג למטר מעוקב ליממה ו־75 מק״ג למטר מעוקב לשנה.",מיקרוגרם,מק״ג.01,מיקרוגרם,weak,2,מקראות גדולות | מיקרוגרם,substituted,yes,3,wikipedia,חומר חלקיקי
ha-01943,מק״ג,במסגרת מפעל זה יצאה מהדורת יסוד חדשה של מק״ג.,מקראות גדולות,מק״ג.02,מקראות גדולות,weak,2,מקראות גדולות | מיקרוגרם,substituted,yes,3,wikipedia,מקראות גדולות
ha-01944,מק״ג,"ב""מק״ג הכתר"" (ראו לעיל), נדפסו הערות המסורה כפי שכתבם בן-אשר בכתר ארם צובא.",מקראות גדולות,מק״ג.02,מקראות גדולות,weak,2,מקראות גדולות | מיקרוגרם,substituted,yes,3,wikipedia,מקראות גדולות
ha-01945,מק״ג,במהדורת מק״ג הכתר הובאו המסורה הקטנה והמסורה הגדולה על פי כתר ארם צובא.,מקראות גדולות,מק״ג.02,מקראות גדולות,weak,2,מקראות גדולות | מיקרוגרם,substituted,yes,3,wikipedia,מקראות גדולות
ha-01946,מק״ט,"מק״ט הוא משני סוגים: מק״ט ייחודי: לכל פריט בודד במערכת ניתן מק״ט משלו, למעקב אחר פריט זה.",מספר קטלוגי,מק״ט.01,מספר קטלוגי,weak,2,מספר קטלוגי | מפקד קטע,substituted,no,3,wikipedia,מספר קטלוגי
ha-01947,מק״ט,"דוגמה: בספרייה ניתן לכל ספר מק״ט ייחודי, למעקב אחר מצבו של ספר זה (מושאל, נמצא על המדף, הועבר לכריכה מחדש וכדומה).",מספר קטלוגי,מק״ט.01,מספר קטלוגי,weak,2,מספר קטלוגי | מפקד קטע,substituted,no,3,wikipedia,מספר קטלוגי
ha-01948,מק״ט,"יצירות מוזיקליות של מלחינים פוריים במיוחד נהוג להציג לא רק לפי שמן, אלא גם לפי מק״ט שניתן להן, למשל ברשימת יצירות באך או רשימת קכל של יצירות מוצרט.",מספר קטלוגי,מק״ט.01,מספר קטלוגי,weak,2,מספר קטלוגי | מפקד קטע,substituted,no,3,wikipedia,מספר קטלוגי
ha-01949,מק״ט,"לחם בין היתר בקרב על הרובע היהודי כסגן מק״ט, ואף נפצע מכדור שפגע בירכו.",מפקד קטע,מק״ט.02,מפקד קטע,weak,2,מספר קטלוגי | מפקד קטע,substituted,no,3,wikipedia,ניסן זלדס
ha-01950,מרת״א,"בשנת 2014 קיבל מרת״א, איכילוב, את תו התקן היוקרתי של ארגון ""JCI) ""Joint Commission International).",המרכז הרפואי תל אביב,מרת״א.01,המרכז הרפואי תל אביב,weak,2,המרכז הרפואי תל אביב | מועדון רצי תל אביב,substituted,no,3,wikipedia,"המרכז הרפואי תל אביב ע""ש סוראסקי"
ha-01951,מר״מ,"עם הפעלת הבניין החדש לבית החולים נוספו חדר מיון, מר״מ, חדר טיפול נמרץ, חדרי ניתוח, וחדרי יולדות.",מרפאת מומחים,מר״מ.01,מרפאת מומחים,weak,2,מרפאת מומחים | מרכז רפואה מיידי,substituted,no,3,wikipedia,בית החולים הצרפתי על שם סנט לואי ביפו
ha-01952,מר״מ,"קורגו שבמקביל בין השנים 1921–1922 כיהן כקונסול צרפת ביפו משנת 1935 לאחר שהורחב, הכיל בית החולים חדר מיון, מר״מ, חדר טיפול נמרץ, חדרי ניתוח וחדרי יולדות.",מרפאת מומחים,מר״מ.01,מרפאת מומחים,weak,2,מרפאת מומחים | מרכז רפואה מיידי,substituted,no,3,wikipedia,בית החולים הצרפתי על שם סנט לואי ביפו
ha-01953,מר״ן,"אך חיבורים שונים נערכו מתורתו, מהם: ספר תורת אמת, וספר מר״ן, חידושים על המשנה, שנערכו על ידי רבי צבי בנימין אוירבך מתוך ההערות הקצרות שרשם על שולי ספר המשנה הפרטי שלו.",משנת רבי נתן,מר״ן.01,משנת רבי נתן,weak,3,משנת רבי נתן | מורנו רבי נחמן | ממאתים רבנים נסמך,substituted,no,3,wikipedia,נתן אדלר
ha-01954,משה״ד,"לאחר פטירתו של דוד צבי פנקס, שהיה שר התחבורה, הוחלט מסיבות פוליטיות לפצל את משה״ד ממשרד התחבורה.",משרד הדואר,משה״ד.01,משרד הדואר,weak,2,משרד הדתות | משרד הדואר,substituted,yes,3,wikipedia,משרד התקשורת
ha-01955,משה״ד,"משנת 1997, הסיומת נוהלה על ידי משה״ד והתקשורת של קמבודיה, ומשנת 2012, היא מנוהלת על ידי רגולטור התקשורת של קמבודיה.",משרד הדואר,משה״ד.01,משרד הדואר,weak,2,משרד הדתות | משרד הדואר,substituted,yes,3,wikipedia,.kh
ha-01956,משה״ד,"מחלקת הדואר של ארצות הברית (באנגלית: United States Post Office Department,‏ USPOD, נודעה גם כ""משה״ד"" - Post Office, או ""דואר ארצות הברית"" - U.S.",משרד הדואר,משה״ד.01,משרד הדואר,weak,2,משרד הדתות | משרד הדואר,substituted,yes,3,wikipedia,מחלקת הדואר של ארצות הברית
ha-01957,משה״ד,"בעבר נקרא משה״ד או המשרד לענייני דתות, ועסק בשירותי דת לבני כל הדתות.",משרד הדתות,משה״ד.02,משרד הדתות,weak,2,משרד הדתות | משרד הדואר,substituted,yes,3,wikipedia,המשרד לשירותי דת
ha-01958,משה״ד,"על פי ההחלטה, משה״ד יפורק ואגפיו יחולקו בין משרדי הממשלה השונים.",משרד הדתות,משה״ד.02,משרד הדתות,weak,2,משרד הדתות | משרד הדואר,substituted,yes,3,wikipedia,המשרד לשירותי דת
ha-01959,משה״ד,"מיזם חשיפת הכותל המערבי לכל אורכו לאחר מלחמת ששת הימים, במטרה לאפשר לכל יהודי לגשת אל הכותל ללא הפרעה וללא מכשול, היה יוזמה של משה״ד.",משרד הדתות,משה״ד.02,משרד הדתות,weak,2,משרד הדתות | משרד הדואר,substituted,yes,3,wikipedia,מנהרות הכותל
ha-01960,משה״ח,"משה״ח בישראל, כבמדינות אחרות בעולם, עוסק בגיבוש מדיניות החוץ של הממשלה, בביצועה ובהסברתה – המשרד מטפל בניהול יחסיה הבין-לאומיים של המדינה.",משרד החוץ,משה״ח.01,משרד החוץ,weak,2,משרד החוץ | משרד החינוך,substituted,yes,2,wikipedia,משרד החוץ
ha-01961,משה״ח,"בעיצוב וגיבוש של מדיניות החוץ יש השפעה רבה לראש הממשלה (השפעה רבה מהשפעתו על משרדי ממשלה אחרים), ולעיתים מבצע ראש הממשלה מהלכים מדיניים חשובים באופן עצמאי, או תוך שיתוף מזערי של משה״ח.",משרד החוץ,משה״ח.01,משרד החוץ,weak,2,משרד החוץ | משרד החינוך,substituted,yes,2,wikipedia,משרד החוץ
ha-01962,משה״ח,משה״ח אמון גם על ההסברה ויצירת תדמית חיובית למדינת ישראל.,משרד החוץ,משה״ח.01,משרד החוץ,weak,2,משרד החוץ | משרד החינוך,substituted,yes,2,wikipedia,משרד החוץ
ha-01963,משה״ח,משה״ח הוקם רק במרץ 1949 כהמשך של מחלקת החינוך של הוועד הלאומי ובראשו הועמד זלמן שזר.,משרד החינוך,משה״ח.02,משרד החינוך,weak,2,משרד החוץ | משרד החינוך,substituted,yes,2,wikipedia,משרד החינוך
ha-01964,משה״ח,"בשנת 1949 נחקק ביוזמת משה״ח חוק לימוד חובה, שחייב תלמידים ללמוד אך ורק בבתי ספר מוכרים.",משרד החינוך,משה״ח.02,משרד החינוך,weak,2,משרד החוץ | משרד החינוך,substituted,yes,2,wikipedia,משרד החינוך
ha-01965,משה״ח,"עם קליטת העלייה ההמונית, הקים משה״ח בתי ספר משלו במחנות העולים ובמעברות ואסר על הקמת בתי ספר מתחרים.",משרד החינוך,משה״ח.02,משרד החינוך,weak,2,משרד החוץ | משרד החינוך,substituted,yes,2,wikipedia,משרד החינוך
ha-01966,מש״ה,"ב-3 בינואר 2017 אישרה מליאת הכנסת פה אחד בקריאה שנייה ובקריאה שלישית הצעת חוק להחליף את המונח ""מפגר"" ו""פיגור"" על הטיותיהם השונות, במונחים ""אדם עם מש״ה"" ו""מש״ה"".",מוגבלות שכלית התפתחותית,מש״ה.01,מוגבלות שכלית התפתחותית,weak,3,מוגבלות שכלית התפתחותית | משום הכי | מדף שפת התקפה,substituted,yes,3,wikipedia,מוגבלות שכלית התפתחותית
ha-01967,מש״ה,נוכח שינוי עקרוני זה צומצמה כמות האנשים המאובחנים כאנשים עם מש״ה.,מוגבלות שכלית התפתחותית,מש״ה.01,מוגבלות שכלית התפתחותית,weak,3,מוגבלות שכלית התפתחותית | משום הכי | מדף שפת התקפה,substituted,yes,3,wikipedia,מוגבלות שכלית התפתחותית
ha-01968,מש״ה,גיל שכלי ומנת משכל === אדם יאובחן כאדם עם מש״ה אם גילו השכלי נמוך באופן משמעותי מגילו הכרונולוגי במבחן IQ.,מוגבלות שכלית התפתחותית,מש״ה.01,מוגבלות שכלית התפתחותית,weak,3,מוגבלות שכלית התפתחותית | משום הכי | מדף שפת התקפה,substituted,yes,3,wikipedia,מוגבלות שכלית התפתחותית
ha-01969,מש״ה,סיבת האיסור הוא מחשש שאנשים יראו שמטלטלין במקום כה גדול ויבואו משום כך לבוא ולטלטל גם כן ברשות הרבים ויעברו על איסור דאורייתא מש״ה גזרו חכמים שאין לטלטל יותר מארבע אמות.,משום הכי,מש״ה.02,משום הכי,weak,3,מוגבלות שכלית התפתחותית | משום הכי | מדף שפת התקפה,substituted,yes,3,wikipedia,קרפף יותר מבית סאתיים שלא הוקף לדירה
ha-01970,מש״ה,"כיון דחזא דאבשלום הוא - שמח, מש״ה אמר מזמור”.",משום הכי,מש״ה.02,משום הכי,weak,3,מוגבלות שכלית התפתחותית | משום הכי | מדף שפת התקפה,substituted,yes,3,wikipedia,רבי שמעון בן אבישלום
ha-01971,מת״ש,"ועדת פלסנר שעסקה בקידום השוויון בנטל ב-2012, עסקה גם בנושא מת״ש מינימום לחיילי חובה.",מתן שכר,מת״ש.01,מתן שכר,weak,2,מתן שכר | משפט תשלום,substituted,no,3,wikipedia,"שירות חובה בצה""ל"
ha-01972,מת״ש,היא אחראית גם על מידת הדין בעולם התחתון ועל מת״ש ועונש.,מתן שכר,מת״ש.01,מתן שכר,weak,2,מתן שכר | משפט תשלום,substituted,no,3,wikipedia,שכינה
ha-01973,מת״ש,"לפיו, השירות הלאומי מתנה את זכויות ערביי ישראל כאזרחי ישראל, ושירות זה מאפשר לבעלי עסקים להעסיק צעירים ללא מת״ש, דבר שעלול להעלות את אחוז האבטלה בקרב האוכלוסייה הערבית.",מתן שכר,מת״ש.01,מתן שכר,weak,2,מתן שכר | משפט תשלום,substituted,no,3,wikipedia,איימן עודה
ha-01974,מ״א,"עם הקמתה, הוכפפה מ״א תחת הוועד הלאומי והסוכנות היהודית בראשותו של דוד בן-גוריון.",המפקדה הארצית,מ״א.01,המפקדה הארצית,weak,15,מועצה אזורית | מקום אחר | מלכים א' | משנה א' | מגן אברהם | מעמד אישי | מערכות אלקטרוניות | המפקדה הארצית | מספר אישי | מודיעין אזרחי | מעצור אוויר | מחזור אחרון | מוסמך אוניברסיטה (נקרא גם 'תואר שני') | מֻסְמָךְ אוּנִיבֶרְסִיטָה | משתנה אקראי (תורת ההסתברות),substituted,yes,2,wikipedia,המפקדה הארצית
ha-01975,מ״א,"ב־6 בספטמבר 1939 החליטה מ״א על הקמת מטה כללי להגנה, לאחר מאבק ארוך בין תומכי המהלך מחוגי ההסתדרות למתנגדיו מהחוגים האזרחיים.",המפקדה הארצית,מ״א.01,המפקדה הארצית,weak,15,מועצה אזורית | מקום אחר | מלכים א' | משנה א' | מגן אברהם | מעמד אישי | מערכות אלקטרוניות | המפקדה הארצית | מספר אישי | מודיעין אזרחי | מעצור אוויר | מחזור אחרון | מוסמך אוניברסיטה (נקרא גם 'תואר שני') | מֻסְמָךְ אוּנִיבֶרְסִיטָה | משתנה אקראי (תורת ההסתברות),substituted,yes,2,wikipedia,המפקדה הארצית
ha-01976,מ״א,עוד ב-1947 חתר דוד בן-גוריון לביטול מ״א על מנת לפשט את שרשרת הפיקוד והשליטה של במדינה שבדרך וצמצום הפוליטיזציה.,המפקדה הארצית,מ״א.01,המפקדה הארצית,weak,15,מועצה אזורית | מקום אחר | מלכים א' | משנה א' | מגן אברהם | מעמד אישי | מערכות אלקטרוניות | המפקדה הארצית | מספר אישי | מודיעין אזרחי | מעצור אוויר | מחזור אחרון | מוסמך אוניברסיטה (נקרא גם 'תואר שני') | מֻסְמָךְ אוּנִיבֶרְסִיטָה | משתנה אקראי (תורת ההסתברות),substituted,yes,2,wikipedia,המפקדה הארצית
ha-01977,מ״א,"מכונה על שם ספרו ""מ״א"", מהפירושים הבולטים לחלק ""אורח חיים"" ב""שולחן ערוך"".",מגן אברהם,מ״א.02,מגן אברהם,weak,15,מועצה אזורית | מקום אחר | מלכים א' | משנה א' | מגן אברהם | מעמד אישי | מערכות אלקטרוניות | המפקדה הארצית | מספר אישי | מודיעין אזרחי | מעצור אוויר | מחזור אחרון | מוסמך אוניברסיטה (נקרא גם 'תואר שני') | מֻסְמָךְ אוּנִיבֶרְסִיטָה | משתנה אקראי (תורת ההסתברות),substituted,yes,2,wikipedia,אברהם אבלי הלוי גומבינר
ha-01978,מ״א,על מ״א נכתבו הפירושים פרי מגדים (אשל אברהם) ומחצית השקל.,מגן אברהם,מ״א.02,מגן אברהם,weak,15,מועצה אזורית | מקום אחר | מלכים א' | משנה א' | מגן אברהם | מעמד אישי | מערכות אלקטרוניות | המפקדה הארצית | מספר אישי | מודיעין אזרחי | מעצור אוויר | מחזור אחרון | מוסמך אוניברסיטה (נקרא גם 'תואר שני') | מֻסְמָךְ אוּנִיבֶרְסִיטָה | משתנה אקראי (תורת ההסתברות),substituted,yes,2,wikipedia,שולחן ערוך
ha-01979,מ״א,"עיקרו של החיבור הוא פירוש על נושאי כליו של השולחן ערוך, מ״א, טורי זהב ושפתי כהן.",מגן אברהם,מ״א.02,מגן אברהם,weak,15,מועצה אזורית | מקום אחר | מלכים א' | משנה א' | מגן אברהם | מעמד אישי | מערכות אלקטרוניות | המפקדה הארצית | מספר אישי | מודיעין אזרחי | מעצור אוויר | מחזור אחרון | מוסמך אוניברסיטה (נקרא גם 'תואר שני') | מֻסְמָךְ אוּנִיבֶרְסִיטָה | משתנה אקראי (תורת ההסתברות),substituted,yes,2,wikipedia,פרי מגדים
ha-01980,מ״א,"ברוב המקרים מכוניות משוריינות לצרכים כאלו נמצאות בבעלות חברות בלדרות מאובטחת, הקובעות בעצמן את תקן האבטחה של הרכבים (בישראל, חברות כמו: מ״א ודואר ישראל, ברינקס, 911VIP).",מודיעין אזרחי,מ״א.03,מודיעין אזרחי,weak,15,מועצה אזורית | מקום אחר | מלכים א' | משנה א' | מגן אברהם | מעמד אישי | מערכות אלקטרוניות | המפקדה הארצית | מספר אישי | מודיעין אזרחי | מעצור אוויר | מחזור אחרון | מוסמך אוניברסיטה (נקרא גם 'תואר שני') | מֻסְמָךְ אוּנִיבֶרְסִיטָה | משתנה אקראי (תורת ההסתברות),substituted,yes,2,wikipedia,מכונית משוריינת
ha-01981,מ״א,"מ״א היא חברה המספקת שרותי אבטחה, בלדרות מאובטחת ושירותי מוקד וסיור באמצעות צי כלי רכב משוריינים.",מודיעין אזרחי,מ״א.03,מודיעין אזרחי,weak,15,מועצה אזורית | מקום אחר | מלכים א' | משנה א' | מגן אברהם | מעמד אישי | מערכות אלקטרוניות | המפקדה הארצית | מספר אישי | מודיעין אזרחי | מעצור אוויר | מחזור אחרון | מוסמך אוניברסיטה (נקרא גם 'תואר שני') | מֻסְמָךְ אוּנִיבֶרְסִיטָה | משתנה אקראי (תורת ההסתברות),substituted,yes,2,wikipedia,מודיעין אזרחי (חברה)
ha-01982,מ״א,קבוצת מ״א נוסדה בשנת 1963 והיא כוללת את חברות השמירה והאבטחה מהגדולות בישראל יחד עם חברת בילוש פרטי.,מודיעין אזרחי,מ״א.03,מודיעין אזרחי,weak,15,מועצה אזורית | מקום אחר | מלכים א' | משנה א' | מגן אברהם | מעמד אישי | מערכות אלקטרוניות | המפקדה הארצית | מספר אישי | מודיעין אזרחי | מעצור אוויר | מחזור אחרון | מוסמך אוניברסיטה (נקרא גם 'תואר שני') | מֻסְמָךְ אוּנִיבֶרְסִיטָה | משתנה אקראי (תורת ההסתברות),substituted,yes,2,wikipedia,מודיעין אזרחי (חברה)
ha-01983,מ״א,"מ״א בישראל היא צורת שלטון מקומי המאגדת, מבחינה מוניציפלית, מספר יישובים כפריים או קהילתיים באזור גאוגרפי מסוים.",מועצה אזורית,מ״א.04,מועצה אזורית,weak,15,מועצה אזורית | מקום אחר | מלכים א' | משנה א' | מגן אברהם | מעמד אישי | מערכות אלקטרוניות | המפקדה הארצית | מספר אישי | מודיעין אזרחי | מעצור אוויר | מחזור אחרון | מוסמך אוניברסיטה (נקרא גם 'תואר שני') | מֻסְמָךְ אוּנִיבֶרְסִיטָה | משתנה אקראי (תורת ההסתברות),substituted,yes,2,wikipedia,מועצה אזורית
ha-01984,מ״א,שטחה של מ״א כולל את היישובים בתחומה ואת השטח ביניהם.,מועצה אזורית,מ״א.04,מועצה אזורית,weak,15,מועצה אזורית | מקום אחר | מלכים א' | משנה א' | מגן אברהם | מעמד אישי | מערכות אלקטרוניות | המפקדה הארצית | מספר אישי | מודיעין אזרחי | מעצור אוויר | מחזור אחרון | מוסמך אוניברסיטה (נקרא גם 'תואר שני') | מֻסְמָךְ אוּנִיבֶרְסִיטָה | משתנה אקראי (תורת ההסתברות),substituted,yes,2,wikipedia,מועצה אזורית
ha-01985,מ״א,"בשל מדיניות זו נוצרו ""מובלעות"" עירוניות בעלות הגדרה מוניציפלית נפרדת, המוקפות על ידי מ״א אחת או יותר ואינן באחריות מ״א.",מועצה אזורית,מ״א.04,מועצה אזורית,weak,15,מועצה אזורית | מקום אחר | מלכים א' | משנה א' | מגן אברהם | מעמד אישי | מערכות אלקטרוניות | המפקדה הארצית | מספר אישי | מודיעין אזרחי | מעצור אוויר | מחזור אחרון | מוסמך אוניברסיטה (נקרא גם 'תואר שני') | מֻסְמָךְ אוּנִיבֶרְסִיטָה | משתנה אקראי (תורת ההסתברות),substituted,yes,2,wikipedia,מועצה אזורית
ha-01986,מ״א,הפועל קטמון ירושלים שרק עלתה מהליגה הארצית סיימה שנייה לאחר מ״א דרמטי ועלתה לראשונה לליגת העל.,מחזור אחרון,מ״א.09,מחזור אחרון,weak,15,מועצה אזורית | מקום אחר | מלכים א' | משנה א' | מגן אברהם | מעמד אישי | מערכות אלקטרוניות | המפקדה הארצית | מספר אישי | מודיעין אזרחי | מעצור אוויר | מחזור אחרון | מוסמך אוניברסיטה (נקרא גם 'תואר שני') | מֻסְמָךְ אוּנִיבֶרְסִיטָה | משתנה אקראי (תורת ההסתברות),substituted,yes,2,wikipedia,עונת 2021/2022 בליגה הלאומית בכדורגל נשים
ha-01987,מ״א,תושב ישראל הנמנה עם האוכלוסיות החייבות בגיוס מקבל מ״א בהגיעו לגיל המתאים לגיוס.,מספר אישי,מ״א.05,מספר אישי,weak,15,מועצה אזורית | מקום אחר | מלכים א' | משנה א' | מגן אברהם | מעמד אישי | מערכות אלקטרוניות | המפקדה הארצית | מספר אישי | מודיעין אזרחי | מעצור אוויר | מחזור אחרון | מוסמך אוניברסיטה (נקרא גם 'תואר שני') | מֻסְמָךְ אוּנִיבֶרְסִיטָה | משתנה אקראי (תורת ההסתברות),substituted,yes,2,wikipedia,"מספר אישי (צה""ל)"
ha-01988,מ״א,"חיילים בעלי מ״א שהתחיל ב-333 כונו ""חיילים ירדניים"", על שם המנעול ""ירדני 333"".",מספר אישי,מ״א.05,מספר אישי,weak,15,מועצה אזורית | מקום אחר | מלכים א' | משנה א' | מגן אברהם | מעמד אישי | מערכות אלקטרוניות | המפקדה הארצית | מספר אישי | מודיעין אזרחי | מעצור אוויר | מחזור אחרון | מוסמך אוניברסיטה (נקרא גם 'תואר שני') | מֻסְמָךְ אוּנִיבֶרְסִיטָה | משתנה אקראי (תורת ההסתברות),substituted,yes,2,wikipedia,"מספר אישי (צה""ל)"
ha-01989,מ״א,חיילים בעלי מ״א המתחיל ב-501 כונו ״ליוויס״ כשם דגם הג׳ינס המפורסם.,מספר אישי,מ״א.05,מספר אישי,weak,15,מועצה אזורית | מקום אחר | מלכים א' | משנה א' | מגן אברהם | מעמד אישי | מערכות אלקטרוניות | המפקדה הארצית | מספר אישי | מודיעין אזרחי | מעצור אוויר | מחזור אחרון | מוסמך אוניברסיטה (נקרא גם 'תואר שני') | מֻסְמָךְ אוּנִיבֶרְסִיטָה | משתנה אקראי (תורת ההסתברות),substituted,yes,2,wikipedia,"מספר אישי (צה""ל)"
ha-01990,מ״א,מצב משפחתי או מ״א של אדם הוא מצבו בהקשר של זוגיות.,מעמד אישי,מ״א.10,מעמד אישי,weak,15,מועצה אזורית | מקום אחר | מלכים א' | משנה א' | מגן אברהם | מעמד אישי | מערכות אלקטרוניות | המפקדה הארצית | מספר אישי | מודיעין אזרחי | מעצור אוויר | מחזור אחרון | מוסמך אוניברסיטה (נקרא גם 'תואר שני') | מֻסְמָךְ אוּנִיבֶרְסִיטָה | משתנה אקראי (תורת ההסתברות),substituted,yes,2,wikipedia,מצב משפחתי
ha-01991,מ״א,למטוס הקרב הרוסי סוחוי־30 יש מ״א ממש מאחורי תא הטייס.,מעצור אוויר,מ״א.06,מעצור אוויר,weak,15,מועצה אזורית | מקום אחר | מלכים א' | משנה א' | מגן אברהם | מעמד אישי | מערכות אלקטרוניות | המפקדה הארצית | מספר אישי | מודיעין אזרחי | מעצור אוויר | מחזור אחרון | מוסמך אוניברסיטה (נקרא גם 'תואר שני') | מֻסְמָךְ אוּנִיבֶרְסִיטָה | משתנה אקראי (תורת ההסתברות),substituted,yes,2,wikipedia,מעצור אוויר
ha-01992,מ״א,"אולם ה-124 כלל מספר שיפורים, בהם מדפים מחולקים לשניים, מ״א אמצעי, ספוילרים אוטומטיים, והארכים מקצה שפת הזרימה של הכנף.",מעצור אוויר,מ״א.06,מעצור אוויר,weak,15,מועצה אזורית | מקום אחר | מלכים א' | משנה א' | מגן אברהם | מעמד אישי | מערכות אלקטרוניות | המפקדה הארצית | מספר אישי | מודיעין אזרחי | מעצור אוויר | מחזור אחרון | מוסמך אוניברסיטה (נקרא גם 'תואר שני') | מֻסְמָךְ אוּנִיבֶרְסִיטָה | משתנה אקראי (תורת ההסתברות),substituted,yes,2,wikipedia,טופולב Tu-124
ha-01993,מ״א,"ביצועי המכונית חייבו את מהנדסי החברה להוסיף לרכב מ״א, על מנת שיסייע למכונית לבלום בתנאים שונים.",מעצור אוויר,מ״א.06,מעצור אוויר,weak,15,מועצה אזורית | מקום אחר | מלכים א' | משנה א' | מגן אברהם | מעמד אישי | מערכות אלקטרוניות | המפקדה הארצית | מספר אישי | מודיעין אזרחי | מעצור אוויר | מחזור אחרון | מוסמך אוניברסיטה (נקרא גם 'תואר שני') | מֻסְמָךְ אוּנִיבֶרְסִיטָה | משתנה אקראי (תורת ההסתברות),substituted,yes,2,wikipedia,אסון לה מאן
ha-01994,מ״א,"המהפכה האלקטרונית של המחצית השנייה של המאה העשרים לא פסחה על ענף התעופה, ובאופן הדרגתי נוספו לכלי הטיס מ״א רבות, אם כתחליף למערכות המכניות או החשמליות הקיימות או למטרות חדשות לחלוטין.",מערכות אלקטרוניות,מ״א.07,מערכות אלקטרוניות,weak,15,מועצה אזורית | מקום אחר | מלכים א' | משנה א' | מגן אברהם | מעמד אישי | מערכות אלקטרוניות | המפקדה הארצית | מספר אישי | מודיעין אזרחי | מעצור אוויר | מחזור אחרון | מוסמך אוניברסיטה (נקרא גם 'תואר שני') | מֻסְמָךְ אוּנִיבֶרְסִיטָה | משתנה אקראי (תורת ההסתברות),substituted,yes,2,wikipedia,אוויוניקה
ha-01995,מ״א,כיום קיימות במרבית המטוסים המודרניים מ״א ספרתיות משולבות המשמשות למטרות שונות ומגוונות.,מערכות אלקטרוניות,מ״א.07,מערכות אלקטרוניות,weak,15,מועצה אזורית | מקום אחר | מלכים א' | משנה א' | מגן אברהם | מעמד אישי | מערכות אלקטרוניות | המפקדה הארצית | מספר אישי | מודיעין אזרחי | מעצור אוויר | מחזור אחרון | מוסמך אוניברסיטה (נקרא גם 'תואר שני') | מֻסְמָךְ אוּנִיבֶרְסִיטָה | משתנה אקראי (תורת ההסתברות),substituted,yes,2,wikipedia,אוויוניקה
ha-01996,מ״א,"שעון העצר הדיגיטלי הראשון שנעשה בו שימוש רשמי בספורט היה Digitimer, שפותח על ידי חברת קוקס מ״א מסולט לייק סיטי שביוטה, ארצות הברית.",מערכות אלקטרוניות,מ״א.07,מערכות אלקטרוניות,weak,15,מועצה אזורית | מקום אחר | מלכים א' | משנה א' | מגן אברהם | מעמד אישי | מערכות אלקטרוניות | המפקדה הארצית | מספר אישי | מודיעין אזרחי | מעצור אוויר | מחזור אחרון | מוסמך אוניברסיטה (נקרא גם 'תואר שני') | מֻסְמָךְ אוּנִיבֶרְסִיטָה | משתנה אקראי (תורת ההסתברות),substituted,yes,2,wikipedia,שעון עצר
ha-01997,מ״א,"הקוד מופיע כחלק מציטוטי מקורות במאמרים, בוויקיפדיות שונות ובכל מ״א בו חשוב לדייק בהפניה למקור, בדרך כלל עקב זכויות יוצרים.",מקום אחר,מ״א.08,מקום אחר,weak,15,מועצה אזורית | מקום אחר | מלכים א' | משנה א' | מגן אברהם | מעמד אישי | מערכות אלקטרוניות | המפקדה הארצית | מספר אישי | מודיעין אזרחי | מעצור אוויר | מחזור אחרון | מוסמך אוניברסיטה (נקרא גם 'תואר שני') | מֻסְמָךְ אוּנִיבֶרְסִיטָה | משתנה אקראי (תורת ההסתברות),substituted,yes,2,wikipedia,קוד מזהה בין-לאומי
ha-01998,מ״א,לדוגמה לבנון הירקון הוא דג אנדמי לישראל ואינו גדל באופן טבעי בשום מ״א בעולם.,מקום אחר,מ״א.08,מקום אחר,weak,15,מועצה אזורית | מקום אחר | מלכים א' | משנה א' | מגן אברהם | מעמד אישי | מערכות אלקטרוניות | המפקדה הארצית | מספר אישי | מודיעין אזרחי | מעצור אוויר | מחזור אחרון | מוסמך אוניברסיטה (נקרא גם 'תואר שני') | מֻסְמָךְ אוּנִיבֶרְסִיטָה | משתנה אקראי (תורת ההסתברות),substituted,yes,2,wikipedia,אנדמיות (ביולוגיה)
ha-01999,מ״א,"בתוכניות אירוח אשר משודרות בשידור חי עשויים להיות אורחים או מרואיינים שאינם נמצאים פיזית באולפן הטלוויזיה או בתחנת הרדיו, אלא בביתם, במכוניתם או בכל מ״א, אשר ינהלו שיחה עם המנחה באמצעות הטלפון.",מקום אחר,מ״א.08,מקום אחר,weak,15,מועצה אזורית | מקום אחר | מלכים א' | משנה א' | מגן אברהם | מעמד אישי | מערכות אלקטרוניות | המפקדה הארצית | מספר אישי | מודיעין אזרחי | מעצור אוויר | מחזור אחרון | מוסמך אוניברסיטה (נקרא גם 'תואר שני') | מֻסְמָךְ אוּנִיבֶרְסִיטָה | משתנה אקראי (תורת ההסתברות),substituted,yes,2,wikipedia,תוכנית אירוח
ha-02000,מ״ב,"מ״ב הוא חיבור הלכתי של רבי ישראל מאיר הכהן מראדין (הנודע בכינויו ""החפץ חיים""), שיצא לאור בשישה כרכים בין 1884 ל-1907.",משנה ברורה,מ״ב.01,משנה ברורה,weak,3,משנה ברורה | מתן בסתר | מהרה בימינו,substituted,yes,3,wikipedia,משנה ברורה
ha-02001,מ״ב,"מ״ב בתוספת שער הציון המורחב, מציין את המקורות שבהם כתב מחבר מ״ב את חיבורו.",משנה ברורה,מ״ב.01,משנה ברורה,weak,3,משנה ברורה | מתן בסתר | מהרה בימינו,substituted,yes,3,wikipedia,משנה ברורה
ha-02002,מ״ב,"""ספר גופי הלכות והוא מ״ב החדש"" מאת הרב יהושע השל וולהנדלר על הלכות נידה וטבילה.",משנה ברורה,מ״ב.01,משנה ברורה,weak,3,משנה ברורה | מתן בסתר | מהרה בימינו,substituted,yes,3,wikipedia,משנה ברורה
ha-02003,מ״ב,ביהדות מ״ב נתינת צדקה בסתר היא מעלה והידור במצוות צדקה.,מתן בסתר,מ״ב.02,מתן בסתר,weak,3,משנה ברורה | מתן בסתר | מהרה בימינו,substituted,yes,3,wikipedia,מתן בסתר
ha-02004,מ״ב,לסיפור גרסאות רבות ושונות אולם המוטיב המרכזי – מצוות מ״ב של העשיר – נשמר בכולן.,מתן בסתר,מ״ב.02,מתן בסתר,weak,3,משנה ברורה | מתן בסתר | מהרה בימינו,substituted,yes,3,wikipedia,יוסל'ה קמצן קדוש
ha-02005,מ״ב,"לעיתים ניתנת התרומה מבלי לצפות לתמורה כלשהי, כאשר מימוש קיצוני של מצב זה נוצר בעת ""מ״ב"", שבו מקבל התרומה כלל אינו יודע מי התורם, וממילא אינו יכול לתת כל תמורה.",מתן בסתר,מ״ב.02,מתן בסתר,weak,3,משנה ברורה | מתן בסתר | מהרה בימינו,substituted,yes,3,wikipedia,תרומה
ha-02006,מ״ג,"הישגיו הקנו לו מעמד של גיבור לאומי, והוא עבר לחיל האוויר המלכותי האוסטרלי (RAAF) עם הקמתו ב-1921 ועלה בסולם הדרגות עד למעמד של מ״ג.",מפקד גף,מ״ג.01,מפקד גף,weak,3,מפקד גף | מילת־גוף | מיליגרם (אלפית הגרם),substituted,no,3,wikipedia,הארי קובי
ha-02007,מ״ג,"לאחר שהוכיח כי הוא טייס מוכשר ואגרסיבי, זכו כישורי המנהיגות של קובי להכרה, והוא קודם לדרגת מ״ג ב-14 במאי 1918, ולדרגת קפטן ב-25 במאי.",מפקד גף,מ״ג.01,מפקד גף,weak,3,מפקד גף | מילת־גוף | מיליגרם (אלפית הגרם),substituted,no,3,wikipedia,הארי קובי
ha-02008,מ״ג,הוא שימש מ״ג מתקדם בבית הספר לטיסה והדריך את חניכי קורס הטיס הראשון והשני של חיל האוויר על מטוסי הרווארד וספיטפייר.,מפקד גף,מ״ג.01,מפקד גף,weak,3,מפקד גף | מילת־גוף | מיליגרם (אלפית הגרם),substituted,no,3,wikipedia,רודי אוגרטן
ha-02009,מ״ד,"ההרחבה למושג זה נמצאת כבר במסכת ערכין, שם נכתב: ”אמר ריש לקיש: מ״ד 'זאת תהיה תורת המצורע'?",מאי דכתיב,מ״ד.03,מאי דכתיב,weak,3,מאי דכתיב | מאן דאמר | מהו דתימא,substituted,yes,3,wikipedia,הוצאת שם רע
ha-02010,מ״ד,"ולא פליגי מ״ד ששים רבוא, לכל עדר ועדר חד כלב.",מאן דאמר,מ״ד.01,מאן דאמר,weak,3,מאי דכתיב | מאן דאמר | מהו דתימא,substituted,yes,3,wikipedia,כלב הבית
ha-02011,מ״ד,"מ״ד מאה ועשרים רבוא, לכל עדר תרין כלבין"".",מאן דאמר,מ״ד.01,מאן דאמר,weak,3,מאי דכתיב | מאן דאמר | מהו דתימא,substituted,yes,3,wikipedia,כלב הבית
ha-02012,מ״ד,"כשחברת מטריקס הקימה שלוחה בעירו הוא הורה שלא לתת משכורות גבוהות לנשים כדי: ""הסתפקות במועט וכדי שהבעל יישאר מ״ד בבית"".",מאן דאמר,מ״ד.01,מאן דאמר,weak,3,מאי דכתיב | מאן דאמר | מהו דתימא,substituted,yes,3,wikipedia,מאיר קסלר
ha-02013,מ״ד,"התירוץ יופיע לרוב במבנה ""צריכא, מ״ד [...סברא מסוימת...] קא משמע לן [...סברא אחרת...]"", כלומר: יש חידוש בדברים, כיון שהיה ניתן להעלות סברא השוללת את ההיגד, ולכן הוצרך החכם להשמיע את דבריו.",מהו דתימא,מ״ד.02,מהו דתימא,weak,3,מאי דכתיב | מאן דאמר | מהו דתימא,substituted,yes,3,wikipedia,פשיטא
ha-02014,מ״ד,מ״ד הואיל ועקר עקר (-שמכיוון שעקר הוא מביתו התבטלה שביתתו) קא משמע לן.,מהו דתימא,מ״ד.02,מהו דתימא,weak,3,מאי דכתיב | מאן דאמר | מהו דתימא,substituted,yes,3,wikipedia,הבלעת תחומין
ha-02015,מ״ה,"עם הנהגתו של מ״ה בארץ, החל לרדת חלקו של המכס בכלל הכנסותיה של הממשלה המנדטורית ממסים.",מס הכנסה,מ״ה.01,מס הכנסה,weak,2,מס הכנסה | מחשבים מערכת הפעלה,substituted,no,3,wikipedia,רשות המסים בישראל
ha-02016,מ״ה,"עם כינונה של המדינה קיבלה הממשלה בירושה מממשלת המנדט, מחלקת מ״ה מצומצמת למדי.",מס הכנסה,מ״ה.01,מס הכנסה,weak,2,מס הכנסה | מחשבים מערכת הפעלה,substituted,no,3,wikipedia,רשות המסים בישראל
ha-02017,מ״ה,"ב-21 במאי 1948 התפרסמה ההסמכה הכללית להעברת סמכויות מממשלת המנדט לממשלה הזמנית, ומכוחה סמכויות הגבייה של מושלי המחוזות לפי, בין השאר, פקודת המיסים (גביה) ופקודת מ״ה, הועברו לשר האוצר.",מס הכנסה,מ״ה.01,מס הכנסה,weak,2,מס הכנסה | מחשבים מערכת הפעלה,substituted,no,3,wikipedia,רשות המסים בישראל
ha-02018,מ״ז,בדקדוק אנגלי וכן במערכות מידע ובגנאלוגיה M מסמלת מ״ז.,מין זכר,מ״ז.02,מין זכר,weak,2,מין זכר | מספר זנב,substituted,no,3,wikipedia,M
ha-02019,מ״ז,"רישום כלי טיס או מ״ז הוא שילוב של אותיות ומספרים ייחודיים המוטבעים על כל כלי טיס אזרחי, בדומה ללוחית רישוי בכלי רכב, ומשמש לצורכי זיהוי רשמי.",מספר זנב,מ״ז.01,מספר זנב,weak,2,מין זכר | מספר זנב,substituted,no,3,wikipedia,רישום כלי טיס
ha-02020,מ״ז,"עם זאת, חילות אוויר נוטים לסמן את כלי הטיס שלהם במספרים ומכאן נובע המושג מ״ז.",מספר זנב,מ״ז.01,מספר זנב,weak,2,מין זכר | מספר זנב,substituted,no,3,wikipedia,רישום כלי טיס
ha-02021,מ״ז,אחד מהמטוסים (מ״ז 936) התרסק בשנת 1971 והוחלף בתוכנית הניסוי במטוס SR-71 שחיל האוויר דרש לסמן כ-YF-12C.,מספר זנב,מ״ז.01,מספר זנב,weak,2,מין זכר | מספר זנב,substituted,no,3,wikipedia,לוקהיד YF-12
ha-02022,מ״ח,"עם הזמן הורחבה גם משמעות המונח ""ביולוגיה"", עד כדי חפיפה חלקית או מלאה עם ""מ״ח"", אך עד היום מועדף השם ""מ״ח"" כשמו של התחום האקדמי באוניברסיטאות רבות בארצות הברית ובאנגליה.",מדעי החיים,מ״ח.01,מדעי החיים,weak,4,מדעי החיים | משפט חוזר | מועצת חכמים | מילת חיבור,substituted,yes,3,wikipedia,מדעי החיים
ha-02023,מ״ח,"PubMed הוא מאגר מידע ביבליוגרפי העוסק בתחומי מ״ח, מדעי הרפואה והמקצועות הפרא-רפואיים.",מדעי החיים,מ״ח.01,מדעי החיים,weak,4,מדעי החיים | משפט חוזר | מועצת חכמים | מילת חיבור,substituted,yes,3,wikipedia,PubMed
ha-02024,מ״ח,"פרס רוטשילד הוא פרס שמעניקה יד הנדיב מאז שנת 1959 בעשרה תחומים: הנדסה, מדעי המחשב, מתמטיקה, מ״ח, מדעי הסביבה, מדעי הכימיה, מדעי הפיזיקה, מדעי החברה, מדעי הרוח, ומדעי היהדות.",מדעי החיים,מ״ח.01,מדעי החיים,weak,4,מדעי החיים | משפט חוזר | מועצת חכמים | מילת חיבור,substituted,yes,3,wikipedia,פרס רוטשילד
ha-02025,מ״ח,"בעקבות כך ליבושה מכנסת מ״ח, ומכריזה שתינשא לגבר שאליו יביא אותה הסוס שלה.",מועצת חכמים,מ״ח.02,מועצת חכמים,weak,4,מדעי החיים | משפט חוזר | מועצת חכמים | מילת חיבור,substituted,yes,3,wikipedia,ליבושה
ha-02026,מ״ח,"שמיר מכנה זאת ""האימפריאליזם של החוק"" – אימפריאליזם החולש על רבים מתחומי החיים ועל פיה תפקידו של השופט לקבוע, באמצעות תבונתו, מה ראוי ומה נורמלי, דבר הנמשל בעיני שמיר לפעילות מ״ח.",מועצת חכמים,מ״ח.02,מועצת חכמים,weak,4,מדעי החיים | משפט חוזר | מועצת חכמים | מילת חיבור,substituted,yes,3,wikipedia,הציבור הנאור
ha-02027,מ״ח,"על-פי שמיר, מ״ח של ברק מושלת בכיפה באמצעות המצאת המונח ""הציבור הנאור"", שאינו אלא מטפורה ל""ערכי היסוד"" שקובע השופט.",מועצת חכמים,מ״ח.02,מועצת חכמים,weak,4,מדעי החיים | משפט חוזר | מועצת חכמים | מילת חיבור,substituted,yes,3,wikipedia,הציבור הנאור
ha-02028,מ״ח,"המילים הן חלקי דיבר שונים, כגון 'אולם' = אבל, מ״ח/ 'אולם' =טרקלין, שם עצם.",מילת חיבור,מ״ח.04,מילת חיבור,weak,4,מדעי החיים | משפט חוזר | מועצת חכמים | מילת חיבור,substituted,yes,3,wikipedia,הומונימיה
ha-02029,מ״ח,"במדינת ישראל, מ״ח הוא הליך משפטי הקבוע בסעיף 31 לחוק בתי המשפט, ואשר מאפשר לבית המשפט העליון להורות על קיומו של מ״ח בעניין פלילי שכבר נפסק בו סופית.",משפט חוזר,מ״ח.03,משפט חוזר,weak,4,מדעי החיים | משפט חוזר | מועצת חכמים | מילת חיבור,substituted,yes,3,wikipedia,משפט חוזר
ha-02030,מ״ח,מקום המדינה ועד 2025 ביטל בית המשפט העליון הרשעות לאחר תום המשפט והורה על קיום מ״ח בכ-35 מקרים בסך הכול.,משפט חוזר,מ״ח.03,משפט חוזר,weak,4,מדעי החיים | משפט חוזר | מועצת חכמים | מילת חיבור,substituted,yes,3,wikipedia,משפט חוזר
ha-02031,מ״ח,"עד התיקון האמור לחוק, הורה בית המשפט העליון על עריכת מ״ח בשלושה מקרים בלבד.",משפט חוזר,מ״ח.03,משפט חוזר,weak,4,מדעי החיים | משפט חוזר | מועצת חכמים | מילת חיבור,substituted,yes,3,wikipedia,משפט חוזר
ha-02032,מ״ט,"בשלמא אונן, משום לא לו יהיה הזרע, אלא ער מ״ט עבד הכי?",מאי טעמא,מ״ט.02,מאי טעמא,weak,3,מכונת טיורינג | מאי טעמא | משנה טכני,substituted,yes,3,wikipedia,ביאה שלא כדרכה
ha-02033,מ״ט,"וכך נכתב במדרש שכל טוב ”בשמים במוצאי שבת מצווה, מ״ט משום נשמה יתרה שניתנת באדם בערב שבת ובמוצאי שבת ניטלת הימנו”.",מאי טעמא,מ״ט.02,מאי טעמא,weak,3,מכונת טיורינג | מאי טעמא | משנה טכני,substituted,yes,3,wikipedia,נשמה יתרה
ha-02034,מ״ט,"מ״ט מתוארת באופן דמיוני כסרט אינסופי של תאים וראש קריאה בעל זיכרון סופי היכול לקרוא את תוכנו של התא שמעליו הוא ממוקם, לכתוב באותו התא וכן לנוע ימינה או שמאלה על הסרט.",מכונת טיורינג,מ״ט.01,מכונת טיורינג,weak,3,מכונת טיורינג | מאי טעמא | משנה טכני,substituted,yes,3,wikipedia,מכונת טיורינג
ha-02035,מ״ט,"מבחינה זו, מ״ט שקולה לכל מחשב, ולכן משמשת במדעי המחשב, בעיקר בתורת הסיבוכיות ובתורת החישוביות, כבסיס לחקר יכולותיו ומגבלותיו התאורטיות של המחשב.",מכונת טיורינג,מ״ט.01,מכונת טיורינג,weak,3,מכונת טיורינג | מאי טעמא | משנה טכני,substituted,yes,3,wikipedia,מכונת טיורינג
ha-02036,מ״ט,באמצעות המודל החישובי ניתן לראות כי ישנן שפות אשר עבורן ניתן לתאר מ״ט אשר תמיד תכריע האם מילה נמצאת בשפה או האם היא אינה נמצאת בשפה.,מכונת טיורינג,מ״ט.01,מכונת טיורינג,weak,3,מכונת טיורינג | מאי טעמא | משנה טכני,substituted,yes,3,wikipedia,מכונת טיורינג
ha-02037,מ״ט,בן-עמי החל את שירותו בחיל התותחנים בתפקיד מ״ט.,משנה טכני,מ״ט.03,משנה טכני,weak,3,מכונת טיורינג | מאי טעמא | משנה טכני,substituted,yes,3,wikipedia,עודד בן-עמי
ha-02038,מ״ט,"עבר קורס מ״ט ושירת בגדוד 403, גדוד תותחים מתנייעים M-50.",משנה טכני,מ״ט.03,משנה טכני,weak,3,מכונת טיורינג | מאי טעמא | משנה טכני,substituted,yes,3,wikipedia,אברהם בר דוד
ha-02039,מ״כ,"קבוצת כדורגל עשויה להתארגן למשחק חד-פעמי, אך בספורט התחרותי פועלת קבוצת כדורגל קבועה במסגרת מ״כ.",מועדון כדורגל,מ״כ.02,מועדון כדורגל,weak,3,מועדון כדורגל | מרכז כובד | מפקד כיתה,substituted,yes,3,wikipedia,קבוצת כדורגל
ha-02040,מ״כ,"פעמים רבות משמש המונח ""קבוצת כדורגל"" במשמעות של ""מ״כ"".",מועדון כדורגל,מ״כ.02,מועדון כדורגל,weak,3,מועדון כדורגל | מרכז כובד | מפקד כיתה,substituted,yes,3,wikipedia,קבוצת כדורגל
ha-02041,מ״כ,"מ״כ פועל לעיתים כמועדון עצמאי, שעיסוקו בכדורגל בלבד, ולעיתים במסגרת מועדון ספורט שבו נכללים ענפי ספורט נוספים.",מועדון כדורגל,מ״כ.02,מועדון כדורגל,weak,3,מועדון כדורגל | מרכז כובד | מפקד כיתה,substituted,yes,3,wikipedia,קבוצת כדורגל
ha-02042,מ״כ,"המצרים השיבו באש (באחת התקריות נפצע קשה אורי אבנרי, אז מ״כ בגדוד 54 של חטיבת גבעתי).",מפקד כיתה,מ״כ.01,מפקד כיתה,verified,3,מועדון כדורגל | מרכז כובד | מפקד כיתה,natural,yes,3,wikipedia,כיס פלוג'ה
ha-02043,מ״כ,"נישא להדס, חברתו מאז היותו מ״כ בצנחנים, ויצא יחד איתה לארצות הברית לקורס השלמת הקצונה בכוחות המיוחדים של צבא ארצות הברית - הכומתות הירוקות.",מפקד כיתה,מ״כ.01,מפקד כיתה,weak,3,מועדון כדורגל | מרכז כובד | מפקד כיתה,substituted,yes,3,wikipedia,גדי שמני
ha-02044,מ״כ,"בראש הכוח הישראלי שכלל שישה צנחנים מגדוד 890, עמד שאול מופז, שהיה אז מ״כ.",מפקד כיתה,מ״כ.01,מפקד כיתה,weak,3,מועדון כדורגל | מרכז כובד | מפקד כיתה,substituted,yes,3,wikipedia,מארב מופז
ha-02045,מ״כ,"במהלך שירותו הצבאי היה מ״כ של בנימין נתניהו בטירונות, ומפקד צוות של שאול מופז בקורס קצינים.",מפקד כיתה,מ״כ.01,מפקד כיתה,weak,3,מועדון כדורגל | מרכז כובד | מפקד כיתה,substituted,yes,3,wikipedia,רזי ברקאי
ha-02046,מ״כ,"בפיזיקה ובמכניקה, מרכז המסה (או מ״כ) של גוף או מערכת גופים הוא נקודה במרחב המהווה את הממוצע משוקלל של מיקום המסה במערכת.",מרכז כובד,מ״כ.03,מרכז כובד,weak,3,מועדון כדורגל | מרכז כובד | מפקד כיתה,substituted,yes,3,wikipedia,מרכז מסה
ha-02047,מ״כ,"סבורים אנחנו ששדה הקרב – ככל שיהא גדול או קטן, ומה שלא יהיה גודלם של הכוחות הלוחמים – מהווה יחידה, המתבססת על מ״כ אחד, במרכז-כובד זה אמורה ליפול ההכרעה.",מרכז כובד,מ״כ.03,מרכז כובד,weak,3,מועדון כדורגל | מרכז כובד | מפקד כיתה,substituted,yes,3,wikipedia,שדה קרב
ha-02048,מ״כ,"אלכסנדר הגדול, גוסטב אדולף, קרל ה-12, פרידריך הגדול – לכל אלה היה מ״כ בצבאם; אילו נפגע צבאם, היו נכשלים במילוי תפקידם.",מרכז כובד,מ״כ.03,מרכז כובד,weak,3,מועדון כדורגל | מרכז כובד | מפקד כיתה,substituted,yes,3,wikipedia,שדה קרב
ha-02049,מ״מ,"בקוריסטשוב התגורר גם דודו של רבי משה, רבי אברהם טברסקי בנו של רבי צבי שהיה מ״מ בקוריסטשוב וחתנו של רבי מנחם נחום מצ'רנוביל.",מגיד מישרים,מ״מ.03,מגיד מישרים,weak,16,מילימטר | ממלא מקום | מכל מקום | מערכות מידע | מפקד מחלקה | מראה מקום | משתנה מקרי | מרחב מטרי | מגיד מישרים | מרחב מכפלה | מערכות מחשב | מגיד משנה | מערך המבצעים המיוחדים | מכונאי מוטס | מקרא מגילה | מרחב מדגם,substituted,yes,1,wikipedia,חסידות קוריסטשוב
ha-02050,מ״מ,"חידושו השני של העיתון, הקדשת מקום רב לספרות יפה, בא לידי ביטוי בכך שמעל דפי ""מ״מ"" פורסמו סיפורים בהמשכים או סיפורים קצרים רבים פרי עטו של תווינא או תרגומיו מספרות ההשכלה העברית.",מגיד מישרים,מ״מ.03,מגיד מישרים,weak,16,מילימטר | ממלא מקום | מכל מקום | מערכות מידע | מפקד מחלקה | מראה מקום | משתנה מקרי | מרחב מטרי | מגיד מישרים | מרחב מכפלה | מערכות מחשב | מגיד משנה | מערך המבצעים המיוחדים | מכונאי מוטס | מקרא מגילה | מרחב מדגם,substituted,yes,1,wikipedia,שלמה תווינא
ha-02051,מ״מ,"בנסיבות לא ידועות, בשנת 1901 הפסיק הרב תווינא את פרסום ""מ״מ"" ומכר את בית הדפוס שלו לעיתונאי סלימאן עזרא, שהוציא לאור לאחר מכן את העיתון ""שושנה"" שירש את ""מ״מ"".",מגיד מישרים,מ״מ.03,מגיד מישרים,weak,16,מילימטר | ממלא מקום | מכל מקום | מערכות מידע | מפקד מחלקה | מראה מקום | משתנה מקרי | מרחב מטרי | מגיד מישרים | מרחב מכפלה | מערכות מחשב | מגיד משנה | מערך המבצעים המיוחדים | מכונאי מוטס | מקרא מגילה | מרחב מדגם,substituted,yes,1,wikipedia,שלמה תווינא
ha-02052,מ״מ,"דגם ה-OLED כולל צג OLED בגודל 7 אינץ' (180 מ""מ) 720p, וכשהוא מחובר לעגינה, פלט ברזולוציית 1080p בדומה לדגם המקורי.",מילימטר,מ״מ.01,מילימטר,verified,16,מילימטר | ממלא מקום | מכל מקום | מערכות מידע | מפקד מחלקה | מראה מקום | משתנה מקרי | מרחב מטרי | מגיד מישרים | מרחב מכפלה | מערכות מחשב | מגיד משנה | מערך המבצעים המיוחדים | מכונאי מוטס | מקרא מגילה | מרחב מדגם,natural,yes,1,wikipedia,נינטנדו סוויץ'
ha-02053,מ״מ,"כמות המשקעים הממוצעת היא 700 - 1,500 מ״מ בשנה ברוב האזורים בהם מתקיים אקלים סובטרופי גשום.",מילימטר,מ״מ.01,מילימטר,verified,16,מילימטר | ממלא מקום | מכל מקום | מערכות מידע | מפקד מחלקה | מראה מקום | משתנה מקרי | מרחב מטרי | מגיד מישרים | מרחב מכפלה | מערכות מחשב | מגיד משנה | מערך המבצעים המיוחדים | מכונאי מוטס | מקרא מגילה | מרחב מדגם,natural,yes,1,wikipedia,אקלים סובטרופי גשום
ha-02054,מ״מ,"בחודשים היבשים ביותר כמות המשקעים היא פחות מ־60 מ""מ בחודש.",מילימטר,מ״מ.01,מילימטר,verified,16,מילימטר | ממלא מקום | מכל מקום | מערכות מידע | מפקד מחלקה | מראה מקום | משתנה מקרי | מרחב מטרי | מגיד מישרים | מרחב מכפלה | מערכות מחשב | מגיד משנה | מערך המבצעים המיוחדים | מכונאי מוטס | מקרא מגילה | מרחב מדגם,natural,yes,1,wikipedia,אקלים סוואנה טרופי
ha-02055,מ״מ,מ״מ אחד שווה לאלף מיקרומטרים ולמיליון ננומטרים.,מילימטר,מ״מ.01,מילימטר,weak,16,מילימטר | ממלא מקום | מכל מקום | מערכות מידע | מפקד מחלקה | מראה מקום | משתנה מקרי | מרחב מטרי | מגיד מישרים | מרחב מכפלה | מערכות מחשב | מגיד משנה | מערך המבצעים המיוחדים | מכונאי מוטס | מקרא מגילה | מרחב מדגם,substituted,yes,1,wikipedia,מילימטר
ha-02056,מ״מ,"בהשוואה למידות הנהוגות בארצות הברית ובאנגליה, מ״מ הוא 5 חלקי 127 של האינץ' (קרוב ל-4% ממנו), כלומר האינץ' הוא 25.4 מילימטרים.",מילימטר,מ״מ.01,מילימטר,weak,16,מילימטר | ממלא מקום | מכל מקום | מערכות מידע | מפקד מחלקה | מראה מקום | משתנה מקרי | מרחב מטרי | מגיד מישרים | מרחב מכפלה | מערכות מחשב | מגיד משנה | מערך המבצעים המיוחדים | מכונאי מוטס | מקרא מגילה | מרחב מדגם,substituted,yes,1,wikipedia,מילימטר
ha-02057,מ״מ,סרגלי שרטוט באיכות גבוהה מאפשרים מדידה עד לכדי 0.5 מ״מ.,מילימטר,מ״מ.01,מילימטר,weak,16,מילימטר | ממלא מקום | מכל מקום | מערכות מידע | מפקד מחלקה | מראה מקום | משתנה מקרי | מרחב מטרי | מגיד מישרים | מרחב מכפלה | מערכות מחשב | מגיד משנה | מערך המבצעים המיוחדים | מכונאי מוטס | מקרא מגילה | מרחב מדגם,substituted,yes,1,wikipedia,מילימטר
ha-02058,מ״מ,בצבאות דוברי אנגלית התפקיד של מ״מ נקרא Crew chief.,מכונאי מוטס,מ״מ.04,מכונאי מוטס,weak,16,מילימטר | ממלא מקום | מכל מקום | מערכות מידע | מפקד מחלקה | מראה מקום | משתנה מקרי | מרחב מטרי | מגיד מישרים | מרחב מכפלה | מערכות מחשב | מגיד משנה | מערך המבצעים המיוחדים | מכונאי מוטס | מקרא מגילה | מרחב מדגם,substituted,yes,1,wikipedia,מכונאי מוטס
ha-02059,מ״מ,המכונאים המוטסים של אותה תקופה המתינו עוד שלוש שנים וחצי נוספות עד אשר זכו לענוד כנפי מ״מ ייעודי משלהם.,מכונאי מוטס,מ״מ.04,מכונאי מוטס,weak,16,מילימטר | ממלא מקום | מכל מקום | מערכות מידע | מפקד מחלקה | מראה מקום | משתנה מקרי | מרחב מטרי | מגיד מישרים | מרחב מכפלה | מערכות מחשב | מגיד משנה | מערך המבצעים המיוחדים | מכונאי מוטס | מקרא מגילה | מרחב מדגם,substituted,yes,1,wikipedia,מכונאי מוטס
ha-02060,מ״מ,"למסוק צוות בן ארבעה אנשים: טייס, טייס משנה, מ״מ ושחיין חילוץ.",מכונאי מוטס,מ״מ.04,מכונאי מוטס,weak,16,מילימטר | ממלא מקום | מכל מקום | מערכות מידע | מפקד מחלקה | מראה מקום | משתנה מקרי | מרחב מטרי | מגיד מישרים | מרחב מכפלה | מערכות מחשב | מגיד משנה | מערך המבצעים המיוחדים | מכונאי מוטס | מקרא מגילה | מרחב מדגם,substituted,yes,1,wikipedia,יורוקופטר HH-65 דולפין
ha-02061,מ״מ,מנויי המיזם יכולים לשכור רכב על בסיס דקות ולקחת אותו מ״מ בו הרכב נמצא ברחבי העיר ולסיים השכרה בכל חניה מותרת בעיר.,מכל מקום,מ״מ.05,מכל מקום,weak,16,מילימטר | ממלא מקום | מכל מקום | מערכות מידע | מפקד מחלקה | מראה מקום | משתנה מקרי | מרחב מטרי | מגיד מישרים | מרחב מכפלה | מערכות מחשב | מגיד משנה | מערך המבצעים המיוחדים | מכונאי מוטס | מקרא מגילה | מרחב מדגם,substituted,yes,1,wikipedia,אוטותל
ha-02062,מ״מ,"בשנת 2005 הוסרה ההגבלה לאחר הליך רב-שלבים, שבסופו רישום אתרים בסיומת משנית ספרדית היה פתוח מ״מ ברחבי העולם.",מכל מקום,מ״מ.05,מכל מקום,weak,16,מילימטר | ממלא מקום | מכל מקום | מערכות מידע | מפקד מחלקה | מראה מקום | משתנה מקרי | מרחב מטרי | מגיד מישרים | מרחב מכפלה | מערכות מחשב | מגיד משנה | מערך המבצעים המיוחדים | מכונאי מוטס | מקרא מגילה | מרחב מדגם,substituted,yes,1,wikipedia,.es
ha-02063,מ״מ,"כיום, ניתן להירשם תחת סיומת זו מ״מ בעולם.",מכל מקום,מ״מ.05,מכל מקום,weak,16,מילימטר | ממלא מקום | מכל מקום | מערכות מידע | מפקד מחלקה | מראה מקום | משתנה מקרי | מרחב מטרי | מגיד מישרים | מרחב מכפלה | מערכות מחשב | מגיד משנה | מערך המבצעים המיוחדים | מכונאי מוטס | מקרא מגילה | מרחב מדגם,substituted,yes,1,wikipedia,.vn
ha-02064,מ״מ,"יגאל תמיר (יניב ביטון) - מ""מ של המאבטח, קיבל יחס קר מפולישוק לאור העובדה שהיה דומה ליגאל עמיר, רוצחו של ראש ממשלת ישראל, יצחק רבין והיה בעל שם דומה.",ממלא מקום,מ״מ.02,ממלא מקום,verified,16,מילימטר | ממלא מקום | מכל מקום | מערכות מידע | מפקד מחלקה | מראה מקום | משתנה מקרי | מרחב מטרי | מגיד מישרים | מרחב מכפלה | מערכות מחשב | מגיד משנה | מערך המבצעים המיוחדים | מכונאי מוטס | מקרא מגילה | מרחב מדגם,natural,yes,1,wikipedia,פולישוק (סדרת טלוויזיה)
ha-02065,מ״מ,"בדרך כלל איתור מ״מ נעשה כאשר נודע הצורך בו, אך במשרות מסוימות מוגדר דרך קבע מ״מ והוא ממלא פונקציה זו בעת שמתעורר הצורך.",ממלא מקום,מ״מ.02,ממלא מקום,weak,16,מילימטר | ממלא מקום | מכל מקום | מערכות מידע | מפקד מחלקה | מראה מקום | משתנה מקרי | מרחב מטרי | מגיד מישרים | מרחב מכפלה | מערכות מחשב | מגיד משנה | מערך המבצעים המיוחדים | מכונאי מוטס | מקרא מגילה | מרחב מדגם,substituted,yes,1,wikipedia,ממלא מקום
ha-02066,מ״מ,סעיף 24 לחוק יסוד: הממשלה מסדיר את מעמדו של מ״מ שר.,ממלא מקום,מ״מ.02,ממלא מקום,weak,16,מילימטר | ממלא מקום | מכל מקום | מערכות מידע | מפקד מחלקה | מראה מקום | משתנה מקרי | מרחב מטרי | מגיד מישרים | מרחב מכפלה | מערכות מחשב | מגיד משנה | מערך המבצעים המיוחדים | מכונאי מוטס | מקרא מגילה | מרחב מדגם,substituted,yes,1,wikipedia,ממלא מקום
ha-02067,מ״מ,"כאשר נעדר ראש הממשלה מן הארץ מזמן ממלא מקומו את ישיבות הממשלה ומנהל אותן, וכאשר נבצר מראש הממשלה זמנית למלא את תפקידו, ממלא את מקומו מ״מ ראש הממשלה.",ממלא מקום,מ״מ.02,ממלא מקום,weak,16,מילימטר | ממלא מקום | מכל מקום | מערכות מידע | מפקד מחלקה | מראה מקום | משתנה מקרי | מרחב מטרי | מגיד מישרים | מרחב מכפלה | מערכות מחשב | מגיד משנה | מערך המבצעים המיוחדים | מכונאי מוטס | מקרא מגילה | מרחב מדגם,substituted,yes,1,wikipedia,ממלא מקום
ha-02068,מ״מ,"במהלך מלחמת חרבות ברזל, מ״מ הוביל את המאמץ הצה""לי בנושא החטופים, השבויים והנעדרים, במטרה להשיבם הביתה.",מערך המבצעים המיוחדים,מ״מ.06,מערך המבצעים המיוחדים,weak,16,מילימטר | ממלא מקום | מכל מקום | מערכות מידע | מפקד מחלקה | מראה מקום | משתנה מקרי | מרחב מטרי | מגיד מישרים | מרחב מכפלה | מערכות מחשב | מגיד משנה | מערך המבצעים המיוחדים | מכונאי מוטס | מקרא מגילה | מרחב מדגם,substituted,yes,1,wikipedia,מערך המבצעים המיוחדים
ha-02069,מ״מ,שימש מפקד היחידה הטכנולוגית של אגף המודיעין ומפקד מ״מ.,מערך המבצעים המיוחדים,מ״מ.06,מערך המבצעים המיוחדים,weak,16,מילימטר | ממלא מקום | מכל מקום | מערכות מידע | מפקד מחלקה | מראה מקום | משתנה מקרי | מרחב מטרי | מגיד מישרים | מרחב מכפלה | מערכות מחשב | מגיד משנה | מערך המבצעים המיוחדים | מכונאי מוטס | מקרא מגילה | מרחב מדגם,substituted,yes,1,wikipedia,רן שחור
ha-02070,מ״מ,בשנים 1989 עד 1997 שירת בתפקידים בכירים ביחידות הטכנולוגיות באגף המודיעין וכיהן כמפקד יחידה 81 ומפקד מ״מ.,מערך המבצעים המיוחדים,מ״מ.06,מערך המבצעים המיוחדים,weak,16,מילימטר | ממלא מקום | מכל מקום | מערכות מידע | מפקד מחלקה | מראה מקום | משתנה מקרי | מרחב מטרי | מגיד מישרים | מרחב מכפלה | מערכות מחשב | מגיד משנה | מערך המבצעים המיוחדים | מכונאי מוטס | מקרא מגילה | מרחב מדגם,substituted,yes,1,wikipedia,פנחס בוכריס
ha-02071,מ״מ,"ישומי מחשב שונים במהותם מ""תוכנות מערכת"", המשמשות להפעלה ולניהול של מ״מ ורשתות, ומכלי תכנות כמו מהדרים ומקשרים, בהם משתמשים כדי לתרגם ולשלב קוד מקור וספריות של תוכנת מחשב לתוך קובצי הרצה.",מערכות מחשב,מ״מ.07,מערכות מחשב,weak,16,מילימטר | ממלא מקום | מכל מקום | מערכות מידע | מפקד מחלקה | מראה מקום | משתנה מקרי | מרחב מטרי | מגיד מישרים | מרחב מכפלה | מערכות מחשב | מגיד משנה | מערך המבצעים המיוחדים | מכונאי מוטס | מקרא מגילה | מרחב מדגם,substituted,yes,1,wikipedia,יישום מחשב
ha-02072,מ״מ,בשנים האחרונות ניתן לראות צמיחה מאוד משמעותית בענף זה עקב ההסתמכות הגדולה של בני האדם על מ״מ.,מערכות מחשב,מ״מ.07,מערכות מחשב,weak,16,מילימטר | ממלא מקום | מכל מקום | מערכות מידע | מפקד מחלקה | מראה מקום | משתנה מקרי | מרחב מטרי | מגיד מישרים | מרחב מכפלה | מערכות מחשב | מגיד משנה | מערך המבצעים המיוחדים | מכונאי מוטס | מקרא מגילה | מרחב מדגם,substituted,yes,1,wikipedia,אבטחת מחשב אישי
ha-02073,מ״מ,"מרכז נתונים או דאטה סנטר (data center), לעיתים מכונה גם חדר מחשב או חוות שרתים, הוא מתקן המשמש לאחסון ולהפעלה של מ״מ ורכיבים קשורים, כגון מערכות תקשורת נתונים ומערכות אחסון.",מערכות מחשב,מ״מ.07,מערכות מחשב,weak,16,מילימטר | ממלא מקום | מכל מקום | מערכות מידע | מפקד מחלקה | מראה מקום | משתנה מקרי | מרחב מטרי | מגיד מישרים | מרחב מכפלה | מערכות מחשב | מגיד משנה | מערך המבצעים המיוחדים | מכונאי מוטס | מקרא מגילה | מרחב מדגם,substituted,yes,1,wikipedia,מרכז נתונים
ha-02074,מ״מ,"בין הנושאים הנחקרים בתחום נמנים: שיווק,התנהגות צרכנים, מימון, חשבונאות (ובתוכו שוק ההון), הנעת עובדים, ניהול משאבי אנוש, ניהול מ״מ, יזמות עסקית, חקר ביצועים ועוד.",מערכות מידע,מ״מ.08,מערכות מידע,weak,16,מילימטר | ממלא מקום | מכל מקום | מערכות מידע | מפקד מחלקה | מראה מקום | משתנה מקרי | מרחב מטרי | מגיד מישרים | מרחב מכפלה | מערכות מחשב | מגיד משנה | מערך המבצעים המיוחדים | מכונאי מוטס | מקרא מגילה | מרחב מדגם,substituted,yes,1,wikipedia,מנהל עסקים
ha-02075,מ״מ,על מ״מ התואמות את צרכיו של המנהל המודרני ולקיים ארבע תכונות: אמינות – התאמה בין המציאות הפיזית לתמונה המשתקפת במערכת המידע.,מערכות מידע,מ״מ.08,מערכות מידע,weak,16,מילימטר | ממלא מקום | מכל מקום | מערכות מידע | מפקד מחלקה | מראה מקום | משתנה מקרי | מרחב מטרי | מגיד מישרים | מרחב מכפלה | מערכות מחשב | מגיד משנה | מערך המבצעים המיוחדים | מכונאי מוטס | מקרא מגילה | מרחב מדגם,substituted,yes,1,wikipedia,מערכת מידע
ha-02076,מ״מ,"מ״מ ממשלתיות אמורות להיות נגישות, מאובטחות וללא אפשרות הדרה, חשיפה או חסימת משתמשים שהם אזרחים שנתוניהם במערכת או שעושים שימוש במערכת או רוצים לדווח או לעדכן על עניין או עבירה במערכת.",מערכות מידע,מ״מ.08,מערכות מידע,weak,16,מילימטר | ממלא מקום | מכל מקום | מערכות מידע | מפקד מחלקה | מראה מקום | משתנה מקרי | מרחב מטרי | מגיד מישרים | מרחב מכפלה | מערכות מחשב | מגיד משנה | מערך המבצעים המיוחדים | מכונאי מוטס | מקרא מגילה | מרחב מדגם,substituted,yes,1,wikipedia,מערכת מידע
ha-02077,מ״מ,"עשהאל לובוצקי, מן המדבר והלבנון, הוצאת ידיעות ספרים, 2008, סיפורו של מ״מ מגדוד 51 של גולני במלחמת לבנון השנייה.",מפקד מחלקה,מ״מ.09,מפקד מחלקה,weak,16,מילימטר | ממלא מקום | מכל מקום | מערכות מידע | מפקד מחלקה | מראה מקום | משתנה מקרי | מרחב מטרי | מגיד מישרים | מרחב מכפלה | מערכות מחשב | מגיד משנה | מערך המבצעים המיוחדים | מכונאי מוטס | מקרא מגילה | מרחב מדגם,substituted,yes,1,wikipedia,מחלקה (צבא)
ha-02078,מ״מ,"סגן המפקד הוא קצין שסיים תפקיד מ״מ, ולפעמים תפקיד מנהלתי נוסף.",מפקד מחלקה,מ״מ.09,מפקד מחלקה,weak,16,מילימטר | ממלא מקום | מכל מקום | מערכות מידע | מפקד מחלקה | מראה מקום | משתנה מקרי | מרחב מטרי | מגיד מישרים | מרחב מכפלה | מערכות מחשב | מגיד משנה | מערך המבצעים המיוחדים | מכונאי מוטס | מקרא מגילה | מרחב מדגם,substituted,yes,1,wikipedia,פלוגה
ha-02079,מ״מ,בצבא הסדיר נדיר מאוד למצוא קצין בדרגת סרן בתפקיד מ״מ.,מפקד מחלקה,מ״מ.09,מפקד מחלקה,weak,16,מילימטר | ממלא מקום | מכל מקום | מערכות מידע | מפקד מחלקה | מראה מקום | משתנה מקרי | מרחב מטרי | מגיד מישרים | מרחב מכפלה | מערכות מחשב | מגיד משנה | מערך המבצעים המיוחדים | מכונאי מוטס | מקרא מגילה | מרחב מדגם,substituted,yes,1,wikipedia,פלוגה
ha-02080,מ״מ,"אמנם הכל מודים שאשה שלא שמעה מ״מ חייבת לקרוא לעצמה, או שיוצאת על ידי גבר או אשה אחרים, כי נידון הלכתי זה נוגע רק לשאלת צירוף נשים על ידי נשים, או יצירת מניין על ידן.",מקרא מגילה,מ״מ.10,מקרא מגילה,weak,16,מילימטר | ממלא מקום | מכל מקום | מערכות מידע | מפקד מחלקה | מראה מקום | משתנה מקרי | מרחב מטרי | מגיד מישרים | מרחב מכפלה | מערכות מחשב | מגיד משנה | מערך המבצעים המיוחדים | מכונאי מוטס | מקרא מגילה | מרחב מדגם,substituted,yes,1,wikipedia,מקרא מגילה
ha-02081,מ״מ,"מִשְׁלֹחַ מָנוֹת היא אחת מן המצוות הנוהגות בחג פורים, בין מצוות מ״מ, משתה ושמחה ומתנות לאביונים.",מקרא מגילה,מ״מ.10,מקרא מגילה,weak,16,מילימטר | ממלא מקום | מכל מקום | מערכות מידע | מפקד מחלקה | מראה מקום | משתנה מקרי | מרחב מטרי | מגיד מישרים | מרחב מכפלה | מערכות מחשב | מגיד משנה | מערך המבצעים המיוחדים | מכונאי מוטס | מקרא מגילה | מרחב מדגם,substituted,yes,1,wikipedia,משלוח מנות
ha-02082,מ״מ,מ״מ: קריאת מגילת אסתר בחג הפורים מתוך מגילה כשרה שנכתבה בדיו על קלף - בלילה וביום.,מקרא מגילה,מ״מ.10,מקרא מגילה,weak,16,מילימטר | ממלא מקום | מכל מקום | מערכות מידע | מפקד מחלקה | מראה מקום | משתנה מקרי | מרחב מטרי | מגיד מישרים | מרחב מכפלה | מערכות מחשב | מגיד משנה | מערך המבצעים המיוחדים | מכונאי מוטס | מקרא מגילה | מרחב מדגם,substituted,yes,1,wikipedia,שבע מצוות דרבנן
ha-02083,מ״מ,קוֹנְקוֹרְדַּנְצְיָה היא רשימה בסדר אלפביתי של כל המילים (או המילים העיקריות) שבשימוש ביצירה מסוימת בצירוף מ״מ של כל מילה.,מראה מקום,מ״מ.14,מראה מקום,weak,16,מילימטר | ממלא מקום | מכל מקום | מערכות מידע | מפקד מחלקה | מראה מקום | משתנה מקרי | מרחב מטרי | מגיד מישרים | מרחב מכפלה | מערכות מחשב | מגיד משנה | מערך המבצעים המיוחדים | מכונאי מוטס | מקרא מגילה | מרחב מדגם,substituted,yes,1,wikipedia,קונקורדנציה
ha-02084,מ״מ,"בטופולוגיה, מ״מ שלם הוא מ״מ בו כל סדרת קושי מתכנסת לגבול במרחב.",מרחב מטרי,מ״מ.11,מרחב מטרי,weak,16,מילימטר | ממלא מקום | מכל מקום | מערכות מידע | מפקד מחלקה | מראה מקום | משתנה מקרי | מרחב מטרי | מגיד מישרים | מרחב מכפלה | מערכות מחשב | מגיד משנה | מערך המבצעים המיוחדים | מכונאי מוטס | מקרא מגילה | מרחב מדגם,substituted,yes,1,wikipedia,מרחב מטרי שלם
ha-02085,מ״מ,מ״מ שלם הוא קומפקטי אם ורק אם הוא חסום לחלוטין.,מרחב מטרי,מ״מ.11,מרחב מטרי,weak,16,מילימטר | ממלא מקום | מכל מקום | מערכות מידע | מפקד מחלקה | מראה מקום | משתנה מקרי | מרחב מטרי | מגיד מישרים | מרחב מכפלה | מערכות מחשב | מגיד משנה | מערך המבצעים המיוחדים | מכונאי מוטס | מקרא מגילה | מרחב מדגם,substituted,yes,1,wikipedia,מרחב מטרי שלם
ha-02086,מ״מ,"בטופולוגיה, מ״מ היא קבוצה שמוגדרת עליה פונקציה סימטרית ואי-שלילית המפרידה נקודות והמקיימת את אי-שוויון המשולש.",מרחב מטרי,מ״מ.11,מרחב מטרי,weak,16,מילימטר | ממלא מקום | מכל מקום | מערכות מידע | מפקד מחלקה | מראה מקום | משתנה מקרי | מרחב מטרי | מגיד מישרים | מרחב מכפלה | מערכות מחשב | מגיד משנה | מערך המבצעים המיוחדים | מכונאי מוטס | מקרא מגילה | מרחב מדגם,substituted,yes,1,wikipedia,מרחב מטרי
ha-02087,מ״מ,"באלגברה ליניארית, מ״מ פנימית הוא מרחב וקטורי, עבורו מוגדרת פעולה בינארית בין כל שני איברים במרחב, המקיימת תכונות מסוימות ומכונה מכפלה פנימית.",מרחב מכפלה,מ״מ.12,מרחב מכפלה,weak,16,מילימטר | ממלא מקום | מכל מקום | מערכות מידע | מפקד מחלקה | מראה מקום | משתנה מקרי | מרחב מטרי | מגיד מישרים | מרחב מכפלה | מערכות מחשב | מגיד משנה | מערך המבצעים המיוחדים | מכונאי מוטס | מקרא מגילה | מרחב מדגם,substituted,yes,1,wikipedia,מרחב מכפלה פנימית
ha-02088,מ״מ,"מרחב וקטורי V {\displaystyle V} מעל השדה F {\displaystyle \mathbb {F} } , עם מכפלה פנימית ייקרא מ״מ פנימית.",מרחב מכפלה,מ״מ.12,מרחב מכפלה,weak,16,מילימטר | ממלא מקום | מכל מקום | מערכות מידע | מפקד מחלקה | מראה מקום | משתנה מקרי | מרחב מטרי | מגיד מישרים | מרחב מכפלה | מערכות מחשב | מגיד משנה | מערך המבצעים המיוחדים | מכונאי מוטס | מקרא מגילה | מרחב מדגם,substituted,yes,1,wikipedia,מרחב מכפלה פנימית
ha-02089,מ״מ,מרחב הילברט הוא מ״מ פנימית שהוא גם מרחב מטרי שלם ביחס למטריקה לעיל המושרית מהמכפלה הפנימית.,מרחב מכפלה,מ״מ.12,מרחב מכפלה,weak,16,מילימטר | ממלא מקום | מכל מקום | מערכות מידע | מפקד מחלקה | מראה מקום | משתנה מקרי | מרחב מטרי | מגיד מישרים | מרחב מכפלה | מערכות מחשב | מגיד משנה | מערך המבצעים המיוחדים | מכונאי מוטס | מקרא מגילה | מרחב מדגם,substituted,yes,1,wikipedia,מרחב מכפלה פנימית
ha-02090,מ״מ,"לדוגמה, התאמת צד מטבע לערך 0, וצדו השני לערך 1; גם גובהו של אדם שנבחר באקראי הוא מ״מ.",משתנה מקרי,מ״מ.13,משתנה מקרי,weak,16,מילימטר | ממלא מקום | מכל מקום | מערכות מידע | מפקד מחלקה | מראה מקום | משתנה מקרי | מרחב מטרי | מגיד מישרים | מרחב מכפלה | מערכות מחשב | מגיד משנה | מערך המבצעים המיוחדים | מכונאי מוטס | מקרא מגילה | מרחב מדגם,substituted,yes,1,wikipedia,משתנה מקרי
ha-02091,מ״מ,"לפעמים, ובניגוד לדוגמה לעיל, תוצאות ניסוי אינן שכיחות באותה מידה, ובכל זאת התוצאה נחשבת מ״מ מפני שאין לניסוי תוצאה וודאית.",משתנה מקרי,מ״מ.13,משתנה מקרי,weak,16,מילימטר | ממלא מקום | מכל מקום | מערכות מידע | מפקד מחלקה | מראה מקום | משתנה מקרי | מרחב מטרי | מגיד מישרים | מרחב מכפלה | מערכות מחשב | מגיד משנה | מערך המבצעים המיוחדים | מכונאי מוטס | מקרא מגילה | מרחב מדגם,substituted,yes,1,wikipedia,משתנה מקרי
ha-02092,מ״מ,"כאשר מרחב ההסתברות הוא בדיד, כל הפונקציות ממנו מדידות, ולכן כל פונקציה יכולה להיחשב מ״מ.",משתנה מקרי,מ״מ.13,משתנה מקרי,weak,16,מילימטר | ממלא מקום | מכל מקום | מערכות מידע | מפקד מחלקה | מראה מקום | משתנה מקרי | מרחב מטרי | מגיד מישרים | מרחב מכפלה | מערכות מחשב | מגיד משנה | מערך המבצעים המיוחדים | מכונאי מוטס | מקרא מגילה | מרחב מדגם,substituted,yes,1,wikipedia,משתנה מקרי
ha-02093,מ״ס,"כתוצאה מאיחוד הקבוצות הוגשה בקשה לרשם העמותות להוסיף לשמה של עמותת ""עירוני אשדוד"" את המילים ""מ״ס"".",מועדון ספורט,מ״ס.01,מועדון ספורט,weak,2,מועדון ספורט | מהירות סגירה,substituted,no,3,wikipedia,מועדון ספורט אשדוד
ha-02094,מ״ס,"הבקשה אושרה ושמה של העמותה המנהלת של המועדון עד היום הוא ""מ״ס עירוני אשדוד"".",מועדון ספורט,מ״ס.01,מועדון ספורט,weak,2,מועדון ספורט | מהירות סגירה,substituted,no,3,wikipedia,מועדון ספורט אשדוד
ha-02095,מ״ס,"במשחקה הראשון כקבוצה מאוחדת, הביסה מ״ס אשדוד את מכבי נתניה 6–0.",מועדון ספורט,מ״ס.01,מועדון ספורט,weak,2,מועדון ספורט | מהירות סגירה,substituted,no,3,wikipedia,מועדון ספורט אשדוד
ha-02096,מ״ע,"הלכות שקלים - מ״ע אחת, והיא ליתן כל איש מחצית השקל בכל שנה.",מצות עשה,מ״ע.01,מצות עשה,weak,2,מצות עשה | מנוחתו עדן,substituted,no,3,wikipedia,ספר זמנים
ha-02097,מ״ע,"הלכות קידוש החודש - מ״ע אחת, והיא לחשוב ולידע ולקבוע באיזה יום הוא תחילת כל חודש וחודש מחודשי השנה.",מצות עשה,מ״ע.01,מצות עשה,weak,2,מצות עשה | מנוחתו עדן,substituted,no,3,wikipedia,ספר זמנים
ha-02098,מ״ע,"הלכות עבודת יום הכיפורים נכללו בו מ״ע אחת:שיעשה מעשה יום הכיפורים כולו על הסדר כמו שכתוב בפרשת אחרי מות, הקרבנות והווידויים ושילוח השעיר ושאר העבודה.",מצות עשה,מ״ע.01,מצות עשה,weak,2,מצות עשה | מנוחתו עדן,substituted,no,3,wikipedia,ספר עבודה
ha-02099,מ״פ,מ״פ יכול להכיל מאות אלפים ואף מיליוני אנשים.,מחנה פליטים,מ״פ.01,מחנה פליטים,weak,6,מפקד פלוגה | מחנה פליטים | מחשבה פלילית | לשון משלים פועל | מחשבים מגה פיקסל | מתמטיקה מכפלה פנימית,substituted,yes,3,wikipedia,מחנה פליטים
ha-02100,מ״פ,"קלנדיה (בערבית: قلنديا – קלנדיא, או قلنديه – קלנדיה) הוא כפר ערבי באזור עטרות בצפון ירושלים וכן מ״פ פלסטינים סמוך.",מחנה פליטים,מ״פ.01,מחנה פליטים,weak,6,מפקד פלוגה | מחנה פליטים | מחשבה פלילית | לשון משלים פועל | מחשבים מגה פיקסל | מתמטיקה מכפלה פנימית,substituted,yes,3,wikipedia,קלנדיה
ha-02101,מ״פ,"מחנה הפליטים אל-יַרְמוּכּ (בערבית: مخيم اليرموك, תעתיק מדויק: מח'ים אלירמוכ) הוא מ״פ פלסטינים בדמשק שבסוריה, והמרכז הגדול ביותר של פליטים פלסטינים בסוריה.",מחנה פליטים,מ״פ.01,מחנה פליטים,weak,6,מפקד פלוגה | מחנה פליטים | מחשבה פלילית | לשון משלים פועל | מחשבים מגה פיקסל | מתמטיקה מכפלה פנימית,substituted,yes,3,wikipedia,מחנה הפליטים אל-ירמוכ
ha-02102,מ״פ,בעבירות של אחריות קפידה לא נדרשת מן התביעה הוכחת יסוד נפשי כלשהו אך הנאשם רשאי להוכיח כי לא הייתה לו מ״פ או רשלנות וכי נקט את כל האמצעים הסבירים כדי למנוע את העבירה.,מחשבה פלילית,מ״פ.02,מחשבה פלילית,weak,6,מפקד פלוגה | מחנה פליטים | מחשבה פלילית | לשון משלים פועל | מחשבים מגה פיקסל | מתמטיקה מכפלה פנימית,substituted,yes,3,wikipedia,עבירה
ha-02103,מ״פ,"עם זאת, בשל אופייה של האחריות הקפידה קובע חוק העונשין כי אין להטיל מאסר בגין עבירות אלה אלא אם הוכחו מ״פ או רשלנות.",מחשבה פלילית,מ״פ.02,מחשבה פלילית,weak,6,מפקד פלוגה | מחנה פליטים | מחשבה פלילית | לשון משלים פועל | מחשבים מגה פיקסל | מתמטיקה מכפלה פנימית,substituted,yes,3,wikipedia,עבירה
ha-02104,מ״פ,פזיזות – היא ענף משנה של מ״פ ועוסקת ביחס כלפי תוצאת העבירה.,מחשבה פלילית,מ״פ.02,מחשבה פלילית,weak,6,מפקד פלוגה | מחנה פליטים | מחשבה פלילית | לשון משלים פועל | מחשבים מגה פיקסל | מתמטיקה מכפלה פנימית,substituted,yes,3,wikipedia,עבירה
ha-02105,מ״פ,"מ״פ יהיה בדרגת סרן או רב-סרן, מפקד גדוד יהיה בדרגת סגן-אלוף ומפקד חטיבה יהיה בדרגת אלוף-משנה.",מפקד פלוגה,מ״פ.03,מפקד פלוגה,weak,6,מפקד פלוגה | מחנה פליטים | מחשבה פלילית | לשון משלים פועל | מחשבים מגה פיקסל | מתמטיקה מכפלה פנימית,substituted,yes,3,wikipedia,דרגה צבאית
ha-02106,מ״פ,"לאחר החלמתו היה מ״פ בקורס מ""כים (גדוד 17) ובהמשך הדריך בבית הספר לקצינים.",מפקד פלוגה,מ״פ.03,מפקד פלוגה,weak,6,מפקד פלוגה | מחנה פליטים | מחשבה פלילית | לשון משלים פועל | מחשבים מגה פיקסל | מתמטיקה מכפלה פנימית,substituted,yes,3,wikipedia,גבי אופיר
ha-02107,מ״פ,הוא היה הדרוזי הראשון ששימש מ״פ וסגן מפקד גדוד בחיל השריון.,מפקד פלוגה,מ״פ.03,מפקד פלוגה,weak,6,מפקד פלוגה | מחנה פליטים | מחשבה פלילית | לשון משלים פועל | מחשבים מגה פיקסל | מתמטיקה מכפלה פנימית,substituted,yes,3,wikipedia,אמיר חמוד
ha-02108,מ״צ,"הגרם הוגדר במקור כ""משקל האבסולוטי של נפח מים מזוקקים השווה לקוביה שמקצועה באורך מאית המטר בטמפרטורה שבה ניתך הקרח"" ולאחר מכן בטמפרטורה של 4 מ״צ.",מעלות צלזיוס,מ״צ.02,מעלות צלזיוס,weak,3,"מעלות צלזיוס | משטרה צבאית | משיח צדק, משיח צִדקנו",substituted,yes,1,wikipedia,גרם
ha-02109,מ״צ,"בסולם ראומיר, נקודת האפס היא נקודת הקיפאון של המים, כמו בסולם צלזיוס; אולם גודלה של כל מעלה בסולם ראומיר הוא 0.8 מ״צ.",מעלות צלזיוס,מ״צ.02,מעלות צלזיוס,weak,3,"מעלות צלזיוס | משטרה צבאית | משיח צדק, משיח צִדקנו",substituted,yes,1,wikipedia,יחידות מידה לטמפרטורה
ha-02110,מ״צ,הפסטור הקלאסי הוא חימום לטמפרטורה של 63–68 מ״צ למשך 30 דקות.,מעלות צלזיוס,מ״צ.02,מעלות צלזיוס,weak,3,"מעלות צלזיוס | משטרה צבאית | משיח צדק, משיח צִדקנו",substituted,yes,1,wikipedia,פסטור
ha-02111,מ״צ,"בחזית הדרום פעלו שלוש אוגדות להן לא היה כוח מ""צ אורגני.",משטרה צבאית,מ״צ.01,משטרה צבאית,verified,3,"מעלות צלזיוס | משטרה צבאית | משיח צדק, משיח צִדקנו",natural,yes,1,wikipedia,חיל המשטרה הצבאית
ha-02112,מ״צ,"כוחות מ""צ עסקו בשילוט נתיבי העלייה לרמת הגולן ובסימון צירים נקיים ממיקוש.",משטרה צבאית,מ״צ.01,משטרה צבאית,verified,3,"מעלות צלזיוס | משטרה צבאית | משיח צדק, משיח צִדקנו",natural,yes,1,wikipedia,חיל המשטרה הצבאית
ha-02113,מ״צ,"תחנת מ""צ שנפתחה בגדות סייעה והשתלבה במשימות השונות של השלמת הכיבוש וההתארגנות ברמה.",משטרה צבאית,מ״צ.01,משטרה צבאית,verified,3,"מעלות צלזיוס | משטרה צבאית | משיח צדק, משיח צִדקנו",natural,yes,1,wikipedia,חיל המשטרה הצבאית
ha-02114,מ״צ,מ״צ היא חַיִל בצבא העוסק בשיטור (אכיפת החוק ושמירת הסדר הציבורי).,משטרה צבאית,מ״צ.01,משטרה צבאית,weak,3,"מעלות צלזיוס | משטרה צבאית | משיח צדק, משיח צִדקנו",substituted,yes,1,wikipedia,משטרה צבאית
ha-02115,מ״צ,גוף אשר נלחם באויבים חיצוניים ועוצר אותם בתוך גבולות המדינה שלה שייכת אותה מ״צ בדומה לז’נדרמרייה במקרים מסוימים רבים.,משטרה צבאית,מ״צ.01,משטרה צבאית,weak,3,"מעלות צלזיוס | משטרה צבאית | משיח צדק, משיח צִדקנו",substituted,yes,1,wikipedia,משטרה צבאית
ha-02116,מ״צ,מגן עמד על כך שבחטיבה היהודית תהיה מ״צ יהודית.,משטרה צבאית,מ״צ.01,משטרה צבאית,weak,3,"מעלות צלזיוס | משטרה צבאית | משיח צדק, משיח צִדקנו",substituted,yes,1,wikipedia,חיל המשטרה הצבאית
ha-02117,מ״ק,"על מנת להבדיל את המסכת מכלל סדר מועד, נקראה המסכת ""מ״ק"", כיוון שרובה עוסק בחולו של מועד.",מועד קטן,מ״ק.02,מועד קטן,weak,10,מספר קטן | מטר מעוקב | מרכז קהילתי | מועד קטן | מכשיר קשר | מרא קמא | מחנה קבע | מילת קריאה | מלכין קדמאין | משמע קצת,substituted,yes,1,wikipedia,מסכת מועד קטן
ha-02118,מ״ק,"בנוסף עמד רבי יונה בוצרייא בקשר עם רב הונא בריה דרב יהושע מבבל, ובמסכת מ״ק נזכר כי רב הונא התיר לרבי יונה בוצרייא למכור את ספריו במהלך חול המועד.",מועד קטן,מ״ק.02,מועד קטן,weak,10,מספר קטן | מטר מעוקב | מרכז קהילתי | מועד קטן | מכשיר קשר | מרא קמא | מחנה קבע | מילת קריאה | מלכין קדמאין | משמע קצת,substituted,yes,1,wikipedia,רבי יונה בוצרייא
ha-02119,מ״ק,"בתלמוד ירושלמי מובאים מאמרים של חכם בשם רבי יודן גוריא או רבי יודן בר גורייא, שיש המזהים אותו עם רבי יהודה בן גרים המוזכר בבבלי מסכת מ״ק.",מועד קטן,מ״ק.02,מועד קטן,weak,10,מספר קטן | מטר מעוקב | מרכז קהילתי | מועד קטן | מכשיר קשר | מרא קמא | מחנה קבע | מילת קריאה | מלכין קדמאין | משמע קצת,substituted,yes,1,wikipedia,יהודה בן גרים
ha-02120,מ״ק,"מחנה רחבעם, שנקרא בעבר מחנה דני, (מ״ק 103) הוא בסיס צבאי השוכן ברמלה, סמוך לשכונת קריית האומנים בעיר.",מחנה קבע,מ״ק.03,מחנה קבע,weak,10,מספר קטן | מטר מעוקב | מרכז קהילתי | מועד קטן | מכשיר קשר | מרא קמא | מחנה קבע | מילת קריאה | מלכין קדמאין | משמע קצת,substituted,yes,1,wikipedia,מחנה רחבעם
ha-02121,מ״ק,"בשנת 1945 נבנה ליישוב מ״ק מוקף חומה, אשר יועד למגורי 25 איש, וכלל מטבח וחדר אוכל, שלושה חדרי מגורים, נשקיה קטנה ובית ביטחון בן שתי קומות ובו אף שני חדרי שינה.",מחנה קבע,מ״ק.03,מחנה קבע,weak,10,מספר קטן | מטר מעוקב | מרכז קהילתי | מועד קטן | מכשיר קשר | מרא קמא | מחנה קבע | מילת קריאה | מלכין קדמאין | משמע קצת,substituted,yes,1,wikipedia,בית אשל
ha-02122,מ״ק,מחנות קהילתיים: מ״ק לתקופת הקיץ הממוקם על אגם במרחק מה מהעיר.,מחנה קבע,מ״ק.03,מחנה קבע,weak,10,מספר קטן | מטר מעוקב | מרכז קהילתי | מועד קטן | מכשיר קשר | מרא קמא | מחנה קבע | מילת קריאה | מלכין קדמאין | משמע קצת,substituted,yes,1,wikipedia,הצופים העבריים
ha-02123,מ״ק,"בנוסף, נהר הירמוך הנשפך אל הירדן מדרום לכנרת תרם בעבר לזרימתו עוד כ־480 מיליון מ""ק בממוצע לשנה, אך כיום מנוצלים מי הירמוך ברובם.",מטר מעוקב,מ״ק.01,מטר מעוקב,verified,10,מספר קטן | מטר מעוקב | מרכז קהילתי | מועד קטן | מכשיר קשר | מרא קמא | מחנה קבע | מילת קריאה | מלכין קדמאין | משמע קצת,natural,yes,1,wikipedia,נהר הירדן
ha-02124,מ״ק,"בירדן, בגשר הפקק, נרשם השיא של 1,094 מיליון מ״ק לכל העונה (פי 2.5 מהממוצע), ובהידרוגרף בסמוך לשדה נחמיה נמדד השיא של 763 מיליון מ״ק, לעומת ממוצע של 383 מיליון מ״ק בשנה (1942– 2018).",מטר מעוקב,מ״ק.01,מטר מעוקב,verified,10,מספר קטן | מטר מעוקב | מרכז קהילתי | מועד קטן | מכשיר קשר | מרא קמא | מחנה קבע | מילת קריאה | מלכין קדמאין | משמע קצת,natural,yes,1,wikipedia,נהר הירדן
ha-02125,מ״ק,הספיקה המקסימלית (השיטפונית) הגבוהה ביותר בירדן ההררי בגשר הפקק היא 214 מ״ק בשנייה ונרשמה ביום ה־23 בינואר 1969.,מטר מעוקב,מ״ק.01,מטר מעוקב,verified,10,מספר קטן | מטר מעוקב | מרכז קהילתי | מועד קטן | מכשיר קשר | מרא קמא | מחנה קבע | מילת קריאה | מלכין קדמאין | משמע קצת,natural,yes,1,wikipedia,נהר הירדן
ha-02126,מ״ק,המסה של מ״ק של מים מזוקקים בטמפרטורה של 4° צלזיוס היא טוֹנָה אחת.,מטר מעוקב,מ״ק.01,מטר מעוקב,weak,10,מספר קטן | מטר מעוקב | מרכז קהילתי | מועד קטן | מכשיר קשר | מרא קמא | מחנה קבע | מילת קריאה | מלכין קדמאין | משמע קצת,substituted,yes,1,wikipedia,מטר מעוקב
ha-02127,מ״ק,"דצימטר מעוקב (dm³): אלפית (1/1,000) של מ״ק, או 1 ליטר.",מטר מעוקב,מ״ק.01,מטר מעוקב,weak,10,מספר קטן | מטר מעוקב | מרכז קהילתי | מועד קטן | מכשיר קשר | מרא קמא | מחנה קבע | מילת קריאה | מלכין קדמאין | משמע קצת,substituted,yes,1,wikipedia,מטר מעוקב
ha-02128,מ״ק,"בכל מ״ק יש 35.3147 רגל מעוקב או 35,335.7 BTU.",מטר מעוקב,מ״ק.01,מטר מעוקב,weak,10,מספר קטן | מטר מעוקב | מרכז קהילתי | מועד קטן | מכשיר קשר | מרא קמא | מחנה קבע | מילת קריאה | מלכין קדמאין | משמע קצת,substituted,yes,1,wikipedia,גז טבעי
ha-02129,מ״ק,משפטים המופיעה בהם מ״ק יסתיימו בסימן קריאה.,מילת קריאה,מ״ק.04,מילת קריאה,weak,10,מספר קטן | מטר מעוקב | מרכז קהילתי | מועד קטן | מכשיר קשר | מרא קמא | מחנה קבע | מילת קריאה | מלכין קדמאין | משמע קצת,substituted,yes,1,wikipedia,מילת קריאה
ha-02130,מ״ק,"מ״ק לא יכולה לבוא במשפט אחרי מילת יחס, וה' השאלה לא תבוא לפניה.",מילת קריאה,מ״ק.04,מילת קריאה,weak,10,מספר קטן | מטר מעוקב | מרכז קהילתי | מועד קטן | מכשיר קשר | מרא קמא | מחנה קבע | מילת קריאה | מלכין קדמאין | משמע קצת,substituted,yes,1,wikipedia,מילת קריאה
ha-02131,מ״ק,"ברוסית, כשהיא ניצבת לבדה, פירושה הוא מילת היחס ""אצל"" או מ״ק של הפתעה.",מילת קריאה,מ״ק.04,מילת קריאה,weak,10,מספר קטן | מטר מעוקב | מרכז קהילתי | מועד קטן | מכשיר קשר | מרא קמא | מחנה קבע | מילת קריאה | מלכין קדמאין | משמע קצת,substituted,yes,1,wikipedia,У (כתב קירילי)
ha-02132,מ״ק,מ״ק הוא מכשיר המשמש לקשר רדיו - העברת מסרים בין שני מקומות נפרדים או יותר.,מכשיר קשר,מ״ק.05,מכשיר קשר,weak,10,מספר קטן | מטר מעוקב | מרכז קהילתי | מועד קטן | מכשיר קשר | מרא קמא | מחנה קבע | מילת קריאה | מלכין קדמאין | משמע קצת,substituted,yes,1,wikipedia,מכשיר קשר
ha-02133,מ״ק,"במקרים רבים המכשירים מאפשרים תקשורת דו-כיווניות (כגון טלפון סלולרי או מ״ק), ובמכשירים אלו כלולים גם משדר וגם מקלט.",מכשיר קשר,מ״ק.05,מכשיר קשר,weak,10,מספר קטן | מטר מעוקב | מרכז קהילתי | מועד קטן | מכשיר קשר | מרא קמא | מחנה קבע | מילת קריאה | מלכין קדמאין | משמע קצת,substituted,yes,1,wikipedia,משדר
ha-02134,מ״ק,"19 הוא מ״ק שיוצר באנגליה, בקנדה ובארצות הברית בתקופת מלחמת העולם השנייה לשימוש ברכב קרבי משוריין וכן לשימוש קרקעי קבוע.",מכשיר קשר,מ״ק.05,מכשיר קשר,weak,10,מספר קטן | מטר מעוקב | מרכז קהילתי | מועד קטן | מכשיר קשר | מרא קמא | מחנה קבע | מילת קריאה | מלכין קדמאין | משמע קצת,substituted,yes,1,wikipedia,מ.ק. 19
ha-02135,מ״ק,"לפי הקבלה, שבעת המלכים הראשונים - ""מ״ק"", רומזים לשבעה עולמות שנבראו לפני בריאת העולם הנוכחי, ומיתתם (בלשון המקובלים ""שבירה"") מרמזת על ביטול של אותם עולמות.",מלכין קדמאין,מ״ק.09,מלכין קדמאין,weak,10,מספר קטן | מטר מעוקב | מרכז קהילתי | מועד קטן | מכשיר קשר | מרא קמא | מחנה קבע | מילת קריאה | מלכין קדמאין | משמע קצת,substituted,yes,1,wikipedia,פרשת שמונת מלכי אדום
ha-02136,מ״ק,הקבלה הלוריאנית מתנגדת לקבל את תורת השמיטות כפשוטה ומחליפה אותה בתורת מ״ק.,מלכין קדמאין,מ״ק.09,מלכין קדמאין,weak,10,מספר קטן | מטר מעוקב | מרכז קהילתי | מועד קטן | מכשיר קשר | מרא קמא | מחנה קבע | מילת קריאה | מלכין קדמאין | משמע קצת,substituted,yes,1,wikipedia,תורת השמיטות
ha-02137,מ״ק,"שחיתות של עשיית טובות בין מ״ק של אנשים, שחיתות שיש לה קשר למוסדות השלטון ושחיתות שהיא נפוצה עד כדי כך שהיא מהווה חלק מהמבנה החברתי, כולל הקשר שלה לפשע מאורגן (שחיתות שיטתית).",מספר קטן,מ״ק.06,מספר קטן,weak,10,מספר קטן | מטר מעוקב | מרכז קהילתי | מועד קטן | מכשיר קשר | מרא קמא | מחנה קבע | מילת קריאה | מלכין קדמאין | משמע קצת,substituted,yes,1,wikipedia,שחיתות
ha-02138,מ״ק,"הראג' נוהל על ידי מ״ק מאוד של בריטים, בשיתוף עם האליטה המקומית.",מספר קטן,מ״ק.06,מספר קטן,weak,10,מספר קטן | מטר מעוקב | מרכז קהילתי | מועד קטן | מכשיר קשר | מרא קמא | מחנה קבע | מילת קריאה | מלכין קדמאין | משמע קצת,substituted,yes,1,wikipedia,הראג' הבריטי
ha-02139,מ״ק,"הבריטים הצליחו לשלוט על שטח גדול ביעילות, תוך שימוש והצבת מ״ק יחסית של אנשי אדמיניסטרציה וכוחות שיטור בריטים, משום שבפועל שלטו באזור בשיתוף קבוצות האליטה מקומיות.",מספר קטן,מ״ק.06,מספר קטן,weak,10,מספר קטן | מטר מעוקב | מרכז קהילתי | מועד קטן | מכשיר קשר | מרא קמא | מחנה קבע | מילת קריאה | מלכין קדמאין | משמע קצת,substituted,yes,1,wikipedia,הראג' הבריטי
ha-02140,מ״ק,"נחלקו הפוסקים אם חזקה זו וחזקת מ״ק מסתמכת על חזקה דמעיקרא המועלת גם באיסורים, ומורה שהמציאות לא השתנתה, או שמא היא חזקה משפטית כהמוציא מחברו עליו הראיה.",מרא קמא,מ״ק.07,מרא קמא,weak,10,מספר קטן | מטר מעוקב | מרכז קהילתי | מועד קטן | מכשיר קשר | מרא קמא | מחנה קבע | מילת קריאה | מלכין קדמאין | משמע קצת,substituted,yes,1,wikipedia,חזקה (הלכה)
ha-02141,מ״ק,"ומכך מסיקים מפרשי הגמרא, כי נקודת המחלוקת בין סומכוס לחכמים היא אם מוטב ללכת אחרי מוחזקות פיזית שהיא חזקת מ״ק ותפיסה או אחר מוחזקות רוחנית שנוצרת על ידי הספק המעמיד את הממון לצד שניהם.",מרא קמא,מ״ק.07,מרא קמא,weak,10,מספר קטן | מטר מעוקב | מרכז קהילתי | מועד קטן | מכשיר קשר | מרא קמא | מחנה קבע | מילת קריאה | מלכין קדמאין | משמע קצת,substituted,yes,1,wikipedia,ממון המוטל בספק חולקים
ha-02142,מ״ק,"החזקה מאפשרת להתגונן כנגד תביעה מצד בעלים קודמים, להם עומדת חזקת מ״ק, ללא הצגת שטר הקניין.",מרא קמא,מ״ק.07,מרא קמא,weak,10,מספר קטן | מטר מעוקב | מרכז קהילתי | מועד קטן | מכשיר קשר | מרא קמא | מחנה קבע | מילת קריאה | מלכין קדמאין | משמע קצת,substituted,yes,1,wikipedia,חזקת קרקעות
ha-02143,מ״ק,"בראש כל מ״ק עומדת הנהלה ציבורית, שבה חברים נציגי הרשות המקומית, נציגי תושבים, נציגי החברה למתנ""סים ובחלקן גם נציגי הסוכנות היהודית.",מרכז קהילתי,מ״ק.08,מרכז קהילתי,weak,10,מספר קטן | מטר מעוקב | מרכז קהילתי | מועד קטן | מכשיר קשר | מרא קמא | מחנה קבע | מילת קריאה | מלכין קדמאין | משמע קצת,substituted,yes,1,wikipedia,"מתנ""ס"
ha-02144,מ״ק,"מ״ק יהודי (באנגלית JCC - Jewish Community Center וכן YMHA ‏ - Young Men's Hebrew Association) הוא ארגון למטרות פנאי, חינוך, צדקה ופעילות חברתית בקרב קהילות יהודיות בארצות הברית.",מרכז קהילתי,מ״ק.08,מרכז קהילתי,weak,10,מספר קטן | מטר מעוקב | מרכז קהילתי | מועד קטן | מכשיר קשר | מרא קמא | מחנה קבע | מילת קריאה | מלכין קדמאין | משמע קצת,substituted,yes,1,wikipedia,מרכז קהילתי יהודי
ha-02145,מ״ק,"המרכז הגאה תל אביב-יפו (מכונה גם לעיתים המרכז העירוני לקהילה הגאה) הוא מ״ק עירוני המיועד לקהילה הלהט""בית בתל אביב-יפו והסביבה.",מרכז קהילתי,מ״ק.08,מרכז קהילתי,weak,10,מספר קטן | מטר מעוקב | מרכז קהילתי | מועד קטן | מכשיר קשר | מרא קמא | מחנה קבע | מילת קריאה | מלכין קדמאין | משמע קצת,substituted,yes,1,wikipedia,המרכז הגאה תל אביב-יפו
ha-02146,מ״ר,"שם התואר 'רבה' שנוסף למדרש נבע מהעתקה משותפת של מדרשי אגדה על התורה באותם כתבי היד, הכוללים את מ״ר.",מדרש רבה,מ״ר.02,מדרש רבה,weak,3,מטר רבוע | מדרש רבה | מילי־רדיאן,substituted,yes,1,wikipedia,במדבר רבה
ha-02147,מ״ר,"מקורות נכבדים מהמדרשים הם ממקורות קדומים יותר, אך נערכו בהם שינויים כדי שיתאימו לרוח כתיבת מ״ר.",מדרש רבה,מ״ר.02,מדרש רבה,weak,3,מטר רבוע | מדרש רבה | מילי־רדיאן,substituted,yes,1,wikipedia,במדבר רבה
ha-02148,מ״ר,"אייזיק הירש וייס וכן חננאל מאק שיערו כי השם נוצר על מנת להבדיל את מ״ר ממדרש אחר, קדום יותר שהיה מצומצם יותר בהיקפו.",מדרש רבה,מ״ר.02,מדרש רבה,weak,3,מטר רבוע | מדרש רבה | מילי־רדיאן,substituted,yes,1,wikipedia,בראשית רבה
ha-02149,מ״ר,"שטחו של הבניין 11,000 מ""ר, ובמתו הגדולה יכולה להכיל 450 איש.",מטר רבוע,מ״ר.01,מטר רבוע,verified,3,מטר רבוע | מדרש רבה | מילי־רדיאן,natural,yes,1,wikipedia,האופרה גרנייה
ha-02150,מ״ר,"המאפיין המרכזי של המבנה הוא האטריום הגבוה, אשר מעוצב כבית משפט פתוח, המוקף בחלל פיסולי המשתרע על פני 16,000 מ״ר.",מטר רבוע,מ״ר.01,מטר רבוע,verified,3,מטר רבוע | מדרש רבה | מילי־רדיאן,natural,yes,1,wikipedia,הגלריה הלאומית לאמנות (וושינגטון)
ha-02151,מ״ר,"בעתירה שהוגשה ביקשו לפתור את בעיית הצפיפות בבתי הסוהר באמצעות גיבוש תוכנית למימוש שטח מחיה הולם לאסיר בטווח זמן סביר הדרושים על מנת להבטיח כי לכל אסיר יהיה שטח מחיה של 4 מ""ר לא כולל שירותים ומקלחת.",מטר רבוע,מ״ר.01,מטר רבוע,verified,3,מטר רבוע | מדרש רבה | מילי־רדיאן,natural,yes,1,wikipedia,"בג""ץ האגודה לזכויות האזרח נגד השר לביטחון פנים (מרחב המחיה של אסירים)"
ha-02152,מ״ר,"היא אינה שייכת למערכת היחידות הבין-לאומית, בה יחידת השטח היא מ״ר.",מטר רבוע,מ״ר.01,מטר רבוע,weak,3,מטר רבוע | מדרש רבה | מילי־רדיאן,substituted,yes,1,wikipedia,דונם
ha-02153,מ״ר,"אקר אחד מוגדר כ-4,840 יארד רבוע שהם 43,560 רגל רבוע, או 4,046.856424 מ״ר.",מטר רבוע,מ״ר.01,מטר רבוע,weak,3,מטר רבוע | מדרש רבה | מילי־רדיאן,substituted,yes,1,wikipedia,אקר
ha-02154,מ״ר,"בארצות הברית נהוגה שיטה שונה מעט להגדרת אורכו של האינץ' ולפיכך גם של האקר, על פי שיטה זו אקר אחד שווה ל-4046.87261 מ״ר שהם 4.04687261 דונמים ו-0.00404687261 קילומטר רבוע.",מטר רבוע,מ״ר.01,מטר רבוע,weak,3,מטר רבוע | מדרש רבה | מילי־רדיאן,substituted,yes,1,wikipedia,אקר
ha-02155,מ״ש,"אמר: מ״ש מן ביניתא [מין דג שמותר לאכלו נא, צלי וכולי]?",מאי שנא,מ״ש.01,מאי שנא,weak,7,"מטר לשנייה | מה שכתוב | מצה שמורה | מילת שאלה | מאי שנא | מרפסת שמש | משלים שם,לוואי",substituted,yes,3,wikipedia,ביאה שלא כדרכה
ha-02156,מ״ש,"התלמוד מוסיף לשאול על המשנה: ""מ״ש דתני בערבית ברישא?",מאי שנא,מ״ש.01,מאי שנא,weak,7,"מטר לשנייה | מה שכתוב | מצה שמורה | מילת שאלה | מאי שנא | מרפסת שמש | משלים שם,לוואי",substituted,yes,3,wikipedia,מושגי יסוד בתלמוד הבבלי
ha-02157,מ״ש,תשובה שונה לבעיה זו הציג האור זרוע: מ״ש הפרשת חלה שיכול לקיים מצותו על ידי שליח מכל המצות תפילין וציצית סוכה ולולב ואכילת מצה?,מאי שנא,מ״ש.01,מאי שנא,weak,7,"מטר לשנייה | מה שכתוב | מצה שמורה | מילת שאלה | מאי שנא | מרפסת שמש | משלים שם,לוואי",substituted,yes,3,wikipedia,שליח (הלכה)
ha-02158,מ״ש,"מבקר הספרות האנגלי וולטר אלכסנדר ראלי כתב: ""אמנות ביקורת הספרות, שלעיתים תכופות ממעטים בחשיבותה עד כדי מעמד שולי בין האומנויות, אינה אלא אמנות הקריאה והפרשנות של מ״ש...",מה שכתוב,מ״ש.02,מה שכתוב,weak,7,"מטר לשנייה | מה שכתוב | מצה שמורה | מילת שאלה | מאי שנא | מרפסת שמש | משלים שם,לוואי",substituted,yes,3,wikipedia,ביקורת ספרות
ha-02159,מ״ש,"התלמוד מפרש את אזכור חתונת שלמה בשיר השירים על פי הכלל של רבי עקיבא ששיר השירים הוא ""קודש קודשים"", כלומר, כל מ״ש בו הוא משל ולא תיאור פשוט.",מה שכתוב,מ״ש.02,מה שכתוב,weak,7,"מטר לשנייה | מה שכתוב | מצה שמורה | מילת שאלה | מאי שנא | מרפסת שמש | משלים שם,לוואי",substituted,yes,3,wikipedia,חתונה
ha-02160,מ״ש,"בהרבה נאומים הושמעו טענות ""לא קראתי את הספר אך מגנה מ״ש בה"".",מה שכתוב,מ״ש.02,מה שכתוב,weak,7,"מטר לשנייה | מה שכתוב | מצה שמורה | מילת שאלה | מאי שנא | מרפסת שמש | משלים שם,לוואי",substituted,yes,3,wikipedia,1958 בברית המועצות
ha-02161,מ״ש,גוף שנע במהירות קבועה של מ״ש עובר במשך שנייה אחת מרחק של מטר אחד.,מטר לשנייה,מ״ש.03,מטר לשנייה,weak,7,"מטר לשנייה | מה שכתוב | מצה שמורה | מילת שאלה | מאי שנא | מרפסת שמש | משלים שם,לוואי",substituted,yes,3,wikipedia,מטר לשנייה
ha-02162,מ״ש,"נהוג לסמן את תאוצת הכובד באות g, וערכה על פני השטח של כדור הארץ נע בין m/s²‏ 9.72 ל-m/s² ‏9.82 (מ״ש בריבוע).",מטר לשנייה,מ״ש.03,מטר לשנייה,weak,7,"מטר לשנייה | מה שכתוב | מצה שמורה | מילת שאלה | מאי שנא | מרפסת שמש | משלים שם,לוואי",substituted,yes,3,wikipedia,תאוצת הכובד
ha-02163,מ״ש,"""ניוטון"" מוגדר ככוח הנדרש על מנת להאיץ מסה של קילוגרם אחד בתאוצה של מ״ש בריבוע.",מטר לשנייה,מ״ש.03,מטר לשנייה,weak,7,"מטר לשנייה | מה שכתוב | מצה שמורה | מילת שאלה | מאי שנא | מרפסת שמש | משלים שם,לוואי",substituted,yes,3,wikipedia,ניוטון (יחידת מידה)
ha-02164,מ״ש,"מ״ש היא מילה, שהימצאותה במשפט תורמת להפיכת משמעות המשפט לשאלה, דהיינו, למשפט שמבקש מהזולת מידע.",מילת שאלה,מ״ש.04,מילת שאלה,weak,7,"מטר לשנייה | מה שכתוב | מצה שמורה | מילת שאלה | מאי שנא | מרפסת שמש | משלים שם,לוואי",substituted,yes,3,wikipedia,מילת שאלה
ha-02165,מ״ש,"לפי LFG, למילה ""מה"" יש שני תפקידים במשפט: מ״ש ומושא.",מילת שאלה,מ״ש.04,מילת שאלה,weak,7,"מטר לשנייה | מה שכתוב | מצה שמורה | מילת שאלה | מאי שנא | מרפסת שמש | משלים שם,לוואי",substituted,yes,3,wikipedia,דקדוק לקסיקלי פונקציונלי
ha-02166,מ״ש,"המיקום שלה מתאים לתפקיד של מ״ש, ומערכת האילוצים של השפה העברית מתירה לה למלא גם את הפונקציה של מושא.",מילת שאלה,מ״ש.04,מילת שאלה,weak,7,"מטר לשנייה | מה שכתוב | מצה שמורה | מילת שאלה | מאי שנא | מרפסת שמש | משלים שם,לוואי",substituted,yes,3,wikipedia,דקדוק לקסיקלי פונקציונלי
ha-02167,מ״ש,"מ״ש היא מצה שבמהלך הכנתה נעשתה שמירה מיוחדת על מנת שלא תחמיץ, ולא רק שלא החמיצה ""במקרה"".",מצה שמורה,מ״ש.05,מצה שמורה,weak,7,"מטר לשנייה | מה שכתוב | מצה שמורה | מילת שאלה | מאי שנא | מרפסת שמש | משלים שם,לוואי",substituted,yes,3,wikipedia,מצה שמורה
ha-02168,מ״ש,"ישנן דעות שונות בגמרא ובפוסקים בשאלה מאיזה שלב בהכנת המצה יש לשמור עליה כדי שתחשב ""מ״ש"".",מצה שמורה,מ״ש.05,מצה שמורה,weak,7,"מטר לשנייה | מה שכתוב | מצה שמורה | מילת שאלה | מאי שנא | מרפסת שמש | משלים שם,לוואי",substituted,yes,3,wikipedia,מצה שמורה
ha-02169,מ״ש,"באפיית מצות לפסח בחוץ לארץ, יש מקפידים שמעיסת הבצק עבור מ״ש של ליל הסדר תופרש חלה לאכילה (ולא לשריפה) על ידי כהן.",מצה שמורה,מ״ש.05,מצה שמורה,weak,7,"מטר לשנייה | מה שכתוב | מצה שמורה | מילת שאלה | מאי שנא | מרפסת שמש | משלים שם,לוואי",substituted,yes,3,wikipedia,חלה (מתנות כהונה)
ha-02170,מ״ש,"הדירות הן בגדלים מגוונים, כאשר דירה טיפוסית היא בת 4 או 5 חדרים ולה מ״ש מעוגלת.",מרפסת שמש,מ״ש.06,מרפסת שמש,weak,7,"מטר לשנייה | מה שכתוב | מצה שמורה | מילת שאלה | מאי שנא | מרפסת שמש | משלים שם,לוואי",substituted,yes,3,wikipedia,מגדלי נאמן
ha-02171,מ״ש,"למבנה נוספו מ״ש גדולה, חדרי אירוח ועבודה, אולם קולנוע ומרתף.",מרפסת שמש,מ״ש.06,מרפסת שמש,weak,7,"מטר לשנייה | מה שכתוב | מצה שמורה | מילת שאלה | מאי שנא | מרפסת שמש | משלים שם,לוואי",substituted,yes,3,wikipedia,ברגהוף
ha-02172,מ״ש,"דייריו נהנים ממגוון דירות מרווחות עם 2,3 חדרים ודירות גן שתוכננו בקפידה על מנת להעניק חווית מגורים ברמה הגבוהה ביותר כשלכל דירה מ״ש רחבת ידיים הצופה לשדות ירוקים ולנופיה של העיר.",מרפסת שמש,מ״ש.06,מרפסת שמש,weak,7,"מטר לשנייה | מה שכתוב | מצה שמורה | מילת שאלה | מאי שנא | מרפסת שמש | משלים שם,לוואי",substituted,yes,3,wikipedia,בית בכפר
ha-02173,מ״ת,"מ״ת הוא מונח מטרייה המתאר קבוצה של משחקים בהם השחקנים המשתתפים מגלמים דמויות, ודרכן מקיימים אינטראקציות אחד עם השני ועם עולם דמיוני אותו מתאר המנחה.",משחקי תפקידים,מ״ת.01,משחקי תפקידים,weak,2,משחקי תפקידים | מתן תורה,substituted,yes,3,wikipedia,משחק תפקידים
ha-02174,מ״ת,"מ״ת מתקיימים לרוב בקבוצה קטנה (2–7 שחקנים), אך לעיתים יכולים להתקיים באופן יחידני או בקבוצות גדולות הרבה יותר, עם התאמות מיוחדות.",משחקי תפקידים,מ״ת.01,משחקי תפקידים,weak,2,משחקי תפקידים | מתן תורה,substituted,yes,3,wikipedia,משחק תפקידים
ha-02175,מ״ת,"מ״ת מסתמכים על הסכמה של כל השחקנים לגלם תפקידים בעולם משחק (הקרוי לרוב ""עולם מערכה"") כלשהו, כאשר ברובם המוחלט של משחקי התפקידים עולם-המשחק ודמויות השחקנים מתפתחים ומשתנים תוך כדי המשחק.",משחקי תפקידים,מ״ת.01,משחקי תפקידים,weak,2,משחקי תפקידים | מתן תורה,substituted,yes,3,wikipedia,משחק תפקידים
ha-02176,מ״ת,"מַעֲמַד הַר סִינָי (מכונה גם מ״ת) הוא סיפור מקראי מכונן, שבו מתגלה אלוהים לבני ישראל בהר סיני, נותן להם את התורה ומצווה אותם במצוות, ובראשן עשרת הדיברות.",מתן תורה,מ״ת.02,מתן תורה,weak,2,משחקי תפקידים | מתן תורה,substituted,yes,3,wikipedia,מעמד הר סיני
ha-02177,מ״ת,"חג מ״ת: שם זה אינו מופיע בתורה, והוא ניתן בעקבות המסורת בספר היובלים שלפיה ביום זה נערך מעמד הר סיני, שבו אלוהים התגלה אל עם ישראל סביב להר במעמד נבואי-היסטורי חד־פעמי והורה להם את עשרת הדיברות.",מתן תורה,מ״ת.02,מתן תורה,weak,2,משחקי תפקידים | מתן תורה,substituted,yes,3,wikipedia,שבועות
ha-02178,מ״ת,"יש הנוהגים גם לקשור את מלכות בית דוד שיצאה מרות אל מ״ת, שבה הצטוו ישראל להיות ""ממלכת כהנים וגוי קדוש"".",מתן תורה,מ״ת.02,מתן תורה,weak,2,משחקי תפקידים | מתן תורה,substituted,yes,3,wikipedia,שבועות
ha-02179,נמ״ת,"נמ״ת הוא מתחם המאפשר למטוסים לנחות, להמריא ולחנות.",נמל תעופה,נמ״ת.01,נמל תעופה,weak,2,נמל תעופה | נקודה מתה תחתונה,substituted,no,3,wikipedia,נמל תעופה
ha-02180,נמ״ת,"נמ״ת בין־לאומי המשמש שער כניסה ויציאה בין מדינות, כולל גם שירותי מכס וביקורת גבולות .",נמל תעופה,נמ״ת.01,נמל תעופה,weak,2,נמל תעופה | נקודה מתה תחתונה,substituted,no,3,wikipedia,נמל תעופה
ha-02181,נמ״ת,"בהתאם, בדרך כלל, ליד כל נמ״ת גדול תהיה חוות מכלי דלק סילוני ומערכת הולכה שמעבירה את הדלק אל נמל התעופה.",נמל תעופה,נמ״ת.01,נמל תעופה,weak,2,נמל תעופה | נקודה מתה תחתונה,substituted,no,3,wikipedia,נמל תעופה
ha-02182,נש״מ,"בפברואר 2013 פתחה החברה חשבון עסקי בבנק לאומי אשר באמצעותו היא פועלת עד היום, וביולי 2013 קיבלה רישיון נש״מ מטעם משרד האוצר.",נותן שירותי מטבע,נש״מ.04,נותן שירותי מטבע,weak,4,נציבות שירות המדינה | נשק מונחה | נקודת שיווי משקל | נותן שירותי מטבע,substituted,yes,3,wikipedia,ביטס אוף גולד
ha-02183,נש״מ,נש״מ היא יחידת סמך במשרד ראש הממשלה המופקדת על ביצוע מדיניות הממשלה בתחומי המינהל ומשאבי האנוש.,נציבות שירות המדינה,נש״מ.01,נציבות שירות המדינה,weak,4,נציבות שירות המדינה | נשק מונחה | נקודת שיווי משקל | נותן שירותי מטבע,substituted,yes,3,wikipedia,נציבות שירות המדינה
ha-02184,נש״מ,"הרפורמה נועדה לחזק את משרדי הממשלה ויחידות הסמך, לשפר את יכולות נש״מ ולחזק את ""עמוד השדרה הניהולי"" בשירות המדינה.",נציבות שירות המדינה,נש״מ.01,נציבות שירות המדינה,weak,4,נציבות שירות המדינה | נשק מונחה | נקודת שיווי משקל | נותן שירותי מטבע,substituted,yes,3,wikipedia,נציבות שירות המדינה
ha-02185,נש״מ,"נש״מ ביצעה מפגשים עם אנשי אקדמיה, כינוסים וקבוצת עבודה בהן השתתפו עובדים בכירים ממשרדי הממשלה השונים.",נציבות שירות המדינה,נש״מ.01,נציבות שירות המדינה,weak,4,נציבות שירות המדינה | נשק מונחה | נקודת שיווי משקל | נותן שירותי מטבע,substituted,yes,3,wikipedia,נציבות שירות המדינה
ha-02186,נש״מ,"נש״מ במשחק היא צירוף של אסטרטגיות השחקנים (תכסיסים), כך שלאף אחד מהשחקנים לא משתלם לשנות את האסטרטגיה שלו אם שאר השחקנים אינם משנים את האסטרטגיה שלהם.",נקודת שיווי משקל,נש״מ.02,נקודת שיווי משקל,weak,4,נציבות שירות המדינה | נשק מונחה | נקודת שיווי משקל | נותן שירותי מטבע,substituted,yes,3,wikipedia,שיווי משקל נאש
ha-02187,נש״מ,נש״מ נאש: בחירה של תכסיס לכל שחקן במשחק N שחקנים כך שלאף שחקן לא כדאי לשנות את בחירתו לבד.,נקודת שיווי משקל,נש״מ.02,נקודת שיווי משקל,weak,4,נציבות שירות המדינה | נשק מונחה | נקודת שיווי משקל | נותן שירותי מטבע,substituted,yes,3,wikipedia,תורת המשחקים – מונחים
ha-02188,נש״מ,"כמו כן, במשחק לא שיתופי כללי מבטיח משפט נאש שתהיה לפחות נש״מ נאש אחת אם ניתן לעשות שימוש בתכסיסים מעורבים.",נקודת שיווי משקל,נש״מ.02,נקודת שיווי משקל,weak,4,נציבות שירות המדינה | נשק מונחה | נקודת שיווי משקל | נותן שירותי מטבע,substituted,yes,3,wikipedia,הרחבת העירוב של משחק
ha-02189,נש״מ,"מופעים של נש״מ יכולים להיות טילים, פצצות שימוש כללי, פצצות מרגמה, חימוש משוטט ועוד.",נשק מונחה,נש״מ.03,נשק מונחה,weak,4,נציבות שירות המדינה | נשק מונחה | נקודת שיווי משקל | נותן שירותי מטבע,substituted,yes,3,wikipedia,נשק מונחה
ha-02190,נש״מ,פרויקט יונה היה פיתוח נסיוני של נש״מ מנוהג על ידי יונים שהגה הביהביוריסט פרדריק סקינר בעת מלחמת העולם השנייה.,נשק מונחה,נש״מ.03,נשק מונחה,weak,4,נציבות שירות המדינה | נשק מונחה | נקודת שיווי משקל | נותן שירותי מטבע,substituted,yes,3,wikipedia,פרויקט יונה
ha-02191,נש״מ,פרויקט יונה היה הפיתוח הראשון בעולם של נש״מ מסוג שגר ושכח.,נשק מונחה,נש״מ.03,נשק מונחה,weak,4,נציבות שירות המדינה | נשק מונחה | נקודת שיווי משקל | נותן שירותי מטבע,substituted,yes,3,wikipedia,פרויקט יונה
ha-02192,נ״א,"נ״א, הכולל את ספר ישעיה, ספר ירמיה, ספר יחזקאל וספר תרי עשר.",נביאים אחרונים,נ״א.01,נביאים אחרונים,weak,8,נוסח אשכנז | נגד אדם | נחיתת אונס | נחלת אבות | נביאים אחרונים | ניחום אבלים | נפילת אפיים | נוסחא אחרינא,substituted,yes,3,wikipedia,נביאים
ha-02193,נ״א,"הוא הראשון מבין ספרי נ״א, לפני ספר ירמיהו, ספר יחזקאל ותרי עשר.",נביאים אחרונים,נ״א.01,נביאים אחרונים,weak,8,נוסח אשכנז | נגד אדם | נחיתת אונס | נחלת אבות | נביאים אחרונים | ניחום אבלים | נפילת אפיים | נוסחא אחרינא,substituted,yes,3,wikipedia,ספר ישעיהו
ha-02194,נ״א,"התרגום לנביאים ראשונים הוא יותר מילולי, ואילו בספרי נ״א הוא נושא פן מדרשי.",נביאים אחרונים,נ״א.01,נביאים אחרונים,weak,8,נוסח אשכנז | נגד אדם | נחיתת אונס | נחלת אבות | נביאים אחרונים | ניחום אבלים | נפילת אפיים | נוסחא אחרינא,substituted,yes,3,wikipedia,תרגום יונתן בן עוזיאל
ha-02195,נ״א,"קליעים נ״א מתוכננים לנוע או להתפרק בתוך גוף הנפגע, כדי לגרום לנזק מרבי.",נגד אדם,נ״א.02,נגד אדם,weak,8,נוסח אשכנז | נגד אדם | נחיתת אונס | נחלת אבות | נביאים אחרונים | ניחום אבלים | נפילת אפיים | נוסחא אחרינא,substituted,yes,3,wikipedia,תחמושת
ha-02196,נ״א,"פגזים נ״א מתוכננים להתפוצץ באוויר, ולפזר רסיסים חדים בשטח גדול.",נגד אדם,נ״א.02,נגד אדם,weak,8,נוסח אשכנז | נגד אדם | נחיתת אונס | נחלת אבות | נביאים אחרונים | ניחום אבלים | נפילת אפיים | נוסחא אחרינא,substituted,yes,3,wikipedia,תחמושת
ha-02197,נ״א,"מוקשים נ״א מתחלקים לשתי קבוצות: מוקשים היוצרים הדף או זעזוע, המופעלים על ידי דריכה, לבין מוקשי רסיסים, שנועדים לגרום נזק למספר גדול של אנשים על פני שטח נרחב.",נגד אדם,נ״א.02,נגד אדם,weak,8,נוסח אשכנז | נגד אדם | נחיתת אונס | נחלת אבות | נביאים אחרונים | ניחום אבלים | נפילת אפיים | נוסחא אחרינא,substituted,yes,3,wikipedia,מוקש
ha-02198,נ״א,במהלך הדורות הושפע נ״א מהכרעותיהם ההלכתיות של חכמי אשכנז.,נוסח אשכנז,נ״א.03,נוסח אשכנז,weak,8,נוסח אשכנז | נגד אדם | נחיתת אונס | נחלת אבות | נביאים אחרונים | ניחום אבלים | נפילת אפיים | נוסחא אחרינא,substituted,yes,3,wikipedia,נוסח אשכנז
ha-02199,נ״א,"לאחר שתנועת החסידות חיברה את נוסח ספרד במקום נ״א, האחרון כבר לא היה הנוסח הבלעדי של יהדות אשכנז באירופה.",נוסח אשכנז,נ״א.03,נוסח אשכנז,weak,8,נוסח אשכנז | נגד אדם | נחיתת אונס | נחלת אבות | נביאים אחרונים | ניחום אבלים | נפילת אפיים | נוסחא אחרינא,substituted,yes,3,wikipedia,נוסח אשכנז
ha-02200,נ״א,"הרב בנימין שלמה המבורגר טוען שיוצאי אשכנז (גרמניה) בארץ ישראל לא קיבלו מנהגים אלו, ועל פי הוראתו, הוקמו בשנים האחרונות כמה מניינים בארץ לפי נ״א הישן.",נוסח אשכנז,נ״א.03,נוסח אשכנז,weak,8,נוסח אשכנז | נגד אדם | נחיתת אונס | נחלת אבות | נביאים אחרונים | ניחום אבלים | נפילת אפיים | נוסחא אחרינא,substituted,yes,3,wikipedia,נוסח אשכנז
ha-02201,נ״א,נחיתת חירום או נ״א היא נחיתה לא מתוכננת של כלי טיס בעקבות אירוע חריג המחייב נחיתה בשדה התעופה הקרוב ביותר.,נחיתת אונס,נ״א.04,נחיתת אונס,weak,8,נוסח אשכנז | נגד אדם | נחיתת אונס | נחלת אבות | נביאים אחרונים | ניחום אבלים | נפילת אפיים | נוסחא אחרינא,substituted,yes,3,wikipedia,נחיתת חירום
ha-02202,נ״א,"טייסים מתאמנים לעיתים בסימולציה של נ״א, המדמה כשל במנוע, בה הם נדרשים להנחית את המטוס בשלום בדאיה במהירות האופטימלית.",נחיתת אונס,נ״א.04,נחיתת אונס,weak,8,נוסח אשכנז | נגד אדם | נחיתת אונס | נחלת אבות | נביאים אחרונים | ניחום אבלים | נפילת אפיים | נוסחא אחרינא,substituted,yes,3,wikipedia,נחיתת חירום
ha-02203,נ״א,"טיסה 243 של אלוהא איירליינס הייתה טיסה פנימית בין איי הוואי, שב-28 באפריל 1988 נאלצה לנחות נ״א לאחר פיצוץ שקרע חלק רחב ממעטה השדרה העליונה במטוס.",נחיתת אונס,נ״א.04,נחיתת אונס,weak,8,נוסח אשכנז | נגד אדם | נחיתת אונס | נחלת אבות | נביאים אחרונים | ניחום אבלים | נפילת אפיים | נוסחא אחרינא,substituted,yes,3,wikipedia,נחיתת חירום
ha-02204,נ״א,"הרב דנדרוביץ משמש עורך ראשי במכון ""נ״א"" שבו ערך את פירוש הבהיר על סדרת הספרים הגדה של פסח, מסכת אבות, שיר השירים, ועוד.",נחלת אבות,נ״א.07,נחלת אבות,weak,8,נוסח אשכנז | נגד אדם | נחיתת אונס | נחלת אבות | נביאים אחרונים | ניחום אבלים | נפילת אפיים | נוסחא אחרינא,substituted,yes,3,wikipedia,ישראל דנדרוביץ
ha-02205,נ״א,"כך כתב רבי דון יצחק אברבנאל אשר חי במפנה המאות ה-15–16 בחצי האי האיברי ובאיטליה, בספרו נ״א: ”כי הנה הקנאה הוא מההתלהבות הרוח”.",נחלת אבות,נ״א.07,נחלת אבות,weak,8,נוסח אשכנז | נגד אדם | נחיתת אונס | נחלת אבות | נביאים אחרונים | ניחום אבלים | נפילת אפיים | נוסחא אחרינא,substituted,yes,3,wikipedia,התלהבות
ha-02206,נ״א,"עניין נ״א מוזכר גם בספר בראשית, לאחר שיעקב מתבשר שבנו יוסף נטרף בפי חיה רעה – ""וַיָקֻמוּ כָל-בָנָיו וְכָל-בְנֹתָיו לְנַחֲמוֹ"".",ניחום אבלים,נ״א.05,ניחום אבלים,weak,8,נוסח אשכנז | נגד אדם | נחיתת אונס | נחלת אבות | נביאים אחרונים | ניחום אבלים | נפילת אפיים | נוסחא אחרינא,substituted,yes,3,wikipedia,ניחום אבלים
ha-02207,נ״א,"בעקבות כך, נוספו למנהגי נ״א גם הדאגה לצורכי האבלים, ובכללה סעודת הבראה שנהוג להכין לאבלים.",ניחום אבלים,נ״א.05,ניחום אבלים,weak,8,נוסח אשכנז | נגד אדם | נחיתת אונס | נחלת אבות | נביאים אחרונים | ניחום אבלים | נפילת אפיים | נוסחא אחרינא,substituted,yes,3,wikipedia,ניחום אבלים
ha-02208,נ״א,"ומסתבר שלרוב הדעות הדבר מותר, אך יש לזכור כי כאמור אין ברכה זו חלק עיקרי של נ״א.",ניחום אבלים,נ״א.05,ניחום אבלים,weak,8,נוסח אשכנז | נגד אדם | נחיתת אונס | נחלת אבות | נביאים אחרונים | ניחום אבלים | נפילת אפיים | נוסחא אחרינא,substituted,yes,3,wikipedia,ניחום אבלים
ha-02209,נ״א,"בספר הזוהר נאמר כי בעת אמירת מזמור זה בשעת נ״א, יש לכוון למסור את הנפש.",נפילת אפיים,נ״א.06,נפילת אפיים,weak,8,נוסח אשכנז | נגד אדם | נחיתת אונס | נחלת אבות | נביאים אחרונים | ניחום אבלים | נפילת אפיים | נוסחא אחרינא,substituted,yes,3,wikipedia,"תהילים כ""ה"
ha-02210,נ״א,"מחמת חשש זה רבים ממתפללי נוסח הספרדים חדלו מליפול אפיים בכלל, והם אומרים מזמור זה מבלי נ״א.",נפילת אפיים,נ״א.06,נפילת אפיים,weak,8,נוסח אשכנז | נגד אדם | נחיתת אונס | נחלת אבות | נביאים אחרונים | ניחום אבלים | נפילת אפיים | נוסחא אחרינא,substituted,yes,3,wikipedia,"תהילים כ""ה"
ha-02211,נ״א,התוספות הן לפני נ״א חרף הדרישה הקבלית להסמיך נ״א לשלוש עשרה מידות.,נפילת אפיים,נ״א.06,נפילת אפיים,weak,8,נוסח אשכנז | נגד אדם | נחיתת אונס | נחלת אבות | נביאים אחרונים | ניחום אבלים | נפילת אפיים | נוסחא אחרינא,substituted,yes,3,wikipedia,נוסח פרובאנס
ha-02212,נ״ב,"בעקבות זאת, שוריין מקום נ״ב לכנסת ה-14 לסופה לנדבר.",נוסף ברשימה,נ״ב.01,נוסף ברשימה,weak,5,נקודת בסיס | נוסף ברשימה | נזכרתי בדבר | נכתב בצדו | נזכר בזאת,substituted,yes,3,wikipedia,אדיסו מאסלה
ha-02213,נ״ב,"חבר נ״ב מכובדת זו הוא אחיו, המפורסם לא פחות, מיכאל לאודרופ.",נוסף ברשימה,נ״ב.01,נוסף ברשימה,weak,5,נקודת בסיס | נוסף ברשימה | נזכרתי בדבר | נכתב בצדו | נזכר בזאת,substituted,yes,3,wikipedia,בריאן לאודרופ
ha-02214,נ״ב,ב-15 במאי 1949 זכה במנדט נ״ב הלאומית של חזית העם ההונגרית לעצמאות.,נוסף ברשימה,נ״ב.01,נוסף ברשימה,weak,5,נקודת בסיס | נוסף ברשימה | נזכרתי בדבר | נכתב בצדו | נזכר בזאת,substituted,yes,3,wikipedia,דיולה היידו
ha-02215,נ״ב,"עם הזמן נפוצו פירושים אטימולוגיים נוספים לראשי־התיבות, כמו ""נזכרתי בזאת"", ""נוסף בזאת"" ,""נ״ב"", ""נשכח בכתב"", ""נוסף בסוף"", ""נזכרתי בסוף"" וכן ""נזכרתי במשהו"".",נזכרתי בדבר,נ״ב.03,נזכרתי בדבר,weak,5,נקודת בסיס | נוסף ברשימה | נזכרתי בדבר | נכתב בצדו | נזכר בזאת,substituted,yes,3,wikipedia,"נ""ב"
ha-02216,נ״ב,"ב-2009 הציגה בגלריית החדר תערוכה בשם ""PF נ״ב"" שעסקה במנגנוני זיכרון.",נזכרתי בדבר,נ״ב.03,נזכרתי בדבר,weak,5,נקודת בסיס | נוסף ברשימה | נזכרתי בדבר | נכתב בצדו | נזכר בזאת,substituted,yes,3,wikipedia,אורית חסון ולדר
ha-02217,נ״ב,"רְבָבִית (מלשון רבבה, לעיתים מכונה גם: נ״ב, באנגלית: Basis Point) היא מושג המציין את החלק העשרת-אלפים מתוך השלם (1/10,000).",נקודת בסיס,נ״ב.02,נקודת בסיס,weak,5,נקודת בסיס | נוסף ברשימה | נזכרתי בדבר | נכתב בצדו | נזכר בזאת,substituted,yes,3,wikipedia,רבבית
ha-02218,נ״ב,"לדוגמה, אם מרווח ה- CDS של איגרת חוב קונצרנית מסוכנת הוא 50 נקודות בסיס, או 0.5% (1 נ״ב = 0.01%), והמשקיע קונה הגנה מבנק בדירוג AAA בשווי של $10,000,000 עליו יהיה לשלם לבנק 50,000$.",נקודת בסיס,נ״ב.02,נקודת בסיס,weak,5,נקודת בסיס | נוסף ברשימה | נזכרתי בדבר | נכתב בצדו | נזכר בזאת,substituted,yes,3,wikipedia,CDS
ha-02219,נ״ב,"קו גובה הוא מונח גאוגרפי המציין קו דמיוני אופקי המשותף למספר נקודות המצויות באותו רום מעל נ״ב כלשהי, בשבילנו (תושבי כדור הארץ) פני הים.",נקודת בסיס,נ״ב.02,נקודת בסיס,weak,5,נקודת בסיס | נוסף ברשימה | נזכרתי בדבר | נכתב בצדו | נזכר בזאת,substituted,yes,3,wikipedia,קו גובה
ha-02220,נ״ח,"שר המשפטים הוסמך לפרסם ""נ״ח"" של חוקים אלה, שהוא גרסה עברית של החוק, יחד עם כל השינויים שחלו באותו חוק מכוח חקיקה לאחר הקמת המדינה.",נוסח חדש,נ״ח.01,נוסח חדש,weak,3,נוסח חדש | נס חנוכה | נק' חיים,substituted,yes,3,wikipedia,החקיקה בישראל
ha-02221,נ״ח,"לפקודת מס הכנסה, למשל, פורסם נ״ח בשנת 1961.",נוסח חדש,נ״ח.01,נוסח חדש,weak,3,נוסח חדש | נס חנוכה | נק' חיים,substituted,yes,3,wikipedia,החקיקה בישראל
ha-02222,נ״ח,"ב-17 באפריל 1968 פורסם נ״ח לפקודה, בשם פקודת הנזיקין [נ״ח], שנכנס לתוקף ב-1 באוקטובר 1968..",נוסח חדש,נ״ח.01,נוסח חדש,weak,3,נוסח חדש | נס חנוכה | נק' חיים,substituted,yes,3,wikipedia,פקודת הנזיקין
ha-02223,נ״ח,"צמד פיוטים זה דומה בתוכנו ל""אעדיף כל שמונה"" בעובדה שהוא עוסק בסיפור ההיסטורי של נ״ח.",נס חנוכה,נ״ח.02,נס חנוכה,weak,3,נוסח חדש | נס חנוכה | נק' חיים,substituted,yes,3,wikipedia,אעדיף כל שמונה
ha-02224,נ״ח,יהודי ירושלים הדליקו באותו הערב נר ראשון של חנוכה ובירכו על נפלאות נ״ח שלהם ועל התשועות בימותיהם.,נס חנוכה,נ״ח.02,נס חנוכה,weak,3,נוסח חדש | נס חנוכה | נק' חיים,substituted,yes,3,wikipedia,כיבוש ירושלים (1917)
ha-02225,נ״ט,"ב־5 ביולי 2006 דווח כי צפון קוריאה ביצעה נ״ט של הטיל, ועל־פי דיווחים ראשוניים, הטיל כשל לאחר 35–40 שניות לאחר השיגור, והתרסק לתוך הים.",ניסוי טיסה,נ״ט.01,ניסוי טיסה,weak,2,ניסוי טיסה | צבא נגד טנקים,substituted,no,3,wikipedia,טייפודונג-2
ha-02226,נ״ט,ישראל היא המדינה הראשונה לאחר ארצות הברית שמבצעת נ״ט לשילוב חימוש במטוס.,ניסוי טיסה,נ״ט.01,ניסוי טיסה,weak,2,ניסוי טיסה | צבא נגד טנקים,substituted,no,3,wikipedia,מרכז ניסויי טיסה
ha-02227,נ״ט,חליפת המערכות והמטענים הייעודיים שיוכחו בכל נ״ט.,ניסוי טיסה,נ״ט.01,ניסוי טיסה,weak,2,ניסוי טיסה | צבא נגד טנקים,substituted,no,3,wikipedia,הנדסת אווירונאוטיקה
ha-02228,נ״י,"ערים מרכזיות נוספות הן נ״י, באפלו, רוצ'סטר, יונקרס וסירקיוז.",ניו יורק,נ״י.01,ניו יורק,weak,4,ניו יורק | נצח ישראל | נרו יאיר | נסמך יחיד,substituted,yes,3,wikipedia,ניו יורק (מדינה)
ha-02229,נ״י,"נ״י היא המדינה הרביעית בארצות הברית בגודל אוכלוסייתה, והיא המדינה שהובילה את הפוליטיקה, התרבות והכלכלה בארצות הברית.",ניו יורק,נ״י.01,ניו יורק,weak,4,ניו יורק | נצח ישראל | נרו יאיר | נסמך יחיד,substituted,yes,3,wikipedia,ניו יורק (מדינה)
ha-02230,נ״י,"נ״י גם עשירה בהיסטוריה, שמתחילה באינדיאנים שכבשו את חופיה.",ניו יורק,נ״י.01,ניו יורק,weak,4,ניו יורק | נצח ישראל | נרו יאיר | נסמך יחיד,substituted,yes,3,wikipedia,ניו יורק (מדינה)
ha-02231,נ״י,ראש עיריית נ״י מתחילת 2026 הוא זוהרן ממדאני.,ניו יורק,נ״י.01,ניו יורק,weak,4,ניו יורק | נצח ישראל | נרו יאיר | נסמך יחיד,substituted,yes,3,wikipedia,ניו יורק
ha-02232,נ״י,"העיר נ״י מורכבת מחמישה רבעים: הברונקס, ברוקלין, מנהטן, קווינס וסטטן איילנד.",ניו יורק,נ״י.01,ניו יורק,weak,4,ניו יורק | נצח ישראל | נרו יאיר | נסמך יחיד,substituted,yes,3,wikipedia,ניו יורק
ha-02233,נ״י,"הרכבת התחתית של נ״י פועלת 24 שעות ביממה, רחובותיה סואנים בהולכי רגל ובמכוניות והיא מכונה ""העיר שאינה ישנה לעולם"".",ניו יורק,נ״י.01,ניו יורק,weak,4,ניו יורק | נצח ישראל | נרו יאיר | נסמך יחיד,substituted,yes,3,wikipedia,ניו יורק
ha-02234,נ״י,"ספריו (תפארת ישראל, נ״י) נחשבים[דרושה הבהרה] כבסיס שמקנה הסתכלות תורנית נכונה על עולם התורה וקניית אמונה.",נצח ישראל,נ״י.02,נצח ישראל,weak,4,ניו יורק | נצח ישראל | נרו יאיר | נסמך יחיד,substituted,yes,3,wikipedia,"מהר""ל מפראג"
ha-02235,נ״י,"נ״י, נר מצווה על חנוכה ואור חדש על פורים יצאו במשך השנתיים הבאות.",נצח ישראל,נ״י.02,נצח ישראל,weak,4,ניו יורק | נצח ישראל | נרו יאיר | נסמך יחיד,substituted,yes,3,wikipedia,"מהר""ל מפראג"
ha-02236,נ״י,"ארבל למד בבית הספר הממלכתי-דתי נ״י לבנים, בתלמוד תורה שארית ישראל, ובהמשך בישיבת נחלת דוד בפתח תקווה.",נצח ישראל,נ״י.02,נצח ישראל,weak,4,ניו יורק | נצח ישראל | נרו יאיר | נסמך יחיד,substituted,yes,3,wikipedia,משה ארבל
ha-02237,נ״י,"חרף זאת, אין לדעת בוודאות אם הכוונה לברכת החיים: נ״י או לשבח הרבני: נר ישראל.",נרו יאיר,נ״י.03,נרו יאיר,weak,4,ניו יורק | נצח ישראל | נרו יאיר | נסמך יחיד,substituted,yes,3,wikipedia,ברכת החיים
ha-02238,נ״י,"קיבל הסכמה לספר מרבו איסר זלמן מלצר, שכתב עליו: ""הרב הגדול חריף ובקי, מצוין ביראת שמים ובמדות נעלות מורינו הרב שמואל הומינער נ״י, ממצויני ישיבת עץ חיים"".",נרו יאיר,נ״י.03,נרו יאיר,weak,4,ניו יורק | נצח ישראל | נרו יאיר | נסמך יחיד,substituted,yes,3,wikipedia,שמואל הומינר (רב)
ha-02239,נ״ל,"""נ״ל שהחיים שלי הם רחוקים מעצמי"" הוא תיאור מייצג של אדם הסובל ממלנכוליה.",נראה לי,נ״ל.01,נראה לי,weak,3,נראה לי | נזכר לעיל | נכתב לקמן,substituted,no,3,wikipedia,מלנכוליה
ha-02240,נ״ל,"אמנם בספרו ""משנה תורה"", בבואו לפסוק הלכה כתב את הדין בלשון מסויגת: נ״ל שיכולים כל חכמי ארץ ישראל להתאסף ולחדש את הסמיכה, ""והדבר צריך הכרע"".",נראה לי,נ״ל.01,נראה לי,weak,3,נראה לי | נזכר לעיל | נכתב לקמן,substituted,no,3,wikipedia,חידוש הסמיכה
ha-02241,נ״ל,"פרופסור ברדלי כתב: ""המלך ליר"" נ״ל כהישגו הגדול ביותר של שייקספיר, אולם לא נ״ל כמחזהו הטוב ביותר.",נראה לי,נ״ל.01,נראה לי,weak,3,נראה לי | נזכר לעיל | נכתב לקמן,substituted,no,3,wikipedia,המלך ליר
ha-02242,נ״מ,"הטייס שנטש את מטוס המיסטר שלו היה בני פלד, לאחר שנפגע מאש נ""מ ליד ראס נצרני.",נגד מטוסים,נ״מ.01,נגד מטוסים,verified,2,נגד מטוסים | נפקא מינא,natural,yes,3,wikipedia,חיל האוויר הישראלי
ha-02243,נ״מ,"במהלך הקרבות איבד החיל 15 מטוסים, רובם מאש נ""מ, ו-5 טייסים נהרגו.",נגד מטוסים,נ״מ.01,נגד מטוסים,verified,2,נגד מטוסים | נפקא מינא,natural,yes,3,wikipedia,חיל האוויר הישראלי
ha-02244,נ״מ,"בתקופה זו התמודד החיל עם מערכי נ״מ מתקדמים של האויב, שגרמו לאבדות משמעותיות, אך גם הדגישו את חשיבות הפקת הלקחים ושיפור שיטות הלחימה.",נגד מטוסים,נ״מ.01,נגד מטוסים,verified,2,נגד מטוסים | נפקא מינא,natural,yes,3,wikipedia,חיל האוויר הישראלי
ha-02245,נ״מ,קיימים סוגים רבים של טילי כתף כגון טילים מונחים נגד טנקים (ATGM) וטילים זעירים נ״מ.,נגד מטוסים,נ״מ.01,נגד מטוסים,weak,2,נגד מטוסים | נפקא מינא,substituted,yes,3,wikipedia,טיל כתף
ha-02246,נ״מ,"דוגמה לטילי כתף נ״מ: סטינגר, סטרלה SA-18, סטארסטריק.",נגד מטוסים,נ״מ.01,נגד מטוסים,weak,2,נגד מטוסים | נפקא מינא,substituted,yes,3,wikipedia,טיל כתף
ha-02247,נ״מ,"הדגמים הראשונים היו בעלי קצב אש של כ-300 כדורים לדקה, ומהירות לוע של כ-490 מטר לשנייה, ושימשו בעיקר כנשק נ״מ וכתותח מוטס.",נגד מטוסים,נ״מ.01,נגד מטוסים,weak,2,נגד מטוסים | נפקא מינא,substituted,yes,3,wikipedia,תותח אורליקון
ha-02248,נ״מ,"נ״מ בין שתי הגישות יוצאת במצב של ספק ברכת המזון, שהיא מדאורייתא.",נפקא מינא,נ״מ.02,נפקא מינא,weak,2,נגד מטוסים | נפקא מינא,substituted,yes,3,wikipedia,ספק ברכות להקל
ha-02249,נ״מ,במדרג זה אין נ״מ אם הרצח נעשה באדישות או בכוונה.,נפקא מינא,נ״מ.02,נפקא מינא,weak,2,נגד מטוסים | נפקא מינא,substituted,yes,3,wikipedia,רצח
ha-02250,נ״מ,"הליכה עם מקל הליכה או מקל חישה בשבת בין שני הפירושים של בעלי התוספות, ישנה נ״מ הלכתית: לפי פירושו של התוספות שהקיטע מהלך על הקביים עצמם, כיצד ייתכן שהוא ירוץ להביא את הנעל אם יש לו רק רגל אחת?",נפקא מינא,נ״מ.02,נפקא מינא,weak,2,נגד מטוסים | נפקא מינא,substituted,yes,3,wikipedia,נגישות בשבת
ha-02251,נ״ע,"בתחילת הספר מופיע פיוט, ששמו חתום באקרוסטיכון ""אני ישראל המחבר בר רבי יוסף נ״ע בן אלנקאוה"".",נוחו עדן,נ״ע.02,נוחו עדן,weak,2,ניירות ערך | נוחו עדן,substituted,yes,3,wikipedia,ישראל אנקווה
ha-02252,נ״ע,"מחשובי הלוחמים בעד רבי יהונתן, היה הרב אלעזר פלקלס, תלמידו המובהק של הרב לנדא, שכתב: הנה עדות זו עדות שקר, והוציא לעז על גדול עולם נ״ע...",נוחו עדן,נ״ע.02,נוחו עדן,weak,2,ניירות ערך | נוחו עדן,substituted,yes,3,wikipedia,יהונתן אייבשיץ
ha-02253,נ״ע,"חברה ציבורית היא גם תאגיד מדווח מכוח חוק נ״ע, ולכן היא מפוקחת על ידי רשות נ״ע וכן חלות עליה חובות דיווח המבוצעות באמצעות מערכת המגנא (מערכת גילוי נאות) של רשות ניירות-ערך.",ניירות ערך,נ״ע.01,ניירות ערך,weak,2,ניירות ערך | נוחו עדן,substituted,yes,3,wikipedia,חברה ציבורית
ha-02254,נ״ע,מקצת מן החברים ממונים מקרב הציבור ומקצתם מקרב עובדי המדינה (סעיף 3(א) לחוק נ״ע).,ניירות ערך,נ״ע.01,ניירות ערך,weak,2,ניירות ערך | נוחו עדן,substituted,yes,3,wikipedia,רשות ניירות ערך
ha-02255,נ״ע,"בשל מורכבותו והתמשכותו של ההליך הפלילי, הוחלט בתחילת שנת 2011 על יצירת מנגנון אכיפה מנהלית אשר נועד לטפל בהפרות של חוקי נ״ע אשר היסוד הנפשי הנדרש בהן הוא של רשלנות לכל היותר.",ניירות ערך,נ״ע.01,ניירות ערך,weak,2,ניירות ערך | נוחו עדן,substituted,yes,3,wikipedia,רשות ניירות ערך
ha-02256,נ״ר,"בעוד שסיפורי התורה נערכו עריכה כהנית, זו נעדרת מספרי נ״ר אך מופיעה בספר יהושע.",נביאים ראשונים,נ״ר.01,נביאים ראשונים,weak,8,נר ראשון (של חנוכה) | נטע רבעי | נביאים ראשונים | נחת רוח | נפש רוח | נקבה רבים | ניירות רכישה | נסמך רבים,substituted,yes,3,wikipedia,ספר יהושע
ha-02257,נ״ר,"לדידו, המקורות J ו-P אכן שימשו גם לחיבור ספר יהושע, אלא שהתורה כספרה חוקים נערכה בנפרד כקובץ חוקים, וקובץ נ״ר, שתיאר את תולדות ישראל בארצו.",נביאים ראשונים,נ״ר.01,נביאים ראשונים,weak,8,נר ראשון (של חנוכה) | נטע רבעי | נביאים ראשונים | נחת רוח | נפש רוח | נקבה רבים | ניירות רכישה | נסמך רבים,substituted,yes,3,wikipedia,ספר יהושע
ha-02258,נ״ר,"נח חיות, בין התנחלות לגלות, לחקר העריכה של נ״ר, ירושלים 2016, פרק ראשון.",נביאים ראשונים,נ״ר.01,נביאים ראשונים,weak,8,נר ראשון (של חנוכה) | נטע רבעי | נביאים ראשונים | נחת רוח | נפש רוח | נקבה רבים | ניירות רכישה | נסמך רבים,substituted,yes,3,wikipedia,ספר יהושע
ha-02259,נ״ר,"אני מתענג על חברתם, שמשפרת אותי וגורמת לי נ״ר.",נחת רוח,נ״ר.02,נחת רוח,weak,8,נר ראשון (של חנוכה) | נטע רבעי | נביאים ראשונים | נחת רוח | נפש רוח | נקבה רבים | ניירות רכישה | נסמך רבים,substituted,yes,3,wikipedia,סובלנות
ha-02260,נ״ר,"אך כדי שלא תיגרם נ״ר לבריטים וכדי שלא ייראה שלוחמי המחתרת מתחננים על נפשם, סירב ברזני בכל תוקף לבקשת חנינה, גם כשהפצירו בו הוריו.",נחת רוח,נ״ר.02,נחת רוח,weak,8,נר ראשון (של חנוכה) | נטע רבעי | נביאים ראשונים | נחת רוח | נפש רוח | נקבה רבים | ניירות רכישה | נסמך רבים,substituted,yes,3,wikipedia,משה ברזני
ha-02261,נ״ר,"העיקר שעליו מושתת הספר הוא, לעשות נ״ר לבורא יתברך בכל מעשינו, ושעבודת התפילה ועשיית המצוות תהיינה בשמחה רבה.",נחת רוח,נ״ר.02,נחת רוח,weak,8,נר ראשון (של חנוכה) | נטע רבעי | נביאים ראשונים | נחת רוח | נפש רוח | נקבה רבים | ניירות רכישה | נסמך רבים,substituted,yes,3,wikipedia,יסוד ושורש העבודה
ha-02262,נ״ר,"דיני נ״ר חלים גם על פירות שמיטה, ובמקרה כזה מותר לכולם לקטוף אותם ולאכול אותם בירושלים.",נטע רבעי,נ״ר.03,נטע רבעי,weak,8,נר ראשון (של חנוכה) | נטע רבעי | נביאים ראשונים | נחת רוח | נפש רוח | נקבה רבים | ניירות רכישה | נסמך רבים,substituted,yes,3,wikipedia,נטע רבעי
ha-02263,נ״ר,"במסכת זו חמישה פרקים אשר עוסקים בפרטי ההלכות של מעשר שני ופדיונו, נ״ר, ודיני ביעור מעשרות ווידוי מעשרות.",נטע רבעי,נ״ר.03,נטע רבעי,weak,8,נר ראשון (של חנוכה) | נטע רבעי | נביאים ראשונים | נחת רוח | נפש רוח | נקבה רבים | ניירות רכישה | נסמך רבים,substituted,yes,3,wikipedia,מסכת מעשר שני
ha-02264,נ״ר,"מצוות התלויות בארץ: איסור עורלה; מצוות נ״ר, מתנות עניים (לקט, שכחה ופאה).",נטע רבעי,נ״ר.03,נטע רבעי,weak,8,נר ראשון (של חנוכה) | נטע רבעי | נביאים ראשונים | נחת רוח | נפש רוח | נקבה רבים | ניירות רכישה | נסמך רבים,substituted,yes,3,wikipedia,פרשת קדושים
ha-02265,נ״ר,"ניתן לשנות זאת על ידי בחירה בכינוי צמוד מתאים כדי לפנות אל אדם יחיד בצורת זכר, נקיבה, זוגי או נ״ר.",נקבה רבים,נ״ר.04,נקבה רבים,weak,8,נר ראשון (של חנוכה) | נטע רבעי | נביאים ראשונים | נחת רוח | נפש רוח | נקבה רבים | ניירות רכישה | נסמך רבים,substituted,yes,3,wikipedia,א-סלאם עליכום
ha-02266,סאפ,"השקעותיו בבנצ'מרק כוללות את Finjan Holdings (הונפקה בשנת 2014) Gigya (נרכשה בשנת 2017 על ידי חברת סאפ) סיקינג אלפא, Digital Fuel, (נרכשה ב-2011 על ידי VMware).",SAP (חברה),סאפ.01,SAP (חברה),verified,7,בוב סאפ | סאפ לאבס ישראל | SAP (חברה) | סאפ (גלישה) | SAP (חומר) | SAP (מפלגה) | Sap (אלבום),natural,yes,3,wikipedia,מייקל אייזנברג
ha-02267,סאפ,"לצורך כך הוקם צוות לבחינת פתרונות לניהול כלל משאבי הארגון (ERP), שנפגש עם שתי השחקניות העולמיות החזקות בתחום: ""אורקל"" ו""סאפ"".",SAP (חברה),סאפ.01,SAP (חברה),verified,7,בוב סאפ | סאפ לאבס ישראל | SAP (חברה) | סאפ (גלישה) | SAP (חומר) | SAP (מפלגה) | Sap (אלבום),natural,yes,3,wikipedia,"מרכב""ה"
ha-02268,סאפ,"למרות זאת, הוחלט בשנת 2000, בתמיכת החשב הכללי, ניר גלעד, ונציב שירות המדינה, שמואל הולנדר, לצאת למכרז לרכישת מערכת כזו, בו זכתה חברת ""סאפ"".",SAP (חברה),סאפ.01,SAP (חברה),verified,7,בוב סאפ | סאפ לאבס ישראל | SAP (חברה) | סאפ (גלישה) | SAP (חומר) | SAP (מפלגה) | Sap (אלבום),natural,yes,3,wikipedia,"מרכב""ה"
ha-02269,סאפ,"Sap Analytics Cloud - שירות ויזואליזצית BI\דוחות בענן שמספקת סאפ, לחברות שיש להן מערכת ליבה (ERP) של SAP.",SAP (חברה),סאפ.01,SAP (חברה),weak,7,בוב סאפ | סאפ לאבס ישראל | SAP (חברה) | סאפ (גלישה) | SAP (חומר) | SAP (מפלגה) | Sap (אלבום),substituted,yes,3,wikipedia,בינה עסקית
ha-02270,סאפ,"בנוסף לאוניות הנוסעים ולסירות הכבול התיירותיות, פועלות בנהר גם סירות מנוע קטנות יותר, קאנו, קיאק וסאפ.",סאפ (גלישה),סאפ.02,סאפ (גלישה),verified,7,בוב סאפ | סאפ לאבס ישראל | SAP (חברה) | סאפ (גלישה) | SAP (חומר) | SAP (מפלגה) | Sap (אלבום),natural,yes,3,wikipedia,המה (נהר)
ha-02271,סאפ,באזור החוף קיימת שונית אליה מגיעים גם גולשי סאפ.,סאפ (גלישה),סאפ.02,סאפ (גלישה),verified,7,בוב סאפ | סאפ לאבס ישראל | SAP (חברה) | סאפ (גלישה) | SAP (חומר) | SAP (מפלגה) | Sap (אלבום),natural,yes,3,wikipedia,קברטה
ha-02272,סג״ל,"כמו כן, הועלתה השערה כי בירושלים שלפני ישראל הייתה סג״ל בשם צדק, שכן שמותיהם של שני מלכי העיר, מלכי-צדק ואדני צדק, מכילים את השורש צ.ד.ק.",סגידה לאל,סג״ל.01,סגידה לאל,weak,5,סגן לויה | סגידה לאל | סגולת לויים | סגן לויים | סגן לכהונה (לכוהן),substituted,no,3,wikipedia,צדק (אל)
ha-02273,סג״ל,"לכן אין בעיניו הבדל עקרוני בין סג״ל, לבין צורות אחרות של סגידה - סגידה למנהיג, לגורל, לטבע, לרעיון, לאומה, למדינה, לממון, לקריירה, לכוח או לכל מושא אחר.",סגידה לאל,סג״ל.01,סגידה לאל,weak,5,סגן לויה | סגידה לאל | סגולת לויים | סגן לויים | סגן לכהונה (לכוהן),substituted,no,3,wikipedia,עקיבא אור
ha-02274,סד״א,דיון אזרחי (מכונה גם סד״א או הליך אזרחי) הוא מכלול הדינים המסדירים את האופן בו מתנהל ההליך (פרוצדורה) של המשפט האזרחי.,סדר דין אזרחי,סד״א.01,סדר דין אזרחי,weak,2,סדר דין אזרחי | סלקא דעתך אמינא,substituted,no,3,wikipedia,דיון אזרחי
ha-02275,סד״א,"במדינות שבהן קיים קודקס אזרחי, קיים בדרך כלל גם קודקס סד״א.",סדר דין אזרחי,סד״א.01,סדר דין אזרחי,weak,2,סדר דין אזרחי | סלקא דעתך אמינא,substituted,no,3,wikipedia,קודקס אזרחי
ha-02276,סד״ג,"כאשר לא מגדירים את היחס הספציפי ומתייחסים רק לביטוי סד״ג, הרי שברירת המחדל תהיה מכפלה של 10.",סדר גודל,סד״ג.01,סדר גודל,weak,2,סדר גודל | סירת דייג,substituted,no,3,wikipedia,סדר גודל
ha-02277,סד״ג,שני מספרים בעלי אותו סד״ג נמצאים על אותה הסקאלה: הערך הגדול נמוך מעשר פעמים הערך הקטן.,סדר גודל,סד״ג.01,סדר גודל,weak,2,סדר גודל | סירת דייג,substituted,no,3,wikipedia,סדר גודל
ha-02278,סד״ג,"לכן, סד״ג הוא מיקום מקורב על קנה מידה לוגריתמי.",סדר גודל,סד״ג.01,סדר גודל,weak,2,סדר גודל | סירת דייג,substituted,no,3,wikipedia,סדר גודל
ha-02279,סד״פ,"היא מבצעת סד״פ מספר פעמים, לפי הקוד אותו היא משמשת.",סדר פעולות,סד״פ.01,סדר פעולות,weak,2,סדר דין פלילי | סדר פעולות,substituted,no,3,wikipedia,לולאה (תכנות)
ha-02280,סד״פ,סנכרון תהליכים מתייחס לרעיון שלמספר תהליכים קיימת נקודה משותפת בה הם חוברים יחדיו או נפגשים כדי ליישם סד״פ מסוים.,סדר פעולות,סד״פ.01,סדר פעולות,weak,2,סדר דין פלילי | סדר פעולות,substituted,no,3,wikipedia,סנכרון (מדעי המחשב)
ha-02281,סד״פ,"מכאן נובע שסיפור אינו סד״פ המתרחשות בעולם, אלא פעולות בעולם מיוצג.",סדר פעולות,סד״פ.01,סדר פעולות,weak,2,סדר דין פלילי | סדר פעולות,substituted,no,3,wikipedia,נרטולוגיה
ha-02282,סה״מ,"בסדרה שלישית, ""תורת מנחם - סה״מ מועדים"", נדפסו שוב בסדר כרונולוגי כל המאמרים על סדר חגי ומועדי ישראל, והחגים החב""דיים, כל מועד בכרך בפני עצמו.",ספר המאמרים,סה״מ.01,ספר המאמרים,weak,2,ספר המאמרים | סיוע התיישבותי מותנה,substituted,no,3,wikipedia,ספרי הרב מנחם מנדל שניאורסון
ha-02283,סה״מ,"ערך כעורך ישיר או כעורך אחראי את רוב ספרי ספריית שיבולת וכן ספרים נוספים, בהם סה״מ של אורי אליצור ""בדעה צלולה"" (ידיעות ספרים, 2015).",ספר המאמרים,סה״מ.01,ספר המאמרים,weak,2,ספר המאמרים | סיוע התיישבותי מותנה,substituted,no,3,wikipedia,צור ארליך
ha-02284,סה״מ,"מקצת מהמאמרים הוגהו על ידם, כגון סה״מ מלוקט.",ספר המאמרים,סה״מ.01,ספר המאמרים,weak,2,ספר המאמרים | סיוע התיישבותי מותנה,substituted,no,3,wikipedia,"חסידות חב""ד"
ha-02285,סל״ש,"מאומן בלחימה, גרייווס פיתח צורת לחימה לא שגרתית: הוא משתמש במהירות גדולה, ומסובב את חרבות האור ב-20 סל״ש, מה שקורע את יריבו לגזריו (פרט לאויבים מיוחדים המיומנים בסיף).",סיבובים לשנייה,סל״ש.01,סיבובים לשנייה,weak,4,סיביות לשנייה | סיבובים לשנייה | אנגלית: bps | אנגלית: rps,substituted,yes,3,wikipedia,גנרל גרייווס
ha-02286,סל״ש,"כתוצאה מהקריסה (ושימור תנע זוויתי), כוכבי נייטרונים צעירים נוטים להיות בעלי מהירויות סיבוב גבוהות מאוד, בסדר גודל של אלפי סל״ש.",סיבובים לשנייה,סל״ש.01,סיבובים לשנייה,weak,4,סיביות לשנייה | סיבובים לשנייה | אנגלית: bps | אנגלית: rps,substituted,yes,3,wikipedia,סיבוב עצמי של כוכב
ha-02287,סל״ש,"משהזינו את המנוע ב-ATP, החל המנוע להסתובב וסובב את מחט הניקל בתדירות של שמונה סל״ש.",סיבובים לשנייה,סל״ש.01,סיבובים לשנייה,weak,4,סיביות לשנייה | סיבובים לשנייה | אנגלית: bps | אנגלית: rps,substituted,yes,3,wikipedia,ביוננוטכנולוגיה
ha-02288,סל״ש,"לאחר מכן, הגיעה טכנולוגיית ISDN, שאיפשרה חיבור בקצב 64 קילו־סל״ש בקו בודד, או 128 קילו־סל״ש בקו כפול.",סיביות לשנייה,סל״ש.02,סיביות לשנייה,weak,4,סיביות לשנייה | סיבובים לשנייה | אנגלית: bps | אנגלית: rps,substituted,yes,3,wikipedia,אינטרנט
ha-02289,סל״ש,"בשנים האחרונות החלה להיפרס תשתית סיבים אופטיים, המאפשרת חיבור במהירויות המגיעות עד 1,000 מגה-סל״ש, המאפשרת שירותים מתקדמים כגון שרותי טלוויזיה על גבי האינטרנט ועוד.",סיביות לשנייה,סל״ש.02,סיביות לשנייה,weak,4,סיביות לשנייה | סיבובים לשנייה | אנגלית: bps | אנגלית: rps,substituted,yes,3,wikipedia,אינטרנט
ha-02290,סל״ש,הממשק נקרא גם Advanced Technology Attachment ATA כאשר תקן ATA33 נותן קצב מקסימלי של 33 מגה סל״ש והתקן המהיר ביותר כיום ATA133 נותן קצב מקסימלי של 133 מגה סל״ש.,סיביות לשנייה,סל״ש.02,סיביות לשנייה,weak,4,סיביות לשנייה | סיבובים לשנייה | אנגלית: bps | אנגלית: rps,substituted,yes,3,wikipedia,בקר IDE
ha-02291,סמב״ס,"הוא שימש מדריך ראשי בבית הספר לטיסה, סמב״ס עציון, מפקד בסיס נבטים, מפקד בסיס חצרים, מפקד היחידה לשיתוף פעולה וראש מטה פיקוד הצפון.",סגן מפקד בסיס,סמב״ס.01,סגן מפקד בסיס,weak,2,סגן מפקד בסיס | סתם מסתובב בבסיס,substituted,no,3,wikipedia,דן פסח
ha-02292,סמ״ט,"בשנים 2002–2006 שימש סמ״ט 190, בשנים 2006–2010 שימש סמ״ט 113 ובשנים 2010–2014 על טייסת 160.",סגן מפקד טייסת,סמ״ט.01,סגן מפקד טייסת,weak,3,סימן טוב | סגן מפקד טייסת | סור מרע ועשה טוב,substituted,yes,3,wikipedia,נעם ריף
ha-02293,סמ״ט,"בהמשך שירותו בחיל האוויר שימש סמ״ט, פיקד על טייסת 102 בשנים 1999 עד 2001 ועל טייסת 101 בשנים 2001 עד 2003.",סגן מפקד טייסת,סמ״ט.01,סגן מפקד טייסת,weak,3,סימן טוב | סגן מפקד טייסת | סור מרע ועשה טוב,substituted,yes,3,wikipedia,אריאל בריקמן
ha-02294,סמ״ט,"בהמשך שירותו שירת כטייס סקייהוק, הוא שימש סמ״ט 115 במלחמת ההתשה.",סגן מפקד טייסת,סמ״ט.01,סגן מפקד טייסת,weak,3,סימן טוב | סגן מפקד טייסת | סור מרע ועשה טוב,substituted,yes,3,wikipedia,דן פסח
ha-02295,סמ״ט,"ישנם הסברים נוספים, כגון ""סמ״ט"", הגירושין מייצגים את הסרת המניעה (סור מרע), והקידושין מייצגים את בניין הבית החיובי (עשה טוב), או כדי לסיים בדבר חיובי.",סור מרע ועשה טוב,סמ״ט.03,סור מרע ועשה טוב,weak,3,סימן טוב | סגן מפקד טייסת | סור מרע ועשה טוב,substituted,yes,3,wikipedia,מסכת קידושין
ha-02296,סמ״ט,"הלך אליו רבי ינאי, והרוכל הוציא לו ספר תהלים והראה לו את הפסוק ""מי האיש החפץ חיים"", שכתוב אחריו ""נצור לשונך מרע סמ״ט"".",סור מרע ועשה טוב,סמ״ט.03,סור מרע ועשה טוב,weak,3,סימן טוב | סגן מפקד טייסת | סור מרע ועשה טוב,substituted,yes,3,wikipedia,שומר פיו ולשונו שומר מצרות נפשו
ha-02297,סמ״ט,אחד מהדגשים ששם בר סמ״ט בתקופת כהונתו הוא תחום הרפואה המונעת וקידום בריאות הציבור.,סימן טוב,סמ״ט.02,סימן טוב,weak,3,סימן טוב | סגן מפקד טייסת | סור מרע ועשה טוב,substituted,yes,3,wikipedia,משה בר סימן טוב
ha-02298,סמ״ט,"במהלך התמודדות עם התפרצות נגיף הקורונה בישראל, מילא בר סמ״ט תפקיד מרכזי בניהול והתמודדות עם המשבר.",סימן טוב,סמ״ט.02,סימן טוב,weak,3,סימן טוב | סגן מפקד טייסת | סור מרע ועשה טוב,substituted,yes,3,wikipedia,משה בר סימן טוב
ha-02299,סמ״ט,"כבר ב-2 בפברואר חתם בר סמ״ט על צו להתמודדות עם הנגיף, וצו זה התעדכן ככל שההתפרצות הקיפה מדינות נוספות.",סימן טוב,סמ״ט.02,סימן טוב,weak,3,סימן טוב | סגן מפקד טייסת | סור מרע ועשה טוב,substituted,yes,3,wikipedia,משה בר סימן טוב
ha-02300,סמ״ק,"מילימטר מעוקב (mm³): מיליארדית (1/1,000,000,000) של מטר מעוקב (אלפית של סמ״ק).",סנטימטר מעוקב,סמ״ק.01,סנטימטר מעוקב,weak,2,ספר מצוות קטן | סנטימטר מעוקב,substituted,yes,3,wikipedia,מטר מעוקב
ha-02301,סמ״ק,"אחד הנפחים הנפוצים ביותר הוא המיליליטר, שגודלו הוא אלפית הליטר וניתן להתייחס אליו כיחידת SI גם כ""סמ״ק"".",סנטימטר מעוקב,סמ״ק.01,סנטימטר מעוקב,weak,2,ספר מצוות קטן | סנטימטר מעוקב,substituted,yes,3,wikipedia,ליטר
ha-02302,סמ״ק,אצל אדם מבוגר נפח הפעימה נע בין 75 ל-155 סמ״ק.,סנטימטר מעוקב,סמ״ק.01,סנטימטר מעוקב,weak,2,ספר מצוות קטן | סנטימטר מעוקב,substituted,yes,3,wikipedia,נפח פעימה
ha-02303,סמ״ק,"כתב את הספר ""עמודי הגולה"", הידוע יותר בכינויו סמ״ק.",ספר מצוות קטן,סמ״ק.02,ספר מצוות קטן,weak,2,ספר מצוות קטן | סנטימטר מעוקב,substituted,yes,3,wikipedia,יצחק מקורביל
ha-02304,סמ״ק,"רבי יצחק מקורביל, מחבר סמ״ק, כתב שהמצווה היא להאמין שבורא העולם מושל בו ומשגיח עליו.",ספר מצוות קטן,סמ״ק.02,ספר מצוות קטן,weak,2,ספר מצוות קטן | סנטימטר מעוקב,substituted,yes,3,wikipedia,אמונה באלוהים (יהדות)
ha-02305,סמ״ק,"רבנו פרץ כתב הגהות על ספרו של רבו רבי יצחק מקורביל, סמ״ק.",ספר מצוות קטן,סמ״ק.02,ספר מצוות קטן,weak,2,ספר מצוות קטן | סנטימטר מעוקב,substituted,yes,3,wikipedia,רבנו פרץ
ha-02306,סמ״ר,"ב-8 ביולי 1992 נהרג סמ""ר אלי אישה, לוחם היחידה, מירי דו-צדדי במבצע ללכידת מבוקש במסגד בכפר ברטעה, לאחר שנחשד בטעות כמחבל.",סמל ראשון,סמ״ר.01,סמל ראשון,verified,3,סמל ראשון | ספינת משמר | סנטימטר רבוע,natural,yes,3,wikipedia,יחידת דובדבן
ha-02307,סמ״ר,"ב-20 במרץ 2018 נהרג סמ""ר שחר סטרוג מכדור שנפלט מאקדחו של לוחם אחר ביחידה.",סמל ראשון,סמ״ר.01,סמל ראשון,verified,3,סמל ראשון | ספינת משמר | סנטימטר רבוע,natural,yes,3,wikipedia,יחידת דובדבן
ha-02308,סמ״ר,"לפתע נורתה רקטת RPG על אחד הדחפורים, ומהפגיעה נהרג אחד מאנשי הצוות, סמ""ר משה דוינו, והשני נפצע קשה.",סמל ראשון,סמ״ר.01,סמל ראשון,verified,3,סמל ראשון | ספינת משמר | סנטימטר רבוע,natural,yes,3,wikipedia,קרב ח'וזאעה
ha-02309,סמ״ר,"דרגות החוגר, מדרגת רב־טוראי עד דרגת סמ״ר, תפורות לשרוולי החולצה בין המרפק לכתף.",סמל ראשון,סמ״ר.01,סמל ראשון,weak,3,סמל ראשון | ספינת משמר | סנטימטר רבוע,substituted,yes,3,wikipedia,"דרגות צה""ל"
ha-02310,סמ״ר,בשנים 1951–1972 סימני הדרגות של סמ״ר בחיל הים נבדלו מאלו של חילות היבשה וחיל האוויר: במקום עלה גפן על שלושת הפסים נענד סמל חיל הים – עוגן ששימש גם לדרגות הקצינים.,סמל ראשון,סמ״ר.01,סמל ראשון,weak,3,סמל ראשון | ספינת משמר | סנטימטר רבוע,substituted,yes,3,wikipedia,"דרגות צה""ל"
ha-02311,סמ״ר,"עם ביטול דרגות ה""גולדבנד"", שונו גם סימני הדרגה של סמ״ר.",סמל ראשון,סמ״ר.01,סמל ראשון,weak,3,סמל ראשון | ספינת משמר | סנטימטר רבוע,substituted,yes,3,wikipedia,"דרגות צה""ל"
ha-02312,סמ״ר,שטח כנפיים של עש הרקולס מגיע ל-265 סמ״ר.,סנטימטר רבוע,סמ״ר.02,סנטימטר רבוע,weak,3,סמל ראשון | ספינת משמר | סנטימטר רבוע,substituted,yes,3,wikipedia,עשים
ha-02313,סמ״ר,"באלגון במתח של 12 וולט זרם ישר, חתיכת אלומיניום בעלת שטח של 100 סמ״ר תצרוך זרם של 1 אמפר.",סנטימטר רבוע,סמ״ר.02,סנטימטר רבוע,weak,3,סמל ראשון | ספינת משמר | סנטימטר רבוע,substituted,yes,3,wikipedia,אלגון
ha-02314,סמ״ר,ייצור שבב ה-DNA מתחיל משבב קוורץ של 12.70 סמ״ר.,סנטימטר רבוע,סמ״ר.02,סנטימטר רבוע,weak,3,סמל ראשון | ספינת משמר | סנטימטר רבוע,substituted,yes,3,wikipedia,מערך DNA
ha-02315,סמ״ר,"Benkert), איש משמר החופים של ארצות הברית, שהיה מפקד סמ״ר החופים של ארצות הברית איסטווינד (USCGC Eastwind) במהלך מבצע דיפ פריז בעונת המחקר (הקיץ האנטארקטי) 1966–1967.",ספינת משמר,סמ״ר.03,ספינת משמר,weak,3,סמל ראשון | ספינת משמר | סנטימטר רבוע,substituted,yes,3,wikipedia,הר בנקרט
ha-02316,סמ״ר,"סמ״ר מפלגה 788 שעסקה באבטחת הדיג באגם עלתה בלילה על החוף המזרחי של הכנרת, שהוחזק בידי סוריה.",ספינת משמר,סמ״ר.03,ספינת משמר,weak,3,סמל ראשון | ספינת משמר | סנטימטר רבוע,substituted,yes,3,wikipedia,חילוץ ספינת המשמר בכנרת
ha-02317,סמ״ר,"הסיורים התנהלו על ידי סמ״ר בודדת בקרבה מיידית לדייגים וספינה נוספת במעגן גינוסר, בכוננות של שעה להפלגה.",ספינת משמר,סמ״ר.03,ספינת משמר,weak,3,סמל ראשון | ספינת משמר | סנטימטר רבוע,substituted,yes,3,wikipedia,חילוץ ספינת המשמר בכנרת
ha-02318,סמ״ש,בשנת 1979 הכינה הוועדה מפת סמ״ש להר מירון.,סימון שבילים,סמ״ש.01,סימון שבילים,weak,2,סימון שבילים | סמל שני,substituted,no,3,wikipedia,הוועדה לשבילי ישראל
ha-02319,סמ״ש,"ככלל, סמ״ש מבוצע תוך מחשבה על המסלול הברור, היפה והבטוח ביותר למטיילים, ועל כן הוועדה ממליצה שלא לסטות מהשביל המסומן בעת טיול.",סימון שבילים,סמ״ש.01,סימון שבילים,weak,2,סימון שבילים | סמל שני,substituted,no,3,wikipedia,הוועדה לשבילי ישראל
ha-02320,סמ״ש,"נחל סלוודורה (במפות סמ״ש הנחל מכונה נחל סלבדורה) במדבר יהודה, הוא ערוץ קצר, היורד מבמת השוליים המזרחיים, ונשפך לים המלח כקילומטר אחד מצפון לנחל קדם.",סימון שבילים,סמ״ש.01,סימון שבילים,weak,2,סימון שבילים | סמל שני,substituted,no,3,wikipedia,נחל סלוודורה
ha-02321,סמ״ש,"סמ״ש רוסלן מנחמוב (ארם רבינוביץ) (עונה 1) – שוטר לשעבר בתחנה, הודח עקב שימוש בסמים קלים.",סמל שני,סמ״ש.02,סמל שני,weak,2,סימון שבילים | סמל שני,substituted,no,3,wikipedia,מנאייכ
ha-02322,ס״א,מוכרי ספרים עוברים לעיתים קרובות הכשרה ואמורים להיות מסוגלים לענות לשאלות הצרכנים על ספרים ולהמליץ על ס״א.,ספרים אחרים,ס״א.01,ספרים אחרים,weak,2,ספרים אחרים | סיטרא אחרא (צד אחר),substituted,no,3,wikipedia,מכירת ספרים
ha-02323,ס״א,"הנובלות השונות בדרך כלל קשורות לעלילה של ס״א שחיבר, כגון הערפילאים או אלנטריס.",ספרים אחרים,ס״א.01,ספרים אחרים,weak,2,ספרים אחרים | סיטרא אחרא (צד אחר),substituted,no,3,wikipedia,ברנדון סנדרסון
ha-02324,ס״א,"הייחוס ליוחנן של ס״א בברית החדשה, כגון ""איגרת יוחנן השנייה"", ""איגרת יוחנן השלישית"" ו""ההתגלות"", הוא בגדר מסורת נוצרית ארוכת שנים, אך נתון בספק על פי חוקרים רבים.",ספרים אחרים,ס״א.01,ספרים אחרים,weak,2,ספרים אחרים | סיטרא אחרא (צד אחר),substituted,no,3,wikipedia,יוחנן כותב הבשורה
ha-02325,ס״ב,"מסמכים פיזיים או קבצים דיגיטליים נושאים חותמת או כותרת המציינת את רמת הסיווג, כמו למשל ""סודי"", ""שמור"" או ""ס״ב"".",סודי ביותר,ס״ב.01,סודי ביותר,weak,2,סודי ביותר | ספרת ביקורת,substituted,yes,3,wikipedia,מידע מסווג
ha-02326,ס״ב,"יוסף ארגמן, זה היה ס״ב, משרד הביטחון, אפריל 1998, עמודים 357–368.",סודי ביותר,ס״ב.01,סודי ביותר,weak,2,סודי ביותר | ספרת ביקורת,substituted,yes,3,wikipedia,מבצע אביב נעורים
ha-02327,ס״ב,"יוסף ארגמן, ""זה היה ס״ב"", משרד הביטחון, אפריל 1998, ריאיון עם ליפקין-שחק אודות מבצע אביב נעורים, עמודים 365–368, כפי שהועלה באתר פרש.",סודי ביותר,ס״ב.01,סודי ביותר,weak,2,סודי ביותר | ספרת ביקורת,substituted,yes,3,wikipedia,מבצע אביב נעורים
ha-02328,ס״ב,"ס״ב היא ספרה הנוספת, בעיקר במערכות מידע, למספר נתון, כדי לזהות טעות שנעשתה בעת העתקתו.",ספרת ביקורת,ס״ב.02,ספרת ביקורת,weak,2,סודי ביותר | ספרת ביקורת,substituted,yes,3,wikipedia,ספרת ביקורת
ha-02329,ס״ב,"במספר הזהות הישראלי, למשל, הספרה הימנית ביותר היא ס״ב.",ספרת ביקורת,ס״ב.02,ספרת ביקורת,weak,2,סודי ביותר | ספרת ביקורת,substituted,yes,3,wikipedia,ספרת ביקורת
ha-02330,ס״ב,"גם במספר של כרטיס אשראי ובמספר חשבון בנק נכללת ס״ב, וכך במספרים נוספים.",ספרת ביקורת,ס״ב.02,ספרת ביקורת,weak,2,סודי ביותר | ספרת ביקורת,substituted,yes,3,wikipedia,ספרת ביקורת
ha-02331,ס״ג,"בחודש ספטמבר, בעת שהפלוגה הייתה בפעילות מבצעית במרחב מצפון לעיר צידון, נחתה לפנות בוקר חוליית מחבלים עם ס״ג על החוף בשפך נהר האווהלי.",סירת גומי,ס״ג.02,סירת גומי,weak,2,סירת גומי | סנהדרין גדולה,substituted,yes,3,wikipedia,רמי צור חכם
ha-02332,ס״ג,19 באוקטובר – ספינת דבור של חיל הים משמידה ס״ג שבה שני מחבלים שתכננו לבצע פיגוע מיקוח.,סירת גומי,ס״ג.02,סירת גומי,weak,2,סירת גומי | סנהדרין גדולה,substituted,yes,3,wikipedia,1984 בישראל
ha-02333,ס״ג,"סנהדרין של 71 הייתה רק אחת והיא ישבה בלשכת הגזית שבחצר בית המקדש ונקראה ""ס״ג"".",סנהדרין גדולה,ס״ג.01,סנהדרין גדולה,weak,2,סירת גומי | סנהדרין גדולה,substituted,yes,3,wikipedia,מסכת סנהדרין
ha-02334,ס״ג,"שמו נמצא בן כתבי גניזת קהיר: ""חבורת ס״ג בן מרנא יוסף ראש ישיבת ארץ ישראל נשמתו עדן"".",סנהדרין גדולה,ס״ג.01,סנהדרין גדולה,weak,2,סירת גומי | סנהדרין גדולה,substituted,yes,3,wikipedia,אברהם הכהן בן יוסף
ha-02335,ס״ג,"כמו בישיבת בבל, גם ב""ישיבת ארץ ישראל"" הייתה קיימת מעין ס״ג וסנהדרין קטנה.",סנהדרין גדולה,ס״ג.01,סנהדרין גדולה,weak,2,סירת גומי | סנהדרין גדולה,substituted,yes,3,wikipedia,ישיבת ארץ ישראל (ימי הביניים)
ha-02336,ס״ד,"אֶפִּילוֹג (באנגלית: epilogue; בעברית נקרא גם: אחרית דבר, חתימה, ס״ד) הוא קטע המופיע לעיתים בסוף יצירה ספרותית, המתייחס למתרחש בה או מסכם אותה.",סוף דבר,ס״ד.01,סוף דבר,weak,5,סוף דבר | סוציאל דמוקרטי | ספרא דצניעותא | סייעתא דשמיא (עזרת השם) | סלקא דעתך (= עולה ב/על דעתך),substituted,yes,3,wikipedia,אפילוג
ha-02337,ס״ד,"""ס״ד"" הוצא לאור רק אחרי מותו של שבתאי, והוא מתאר את מאיר, מהנדס תל אביבי בשנות הארבעים לחייו, המתמודד עם ההכרה הפתאומית בדבר מותו המתקרב.",סוף דבר,ס״ד.01,סוף דבר,weak,5,סוף דבר | סוציאל דמוקרטי | ספרא דצניעותא | סייעתא דשמיא (עזרת השם) | סלקא דעתך (= עולה ב/על דעתך),substituted,yes,3,wikipedia,יעקב שבתאי
ha-02338,ס״ד,"מנחם פרי, ""בשולי הספר"", בתוך: 'ס״ד', הספריה החדשה, ספרי סימן קריאה / הקיבוץ המאוחד, 2025.",סוף דבר,ס״ד.01,סוף דבר,weak,5,סוף דבר | סוציאל דמוקרטי | ספרא דצניעותא | סייעתא דשמיא (עזרת השם) | סלקא דעתך (= עולה ב/על דעתך),substituted,yes,3,wikipedia,יעקב שבתאי
ha-02339,ס״ד,"ס״ד השלם – ""ס״ד"" עם ביאור ""נתיבות יאיר"" ועם ""מסורת החכמה"".",ספרא דצניעותא,ס״ד.02,ספרא דצניעותא,weak,5,סוף דבר | סוציאל דמוקרטי | ספרא דצניעותא | סייעתא דשמיא (עזרת השם) | סלקא דעתך (= עולה ב/על דעתך),substituted,yes,3,wikipedia,משה יאיר וינשטוק
ha-02340,ס״ד,"נותרו עדיין בכתבי יד ביאורו על ספר היצירה, וביאור על ס״ד וכן על ספר התמונה.",ספרא דצניעותא,ס״ד.02,ספרא דצניעותא,weak,5,סוף דבר | סוציאל דמוקרטי | ספרא דצניעותא | סייעתא דשמיא (עזרת השם) | סלקא דעתך (= עולה ב/על דעתך),substituted,yes,3,wikipedia,שלמה אלישיב
ha-02341,ס״ט,אחד מהדגשים ששם בר ס״ט בתקופת כהונתו הוא תחום הרפואה המונעת וקידום בריאות הציבור.,סימן טוב,ס״ט.01,סימן טוב,weak,4,סימן טוב | ספרדי טהור | סופו טוב (סיפיה טב) | סינא טינא (עפר ואפר),substituted,yes,3,wikipedia,משה בר סימן טוב
ha-02342,ס״ט,"במהלך התמודדות עם התפרצות נגיף הקורונה בישראל, מילא בר ס״ט תפקיד מרכזי בניהול והתמודדות עם המשבר.",סימן טוב,ס״ט.01,סימן טוב,weak,4,סימן טוב | ספרדי טהור | סופו טוב (סיפיה טב) | סינא טינא (עפר ואפר),substituted,yes,3,wikipedia,משה בר סימן טוב
ha-02343,ס״ט,"כבר ב-2 בפברואר חתם בר ס״ט על צו להתמודדות עם הנגיף, וצו זה התעדכן ככל שההתפרצות הקיפה מדינות נוספות.",סימן טוב,ס״ט.01,סימן טוב,weak,4,סימן טוב | ספרדי טהור | סופו טוב (סיפיה טב) | סינא טינא (עפר ואפר),substituted,yes,3,wikipedia,משה בר סימן טוב
ha-02344,ס״ט,"שירים מהתקליט שמשו פסקול הסרט ""זמר ס״ט"" המספר את סיפורה של יהדות ספרד.",ספרדי טהור,ס״ט.02,ספרדי טהור,weak,4,סימן טוב | ספרדי טהור | סופו טוב (סיפיה טב) | סינא טינא (עפר ואפר),substituted,yes,3,wikipedia,רבקה רז (זמרת)
ha-02345,ס״ט,"אם מסטיזו (דה סאנגלי או אספניול) נשוי לפיליפינה (אישה ממוצא ס״ט), היא תאבד את מעמדה כ""פילפינה"" ותרכוש את המעמד המשפטי של בעלה ותהפוך למסטיזה דה אספניול או לסנגלי.",ספרדי טהור,ס״ט.02,ספרדי טהור,weak,4,סימן טוב | ספרדי טהור | סופו טוב (סיפיה טב) | סינא טינא (עפר ואפר),substituted,yes,3,wikipedia,פיליפינים (עם)
ha-02346,ס״ט,"אם ""פיליפינה"" נישאה ל""אינדיאו"", מעמדה המשפטי ישתנה ל""אינדאו"", למרות היותה ממוצא ס״ט.",ספרדי טהור,ס״ט.02,ספרדי טהור,weak,4,סימן טוב | ספרדי טהור | סופו טוב (סיפיה טב) | סינא טינא (עפר ואפר),substituted,yes,3,wikipedia,פיליפינים (עם)
ha-02347,ס״ל,הספרייה הלאומית לרפואה (NLM) (National Library of Medicine) ס״ל המוקדשת לרפואה.,ספריה לאומית,ס״ל.01,ספריה לאומית,weak,3,"ספריה לאומית | סבירא ליה ( הוא סבור, מסתבר לו) | סמיך ליה (ארמית:סמוך לו)",substituted,no,3,wikipedia,המכונים הלאומיים לבריאות
ha-02348,ס״מ,עם זאת בכל יחידה היה ס״מ לפעילות פוליטית.,סגן מפקד,ס״מ.03,סגן מפקד,weak,4,סנטימטר | סגן מפקד | סמאל | סטרא דמסאבותא,substituted,yes,1,wikipedia,קומיסר
ha-02349,ס״מ,ס״מ נחשב בדרך כלל כשמו המלאכי האמיתי של השטן.,סמאל,ס״מ.02,סמאל,weak,4,סנטימטר | סגן מפקד | סמאל | סטרא דמסאבותא,substituted,yes,1,wikipedia,סמאל
ha-02350,ס״מ,ס״מ לעיתים גם מזוהה כאנטגוניסט המלאכי שהשתתף במאבק יעקב והמלאך וגם כמלאך שהטריד את אברהם ויצחק בדרכם לעקידת יצחק.,סמאל,ס״מ.02,סמאל,weak,4,סנטימטר | סגן מפקד | סמאל | סטרא דמסאבותא,substituted,yes,1,wikipedia,סמאל
ha-02351,ס״מ,"התרגום המיוחס ליונתן הוא היחיד בין תרגומי התורה, שנזכרת בו דמותו של ס״מ.",סמאל,ס״מ.02,סמאל,weak,4,סנטימטר | סגן מפקד | סמאל | סטרא דמסאבותא,substituted,yes,1,wikipedia,סמאל
ha-02352,ס״מ,"ציר (y) מציג את התרחבות צוואר הרחם אצל היולדת בסנטימטרים, וסקאלת הממדים נעה מ-0 עד 10 ס״מ.",סנטימטר,ס״מ.01,סנטימטר,verified,4,סנטימטר | סגן מפקד | סמאל | סטרא דמסאבותא,natural,yes,1,wikipedia,עקומת פרידמן
ha-02353,ס״מ,בדרך כלל הפאזה השנייה מתחילה כאשר צוואר הרחם מגיע להתרחבות של 3–6 ס״מ.,סנטימטר,ס״מ.01,סנטימטר,verified,4,סנטימטר | סגן מפקד | סמאל | סטרא דמסאבותא,natural,yes,1,wikipedia,עקומת פרידמן
ha-02354,ס״מ,"קצב ההתרחבות במהלך הפאזה האקטיבית עומד על 1 ס״מ לשעה אצל נשים בלידה ראשונה, וכ-1.2 ס״מ לשעה אצל נשים בלידה חוזרת.",סנטימטר,ס״מ.01,סנטימטר,verified,4,סנטימטר | סגן מפקד | סמאל | סטרא דמסאבותא,natural,yes,1,wikipedia,עקומת פרידמן
ha-02355,ס״מ,"מילימטר מעוקב (mm³): מיליארדית (1/1,000,000,000) של מטר מעוקב (אלפית של ס״מ מעוקב).",סנטימטר,ס״מ.01,סנטימטר,weak,4,סנטימטר | סגן מפקד | סמאל | סטרא דמסאבותא,substituted,yes,1,wikipedia,מטר מעוקב
ha-02356,ס״מ,ס״מ הוא בערך הרוחב של ציפורן של אדם בוגר ממוצע.,סנטימטר,ס״מ.01,סנטימטר,weak,4,סנטימטר | סגן מפקד | סמאל | סטרא דמסאבותא,substituted,yes,1,wikipedia,סנטימטר
ha-02357,ס״מ,"התקליטים באותה תקופה היו בדרך כלל בקוטר של 10 אינץ' (25 ס״מ) והסתובבו במהירות של 78 סיבובים לדקה, נתונים אלה הגבילו את תכולתו של צד אחד של תקליט לכשלוש דקות.",סנטימטר,ס״מ.01,סנטימטר,weak,4,סנטימטר | סגן מפקד | סמאל | סטרא דמסאבותא,substituted,yes,1,wikipedia,אלבום מוזיקה
ha-02358,ס״ס,"למשל: ""ספק אם הטלפון שבור או שהוא תוקן, וגם אם הוא מתוקן, ספק אם הוא מחובר או לא""; כיוון שהאפשרות שהטלפון פעיל מוטלת בשני ספקות, האפשרות שהטלפון פעיל היא ס״ס.",ספק ספיקא,ס״ס.01,ספק ספיקא,weak,3,סוף-סוף | סוף סימן־ | ספק ספיקא,substituted,no,3,wikipedia,ספק (הלכה)
ha-02359,ס״ס,"גם בדינים שחיובם הוא מהתורה, אין לחשוש ולהחמיר כשיש ס״ס.",ספק ספיקא,ס״ס.01,ספק ספיקא,weak,3,סוף-סוף | סוף סימן־ | ספק ספיקא,substituted,no,3,wikipedia,ספק (הלכה)
ha-02360,ס״ס,"לעומת זאת, במצב של ס״ס להחמיר, כלומר: כאשר יש שתי סיבות להחמיר ושתיהן מוטלות בספק, גם בדינים דרבנן יש להחמיר.",ספק ספיקא,ס״ס.01,ספק ספיקא,weak,3,סוף-סוף | סוף סימן־ | ספק ספיקא,substituted,no,3,wikipedia,ספק (הלכה)
ha-02361,ס״ת,כי ס״ת של זה הפסוק כי לא תשכח מפי זרעו (דברים לא כא) הם אותיות יוחאי.,סופי תיבות,ס״ת.02,סופי תיבות,weak,2,ספר תורה | סופי תיבות,substituted,yes,3,wikipedia,קבר רבי שמעון בר יוחאי
ha-02362,ס״ת,"השתמש בשם העט נ.ש.ק., שהוא ס״ת של שמו אברהם בער דובזביץ, אך עם החלפת האותיות באותיות הבאות אחריהן באלפבית העברי.",סופי תיבות,ס״ת.02,סופי תיבות,weak,2,ספר תורה | סופי תיבות,substituted,yes,3,wikipedia,אברהם דוב דובזביץ'
ha-02363,ס״ת,"ס״ת הוא מגילת קלף או גוויל שעליה כתובה התורה בשלמותה, מתחילת ספר בראשית ועד סוף ספר דברים.",ספר תורה,ס״ת.01,ספר תורה,weak,2,ספר תורה | סופי תיבות,substituted,yes,3,wikipedia,ספר תורה
ha-02364,ס״ת,"ס״ת נחשב לתשמיש הקדושה הקדוש ביותר ביהדות, ונוהגים בו בכבוד מיוחד ובהידור רב.",ספר תורה,ס״ת.01,ספר תורה,weak,2,ספר תורה | סופי תיבות,substituted,yes,3,wikipedia,ספר תורה
ha-02365,ס״ת,"על עור של דגים אסור לכתוב ס״ת, מפני שיש בו זוהמא.",ספר תורה,ס״ת.01,ספר תורה,weak,2,ספר תורה | סופי תיבות,substituted,yes,3,wikipedia,ספר תורה
ha-02366,עד״מ,"אם אותו שותף הוא עד״מ, שהובטחה לו טובת הנאה בתמורה לעדותו, נדרשת תוספת ראייתית חזקה יותר (סיוע).",עד מדינה,עד״מ.01,עד מדינה,weak,2,עד מדינה | על דרך משל,substituted,yes,3,wikipedia,דיני הראיות
ha-02367,עד״מ,"על סמך רציונל זה נקבע בפסיקה כי תידרש תוספת ראייתית שבין חיזוק לסיוע, על פי הנסיבות, גם במקרה של אדם הסבור שתינתן לו טובת הנאה תמורת עדותו, אף אם אינו עד״מ בפועל.",עד מדינה,עד״מ.01,עד מדינה,weak,2,עד מדינה | על דרך משל,substituted,yes,3,wikipedia,דיני הראיות
ha-02368,עד״מ,"לפי גישת מנשה וגרונר ראיה ""בעייתית"" או ""חלשה"" כגון הודיה בנסיבות מסוימות, עדות עד״מ, היא ראיה מפלילה שאינה יוצרת חסם להשערת חפות.",עד מדינה,עד״מ.01,עד מדינה,weak,2,עד מדינה | על דרך משל,substituted,yes,3,wikipedia,דיני הראיות
ha-02369,עד״מ,"לדבריו, המקדש או השמים נקראו כך עד״מ, ואין באמת דבר בעולם שיכול לשאת את אלוהים, שכן הוא עצמו מכיל ומהווה את העולם כולו.",על דרך משל,עד״מ.02,על דרך משל,weak,2,עד מדינה | על דרך משל,substituted,yes,3,wikipedia,כיסא הכבוד
ha-02370,עד״מ,והעניין עד״מ שיהא נזכר באהבת השם תמיד כזיכרון החושק תכלית החשק בחשוקתו היום שישיג להביאה אל ביתו.,על דרך משל,עד״מ.02,על דרך משל,weak,2,עד מדינה | על דרך משל,substituted,yes,3,wikipedia,אהבת ה'
ha-02371,עה״ש,עה״ש או עַמּוּד הַשַׁחַר הוא זמן תחילת היום בהלכה.,עלות השחר,עה״ש.01,עלות השחר,weak,2,עלות השחר | עליו השלום,substituted,no,3,wikipedia,עלות השחר
ha-02372,עה״ש,"זמן עה״ש נקבע לפי הופעת אור השמש על פני השמים, בעוד שהשמש עצמה איננה נראית ועודנה מתחת לאופק.",עלות השחר,עה״ש.01,עלות השחר,weak,2,עלות השחר | עליו השלום,substituted,no,3,wikipedia,עלות השחר
ha-02373,עה״ש,"לפי מנהג רוב קהילות הספרדים, זמן עה״ש מוקדם להנץ החמה ב-72 דקות (4 מיל * 18 דקות).",עלות השחר,עה״ש.01,עלות השחר,weak,2,עלות השחר | עליו השלום,substituted,no,3,wikipedia,עלות השחר
ha-02374,עה״ש,אלוהים שלח את משה הנביא עה״ש והוא אב וראש הנביאים.,עליו השלום,עה״ש.02,עליו השלום,weak,2,עלות השחר | עליו השלום,substituted,no,3,wikipedia,עיקרי האמונה היהודית
ha-02375,עז״ה,"מנהג זה השתמר אף אצל מעט מהקהילות (לדוגמה, אצל יהודי תימן), ונקרא הלל ""בקירוי"" – כלומר: שליח הציבור קורא שבר פסוק מההלל, וכל הציבור עונים אחריו הללויה, וכן עז״ה 123 שברי פסוקים.",על זה הדרך,עז״ה.01,על זה הדרך,weak,2,על זה הדרך | על זה הכוונה,substituted,no,3,wikipedia,קריאת ההלל
ha-02376,עז״ה,"ואפילו מה שהתיר להם, לא דברה תורה אלא כנגד יצר הרע, כמו שהתיר להם יפת תואר עז״ה.",על זה הדרך,עז״ה.01,על זה הדרך,weak,2,על זה הדרך | על זה הכוונה,substituted,no,3,wikipedia,ספר העיקרים
ha-02377,עז״ה,כל התשובות של יורה דעה לכרך אחד וכן עז״ה.,על זה הדרך,עז״ה.01,על זה הדרך,weak,2,על זה הדרך | על זה הכוונה,substituted,no,3,wikipedia,רב פעלים
ha-02378,עכו״ם,"המילה ""עכו״ם"" מופיעה פעמים רבות במקרא בהקשרים שונים, כשמשמעותה המילולית היא עם, ומכאן הכוונה לאדם המשתייך לעמי העולם, ולא-לעם ישראל.",גוי,עכו״ם.02,גוי,weak,6,עבודה זרה | גוי | פגניות | הלכות הרחקה מגויים | עבודת כוכבים ומזלות | עובד כוכבים ומזלות (גויים ונכרים עובדי אלילים),substituted,yes,1,wikipedia,גוי
ha-02379,עכו״ם,"מצד אחר, ברכות השחר כוללות את ברכת ""ברוך שלא עשני עכו״ם"".",גוי,עכו״ם.02,גוי,weak,6,עבודה זרה | גוי | פגניות | הלכות הרחקה מגויים | עבודת כוכבים ומזלות | עובד כוכבים ומזלות (גויים ונכרים עובדי אלילים),substituted,yes,1,wikipedia,גוי
ha-02380,עכו״ם,"בהלכה, ישנו מעמד נוסף של עכו״ם שקיבל על עצמו את שבע מצוות בני נח, והוא נקרא גר תושב, והוא רשאי לגור עם ישראל בארצם.",גוי,עכו״ם.02,גוי,weak,6,עבודה זרה | גוי | פגניות | הלכות הרחקה מגויים | עבודת כוכבים ומזלות | עובד כוכבים ומזלות (גויים ונכרים עובדי אלילים),substituted,yes,1,wikipedia,גוי
ha-02381,עכו״ם,"עכו״ם הן הלכות שנועדו למנוע היטמעות של יהודים בחברה הנוכרית, הידמות של יהודים לדרכי הנוכרים או קרבה לגוי באופן שעלול להביא את היהודי לעבירה בשוגג.",הלכות הרחקה מגויים,עכו״ם.04,הלכות הרחקה מגויים,weak,6,עבודה זרה | גוי | פגניות | הלכות הרחקה מגויים | עבודת כוכבים ומזלות | עובד כוכבים ומזלות (גויים ונכרים עובדי אלילים),substituted,yes,1,wikipedia,הלכות הרחקה מגויים
ha-02382,עכו״ם,"בתלמוד נזכר שרבי יהודה הנשיא תמה באוזני תלמידיו מדוע לאסור פת עכו""ם במצבים שבהם אין חשש קרבה לגוי.",עבודה זרה,עכו״ם.01,עבודת כוכבים ומזלות,verified,6,עבודה זרה | גוי | פגניות | הלכות הרחקה מגויים | עבודת כוכבים ומזלות | עובד כוכבים ומזלות (גויים ונכרים עובדי אלילים),natural,yes,1,wikipedia,"פת עכו""ם"
ha-02383,עכו״ם,"על פי הרבנות הראשית, היתר זה הוא קולא בעת הצורך בלבד, ולכן בארץ ישראל אין סיבה להתיר פת עכו""ם, והרבנות אינה מאשרת יבוא כזה, גם אם נאפה בכשרות מוסמכת בחוץ לארץ, שהרי בארץ ישראל יש שפע של פת ישראל.",עבודה זרה,עכו״ם.01,עובד כוכבים ומזלות (גויים ונכרים עובדי אלילים),verified,6,עבודה זרה | גוי | פגניות | הלכות הרחקה מגויים | עבודת כוכבים ומזלות | עובד כוכבים ומזלות (גויים ונכרים עובדי אלילים),natural,yes,1,wikipedia,"פת עכו""ם"
ha-02384,עכו״ם,האיסור על עכו״ם הוא אחת המצוות של עשרת הדיברות.,עבודה זרה,עכו״ם.01,עבודה זרה,weak,6,עבודה זרה | גוי | פגניות | הלכות הרחקה מגויים | עבודת כוכבים ומזלות | עובד כוכבים ומזלות (גויים ונכרים עובדי אלילים),substituted,yes,1,wikipedia,עבודה זרה
ha-02385,עכו״ם,"בנוסף על כך, יש איסור לחמוד ולקחת צלמיות עכו״ם בשל שוויים הכספי.",עבודה זרה,עכו״ם.01,עבודה זרה,weak,6,עבודה זרה | גוי | פגניות | הלכות הרחקה מגויים | עבודת כוכבים ומזלות | עובד כוכבים ומזלות (גויים ונכרים עובדי אלילים),substituted,yes,1,wikipedia,עבודה זרה
ha-02386,עכו״ם,גם דברי הגדה של פסח המיוסדים על דברי רב במסכת פסחים: ”מתחִלה עובדי עכו״ם היו אבותינו” מעידים על מגמה זו.,עבודה זרה,עכו״ם.01,עבודה זרה,weak,6,עבודה זרה | גוי | פגניות | הלכות הרחקה מגויים | עבודת כוכבים ומזלות | עובד כוכבים ומזלות (גויים ונכרים עובדי אלילים),substituted,yes,1,wikipedia,עבודה זרה
ha-02387,עכו״ם,"ומקיאים כשאומרים ואנחנו כורעים וזה איסור גמור, וגם עלינו נתוקן על ידי יהושע בן נון שהיו בימיו עובדי עכו״ם שאינו בזמנינו.",עבודת כוכבים ומזלות,עכו״ם.05,עבודת כוכבים ומזלות,weak,6,עבודה זרה | גוי | פגניות | הלכות הרחקה מגויים | עבודת כוכבים ומזלות | עובד כוכבים ומזלות (גויים ונכרים עובדי אלילים),substituted,yes,1,wikipedia,עלינו לשבח
ha-02388,עכו״ם,"בשיח הנוצרי ואחר כך בשיח החילוני, המשיך המונח ""עכו״ם"" לשמש ככינוי גנאי אתנוצנטרי לאנשים שמנהגיהם נבערים וחשוכים.",פגניות,עכו״ם.03,פגניות,weak,6,עבודה זרה | גוי | פגניות | הלכות הרחקה מגויים | עבודת כוכבים ומזלות | עובד כוכבים ומזלות (גויים ונכרים עובדי אלילים),substituted,yes,1,wikipedia,פגניות
ha-02389,עכו״ם,"דתות פוליתאסטיות מודרניות מכונות לעיתים ""דתות נאו-עכו״ם"".",פגניות,עכו״ם.03,פגניות,weak,6,עבודה זרה | גוי | פגניות | הלכות הרחקה מגויים | עבודת כוכבים ומזלות | עובד כוכבים ומזלות (גויים ונכרים עובדי אלילים),substituted,yes,1,wikipedia,פגניות
ha-02390,עכו״ם,"גם במוזיקה הקלאסית ניסו יוצרים להתחקות אחר מסורות עכו״ם, ולבטא את הקשר שלהן לטבע המשתנה.",פגניות,עכו״ם.03,פגניות,weak,6,עבודה זרה | גוי | פגניות | הלכות הרחקה מגויים | עבודת כוכבים ומזלות | עובד כוכבים ומזלות (גויים ונכרים עובדי אלילים),substituted,yes,1,wikipedia,פגניות
ha-02391,עמ״ט,"בדצמבר 2022, לאחר עמ״ט, ופתיחת תחנות חולון ובת ים חזר מרחב יפתח החל לשמו ההיסטורי – מרחב איילון.",עבודת מטה,עמ״ט.01,עבודת מטה,weak,2,עבודת מטה | עתודה מדעית טכנולוגית,substituted,no,3,wikipedia,מרחב איילון
ha-02392,עמ״ט,"מחליפו של סומראל, הגנרל דאגלס מקארתור, הורה על עמ״ט מחודשת להשקתו המחודשת של העיטור ב-7 בינואר 1931, במהלכה הוצגו שלושה עיצובים.",עבודת מטה,עמ״ט.01,עבודת מטה,weak,2,עבודת מטה | עתודה מדעית טכנולוגית,substituted,no,3,wikipedia,לב הארגמן
ha-02393,עמ״ט,"ברמה זו של פיקוד, ראוי שהמפקד יקיים עמ״ט ונוהלי קרב מסודרים לשם מיצוי עוצמת האוגדה ביעילות וברציפות.",עבודת מטה,עמ״ט.01,עבודת מטה,weak,2,עבודת מטה | עתודה מדעית טכנולוגית,substituted,no,3,wikipedia,אוגדה
ha-02394,עמ״ט,"כ-19% מהתלמידים לומדים במסגרת תוכנית עמ״ט, לשעבר פעלה בבית הספר כתת-נחשון שהוחלפה בשנים האחרונות לכתת רמון.",עתודה מדעית טכנולוגית,עמ״ט.02,עתודה מדעית טכנולוגית,weak,2,עבודת מטה | עתודה מדעית טכנולוגית,substituted,no,3,wikipedia,תיכון בליך
ha-02395,עמ״י,"גָּלוּת היא הכינוי ביהדות להיעדרותו של רוב עמ״י מארץ ישראל, הנתפסת לפי היהדות כמולדתו הנצחית.",עם ישראל,עמ״י.01,עם ישראל,weak,3,עם ישראל | עזר מ'ציון | עמותת 'מושתלים ישראלים,substituted,no,3,wikipedia,גלות (יהדות)
ha-02396,עמ״י,במקרא מתוארת הגלות בתור העונש הקשה ביותר שנגזר על עמ״י בשל חטאיו.,עם ישראל,עמ״י.01,עם ישראל,weak,3,עם ישראל | עזר מ'ציון | עמותת 'מושתלים ישראלים,substituted,no,3,wikipedia,גלות (יהדות)
ha-02397,עמ״י,"המסורת היהודית טוענת כי גלות אדום היא הגלות האחרונה, שאחריה ישוב עמ״י לארצו ולא יגלה שוב.",עם ישראל,עמ״י.01,עם ישראל,weak,3,עם ישראל | עזר מ'ציון | עמותת 'מושתלים ישראלים,substituted,no,3,wikipedia,גלות (יהדות)
ha-02398,עמ״ש,לאורך עמ״ש עוברת תעלת השדרה (Canalis vertebralis) והיא מכילה את חוט השדרה ומגינה עליו.,עמוד השדרה,עמ״ש.01,עמוד השדרה,weak,3,עמוד השדרה | ערעור משפחה | ערעור מס שבח,substituted,no,3,wikipedia,עמוד השדרה
ha-02399,עמ״ש,קיומו של עמ״ש בשלד מהווה סיווג לתת-קבוצה של בעלי חיים – בעלי חוליות.,עמוד השדרה,עמ״ש.01,עמוד השדרה,weak,3,עמוד השדרה | ערעור משפחה | ערעור מס שבח,substituted,no,3,wikipedia,עמוד השדרה
ha-02400,עמ״ש,עמ״ש מורכב מעשרים וארבע חוליות נעות ועוד חוליות מאוחות בעצם העצה ובעצם העוקץ.,עמוד השדרה,עמ״ש.01,עמוד השדרה,weak,3,עמוד השדרה | ערעור משפחה | ערעור מס שבח,substituted,no,3,wikipedia,עמוד השדרה
ha-02401,ענ״א,"יחידות המטה כוללות הנהלה, מדען ראשי, מחלקות מקצועיות (גאודזיה, קדסטר ומיפוי, לרבות פוטוגרמטריה וקרטוגרפיה), יחידת ענ״א, חשבות, תכנון וכלכלה, אמרכלות ושירות מפות ונתוני מדידה.",עיבוד נתונים אוטומטי,ענ״א.01,עיבוד נתונים אוטומטי,weak,2,עיבוד נתונים אוטומטי | עיבוד נתונים אלקטרוני,substituted,no,3,wikipedia,המרכז למיפוי ישראל
ha-02402,ע״א,"במובן עמוק יותר, הייתה זו ההתנגשות הראשונה בהיסטוריה בין דת מונותיאיסטית לבין דת פלורליסטית של ע״א.",עבודת אלילים,ע״א.01,עבודת אלילים,weak,4,עבודת אלילים | עובד אלילים | עפר ואפר | ערעור אזרחי,substituted,yes,3,wikipedia,עבודה זרה
ha-02403,ע״א,באופן כללי הרומאים היו סובלנים ואיפשרו ליהודים לעבוד את אלוהיהם כרצונם ולא כפו עליהם ע״א.,עבודת אלילים,ע״א.01,עבודת אלילים,weak,4,עבודת אלילים | עובד אלילים | עפר ואפר | ערעור אזרחי,substituted,yes,3,wikipedia,עבודה זרה
ha-02404,ע״א,עם זאת נותרו בארץ עקבות של ע״א במקומות שונים שנים רבות.,עבודת אלילים,ע״א.01,עבודת אלילים,weak,4,עבודת אלילים | עובד אלילים | עפר ואפר | ערעור אזרחי,substituted,yes,3,wikipedia,עבודה זרה
ha-02405,ע״א,בעקבות החלטת הקיסר הנזירים השוואנים הציגו לציבור את החלטת המועצה והדיונים בה וטענו שהקיסר ע״א.,עובד אלילים,ע״א.02,עובד אלילים,weak,4,עבודת אלילים | עובד אלילים | עפר ואפר | ערעור אזרחי,substituted,yes,3,wikipedia,"דווית השלישי, קיסר אתיופיה"
ha-02406,ע״א,"אביו של קנוט היה ע״א, אך קנוט עצמו נטבל לנצרות בגיל צעיר, וקיבל את השם למברט.",עובד אלילים,ע״א.02,עובד אלילים,weak,4,עבודת אלילים | עובד אלילים | עפר ואפר | ערעור אזרחי,substituted,yes,3,wikipedia,קנוט הגדול
ha-02407,ע״א,Heathen (בעברית: ע״א) הוא אלבום האולפן ה-22 של המוזיקאי הבריטי דייוויד בואי שיצא בשנת 2002.,עובד אלילים,ע״א.02,עובד אלילים,weak,4,עבודת אלילים | עובד אלילים | עפר ואפר | ערעור אזרחי,substituted,yes,3,wikipedia,Heathen
ha-02408,ע״א,"ע״א , מאת הרולד פינטר, האקדמיה לאמנויות המופע, 2013, תיאטרון אלפא לאמנויות המופע, 2021.",עפר ואפר,ע״א.03,עפר ואפר,weak,4,עבודת אלילים | עובד אלילים | עפר ואפר | ערעור אזרחי,substituted,yes,3,wikipedia,אברהם עוז
ha-02409,ע״א,בתיאטרון אלפא לאמנויות המופע: ע״א/שפת ההר.,עפר ואפר,ע״א.03,עפר ואפר,weak,4,עבודת אלילים | עובד אלילים | עפר ואפר | ערעור אזרחי,substituted,yes,3,wikipedia,יובל כרמי (שחקן)
ha-02410,ע״א,"בתיאטרון אלפא לאמנויות המופע גילם את דוולין בהצגת ""ע״א/שפת ההר"".",עפר ואפר,ע״א.03,עפר ואפר,weak,4,עבודת אלילים | עובד אלילים | עפר ואפר | ערעור אזרחי,substituted,yes,3,wikipedia,אלון דהן
ha-02411,ע״א,"פסק הדין המנחה בעניין זה הוא ע״א 513/89, Interlego S.A.",ערעור אזרחי,ע״א.04,ערעור אזרחי,weak,4,עבודת אלילים | עובד אלילים | עפר ואפר | ערעור אזרחי,substituted,yes,3,wikipedia,זכויות יוצרים
ha-02412,ע״א,"פסק הדין של פרופ' מנחם אֵלון, משנה לנשיא בית המשפט העליון בדימוס, בעניין פסק דין יעל שפר נגד מדינת ישראל (ע״א מס' 506/88).",ערעור אזרחי,ע״א.04,ערעור אזרחי,weak,4,עבודת אלילים | עובד אלילים | עפר ואפר | ערעור אזרחי,substituted,yes,3,wikipedia,המתת חסד
ha-02413,ע״ב,"לדוגמה, בכל האוניברסיטאות האירופיות ובחלק מהאוניברסיטאות בארצות הברית, פרופסורים זוכים לקידום בעיקר ע״ב הישגיהם המחקריים, ופחות ע״ב איכות ההוראה.",על בסיס,ע״ב.01,על בסיס,weak,4,על בסיס | עבודת-בית | ערעור בחירות | העמוד השמאלי בדף גמרא,substituted,yes,3,wikipedia,פרופסור
ha-02414,ע״ב,מלגות ניתנות ע״ב קריטריונים שונים אשר משקפים בדרך כלל את מטרותיהם וערכיהם של נותני המלגה.,על בסיס,ע״ב.01,על בסיס,weak,4,על בסיס | עבודת-בית | ערעור בחירות | העמוד השמאלי בדף גמרא,substituted,yes,3,wikipedia,מלגה (חינוך)
ha-02415,ע״ב,"מלגות על סמך מוצא – סיוע כספי הניתן לסטודנטים ע״ב מוצא גזעי או אתני, דת וכדומה.",על בסיס,ע״ב.01,על בסיס,weak,4,על בסיס | עבודת-בית | ערעור בחירות | העמוד השמאלי בדף גמרא,substituted,yes,3,wikipedia,מלגה (חינוך)
ha-02416,ע״ב,ע״ב מיכאל בן-ארי ועופר כסיף הגיע לבית המשפט העליון בעקבות החלטת ועדת הבחירות המרכזית לקראת הבחירות לכנסת ה-21.,ערעור בחירות,ע״ב.02,ערעור בחירות,weak,4,על בסיס | עבודת-בית | ערעור בחירות | העמוד השמאלי בדף גמרא,substituted,yes,3,wikipedia,ערעור בחירות מיכאל בן-ארי ועופר כסיף
ha-02417,ע״ב,"בחירות מיוחדות מסוג אחר יכולות להתקיים בהוראות בית המשפט, אם קיבל ע״ב ופסק שהבחירות בטלות.",ערעור בחירות,ע״ב.02,ערעור בחירות,weak,4,על בסיס | עבודת-בית | ערעור בחירות | העמוד השמאלי בדף גמרא,substituted,yes,3,wikipedia,הבחירות לרשויות המקומיות בישראל
ha-02418,ע״ב,ב-13 באפריל 2021 הגישה המפלגה ע״ב על כך בטענה לאי-סדרים והונאה במהלכם.,ערעור בחירות,ע״ב.02,ערעור בחירות,weak,4,על בסיס | עבודת-בית | ערעור בחירות | העמוד השמאלי בדף גמרא,substituted,yes,3,wikipedia,אריה אבני
ha-02419,ע״ג,"לפנות בוקר אותר אדם בים ע״ג מצוף במרחק 1,000 מטר מנמל בירות.",על גבי,ע״ג.01,על גבי,verified,2,על גבי | עבודת גילולים,natural,no,3,wikipedia,אלי רונן
ha-02420,ע״ג,"התכנים מצויים ע״ג שרת מרכזי ולא ניתן לשמור תכנים אלו באופן מקומי, להבדיל מממירי ה-PVR (מקליט דיגיטלי אישי) המאפשרים להקליט תוכן טלוויזיוני ולצפות בו במועד מאוחר יותר.",על גבי,ע״ג.01,על גבי,weak,2,על גבי | עבודת גילולים,substituted,no,3,wikipedia,וידאו על פי דרישה
ha-02421,ע״ג,ברשת הכבלים קיימות שתי שיטות עיקריות לעבודה ע״ג קו חזור.,על גבי,ע״ג.01,על גבי,weak,2,על גבי | עבודת גילולים,substituted,no,3,wikipedia,וידאו על פי דרישה
ha-02422,ע״ג,"ישנם סוגים שונים של הדפס המובחנים באופן שבו מוטבע הדימוי ע״ג הנייר: דפוס בלט (Relief prints) בו הדימוי בולט כתבליט על פני לוח ההדפסה, כגון חיתוך עץ.",על גבי,ע״ג.01,על גבי,weak,2,על גבי | עבודת גילולים,substituted,no,3,wikipedia,הדפס
ha-02423,ע״ד,"במדינות מסוימות יש לממשלה סמכויות חיקוק של תקנות משנה בחוקים הקיימים (בתנאי שלא יסתרו את החוק) וכן סמכות לצאת למלחמה ע״ד עצמה, לחתום על חוזי שלום ולקבוע את הפיחות במטבע היציג.",על דעת,ע״ד.01,על דעת,weak,4,על דרך | על דעת | עריכת דין | על דבר/דברי,substituted,yes,2,wikipedia,ממשלה
ha-02424,ע״ד,"מטרתו של הצבא הייתה לשמר את החוסן והמורל של העורף הצרפתי, אך תהליך זה מוגדר במחקר כאקט תעמולתי שנועד להשפיע ע״ד הקהל.",על דעת,ע״ד.01,על דעת,weak,4,על דרך | על דעת | עריכת דין | על דבר/דברי,substituted,yes,2,wikipedia,דעת קהל
ha-02425,ע״ד,"תַּעֲמוּלָה (בלועזית: פְּרוֹפָּגַנְדָּה) היא הפצת מידע – עובדות, טיעונים, שמועות, חצאי אמיתות או שקרים – כדי להשפיע ע״ד הקהל.",על דעת,ע״ד.01,על דעת,weak,4,על דרך | על דעת | עריכת דין | על דבר/דברי,substituted,yes,2,wikipedia,תעמולה
ha-02426,ע״ד,"אירוניה מכוונת נפוצה גם כאמצעי רטורי לשם חידוד המסר והבלטתו ע״ד הניגוד, היא יכולה לקבל ביטוי מילולי כאשר הנאמר נוגד במהות את המסר, כפי שמתפרש בהתאם להקשר ולטון הדיבור.",על דרך,ע״ד.02,על דרך,weak,4,על דרך | על דעת | עריכת דין | על דבר/דברי,substituted,yes,2,wikipedia,אירוניה
ha-02427,ע״ד,"ב-1958 הציג זאת כך: כהמשך לדבריו של ראסל, צצו דתות פארודיות המשתמשות בהוכחה ע״ד השלילה כדי להגחיך את הדתות.",על דרך,ע״ד.02,על דרך,weak,4,על דרך | על דעת | עריכת דין | על דבר/דברי,substituted,yes,2,wikipedia,הוכחה בדרך השלילה
ha-02428,ע״ד,"ניתן להגדיר דגים ע״ד השלילה : ""דגים הם כל בעלי חוליות שלא עלו על היבשה"".",על דרך,ע״ד.02,על דרך,weak,4,על דרך | על דעת | עריכת דין | על דבר/דברי,substituted,yes,2,wikipedia,דג
ha-02429,ע״ד,"בראשית ימי המדינה, היו עורכי דין רבים שעלו מחוץ לארץ ולא הצליחו לקבל רישיון ע״ד בגלל קושי הבחינות והחובה להתמחות ארוכה ללא קבלת שכר.",עריכת דין,ע״ד.03,עריכת דין,weak,4,על דרך | על דעת | עריכת דין | על דבר/דברי,substituted,yes,2,wikipedia,עורך דין
ha-02430,ע״ד,בעקבות לחץ של אנשים שבקשו ללמוד ע״ד שונה החוק והוא איפשר לימודי משפטים לצורכי הסמכה כעורך דין במכללה לא אקדמית והוקמו שלוש מכללות לא אקדמיות ללימודי משפט.,עריכת דין,ע״ד.03,עריכת דין,weak,4,על דרך | על דעת | עריכת דין | על דבר/דברי,substituted,yes,2,wikipedia,עורך דין
ha-02431,ע״ד,משרד עורכי דין (או: פירמת עורכי דין) הוא משרד המספק שירותי ע״ד ללקוחותיו.,עריכת דין,ע״ד.03,עריכת דין,weak,4,על דרך | על דעת | עריכת דין | על דבר/דברי,substituted,yes,2,wikipedia,משרד עורכי דין
ha-02432,ע״ה,"על פי הכלל הקובע ""ממון המוטל בספק – יחלוקו"" חכמים חולקים על סומכוס ולדעתם יחול כאן הכלל: ""המוציא מחברו ע״ה"".",עליו הראיה,ע״ה.01,עליו הראיה,weak,3,עם הארץ | עליו הראיה | עליו/עליה השלום,substituted,yes,3,wikipedia,המוציא מחברו עליו הראיה
ha-02433,ע״ה,"בגאונים כתבו כי ישנם שלושה חריגים לכלל ""המוציא מחברו ע״ה"": אומנים בין שהם עובדי קבלנות, או שכירי יום, בין בביתם או אצל בעל העבודה, כתובעים לא יחול עליהם הכלל ""המוציא מחברו ע״ה"".",עליו הראיה,ע״ה.01,עליו הראיה,weak,3,עם הארץ | עליו הראיה | עליו/עליה השלום,substituted,yes,3,wikipedia,המוציא מחברו עליו הראיה
ha-02434,ע״ה,"התובע טוען ברי והנתבע שמא – חלק מהאמוראים אומרים שיש לפעול לפי הכלל ""המוציא מחברו ע״ה"", ויש שאומרים שיש ללכת לפי דעת סומכוס ולחלק.",עליו הראיה,ע״ה.01,עליו הראיה,weak,3,עם הארץ | עליו הראיה | עליו/עליה השלום,substituted,yes,3,wikipedia,המוציא מחברו עליו הראיה
ha-02435,ע״ה,"החוקר יגאל בן-נון סבור כי המונח ""ע״ה"" המופיע בספר מלכים אינו מציין את אוכלוסיית הממלכה, אלא מציין גורם פוליטי, מוקד כוח של האצולה בירושלים, שמשפיע על המלכת המלכים ביהודה.",עם הארץ,ע״ה.02,עם הארץ,weak,3,עם הארץ | עליו הראיה | עליו/עליה השלום,substituted,yes,3,wikipedia,עם הארץ
ha-02436,ע״ה,"במשנה במסכת טהרות (פרק ד משנה ה) נאמר שאם בגדי ע״ה נגעו בתרומה, יש לשרוף את התרומה.",עם הארץ,ע״ה.02,עם הארץ,weak,3,עם הארץ | עליו הראיה | עליו/עליה השלום,substituted,yes,3,wikipedia,עם הארץ
ha-02437,ע״ה,טעמה של הלכה זו שנוי במחלוקת: יש שהסבירו שחכמים חששו שמא אשתו הנידה של ע״ה התיישבה על בגדיו והם נטמאו.,עם הארץ,ע״ה.02,עם הארץ,weak,3,עם הארץ | עליו הראיה | עליו/עליה השלום,substituted,yes,3,wikipedia,עם הארץ
ha-02438,ע״ז,האיסור על ע״ז הוא אחת המצוות של עשרת הדיברות.,עבודה זרה,ע״ז.01,עבודה זרה,weak,2,על זה | עבודה זרה,substituted,yes,2,wikipedia,עבודה זרה
ha-02439,ע״ז,"בנוסף על כך, יש איסור לחמוד ולקחת צלמיות ע״ז בשל שוויים הכספי.",עבודה זרה,ע״ז.01,עבודה זרה,weak,2,על זה | עבודה זרה,substituted,yes,2,wikipedia,עבודה זרה
ha-02440,ע״ז,גם דברי הגדה של פסח המיוסדים על דברי רב במסכת פסחים: ”מתחִלה עובדי ע״ז היו אבותינו” מעידים על מגמה זו.,עבודה זרה,ע״ז.01,עבודה זרה,weak,2,על זה | עבודה זרה,substituted,yes,2,wikipedia,עבודה זרה
ha-02441,ע״ז,"למשל, מסה קובעת את כוח הכבידה שמפעילים גופים זה ע״ז.",על זה,ע״ז.02,על זה,weak,2,על זה | עבודה זרה,substituted,yes,2,wikipedia,מסה
ha-02442,ע״ז,"ככל שמסת הגופים עולה, כמות הכבידה שהם מפעילים זה ע״ז עולה ביחס ישר.",על זה,ע״ז.02,על זה,weak,2,על זה | עבודה זרה,substituted,yes,2,wikipedia,מסה
ha-02443,ע״ז,מלחמה היא מאבק אלים בעצימות גבוהה בין גופים מדיניים וצבאיים על מנת לכפות את רצונם זה ע״ז או למנוע כפייה כזו.,על זה,ע״ז.02,על זה,weak,2,על זה | עבודה זרה,substituted,yes,2,wikipedia,מלחמה
ha-02444,ע״ח,"במילים אחרות, הגוף לא היה יכול להגביר את מהירותו אם לא היה בהתחלה במקום גבוה שמהווה צורת אנרגיה אחרת ומאפשר לו להגביר את מהירותו ע״ח אותה צורת אנרגיה.",על חשבון,ע״ח.01,על חשבון,weak,2,על חשבון | עץ חיים,substituted,yes,2,wikipedia,חוק שימור האנרגיה
ha-02445,ע״ח,"במקרה שנזרוק גוף מגובה פני האדמה נקבל מעבר הפוך של האנרגיה, מאנרגיה קינטית שהזורק נותן לגוף, לאנרגיה פוטנציאלית כובדית, כך שהגוף צובר גובה ע״ח מהירותו שקטֵנה.",על חשבון,ע״ח.01,על חשבון,weak,2,על חשבון | עץ חיים,substituted,yes,2,wikipedia,חוק שימור האנרגיה
ha-02446,ע״ח,"היחסים הדיפלומטיים בין המדינות נותקו בשנת 1964, כאשר שארל דה גול הכיר בלגיטימיות של הרפובליקה העממית של סין ע״ח הרפובליקה של סין.",על חשבון,ע״ח.01,על חשבון,weak,2,על חשבון | עץ חיים,substituted,yes,2,wikipedia,יחסי טאיוואן–צרפת
ha-02447,ע״ח,"ישיבת ע״ח היא ישיבה ותיקה של היישוב הישן בירושלים, הכוללת תלמוד תורה, ישיבה וכולל.",עץ חיים,ע״ח.02,עץ חיים,weak,2,על חשבון | עץ חיים,substituted,yes,2,wikipedia,ישיבת עץ חיים
ha-02448,ע״ח,מיזם נוסף שנבנה כדי לממן את פעולות הישיבה הוא שכונת ע״ח שבסמוך לגשר המיתרים.,עץ חיים,ע״ח.02,עץ חיים,weak,2,על חשבון | עץ חיים,substituted,yes,2,wikipedia,ישיבת עץ חיים
ha-02449,ע״ח,לשכת הרב לאו דחתה את ההאשמות וטענה שמהלכיה בעניין הרב שטסמן אינם קשורים למוסדות ע״ח.,עץ חיים,ע״ח.02,עץ חיים,weak,2,על חשבון | עץ חיים,substituted,yes,2,wikipedia,ישיבת עץ חיים
ha-02450,ע״י,"על פי המתואר במקרא, אוהל זה שימש את ישראל לאורך כל תקופת המדבר, וכן לאחר שנכנסו בני ישראל לארץ ישראל, להקרבת קורבנות ולמטרות פולחניות נוספות, וכן לשם היוועדות האל עם משה, והשראת שכינתו בקרב ע״י.",עַם ישראל,ע״י.02,עַם ישראל,weak,3,על ידי | על יד | עַם ישראל,substituted,yes,2,wikipedia,המשכן
ha-02451,ע״י,"אוהל זה שימש את ישראל לאורך כל תקופת המדבר, וכן לאחר שנכנסו בני ישראל לארץ ישראל, להקרבת קורבנות ולמטרות פולחניות נוספות, וכן לשם היוועדות האל עם משה, והשראת שכינתו בקרב ע״י.",עַם ישראל,ע״י.02,עַם ישראל,weak,3,על ידי | על יד | עַם ישראל,substituted,yes,2,wikipedia,שבעת ימי המילואים
ha-02452,ע״י,"מאתגרת אפילו עצם גישתו למקרא ולתולדות ישראל ואמונתו, הכורכת יחדיו הכרה באופיים ההתפתחותי של אלו, על דרך ביקורת המקרא הגבוהה, עם הזדהות אישית ברורה ועמוקה עִם ע״י, קורותיו ותורתו...",עַם ישראל,ע״י.02,עַם ישראל,weak,3,על ידי | על יד | עַם ישראל,substituted,yes,2,wikipedia,ישראל קנוהל
ha-02453,ע״י,"חוק זה, המכונה ""גולטנדינג"" (מאנגלית: Goaltending), נועד למנוע משחקני הגנה לתפקד כ""שוערים"" ע״י הסל.",על יד,ע״י.03,על יד,weak,3,על ידי | על יד | עַם ישראל,substituted,yes,2,wikipedia,חסימה (כדורסל)
ha-02454,ע״י,"המושג נטבע ע״י ריצ'רד סטולמן, מייסד המוסד לתוכנה חופשית, בשנת 1984.",על יד,ע״י.03,על יד,weak,3,על ידי | על יד | עַם ישראל,substituted,yes,2,wikipedia,תוכנה חופשית
ha-02455,ע״י,"כמו כן יצאו בהוצאה מחקרים וחיבורים מדעיים וכתב עת הנקרא ""קובץ ע״י"".",על יד,ע״י.03,על יד,weak,3,על ידי | על יד | עַם ישראל,substituted,yes,2,wikipedia,מקיצי נרדמים
ha-02456,ע״י,"עם זאת, עלו טענות[דרוש מקור: ע״י מי?] כי תווי הפנים של האמוג'ים החדשים עודם מבטאים תווי פנים של אנשים לבנים.",על ידי,ע״י.01,על ידי,verified,3,על ידי | על יד | עַם ישראל,natural,yes,2,wikipedia,אמוג'י
ha-02457,ע״י,"יחד עם זאת, חלק מנגני המוזיקה הים-תיכונית מחפשים להתגבר על מגבלה זו ולהרחיב את המנעד הצלילי של הכלי ע״י הוספת ""סריג צף"" לצוואר הבוזוקי (סריג ביניים אשר אינו מקובע לעץ הלוח).",על ידי,ע״י.01,על ידי,verified,3,על ידי | על יד | עַם ישראל,natural,yes,2,wikipedia,בוזוקי
ha-02458,ע״י,התקן פותח ע״י ארגון התקינה הבין-לאומי (ISO) תחת טיוטת תקן בין-לאומי 27729.,על ידי,ע״י.01,על ידי,weak,3,על ידי | על יד | עַם ישראל,substituted,yes,2,wikipedia,תקן בין-לאומי למזהי שמות
ha-02459,ע״י,"הוא מנוהל ע״י נציגי ארגונים אלו, במקרה של CENL, ע״י נציגים של הספרייה הלאומית של צרפת ושל הספרייה הבריטית.",על ידי,ע״י.01,על ידי,weak,3,על ידי | על יד | עַם ישראל,substituted,yes,2,wikipedia,תקן בין-לאומי למזהי שמות
ha-02460,ע״י,"המערכת מבוססת בעיקר על VIAF, אשר פותחה ע״י OCLC ליצירת קטלוגים לספריות.",על ידי,ע״י.01,על ידי,weak,3,על ידי | על יד | עַם ישראל,substituted,yes,2,wikipedia,תקן בין-לאומי למזהי שמות
ha-02461,ע״כ,"""ע״כ!"" היא תוכנית בידור סאטירית ישראלית של ערוץ הטלוויזיה כאן 11.",עד כאן,ע״כ.01,עד כאן,weak,4,"על כך | על כן | עד כאן | על כורחך, (על כורחי, על כורחו)",substituted,yes,2,wikipedia,עד כאן!
ha-02462,ע״כ,"במהלך אפריל 2020 במקביל לשידור העונה החמישית (ע״כ 2020) התחילה ע״כ+ בה פורמט התכנית חזר להיות ""ימין נגד שמאל"".",עד כאן,ע״כ.01,עד כאן,weak,4,"על כך | על כן | עד כאן | על כורחך, (על כורחי, על כורחו)",substituted,yes,2,wikipedia,עד כאן!
ha-02463,ע״כ,ע״כ הוא ארגון ימני העוסק בביצוע תחקירים ובפעילות ציבורית נגד תופעות שהוא מגדיר כפוגעות בחוסנה ובתדמיתה של מדינת ישראל.,עד כאן,ע״כ.01,עד כאן,weak,4,"על כך | על כן | עד כאן | על כורחך, (על כורחי, על כורחו)",substituted,yes,2,wikipedia,עד כאן צעירים למען ישראל
ha-02464,ע״כ,"נוסף ע״כ, לשחקנים המועמדים לאוסקר על השתתפות בסרט דרמה יש סיכוי גבוה משמעותית לזכות בפרס בהשוואה למועמדים שהשתתפו בסוגות אחרות.",על כך,ע״כ.02,על כך,weak,4,"על כך | על כן | עד כאן | על כורחך, (על כורחי, על כורחו)",substituted,yes,2,wikipedia,סרט דרמה
ha-02465,ע״כ,"במשחקי ידידות רשאיות הקבוצות, אם הוסכם ע״כ ביניהן, לחרוג מכללי ההחלפות הרגילים או לשתף שחקנים שאינם רשומים באופן רשמי כשחקני הקבוצה, כדי לאפשר שיתוף של שחקנים רבים במהלך המשחק.",על כך,ע״כ.02,על כך,weak,4,"על כך | על כן | עד כאן | על כורחך, (על כורחי, על כורחו)",substituted,yes,2,wikipedia,משחק ידידות
ha-02466,ע״כ,"בנוסף ע״כ, בהיבט החברתי והתרבותי, מדינות מוגדרות מערביות כאשר הן מקיימות בתוכן רף מסוים של זכויות האדם.",על כך,ע״כ.02,על כך,weak,4,"על כך | על כן | עד כאן | על כורחך, (על כורחי, על כורחו)",substituted,yes,2,wikipedia,העולם המערבי
ha-02467,ע״כ,"ע״כ, קורה לא אחת ששחקני הקבוצה מחליטים במוצהר לייצר מצבי הבקעה עבור שחקן אחד כדי שירבה לכבוש או נותנים לו את האחריות לביצוע בעיטות עונשין שבהן הסיכוי להבקעה גבוה.",על כן,ע״כ.03,על כן,weak,4,"על כך | על כן | עד כאן | על כורחך, (על כורחי, על כורחו)",substituted,yes,2,wikipedia,מלך השערים
ha-02468,ע״כ,"גופים נוספים שמציגים את מצעדי המוזיקה הם MusicLoad ו-Mix 1.‏ יתר ע״כ, GfK אנטרטיינמנט מפעילה אתר אינטרנט ייעודי המספק חדשות הקשורות למצעדי המוזיקה, וגישה לרוב מצעדי המוזיקה.",על כן,ע״כ.03,על כן,weak,4,"על כך | על כן | עד כאן | על כורחך, (על כורחי, על כורחו)",substituted,yes,2,wikipedia,מצעדי ה-GfK אנטרטיינמנט
ha-02469,ע״כ,"ע״כ, בדרך כלל התנאי הוא זמן קצר, והדרישה אינה פתוחה למשא ומתן.",על כן,ע״כ.03,על כן,weak,4,"על כך | על כן | עד כאן | על כורחך, (על כורחי, על כורחו)",substituted,yes,2,wikipedia,אולטימטום
ha-02470,ע״מ,"החוק מחלק את העוסקים לשני סוגים: ע״מ, ועוסק פטור.",עוסק מורשה,ע״מ.01,עוסק מורשה,weak,2,על מנת | עוסק מורשה,substituted,yes,3,wikipedia,עוסק
ha-02471,ע״מ,"רשות המיסים קובעת מיהו ע״מ ומיהו עוסק פטור, בהתאם לקריטריונים הקבועים בחוק.",עוסק מורשה,ע״מ.01,עוסק מורשה,weak,2,על מנת | עוסק מורשה,substituted,yes,3,wikipedia,עוסק
ha-02472,ע״מ,"ע״מ מוגדר בחוק מס ערך מוסף כעוסק שמחזור עסקאותיו בשנה אינו עולה על סכום הקבוע בחוק, אשר מתעדכן מדי שנה על פי שיעור עליית מדד המחירים לצרכן.",עוסק מורשה,ע״מ.01,עוסק מורשה,weak,2,על מנת | עוסק מורשה,substituted,yes,3,wikipedia,עוסק מורשה
ha-02473,ע״מ,"עקב השליטה בגוף, הכושר והגמישות הנדרשים ע״מ לבצע יצירות ריקוד מורכבות, דרושה הכשרה רבת שנים ע״מ להפוך לרקדן מקצועי, ואימונים רבים ע״מ לשמור על רמה מקצועית נאותה.",על מנת,ע״מ.02,על מנת,weak,2,על מנת | עוסק מורשה,substituted,yes,3,wikipedia,רקדן
ha-02474,ע״מ,בגרסאות ישנות של BASIC היה שימוש בנקודתיים ע״מ להפריד משפטים באותה שורה.,על מנת,ע״מ.02,על מנת,weak,2,על מנת | עוסק מורשה,substituted,yes,3,wikipedia,נקודתיים
ha-02475,ע״מ,סרט טלוויזיה הוא סרט קצר או באורך מלא אשר מופק מלכתחילה ע״מ להיות משודר בטלוויזיה.,על מנת,ע״מ.02,על מנת,weak,2,על מנת | עוסק מורשה,substituted,yes,3,wikipedia,סרט טלוויזיה
ha-02476,ע״נ,"בשכנות לבית החולים ע״נ, מצידו השני של רחוב יפו הוקם בשנת 1901 מושב הזקנים הכללי המאוחד ובמרחק מה ממנו - לכוון מזרח הוקם בית חולים שערי צדק בשנת 1902.",עזרת נשים,ע״נ.01,עזרת נשים,weak,4,עזרת נשים | ערך נקוב | עילוי נשמה | עונת נדרים,substituted,yes,3,wikipedia,בית חולים הרצוג
ha-02477,ע״נ,"בראשית שנות ה-90, שינה בית החולים ""ע״נ"" את שמו ל""בית חולים הרצוג"" על שם הרבנית שרה הרצוג שכיהנה כארבעים שנה כנשיאת בית החולים ותרמה לקידומו.",עזרת נשים,ע״נ.01,עזרת נשים,weak,4,עזרת נשים | ערך נקוב | עילוי נשמה | עונת נדרים,substituted,yes,3,wikipedia,בית חולים הרצוג
ha-02478,ע״נ,"מקור השם ""ע״נ"" בעזרת הנשים שהייתה בבית המקדש, אף כי שם לא מדובר באזור המיוחד לנשים, אלא שנקרא כך על שם מרפסות שהותקנו בו לעמידת נשים בזמן שמחת בית השואבה.",עזרת נשים,ע״נ.01,עזרת נשים,weak,4,עזרת נשים | ערך נקוב | עילוי נשמה | עונת נדרים,substituted,yes,3,wikipedia,עזרת נשים (בית כנסת)
ha-02479,ע״נ,ע״נ ביהדות היא האמונה[דרוש מקור] שנשמות המתים יכולות לעלות ממקומן הנוכחי במרומים למקום גבוה ונאצל יותר.,עילוי נשמה,ע״נ.02,עילוי נשמה,weak,4,עזרת נשים | ערך נקוב | עילוי נשמה | עונת נדרים,substituted,yes,3,wikipedia,עילוי נשמה
ha-02480,ע״נ,"לעילוי נשמת - מתנה, לימוד או מעשים טובים הנעשים על מנת להשיג ""ע״נ"" - מצב בו הנשמה מתקדמת בגן עדן או יוצאת מהגיהנום.",עילוי נשמה,ע״נ.02,עילוי נשמה,weak,4,עזרת נשים | ערך נקוב | עילוי נשמה | עונת נדרים,substituted,yes,3,wikipedia,נשמה
ha-02481,ע״נ,"פעולות אלו מכונות במסורת היהודית בשם ""ע״נ"".",עילוי נשמה,ע״נ.02,עילוי נשמה,weak,4,עזרת נשים | ערך נקוב | עילוי נשמה | עונת נדרים,substituted,yes,3,wikipedia,מוות
ha-02482,ע״נ,בול ללא ע״נ הוכנס לשימוש בפעם הראשונה בארצות הברית בשנת 1975 ולמחזור בישראל ב-12 בספטמבר 1982.,ערך נקוב,ע״נ.03,ערך נקוב,weak,4,עזרת נשים | ערך נקוב | עילוי נשמה | עונת נדרים,substituted,yes,3,wikipedia,בול דואר
ha-02483,ע״נ,"בולים ללא ע״נ מונפקים בבריטניה, ישראל, סינגפור, פינלנד, בלגיה, צרפת, נורווגיה, מונקו, שוודיה וקנדה.",ערך נקוב,ע״נ.03,ערך נקוב,weak,4,עזרת נשים | ערך נקוב | עילוי נשמה | עונת נדרים,substituted,yes,3,wikipedia,בול דואר
ha-02484,ע״נ,"בול ללא ע״נ הוא בול דואר, או דבר בולים, שאין עליו סימון מפורש המציין את ערכו לצורך משלוח דבר דואר.",ערך נקוב,ע״נ.03,ערך נקוב,weak,4,עזרת נשים | ערך נקוב | עילוי נשמה | עונת נדרים,substituted,yes,3,wikipedia,בול ללא ערך נקוב
ha-02485,ע״ס,"ע״ס היא מקצוע טיפולי העוסק בבעיות חברתיות ובסיבות שגרמו להן, על ידי קידום יחידים, משפחות וקהילות מעבר למגבלות ולקשיים בהם הם נתונים.",עבודה סוציאלית,ע״ס.01,עבודה סוציאלית,weak,4,על סמך | על סך | עבודה סוציאלית | עשר ספירות,substituted,yes,2,wikipedia,עבודה סוציאלית
ha-02486,ע״ס,"בשנת 1917 הגתה מרי ריצ'מונד, המזוהה כאם של ע״ס פרטנית, את בסיס הידע הראשוני השיטתי לעבודה בארגון.",עבודה סוציאלית,ע״ס.01,עבודה סוציאלית,weak,4,על סמך | על סך | עבודה סוציאלית | עשר ספירות,substituted,yes,2,wikipedia,עבודה סוציאלית
ha-02487,ע״ס,"בשנת 1915, אברהם פלקסנר הציג בנאומו את ממצאיו בנוגע לשאלה האם ע״ס היא מקצוע.",עבודה סוציאלית,ע״ס.01,עבודה סוציאלית,weak,4,על סמך | על סך | עבודה סוציאלית | עשר ספירות,substituted,yes,2,wikipedia,עבודה סוציאלית
ha-02488,ע״ס,בסוף שנת 2016 עמד החוב הממשלתי ע״ס 740.8 מיליארד שקל – שמהווים 62.2% מהתוצר בסוף שנת 2017 עמד החוב הממשלתי ע״ס 747.1 מיליארד שקל.,על סך,ע״ס.02,על סך,weak,4,על סמך | על סך | עבודה סוציאלית | עשר ספירות,substituted,yes,2,wikipedia,חוב ציבורי
ha-02489,ע״ס,בסוף שנת 2018 עמד החוב הממשלתי ע״ס 788.3 מיליארד שקל.,על סך,ע״ס.02,על סך,weak,4,על סמך | על סך | עבודה סוציאלית | עשר ספירות,substituted,yes,2,wikipedia,חוב ציבורי
ha-02490,ע״ס,"בסוף שנת 2019 עמד החוב הממשלתי ע״ס 822.3 מיליארד שקל – שמהווים 60% מהתוצר בסוף שנת 2020 עמד החוב הממשלתי ע״ס 984.0 מיליארד שקל, שמהווים 72.4% מהתוצר.",על סך,ע״ס.02,על סך,weak,4,על סמך | על סך | עבודה סוציאלית | עשר ספירות,substituted,yes,2,wikipedia,חוב ציבורי
ha-02491,ע״ס,מנחי הטלוויזיה נבחרים גם ע״ס מראם החיצוני.,על סמך,ע״ס.03,על סמך,weak,4,על סמך | על סך | עבודה סוציאלית | עשר ספירות,substituted,yes,2,wikipedia,מנחה (מקצוע)
ha-02492,ע״ס,"מיון זה מתבסס על הבדלים מורפולוגיים (צורניים), אולם מערכות נבדלות זו מזו לעיתים ע״ס המבנה הפנימי שלהן.",על סמך,ע״ס.03,על סמך,weak,4,על סמך | על סך | עבודה סוציאלית | עשר ספירות,substituted,yes,2,wikipedia,מערכה (טקסונומיה)
ha-02493,ע״ס,"צוות מרכז נתוני האסטרונומיה של שטרסבורג מבצע גם זיהוי צולב ע״ס תאימות של מספר פרמטרים, בגבול של אסטרומטריה טובה למדי.",על סמך,ע״ס.03,על סמך,weak,4,על סמך | על סך | עבודה סוציאלית | עשר ספירות,substituted,yes,2,wikipedia,SIMBAD
ha-02494,ע״ע,"אחת מהן היא ”אגודה להתיישבות שהיא יישוב נפרד המקיים חברה שיתופית של חבריו, המאורגנת על יסודות של בעלות הכלל על הקניין ומטרותיה ע״ע, שווין ושיתוף בכל שטחי הייצור, הצריכה והחינוך”.",עבודה עצמית,ע״ע.01,עבודה עצמית,weak,4,ערך עצמי | עיין ערך | עבודה עצמית | ערעור עבודה,substituted,yes,3,wikipedia,קיבוץ
ha-02495,ע״ע,"התיעוש הקיבוצי היה בחלקו מבוסס על שכירים ובחלקו על ע״ע, אולם בתחילה היה דומיננטי חיקוי הפרקטיקות של תעשייה קפיטליסטית כגון ניהול אוטוקרטי, פריבילגיות למנהלים והמשכיותם הבלתי-מוגבלת.",עבודה עצמית,ע״ע.01,עבודה עצמית,weak,4,ערך עצמי | עיין ערך | עבודה עצמית | ערעור עבודה,substituted,yes,3,wikipedia,קיבוץ
ha-02496,ע״ע,"היישוב מאורגן על יסודות של שיתוף הכלל בקניין ובאמצעי הייצור, של ע״ע ושל שוויון, בצריכה ובחינוך.",עבודה עצמית,ע״ע.01,עבודה עצמית,weak,4,ערך עצמי | עיין ערך | עבודה עצמית | ערעור עבודה,substituted,yes,3,wikipedia,קיבוץ
ha-02497,ע״ע,ע״ע: אהבה הוא רומן מאת דויד גרוסמן שיצא לאור ב-1986.,עיין ערך,ע״ע.02,עיין ערך,weak,4,ערך עצמי | עיין ערך | עבודה עצמית | ערעור עבודה,substituted,yes,3,wikipedia,עיין ערך: אהבה
ha-02498,ע״ע,"עובּדה מתוך הפרק הראשון בספרו של גרוסמן - ""ע״ע: אהבה"" (1986).",עיין ערך,ע״ע.02,עיין ערך,weak,4,ערך עצמי | עיין ערך | עבודה עצמית | ערעור עבודה,substituted,yes,3,wikipedia,מומיק
ha-02499,ע״ע,"הספר ""ע״ע: אהבה"" שבר את המוסכמות בספרות ובתרבות העברית, בכך שהיה אחד הספרים הראשונים שהעזו לדבר על השפעות השואה על ילדי הדור השני ועל אורח החיים בארץ.",עיין ערך,ע״ע.02,עיין ערך,weak,4,ערך עצמי | עיין ערך | עבודה עצמית | ערעור עבודה,substituted,yes,3,wikipedia,מומיק
ha-02500,ע״ע,"בגלל הקשר ההדוק בין העתקות ליניאריות לבין המטריצות שמייצגות אותן (כלומר, אפשר לחשוב על שתיהן כעל שני תיאורים שונים של אותו רעיון), ההגדרה של ע״ע זהה בשני המקרים.",ערך עצמי,ע״ע.03,ערך עצמי,weak,4,ערך עצמי | עיין ערך | עבודה עצמית | ערעור עבודה,substituted,yes,3,wikipedia,ערך עצמי
ha-02501,ע״ע,"אם יש פתרונות לא טריוויאליים, אז λ {\displaystyle \,\lambda } הוא ע״ע, ובמקרה זה ממדו של המרחב קרוי הריבוי הגאומטרי של הסקלר (ראו להלן).",ערך עצמי,ע״ע.03,ערך עצמי,weak,4,ערך עצמי | עיין ערך | עבודה עצמית | ערעור עבודה,substituted,yes,3,wikipedia,ערך עצמי
ha-02502,ע״ע,"מטריצה ניתנת ללכסון אם ורק אם הפולינום האופייני שלה מתפרק לגורמים ליניאריים מעל השדה, והריבוי האלגברי של כל ע״ע שלה שווה לריבוי הגאומטרי שלו.",ערך עצמי,ע״ע.03,ערך עצמי,weak,4,ערך עצמי | עיין ערך | עבודה עצמית | ערעור עבודה,substituted,yes,3,wikipedia,ערך עצמי
ha-02503,ע״פ,כמו כן סיפורי תולדות הזמן הונחלו בכתב ובעיקר ע״פ.,על פה,ע״פ.02,על פה,weak,5,על פי | על פניו | על פה | ערעור פלילי | עושה פסים (=סרגל),substituted,yes,1,wikipedia,חדשות (תקשורת)
ha-02504,ע״פ,אלו יכלו להשתמש במידע ולהעבירו בכתב או ע״פ לשאר אוכלוסיית העיר או המחוז.,על פה,ע״פ.02,על פה,weak,5,על פי | על פניו | על פה | ערעור פלילי | עושה פסים (=סרגל),substituted,yes,1,wikipedia,חדשות (תקשורת)
ha-02505,ע״פ,"וכל פרק ופרק אחלק אותו להלכות קטנות, כדי שיהיו סדורין ע״פ"".",על פה,ע״פ.02,על פה,weak,5,על פי | על פניו | על פה | ערעור פלילי | עושה פסים (=סרגל),substituted,yes,1,wikipedia,משנה תורה
ha-02506,ע״פ,"הספר הוא מעין ""אנציקלופדיה לדיני ממונות וחושן משפט"" מסודר לפי עניינים ונושאים ולא ע״פ סדר מסכתות התלמוד.",על פי,ע״פ.01,על פי,verified,5,על פי | על פניו | על פה | ערעור פלילי | עושה פסים (=סרגל),natural,yes,1,wikipedia,שמואל הסרדי
ha-02507,ע״פ,"זה לא מפתיע - ע״פ נתוני Mail.ru, לא פחות מ-25 מיליון מאזרחי אוקראינה עושים שימוש בשירותי הפורטל, יותר ממחצית מאוכלוסיית המדינה.",על פי,ע״פ.01,על פי,verified,5,על פי | על פניו | על פה | ערעור פלילי | עושה פסים (=סרגל),natural,yes,1,wikipedia,פטרו פורושנקו
ha-02508,ע״פ,"סוגות מסוימות, כמו מוזיקה הודית או שאנסון צרפתי, מוגדרות ע״פ מיקום גאוגרפי.",על פי,ע״פ.01,על פי,weak,5,על פי | על פניו | על פה | ערעור פלילי | עושה פסים (=סרגל),substituted,yes,1,wikipedia,סוגה מוזיקלית
ha-02509,ע״פ,"סוגות אחרות, כמו מוזיקת בארוק מוגדרות בעיקר ע״פ מיקומן בציר הזמן.",על פי,ע״פ.01,על פי,weak,5,על פי | על פניו | על פה | ערעור פלילי | עושה פסים (=סרגל),substituted,yes,1,wikipedia,סוגה מוזיקלית
ha-02510,ע״פ,הרישום לאתר הוא בחינם אף ע״פ שהאתר הוא מסחרי.,על פי,ע״פ.01,על פי,weak,5,על פי | על פניו | על פה | ערעור פלילי | עושה פסים (=סרגל),substituted,yes,1,wikipedia,WorldCat
ha-02511,ע״פ,"זהו משטח אינסופי חלק, שהעקמומיות בכל נקודה ע״פ קבועה.",על פניו,ע״פ.03,על פניו,weak,5,על פי | על פניו | על פה | ערעור פלילי | עושה פסים (=סרגל),substituted,yes,1,wikipedia,גליל (גאומטריה)
ha-02512,ע״פ,"הגליל הוא משטח ישרים (עבור כל נקודה ע״פ, קיים ישר העובר דרכה, ושוכן במשטח).",על פניו,ע״פ.03,על פניו,weak,5,על פי | על פניו | על פה | ערעור פלילי | עושה פסים (=סרגל),substituted,yes,1,wikipedia,גליל (גאומטריה)
ha-02513,ע״פ,"בגאומטריה, רדיוס (או מחוג בעברית) הוא הקטע המחבר את מרכזו של מעגל עם נקודה על היקפו, או את מרכזו של כדור עם כל נקודה ע״פ.",על פניו,ע״פ.03,על פניו,weak,5,על פי | על פניו | על פה | ערעור פלילי | עושה פסים (=סרגל),substituted,yes,1,wikipedia,רדיוס
ha-02514,ע״פ,"רשות ע״פ 10141/09 אברהם בן חיים נגד מדינת ישראל (6 במרץ 2012) הוא פסק דין מרכזי ותקדימי, אשר זכה לתהודה משפטית רחבה.",ערעור פלילי,ע״פ.04,ערעור פלילי,weak,5,על פי | על פניו | על פה | ערעור פלילי | עושה פסים (=סרגל),substituted,yes,1,wikipedia,הלכת בן חיים
ha-02515,ע״פ,"ע״פ שהשופט מנינג דן בו, אשר זכה לתהודה ציבורית נרחבת היה בעניין פרשת הרצח בחולות תל נוף.",ערעור פלילי,ע״פ.04,ערעור פלילי,weak,5,על פי | על פניו | על פה | ערעור פלילי | עושה פסים (=סרגל),substituted,yes,1,wikipedia,ריצ'רד ג'וזף מנינג
ha-02516,ע״ר,האמבולנס מצויד בציוד הנדרש על מנת לשמר את מצבו של החולה או הפצוע ולספק לו ע״ר בסיסית עד הגעתו לבית חולים.,עזרה ראשונה,ע״ר.02,עזרה ראשונה,weak,3,עזרה ראשונה | עמותה רשומה | עיתון רשמי,substituted,yes,1,wikipedia,אמבולנס
ha-02517,ע״ר,"הוא נועד לספק ע״ר בסיסית, ומכיל ציוד החייאה בסיסית (BLS), חבישה וקיבוע, דפיברילטור חצי אוטומטי (AED), ערכות לידה, חמצן ועירוי.",עזרה ראשונה,ע״ר.02,עזרה ראשונה,weak,3,עזרה ראשונה | עמותה רשומה | עיתון רשמי,substituted,yes,1,wikipedia,אמבולנס
ha-02518,ע״ר,"מכילה ציוד ע״ר שבאירועים גדולים כגון פיגועים, רעידות אדמה, אסונות טבע, מיועד לפריסה בשטח כבית חולים שדה, ולכן היא נושאת את כל ציוד האמבולנס בכמויות גדולות במיוחד.",עזרה ראשונה,ע״ר.02,עזרה ראשונה,weak,3,עזרה ראשונה | עמותה רשומה | עיתון רשמי,substituted,yes,1,wikipedia,אמבולנס
ha-02519,ע״ר,"בסך הכול יצאו 50 גיליונות של ""ע״ר"", בתכיפות של לפחות אחת לשבוע עד לפברואר 1949, עת נבחרה האספה המכוננת שהכריזה על עצמה כנסת ופרסומיה נלקטו בעיתון המתעד של ישראל, רשומות.",עיתון רשמי,ע״ר.03,עיתון רשמי,weak,3,עזרה ראשונה | עמותה רשומה | עיתון רשמי,substituted,yes,1,wikipedia,הממשלה הזמנית
ha-02520,ע״ר,"האחת, ע״ר מטעם המדינה אשר מפרסם חוקים, תקנות והודעות רשמיות של גופי המדינה.",עיתון רשמי,ע״ר.03,עיתון רשמי,weak,3,עזרה ראשונה | עמותה רשומה | עיתון רשמי,substituted,yes,1,wikipedia,עיתון מתעד
ha-02521,ע״ר,"למרות היותו ע״ר של המפלגה הובעו בו, בעידודו של עורכו לופבן, דעות אופוזיציוניות לקו המרכזי של המפלגה.",עיתון רשמי,ע״ר.03,עיתון רשמי,weak,3,עזרה ראשונה | עמותה רשומה | עיתון רשמי,substituted,yes,1,wikipedia,הפועל הצעיר (עיתון)
ha-02522,ע״ר,"תכלית - המכון למדיניות ישראלית ע״ר הוא מכון מחקר ישראלי יישומי הפועל לחיזוק הדמוקרטיה הישראלית ומוסדותיה, ולחידוש האמנה האזרחית בין כל חלקי החברה הישראלית.",עמותה רשומה,ע״ר.01,עמותה רשומה,verified,3,עזרה ראשונה | עמותה רשומה | עיתון רשמי,natural,yes,1,wikipedia,מכון תכלית
ha-02523,ע״ר,"ההתאחדות לכדורגל בישראל היא ע״ר, המאגדת למעלה מ-1,000 קבוצות כדורגל ישראליות וכ-40,000 שחקניות ושחקנים.",עמותה רשומה,ע״ר.01,עמותה רשומה,weak,3,עזרה ראשונה | עמותה רשומה | עיתון רשמי,substituted,yes,1,wikipedia,ההתאחדות לכדורגל בישראל
ha-02524,ע״ר,"העמותה הישראלית לפרהיסטוריה (נוסדה ב-1960) היא ע״ר המאגדת את חוקרי הפרהיסטוריה של האדם בישראל, מתחומי הארכאולוגיה להתמחויותיה, האנתרופולוגיה הפיזית, מדעי הארכאולוגיה וחקר הרביעון.",עמותה רשומה,ע״ר.01,עמותה רשומה,weak,3,עזרה ראשונה | עמותה רשומה | עיתון רשמי,substituted,yes,1,wikipedia,העמותה הישראלית לפרהיסטוריה
ha-02525,ע״ר,אקדמיית מצמיחים - ע״ר משנת 2004 הפועלת להפחתת אלימות וניכור בבתי ספר.,עמותה רשומה,ע״ר.01,עמותה רשומה,weak,3,עזרה ראשונה | עמותה רשומה | עיתון רשמי,substituted,yes,1,wikipedia,חרם חברתי
ha-02526,ע״ש,"בשנת 2007 שיחק (עם אסתי סבידנסקי) וביים בתיאטרון תמונע בתל אביב ובתיאטרון הספרייה ברמת גן את ההצגה ""ע״ש"", עיבוד של רועי חן לפי רומן המכתבים מאת שלום עליכם על ""איש העסקים"" מנחם מנדל.",עיקר שכחתי,ע״ש.03,עיקר שכחתי,weak,5,על שום | עמוד השדרה | ערב שבת | עיין שם | עיקר שכחתי,substituted,yes,1,wikipedia,מיכאל טפליצקי
ha-02527,ע״ש,"כמו כן, ביים את ההצגה ""ע״ש"" בבית שלום עליכם ותיאטרון תמונע.",עיקר שכחתי,ע״ש.03,עיקר שכחתי,weak,5,על שום | עמוד השדרה | ערב שבת | עיין שם | עיקר שכחתי,substituted,yes,1,wikipedia,מיכאל טפליצקי
ha-02528,ע״ש,"הוא ביים את ההצגה ""ע״ש"" בתיאטרון בסנט פטרבורג בתיאטרון ""Takoy Teatr"".",עיקר שכחתי,ע״ש.03,עיקר שכחתי,weak,5,על שום | עמוד השדרה | ערב שבת | עיין שם | עיקר שכחתי,substituted,yes,1,wikipedia,מיכאל טפליצקי
ha-02529,ע״ש,איתן הוא פרופסור אמריטוס בבית הספר למוזיקה ע״ש בוכמן-מהטה באוניברסיטת תל אביב.,על שום,ע״ש.02,,unverified,5,על שום | עמוד השדרה | ערב שבת | עיין שם | עיקר שכחתי,natural,yes,1,wikipedia,זהר איתן
ha-02530,ע״ש,"מקור המילה הוא איטלקי, ע״ש הים האגאי שמכונה ""ארכיפלגו"" (Archipelago).",על שום,ע״ש.02,על שום,weak,5,על שום | עמוד השדרה | ערב שבת | עיין שם | עיקר שכחתי,substituted,yes,1,wikipedia,ארכיפלג
ha-02531,ע״ש,"חסידות אשלג היא כינוי למספר חצרות חסידיות-קבליות שקמו בישראל על ידי תלמידיו וצאצאיו של המקובל הרב יהודה לייב הלוי אשלג, המכונה ""בעל הסולם"", ע״ש פירושו לספר הזוהר הקרוי ""הסולם"".",על שום,ע״ש.02,על שום,weak,5,על שום | עמוד השדרה | ערב שבת | עיין שם | עיקר שכחתי,substituted,yes,1,wikipedia,חסידות אשלג
ha-02532,ע״ש,עיקר פרסומה בא לה ע״ש היותה מקור היין הקרוי על שמה – יין מרסלה.,על שום,ע״ש.02,על שום,weak,5,על שום | עמוד השדרה | ערב שבת | עיין שם | עיקר שכחתי,substituted,yes,1,wikipedia,מרסלה (עיר)
ha-02533,ע״ש,"2008 – תחילת בניית אגף האשפוז החדש ע""ש הלנברג.",עמוד השדרה,ע״ש.01,,unverified,5,על שום | עמוד השדרה | ערב שבת | עיין שם | עיקר שכחתי,natural,yes,1,wikipedia,המרכז הרפואי לשיקום לוינשטיין
ha-02534,ע״ש,"2013 – חנוכת אגף האשפוז החדש ע""ש איניאס הלנברג.",עמוד השדרה,ע״ש.01,,unverified,5,על שום | עמוד השדרה | ערב שבת | עיין שם | עיקר שכחתי,natural,yes,1,wikipedia,המרכז הרפואי לשיקום לוינשטיין
ha-02535,ע״ש,"המחלקה לשיקום שדרה ע״ש אורנשטיין - הגדולה מסוגה בארץ, מהגדולות בעולם ומובילה בעולם בהערכת תפקוד של נפגעי חוט השדרה.",עמוד השדרה,ע״ש.01,,unverified,5,על שום | עמוד השדרה | ערב שבת | עיין שם | עיקר שכחתי,natural,yes,1,wikipedia,המרכז הרפואי לשיקום לוינשטיין
ha-02536,ע״ש,לאורך ע״ש עוברת תעלת השדרה (Canalis vertebralis) והיא מכילה את חוט השדרה ומגינה עליו.,עמוד השדרה,ע״ש.01,עמוד השדרה,weak,5,על שום | עמוד השדרה | ערב שבת | עיין שם | עיקר שכחתי,substituted,yes,1,wikipedia,עמוד השדרה
ha-02537,ע״ש,קיומו של ע״ש בשלד מהווה סיווג לתת-קבוצה של בעלי חיים – בעלי חוליות.,עמוד השדרה,ע״ש.01,עמוד השדרה,weak,5,על שום | עמוד השדרה | ערב שבת | עיין שם | עיקר שכחתי,substituted,yes,1,wikipedia,עמוד השדרה
ha-02538,ע״ש,ע״ש מורכב מעשרים וארבע חוליות נעות ועוד חוליות מאוחות בעצם העצה ובעצם העוקץ.,עמוד השדרה,ע״ש.01,עמוד השדרה,weak,5,על שום | עמוד השדרה | ערב שבת | עיין שם | עיקר שכחתי,substituted,yes,1,wikipedia,עמוד השדרה
ha-02539,ע״ש,"בספר החוקים הישראלי נמנעו משימוש במושג זה של ע״ש וחג, וכתבו במקומו: ""יום לפני יום המנוחה כפי שנקבע"".",ערב שבת,ע״ש.04,ערב שבת,weak,5,על שום | עמוד השדרה | ערב שבת | עיין שם | עיקר שכחתי,substituted,yes,1,wikipedia,ערב שבת
ha-02540,ע״ש,"קבלת שבת היא קבוצת מזמורי תהילים ופיוט הנאמרים בבית הכנסת בזמן המעבר בין ע״ש לליל שבת, בין תפילת מנחה של חול לתפילת ערבית של שבת, ומציינת את תחילתה של השבת.",ערב שבת,ע״ש.04,ערב שבת,weak,5,על שום | עמוד השדרה | ערב שבת | עיין שם | עיקר שכחתי,substituted,yes,1,wikipedia,קבלת שבת
ha-02541,ע״ש,"בַּמֶּה מַדְלִיקִין (שבע משניות) – דיני השמנים והפתילות הכשרים להדלקת נרות שבת וחנוכה, דיני חנוכה ודיני ע״ש בין השמשות.",ערב שבת,ע״ש.04,ערב שבת,weak,5,על שום | עמוד השדרה | ערב שבת | עיין שם | עיקר שכחתי,substituted,yes,1,wikipedia,מסכת שבת
ha-02542,פא״י,במהלך הדיונים הוא דיווח על פעילותה של תנועת פא״י והעלה דרישה מבעלי בתי חרושת החרדים להעסיק פועלים שומרי שבת.,פועלי אגודת ישראל,פא״י.01,פועלי אגודת ישראל,weak,3,פחות או יותר | פועלי אגודת ישראל | פועלי ארץ ישראל,substituted,yes,3,wikipedia,פועלי אגודת ישראל
ha-02543,פא״י,למרות ההתנגדות הובילה המצוקה של חברי הקבוצה את חברי פא״י להחליט בוועידתם ב־1941 על יצירת קשר עם המוסדות הציונים.,פועלי אגודת ישראל,פא״י.01,פועלי אגודת ישראל,weak,3,פחות או יותר | פועלי אגודת ישראל | פועלי ארץ ישראל,substituted,yes,3,wikipedia,פועלי אגודת ישראל
ha-02544,פא״י,"בבחירות לכנסת השנייה התמודדה פא״י עצמאית, תוך עימותים בין תומכיה ובין תומכי אגודת ישראל.",פועלי אגודת ישראל,פא״י.01,פועלי אגודת ישראל,weak,3,פחות או יותר | פועלי אגודת ישראל | פועלי ארץ ישראל,substituted,yes,3,wikipedia,פועלי אגודת ישראל
ha-02545,פא״י,אוסף מפלגת פא״י שמור בספרייה הלאומית ומספרו V 1745.,פועלי ארץ ישראל,פא״י.02,פועלי ארץ ישראל,weak,3,פחות או יותר | פועלי אגודת ישראל | פועלי ארץ ישראל,substituted,yes,3,wikipedia,"מפא""י"
ha-02546,פא״י,"עד ייסוד הוצאת עם עובד ב-1942 הייתה הוצאת דבר ההוצאה הרשמית של פא״י ויצאו בה כ-80 כותרים בית הדפוס של ההוצאה היה בית הדפוס של ""הפועל הצעיר"".",פועלי ארץ ישראל,פא״י.02,פועלי ארץ ישראל,weak,3,פחות או יותר | פועלי אגודת ישראל | פועלי ארץ ישראל,substituted,yes,3,wikipedia,הוצאת דבר
ha-02547,פא״י,המשרד הוקם כדי שדב יוסף ממפלגת פא״י יוכל לכהן בממשלה.,פועלי ארץ ישראל,פא״י.02,פועלי ארץ ישראל,weak,3,פחות או יותר | פועלי אגודת ישראל | פועלי ארץ ישראל,substituted,yes,3,wikipedia,משרד הפיתוח
ha-02548,פא״י,"היסודות בסגסוגת עשויים להיות מפוזרים באופן אחיד, כתמיסה מוצקה, או באופן לא אחיד, עם אזורים (פאזות) עשירים פא״י באחד המרכיבים.",פחות או יותר,פא״י.03,פחות או יותר,weak,3,פחות או יותר | פועלי אגודת ישראל | פועלי ארץ ישראל,substituted,yes,3,wikipedia,סגסוגת
ha-02549,פא״י,"ההגדרה הגאוגרפית של האזור כוללת פא״י את סוריה, לבנון, ישראל, ירדן, קפריסין, סיני, ודרום מרכז טורקיה.",פחות או יותר,פא״י.03,פחות או יותר,weak,3,פחות או יותר | פועלי אגודת ישראל | פועלי ארץ ישראל,substituted,yes,3,wikipedia,לבנט
ha-02550,פא״י,"שטח נפת טראמו חופף פא״י לשטח של ""אברוצו אולטריורה פרימו"" (Abruzzo Ulteriore Primo).",פחות או יותר,פא״י.03,פחות או יותר,weak,3,פחות או יותר | פועלי אגודת ישראל | פועלי ארץ ישראל,substituted,yes,3,wikipedia,אברוצו
ha-02551,פו״ם,"ביולי 2024 מונה למפקד פו״ם, ובאוגוסט 2025 מונה למפקד המכללות הצבאיות בדרגת אלוף.",המכללה הבין זרועית לפיקוד ולמטה,פו״ם.02,המכללה הבין זרועית לפיקוד ולמטה,weak,4,פיקוד ומטה | פוליטיקה וממשל | המכללה הבין זרועית לפיקוד ולמטה | פלוגות מיוחדות,substituted,no,3,wikipedia,דן נוימן
ha-02552,פו״ם,"את גופות הנרצחים העבירו ""פו״ם"" (זונדרקומנדו) למקום שבו הותקנו רשתות מיוחדות.",פלוגות מיוחדות,פו״ם.01,פלוגות מיוחדות,weak,4,פיקוד ומטה | פוליטיקה וממשל | המכללה הבין זרועית לפיקוד ולמטה | פלוגות מיוחדות,substituted,no,3,wikipedia,מחנה ההשמדה טרבלינקה
ha-02553,פו״ם,בתחילה היו לרגימנט שלוש פו״ם שתפקידן היה לאבטח את אנשי משרד ההגנה במהלך ביקורים ומשימות מחוץ לברלין.,פלוגות מיוחדות,פו״ם.01,פלוגות מיוחדות,weak,4,פיקוד ומטה | פוליטיקה וממשל | המכללה הבין זרועית לפיקוד ולמטה | פלוגות מיוחדות,substituted,no,3,wikipedia,רגימנט המשמר הוגו אברליין
ha-02554,פו״ם,"עם התרבות גילויי האלימות כלפי יהודים בשנים 1935–1939 הקימו חברי הצוקונפט את ה""צוקונפט שטרום"", פו״ם אשר לקחו חלק בפעולות ההגנה שאורגנו על ידי הבונד.",פלוגות מיוחדות,פו״ם.01,פלוגות מיוחדות,weak,4,פיקוד ומטה | פוליטיקה וממשל | המכללה הבין זרועית לפיקוד ולמטה | פלוגות מיוחדות,substituted,no,3,wikipedia,אברהם בלום
ha-02555,פו״ש,"תרגילים נערכים על מנת לאמן ולהעריך את תפקודן של מסגרות צבאיות, גייסות או מפקדות והפקת לקחים בנוגע לתכנון, פו״ש, השלמת וביצוע משימות בזמן ובאיכות הנדרשת.",פיקוד ושליטה,פו״ש.01,פיקוד ושליטה,weak,2,פיקוד ושליטה | יחידות בהגנה 1937-1939,substituted,no,3,wikipedia,תרגיל צבאי
ha-02556,פו״ש,גורמי הפיקוד והסיוע הקרבי והמנהלתי מתורגלים במלואם ומתורגלת בעיקר הפעלת מערכות פו״ש.,פיקוד ושליטה,פו״ש.01,פיקוד ושליטה,weak,2,פיקוד ושליטה | יחידות בהגנה 1937-1939,substituted,no,3,wikipedia,תרגיל צבאי
ha-02557,פו״ש,פו״ש מודרניים על צבא בקנה מידה גדול התאפשרו רק עם הפיתוחים הטכנולוגיים.,פיקוד ושליטה,פו״ש.01,פיקוד ושליטה,weak,2,פיקוד ושליטה | יחידות בהגנה 1937-1939,substituted,no,3,wikipedia,שליטה ובקרה
ha-02558,פז״ם,תלמידי חוץ לארץ נדרשו להגיע לאחר פז״ם בישיבה בארצות מוצאם.,פרק זמן מינימלי,פז״ם.01,פרק זמן מינימלי,weak,2,פרק זמן ממושך | פרק זמן מינימלי,substituted,yes,3,wikipedia,ישיבת באר יעקב
ha-02559,פז״ם,"בכל מקרה, לכל חומר הדברה, נקבע פז״ם החייב לחלוף, מזמן השימוש בחומר ועד המועד בו מותר לחקלאי לקטוף את התוצרת ולשלחה לשיווק.",פרק זמן מינימלי,פז״ם.01,פרק זמן מינימלי,weak,2,פרק זמן ממושך | פרק זמן מינימלי,substituted,yes,3,wikipedia,הדברת מזיקים
ha-02560,פז״ם,שינוי חוק שכזה יצריך משאל עם חוזר לאחר פז״ם שיקבע בחוק.,פרק זמן מינימלי,פז״ם.01,פרק זמן מינימלי,weak,2,פרק זמן ממושך | פרק זמן מינימלי,substituted,yes,3,wikipedia,"לאו""ר"
ha-02561,פז״ם,נגיפים רבים המכילים מעטפת נגיפית אינם מסוגלים לשרוד פז״ם מחוץ למאחסן ומוכרחים להיות מועברים ישירות מפונדקאי לפונדקאי דרך נוזלי הגוף השונים.,פרק זמן ממושך,פז״ם.02,פרק זמן ממושך,weak,2,פרק זמן ממושך | פרק זמן מינימלי,substituted,yes,3,wikipedia,מעטפת נגיפית
ha-02562,פז״ם,"חלק מהזיכרון הפנוי נותר תפוס ולא ניתן להשתמש בו במשך זמן ריצת התוכנה, מה שעלול לפגום בביצועי המערכת, בפרט אם מדובר בתוכנה שמתוכננת לרוץ פז״ם ברצף.",פרק זמן ממושך,פז״ם.02,פרק זמן ממושך,weak,2,פרק זמן ממושך | פרק זמן מינימלי,substituted,yes,3,wikipedia,דליפת זיכרון
ha-02563,פז״ם,"בתחילת דרכה הייתה התוכנית משודרת מדי שבוע, אך לאחר כמה פרקים עברה לשידור מדי שבועיים, ואחרי פז״ם יותר עברה לשידור בתדירות של פעם בשלושה שבועות.",פרק זמן ממושך,פז״ם.02,פרק זמן ממושך,weak,2,פרק זמן ממושך | פרק זמן מינימלי,substituted,yes,3,wikipedia,עושים היסטוריה
ha-02564,פח״מ,"פח״מ ידועות רבות הן למעשה איזומרים האחת של השנייה: גלוקוז וגלקטוז, למשל.",פחמימות,פח״מ.01,פחמימות,weak,2,פחמימות | פעימות חדריות מוקדמות,substituted,no,3,wikipedia,פחמימה
ha-02565,פח״מ,זיהוי תאים – פח״מ נמצאות על-גבי הממברנה החיצונית של רוב התאים ומאפשרות את זיהויו של סוג התא - זיהוי זה חיוני לתפקודם התקין של המערכות הביולוגיות באורגניזמים ביניהן מערכת החיסון.,פחמימות,פח״מ.01,פחמימות,weak,2,פחמימות | פעימות חדריות מוקדמות,substituted,no,3,wikipedia,פחמימה
ha-02566,פח״מ,הגבלה של פח״מ בתזונה תוביל להרזיה על ידי ייצור אנרגיה משומנים.,פחמימות,פח״מ.01,פחמימות,weak,2,פחמימות | פעימות חדריות מוקדמות,substituted,no,3,wikipedia,פחמימה
ha-02567,פל״א,"לתוצאה זו תופעות לוואי חיוביות רבות כגון חיזוק תקשורת פל״א חיובית, צמצום התלונות והקטנת העומס על עובדי שירות הלקוחות.",פה לאוזן,פל״א.01,פה לאוזן,weak,2,פה לאוזן | פקדונות לזמנים ארוכים,substituted,no,3,wikipedia,ניהול קשרי לקוחות
ha-02568,פס״ר,"מצבים המוגדרים ""פס״ר"" הם כאלה שבהם האדם שעושה את המעשה מוכרח לדעת מראש שיש למעשהו תוצאות אסורות, מכיוון שהן בלתי נמנעות, ואין העושה זאת יכול לטעון שאינו מתכוון לכך.",פסיק רישא,פס״ר.01,פסיק רישא,weak,2,פסיק רישא | פסיקתא רבתי,substituted,yes,3,wikipedia,דבר שאינו מתכוון
ha-02569,פס״ר,"במקרים מסוג זה אמרו אביי ורבא בתלמוד מספר פעמים שאף רבי שמעון, שמתיר בדרך כלל ""דבר שאינו מתכוון"", אוסר ""פס״ר"".",פסיק רישא,פס״ר.01,פסיק רישא,weak,2,פסיק רישא | פסיקתא רבתי,substituted,yes,3,wikipedia,דבר שאינו מתכוון
ha-02570,פס״ר,"החילוק בין פס״ר לאינו פס״ר הוא רק בדבר שאינו מתכוין, אך כאשר קיימת כוונה מכוונת הפעולה אסורה גם אם אינה פס״ר.",פסיק רישא,פס״ר.01,פסיק רישא,weak,2,פסיק רישא | פסיקתא רבתי,substituted,yes,3,wikipedia,דבר שאינו מתכוון
ha-02571,פס״ר,פס״ר או פסיקתא רבתא הוא שמו של מדרש אגדה מסוג פסיקתא.,פסיקתא רבתי,פס״ר.02,פסיקתא רבתי,weak,2,פסיק רישא | פסיקתא רבתי,substituted,yes,3,wikipedia,פסיקתא רבתי
ha-02572,פס״ר,"ב""פס״ר"" קיימת גם דרשות מסוג חדש המובאות כתשובה לשאלה בענייני הלכה או אגדה, ולאו דווקא מעניין החגים והשבתות; דרשות אלו פותחות במילים ""ילמדנו רבינו"" (בדומה למדרש תנחומא).",פסיקתא רבתי,פס״ר.02,פסיקתא רבתי,weak,2,פסיק רישא | פסיקתא רבתי,substituted,yes,3,wikipedia,פסיקתא רבתי
ha-02573,פס״ר,"כמו שאר הפסיקתאות, אף פס״ר כתובה בלשון הקודש.",פסיקתא רבתי,פס״ר.02,פסיקתא רבתי,weak,2,פסיק רישא | פסיקתא רבתי,substituted,yes,3,wikipedia,פסיקתא רבתי
ha-02574,פר״ח,"בשכונת זיכרון משה בירושלים, קיים רחוב על שם ספרו ""פר״ח"".",פרי חדש,פר״ח.01,פרי חדש,weak,3,פרי חדש | פרויקט חונכות | פירש רבנו חננאל,substituted,no,3,wikipedia,חזקיה די סילוה
ha-02575,פר״ח,"וכן בזמן שמתרחש לאדם אירוע חיובי, כמו קניית בגד חדש, אכילת פר״ח, ראיית חבר טוב שלא ראה 30 יום, או בשורה טובה ששמע.",פרי חדש,פר״ח.01,פרי חדש,weak,3,פרי חדש | פרויקט חונכות | פירש רבנו חננאל,substituted,no,3,wikipedia,ברכת שהחיינו
ha-02576,פר״ח,"הסוג השני של זמן אמירת הברכה כולל: ברכה בעת אכילת פר״ח, שעדיין לא אכלוהו בעונה זו.",פרי חדש,פר״ח.01,פרי חדש,weak,3,פרי חדש | פרויקט חונכות | פירש רבנו חננאל,substituted,no,3,wikipedia,ברכת שהחיינו
ha-02577,פ״א,דוגמאות: הנדסה ביו רפואית – פ״א של מטופל עם ביו-מהנדס לא תכוסה על ידי הביטוח הרפואי.,פגישה אישית,פ״א.01,פגישה אישית,weak,11,פעם אחת | פה אחד | פרקי אבות | פרה אדומה | פירוש אחר | פגישה אישית | פרא אדם | פלוני אלמוני | פולינום אופייני | פרקי אליהו | פרוטה אחרונה,substituted,yes,2,wikipedia,מקצוע פארא-רפואי
ha-02578,פ״א,"פ״א"", בה היא מראיינת אנשי צבא וביטחון על הקריירה וחייהם האישיים, ובימי רביעי בלילה את התכנית ""24 היום שהיה"".",פגישה אישית,פ״א.01,פגישה אישית,weak,11,פעם אחת | פה אחד | פרקי אבות | פרה אדומה | פירוש אחר | פגישה אישית | פרא אדם | פלוני אלמוני | פולינום אופייני | פרקי אליהו | פרוטה אחרונה,substituted,yes,2,wikipedia,טלי ליפקין-שחק
ha-02579,פ״א,ב-6 באוגוסט 1987 נפגש עמירב פ״א עם שמיר לדיון במינויו לתפקיד מנהל לשכת העיתונות הממשלתית ובפגישה זו עדכן אותו לגבי מגעיו עם האישים הפלסטינים.,פגישה אישית,פ״א.01,פגישה אישית,weak,11,פעם אחת | פה אחד | פרקי אבות | פרה אדומה | פירוש אחר | פגישה אישית | פרא אדם | פלוני אלמוני | פולינום אופייני | פרקי אליהו | פרוטה אחרונה,substituted,yes,2,wikipedia,פרשת עמירב
ha-02580,פ״א,"הסכמה פ״א היא הסכמה רחבה יותר מזו המתקבלת בקונצנזוס, שבה רוב ניכר תומך בהחלטה, אך לא בהכרח הכול תומכים בה.",פה אחד,פ״א.02,פה אחד,weak,11,פעם אחת | פה אחד | פרקי אבות | פרה אדומה | פירוש אחר | פגישה אישית | פרא אדם | פלוני אלמוני | פולינום אופייני | פרקי אליהו | פרוטה אחרונה,substituted,yes,2,wikipedia,פה אחד
ha-02581,פ״א,"הכרעתו של בית הדין האירופי לצדק, שהוא בית המשפט המרכזי של האיחוד האירופי, חייבת להתקבל פ״א.",פה אחד,פ״א.02,פה אחד,weak,11,פעם אחת | פה אחד | פרקי אבות | פרה אדומה | פירוש אחר | פגישה אישית | פרא אדם | פלוני אלמוני | פולינום אופייני | פרקי אליהו | פרוטה אחרונה,substituted,yes,2,wikipedia,פה אחד
ha-02582,פ״א,החלטה על הענקתו של פרס ישראל מתקבלת פ״א על ידי ועדת שופטים ציבורית שמונתה לעניין זה.,פה אחד,פ״א.02,פה אחד,weak,11,פעם אחת | פה אחד | פרקי אבות | פרה אדומה | פירוש אחר | פגישה אישית | פרא אדם | פלוני אלמוני | פולינום אופייני | פרקי אליהו | פרוטה אחרונה,substituted,yes,2,wikipedia,פה אחד
ha-02583,פ״א,"לשתי מטריצות דומות יש אותו פ״א, אם כי ההפך אינו תמיד נכון (אפילו מעל שדה סגור אלגברית).",פולינום אופייני,פ״א.03,פולינום אופייני,weak,11,פעם אחת | פה אחד | פרקי אבות | פרה אדומה | פירוש אחר | פגישה אישית | פרא אדם | פלוני אלמוני | פולינום אופייני | פרקי אליהו | פרוטה אחרונה,substituted,yes,2,wikipedia,פולינום אופייני
ha-02584,פ״א,למטריצות דומות יש את אותו פ״א ולכן בהכרח גם אותם ערכים עצמיים עם אותם ריבוי אלגברי וגאומטרי.,פולינום אופייני,פ״א.03,פולינום אופייני,weak,11,פעם אחת | פה אחד | פרקי אבות | פרה אדומה | פירוש אחר | פגישה אישית | פרא אדם | פלוני אלמוני | פולינום אופייני | פרקי אליהו | פרוטה אחרונה,substituted,yes,2,wikipedia,ערך עצמי
ha-02585,פ״א,"אם שתי מטריצות דומות זו לזו, אז יש להן אותו פ״א ופולינום מינימלי.",פולינום אופייני,פ״א.03,פולינום אופייני,weak,11,פעם אחת | פה אחד | פרקי אבות | פרה אדומה | פירוש אחר | פגישה אישית | פרא אדם | פלוני אלמוני | פולינום אופייני | פרקי אליהו | פרוטה אחרונה,substituted,yes,2,wikipedia,מטריצה לכסינה
ha-02586,פ״א,פ״א למקור שם העיר מתייחס לשמם של מסדרים קתוליים ובהם Dona de Bonaria האיטלקי.,פירוש אחר,פ״א.04,פירוש אחר,weak,11,פעם אחת | פה אחד | פרקי אבות | פרה אדומה | פירוש אחר | פגישה אישית | פרא אדם | פלוני אלמוני | פולינום אופייני | פרקי אליהו | פרוטה אחרונה,substituted,yes,2,wikipedia,בואנוס איירס
ha-02587,פ״א,"לדעת שלום אלבק כל המקומות הללו זקוקים להגהה או פ״א, וחכם זה לא הוזכר בתלמוד כלל.",פירוש אחר,פ״א.04,פירוש אחר,weak,11,פעם אחת | פה אחד | פרקי אבות | פרה אדומה | פירוש אחר | פגישה אישית | פרא אדם | פלוני אלמוני | פולינום אופייני | פרקי אליהו | פרוטה אחרונה,substituted,yes,2,wikipedia,רב נחמן בר רב הונא
ha-02588,פ״א,"במדרשים מובא פ״א לשם ""עולה"" – מלשון ‎""והעולָה על רוחכם היה לא תהיה"" – פסוק המדבר על מחשבתם של בני ישראל שלא לקיים את מצוות התורה, ומכאן שהעולה מכפרת על מחשבת הלב (ראו להלן).",פירוש אחר,פ״א.04,פירוש אחר,weak,11,פעם אחת | פה אחד | פרקי אבות | פרה אדומה | פירוש אחר | פגישה אישית | פרא אדם | פלוני אלמוני | פולינום אופייני | פרקי אליהו | פרוטה אחרונה,substituted,yes,2,wikipedia,קורבן עולה
ha-02589,פ״א,"ובאמת, רבי יהושע בן לוי סבר כי ""פ״א"" הוא שמו של האדם (רות רבה פרשה ז).",פלוני אלמוני,פ״א.09,פלוני אלמוני,weak,11,פעם אחת | פה אחד | פרקי אבות | פרה אדומה | פירוש אחר | פגישה אישית | פרא אדם | פלוני אלמוני | פולינום אופייני | פרקי אליהו | פרוטה אחרונה,substituted,yes,2,wikipedia,פלוני
ha-02590,פ״א,"כך למשל בקנדה הוצאו ""צווים מתגלגלים"" בהם מקבל הצו הוא פ״א ללא שם, וזאת כדי לאפשר לתפוס מפרי זכויות שאינם ידועים בשמם ומשתמשים בזיוף בדוכנים בשוק או במקומות פתוחים.",פלוני אלמוני,פ״א.09,פלוני אלמוני,weak,11,פעם אחת | פה אחד | פרקי אבות | פרה אדומה | פירוש אחר | פגישה אישית | פרא אדם | פלוני אלמוני | פולינום אופייני | פרקי אליהו | פרוטה אחרונה,substituted,yes,2,wikipedia,צו אנטון פילר
ha-02591,פ״א,"בצבא הרוסי הדרגה המקבילה נקראת מרשל הפדרציה הרוסית, שהחליפה את דרגת מרשל ברית המועצות בצבא האדום הוענקה עד כה פ״א בלבד, לשר ההגנה איגור סרגייב.",פעם אחת,פ״א.05,פעם אחת,weak,11,פעם אחת | פה אחד | פרקי אבות | פרה אדומה | פירוש אחר | פגישה אישית | פרא אדם | פלוני אלמוני | פולינום אופייני | פרקי אליהו | פרוטה אחרונה,substituted,yes,2,wikipedia,פילדמרשל
ha-02592,פ״א,עמם נמנים באותהּ מידה צמחים זעירים ונדירים שמופיעים רק פ״א וצמחים גדולים ונפוצים השולטים בנוף.,פעם אחת,פ״א.05,פעם אחת,weak,11,פעם אחת | פה אחד | פרקי אבות | פרה אדומה | פירוש אחר | פגישה אישית | פרא אדם | פלוני אלמוני | פולינום אופייני | פרקי אליהו | פרוטה אחרונה,substituted,yes,2,wikipedia,פלורה
ha-02593,פ״א,"הגדרות המונח במשמעותו המורחבת: ""דודן / דודנית מדרגה ראשונה מוזח פ״א"" (באנגלית: A first cousin once removed) מתייחס לאחד משני מצבים: בן או בת של דודן או דודנית מדרגה ראשונה.",פעם אחת,פ״א.05,פעם אחת,weak,11,פעם אחת | פה אחד | פרקי אבות | פרה אדומה | פירוש אחר | פגישה אישית | פרא אדם | פלוני אלמוני | פולינום אופייני | פרקי אליהו | פרוטה אחרונה,substituted,yes,2,wikipedia,דודן
ha-02594,פ״א,"על פי בשורת המלאך, ישמעאל עתיד להיות פ״א.",פרא אדם,פ״א.06,פרא אדם,weak,11,פעם אחת | פה אחד | פרקי אבות | פרה אדומה | פירוש אחר | פגישה אישית | פרא אדם | פלוני אלמוני | פולינום אופייני | פרקי אליהו | פרוטה אחרונה,substituted,yes,2,wikipedia,הגר
ha-02595,פ״א,"עוד בלטו באלבום: ""נטלי"", ""אישה"", ""פ״א"", ""רקדו אחי"", ו""בני"" עיבודי האלבום נחלקו בין יגאל חרד לבין משה בן מוש, כששיר הנושא עובד במשותף על ידי משה בן מוש ואריה ברקוביץ'.",פרא אדם,פ״א.06,פרא אדם,weak,11,פעם אחת | פה אחד | פרקי אבות | פרה אדומה | פירוש אחר | פגישה אישית | פרא אדם | פלוני אלמוני | פולינום אופייני | פרקי אליהו | פרוטה אחרונה,substituted,yes,2,wikipedia,דיסקוגרפיה של נתי לוי
ha-02596,פ״א,"בנוסף, גם בקהילה עצמה אין נחמה: ""הרב הלא הוא פ״א, בפועל ממש...",פרא אדם,פ״א.06,פרא אדם,weak,11,פעם אחת | פה אחד | פרקי אבות | פרה אדומה | פירוש אחר | פגישה אישית | פרא אדם | פלוני אלמוני | פולינום אופייני | פרקי אליהו | פרוטה אחרונה,substituted,yes,2,wikipedia,פת לחם
ha-02597,פ״א,פ״א היא פרה שצבע שערה חום-אדמדם ולפי ההלכה היהודית טהרה מטומאת מת נעשית רק באמצעות אפרה.,פרה אדומה,פ״א.07,פרה אדומה,weak,11,פעם אחת | פה אחד | פרקי אבות | פרה אדומה | פירוש אחר | פגישה אישית | פרא אדם | פלוני אלמוני | פולינום אופייני | פרקי אליהו | פרוטה אחרונה,substituted,yes,2,wikipedia,פרה אדומה
ha-02598,פ״א,הלכות פ״א מופיעות במסכת פרה שבסדר טהרות המוקדשת לנושא זה.,פרה אדומה,פ״א.07,פרה אדומה,weak,11,פעם אחת | פה אחד | פרקי אבות | פרה אדומה | פירוש אחר | פגישה אישית | פרא אדם | פלוני אלמוני | פולינום אופייני | פרקי אליהו | פרוטה אחרונה,substituted,yes,2,wikipedia,פרה אדומה
ha-02599,פ״א,"לכן, טומאה זו היא היחידה שמצריכה הזאת אפר פ״א, ולא מספיקה בשבילה טבילה במקווה או במעיין.",פרה אדומה,פ״א.07,פרה אדומה,weak,11,פעם אחת | פה אחד | פרקי אבות | פרה אדומה | פירוש אחר | פגישה אישית | פרא אדם | פלוני אלמוני | פולינום אופייני | פרקי אליהו | פרוטה אחרונה,substituted,yes,2,wikipedia,פרה אדומה
ha-02600,פ״א,"מכיוון שמצד אחד לא נוהגים ללמוד תורה בזמן שנפטר גדול ישראל, אך מצד שני לא רצו לגרום לביטול תורה גדול, תקנו את אמירת פ״א.",פרקי אבות,פ״א.08,פרקי אבות,weak,11,פעם אחת | פה אחד | פרקי אבות | פרה אדומה | פירוש אחר | פגישה אישית | פרא אדם | פלוני אלמוני | פולינום אופייני | פרקי אליהו | פרוטה אחרונה,substituted,yes,2,wikipedia,מסכת אבות
ha-02601,פ״א,"בשנים הפשוטות נקראת פרשת שמיני בשבת שאחרי חג הפסח, בשנים אלו מתחילים בשבת זו לקרוא את פ״א לאחר תפילת מנחה בשבת.",פרקי אבות,פ״א.08,פרקי אבות,weak,11,פעם אחת | פה אחד | פרקי אבות | פרה אדומה | פירוש אחר | פגישה אישית | פרא אדם | פלוני אלמוני | פולינום אופייני | פרקי אליהו | פרוטה אחרונה,substituted,yes,2,wikipedia,פרשת שמיני
ha-02602,פ״א,"המלומד הנוצרי טרברס הרפורד, בפירושו על פ״א משנת 1925, העלה השערה, כי התנא ""שמעון בנו"" שמוזכר במשנה (אבות א, טז) לאחר רבן גמליאל, אינו בנו של רבן גמליאל, אלא בנו של הלל.",פרקי אבות,פ״א.08,פרקי אבות,weak,11,פעם אחת | פה אחד | פרקי אבות | פרה אדומה | פירוש אחר | פגישה אישית | פרא אדם | פלוני אלמוני | פולינום אופייני | פרקי אליהו | פרוטה אחרונה,substituted,yes,2,wikipedia,שמעון בן הלל
ha-02603,פ״א,"כמו כן פרסם סדרה בת חמישה חלקים על ספר מלכים, הכוללת את הספרים ""ימי ירבעם"", ""מלחמות אחאב"", ""מרד יהוא"", ""פ״א"" ו""פרקי אלישע"".",פרקי אליהו,פ״א.10,פרקי אליהו,weak,11,פעם אחת | פה אחד | פרקי אבות | פרה אדומה | פירוש אחר | פגישה אישית | פרא אדם | פלוני אלמוני | פולינום אופייני | פרקי אליהו | פרוטה אחרונה,substituted,yes,2,wikipedia,אלחנן סמט
ha-02604,פ״ג,"פ״ג, מניעת השמנה ושמירה על משקל גוף נכון, תזונה מאוזנת, הפחתת מתחים, הימנעות מעישון או שימוש בסמים, הן דוגמאות ליכולתו של הפרט לשפר את בריאותו.",פעילות גופנית,פ״ג.01,פעילות גופנית,weak,3,פעילות גופנית | פרויקט גמר | פרק/פסוק/פרשה ג',substituted,yes,3,wikipedia,בריאות
ha-02605,פ״ג,"פ״ג תכופה וסדירה היא מרכיב חשוב במניעת מחלות רבות, בהן, סרטן, מחלות לב, מחלות במחזור הדם, סוכרת מסוג 2, השמנה וכאבי גב.",פעילות גופנית,פ״ג.01,פעילות גופנית,weak,3,פעילות גופנית | פרויקט גמר | פרק/פסוק/פרשה ג',substituted,yes,3,wikipedia,בריאות
ha-02606,פ״ג,"נהוג לחלק פ״ג לשלושה סוגים, זאת בהתאם להשפעתם הכללית על גוף האדם: תרגילי גמישות, כגון מתיחות, משפרים את תנועת השרירים וטווח תנועות המפרקים.",פעילות גופנית,פ״ג.01,פעילות גופנית,weak,3,פעילות גופנית | פרויקט גמר | פרק/פסוק/פרשה ג',substituted,yes,3,wikipedia,בריאות
ha-02607,פ״ג,"בסיום הלימודים, ולאחר שעמדו בבחינות של משרד החינוך ובהגשה של פ״ג המסכם ומיישם את הידע שצברו, מוענקת לבוגרים תעודת הנדסאי מטעם משרד החינוך במסלול בו בחרו ללמוד.",פרויקט גמר,פ״ג.02,פרויקט גמר,weak,3,פעילות גופנית | פרויקט גמר | פרק/פסוק/פרשה ג',substituted,yes,3,wikipedia,עתודה טכנולוגית
ha-02608,פ״ג,מאפיין בדרך כלל עבודות גדולות כגון תזה ודוקטורט או פ״ג.,פרויקט גמר,פ״ג.02,פרויקט גמר,weak,3,פעילות גופנית | פרויקט גמר | פרק/פסוק/פרשה ג',substituted,yes,3,wikipedia,עבודה אקדמית
ha-02609,פ״ג,בשנת הלימודים השלישית נדרשים הסטודנטים להכין פ״ג במפעל או ארגון בתחום התמחותם.,פרויקט גמר,פ״ג.02,פרויקט גמר,weak,3,פעילות גופנית | פרויקט גמר | פרק/פסוק/פרשה ג',substituted,yes,3,wikipedia,המכללה האקדמית ספיר
ha-02610,פ״ד,"פ״ד במסכת זו עוסק בדרך אגב בציצית, תפילין, והלכות ספר תורה ומזוזה.",פרק רביעי,פ״ד.01,פרק רביעי,weak,2,פרק רביעי | פסק(י) דין,substituted,no,3,wikipedia,מסכת מנחות
ha-02611,פ״ד,אלא שהם עתה הפכו לעצמאיים והוסף להם פ״ד.,פרק רביעי,פ״ד.01,פרק רביעי,weak,2,פרק רביעי | פסק(י) דין,substituted,no,3,wikipedia,התקופה הקלאסית (מוזיקה)
ha-02612,פ״ח,"ייסד את מוסדות פ״ח הכוללים תלמוד תורה, בית ספר, גנים ובית מדרש עם למעלה מ-700 תלמידים.",פיתוחי חותם,פ״ח.02,פיתוחי חותם,weak,2,פיתוחי חותם | פרטי חקירה,substituted,yes,3,wikipedia,שמעון חיררי
ha-02613,פ״ח,על פיקוח הפרויקט וביצועו הופקד יצחק פ״ח רוזנטל.,פיתוחי חותם,פ״ח.02,פיתוחי חותם,weak,2,פיתוחי חותם | פרטי חקירה,substituted,yes,3,wikipedia,היישוב הישן
ha-02614,פ״ח,בדיקת פ״ח מוכמנים היא חלק מהליך השחזור שמבצע נאשם לאחר הודאה או מסירת גרסה בחקירה במשטרה.,פרטי חקירה,פ״ח.01,פרטי חקירה,weak,2,פיתוחי חותם | פרטי חקירה,substituted,yes,3,wikipedia,פרטי חקירה מוכמנים
ha-02615,פ״ח,"שלושה ימים לאחר מכן נעצר רומן זדורוב, רצף שעבד בבית הספר, אשר הודה ברצח ושחזר אותו, תוך מסירת פ״ח מוכמנים.",פרטי חקירה,פ״ח.01,פרטי חקירה,weak,2,פיתוחי חותם | פרטי חקירה,substituted,yes,3,wikipedia,רצח תאיר ראדה
ha-02616,פ״ח,הגנה על פרטיותה ושמה הטוב של נפגעת עבירה חמורה (אמה של ילדה שנרצחה) מפני פרסום פ״ח שעלולים היו לפגוע בה.,פרטי חקירה,פ״ח.01,פרטי חקירה,weak,2,פיתוחי חותם | פרטי חקירה,substituted,yes,3,wikipedia,מרכז נגה
ha-02617,פ״נ,"בספר ""שערי רחמים""[דרושה הבהרה] כתוב: ""פ״נ המקובל מאליהו הנביא זכור לטוב"".",פדיון נפש,פ״נ.01,פדיון נפש,weak,2,פה נטמן | פדיון נפש,substituted,yes,3,wikipedia,פדיון (חסידות)
ha-02618,פ״נ,"בעבר היה נהוג שבעת ביקור החסיד אצל הצדיק היה נותן ""פדיון"" או ""פ״נ"" והצדיק מברך ומייעץ לו.",פדיון נפש,פ״נ.01,פדיון נפש,weak,2,פה נטמן | פדיון נפש,substituted,yes,3,wikipedia,שמירה (חסידות)
ha-02619,פ״נ,"בדרך כלל הם מצרפים ל""קוויטל"" סכום כסף, המכונה ""פ״נ"".",פדיון נפש,פ״נ.01,פדיון נפש,weak,2,פה נטמן | פדיון נפש,substituted,yes,3,wikipedia,צדיק
ha-02620,פ״נ,"אריאל הורוביץ, פ״נ הקונצנזוס: הר הרצל והשתנות החברה הישראלית, באתר בית אבי חי, ינואר 2016.",פה נטמן,פ״נ.02,פה נטמן,weak,2,פה נטמן | פדיון נפש,substituted,yes,3,wikipedia,בית הקברות הצבאי בהר הרצל
ha-02621,פ״נ,"על מצבתו נחרת: ”פ״נ איש אלקי קדוש מן הקדמוניםמגלה עמוקות ורזין ומטמוניםהוא שאומרים עליו שדיבראתו אליהו פנים אל פנים” סמוך לקברו קיים קבר נוסף שבו נקבר, ככל הנראה, בנו הרב יצחק.",פה נטמן,פ״נ.02,פה נטמן,weak,2,פה נטמן | פדיון נפש,substituted,yes,3,wikipedia,נתן נטע שפירא
ha-02622,פ״ע,"ב־2017 חשפה בתקשורת כיצד במהלך פגישה בביתו של אלכס גלעדי בשנת 1999, שליבנה סברה שהיא פ״ע, חשף בפניה גלעדי את איבר מינו.",פגישת עבודה,פ״ע.01,פגישת עבודה,weak,4,פגישת עבודה | פועל עומד | פונקציה עצמית | פה עירנו,substituted,yes,3,wikipedia,נרי ליבנה
ha-02623,פ״ע,"בניסיון התנקשות זה חוסלו שבעה מאנשיו של מורן, בעת שערכו פ״ע.",פגישת עבודה,פ״ע.01,פגישת עבודה,weak,4,פגישת עבודה | פועל עומד | פונקציה עצמית | פה עירנו,substituted,yes,3,wikipedia,אל קפונה
ha-02624,פ״ע,ב-3 בפברואר 1997 נפגשו שוב נתניהו וערפאת בכנס הפורום הכלכלי העולמי בדאבוס וסיכמו על עריכת פ״ע ליישום ההסכם שבוע אחר כך במחסום ארז.,פגישת עבודה,פ״ע.01,פגישת עבודה,weak,4,פגישת עבודה | פועל עומד | פונקציה עצמית | פה עירנו,substituted,yes,3,wikipedia,הסכם חברון
ha-02625,פ״ע,"במתמטיקה, פ״ע של העתקה ליניארית D המוגדרת על מרחב פונקציות כלשהו היא כל פונקציה f, שאינה פונקציית האפס במרחב זה, שכאשר מופעלת על ידי ההעתקה D, היא רק מוכפלת בסקלר, המכונה ערך עצמי.",פונקציה עצמית,פ״ע.02,פונקציה עצמית,weak,4,פגישת עבודה | פועל עומד | פונקציה עצמית | פה עירנו,substituted,yes,3,wikipedia,פונקציה עצמית
ha-02626,פ״ע,"כלומר, הפונקציה f היא פ״ע של D, אם היא מקיימת את המשוואה Df = λf, כאשר λ הוא סקלר.} כאמור לעיל, פתרונות המשוואה עשויים להיות כפופים לתנאי שפה.",פונקציה עצמית,פ״ע.02,פונקציה עצמית,weak,4,פגישת עבודה | פועל עומד | פונקציה עצמית | פה עירנו,substituted,yes,3,wikipedia,פונקציה עצמית
ha-02627,פ״ע,"הפתרון שלה, הפונקציה המעריכית f ( t ) = f 0 e λ t , {\displaystyle f(t)=f_{0}e^{\lambda t},} הוא פ״ע של אופרטור הנגזרת, כאשר f0 הוא פרמטר התלוי בתנאי הגבול.",פונקציה עצמית,פ״ע.02,פונקציה עצמית,weak,4,פגישת עבודה | פועל עומד | פונקציה עצמית | פה עירנו,substituted,yes,3,wikipedia,פונקציה עצמית
ha-02628,פ״ע,"גם פ״ע יכול לקבל מושא פנימי, ולמעשה הוא מאפיין בעיקר פעלים עומדים.",פועל עומד,פ״ע.03,פועל עומד,weak,4,פגישת עבודה | פועל עומד | פונקציה עצמית | פה עירנו,substituted,yes,3,wikipedia,מושא
ha-02629,פ״ע,מי שעמד על ההבדל בין פ״ע ופועל יוצא הוא דונש בן לברט.,פועל עומד,פ״ע.03,פועל עומד,weak,4,פגישת עבודה | פועל עומד | פונקציה עצמית | פה עירנו,substituted,yes,3,wikipedia,פועל עומד
ha-02630,פ״ע,"- פ״ע חסר מפעיל, מופעל עצמו - אנאקוזטיבי לעומת פועל יוצא: אני נותן את זה להם משם.",פועל עומד,פ״ע.03,פועל עומד,weak,4,פגישת עבודה | פועל עומד | פונקציה עצמית | פה עירנו,substituted,yes,3,wikipedia,פועל עומד
ha-02631,פ״ק,"ב-11 ביוני 1713 הפך כלל בלתי מחייב זה למה שנקרא ""פ״ק 66"" (Standing Order 66) ועל פיה, ""בית הנבחרים לא יצביע עבור שום תקציב עבור שום מטרה, למעט על פי בקשה של אחד משרי הכתר"".",פקודת קבע,פ״ק.01,פקודת קבע,weak,3,פרק קמא | פקודת קבע | פרופיל קרבי,substituted,no,3,wikipedia,ראש ממשלת בריטניה
ha-02632,פ״ק,פ״ק 66 נותרה תקפה עד היום (אף על פי שכיום היא ממוספרת במספר 48) ולא השתנתה במשך שלוש מאות שנים.,פקודת קבע,פ״ק.01,פקודת קבע,weak,3,פרק קמא | פקודת קבע | פרופיל קרבי,substituted,no,3,wikipedia,ראש ממשלת בריטניה
ha-02633,פ״ק,מעבר להשגת הכוונה המקורית שלה – ליצור יציבות בתהליך התקציבי – נתנה פ״ק 66 לכתר את תפקיד הנהגת בית הנבחרים והלורד הראשון של האוצר קיבל תפקיד מוביל בקרב השרים.,פקודת קבע,פ״ק.01,פקודת קבע,weak,3,פרק קמא | פקודת קבע | פרופיל קרבי,substituted,no,3,wikipedia,ראש ממשלת בריטניה
ha-02634,פ״ק,"ישנם ביני""שים בעלי פ״ק המתגייסים לתובלה מסיבות שונות, ביניהם כאלה שנזקקים לתנאי שירות גמישים יותר בגלל היותם נשואים וכאלה שמתגייסים לתובלה מסיבות של נוחות.",פרופיל קרבי,פ״ק.02,פרופיל קרבי,weak,3,פרק קמא | פקודת קבע | פרופיל קרבי,substituted,no,3,wikipedia,מרכז ההובלה
ha-02635,פ״ש,פ״ש הוא המצווה לפעול להצלתם ושחרורם של יהודים הנתונים בשבי.,פדיון שבויים,פ״ש.01,פדיון שבויים,weak,5,פדיון שבויים | פרשת שבוע | פקיד שומה | פת שחרית | פריסת שלום,substituted,yes,3,wikipedia,פדיון שבויים
ha-02636,פ״ש,הקהילות הקימו חברות פ״ש שגבו מהקהל מס פ״ש קבוע.,פדיון שבויים,פ״ש.01,פדיון שבויים,weak,5,פדיון שבויים | פרשת שבוע | פקיד שומה | פת שחרית | פריסת שלום,substituted,yes,3,wikipedia,פדיון שבויים
ha-02637,פ״ש,"יהודי טורקיה היו הראשונים להקים חברה כזו, חברת פ״ש בוונציה עסקה גם היא בפדיונם ושלחה אגרות בנושא לקהילות ישראל.",פדיון שבויים,פ״ש.01,פדיון שבויים,weak,5,פדיון שבויים | פרשת שבוע | פקיד שומה | פת שחרית | פריסת שלום,substituted,yes,3,wikipedia,פדיון שבויים
ha-02638,פ״ש,"החל את דרכו בשנת 1966 כפקיד גבייה במס הכנסה בנתניה, ולאחר מכן התקדם לתפקידים בכירים, בהם פ״ש נתניה, סגן נציב מס הכנסה לגבייה ומודיעין, פ״ש מפעלים גדולים ומשנה למנהל רשות המיסים.",פקיד שומה,פ״ש.04,פקיד שומה,weak,5,פדיון שבויים | פרשת שבוע | פקיד שומה | פת שחרית | פריסת שלום,substituted,yes,3,wikipedia,יהודה נסרדישי
ha-02639,פ״ש,"בין השאר, ריכז את רשת הקשר של התנועה והיה בין מארגני מבצע ""פ״ש"" להעברת איגרת שלום לראש הממשלה מנחם בגין.",פריסת שלום,פ״ש.05,פריסת שלום,weak,5,פדיון שבויים | פרשת שבוע | פקיד שומה | פת שחרית | פריסת שלום,substituted,yes,3,wikipedia,יורם עשת
ha-02640,פ״ש,קיימת התנגדות להכנסת עלוני פ״ש בעלי גוון פוליטי.,פרשת שבוע,פ״ש.02,פרשת שבוע,weak,5,פדיון שבויים | פרשת שבוע | פקיד שומה | פת שחרית | פריסת שלום,substituted,yes,3,wikipedia,עלון שבת
ha-02641,פ״ש,"עלון זה הוא ייחודי מעט בנוף העלונים, מכיוון שאין הוא עוסק בנושאים אקטואליים או בנושאים מפרשת השבוע, אך הוא מופץ כעלון פ״ש לכל דבר, וכך נהוג להתייחס אליו.",פרשת שבוע,פ״ש.02,פרשת שבוע,weak,5,פדיון שבויים | פרשת שבוע | פקיד שומה | פת שחרית | פריסת שלום,substituted,yes,3,wikipedia,עלון שבת
ha-02642,פ״ש,רוב העלון מוקדש לדברי תורה; כתבות בנושאי פ״ש ויהדות.,פרשת שבוע,פ״ש.02,פרשת שבוע,weak,5,פדיון שבויים | פרשת שבוע | פקיד שומה | פת שחרית | פריסת שלום,substituted,yes,3,wikipedia,עלון שבת
ha-02643,פ״ש,"או מכיוון שבימים עברו מקובל היה לאכול רק שתי ארוחות ביום: פ״ש וארוחת ערב, הרי שביום השבת יש להוסיף ארוחה אחת נוספת.",פת שחרית,פ״ש.03,פת שחרית,weak,5,פדיון שבויים | פרשת שבוע | פקיד שומה | פת שחרית | פריסת שלום,substituted,yes,3,wikipedia,סעודה שלישית
ha-02644,פ״ש,"הוא נהג לקום לפנות בוקר ולעסוק בחוכמת הנסתר ובמשנה, לאחר תפילת שחרית העביר שיעור בגמרא לבחורי הישיבה, ולאחר מכן למד כשהוא עטור בתפילין של רבנו תם עד לחצות היום, אז פנה לאכול פ״ש.",פת שחרית,פ״ש.03,פת שחרית,weak,5,פדיון שבויים | פרשת שבוע | פקיד שומה | פת שחרית | פריסת שלום,substituted,yes,3,wikipedia,יצחק מינקובסקי
ha-02645,פ״ש,"לאחר נישואיו היה מתמיד גדול, וסדר יומו היה תפילת ותיקין, לימוד עד חצות היום, פ״ש, תפילת מנחה ולימוד עם תלמידים עד תשע וחצי בערב, אז הלך לסעוד אצל חותנו, ולאחר מכן המשיך ללמוד בביתו עד מאוחר.",פת שחרית,פ״ש.03,פת שחרית,weak,5,פדיון שבויים | פרשת שבוע | פקיד שומה | פת שחרית | פריסת שלום,substituted,yes,3,wikipedia,שם קלינברג
ha-02646,צב״י,"לותר ראה בפסוק ""צב״י"" (חבקוק ב:4) את נקודת המשען לתורתו החדשה.",צדיק באמונתו יחיה,צב״י.01,צדיק באמונתו יחיה,weak,3,צדיק באמונתו יחיה | צרכני בריאות ישראל | צעיר באלפי ישראל,substituted,no,3,wikipedia,חמשת הבלבד
ha-02647,צח״מ,"באותו זמן, קבוצת אתלטים שנייה ביצעה חמישה אימונים בעלי עצימות בינונית (70% צח״מ) בשבוע.",צריכת חמצן מרבית,צח״מ.01,צריכת חמצן מרבית,weak,3,צוות חקירה מיוחד | צריכת חמצן מרבית | צוות חטיבתי משוריין,substituted,no,3,wikipedia,HIIT
ha-02648,צח״מ,המדענים הבחינו שהערך VO 2 max - צח״מ של האדם (מדד הקובע את נפח זרימת החמצן המרבית לשריר הלב או שיעור ספיגת החמצן המרבי של גוף האדם) יורד כפונקציה של הגיל.,צריכת חמצן מרבית,צח״מ.01,צריכת חמצן מרבית,weak,3,צוות חקירה מיוחד | צריכת חמצן מרבית | צוות חטיבתי משוריין,substituted,no,3,wikipedia,משך חיים מרבי
ha-02649,צק״ר,דמותו של גופי הרגיזה את יתר הצופים ברעש ובלכלוך שעשה כאשר צק״ר או פיצח גרעינים.,צחק בקול רם,צק״ר.01,צחק בקול רם,weak,3,צחק בקול רם | ציוד קשר רדיו | ציון קצונה ראשוני,substituted,no,3,wikipedia,גופי (דמות דיסני)
ha-02650,צק״ר,"לאחר מכן חזר השודד על דרישתו: ""תראה, חבר, אמרתי הכסף שלך או החיים שלך!"" בני ירה בחזרה: ""אני חושב על זה!"" הפעם הקהל צק״ר יותר מאשר בזמן ההפסקה.",צחק בקול רם,צק״ר.01,צחק בקול רם,weak,3,צחק בקול רם | ציוד קשר רדיו | ציון קצונה ראשוני,substituted,no,3,wikipedia,ג'ק בני
ha-02651,צק״ר,"וושינגטון המפוקח, שלא נהג לחייך לעיתים קרובות, צק״ר.",צחק בקול רם,צק״ר.01,צחק בקול רם,weak,3,צחק בקול רם | ציוד קשר רדיו | ציון קצונה ראשוני,substituted,no,3,wikipedia,ישראל פטנאם
ha-02652,צ״ל,"חובת ההוכחה חלה על המאשים, קרי על המשטרה ופרקליטות המדינה, ואין אדם צ״ל את חפותו, ואף אינו חייב לומר דברים שעלולים להפלילו.",צריך להוכיח,צ״ל.01,צריך להוכיח,weak,4,צריך להיות | צריך לומר | צריך להוכיח | צריך להראות,substituted,yes,3,wikipedia,זכות השתיקה
ha-02653,צ״ל,נחבר את המשוואות ונקבל בדיוק את השוויון הדרוש כפל: צ״ל כי a c b ′ d ′ = b d a ′ c ′ {\displaystyle acb'd'=bda'c'} .,צריך להוכיח,צ״ל.01,צריך להוכיח,weak,4,צריך להיות | צריך לומר | צריך להוכיח | צריך להראות,substituted,yes,3,wikipedia,שדה המספרים הרציונליים
ha-02654,צ״ל,"צ״ל [ ( a , b ) ] ⋅ [ ( e , f ) ] < [ ( c , d ) ] ⋅ [ ( e , f ) ] {\displaystyle [(a,b)]\cdot [(e,f)]<[(c,d)]\cdot [(e,f)]} , כלומר כי a e d f < b f c e {\displaystyle aedf<bfce} .",צריך להוכיח,צ״ל.01,צריך להוכיח,weak,4,צריך להיות | צריך לומר | צריך להוכיח | צריך להראות,substituted,yes,3,wikipedia,שדה המספרים הרציונליים
ha-02655,צ״ל,כדי שיזרום זרם במעגל צריכים להתקיים שני תנאים: המעגל צ״ל מחובר למקור אנרגיה.,צריך להיות,צ״ל.02,צריך להיות,weak,4,צריך להיות | צריך לומר | צריך להוכיח | צריך להראות,substituted,yes,3,wikipedia,מעגל חשמלי
ha-02656,צ״ל,במעגל צ״ל לפחות מסלול סגור אחד העובר דרך מקור האנרגיה.,צריך להיות,צ״ל.02,צריך להיות,weak,4,צריך להיות | צריך לומר | צריך להוכיח | צריך להראות,substituted,yes,3,wikipedia,מעגל חשמלי
ha-02657,צ״ל,גישה שלישית לרכוש כופרת בכך שרצוי שיתקיים רכוש פרטי וגורסת כי כל הרכוש צ״ל בחזקה מהותית של השליטים בחברה.,צריך להיות,צ״ל.02,צריך להיות,weak,4,צריך להיות | צריך לומר | צריך להוכיח | צריך להראות,substituted,yes,3,wikipedia,רכוש
ha-02658,צ״ל,עם כל חגורה מתווספים עוד תרגילים בהם הג'ודוקא צ״ל מיומנות ועליו לקבל ציון גבוה יותר.,צריך להראות,צ״ל.03,צריך להראות,weak,4,צריך להיות | צריך לומר | צריך להוכיח | צריך להראות,substituted,yes,3,wikipedia,ג'ודוקא
ha-02659,צ״ל,"צ״ל כי ( a , b ) + ( c , d ) ∼ ( a ′ , b ′ ) + ( c ′ , d ′ ) {\displaystyle \ (a,b)+(c,d)\sim (a',b')+(c',d')} .",צריך להראות,צ״ל.03,צריך להראות,weak,4,צריך להיות | צריך לומר | צריך להוכיח | צריך להראות,substituted,yes,3,wikipedia,מספר רציונלי
ha-02660,צ״ל,"צ״ל כי ( a , b ) × ( c , d ) ∼ ( a ′ , b ′ ) × ( c ′ , d ′ ) {\displaystyle \ (a,b)\times (c,d)\sim (a',b')\times (c',d')} .",צריך להראות,צ״ל.03,צריך להראות,weak,4,צריך להיות | צריך לומר | צריך להוכיח | צריך להראות,substituted,yes,3,wikipedia,מספר רציונלי
ha-02661,צ״ל,"נוסח זה משובש לשונית ועל פי הדקדוק היה צ״ל ""כי אתה שומע תפילת כל פיות עמך ישראל ברחמים"".",צריך לומר,צ״ל.04,צריך לומר,weak,4,צריך להיות | צריך לומר | צריך להוכיח | צריך להראות,substituted,yes,3,wikipedia,נוסח ספרד
ha-02662,צ״ל,"מזכיר הכנסת מקריא שם של חבר כנסת אחרי חבר כנסת והוא צ״ל את אופן הצבעתו-בעד, נגד או נמנע.",צריך לומר,צ״ל.04,צריך לומר,weak,4,צריך להיות | צריך לומר | צריך להוכיח | צריך להראות,substituted,yes,3,wikipedia,מליאת הכנסת
ha-02663,צ״ל,"והסיבה לכך שאדם הראשון היה צ״ל מזמור זה, היא שהעולם ומלואו, המוזכר במזמור, נברא בשביל אדם הראשון.",צריך לומר,צ״ל.04,צריך לומר,weak,4,צריך להיות | צריך לומר | צריך להוכיח | צריך להראות,substituted,yes,3,wikipedia,"תהילים כ""ד"
ha-02664,צ״ק,"בתעופה, צ״ק הוא מכלול העובדים המטפלים בהכנת המטוס לטיסה.",צוות קרקע,צ״ק.01,צוות קרקע,weak,2,צוות קרקע | ציוד קרקע,substituted,no,3,wikipedia,צוות קרקע
ha-02665,צ״ק,"צ״ק כולל קשת רחבה של בעלי מקצועות טכניים: מכונאי מנועים, אלקטרונאים, פחחי מטוסים ועוד.",צוות קרקע,צ״ק.01,צוות קרקע,weak,2,צוות קרקע | ציוד קרקע,substituted,no,3,wikipedia,צוות קרקע
ha-02666,צ״ק,בטייסת טיסה חיילי צ״ק נמנים עם הגף הטכני.,צוות קרקע,צ״ק.01,צוות קרקע,weak,2,צוות קרקע | ציוד קרקע,substituted,no,3,wikipedia,צוות קרקע
ha-02667,צ״ק,"לחלק מהטכנאים בטייסת זו מגע ישיר והדוק עם מטוסים (טכנאי בקרת ירי, למשל), ואילו טכנאים אחרים מתחזקים את הציוד הנלווה (טכנאי צ״ק, למשל).",ציוד קרקע,צ״ק.02,ציוד קרקע,weak,2,צוות קרקע | ציוד קרקע,substituted,no,3,wikipedia,בסיס טיסה של חיל האוויר הישראלי
ha-02668,קא״ם,קא״ם שנמשך כשלושה חודשים ובמסגרתו מבצעים בוגרי קורס מפעיל הכשרה מבצעית לפני הגעתם לטייסות.,קורס אימון מבצעי,קא״ם.02,קורס אימון מבצעי,weak,3,קורס אימון מבצעי | קורס אימון מתקדם | קצין אקדמאי מיוחד,substituted,yes,3,wikipedia,"בית הספר למפעילי כטמ""ם"
ha-02669,קא״ם,"הוא עבר קא״ם ושירת בטייסת 110, טייסת מטוסי סקייהוק בבסיס רמת דוד.",קורס אימון מבצעי,קא״ם.02,קורס אימון מבצעי,weak,3,קורס אימון מבצעי | קורס אימון מתקדם | קצין אקדמאי מיוחד,substituted,yes,3,wikipedia,משה כהן (טייס)
ha-02670,קא״ם,בינואר 1996 נפתח קורס מכונאים מוטסים מספר 1 בטייסת 123 שבבסיס חיל האוויר בחצרים בצורה ממוסדת המשולבת קא״ם ומשכו 35 שבועות.,קורס אימון מתקדם,קא״ם.01,קורס אימון מתקדם,weak,3,קורס אימון מבצעי | קורס אימון מתקדם | קצין אקדמאי מיוחד,substituted,yes,3,wikipedia,מכונאי מוטס
ha-02671,קא״ם,"הוא עבר קא״ם על מטוסי אוראגן, שירת כטייס סקייהוק, עבר הסבה למטוסי F-4 פנטום והוצב כטייס קרב בטייסת העטלף.",קורס אימון מתקדם,קא״ם.01,קורס אימון מתקדם,weak,3,קורס אימון מבצעי | קורס אימון מתקדם | קצין אקדמאי מיוחד,substituted,yes,3,wikipedia,אבי ברבר
ha-02672,קא״ם,"לאחר קא״ם על מסוקי MD 500 דיפנדר ""להטוט"" בטייסת 190 (אז נקראה ""הטייסת הלהטוט"") נשלח לארצות הברית, הוכשר כטייס AH-64 אפאצ'י ושירת בטייסת 113 (""הצרעה"").",קורס אימון מתקדם,קא״ם.01,קורס אימון מתקדם,weak,3,קורס אימון מבצעי | קורס אימון מתקדם | קצין אקדמאי מיוחד,substituted,yes,3,wikipedia,נמרוד שפרוני
ha-02673,קב״מ,"העוסק בכך קרוי קב״מ, משום שהוא פועל בשירותו של הקבלן הראשי, זה שהתחייב על ייצורו של המוצר השלם.",קבלן משנה,קב״מ.01,קבלן משנה,weak,2,קבלן משנה | קרינה בלתי מייננת,substituted,yes,3,wikipedia,קבלן
ha-02674,קב״מ,"בנובמבר 2011 הגיע המאבק לשלב מכריע, עם תחילת עבודות בשטח על ידי קב״מ וסלילת דרכי גישה לדיונות.",קבלן משנה,קב״מ.01,קבלן משנה,weak,2,קבלן משנה | קרינה בלתי מייננת,substituted,yes,3,wikipedia,חולות סמר
ha-02675,קב״מ,"בעקבות העיכובים בהשלמת הפרויקט פרצו מספר סכסוכים משפטיים בין רשות הנמלים לשותפות אשטרום-דרגדוס, ובינה לחברה דנית לעבודות ימיות שהייתה קב״מ, לגבי האחריות לעיכובים והפיצוי הכספי בעקבותיהם.",קבלן משנה,קב״מ.01,קבלן משנה,weak,2,קבלן משנה | קרינה בלתי מייננת,substituted,yes,3,wikipedia,נמל היובל
ha-02676,קב״מ,קב״מ היא קרינה אלקטרומגנטית שאינה מסוגלת ליינן אטומים או מולקולות.,קרינה בלתי מייננת,קב״מ.02,קרינה בלתי מייננת,weak,2,קבלן משנה | קרינה בלתי מייננת,substituted,yes,3,wikipedia,קרינה בלתי מייננת
ha-02677,קב״מ,"שלא כמו קרינה מייננת, קב״מ לא גורמת לנזקים בריאותיים, אם כי קב״מ בעוצמה גבוהה יכולה לחמם עצמים ורקמות בהם היא עוברת.",קרינה בלתי מייננת,קב״מ.02,קרינה בלתי מייננת,weak,2,קבלן משנה | קרינה בלתי מייננת,substituted,yes,3,wikipedia,קרינה בלתי מייננת
ha-02678,קב״מ,"כמו קרינה מייננת, גם קב״מ מעבירה אנרגיה לחומר שהיא פוגעת בו במנות שגודלן קבוע עבור סוג הקרינה.",קרינה בלתי מייננת,קב״מ.02,קרינה בלתי מייננת,weak,2,קבלן משנה | קרינה בלתי מייננת,substituted,yes,3,wikipedia,קרינה בלתי מייננת
ha-02679,קב״ר,"מקטע T71, רינתיה-טירת יהודה, קב״ר חברת ""יואל וגילי עזריה"" – הנחת מסילה נוספת.",קבלן ראשי,קב״ר.01,קבלן ראשי,weak,2,קבלן ראשי | קצין בינה רשתית,substituted,yes,3,wikipedia,המסילה המזרחית החדשה
ha-02680,קב״ר,"מקטעים T72-T73, טירת יהודה-בני עטרות, קב״ר חברת ""קן התור"" – הנחת מסילה נוספת.",קבלן ראשי,קב״ר.01,קבלן ראשי,weak,2,קבלן ראשי | קצין בינה רשתית,substituted,yes,3,wikipedia,המסילה המזרחית החדשה
ha-02681,קב״ר,נפסק כי קב״ר וקבלן משנה חייבים בחובה כללית להבטחת שלומו וביטחונו של כל אדם שהם צופים ו/או צריכים לצפות שהוא עשוי להיות מושפע מהמתרחש בשטח.,קבלן ראשי,קב״ר.01,קבלן ראשי,weak,2,קבלן ראשי | קצין בינה רשתית,substituted,yes,3,wikipedia,אחריות מעסיק קבלן (בעל חוזה)
ha-02682,קב״ר,היה קב״ר של האמצעים המיוחדים בתקופה שקדמה למלחמת יום הכיפורים.,קצין בינה רשתית,קב״ר.02,קצין בינה רשתית,weak,2,קבלן ראשי | קצין בינה רשתית,substituted,yes,3,wikipedia,ספי בן-יוסף
ha-02683,קב״ר,"עם השבויים נמנה עמוס לוינברג, קב״ר במודיעין אשר כונה בפי הסורים ""הפרופסור היהודי"" בשל הידיעות הרבות שמסר בשבי.",קצין בינה רשתית,קב״ר.02,קצין בינה רשתית,weak,2,קבלן ראשי | קצין בינה רשתית,substituted,yes,3,wikipedia,מוצב החרמון
ha-02684,קב״ש,"קב״ש היא קבוצת מזמורי תהילים ופיוט הנאמרים בבית הכנסת בזמן המעבר בין ערב שבת לליל שבת, בין תפילת מנחה של חול לתפילת ערבית של שבת, ומציינת את תחילתה של השבת.",קבלת שבת,קב״ש.01,קבלת שבת,weak,3,קבלת שבת | קילובייט לשנייה | קצין ביטחון שדה,substituted,yes,3,wikipedia,קבלת שבת
ha-02685,קב״ש,"בהשראת הטקס הדתי התפתחו גם טקסים ואירועים שונים בשם זהה עם מאפיינים מסורתיים או חילוניים על ידי קבוצות יהודיות שונות, בערב שבת ובליל השבת (לדוגמה, טקס קב״ש בקיבוצים).",קבלת שבת,קב״ש.01,קבלת שבת,weak,3,קבלת שבת | קילובייט לשנייה | קצין ביטחון שדה,substituted,yes,3,wikipedia,קבלת שבת
ha-02686,קב״ש,"בקהילת פרנקפורט דמיין, לא נתקבל מנהג קב״ש בבית כנסת המרכזי עד תקופת הרב שמשון רפאל הירש, ובוורמייזא לא נתקבל כל עוד שהייתה שם קהילה.",קבלת שבת,קב״ש.01,קבלת שבת,weak,3,קבלת שבת | קילובייט לשנייה | קצין ביטחון שדה,substituted,yes,3,wikipedia,קבלת שבת
ha-02687,קב״ש,"במקור, השירים היו זמינים רק עם הגנת DRM והיו מקודדים ב-128 קב״ש.",קילובייט לשנייה,קב״ש.02,קילובייט לשנייה,weak,3,קבלת שבת | קילובייט לשנייה | קצין ביטחון שדה,substituted,yes,3,wikipedia,חנות האייטונס
ha-02688,קב״ש,"בתערוכת מקוורלד 2009, הודיעה אפל כי כל המוזיקה ב-iTunes תהיה זמינה ללא DRM ותקודד בקצב גבוה יותר, של 256 קב״ש.",קילובייט לשנייה,קב״ש.02,קילובייט לשנייה,weak,3,קבלת שבת | קילובייט לשנייה | קצין ביטחון שדה,substituted,yes,3,wikipedia,חנות האייטונס
ha-02689,קב״ש,"בישראל היו כמה מאות שותפי סוד, ולכן מינה הדר קמחי מתוך שייטת ספינות הטילים קב״ש מיוחד לנושא.",קצין ביטחון שדה,קב״ש.03,קצין ביטחון שדה,weak,3,קבלת שבת | קילובייט לשנייה | קצין ביטחון שדה,substituted,yes,3,wikipedia,ספינות שרבורג
ha-02690,קג״מ,"כך לדוגמה נפסק, שנתינת מטבע מהווה מעשה קניין: ""אם המקום מקום שקונין קג״מ בנתינת אותו פשוט [מטבע], הדין עם ראובן [הקונה]..."", שהקניין תקף מדין סיטומתא.",קנין גמור,קג״מ.01,קנין גמור,weak,2,קילוגרם מסה | קנין גמור,substituted,no,3,wikipedia,סיטומתא
ha-02691,קו״ח,"קו״ח היא שפה רשמית במדינות רבות: ארצות הברית, הממלכה המאוחדת, אירלנד, קנדה, ניו זילנד, מלטה, הודו, פקיסטן, הפיליפינים, סינגפור, ובמספר מדינות באפריקה, באמריקה הלטינית ובאיי אוקיאניה.",אנגלית,קו״ח.01,אנגלית,weak,5,אנגלית | קורות חיים | קל וחומר | קול חתן | קודם חורבן,substituted,yes,2,wikipedia,אנגלית
ha-02692,קו״ח,"על־פי הערכות, יש בעולם בין 500 מיליון ל־1.8 מיליארד דוברי קו״ח ברמה כלשהי, בין כשפת אם או כשפה שנייה.",אנגלית,קו״ח.01,אנגלית,weak,5,אנגלית | קורות חיים | קל וחומר | קול חתן | קודם חורבן,substituted,yes,2,wikipedia,אנגלית
ha-02693,קו״ח,"מתוכם, בין 300 ל־450 מיליוני בני אדם מדברים קו״ח כשפת אם.",אנגלית,קו״ח.01,אנגלית,weak,5,אנגלית | קורות חיים | קל וחומר | קול חתן | קודם חורבן,substituted,yes,2,wikipedia,אנגלית
ha-02694,קו״ח,מסמך קו״ח נפוץ במיוחד בתחום התעסוקתי – הוא נשלח על ידי אדם למעסיקים פוטנציאליים ומאפשר להם להעריך את מידת ההתאמה של המועמד להעסקה.,קורות חיים,קו״ח.02,קורות חיים,weak,5,אנגלית | קורות חיים | קל וחומר | קול חתן | קודם חורבן,substituted,yes,2,wikipedia,קורות חיים
ha-02695,קו״ח,"קו״ח משמשים גם אנשים המעוניינים להציג עצמם בפני ציבור כלשהו, לדוגמה, אישיות פוליטית בפני ציבור בוחריה, סופר בפני קוראיו, וכדומה.",קורות חיים,קו״ח.02,קורות חיים,weak,5,אנגלית | קורות חיים | קל וחומר | קול חתן | קודם חורבן,substituted,yes,2,wikipedia,קורות חיים
ha-02696,קו״ח,סינון המועמדים הגדול ביותר על ידי המעסיק נעשה בשלב זה - ישנן משרות להן מתקבלות מאות קו״ח.,קורות חיים,קו״ח.02,קורות חיים,weak,5,אנגלית | קורות חיים | קל וחומר | קול חתן | קודם חורבן,substituted,yes,2,wikipedia,קורות חיים
ha-02697,קו״ח,"לעיתים, כדי לציין קו״ח חזק במיוחד משתמשים בביטוי קו״ח בן בנו של קו״ח, למרות שהמשמעות המקורית של ביטוי זה היא דווקא ""קו״ח"" חלש, מאחר שמקור ההשוואה עצמו נלמד ב""קו״ח"".",קל וחומר,קו״ח.03,קל וחומר,weak,5,אנגלית | קורות חיים | קל וחומר | קול חתן | קודם חורבן,substituted,yes,2,wikipedia,קל וחומר
ha-02698,קו״ח,"הכלל של ""דיו"" תקף גם לגבי הדין שמהווה את הצד החמור המאפשר לימוד של קו״ח.",קל וחומר,קו״ח.03,קל וחומר,weak,5,אנגלית | קורות חיים | קל וחומר | קול חתן | קודם חורבן,substituted,yes,2,wikipedia,קל וחומר
ha-02699,קו״ח,"כלומר, לא ניתן ללמוד בעזרת קו״ח דין יותר חמור מאשר הדין שנושאו הוכרז כחמור יותר.",קל וחומר,קו״ח.03,קל וחומר,weak,5,אנגלית | קורות חיים | קל וחומר | קול חתן | קודם חורבן,substituted,yes,2,wikipedia,קל וחומר
ha-02700,קו״נ,"פירושו ""קו״נ"" נדפס עשרות פעמים והוא אחד מהפירושים הפופולריים על המשנה.",קב ונקי,קו״נ.01,קב ונקי,weak,3,קולנוע | קב ונקי | קורבן נתנאל,substituted,yes,3,wikipedia,אלישע בן אברהם (רב)
ha-02701,קו״נ,מקור שם הפירוש הוא בביטוי קו״נ המתאר כמות קטנה (קב) באיכות גבוהה.,קב ונקי,קו״נ.01,קב ונקי,weak,3,קולנוע | קב ונקי | קורבן נתנאל,substituted,yes,3,wikipedia,אלישע בן אברהם (רב)
ha-02702,קו״נ,"פירוש ""קו״נ"" נדפס כ-20 פעמים מאז שיצא, ונכלל גם במהדורה המודרנית ""משנה סדורה"".",קב ונקי,קו״נ.01,קב ונקי,weak,3,קולנוע | קב ונקי | קורבן נתנאל,substituted,yes,3,wikipedia,אלישע בן אברהם (רב)
ha-02703,קו״נ,"בדרך כלל, המונח מתייחס לאדם המופיע בסרט קו״נ, בתיאטרון, או בטלוויזיה, ולעיתים מתייחס גם להופעות רחוב.",קולנוע,קו״נ.02,קולנוע,weak,3,קולנוע | קב ונקי | קורבן נתנאל,substituted,yes,3,wikipedia,שחקן
ha-02704,קו״נ,"סרט קו״נ מוצג באופן מסורתי בבית קו״נ, אולם ניתן לצפות בסרטי קו״נ גם באמצעי צפייה ביתיים כגון שידורי טלוויזיה, מכשירי וידאו ו-DVD וגם באמצעות מחשב.",קולנוע,קו״נ.02,קולנוע,weak,3,קולנוע | קב ונקי | קורבן נתנאל,substituted,yes,3,wikipedia,סרט קולנוע
ha-02705,קו״נ,"כשהפסקול של סרט קו״נ כולל שירים או יצירות מוזיקליות רבות, נהוג להדפיסו על-גבי קלטות ותקליטורים ולמוכרו בנפרד מהסרט.",קולנוע,קו״נ.02,קולנוע,weak,3,קולנוע | קב ונקי | קורבן נתנאל,substituted,yes,3,wikipedia,סרט קולנוע
ha-02706,קמ״א,"עם סיום לימודיו חוזר העתודאי לשירות פעיל, יוצא לקורס קצינים או משובץ ביחידתו בתור קמ״א ומשלים את שירותו הסדיר.",קצין מקצועי אקדמי,קמ״א.01,קצין מקצועי אקדמי,weak,2,קורס מפקדי איסוף | קצין מקצועי אקדמי,substituted,no,3,wikipedia,העתודה האקדמית
ha-02707,קמ״ט,"הוא עבר הכשרה כלוחם, קמ״ט וקורס קציני שריון.",קורס מפקדי טנקים,קמ״ט.01,קורס מפקדי טנקים,weak,3,קצין מטה | קורס מפקדי טנקים | קצין מיון טרומי,substituted,yes,3,wikipedia,גל שוחמי
ha-02708,קמ״ט,"ב-2010 לסגן מפקד חטיבה 460, ב-2011 מונה למפקד גדוד 196 (קמ״ט וקורס קציני שריון) בחטיבה 460.",קורס מפקדי טנקים,קמ״ט.01,קורס מפקדי טנקים,weak,3,קצין מטה | קורס מפקדי טנקים | קצין מיון טרומי,substituted,yes,3,wikipedia,גל שוחמי
ha-02709,קמ״ט,"פיקד על גדוד 53 בחטיבה 188, לאחר מכן שירת כסגן מפקד חטיבה 188 ובאוגוסט 2009 מונה למפקד גדוד 196, גדוד קמ״ט וקורס קציני שריון בחטיבה 460.",קורס מפקדי טנקים,קמ״ט.01,קורס מפקדי טנקים,weak,3,קצין מטה | קורס מפקדי טנקים | קצין מיון טרומי,substituted,yes,3,wikipedia,אמיר חמוד
ha-02710,קמ״ט,קמ״ט איכות הסביבה - אחראי על ענייני איכות הסביבה ביהודה ושומרון הוא עובד המשרד להגנת הסביבה.,קצין מטה,קמ״ט.02,קצין מטה,weak,3,קצין מטה | קורס מפקדי טנקים | קצין מיון טרומי,substituted,yes,3,wikipedia,המנהל האזרחי
ha-02711,קמ״ט,"קמ״ט משפטים ורישום מקרקעין - עובד משרד המשפטים, אחראי על הסדרה, על רישום ועל מתן ייעוץ בנוגע לבעלות על קרקעות בשטחי ""C"".",קצין מטה,קמ״ט.02,קצין מטה,weak,3,קצין מטה | קורס מפקדי טנקים | קצין מיון טרומי,substituted,yes,3,wikipedia,המנהל האזרחי
ha-02712,קמ״ט,קמ״ט מדידות - הממונה על המדידות בשטחי יהודה ושומרון הוא עובד המרכז למיפוי ישראל.,קצין מטה,קמ״ט.02,קצין מטה,weak,3,קצין מטה | קורס מפקדי טנקים | קצין מיון טרומי,substituted,yes,3,wikipedia,המנהל האזרחי
ha-02713,קמ״ש,המכונית המהירה ביותר בעולם נכון לשנת 2025 היא ה-Yangwang U9 החשמלית (מבית BYD) שהגיע ל-497 קילומטר בשעה והמכונית הראשונה שהגיעה למהירות 200 קמ״ש היא היגואר XK120 ששברה שיא עולמי בשנת 1949.,קילומטרים לשעה,קמ״ש.01,קילומטרים לשעה,weak,3,קילומטרים לשעה | קצין משמרת | קצין משפטים,substituted,yes,3,wikipedia,המכונית המהירה ביותר בעולם
ha-02714,קמ״ש,היא האיצה מ-0 ל-100 קמ״ש בתוך 3.7 שניות והגיעה למהירות מרבית של 345 קמ״ש.,קילומטרים לשעה,קמ״ש.01,קילומטרים לשעה,weak,3,קילומטרים לשעה | קצין משמרת | קצין משפטים,substituted,yes,3,wikipedia,אאודי R8
ha-02715,קמ״ש,היא מאיצה מ-0 ל-100 קמ״ש בתוך 4.6 שניות ומגיעה למהירות מרבית של 301 קמ״ש.,קילומטרים לשעה,קמ״ש.01,קילומטרים לשעה,weak,3,קילומטרים לשעה | קצין משמרת | קצין משפטים,substituted,yes,3,wikipedia,אאודי R8
ha-02716,קמ״ש,"קמ״ש גשר הוא הקצין האחראי לאונייה, נוסעיה ומטענה בעת המשמרת.",קצין משמרת,קמ״ש.02,קצין משמרת,weak,3,קילומטרים לשעה | קצין משמרת | קצין משפטים,substituted,yes,3,wikipedia,קצין משמרת גשר
ha-02717,קמ״ש,רב חובל אנריקו לוי עוד כמנהל בית הספר הימי בחיפה ראה את קמ״ש גשר כמודל לחינוך.,קצין משמרת,קמ״ש.02,קצין משמרת,weak,3,קילומטרים לשעה | קצין משמרת | קצין משפטים,substituted,yes,3,wikipedia,קצין משמרת גשר
ha-02718,קמ״ש,מיקום SOS' בעבר נדרש קמ״ש הגשר לרשום ביומן הנשמר אצל קצין האלחוט בתחילת המשמרת ובאמצעיתה את DR של האונייה.,קצין משמרת,קמ״ש.02,קצין משמרת,weak,3,קילומטרים לשעה | קצין משמרת | קצין משפטים,substituted,yes,3,wikipedia,קצין משמרת גשר
ha-02719,קמ״ש,תחילה היו אלה דרגות של קמ״ש וקצין רפואה שהוענקו לבוגרי העתודה האקדמית.,קצין משפטים,קמ״ש.03,קצין משפטים,weak,3,קילומטרים לשעה | קצין משמרת | קצין משפטים,substituted,yes,3,wikipedia,"קצונה מקצועית בצה""ל"
ha-02720,קמ״ש,"בשנת 1949, עם קבלת רישיון לעריכת דין, החל לעבוד בתור קמ״ש בפרקליטות הצבאית בירושלים.",קצין משפטים,קמ״ש.03,קצין משפטים,weak,3,קילומטרים לשעה | קצין משמרת | קצין משפטים,substituted,yes,3,wikipedia,שבתי זכריה
ha-02721,קפ״ל,"קפ״ל היא תחרות אתלטיקה ומקצוע אולימפי בענף הקפיצות, בה המתחרים נדרשים לקפוץ מעל רף (מוט) אופקי הממוקם בגובה מסוים, מבלי להפילו.",קפיצה לגובה,קפ״ל.01,קפיצה לגובה,weak,2,קפיצה לגובה | קפיצה לרוחק,substituted,yes,3,wikipedia,קפיצה לגובה
ha-02722,קפ״ל,מבצע קפ״ל החל ב־26 באוגוסט 1946 והסתיים בסוף פברואר 1947.,קפיצה לגובה,קפ״ל.01,קפיצה לגובה,weak,2,קפיצה לגובה | קפיצה לרוחק,substituted,yes,3,wikipedia,מבצע קפיצה לגובה
ha-02723,קפ״ל,"משימתו העיקרית של מבצע קפ״ל הייתה להקים את הבסיס למחקר אנטארקטיקה ""אמריקה הקטנה IV"" על מדף הקרח רוס.",קפיצה לגובה,קפ״ל.01,קפיצה לגובה,weak,2,קפיצה לגובה | קפיצה לרוחק,substituted,yes,3,wikipedia,מבצע קפיצה לגובה
ha-02724,קפ״ל,"קפ״ל, או קפיצה למרחק, היא מקצוע באתלטיקה קלה, שמטרת האתלט שמתחרה בו היא לעבור מרחק גדול ככל האפשר בקפיצה אופקית.",קפיצה לרוחק,קפ״ל.02,קפיצה לרוחק,weak,2,קפיצה לגובה | קפיצה לרוחק,substituted,yes,3,wikipedia,קפיצה לרוחק
ha-02725,קפ״ל,תחרויות קפ״ל נכללות בתוכנית האולימפית לגברים החל מהאולימפיאדה הראשונה ב-1896 ולנשים מאולימפיאדת אמסטרדם (1928).,קפיצה לרוחק,קפ״ל.02,קפיצה לרוחק,weak,2,קפיצה לגובה | קפיצה לרוחק,substituted,yes,3,wikipedia,קפיצה לרוחק
ha-02726,קפ״ל,"אלופה אולימפית (סיאול 1988), פעמיים ברציפות אלופת עולם (רומא 1987 וטוקיו 1991) ושיאנית עולם בעבר קפ״ל.",קפיצה לרוחק,קפ״ל.02,קפיצה לרוחק,weak,2,קפיצה לגובה | קפיצה לרוחק,substituted,yes,3,wikipedia,ג'קי ג'וינר קרסי
ha-02727,קצא״א,"ב-2014, לאחר קצא״א, ניהלה שורקי מבצע לגיוס מתנדבים לשיקום השמורה.",דליפת הנפט בשמורת עברונה,קצא״א.03,דליפת הנפט בשמורת עברונה,weak,3,קו צינור אילת-אשקלון | דליפת הנפט בשמורת עברונה | חברת קו צינור אירופה אסיה,substituted,yes,3,wikipedia,רעיה שורקי
ha-02728,קצא״א,"הנמל הופעל משנת 1970, ועד 2019 על ידי חברת קו צינור אילת אשקלון ומאז על ידי ממשיכתה - ""קצא״א"".",חברת קו צינור אירופה אסיה,קצא״א.02,חברת קו צינור אירופה אסיה,weak,3,קו צינור אילת-אשקלון | דליפת הנפט בשמורת עברונה | חברת קו צינור אירופה אסיה,substituted,yes,3,wikipedia,"נמל אשקלון - קצא""א"
ha-02729,קצא״א,הקו הופעל על ידי חברת קו צינור אילת אשקלון וכיום מופעל על ידי קצא״א.,חברת קו צינור אירופה אסיה,קצא״א.02,חברת קו צינור אירופה אסיה,weak,3,קו צינור אילת-אשקלון | דליפת הנפט בשמורת עברונה | חברת קו צינור אירופה אסיה,substituted,yes,3,wikipedia,קו צינור אילת-אשקלון
ha-02730,קצא״א,"בשלב ראשון עובדי קצא""א בשיתוף פקחי רשות הטבע והגנים הגיעו לאתר ויצרו מחסומים פיזיים בעזרת דחפורים על מנת לעצור את התפשטות הנפט בשמורה.",קו צינור אילת-אשקלון,קצא״א.01,קו צינור אילת-אשקלון,verified,3,קו צינור אילת-אשקלון | דליפת הנפט בשמורת עברונה | חברת קו צינור אירופה אסיה,natural,yes,3,wikipedia,עברונה
ha-02731,קצא״א,"ראש הממשלה באותה עת, בנימין נתניהו, החליט זמן קצר לאחר מכן, ששיקום השמורה ייעשה מכספי המדינה, ועורר בכך כעס רב מצד הטוענים שחברת קצא""א הייתה אמורה לשאת בעלויות אלה.",קו צינור אילת-אשקלון,קצא״א.01,קו צינור אילת-אשקלון,verified,3,קו צינור אילת-אשקלון | דליפת הנפט בשמורת עברונה | חברת קו צינור אירופה אסיה,natural,yes,3,wikipedia,עברונה
ha-02732,קצא״א,"נגד קצא""א הוגשו מספר תביעות ייצוגיות שאוחדו לתובענה ייצוגית אזרחית אחת.",קו צינור אילת-אשקלון,קצא״א.01,קו צינור אילת-אשקלון,verified,3,קו צינור אילת-אשקלון | דליפת הנפט בשמורת עברונה | חברת קו צינור אירופה אסיה,natural,yes,3,wikipedia,עברונה
ha-02733,קצא״א,בשנת 2017 עבר תפעול הקו מחברת קצא״א לחברת קו צינור אירופה אסיה.,קו צינור אילת-אשקלון,קצא״א.01,קו צינור אילת-אשקלון,weak,3,קו צינור אילת-אשקלון | דליפת הנפט בשמורת עברונה | חברת קו צינור אירופה אסיה,substituted,yes,3,wikipedia,קו צינור אילת-אשקלון
ha-02734,קצא״א,"כמו כן, הוקם קצא״א שהזרים את הדלק הגולמי שהגיע לאילת אל הים התיכון, ומשם למדינות שונות.",קו צינור אילת-אשקלון,קצא״א.01,קו צינור אילת-אשקלון,weak,3,קו צינור אילת-אשקלון | דליפת הנפט בשמורת עברונה | חברת קו צינור אירופה אסיה,substituted,yes,3,wikipedia,חברת קו צינור אילת אשקלון
ha-02735,קצא״א,"בדצמבר 1969 הסתיימה בניית קצא״א וכן נמלי הדלק באילת ובאשקלון, והחל השימוש בקו להזרמת נפט איראני לאירופה.",קו צינור אילת-אשקלון,קצא״א.01,קו צינור אילת-אשקלון,weak,3,קו צינור אילת-אשקלון | דליפת הנפט בשמורת עברונה | חברת קו צינור אירופה אסיה,substituted,yes,3,wikipedia,חברת קו צינור אילת אשקלון
ha-02736,קק״ל,"לאחר הקמת מדינת ישראל התאגדה קק""ל כחברה ישראלית ובתזכיר התאגדותה משנת 1954 נוסחו מטרותיה ובהן קניה וחכירת קרקעות ליישוב יהודים.",קרן קיימת לישראל,קק״ל.01,קרן קיימת לישראל,verified,2,קרן קיימת לישראל | קילו קלוריה,natural,no,3,wikipedia,קרן קיימת לישראל
ha-02737,קק״ל,"לפני קום המדינה עסקה קק""ל בעיקר ברכישת קרקעות בארץ ישראל לשם יישוב יהודים בהן.",קרן קיימת לישראל,קק״ל.01,קרן קיימת לישראל,verified,2,קרן קיימת לישראל | קילו קלוריה,natural,no,3,wikipedia,קרן קיימת לישראל
ha-02738,קק״ל,"בחודש אוגוסט 2014 פורסם כי דירקטוריון קק""ל קיבל החלטה לפיה קק""ל תיערך להיפרדות מן המדינה והפסקת ההתקשרות עם רשות מקרקעי ישראל המנהלת את אדמות קק""ל.",קרן קיימת לישראל,קק״ל.01,קרן קיימת לישראל,verified,2,קרן קיימת לישראל | קילו קלוריה,natural,no,3,wikipedia,קרן קיימת לישראל
ha-02739,קק״ל,החל מ-15 בדצמבר 2021 קק״ל לקחו חסות על האתר.,קרן קיימת לישראל,קק״ל.01,קרן קיימת לישראל,weak,2,קרן קיימת לישראל | קילו קלוריה,substituted,no,3,wikipedia,צמח השדה
ha-02740,קק״ל,"ארבע שנים לאחר מכן, בקונגרס הציוני החמישי ב-1901, הוכרז על ייסוד ""קק״ל"" - ארגון שתפקידו לרכוש קרקעות להתיישבות יהודית בארץ ישראל.",קרן קיימת לישראל,קק״ל.01,קרן קיימת לישראל,weak,2,קרן קיימת לישראל | קילו קלוריה,substituted,no,3,wikipedia,קרן קיימת לישראל
ha-02741,קק״ל,"בולי קק״ל הם בולים המונפקים על ידי קק״ל ואינם משמשים כבולי דואר, אלא כאמצעי להפצת רעיונות ציוניים ולאיסוף כספים למטרות קק״ל.",קרן קיימת לישראל,קק״ל.01,קרן קיימת לישראל,weak,2,קרן קיימת לישראל | קילו קלוריה,substituted,no,3,wikipedia,בולי קרן קיימת לישראל
ha-02742,קק״צ,חלק מההכשרות השונות מתבצעות במסגרת קק״צ במערך ההדרכה למודיעין וסייבר.,קורס קדם צבאי,קק״צ.02,קורס קדם צבאי,weak,2,קורס קצינים | קורס קדם צבאי,substituted,no,3,wikipedia,חיל המודיעין
ha-02743,קק״צ,"חוזרים לשירות מקבלים לעיתים דרגות ייצוג זמניות, אך מחויבים להשלים קק״צ רגיל תוך זמן קצר מחזרתם לשירות כדי להיחשב כקצינים מן המניין.",קורס קצינים,קק״צ.01,קורס קצינים,weak,2,קורס קצינים | קורס קדם צבאי,substituted,no,3,wikipedia,קורס קצינים
ha-02744,קק״צ,בתחילת שנות ה-2000 החלה מגמת קק״צ אחוד – גברים ונשים העוברים יחדיו את הקורס תוך הקפדה על השילוב הראוי.,קורס קצינים,קק״צ.01,קורס קצינים,weak,2,קורס קצינים | קורס קדם צבאי,substituted,no,3,wikipedia,קורס קצינים
ha-02745,קק״צ,באפריל 2018 נפתח קק״צ הראשון לחיילי מילואים.,קורס קצינים,קק״צ.01,קורס קצינים,weak,2,קורס קצינים | קורס קדם צבאי,substituted,no,3,wikipedia,קורס קצינים
ha-02746,קרוב״ץ,"לעיתים קרוב״ץ מושג המילה ""יום"" מורחב להכליל את שעות הלילה (כהגדרת ""יממה""), למשל בחלוקת השבוע: יום ראשון, יום שני וכו'.",קרובות,קרוב״ץ.01,קרובות,weak,2,קרובות | קול רִנה וישועה באהלי צדיקים,substituted,no,3,wikipedia,יום
ha-02747,קרוב״ץ,האתר מושווה[דרושה הבהרה] לעיתים קרוב״ץ למסד הנתונים IMDb.,קרובות,קרוב״ץ.01,קרובות,weak,2,קרובות | קול רִנה וישועה באהלי צדיקים,substituted,no,3,wikipedia,KinoPoisk
ha-02748,קרוב״ץ,ההגליה נחשבת עונש חמור ביותר ועד למאה העשרים אף שימשה לעיתים קרוב״ץ כתחליף לעונש מוות.,קרובות,קרוב״ץ.01,קרובות,weak,2,קרובות | קול רִנה וישועה באהלי צדיקים,substituted,no,3,wikipedia,גלות
ha-02749,קרפ״ח,בשנים 1967–1968 היה קרפ״ח בחטיבה 14 בסיני.,קצין רפואה חטיבתי,קרפ״ח.01,קצין רפואה חטיבתי,weak,2,קצין רפואה חילי | קצין רפואה חטיבתי,substituted,no,3,wikipedia,משה רוח
ha-02750,קש״ב,"כל קבוצה אינסופית שאפשר לסדר את איבריה בסדרה, ואפילו עם חזרות, היא בת־מנייה (לפי קש״ב).",משפט קנטור-שרדר-ברנשטיין,קש״ב.01,משפט קנטור-שרדר-ברנשטיין,weak,2,משפט קנטור-שרדר-ברנשטיין | קצין שיפוט בכיר,substituted,yes,3,wikipedia,קבוצה בת מנייה
ha-02751,קש״ב,לפי קש״ב לא קיימת פונקציה חד-חד-ערכית ועל מקבוצת המספרים הטבעיים לקבוצה שאינה בת מנייה.,משפט קנטור-שרדר-ברנשטיין,קש״ב.01,משפט קנטור-שרדר-ברנשטיין,weak,2,משפט קנטור-שרדר-ברנשטיין | קצין שיפוט בכיר,substituted,yes,3,wikipedia,קבוצה שאינה בת מנייה
ha-02752,קש״ב,"פליקס ברנשטיין (בגרמנית: Felix Bernstein; ‏ 24 בפברואר 1878, האלה, גרמניה – 3 בדצמבר 1956, ציריך, שווייץ) היה מתמטיקאי יהודי-גרמני הידוע ביותר על תרומתו בפיתוח קש״ב ב-1897.",משפט קנטור-שרדר-ברנשטיין,קש״ב.01,משפט קנטור-שרדר-ברנשטיין,weak,2,משפט קנטור-שרדר-ברנשטיין | קצין שיפוט בכיר,substituted,yes,3,wikipedia,פליקס ברנשטיין
ha-02753,קש״ב,הטלת עונש של נזיפה חמורה נמצאת בסמכותם של קש״ב ומעלה.,קצין שיפוט בכיר,קש״ב.02,קצין שיפוט בכיר,weak,2,משפט קנטור-שרדר-ברנשטיין | קצין שיפוט בכיר,substituted,yes,3,wikipedia,נזיפה
ha-02754,קש״ב,קש״ב: כל קצין שיפוט שדרגת הכתף שלו היא רב-סרן עד רב-אלוף.,קצין שיפוט בכיר,קש״ב.02,קצין שיפוט בכיר,weak,2,משפט קנטור-שרדר-ברנשטיין | קצין שיפוט בכיר,substituted,yes,3,wikipedia,"דין משמעתי בצה""ל"
ha-02755,קש״ב,קש״ב מיוחד: קצין שיפוט בעל מינוי או הכשרה מיוחדת לדון בסוג עבירות מסוימות או עבירה ספציפית.,קצין שיפוט בכיר,קש״ב.02,קצין שיפוט בכיר,weak,2,משפט קנטור-שרדר-ברנשטיין | קצין שיפוט בכיר,substituted,yes,3,wikipedia,"דין משמעתי בצה""ל"
ha-02756,ק״א,"ק״א משמשת מרכז עירוני ליישובים הישראלים באזור, ובה נציגויות של מספר רשויות ומועצה דתית.",קריית ארבע,ק״א.01,קריית ארבע,weak,2,קריית ארבע | קרב־אוויר,substituted,no,3,wikipedia,קריית ארבע
ha-02757,ק״א,ואכן באותה שנה החלו עבודות אינטנסיביות להקמתה של ק״א בידי ממשלת המערך בראשות גולדה מאיר.,קריית ארבע,ק״א.01,קריית ארבע,weak,2,קריית ארבע | קרב־אוויר,substituted,no,3,wikipedia,קריית ארבע
ha-02758,ק״א,ק״א תוכננה לראשונה על ידי האדריכלים שמואל שקד ויעקב ונטורה.,קריית ארבע,ק״א.01,קריית ארבע,weak,2,קריית ארבע | קרב־אוויר,substituted,no,3,wikipedia,קריית ארבע
ha-02759,ק״ו,"הכלל של ""דיו"" תקף גם לגבי הדין שמהווה את הצד החמור המאפשר לימוד של ק״ו.",קל וחומר,ק״ו.01,קל וחומר,weak,2,קל וחומר | קצר וקולע,substituted,no,3,wikipedia,קל וחומר
ha-02760,ק״ו,"כלומר, לא ניתן ללמוד בעזרת ק״ו דין יותר חמור מאשר הדין שנושאו הוכרז כחמור יותר.",קל וחומר,ק״ו.01,קל וחומר,weak,2,קל וחומר | קצר וקולע,substituted,no,3,wikipedia,קל וחומר
ha-02761,ק״ו,"אופן הלימוד מהפסוק הוא משום שלכאורה לפי ק״ו זה היה על מרים להיות מסוגרת על כל פנים שבועיים, ומכך שהתורה הורתה על הסגרתה למשך שבוע בלבד – הרי ש""דיו לבא מן הדין להיות כנדון"".",קל וחומר,ק״ו.01,קל וחומר,weak,2,קל וחומר | קצר וקולע,substituted,no,3,wikipedia,קל וחומר
ha-02762,ק״ו,איסור רציחה ערך מורחב – לא תרצח איסור הרציחה הוא ק״ו ללא נתינת טעם כפי שמופיע בפרשת נח.,קצר וקולע,ק״ו.02,קצר וקולע,weak,2,קל וחומר | קצר וקולע,substituted,no,3,wikipedia,עשרת הדיברות
ha-02763,ק״ל,"מהניסוח הרביעי של החוק ק״ל שכל אמצעי קירור יכול לקרר אזור מוגבל, ובהכרח יחמם את שאר הסביבה - לדוגמה, מקרר הפועל בחדר סגור יחמם את החדר, בין אם הוא פתוח (לאורך זמן) ובין אם הוא סגור.",קל להבין,ק״ל.01,קל להבין,weak,3,קשה לי | קל להבין | קיימא לן (מוחזק לנו),substituted,yes,3,wikipedia,החוק השני של התרמודינמיקה
ha-02764,ק״ל,"ק״ל מדוע הובר, ""טראסט המוחות"" או חוקרים האוהדים לפעולתם יבכרו לאמץ עמדה אפולוגטית או התכחשות לכישלון הפרויקטים הציבוריים, חלוקת הכספים לחקלאים, וכדומה.",קל להבין,ק״ל.01,קל להבין,weak,3,קשה לי | קל להבין | קיימא לן (מוחזק לנו),substituted,yes,3,wikipedia,השפל הגדול
ha-02765,ק״ל,"מנקודת מבט זו, ק״ל את פעולת הבנק הפדרלי לאורך שנות העשרים, בניפוח השוק כדי לשמר את הצריכה המצרפית ברמת גידול אחידה.",קל להבין,ק״ל.01,קל להבין,weak,3,קשה לי | קל להבין | קיימא לן (מוחזק לנו),substituted,yes,3,wikipedia,השפל הגדול
ha-02766,ק״ל,"במהלך כניסתו ל""בית האח הגדול"" ביצע את שירו ""ק״ל לא להתרגש"", ותוך כדי שהותו שם יצאו לאור שיריו ""לבד"" ו""קולות"".",קשה לי,ק״ל.02,קשה לי,weak,3,קשה לי | קל להבין | קיימא לן (מוחזק לנו),substituted,yes,3,wikipedia,ג'קו אייזנברג
ha-02767,ק״ל,"בעדותו אמר חורב: ""ק״ל לתפוס שחבר'ה שנשלחו להילחם בעזה מקבלים רישום פלילי.",קשה לי,ק״ל.02,קשה לי,weak,3,קשה לי | קל להבין | קיימא לן (מוחזק לנו),substituted,yes,3,wikipedia,מוני חורב
ha-02768,ק״ל,"ב-29 באוגוסט 2007, הופיעה בגמר התוכנית ""כוכב נולד 5"" וביצעה בהופעת בכורה את ""ליפול"" ובהופעה משותפת עם אייזנברג את ""ק״ל לא להתרגש"".",קשה לי,ק״ל.02,קשה לי,weak,3,קשה לי | קל להבין | קיימא לן (מוחזק לנו),substituted,yes,3,wikipedia,מאיה רוטמן
ha-02769,ק״פ,"המשנה קובעת שקורבן חגיגה זה בא בחול ובטהרה, כלומר דווקא כאשר ק״פ קרב ביום חול וכאשר הציבור והכהנים טהורים, ולא כאשר הוא קרב בשבת או כאשר הציבור או הכוהנים טמאים (ראו לעיל: הבאת הקורבן בטומאה).",קורבן פסח,ק״פ.01,קורבן פסח,weak,2,קורבן פסח | 180 (מספר),substituted,no,3,wikipedia,קורבן פסח
ha-02770,ק״פ,"בדרך כלל נזכר הקורבן אצל מלכים שחידשו את הברית עם אלוהים, ונראה כי ק״פ מסמל זאת בצורה מובהקת.",קורבן פסח,ק״פ.01,קורבן פסח,weak,2,קורבן פסח | 180 (מספר),substituted,no,3,wikipedia,קורבן פסח
ha-02771,ק״פ,"במרוצת השנים התרבתה התמיכה לאחר שרבנים נוספים הביעו את הסכמתם לחידוש ק״פ בהם הרב אריה שטרן, רבה של ירושלים, ורבנים נוספים.",קורבן פסח,ק״פ.01,קורבן פסח,weak,2,קורבן פסח | 180 (מספר),substituted,no,3,wikipedia,קורבן פסח
ha-02772,ק״צ,"בשכונה פועלת ק״צ בשם ""ועד עזרה וצדקה מקור ברוך"", המחלקת כסף למשפחות נצרכות מהשכונה, וכן מחזיקה גמ""חים שונים.",קופת צדקה,ק״צ.01,קופת צדקה,weak,2,קופת צדקה | קרבן ציבור,substituted,no,3,wikipedia,מקור ברוך
ha-02773,ק״צ,"שפירא הכיר את מנהגי השכנים הערבים והיה קרוב לתרבותם, שלט בשפה הערבית וכך רכש כבוד גדול בקרבם ולכן בחר להנציח את אמו בבניית רהט ולא בהקמת ק״צ על שמה כמנהג היהודים.",קופת צדקה,ק״צ.01,קופת צדקה,weak,2,קופת צדקה | קרבן ציבור,substituted,no,3,wikipedia,אברהם שפירא (זקן השומרים)
ha-02774,ק״צ,"לגבי קרבן הפסח, אפשר שהתורה פטרה אותו מן הסמיכה מפני שהוא נחשב כעין ק״צ, שהרי הוא מובא על ידי כל ישראל ביחד.",קרבן ציבור,ק״צ.02,קרבן ציבור,weak,2,קופת צדקה | קרבן ציבור,substituted,no,3,wikipedia,סמיכה (קורבן)
ha-02775,ק״ק,"קטמנדו (נקראה בתחילה ""ק״ק קטמנדו"") היא סדרת דרמה ישראלית, שעלתה במאי 2012 ושודרה בערוץ 2 תחת רשת השידור רשת, ובהמשך שודרה בשידור חוזר בערוץ 20.",קהילת קודש,ק״ק.03,קהילת קודש,weak,3,קרקע-קרקע | קהילת קודש | קודשי קדשים,substituted,yes,3,wikipedia,קטמנדו (סדרת טלוויזיה)
ha-02776,ק״ק,"ק״ק הם סוג מסוים של קרבנות שקדושתם חמורה, יותר מקרבנות קודשים קלים.",קודשי קדשים,ק״ק.01,קודשי קדשים,weak,3,קרקע-קרקע | קהילת קודש | קודשי קדשים,substituted,yes,3,wikipedia,קודשי קודשים
ha-02777,ק״ק,"ק״ק הם: עולה, חטאת (גם קורבנות העוף), אשם, ושלמי ציבור (שלמי עצרת).",קודשי קדשים,ק״ק.01,קודשי קדשים,weak,3,קרקע-קרקע | קהילת קודש | קודשי קדשים,substituted,yes,3,wikipedia,קודשי קודשים
ha-02778,ק״ק,"נחלקו תנאים בגבולות השטח של שחיטת ק״ק ולהלכה כל חלקה הצפוני של העזרה, מכותלה המזרחי ועד כותלו המזרחי של האולם כשר.",קודשי קדשים,ק״ק.01,קודשי קדשים,weak,3,קרקע-קרקע | קהילת קודש | קודשי קדשים,substituted,yes,3,wikipedia,קודשי קודשים
ha-02779,ק״ק,בדרך כלל מתכוונים במונח זה לטיל ק״ק ארטילרי שנועד לפגוע במטרות אסטרטגיות מרוחקות.,קרקע-קרקע,ק״ק.02,קרקע-קרקע,weak,3,קרקע-קרקע | קהילת קודש | קודשי קדשים,substituted,yes,3,wikipedia,טיל קרקע-קרקע
ha-02780,ק״ק,גם סוריה עשתה מאמץ לאורך השנים לבנות ארסנל של טילי ק״ק.,קרקע-קרקע,ק״ק.02,קרקע-קרקע,weak,3,קרקע-קרקע | קהילת קודש | קודשי קדשים,substituted,yes,3,wikipedia,טיל קרקע-קרקע
ha-02781,ק״ק,השימוש המאסיבי ביותר בטילי ק״ק במזרח התיכון היה במהלך מלחמת איראן–עיראק.,קרקע-קרקע,ק״ק.02,קרקע-קרקע,weak,3,קרקע-קרקע | קהילת קודש | קודשי קדשים,substituted,yes,3,wikipedia,טיל קרקע-קרקע
ha-02782,ק״ש,"אם הוקדם יום כיפור קטן כך שהוא לא בערב ראש חודש, אומרים תחנון לפני ק״ש, ויש נוהגים לומר גם אבינו מלכנו לפי תחנון.",קדיש שלם,ק״ש.03,קדיש שלם,weak,3,קריית שמונה | קריאת שמע | קדיש שלם,substituted,yes,2,wikipedia,יום כיפור קטן
ha-02783,ק״ש,"ברוב ימי החנוכה לאחר ההלל אומרים חצי קדיש, אך בימים שיש בהם תפילת מוסף (שבת, ראש חודש) אומרים לאחר ההלל ק״ש.",קדיש שלם,ק״ש.03,קדיש שלם,weak,3,קריית שמונה | קריאת שמע | קדיש שלם,substituted,yes,2,wikipedia,חנוכה
ha-02784,ק״ש,"לקריאה תוקנו ברכות לפניה ולאחריה – ""ברכות ק״ש"", ובמשך הזמן הוצמדה הקריאה לתפילת שחרית וערבית.",קריאת שמע,ק״ש.01,קריאת שמע,weak,3,קריית שמונה | קריאת שמע | קדיש שלם,substituted,yes,2,wikipedia,קריאת שמע
ha-02785,ק״ש,"המובחר ביותר הוא לקרוא ק״ש סמוך להנץ החמה, ומיד להתפלל תפילת שחרית.",קריאת שמע,ק״ש.01,קריאת שמע,weak,3,קריית שמונה | קריאת שמע | קדיש שלם,substituted,yes,2,wikipedia,קריאת שמע
ha-02786,ק״ש,"תפילה שכזו, שבה ק״ש נעשית סמוך להנץ החמה והתפילה מיד לאחריה נקראת תפילת ותיקין.",קריאת שמע,ק״ש.01,קריאת שמע,weak,3,קריית שמונה | קריאת שמע | קדיש שלם,substituted,yes,2,wikipedia,קריאת שמע
ha-02787,ק״ש,"כעיר היחידה באצבע הגליל ומיקומה לצד כביש 90, משמשת ק״ש מרכז אזורי ליישובי הסביבה בשירותי בריאות, תעשייה, שירותים עסקיים ומסחר.",קריית שמונה,ק״ש.02,קריית שמונה,weak,3,קריית שמונה | קריאת שמע | קדיש שלם,substituted,yes,2,wikipedia,קריית שמונה
ha-02788,ק״ש,"ק״ש היא אחד ממאות יישובים חקלאיים וכשלושים ערים ועיירות פיתוח חדשות, רובם שוכנים באזורי הספר, שהוקמו על ידי ממשלת ישראל מעט לאחר הקמת המדינה, בשנות החמישים והשישים.",קריית שמונה,ק״ש.02,קריית שמונה,weak,3,קריית שמונה | קריאת שמע | קדיש שלם,substituted,yes,2,wikipedia,קריית שמונה
ha-02789,ק״ש,"ללא דיון עמם גם הוחלט על הפיכתה של ק״ש מיישוב בעל אופי חקלאי למחצה, כפי שציפו עולי תימן, ליישוב עירוני, לעיירה.",קריית שמונה,ק״ש.02,קריית שמונה,weak,3,קריית שמונה | קריאת שמע | קדיש שלם,substituted,yes,2,wikipedia,קריית שמונה
ha-02790,ראב״ן,התוספות אף הם מזכירים שיטה זו כמנהג הנפוץ ור' ראב״ן מזכירו כמנהגם של יהודי צרפת (הצפונית).,אברהם בן נתן הירחי,ראב״ן.02,אברהם בן נתן הירחי,weak,3,אליעזר בן נתן | אברהם בן נתן הירחי | חיבורו של רבי אליעזר בן נתן,substituted,no,3,wikipedia,ברכת השיר
ha-02791,ראב״ן,"כמו כן, סביר כי רבי אברהם היה אחד מעורכיו של מחזור ויטרי, וחתם את שמו בתור ""אבן"" (אך ייתכן כי זהו רבי ראב״ן).",אליעזר בן נתן,ראב״ן.01,אליעזר בן נתן,weak,3,אליעזר בן נתן | אברהם בן נתן הירחי | חיבורו של רבי אליעזר בן נתן,substituted,no,3,wikipedia,אברהם בן נתן
ha-02792,ראב״ן,"רבי ראב״ן משלב בתוך ספרו כמה וכמה זכרונות, מדבר על מנהגי בני דורו, ומצטט הרבה רבנים בשמם וכתוצאה מכך, אבן העזר הוא ספר מלא מידע היסטורי רב ערך.",אליעזר בן נתן,ראב״ן.01,אליעזר בן נתן,weak,3,אליעזר בן נתן | אברהם בן נתן הירחי | חיבורו של רבי אליעזר בן נתן,substituted,no,3,wikipedia,"אבן העזר (ראב""ן)"
ha-02793,ראב״ן,"רבי ראב״ן כתב כמה וכמה הוספות לספרו עוד בחייו ושילב אותם לתוך הטיוטות הקדמונות של ספרו בגיליונות ובסוף החלקים, איפה שנמצאו רווחים בכתב יד.",אליעזר בן נתן,ראב״ן.01,אליעזר בן נתן,weak,3,אליעזר בן נתן | אברהם בן נתן הירחי | חיבורו של רבי אליעזר בן נתן,substituted,no,3,wikipedia,"אבן העזר (ראב""ן)"
ha-02794,ראב״ע,"על פי התלמוד הבבלי, ראב״ע היה אז כבן שמונה עשרה.",רבי אלעזר בן עזריה,ראב״ע.01,רבי אלעזר בן עזריה,weak,2,רבי אלעזר בן עזריה | מגדולי המלומדים והמשוררים היהודיים,substituted,no,3,wikipedia,רבי אלעזר בן עזריה
ha-02795,ראב״ע,"אחד ממאמריו של ראב״ע במשנה פותח במילים: ""הרי אני כבן שבעים שנה"".",רבי אלעזר בן עזריה,ראב״ע.01,רבי אלעזר בן עזריה,weak,2,רבי אלעזר בן עזריה | מגדולי המלומדים והמשוררים היהודיים,substituted,no,3,wikipedia,רבי אלעזר בן עזריה
ha-02796,ראב״ע,"על פי התלמוד הבבלי, את המשפט הזה אמר ראב״ע בצעירותו, וכוונתו היא ""הרי אני נראה כמו בן שבעים שנה"" בשל השערות הלבנות שנוספו לשיערו.",רבי אלעזר בן עזריה,ראב״ע.01,רבי אלעזר בן עזריה,weak,2,רבי אלעזר בן עזריה | מגדולי המלומדים והמשוררים היהודיים,substituted,no,3,wikipedia,רבי אלעזר בן עזריה
ha-02797,רא״ם,למד אצל רא״ם בסמינר המזרחי בבית הכרם (כיום מכללת ליפשיץ).,הרב אליעזר מאיר ליפשיץ,רא״ם.03,הרב אליעזר מאיר ליפשיץ,weak,6,רבי אליעזר ממיץ | רבי אברהם מרדכי אלתר | רבי אליהו מני | רבי אליהו מזרחי | רבי יוסף אבן מיגאש | הרב אליעזר מאיר ליפשיץ,substituted,yes,3,wikipedia,יצחק שמשון שילה
ha-02798,רא״ם,"לאחר מכן עברה משפחתו לירושלים, ושם למד בבית המדרש למורים מזרחי, של רא״ם.",הרב אליעזר מאיר ליפשיץ,רא״ם.03,הרב אליעזר מאיר ליפשיץ,weak,6,רבי אליעזר ממיץ | רבי אברהם מרדכי אלתר | רבי אליהו מני | רבי אליהו מזרחי | רבי יוסף אבן מיגאש | הרב אליעזר מאיר ליפשיץ,substituted,yes,3,wikipedia,אלכסנדר מלכיאל
ha-02799,רא״ם,"חותנם של גיסו רא״ם, ה""אמרי אמת"", ובנו רבי ישראל אלתר, ה""בית ישראל"".",רבי אברהם מרדכי אלתר,רא״ם.01,רבי אברהם מרדכי אלתר,weak,6,רבי אליעזר ממיץ | רבי אברהם מרדכי אלתר | רבי אליהו מני | רבי אליהו מזרחי | רבי יוסף אבן מיגאש | הרב אליעזר מאיר ליפשיץ,substituted,yes,3,wikipedia,יעקב מאיר בידרמן
ha-02800,רא״ם,"בשמונה שנותיו האחרונות בארץ ישראל סבל רא״ם מחולשה וממחלות, ובהתנהלותו היום-יומית הסתייע בבניו רבי ישראל ורבי שמחה בונם.",רבי אברהם מרדכי אלתר,רא״ם.01,רבי אברהם מרדכי אלתר,weak,6,רבי אליעזר ממיץ | רבי אברהם מרדכי אלתר | רבי אליהו מני | רבי אליהו מזרחי | רבי יוסף אבן מיגאש | הרב אליעזר מאיר ליפשיץ,substituted,yes,3,wikipedia,אברהם מרדכי אלתר
ha-02801,רא״ם,"כאשר התעוררו קשיים כלכליים להפעלת 'המודיע' התחייבו רא״ם, רבי חיים מבריסק והרב חיים עוזר גרודזנסקי מווילנה להשיג מימון להפעלתו.",רבי אברהם מרדכי אלתר,רא״ם.01,רבי אברהם מרדכי אלתר,weak,6,רבי אליעזר ממיץ | רבי אברהם מרדכי אלתר | רבי אליהו מני | רבי אליהו מזרחי | רבי יוסף אבן מיגאש | הרב אליעזר מאיר ליפשיץ,substituted,yes,3,wikipedia,המודיע (פולטבה)
ha-02802,רא״ם,"ההומניסט וההבראיסט הגרמני סבסטיאן מינסטר הדפיס בבזל כמה מספריו של רא״ם, בין השנים 1529-1524.",רבי אליהו מזרחי,רא״ם.04,רבי אליהו מזרחי,weak,6,רבי אליעזר ממיץ | רבי אברהם מרדכי אלתר | רבי אליהו מני | רבי אליהו מזרחי | רבי יוסף אבן מיגאש | הרב אליעזר מאיר ליפשיץ,substituted,yes,3,wikipedia,אליהו מזרחי
ha-02803,רא״ם,"אולם לפי רא״ם, הפסוק מתייחס רק לפירות שגדלו כתוצאה ממלאכות אסורות, כגון זריעה וזמירה, המנוגדות לשביתת הארץ.",רבי אליהו מזרחי,רא״ם.04,רבי אליהו מזרחי,weak,6,רבי אליעזר ממיץ | רבי אברהם מרדכי אלתר | רבי אליהו מני | רבי אליהו מזרחי | רבי יוסף אבן מיגאש | הרב אליעזר מאיר ליפשיץ,substituted,yes,3,wikipedia,איסור שמור
ha-02804,רא״ם,"סבא רבא שלו היה רא״ם, מגדולי רבני עיראק ורבה הראשי של חברון.",רבי אליהו מני,רא״ם.05,רבי אליהו מני,weak,6,רבי אליעזר ממיץ | רבי אברהם מרדכי אלתר | רבי אליהו מני | רבי אליהו מזרחי | רבי יוסף אבן מיגאש | הרב אליעזר מאיר ליפשיץ,substituted,yes,3,wikipedia,משה מני
ha-02805,רא״ם,"לפי המסופר, לאחר שחלק אביו רא״ם בפומבי על אחד מפירושיו של הרב שלום שרעבי.",רבי אליהו מני,רא״ם.05,רבי אליהו מני,weak,6,רבי אליעזר ממיץ | רבי אברהם מרדכי אלתר | רבי אליהו מני | רבי אליהו מזרחי | רבי יוסף אבן מיגאש | הרב אליעזר מאיר ליפשיץ,substituted,yes,3,wikipedia,יחזקאל שלום מני
ha-02806,רא״ם,"רא״ם בן שמואל, תלמיד רבינו תם, מחבר ספר יראים.",רבי אליעזר ממיץ,רא״ם.06,רבי אליעזר ממיץ,weak,6,רבי אליעזר ממיץ | רבי אברהם מרדכי אלתר | רבי אליהו מני | רבי אליהו מזרחי | רבי יוסף אבן מיגאש | הרב אליעזר מאיר ליפשיץ,substituted,yes,3,wikipedia,בעלי התוספות
ha-02807,רא״ם,"רבי אלעזר בן יהודה מגרמייזא, תלמיד רא״ם, ורבי יהודה החסיד, מחבר ספר הרוקח.",רבי אליעזר ממיץ,רא״ם.06,רבי אליעזר ממיץ,weak,6,רבי אליעזר ממיץ | רבי אברהם מרדכי אלתר | רבי אליהו מני | רבי אליהו מזרחי | רבי יוסף אבן מיגאש | הרב אליעזר מאיר ליפשיץ,substituted,yes,3,wikipedia,בעלי התוספות
ha-02808,רא״ם,"הכרוניקן רבי סעדיה אבן דנאן כותב כי לאחר פטירת רא״ם, בשנת 1141, התמעטו הישיבות בספרד.",רבי יוסף אבן מיגאש,רא״ם.02,רבי יוסף אבן מיגאש,weak,6,רבי אליעזר ממיץ | רבי אברהם מרדכי אלתר | רבי אליהו מני | רבי אליהו מזרחי | רבי יוסף אבן מיגאש | הרב אליעזר מאיר ליפשיץ,substituted,yes,3,wikipedia,יהודה הכהן אבן סוסאן
ha-02809,רא״ם,"בסיוע פירושי רא״ם למשנה שהיו בידו, הוא ביאר את המשנה מהכלל אל הפרט.",רבי יוסף אבן מיגאש,רא״ם.02,רבי יוסף אבן מיגאש,weak,6,רבי אליעזר ממיץ | רבי אברהם מרדכי אלתר | רבי אליהו מני | רבי אליהו מזרחי | רבי יוסף אבן מיגאש | הרב אליעזר מאיר ליפשיץ,substituted,yes,3,wikipedia,תור הזהב של יהודי ספרד
ha-02810,רא״ם,"באותו המכתב מזכיר רבי שלמה הכהן חכם נוסף מהמקום בשם רבי יוסף בן מלאל, הוא מספר שהוא היגר בעקבות המאורעות למצרים ונשאר חסר כל, לדבריו חכם זה למד לפני רא״ם וקיבל ממנו כתב סמיכה.",רבי יוסף אבן מיגאש,רא״ם.02,רבי יוסף אבן מיגאש,weak,6,רבי אליעזר ממיץ | רבי אברהם מרדכי אלתר | רבי אליהו מני | רבי אליהו מזרחי | רבי יוסף אבן מיגאש | הרב אליעזר מאיר ליפשיץ,substituted,yes,3,wikipedia,סיג'ילמסה
ha-02811,רא״מ,"רא״מ בן שמואל, תלמיד רבינו תם, מחבר ספר יראים.",רבי אליעזר ממיץ,רא״מ.01,רבי אליעזר ממיץ,weak,2,רבי אליעזר ממיץ | רבי אהרון משה טאובס מיאסי,substituted,no,3,wikipedia,בעלי התוספות
ha-02812,רא״מ,"רבי אלעזר בן יהודה מגרמייזא, תלמיד רא״מ, ורבי יהודה החסיד, מחבר ספר הרוקח.",רבי אליעזר ממיץ,רא״מ.01,רבי אליעזר ממיץ,weak,2,רבי אליעזר ממיץ | רבי אהרון משה טאובס מיאסי,substituted,no,3,wikipedia,בעלי התוספות
ha-02813,רא״ת,ביחד עם שאר החיילים שמתחתיו (אשר עברו בדרך כלל קורס רא״ת) הם אחראים למחסני הקשר החטיבתיים וסיפוק ורישום ציוד מגדוד הקשר באוגדה הממונה עליה ליחידות החטיבה ולגדודים והיחידות הכפופים לחטיבה.,רכז אמצעי תקשוב,רא״ת.01,רכז אמצעי תקשוב,weak,2,ראשי תיבות | רכז אמצעי תקשוב,substituted,no,3,wikipedia,פלוגת חיל קשר
ha-02814,רב״ץ,כתב העת מחניים היה במשך שנים רבות ביטאונה של רב״ץ.,הרבנות הצבאית הראשית,רב״ץ.01,הרבנות הצבאית הראשית,weak,2,רב צבאי | הרבנות הצבאית הראשית,substituted,yes,3,wikipedia,מחניים (כתב עת)
ha-02815,רב״ץ,"זמרים מפורסמים נוספים שהחלו את דרכם במקהלת רב״ץ הם משה גיאת, ציון גולן, יקיר ונה והחזן גבריאל נחום אורן, סולן הלהקה, שעבד קרוב ל-30 שנים עם הרב שמואל אבידור הכהן.",הרבנות הצבאית הראשית,רב״ץ.01,הרבנות הצבאית הראשית,weak,2,רב צבאי | הרבנות הצבאית הראשית,substituted,yes,3,wikipedia,מקהלת הרבנות הצבאית
ha-02816,רב״ץ,"בעבר למדו בו אברכים ובחורים תלמידי ישיבת דרך השם, ומשנת 2012 פועל במקום בית המדרש להלכה של רב״ץ.",הרבנות הצבאית הראשית,רב״ץ.01,הרבנות הצבאית הראשית,weak,2,רב צבאי | הרבנות הצבאית הראשית,substituted,yes,3,wikipedia,בית הכנסת אוהל יצחק (הרובע המוסלמי)
ha-02817,רב״ץ,"בנוסף, לכל גדוד מילואים נדרש רב״ץ, המהווה חלק בלתי נפרד מסגל המטה של הגדוד.",רב צבאי,רב״ץ.02,רב צבאי,weak,2,רב צבאי | הרבנות הצבאית הראשית,substituted,yes,3,wikipedia,הרבנות הצבאית
ha-02818,רב״ץ,"רב״ץ הוא רב הפועל במסגרת יחידה צבאית, ומעניק שירותי רבנות לחייליה.",רב צבאי,רב״ץ.02,רב צבאי,weak,2,רב צבאי | הרבנות הצבאית הראשית,substituted,yes,3,wikipedia,רב צבאי
ha-02819,רב״ץ,הסופר חיים פוטוק שימש רב״ץ בעת מלחמת קוריאה.,רב צבאי,רב״ץ.02,רב צבאי,weak,2,רב צבאי | הרבנות הצבאית הראשית,substituted,yes,3,wikipedia,רב צבאי
ha-02820,רדב״ז,ראש הגולה רדב״ז ממוסול ביקר בארץ בשנים 1210-1209.,רבי דוד בן זכאי,רדב״ז.01,רבי דוד בן זכאי,weak,2,רבי דוד בן זכאי | רבי דוד בן זמרא (1479–1573),substituted,no,3,wikipedia,דמוגרפיה של ממלכת ירושלים
ha-02821,רה״ק,רה״ק מאופיינת בדרך כלל כנוכחות האלוהית השורה על הבריאה כולה ומחייה אותה.,רוח הקודש,רה״ק.01,רוח הקודש,weak,2,רוח הקודש | רבותינו הקדושים,substituted,no,3,wikipedia,רוח הקודש (נצרות)
ha-02822,רה״ק,"חוויות ההתגלות וההשראה באמונה הנוצרית מתוארות כצליחתה של רה״ק על האדם, וטקסים רבים בכנסיות השונות מיועדים לשם השגתה של חוויה כזו.",רוח הקודש,רה״ק.01,רוח הקודש,weak,2,רוח הקודש | רבותינו הקדושים,substituted,no,3,wikipedia,רוח הקודש (נצרות)
ha-02823,רה״ק,"בשונה מביהדות, אשר שם רה״ק מתוארת בלשון נקבה, מתוקף האמונה הנוצרית באלוהותו של רה״ק, נהוג לפנות אליו בלשון זכר בעברית ובשפות אחרות כפי שפונים לאלהים.",רוח הקודש,רה״ק.01,רוח הקודש,weak,2,רוח הקודש | רבותינו הקדושים,substituted,no,3,wikipedia,רוח הקודש (נצרות)
ha-02824,רו״מ,"הדבר יביא לשינוי חיוני ומהותי ליישובי הנגב, בהתאם למורשתו של רו״מ, דוד בן-גוריון"".",רבי ומורי,רו״מ.02,רבי ומורי,weak,2,רבי ומורי | רום מעלתו,substituted,yes,3,wikipedia,"משרד הנגב, הגליל והחוסן הלאומי"
ha-02825,רו״מ,"תוך כדי דיבור / כדי שאילת תלמיד לרב - שיעור זמן אמירת המילים ""שלום עליך רו״מ"".",רבי ומורי,רו״מ.02,רבי ומורי,weak,2,רבי ומורי | רום מעלתו,substituted,yes,3,wikipedia,"רשימת מידות, שיעורים ומשקלות בהלכה"
ha-02826,רו״מ,"היוצא מן הכלל הוא הדוכס, שבשל רו״מ אין לקרוא לו לורד, אלא דוכס.",רום מעלתו,רו״מ.01,רום מעלתו,weak,2,רבי ומורי | רום מעלתו,substituted,yes,3,wikipedia,תוארי אצולה
ha-02827,רו״מ,"תוארו של הנגיד הוא ""האח"" (Friar), אך בפנייה אליו הוא מכונה ""רו״מ"".",רום מעלתו,רו״מ.01,רום מעלתו,weak,2,רבי ומורי | רום מעלתו,substituted,yes,3,wikipedia,נגיד מסדר ההוספיטלרים
ha-02828,רו״מ,"אחת מהתשובות בספר ממוענת אליו, ובה תולה ה""נודע ביהודה"" את פסק ההלכה, ב”אם כבוד רו״מ מסכים עמי”.",רום מעלתו,רו״מ.01,רום מעלתו,weak,2,רבי ומורי | רום מעלתו,substituted,yes,3,wikipedia,בנימין וולף איגר
ha-02829,רח״ל,"רבי חנינא לא הבין את ההבדל ורבי אילעא אמר לו ""רח״ל..."".",רחמנא ליצלן,רח״ל.01,רחמנא ליצלן,weak,2,רחמנא ליצלן | ראש חוליה,substituted,no,3,wikipedia,רבי אילעא (אמורא)
ha-02830,רח״ל,"נשדדו ונמכרו ספרי תורה שהיו שם רח״ל, נמכרו נשים וילדים כמו בהמות, אבל בסוף הכל הוחזר ליהודים, פרט לאשה אחת שנשארה אצל הגוים.",רחמנא ליצלן,רח״ל.01,רחמנא ליצלן,weak,2,רחמנא ליצלן | ראש חוליה,substituted,no,3,wikipedia,דמנאת
ha-02831,רח״ל,"האיש הזה היה גדול בתורה וירא אלוקים מרבים, ובסוף ימיו נסע לעיר הקודש צפת, ונפטר שם זקן ושׂבע ימים, וציווה לפני מותו שכל מי שיהיה לו עת צרה, רח״ל, ישתטח על קברו ויעזרוהו, וכן עושין עד היום"".",רחמנא ליצלן,רח״ל.01,רחמנא ליצלן,weak,2,רחמנא ליצלן | ראש חוליה,substituted,no,3,wikipedia,לייב בעל הייסורים
ha-02832,ריב״ל,"מלבד פעילות הבוסר של רבי מנשה מאיליה, חדירה ממשית יותר של ההשכלה לרוסיה באה רק עם פעילותו של ריב״ל בשנות העשרים והשלושים של המאה ה-19.",יצחק בר לווינזון,ריב״ל.02,יצחק בר לווינזון,weak,4,רבי יהושע בן לוי | יצחק בר לווינזון | אבי תנועת ההשכלה ברוסיה | אמורא ארץ ישראלי בן הדור הראשון לאמוראים,substituted,no,3,wikipedia,יהודה ליב נווחוביץ'
ha-02833,ריב״ל,"עולא בר קושב, שהיה מבוקש על ידי השלטונות הרומיים, הסתתר בלוד, עירו של ריב״ל.",רבי יהושע בן לוי,ריב״ל.01,רבי יהושע בן לוי,weak,4,רבי יהושע בן לוי | יצחק בר לווינזון | אבי תנועת ההשכלה ברוסיה | אמורא ארץ ישראלי בן הדור הראשון לאמוראים,substituted,no,3,wikipedia,רבי יהושע בן לוי
ha-02834,ריב״ל,"(בעיני הטוענים שהיו שני חכמים בשם ריב״ל, הסתירה לכאורה ביחסו לאגדה היא אחת מהראיות לכך).",רבי יהושע בן לוי,ריב״ל.01,רבי יהושע בן לוי,weak,4,רבי יהושע בן לוי | יצחק בר לווינזון | אבי תנועת ההשכלה ברוסיה | אמורא ארץ ישראלי בן הדור הראשון לאמוראים,substituted,no,3,wikipedia,רבי יהושע בן לוי
ha-02835,ריב״ל,"כאשר לא הגיע המשיח עד סוף היום, התפלא ריב״ל ורבי שמעון בר יוחאי הסביר את כוונת המשיח - ""היום אם בקולו תשמעו"".",רבי יהושע בן לוי,ריב״ל.01,רבי יהושע בן לוי,weak,4,רבי יהושע בן לוי | יצחק בר לווינזון | אבי תנועת ההשכלה ברוסיה | אמורא ארץ ישראלי בן הדור הראשון לאמוראים,substituted,no,3,wikipedia,רבי יהושע בן לוי
ha-02836,ריב״ש,"מצד משפחתו, היה מצאצאיו של ריב״ש, ונחשב לדור השישי לו.","הבעל שם טוב, מייסד תנועת החסידות",ריב״ש.01,"הבעל שם טוב, מייסד תנועת החסידות",weak,9,"ר' ישראל בעל שם | ר' יוסף בכור שור | רבי יצחק בר ששת | מחכמי יהדות תימן | הבעל שם טוב, מייסד תנועת החסידות | ר' יחיא בן שלום חבשוש | ר' יצחק בן ר' שמואל | ר' יצחק בן שלמה מטולידו | מבעלי התוספות שחי בצרפת במאה ה-12",substituted,no,3,wikipedia,אהרן רבין
ha-02837,ריב״ש,"ריב״ש, הנהיג אמירת שלושה פרקי תהילים על פי הסדר בימים שבין ראש חודש אלול לבין יום הכיפורים, אשר יחד עם אמירת 36 הפרקים האחרונים ביום הכיפורים משלימים את קריאת הספר כולו.","הבעל שם טוב, מייסד תנועת החסידות",ריב״ש.01,"הבעל שם טוב, מייסד תנועת החסידות",weak,9,"ר' ישראל בעל שם | ר' יוסף בכור שור | רבי יצחק בר ששת | מחכמי יהדות תימן | הבעל שם טוב, מייסד תנועת החסידות | ר' יחיא בן שלום חבשוש | ר' יצחק בן ר' שמואל | ר' יצחק בן שלמה מטולידו | מבעלי התוספות שחי בצרפת במאה ה-12",substituted,no,3,wikipedia,תהילים
ha-02838,ריב״ש,"שנתיים מאוחר יותר פרסם בגרמנית את ""אגדת הבעל שם"" (סיפורי ריב״ש).","הבעל שם טוב, מייסד תנועת החסידות",ריב״ש.01,"הבעל שם טוב, מייסד תנועת החסידות",weak,9,"ר' ישראל בעל שם | ר' יוסף בכור שור | רבי יצחק בר ששת | מחכמי יהדות תימן | הבעל שם טוב, מייסד תנועת החסידות | ר' יחיא בן שלום חבשוש | ר' יצחק בן ר' שמואל | ר' יצחק בן שלמה מטולידו | מבעלי התוספות שחי בצרפת במאה ה-12",substituted,no,3,wikipedia,מרטין בובר
ha-02839,ריב״ש,"כמעתיק ומתרגם, העתיק את הספר ""אל עקידה אל רפיעה"" של רבי אברהם אבן דאוד, לבקשת ריב״ש, וכינה אותו בעברית בשם ""האמונה הנישאה"".",רבי יצחק בר ששת,ריב״ש.02,רבי יצחק בר ששת,weak,9,"ר' ישראל בעל שם | ר' יוסף בכור שור | רבי יצחק בר ששת | מחכמי יהדות תימן | הבעל שם טוב, מייסד תנועת החסידות | ר' יחיא בן שלום חבשוש | ר' יצחק בן ר' שמואל | ר' יצחק בן שלמה מטולידו | מבעלי התוספות שחי בצרפת במאה ה-12",substituted,no,3,wikipedia,שמואל מוטוט
ha-02840,רי״א,"רי״א – (1530, פראג – 1570, צפת (בקירוב)) היה חכם תלמודי, ידוע בעיקר בהגהותיו למשנה.",רבי יהוסף אשכנזי,רי״א.01,רבי יהוסף אשכנזי,weak,8,רבי יצחק אברבנאל | רבי יצחק אבוהב | רבי יוסף אלבו | רבי יצחק אבוהב (גאון קסטיליה) | רבי יצחק אבוהב דה-פונסיקה | 211 (מספר) | רבי יהוסף אשכנזי | רבי יצחק אבוהב (מנורת המאור),substituted,yes,3,wikipedia,יהוסף אשכנזי
ha-02841,רי״א,רבי יוסף סמברי מונה אותו בין חכמי צפת לצד רי״א.,רבי יהוסף אשכנזי,רי״א.01,רבי יהוסף אשכנזי,weak,8,רבי יצחק אברבנאל | רבי יצחק אבוהב | רבי יוסף אלבו | רבי יצחק אבוהב (גאון קסטיליה) | רבי יצחק אבוהב דה-פונסיקה | 211 (מספר) | רבי יהוסף אשכנזי | רבי יצחק אבוהב (מנורת המאור),substituted,yes,3,wikipedia,מלכיאל אשכנזי
ha-02842,רי״א,"רי״א ""התנא מצפת"", כתב עליו: ”והנה מה תמיה גדולה היא מה שרצה להרכיב דרכי הפילוסופיה עם דרכי האמת.",רבי יהוסף אשכנזי,רי״א.01,רבי יהוסף אשכנזי,weak,8,רבי יצחק אברבנאל | רבי יצחק אבוהב | רבי יוסף אלבו | רבי יצחק אבוהב (גאון קסטיליה) | רבי יצחק אבוהב דה-פונסיקה | 211 (מספר) | רבי יהוסף אשכנזי | רבי יצחק אבוהב (מנורת המאור),substituted,yes,3,wikipedia,"רמב""ן"
ha-02843,רי״א,"יצירתו של רי״א נולדה על רקע הצורך לזקק את עיקרי היהדות למבנה בסיסי ופשוט, כדי לחזק את השורות ולמנוע התבוללות.",רבי יוסף אלבו,רי״א.02,רבי יוסף אלבו,weak,8,רבי יצחק אברבנאל | רבי יצחק אבוהב | רבי יוסף אלבו | רבי יצחק אבוהב (גאון קסטיליה) | רבי יצחק אבוהב דה-פונסיקה | 211 (מספר) | רבי יהוסף אשכנזי | רבי יצחק אבוהב (מנורת המאור),substituted,yes,3,wikipedia,יוסף אלבו
ha-02844,רי״א,רי״א נאלץ להשתתף בוויכוח טורטוסה ולהסביר מול קהל עוין את עקרונות אמונתו.,רבי יוסף אלבו,רי״א.02,רבי יוסף אלבו,weak,8,רבי יצחק אברבנאל | רבי יצחק אבוהב | רבי יוסף אלבו | רבי יצחק אבוהב (גאון קסטיליה) | רבי יצחק אבוהב דה-פונסיקה | 211 (מספר) | רבי יהוסף אשכנזי | רבי יצחק אבוהב (מנורת המאור),substituted,yes,3,wikipedia,יוסף אלבו
ha-02845,רי״א,הימנעות רי״א מלכלול את האמונה במשיח כעיקר עוררה עליו ביקורת.,רבי יוסף אלבו,רי״א.02,רבי יוסף אלבו,weak,8,רבי יצחק אברבנאל | רבי יצחק אבוהב | רבי יוסף אלבו | רבי יצחק אבוהב (גאון קסטיליה) | רבי יצחק אבוהב דה-פונסיקה | 211 (מספר) | רבי יהוסף אשכנזי | רבי יצחק אבוהב (מנורת המאור),substituted,yes,3,wikipedia,יוסף אלבו
ha-02846,רי״א,"על פי המסורת, בית הכנסת קרוי על שמו של רי״א, מחבר הספר מנורת המאור, אולם סביר יותר כי בית הכנסת קרוי על שם רי״א מקסטיליה, שבין תלמידיו היה רבי יעקב בירב שעלה לארץ והתיישב בצפת.",רבי יצחק אבוהב,רי״א.03,רבי יצחק אבוהב,weak,8,רבי יצחק אברבנאל | רבי יצחק אבוהב | רבי יוסף אלבו | רבי יצחק אבוהב (גאון קסטיליה) | רבי יצחק אבוהב דה-פונסיקה | 211 (מספר) | רבי יהוסף אשכנזי | רבי יצחק אבוהב (מנורת המאור),substituted,yes,3,wikipedia,בית הכנסת אבוהב
ha-02847,רי״א,"בארון הימני נמצא ספר תורה אשר נכתב על פי המסורת על ידי רי״א, ותלמידיו העלוהו לצפת.",רבי יצחק אבוהב,רי״א.03,רבי יצחק אבוהב,weak,8,רבי יצחק אברבנאל | רבי יצחק אבוהב | רבי יוסף אלבו | רבי יצחק אבוהב (גאון קסטיליה) | רבי יצחק אבוהב דה-פונסיקה | 211 (מספר) | רבי יהוסף אשכנזי | רבי יצחק אבוהב (מנורת המאור),substituted,yes,3,wikipedia,בית הכנסת אבוהב
ha-02848,רי״א,"למד אצל רי״א, ראש ישיבה בקסטיליה ומגדולי התורה המפורסמים ביותר במקום.",רבי יצחק אבוהב,רי״א.03,רבי יצחק אבוהב,weak,8,רבי יצחק אברבנאל | רבי יצחק אבוהב | רבי יוסף אלבו | רבי יצחק אבוהב (גאון קסטיליה) | רבי יצחק אבוהב דה-פונסיקה | 211 (מספר) | רבי יהוסף אשכנזי | רבי יצחק אבוהב (מנורת המאור),substituted,yes,3,wikipedia,משה דאנון
ha-02849,רי״א,"רבי יוסף, היה תלמיד רי״א, וככל הנראה הוא רבי יוסף פאסי מטולידו (המוזכר בספר בית יוסף).",רבי יצחק אבוהב (גאון קסטיליה),רי״א.05,רבי יצחק אבוהב (גאון קסטיליה),weak,8,רבי יצחק אברבנאל | רבי יצחק אבוהב | רבי יוסף אלבו | רבי יצחק אבוהב (גאון קסטיליה) | רבי יצחק אבוהב דה-פונסיקה | 211 (מספר) | רבי יהוסף אשכנזי | רבי יצחק אבוהב (מנורת המאור),substituted,yes,3,wikipedia,משפחת טולידאנו
ha-02850,רי״א,הספר קיבל את הסכמתו של רי״א שהרבה לתאר אותו בשבחים.,רבי יצחק אבוהב דה-פונסיקה,רי״א.06,רבי יצחק אבוהב דה-פונסיקה,weak,8,רבי יצחק אברבנאל | רבי יצחק אבוהב | רבי יוסף אלבו | רבי יצחק אבוהב (גאון קסטיליה) | רבי יצחק אבוהב דה-פונסיקה | 211 (מספר) | רבי יהוסף אשכנזי | רבי יצחק אבוהב (מנורת המאור),substituted,yes,3,wikipedia,אברהם הכהן פימינטיל
ha-02851,רי״א,"רי״א גם טוען שיוסף הכהן שהמשנה אומרת עליו שהוא חסיד, הוא יוסף בן גוריון שהוא מתלמידי רבן יוחנן בן זכאי.",רבי יצחק אברבנאל,רי״א.04,רבי יצחק אברבנאל,weak,8,רבי יצחק אברבנאל | רבי יצחק אבוהב | רבי יוסף אלבו | רבי יצחק אבוהב (גאון קסטיליה) | רבי יצחק אבוהב דה-פונסיקה | 211 (מספר) | רבי יהוסף אשכנזי | רבי יצחק אבוהב (מנורת המאור),substituted,yes,3,wikipedia,רבי יוסי הכהן
ha-02852,רי״א,"פירוש אברבנאל על התורה, חלק מספרי הנביאים וספר דניאל, נכתב על ידי רי״א, מראשי יהדות ספרד ופורטוגל.",רבי יצחק אברבנאל,רי״א.04,רבי יצחק אברבנאל,weak,8,רבי יצחק אברבנאל | רבי יצחק אבוהב | רבי יוסף אלבו | רבי יצחק אבוהב (גאון קסטיליה) | רבי יצחק אבוהב דה-פונסיקה | 211 (מספר) | רבי יהוסף אשכנזי | רבי יצחק אבוהב (מנורת המאור),substituted,yes,3,wikipedia,פירוש אברבנאל
ha-02853,רי״א,"רי״א כתב גם שהדם והחלב הם ביטויים לדברים המביאים את האדם לידי חטא, ובאיסור אכילתם ושריפתם על גבי המזבח נרמז לאדם לבטל את תאוותיו ואת הדברים המביאים אותו לחטא, ולא להשתקע בהם.",רבי יצחק אברבנאל,רי״א.04,רבי יצחק אברבנאל,weak,8,רבי יצחק אברבנאל | רבי יצחק אבוהב | רבי יוסף אלבו | רבי יצחק אבוהב (גאון קסטיליה) | רבי יצחק אבוהב דה-פונסיקה | 211 (מספר) | רבי יהוסף אשכנזי | רבי יצחק אבוהב (מנורת המאור),substituted,yes,3,wikipedia,איסור אכילת חלב
ha-02854,רל״א,"במקרים אלו, צוותי הפניות של רל״א מסייעים לחולים בבקשה לאישורי מעבר לישראל, בקביעת תורים בבתי החולים, ובמידת הצורך והיכולת גם מגייסים סיוע כספי לבדיקות ואבחונים.",רופאים לזכויות אדם,רל״א.01,רופאים לזכויות אדם,weak,2,רופאים לזכויות אדם | ראש להק האוויר בחיל האוויר הישראלי,substituted,no,3,wikipedia,רופאים לזכויות אדם
ha-02855,רל״א,"ארגון ""רל״א"" הביע מחאה על פרסום התמונות, בנימוק שפרסום תמונתו של קטין בלא אישור הוריו הוא הפרה של חוק הנוער, חוק הגנת הפרטיות וכללי האתיקה הרפואית.",רופאים לזכויות אדם,רל״א.01,רופאים לזכויות אדם,weak,2,רופאים לזכויות אדם | ראש להק האוויר בחיל האוויר הישראלי,substituted,no,3,wikipedia,רופאים לזכויות אדם
ha-02856,רל״א,"הוא זכה באות לגיון הכבוד הצרפתי (Légion d'Honneur) של ממשלת צרפת בזכות פעילותו במסגרת ""רל״א"" לקידום שיתוף הפעולה בין פלסטינים לישראלים.",רופאים לזכויות אדם,רל״א.01,רופאים לזכויות אדם,weak,2,רופאים לזכויות אדם | ראש להק האוויר בחיל האוויר הישראלי,substituted,no,3,wikipedia,רפאל ולדן
ha-02857,רמב״ם,"השם ""רמב״ם"" נחשב בעייתי גם משום שהוא משמש ככינוי לספר דברים.",משנה תורה,רמב״ם.01,משנה תורה,weak,4,משנה תורה | ר' משה בן מימון | המרכז הרפואי מיימונידיס | הקריה הרפואית לבריאות האדם – בית חולים בחיפה,substituted,no,3,wikipedia,משנה תורה
ha-02858,רמב״ם,"ב""הלכות הנוהגות בארץ"" (סדרים זרעים, קדשים וטהרות וביניהם, תרומות ומעשרות, כלאים ושמיטה), נחשב רמב״ם כמקור הלכתי ראשון במעלה וכמעט יחידאי, מפני שכמעט אין פוסקים נוספים שעסקו בכך.",משנה תורה,רמב״ם.01,משנה תורה,weak,4,משנה תורה | ר' משה בן מימון | המרכז הרפואי מיימונידיס | הקריה הרפואית לבריאות האדם – בית חולים בחיפה,substituted,no,3,wikipedia,משנה תורה
ha-02859,רמב״ם,"אף על פי ש""שולחן ערוך"" התקבל כספר הלכה ראשון במעלה, נשאר ""רמב״ם"" במרכזו של הדיון התלמודי.",משנה תורה,רמב״ם.01,משנה תורה,weak,4,משנה תורה | ר' משה בן מימון | המרכז הרפואי מיימונידיס | הקריה הרפואית לבריאות האדם – בית חולים בחיפה,substituted,no,3,wikipedia,משנה תורה
ha-02860,רמ״א,רמ״א האחראי עליהם כפוף למתאם הפעולות בשטחים ולשר הביטחון.,ראש המנהל האזרחי,רמ״א.01,ראש המנהל האזרחי,weak,5,שנה עברית | ראש המנהל האזרחי | ראש המפקדה הארצית | רבי משה איסרליש | רפאל משה אלבז,substituted,yes,3,wikipedia,המנהל האזרחי
ha-02861,רמ״א,ב־2006 מונה לסגן רמ״א בדרגת אלוף-משנה ומילא תפקיד זה עד שחרורו משירות הקבע במרץ 2011.,ראש המנהל האזרחי,רמ״א.01,ראש המנהל האזרחי,weak,5,שנה עברית | ראש המנהל האזרחי | ראש המפקדה הארצית | רבי משה איסרליש | רפאל משה אלבז,substituted,yes,3,wikipedia,בן חור אחוות
ha-02862,רמ״א,"עם כניסתו של שלמה איליה לתפקיד רמ״א השתנתה המדיניות הישראלית, נאסר על אגודות הכפרים לעסוק בפעילות מדינית והן דעכו ונעלמו.",ראש המנהל האזרחי,רמ״א.01,ראש המנהל האזרחי,weak,5,שנה עברית | ראש המנהל האזרחי | ראש המפקדה הארצית | רבי משה איסרליש | רפאל משה אלבז,substituted,yes,3,wikipedia,מנחם מילסון
ha-02863,רמ״א,"משה סנה (קליינבוים; 6 בינואר 1909 – 1 במרץ 1972) היה איש ציבור ישראלי, רמ״א של ""ההגנה"", הוגה דעות, חבר הכנסת, מנהיג ופובליציסט.",ראש המפקדה הארצית,רמ״א.02,ראש המפקדה הארצית,weak,5,שנה עברית | ראש המנהל האזרחי | ראש המפקדה הארצית | רבי משה איסרליש | רפאל משה אלבז,substituted,yes,3,wikipedia,משה סנה
ha-02864,רמ״א,"רמ״א משה סנה התפטר מתפקידו לאות מחאה, ואת מקומו תפס ישראל גלילי.",ראש המפקדה הארצית,רמ״א.02,ראש המפקדה הארצית,weak,5,שנה עברית | ראש המנהל האזרחי | ראש המפקדה הארצית | רבי משה איסרליש | רפאל משה אלבז,substituted,yes,3,wikipedia,ההגנה
ha-02865,רמ״א,"יוחנן רטנר: רמ״א הראשון של ""ההגנה"" בשנים 1937–1939.",ראש המפקדה הארצית,רמ״א.02,ראש המפקדה הארצית,weak,5,שנה עברית | ראש המנהל האזרחי | ראש המפקדה הארצית | רבי משה איסרליש | רפאל משה אלבז,substituted,yes,3,wikipedia,ההגנה
ha-02866,רמ״א,"רק כתריסר מצבות שרדו את תקופת השואה, וביניהם מצבותיהם של רמ״א ובני משפחתו.",רבי משה איסרליש,רמ״א.04,רבי משה איסרליש,weak,5,שנה עברית | ראש המנהל האזרחי | ראש המפקדה הארצית | רבי משה איסרליש | רפאל משה אלבז,substituted,yes,3,wikipedia,"בית כנסת הרמ""א"
ha-02867,רמ״א,"חלק מהמצבות ששוקמו הן של רבנים ומנהיגי קהילה נודעים, וזו של רמ״א היא הנודעת ביותר.",רבי משה איסרליש,רמ״א.04,רבי משה איסרליש,weak,5,שנה עברית | ראש המנהל האזרחי | ראש המפקדה הארצית | רבי משה איסרליש | רפאל משה אלבז,substituted,yes,3,wikipedia,בית הקברות היהודי העתיק בקרקוב
ha-02868,רמ״א,"בנוסף נמצאו איגרות ומכתבים רבים שכתב רבי רמ״א, ובפרט נודעו כחשובות איגרות שמתארות את החיים היהודים במרוקו בתקופתו.",רפאל משה אלבז,רמ״א.03,רפאל משה אלבז,weak,5,שנה עברית | ראש המנהל האזרחי | ראש המפקדה הארצית | רבי משה איסרליש | רפאל משה אלבז,substituted,yes,3,wikipedia,רפאל משה אלבז
ha-02869,רמ״א,"רמ״א, עטרת פז, דפוס שרביט או חזזאן, פאס, 1940.",רפאל משה אלבז,רמ״א.03,רפאל משה אלבז,weak,5,שנה עברית | ראש המנהל האזרחי | ראש המפקדה הארצית | רבי משה איסרליש | רפאל משה אלבז,substituted,yes,3,wikipedia,רפאל משה אלבז
ha-02870,רמ״א,"רמ״א, ספר שאלות ותשובות הלכה למשה (עריכה וההדרה: משה עמאר), זיו המערב, 1980.",רפאל משה אלבז,רמ״א.03,רפאל משה אלבז,weak,5,שנה עברית | ראש המנהל האזרחי | ראש המפקדה הארצית | רבי משה איסרליש | רפאל משה אלבז,substituted,yes,3,wikipedia,רפאל משה אלבז
ha-02871,רמ״א,המספר המשתנה של חודשי השנה שומר על הקבלה בין רמ״א ממוצעת למחזור השמש.,שנה עברית,רמ״א.05,שנה עברית,weak,5,שנה עברית | ראש המנהל האזרחי | ראש המפקדה הארצית | רבי משה איסרליש | רפאל משה אלבז,substituted,yes,3,wikipedia,הלוח העברי
ha-02872,רמ״ד,ערב מלחמת יום הכיפורים ובמהלכה שימש רמ״ד דיווח והתרעה במפקדת היחידה.,ראש מדור,רמ״ד.01,ראש מדור,weak,4,ראש מדור | רבי משה די ליאון | רבי משה דוד ואלי | רבי משה מדסאו,substituted,yes,3,wikipedia,פסח מלובני
ha-02873,רמ״ד,ב-2008 שימש רמ״ד פיתוח מערכות הגנה בזרוע היבשה.,ראש מדור,רמ״ד.01,ראש מדור,weak,4,ראש מדור | רבי משה די ליאון | רבי משה דוד ואלי | רבי משה מדסאו,substituted,yes,3,wikipedia,רלי מרגלית
ha-02874,רמ״ד,"הוא שימש מדריך בקורס מש""קים, רמ״ד בבית הספר להנדסה צבאית, עבר קורס קציני הנדסה בארצות הברית ושימש מפקד קורס קציני הנדסה קרבית.",ראש מדור,רמ״ד.01,ראש מדור,weak,4,ראש מדור | רבי משה די ליאון | רבי משה דוד ואלי | רבי משה מדסאו,substituted,yes,3,wikipedia,יוסף איל
ha-02875,רמ״ד,"התפרסם בין היתר בזכות מחקר ההתחקות שלו על מקורותיו של ספר הזוהר, שהופץ לראשונה בזמנו על ידי רמ״ד, המתואר בספר יוחסין השלם.",רבי משה די ליאון,רמ״ד.02,רבי משה די ליאון,weak,4,ראש מדור | רבי משה די ליאון | רבי משה דוד ואלי | רבי משה מדסאו,substituted,yes,3,wikipedia,יצחק דמן עכו
ha-02876,רמ״ד,"יוסף רוזנבוים, טען שקיים קשר הדוק בין ספר אור זרוע של רמ״ד לחיבור זה.",רבי משה די ליאון,רמ״ד.02,רבי משה די ליאון,weak,4,ראש מדור | רבי משה די ליאון | רבי משה דוד ואלי | רבי משה מדסאו,substituted,yes,3,wikipedia,מסכת אצילות
ha-02877,רמ״ד,עדות נאמנה בת זמנו באה מיצחק דמן עכו אשר מעיד באגרותיו כי פגש את די ליאון וביקש ממנו לראות את עותק המקור אך רמ״ד נפטר בטרם הספיק להביא לו את העותק.,רבי משה די ליאון,רמ״ד.02,רבי משה די ליאון,weak,4,ראש מדור | רבי משה די ליאון | רבי משה דוד ואלי | רבי משה מדסאו,substituted,yes,3,wikipedia,ספר הזוהר
ha-02878,רמ״ז,ידידו של רמ״ז אשר יחד עמו הנהיג את העיר.,רבי משה זכות,רמ״ז.01,רבי משה זכות,weak,2,רבי משה זכות | ר' משה זיידל,substituted,no,3,wikipedia,שמואל אבוהב
ha-02879,רמ״ז,"בצעירותו למד קבלה אצל רמ״ז בוונציה, ונמנה עם תלמידיו המובהקים.",רבי משה זכות,רמ״ז.01,רבי משה זכות,weak,2,רבי משה זכות | ר' משה זיידל,substituted,no,3,wikipedia,אברהם רוויגו
ha-02880,רמ״ז,"באותה תקופה התקרב לרבי בנימין הכהן ויטאלי מרג'ו, שהיה אף הוא מתלמידי רמ״ז, והשניים נותרו ידידים קרובים במשך שנים רבות.",רבי משה זכות,רמ״ז.01,רבי משה זכות,weak,2,רבי משה זכות | ר' משה זיידל,substituted,no,3,wikipedia,אברהם רוויגו
ha-02881,רמ״ח,"מחקרי עמיתי מחקר נמצאים תחת פיקוח של סגל בכיר כגון פרופסור, רמ״ח, דיקן וכדומה.",ראש מחלקה,רמ״ח.01,ראש מחלקה,weak,2,ראש מחלקה | מספר האיברים בגוף האדם,substituted,no,3,wikipedia,עמית מחקר
ha-02882,רמ״ח,"13 במאי – בלה קאופמן, אונקולוגית, רמ״ח במרכז הרפואי שיבא, ופרופסור בפקולטה לרפואה באוניברסיטת תל אביב (נולדה ב-1956).",ראש מחלקה,רמ״ח.01,ראש מחלקה,weak,2,ראש מחלקה | מספר האיברים בגוף האדם,substituted,no,3,wikipedia,2021 בישראל
ha-02883,רמ״ח,הרב דוד פרטוש - רמ״ח לדוברי צרפתית במכון מאיר.,ראש מחלקה,רמ״ח.01,ראש מחלקה,weak,2,ראש מחלקה | מספר האיברים בגוף האדם,substituted,no,3,wikipedia,יהושע צוקרמן
ha-02884,רמ״ך,"הרב רמ״ך שחי בתוניסיה, ומכלוף אביטן שחי במרוקו, ניסחו כל אחד בנפרד חזון אוטופי שבמרכזו ממשלה עולמית.",כלפון משה הכהן,רמ״ך.02,כלפון משה הכהן,weak,4,משה הכהן אבן ג'יקטילה | כלפון משה הכהן | רבי מלאכי הכהן | רבי משה הכהן מלוניל,substituted,yes,3,wikipedia,ממשלה עולמית
ha-02885,רמ״ך,"נינו, אחד מבניו של רבי שלום, הוא הרב רמ״ך.",כלפון משה הכהן,רמ״ך.02,כלפון משה הכהן,weak,4,משה הכהן אבן ג'יקטילה | כלפון משה הכהן | רבי מלאכי הכהן | רבי משה הכהן מלוניל,substituted,yes,3,wikipedia,שאול הכהן
ha-02886,רמ״ך,הרב רודריגס היה רבו של רמ״ך שאף כתב מספר תשובות בספרו.,רבי מלאכי הכהן,רמ״ך.01,רבי מלאכי הכהן,weak,4,משה הכהן אבן ג'יקטילה | כלפון משה הכהן | רבי מלאכי הכהן | רבי משה הכהן מלוניל,substituted,yes,3,wikipedia,אברהם חיים רודריגס
ha-02887,רמ״ך,"בקהילה היהודית התארגנו שיעורי תורה לחברי הקהילות והישיבות, שיעורים שאותם העביר רמ״ך, מגדולי רבני ליבורנו, שחיבר אף הוא ספר לזכר הימים ובו תפילות ותחינות, בשם ""שבחי תודה"".",רבי מלאכי הכהן,רמ״ך.01,רבי מלאכי הכהן,weak,4,משה הכהן אבן ג'יקטילה | כלפון משה הכהן | רבי מלאכי הכהן | רבי משה הכהן מלוניל,substituted,yes,3,wikipedia,רעידות האדמה בליבורנו
ha-02888,רמ״ך,"החשוב שבתלמידיו היה רמ״ך, מחבר הספר האנציקלופדי יד מלאכי.",רבי מלאכי הכהן,רמ״ך.01,רבי מלאכי הכהן,weak,4,משה הכהן אבן ג'יקטילה | כלפון משה הכהן | רבי מלאכי הכהן | רבי משה הכהן מלוניל,substituted,yes,3,wikipedia,יוסף אירגס
ha-02889,רמ״ק,"לבד מכרטיס הקול, יש אזור קטן בלוח האם המעבד קול באופן מוגבל ומכיל גם רמ״ק.",רמקול קטן,רמ״ק.01,רמקול קטן,weak,2,רמקול קטן | רבי משה קורדברו,substituted,no,3,wikipedia,כרטיס קול
ha-02890,רמ״ק,לשם כך המציאו את הטוויטר (tweeter) – רמ״ק יחסית אשר מסוגל לנוע בתדירויות גבוהות ולהשמיע צלילים גבוהים באיכות טובה.,רמקול קטן,רמ״ק.01,רמקול קטן,weak,2,רמקול קטן | רבי משה קורדברו,substituted,no,3,wikipedia,רמקול
ha-02891,רמ״ק,"הן עוצבו מחדש עם רמ״ק יותר, וסימני ה-L/R הועברו לקדמת האוזניות, כך שלא נראו מבחוץ.",רמקול קטן,רמ״ק.01,רמקול קטן,weak,2,רמקול קטן | רבי משה קורדברו,substituted,no,3,wikipedia,אוזניות אפל
ha-02892,רס״ג,"ועוד כותב רס״ג כי על אף ""גודל ערכו ויקר מעלתו"" של ספר התורה, בכל אופן יש ציוויים נוספים שלא כתובים בו שהאדם מחויב בהם, ביניהם המצוות השכליות, הצדק והיושר.",רבי סעדיה גאון,רס״ג.01,רבי סעדיה גאון,weak,2,רבי סעדיה גאון | רב סמל גדודי,substituted,no,3,wikipedia,יהדות: בין דת למוסר (ספר)
ha-02893,רס״ג,"ספר אלעזר בן עיראי הוא חיבור עלום אשר מצוטט על ידי רס״ג בהקדמתו לספר הגלוי וכן בפירושו לספר יצירה, החיבור נחשב היום לחיבור אבוד.",רבי סעדיה גאון,רס״ג.01,רבי סעדיה גאון,weak,2,רבי סעדיה גאון | רב סמל גדודי,substituted,no,3,wikipedia,ספר אלעזר בן עיראי
ha-02894,רע״א,בתו חיה שיינדל – נישאה לעקיבא טננבוים ממארד (מצאצאי רע״א).,רבי עקיבא אייגר,רע״א.01,רבי עקיבא אייגר,weak,2,רבי עקיבא אייגר | רשות ערעור אזרחי,substituted,no,3,wikipedia,יעקב ליינר
ha-02895,רע״מ,"רע״מ, מפלגה ערבית ישראלית שנוסדה במהלך הכנסת השמינית.",הרשימה הערבית המאוחדת,רע״מ.01,הרשימה הערבית המאוחדת,weak,5,הרשימה הערבית המאוחדת | ריצודי עיניים מהירים | רקטה עתירת משקל | הרשימה הערבית המאוחדת (הכנסת השמינית) | רענון ערכות מגן,substituted,yes,3,wikipedia,הרשימה הערבית המאוחדת (הכנסת השמינית)
ha-02896,רע״מ,"בבחירות לכנסת התשיעית, במאי 1977, זכתה רע״מ רק במנדט אחד והוחלט לקיים רוטציה על מנת לאפשר לכל שלושת הנציגים לכהן בכנסת.",הרשימה הערבית המאוחדת,רע״מ.01,הרשימה הערבית המאוחדת,weak,5,הרשימה הערבית המאוחדת | ריצודי עיניים מהירים | רקטה עתירת משקל | הרשימה הערבית המאוחדת (הכנסת השמינית) | רענון ערכות מגן,substituted,yes,3,wikipedia,הרשימה הערבית המאוחדת (הכנסת השמינית)
ha-02897,רע״מ,"ביוני 1976 נפרדה המפלגה מהמערך, ובמרץ 1977 התאחדה עם הרשימה הערבית לבדואים ולכפריים והקימה את רע״מ.",הרשימה הערבית המאוחדת,רע״מ.01,הרשימה הערבית המאוחדת,weak,5,הרשימה הערבית המאוחדת | ריצודי עיניים מהירים | רקטה עתירת משקל | הרשימה הערבית המאוחדת (הכנסת השמינית) | רענון ערכות מגן,substituted,yes,3,wikipedia,קידמה ופיתוח
ha-02898,רע״מ,"בנוסף לכך, גבר חווה בממוצע 3–7 זקפות בלילה, שמשך כל אחת מהן כחצי שעה, ומקורן בשנת רע״מ, המתאפיינת בעיכוב הפרשת נוראדרנלין באזור מסוים בגזע המוח, מה שמוביל לזקפה.",ריצודי עיניים מהירים,רע״מ.02,ריצודי עיניים מהירים,weak,5,הרשימה הערבית המאוחדת | ריצודי עיניים מהירים | רקטה עתירת משקל | הרשימה הערבית המאוחדת (הכנסת השמינית) | רענון ערכות מגן,substituted,yes,3,wikipedia,זקפה
ha-02899,רע״מ,"ייתכנו רע״מ, נעילת לסת, חריקת שיניים, דפיקות לב, רעד, הזעה מוגברת וצמרמורות.",ריצודי עיניים מהירים,רע״מ.02,ריצודי עיניים מהירים,weak,5,הרשימה הערבית המאוחדת | ריצודי עיניים מהירים | רקטה עתירת משקל | הרשימה הערבית המאוחדת (הכנסת השמינית) | רענון ערכות מגן,substituted,yes,3,wikipedia,MDMA
ha-02900,רע״מ,"בורכאן (בערבית: بركان, בתעתיק מדויק: בֻּרְכַּאן, בעברית: ""הר געש"") היא רע״מ קצרת טווח המיוצרת על ידי חזבאללה ונמצאת בשימושו.",רקטה עתירת משקל,רע״מ.03,רקטה עתירת משקל,weak,5,הרשימה הערבית המאוחדת | ריצודי עיניים מהירים | רקטה עתירת משקל | הרשימה הערבית המאוחדת (הכנסת השמינית) | רענון ערכות מגן,substituted,yes,3,wikipedia,בורכאן (רקטה)
ha-02901,רפו״ש,"לפעמים הברכה היא ספציפית וממוקדת בצרכי המתברך, כמו: ""בהצלחה במבחן"", ""בקרוב אצלכם"" (נאמר למשל בחתונות לרווקים ובאירועי ברית מילה לזוגות שאינם הורים או המצפים ללידה), ""רפו״ש"" וכיוצא בזה.",רפואה שלמה,רפו״ש.01,רפואה שלמה,weak,2,רפואת שיניים | רפואה שלמה,substituted,yes,3,wikipedia,ברכה (נימוס)
ha-02902,רפו״ש,"יהי רצון מלפניך שתרפאני רפו״ש, ואם אמות תהא מיתתי כפרה על כל עונות וחטאים ופשעים שחטאתי ושעויתי ושפשעתי לפניך.",רפואה שלמה,רפו״ש.01,רפואה שלמה,weak,2,רפואת שיניים | רפואה שלמה,substituted,yes,3,wikipedia,שכיב מרע
ha-02903,רפו״ש,הגבס מלא לרוב באיחולי רפו״ש מחברים ובני משפחה בתוספת אימרות כנף ושירבוטים.,רפואה שלמה,רפו״ש.01,רפואה שלמה,weak,2,רפואת שיניים | רפואה שלמה,substituted,yes,3,wikipedia,תחבושת גבס
ha-02904,רפו״ש,"רפו״ש התפתחה כהתמחות נפרדת ברפואה רק החל מתחילת המאה ה-20 (קודם לכן, רופאים כלליים שימשו בעת הצורך גם כרופאי שיניים).",רפואת שיניים,רפו״ש.02,רפואת שיניים,weak,2,רפואת שיניים | רפואה שלמה,substituted,yes,3,wikipedia,רופא שיניים
ha-02905,רפו״ש,"רפו״ש היא תחום רפואי-כירורגי העוסק במניעה, אבחון וטיפול של מחלות או פציעה בשיניים ובלסתות, ולעיתים גם בפנים, בחלל הפה ובבסיס הגולגולת.",רפואת שיניים,רפו״ש.02,רפואת שיניים,weak,2,רפואת שיניים | רפואה שלמה,substituted,yes,3,wikipedia,רפואת שיניים
ha-02906,רפו״ש,"בהתייחס להוצאת משקי הבית על בריאות השן, ההוצאה על רפו״ש מהווה כ-34% מכלל ההוצאה המשפחתית על שירותי בריאות[דרוש מקור].",רפואת שיניים,רפו״ש.02,רפואת שיניים,weak,2,רפואת שיניים | רפואה שלמה,substituted,yes,3,wikipedia,רפואת שיניים
ha-02907,רשב״א,רשב״א היה אמורא בדור החמישי (או שישי) לאמוראי בבל.,רב שימי בר אשי,רשב״א.01,רב שימי בר אשי,weak,4,רבי שמעון בן אלעזר | רב שימי בר אשי | רבי שלמה בן אדרת | רבי שלמה בן אברהם (רבי שלמה מן ההר),substituted,yes,3,wikipedia,רב שימי בר אשי
ha-02908,רשב״א,"רשב״א שהה תקופה מסוימת בפום נהרא, בישיבתו של רב כהנא, וייתכן ששימש בתפקיד מסוים שם.",רב שימי בר אשי,רשב״א.01,רב שימי בר אשי,weak,4,רבי שמעון בן אלעזר | רב שימי בר אשי | רבי שלמה בן אדרת | רבי שלמה בן אברהם (רבי שלמה מן ההר),substituted,yes,3,wikipedia,רב שימי בר אשי
ha-02909,רשב״א,"אמר רשב״א: למעוטי שאם אכל חֵלֶב חי שפטור"".",רב שימי בר אשי,רשב״א.01,רב שימי בר אשי,weak,4,רבי שמעון בן אלעזר | רב שימי בר אשי | רבי שלמה בן אדרת | רבי שלמה בן אברהם (רבי שלמה מן ההר),substituted,yes,3,wikipedia,רב שימי בר אשי
ha-02910,רשב״א,"רשב״א היה תנא מהדור החמישי, מתלמידיו של רבי מאיר.",רבי שמעון בן אלעזר,רשב״א.02,רבי שמעון בן אלעזר,weak,4,רבי שמעון בן אלעזר | רב שימי בר אשי | רבי שלמה בן אדרת | רבי שלמה בן אברהם (רבי שלמה מן ההר),substituted,yes,3,wikipedia,רבי שמעון בן אלעזר
ha-02911,רשב״א,"אבל בשום מקום לא הביא רשב״א מימרא כלשהי מרבי אלעזר בן שמוע, הגם שרבי אלעזר בן שמוע האריך ימים והיה רבו של רבי יהודה הנשיא, חברו של רשב״א.",רבי שמעון בן אלעזר,רשב״א.02,רבי שמעון בן אלעזר,weak,4,רבי שמעון בן אלעזר | רב שימי בר אשי | רבי שלמה בן אדרת | רבי שלמה בן אברהם (רבי שלמה מן ההר),substituted,yes,3,wikipedia,רבי שמעון בן אלעזר
ha-02912,רשב״א,קברו העממי של רשב״א מצוין כיום בשני מקומות.,רבי שמעון בן אלעזר,רשב״א.02,רבי שמעון בן אלעזר,weak,4,רבי שמעון בן אלעזר | רב שימי בר אשי | רבי שלמה בן אדרת | רבי שלמה בן אברהם (רבי שלמה מן ההר),substituted,yes,3,wikipedia,רבי שמעון בן אלעזר
ha-02913,רשב״ג,"אבן גבירול חוקר הנפש, הצופה, 7 באוקטובר 1960 הרב אורי שרקי, רבינו סעדיה גאון, בעל חובות הלבבות, רשב״ג, בעל הכוזרי ועוד, מתוך הסדרה ""מבוא לתורה שבעל פה"", אתר מכון מאיר.",רבי שלמה אבן גבירול,רשב״ג.01,רבי שלמה אבן גבירול,weak,2,רבן שמעון בן גמליאל | רבי שלמה אבן גבירול,substituted,yes,3,wikipedia,שלמה אבן גבירול
ha-02914,רשב״ג,"הידוע שבפייטנים אלה הוא רשב״ג, אך אזהרות חשובות הן גם אזהרות רבי יצחק בן ראובן אלברגלוני, אזהרות רבנו אליהו הזקן, ואזהרותיו של רבי בנימן בן שמואל שנתגלו בגניזה הקהירית.",רבי שלמה אבן גבירול,רשב״ג.01,רבי שלמה אבן גבירול,weak,2,רבן שמעון בן גמליאל | רבי שלמה אבן גבירול,substituted,yes,3,wikipedia,אזהרות
ha-02915,רשב״ג,בארצות צפון אפריקה נהגו לקרוא את האזהרות של רבי יצחק בן ראובן אלברגלוני ואילו בארצות המזרח נהגו לקרוא את האזהרות של רשב״ג.,רבי שלמה אבן גבירול,רשב״ג.01,רבי שלמה אבן גבירול,weak,2,רבן שמעון בן גמליאל | רבי שלמה אבן גבירול,substituted,yes,3,wikipedia,אזהרות
ha-02916,רשב״ג,"עם זאת, יש שהוא מופיע גם בשם ""רשב״ג"" ללא תוספת, והדבר יוצר בלבול וקושי בהבחנה בינו לבין נכדו.",רבן שמעון בן גמליאל,רשב״ג.02,רבן שמעון בן גמליאל,weak,2,רבן שמעון בן גמליאל | רבי שלמה אבן גבירול,substituted,yes,3,wikipedia,רבן שמעון בן גמליאל הזקן
ha-02917,רשב״ג,"רשב״ג נמנה עם מחנה המתונים, יחד עם רבן יוחנן בן זכאי, והיה מקורב לממשלת המרד המתונה שהוקמה בתחילתו.",רבן שמעון בן גמליאל,רשב״ג.02,רבן שמעון בן גמליאל,weak,2,רבן שמעון בן גמליאל | רבי שלמה אבן גבירול,substituted,yes,3,wikipedia,רבן שמעון בן גמליאל הזקן
ha-02918,רשב״ג,"סבו, רשב״ג הזקן, היה מנהיג הפרושים בתקופת המרד הגדול, ונהרג במהלכו.",רבן שמעון בן גמליאל,רשב״ג.02,רבן שמעון בן גמליאל,weak,2,רבן שמעון בן גמליאל | רבי שלמה אבן גבירול,substituted,yes,3,wikipedia,רבן שמעון בן גמליאל
ha-02919,רש״י,"רחיים אלה מכונים ""רש״י"" (תוספתא, זבים, ד,ב) מורכבים מאבן שכב שצורתה מלבן שטוח ומאבן רכב דמוית מסגרת מלבנית בעלת חריץ בתחתיתה.",רחיים של יד,רש״י.01,רחיים של יד,weak,2,ר' שלמה יצחקי | רחיים של יד,substituted,no,3,wikipedia,מוזיאון בית מרים - הים ומלואו
ha-02920,רש״י,"תפוקתם של מתקני הטחינה הראשונים בעלי רש״י, שהופעלו בעזרת פלג של שספיקתו כמאה ליטר מים לשנייה, הייתה כקילוגרם ורבע קמח לשעה במשך כל היממה, כלומר היא החליפה עבודה ידנית של שלושה – ארבעה אנשים.",רחיים של יד,רש״י.01,רחיים של יד,weak,2,ר' שלמה יצחקי | רחיים של יד,substituted,no,3,wikipedia,טחנת קמח עתיקה בארץ ישראל
ha-02921,רש״ת,"בתחילת יולי 2026 פורסם מכרז של רש""ת להרחבה של טרמינל 3.",ראשי תיבות,רש״ת.02,רשות שדות התעופה,verified,2,ראשי תיבות | רשות שדות התעופה,natural,no,3,wikipedia,נמל התעופה בן-גוריון
ha-02922,רש״ת,"ב-24 ביולי 2012, ""אוזרח"" נמל התעופה (לא הבסיס עצמו) וניהולו הועבר מחיל האוויר לידי רש״ת.",רשות שדות התעופה,רש״ת.01,רשות שדות התעופה,weak,2,ראשי תיבות | רשות שדות התעופה,substituted,no,3,wikipedia,נמל התעופה חיפה
ha-02923,רש״ת,"עלות ביצוע התוכנית הוערכה בכ-425 מיליון דולר, והומלץ שיזם פרטי יבנה ויתפעל את הנמל, ולא רש״ת, כך שתיווצר תחרות עם נמל התעופה בן-גוריון.",רשות שדות התעופה,רש״ת.01,רשות שדות התעופה,weak,2,ראשי תיבות | רשות שדות התעופה,substituted,no,3,wikipedia,נמל התעופה חיפה
ha-02924,רש״ת,"באוגוסט 2026 הכריזה רש״ת על הקמת חניון חדש בנמל, בעקבות הגידול בהיקף הטיסות והנוסעים.",רשות שדות התעופה,רש״ת.01,רשות שדות התעופה,weak,2,ראשי תיבות | רשות שדות התעופה,substituted,no,3,wikipedia,נמל התעופה חיפה
ha-02925,ר״א,"ר״א, ששמח על הפיוס עם אביו, סירב לקבל רכוש שמיועד לאחיו וביקש לחלק את הרכוש באופן שווה.",רבי אליעזר,ר״א.01,רבי אליעזר,weak,3,רבי אלעזר | רבי אליעזר | אלגברה ריבוי אלגברי,substituted,yes,2,wikipedia,רבי אליעזר בן הורקנוס
ha-02926,ר״א,"לאחר חורבן בית המקדש בירושלים עבר ר״א ליבנה, שם הפך לחבר בסנהדרין תחת נשיאותו של רבן גמליאל דיבנה, ונישא לאחותו של רבן גמליאל, אמא שלום.",רבי אליעזר,ר״א.01,רבי אליעזר,weak,3,רבי אלעזר | רבי אליעזר | אלגברה ריבוי אלגברי,substituted,yes,2,wikipedia,רבי אליעזר בן הורקנוס
ha-02927,ר״א,"ר״א ישב בעיר לוד, ועמד בראש בית דין וישיבה בה, וכן החזיק בכרמים בכפר טבי הסמוכה ללוד ממזרח.",רבי אליעזר,ר״א.01,רבי אליעזר,weak,3,רבי אלעזר | רבי אליעזר | אלגברה ריבוי אלגברי,substituted,yes,2,wikipedia,רבי אליעזר בן הורקנוס
ha-02928,ר״א,"ר״א ברבי שמעון (מוכר גם בשמות דומים אחרים) היה תנא בדור החמישי, בן תקופתו וידידו של רבי יהודה הנשיא.",רבי אלעזר,ר״א.02,רבי אלעזר,weak,3,רבי אלעזר | רבי אליעזר | אלגברה ריבוי אלגברי,substituted,yes,2,wikipedia,רבי אלעזר ברבי שמעון
ha-02929,ר״א,"דבריו של ר״א מובאים גם בספר הזוהר בו הוא מופיע פעמים רבות, ומתואר בתור יד ימינו של אביו - רבי שמעון - מנהיג חבורת הזוהר והדמות החשובה ביותר בספר.",רבי אלעזר,ר״א.02,רבי אלעזר,weak,3,רבי אלעזר | רבי אליעזר | אלגברה ריבוי אלגברי,substituted,yes,2,wikipedia,רבי אלעזר ברבי שמעון
ha-02930,ר״א,בשורה ארוכה של מקורות במדרשים ובתלמוד הירושלמי מובא סיפור דברים אחר לחלוטין בנוגע לאופן צאתם של רבי שמעון בר יוחאי ובנו ר״א ברבי שמעון מהמערה.,רבי אלעזר,ר״א.02,רבי אלעזר,weak,3,רבי אלעזר | רבי אליעזר | אלגברה ריבוי אלגברי,substituted,yes,2,wikipedia,רבי אלעזר ברבי שמעון
ha-02931,ר״ב,"אלכסנדר סוורוס ר״ב ניצחון וחזר לרומא, שם ערך את חגיגות הניצחון המסורתיות.",ראה בזאת,ר״ב.01,ראה בזאת,weak,2,ראה בזאת | רצוף בזאת,substituted,no,3,wikipedia,אלכסנדר סוורוס
ha-02932,ר״ב,"החזון איש בירכו במילים ""עוד ינובון בשיבה"", והוא ר״ב רמז שעל אף גילו המבוגר (75) יאריך במשרתו.",ראה בזאת,ר״ב.01,ראה בזאת,weak,2,ראה בזאת | רצוף בזאת,substituted,no,3,wikipedia,אליהו לופיאן
ha-02933,ר״ב,"ציבור הבוחרים ר״ב ניסיון מצד מפלגת העם להתחמק מהפסד בבחירות, שכן המפלגה חששה שהבוחרים יקשרו את הפיגועים במדריד עם תמיכתה בנוכחות הצבאית של ספרד בעיראק ולכן ""יענישו"" אותה בקלפיות.",ראה בזאת,ר״ב.01,ראה בזאת,weak,2,ראה בזאת | רצוף בזאת,substituted,no,3,wikipedia,חוסה לואיס רודריגס ספאטרו
ha-02934,ר״ג,רַבַּן גַּמְלִיאֵל דְּיַבְנֶה (או: ר״ג השני) חי בסוף המאה הראשונה ותחילת המאה השנייה לספירה.,רבן גמליאל,ר״ג.02,רבן גמליאל,weak,3,רמת גן | רבן גמליאל | מספר הוקטורים הבלתי-תלויים המתאימים לערך עצמי כלשהו,substituted,yes,1,wikipedia,רבן גמליאל דיבנה
ha-02935,ר״ג,"ר״ג אמר על עצמו שהוא אסטניס (עדין נפש), ועל פי הגדרה הלכתית זו, מותר היה לו, לצד נימוקים אחרים, לחרוג בכמה עניינים מההלכה המקובלת בזמנו, כגון: להתרחץ כשאשתו נפטרה בתוך ימי ה""שבעה"".",רבן גמליאל,ר״ג.02,רבן גמליאל,weak,3,רמת גן | רבן גמליאל | מספר הוקטורים הבלתי-תלויים המתאימים לערך עצמי כלשהו,substituted,yes,1,wikipedia,רבן גמליאל דיבנה
ha-02936,ר״ג,"מסופר עליו שכשמת בנה של שכנתו והייתה בוכה בלילה, בכה כנגדה ר״ג עד שנשרו ריסי עיניו.",רבן גמליאל,ר״ג.02,רבן גמליאל,weak,3,רמת גן | רבן גמליאל | מספר הוקטורים הבלתי-תלויים המתאימים לערך עצמי כלשהו,substituted,yes,1,wikipedia,רבן גמליאל דיבנה
ha-02937,ר״ג,"במדי ר""ג רשם קפלן 5,913 נקודות קריירה (לפני עידן השלשות), וממוקם במקום העשירי בטבלת קלעי כל הזמנים במדינת ישראל.",רמת גן,ר״ג.01,רמת גן,verified,3,רמת גן | רבן גמליאל | מספר הוקטורים הבלתי-תלויים המתאימים לערך עצמי כלשהו,natural,yes,1,wikipedia,הפועל רמת-גן גבעתיים (כדורסל)
ha-02938,ר״ג,"ר""ג הפסידה למכבי כרמיאל ב-6 נקודות אך ניצחה ב-7 נקודות במשחק הבית שלה, וכן ניצחה פעמיים את הפועל עמק הירדן.",רמת גן,ר״ג.01,רמת גן,verified,3,רמת גן | רבן גמליאל | מספר הוקטורים הבלתי-תלויים המתאימים לערך עצמי כלשהו,natural,yes,1,wikipedia,הפועל רמת-גן גבעתיים (כדורסל)
ha-02939,ר״ג,"לטענת אוהדי ר״ג-גבעתיים, מכבי רמת-גן מתוקצבת על ידי עיריית רמת-גן פי כמה וכמה על פני הפועל, וישנן בעיות חוזרות ונשנות מדי עונה על חלוקת התקציב למועדונים.",רמת גן,ר״ג.01,רמת גן,verified,3,רמת גן | רבן גמליאל | מספר הוקטורים הבלתי-תלויים המתאימים לערך עצמי כלשהו,natural,yes,1,wikipedia,הפועל רמת-גן גבעתיים (כדורסל)
ha-02940,ר״ג,"בשטחה נמצאים אצטדיון ר״ג, הפארק הלאומי, הספארי, אוניברסיטת בר-אילן, מרכז רפואי שיבא (תל השומר) ומתחם בורסת היהלומים.",רמת גן,ר״ג.01,רמת גן,weak,3,רמת גן | רבן גמליאל | מספר הוקטורים הבלתי-תלויים המתאימים לערך עצמי כלשהו,substituted,yes,1,wikipedia,רמת גן
ha-02941,ר״ג,"האזור הוותיק של ר״ג מאופיין בכמה גבעות; אשר כמה מהן קיבלו כינויים: הר אברהם (59 מטר), הר שאול (60 מטר), הר הבנים (79 מטר) וגבעת הארנבות (57 מטר) וכן ""גן יהודה"" (50 מטר).",רמת גן,ר״ג.01,רמת גן,weak,3,רמת גן | רבן גמליאל | מספר הוקטורים הבלתי-תלויים המתאימים לערך עצמי כלשהו,substituted,yes,1,wikipedia,רמת גן
ha-02942,ר״ג,הבקעה שבין הר אברהם להר שאול זכתה לכינוי 'העמק' בפי ותיקי ר״ג.,רמת גן,ר״ג.01,רמת גן,weak,3,רמת גן | רבן גמליאל | מספר הוקטורים הבלתי-תלויים המתאימים לערך עצמי כלשהו,substituted,yes,1,wikipedia,רמת גן
ha-02943,ר״ה,"לעומת זאת, אם ר״ה חל בשבת או ביום חמישי בשנת בר המצווה, פרשת בר המצווה תהיה פרשת האזינו.",ראש השנה,ר״ה.01,ראש השנה,weak,3,ראש השנה | רב הונא | רשות הרבים,substituted,yes,2,wikipedia,א' בתשרי
ha-02944,ר״ה,"השם ”ר״ה” בהתייחסות לא' בתשרי מופיע לראשונה במשנה, במסכת שביעית ובמסכת ר״ה.",ראש השנה,ר״ה.01,ראש השנה,weak,3,ראש השנה | רב הונא | רשות הרבים,substituted,yes,2,wikipedia,ראש השנה
ha-02945,ר״ה,"בלוח השנה במגילות קומראן, וכן בתפילות ר״ה ובברכות הנאמרות בו, נקרא החג ”יום הזיכרון”.",ראש השנה,ר״ה.01,ראש השנה,weak,3,ראש השנה | רב הונא | רשות הרבים,substituted,yes,2,wikipedia,ראש השנה
ha-02946,ר״ה,שמו של ר״ה מוזכר מאות פעמים בתלמוד הבבלי והירושלמי.,רב הונא,ר״ה.02,רב הונא,weak,3,ראש השנה | רב הונא | רשות הרבים,substituted,yes,2,wikipedia,רב הונא
ha-02947,ר״ה,"ר״ה נודע בזכות ידיעותיו המקיפות במשפט העברי ובהלכה, ובזכות בית הדין שעמד בראשו, שהוסמך על ידי ראש הגולה.",רב הונא,ר״ה.02,רב הונא,weak,3,ראש השנה | רב הונא | רשות הרבים,substituted,yes,2,wikipedia,רב הונא
ha-02948,ר״ה,"השפעתו של ר״ה ניכרת גם בדור השלישי של אמוראי בבל, באמצעות תלמידיו המובהקים רב חִסְדָא ורב שַׁשֶת ובנו המפורסם רבה בר ר״ה.",רב הונא,ר״ה.02,רב הונא,weak,3,ראש השנה | רב הונא | רשות הרבים,substituted,yes,2,wikipedia,רב הונא
ha-02949,ר״ה,"בהלכות שבת, ר״ה היא אחת מארבע רשויות השבת.",רשות הרבים,ר״ה.03,רשות הרבים,weak,3,ראש השנה | רב הונא | רשות הרבים,substituted,yes,2,wikipedia,רשות הרבים (שבת)
ha-02950,ר״ה,"וכל זמן שאין עוברים בו מספר כזה של אנשים, אין הוא ר״ה אלא כרמלית.",רשות הרבים,ר״ה.03,רשות הרבים,weak,3,ראש השנה | רב הונא | רשות הרבים,substituted,yes,2,wikipedia,רשות הרבים (שבת)
ha-02951,ר״ה,"לפי שיטה זו, רוב מוחלט של המקומות כיום אינם ר״ה אלא כרמלית ולכן אפשר להקיף אותם בעירוב המורכב מצורת הפתח ולהוציא חפצים מרשות היחיד אליהם, להכניס מהם לרשות היחיד, ולטלטל בהם בצורה חפשית.",רשות הרבים,ר״ה.03,רשות הרבים,weak,3,ראש השנה | רב הונא | רשות הרבים,substituted,yes,2,wikipedia,רשות הרבים (שבת)
ha-02952,ר״ח,בחודשים מלאים – המונים שלושים יום – גם היום האחרון נחשב ר״ח של החודש הבא.,ראש חודש,ר״ח.01,ראש חודש,weak,2,ראש חודש | רבנו חננאל,substituted,yes,3,wikipedia,ראש חודש
ha-02953,ר״ח,"הכרזה על ר״ח מכריעה למעשה מתי יצוינו החגים היהודיים, הנקבעים לפי התאריך העברי.",ראש חודש,ר״ח.01,ראש חודש,weak,2,ראש חודש | רבנו חננאל,substituted,yes,3,wikipedia,ראש חודש
ha-02954,ר״ח,"בנוסף, ר״ח נזכר בין הימים שתוקעים בהם בחצוצרות בעת הקרבת הקרבנות.",ראש חודש,ר״ח.01,ראש חודש,weak,2,ראש חודש | רבנו חננאל,substituted,yes,3,wikipedia,ראש חודש
ha-02955,ר״ח,"ר״ח קיים התכתבות עם ראשי ישיבות בבל, והם העניקו לו את התואר ""ראש בי רבנן"".",רבנו חננאל,ר״ח.02,רבנו חננאל,weak,2,ראש חודש | רבנו חננאל,substituted,yes,3,wikipedia,רבנו חננאל
ha-02956,ר״ח,"לרוב, כאשר הגמרא מנסה להעמיד סוגיה כלשהי, ר״ח אינו כותב את העמדות שנדחו אלא רק את המסקנה הסופית להלכה.",רבנו חננאל,ר״ח.02,רבנו חננאל,weak,2,ראש חודש | רבנו חננאל,substituted,yes,3,wikipedia,רבנו חננאל
ha-02957,ר״ח,"ברוב המקומות, ר״ח הסתמך על פירושיהם של רב שרירא גאון ושל רב האי גאון לכמה מסכתות, ולפעמים הוא העתיק את פירושיהם מילה במילה.",רבנו חננאל,ר״ח.02,רבנו חננאל,weak,2,ראש חודש | רבנו חננאל,substituted,yes,3,wikipedia,רבנו חננאל
ha-02958,ר״י,"חידושי ר""י מיגאש למסכת בבא בתרא, למסכת שבועות ולמסכת כתובות.",רבי יהודה,ר״י.01,,unverified,6,רבי יצחק | רבי יהודה | רבי יהושע | רבי יוחנן | רבי יוסי | רבי יודן,natural,yes,2,wikipedia,"ר""י מיגאש"
ha-02959,ר״י,"מנערותו למד מפי רבי שמעון בר יוחאי, ר״י בר אילעאי, רבי אלעזר בן שמוע, וכן מפי אביו, רבן שמעון בן גמליאל.",רבי יהודה,ר״י.01,רבי יהודה,weak,6,רבי יצחק | רבי יהודה | רבי יהושע | רבי יוחנן | רבי יוסי | רבי יודן,substituted,yes,2,wikipedia,רבי יהודה הנשיא
ha-02960,ר״י,ר״י חי בטבריה ובציפורי (בה נפטר כנראה בסביבות שנת 220) ונקבר בבית שערים.,רבי יהודה,ר״י.01,רבי יהודה,weak,6,רבי יצחק | רבי יהודה | רבי יהושע | רבי יוחנן | רבי יוסי | רבי יודן,substituted,yes,2,wikipedia,רבי יהודה הנשיא
ha-02961,ר״י,"מסורות מימי הגאונים ממשיכות קו זה ומציינות את רבי כבנו בכורו של רבן שמעון בן גמליאל וכמי שלמד אצל חכמי הדור של אביו, בהם ר״י, רבי מאיר ורבי אלעזר בן שמוע.",רבי יהודה,ר״י.01,רבי יהודה,weak,6,רבי יצחק | רבי יהודה | רבי יהושע | רבי יוחנן | רבי יוסי | רבי יודן,substituted,yes,2,wikipedia,רבי יהודה הנשיא
ha-02962,ר״י,"ר״י שימש כאב בית דין, והוא נחלק רבות עם נשיא הסנהדרין רבן גמליאל, עם חברו רבי אליעזר, ועם תלמידו רבי עקיבא.",רבי יהושע,ר״י.02,רבי יהושע,weak,6,רבי יצחק | רבי יהודה | רבי יהושע | רבי יוחנן | רבי יוסי | רבי יודן,substituted,yes,2,wikipedia,רבי יהושע בן חנניה
ha-02963,ר״י,"אם ישמעאל זה הוא רבי ישמעאל בן אלישע כהן גדול, אזי ר״י היה כבר בעל מעמד של פעיל ציבורי, לפחות כעשרים שנה לפני החורבן.",רבי יהושע,ר״י.02,רבי יהושע,weak,6,רבי יצחק | רבי יהודה | רבי יהושע | רבי יוחנן | רבי יוסי | רבי יודן,substituted,yes,2,wikipedia,רבי יהושע בן חנניה
ha-02964,ר״י,"מסופר כי ר״י ניסה להחזיר את החיים לתלם, ניחם את היהודים, והדריך אנשים לא להתאבל יותר מדי על החורבן.",רבי יהושע,ר״י.02,רבי יהושע,weak,6,רבי יצחק | רבי יהודה | רבי יהושע | רבי יוחנן | רבי יוסי | רבי יודן,substituted,yes,2,wikipedia,רבי יהושע בן חנניה
ha-02965,ר״י,"יש שקשרו[דרוש מקור][מפני ש...] את ר״י ב""יודן בן ישמעאל"" המוזכר בכתובת ארמית שנמצאה על כיסא בבית הכנסת בכורזים:”זכור לטוב יודן בן ישמעאל, שעשה את העמודים ואת המדרגות מכספו, יהיה חלקו עם צדיקים”.",רבי יודן,ר״י.03,רבי יודן,weak,6,רבי יצחק | רבי יהודה | רבי יהושע | רבי יוחנן | רבי יוסי | רבי יודן,substituted,yes,2,wikipedia,יודן בן ישמעאל
ha-02966,ר״י,"בנו של האמורא ר״י, חבירו של רבי אבא מרי ושל רבי אלעזר ברבי יוסי.",רבי יודן,ר״י.03,רבי יודן,weak,6,רבי יצחק | רבי יהודה | רבי יהושע | רבי יוחנן | רבי יוסי | רבי יודן,substituted,yes,2,wikipedia,רבי מתניא
ha-02967,ר״י,"רבי יהודה בן גרים (""יהודה בן גריס"", או ""ר״י בר גיורי"") היה חכם (או תנא) בן הדור החמישי לתנאים, מתלמידי רבי שמעון בן יוחי.",רבי יודן,ר״י.03,רבי יודן,weak,6,רבי יצחק | רבי יהודה | רבי יהושע | רבי יוחנן | רבי יוסי | רבי יודן,substituted,yes,2,wikipedia,יהודה בן גרים
ha-02968,ר״י,תרומתו של ר״י למפעל התלמוד הירושלמי היא גולת הכותרת של חייו.,רבי יוחנן,ר״י.04,רבי יוחנן,weak,6,רבי יצחק | רבי יהודה | רבי יהושע | רבי יוחנן | רבי יוסי | רבי יודן,substituted,yes,2,wikipedia,רבי יוחנן
ha-02969,ר״י,"ר״י זכה לאריכות ימים, ועם תלמידיו נמנים אף גדולי האמוראים בדור הרביעי.",רבי יוחנן,ר״י.04,רבי יוחנן,weak,6,רבי יצחק | רבי יהודה | רבי יהושע | רבי יוחנן | רבי יוסי | רבי יודן,substituted,yes,2,wikipedia,רבי יוחנן
ha-02970,ר״י,"ר״י עצמו, כשגדל ללא אב ואם, התנחם ואמר שהוא שמח בכך שהוא יודע לבטח שלא עבר על איסורי כיבוד אב ואם שקשה מאוד לעמוד בהם.",רבי יוחנן,ר״י.04,רבי יוחנן,weak,6,רבי יצחק | רבי יהודה | רבי יהושע | רבי יוחנן | רבי יוסי | רבי יודן,substituted,yes,2,wikipedia,רבי יוחנן
ha-02971,ר״י,"עם התנאים הבולטים נמנים רבן יוחנן בן זכאי, רבי אליעזר הגדול, רבי יהושע, רבן גמליאל, רבי טרפון, רבי עקיבה, ר״י הגלילי, ר״י, רבי יהודה, רבי מאיר, רבי שמעון ורבי יהודה הנשיא - עורך המשנה.",רבי יוסי,ר״י.05,רבי יוסי,weak,6,רבי יצחק | רבי יהודה | רבי יהושע | רבי יוחנן | רבי יוסי | רבי יודן,substituted,yes,2,wikipedia,"חז""ל"
ha-02972,ר״י,רוב מאמריו של ר״י עוסקים באגדה ורובם נמסרו על ידי תלמידו רבי אלעזר בן פדת.,רבי יוסי,ר״י.05,רבי יוסי,weak,6,רבי יצחק | רבי יהודה | רבי יהושע | רבי יוחנן | רבי יוסי | רבי יודן,substituted,yes,2,wikipedia,רבי יוסי בן זמרה
ha-02973,ר״י,"כ-1000 שנים אחר פטירתו, בין השנים 1153–1187 יעקב בן נתנאל הכהן תיאר את מקום קבורתו של ר״י עם אביו חלפתא הנמצא כיום בכפר חנניה.",רבי יוסי,ר״י.05,רבי יוסי,weak,6,רבי יצחק | רבי יהודה | רבי יהושע | רבי יוחנן | רבי יוסי | רבי יודן,substituted,yes,2,wikipedia,רבי יוסי
ha-02974,ר״י,"ר״י הוא אמורא ארצישראלי מן הדור השלישי לאמוראים, שירד מספר פעמים לבבל ומוזכר פעמים רבות בתלמוד בבלי.",רבי יצחק,ר״י.06,רבי יצחק,weak,6,רבי יצחק | רבי יהודה | רבי יהושע | רבי יוחנן | רבי יוסי | רבי יודן,substituted,yes,2,wikipedia,רבי יצחק
ha-02975,ר״י,"ר״י זה היה חבירו של רב נחמן, ולפי השערת רבנו יהודה בן קלונימוס משפיירא היה תלמידו של רבי יוחנן.",רבי יצחק,ר״י.06,רבי יצחק,weak,6,רבי יצחק | רבי יהודה | רבי יהושע | רבי יוחנן | רבי יוסי | רבי יודן,substituted,yes,2,wikipedia,רבי יצחק
ha-02976,ר״י,ר״י אחר המוזכר בתלמוד היה תלמידו של רבי חייא.,רבי יצחק,ר״י.06,רבי יצחק,weak,6,רבי יצחק | רבי יהודה | רבי יהושע | רבי יוחנן | רבי יוסי | רבי יודן,substituted,yes,2,wikipedia,רבי יצחק
ha-02977,ר״ל,"בנימין לאו, הפרק ""ר״ל"", בספרו: חכמים, כרך רביעי: ממשנה לתלמוד, ידיעות ספרים, 2012, עמ' 249-239.",רבי שמעון בן לקיש,ר״ל.01,רבי שמעון בן לקיש,weak,3,רבי שמעון בן לקיש | רחמנא ליצלן | ר(ו)צה לומר,substituted,yes,3,wikipedia,ריש לקיש
ha-02978,ר״ל,"תחילת הלימודים בחדר אצל המלמד היא בגיל שלוש, בהתאם לכתוב: ”אמר ר״ל, בן שלש שנים הכיר אברהם להקדוש ברוך הוא""” (מדרש תנחומא, פרשת בהר).",רבי שמעון בן לקיש,ר״ל.01,רבי שמעון בן לקיש,weak,3,רבי שמעון בן לקיש | רחמנא ליצלן | ר(ו)צה לומר,substituted,yes,3,wikipedia,מלמד
ha-02979,ר״ל,"במסכת חולין, הוא מוזכר במחלוקת הלכתית יחד עם רבי יוחנן ותלמידיו, ”מחט שנמצאה בריאה, רבי יוחנן ור' אלעזר ורבי חנינא מכשרי, ר״ל רבי מני בר פטיש ורבי שמעון בן אליקים טרפי”.",רבי שמעון בן לקיש,ר״ל.01,רבי שמעון בן לקיש,weak,3,רבי שמעון בן לקיש | רחמנא ליצלן | ר(ו)צה לומר,substituted,yes,3,wikipedia,רבי שמעון בן אליקים
ha-02980,ר״ל,"רבי חנינא לא הבין את ההבדל ורבי אילעא אמר לו ""ר״ל..."".",רחמנא ליצלן,ר״ל.02,רחמנא ליצלן,weak,3,רבי שמעון בן לקיש | רחמנא ליצלן | ר(ו)צה לומר,substituted,yes,3,wikipedia,רבי אילעא (אמורא)
ha-02981,ר״ל,"נשדדו ונמכרו ספרי תורה שהיו שם ר״ל, נמכרו נשים וילדים כמו בהמות, אבל בסוף הכל הוחזר ליהודים, פרט לאשה אחת שנשארה אצל הגוים.",רחמנא ליצלן,ר״ל.02,רחמנא ליצלן,weak,3,רבי שמעון בן לקיש | רחמנא ליצלן | ר(ו)צה לומר,substituted,yes,3,wikipedia,דמנאת
ha-02982,ר״ל,"האיש הזה היה גדול בתורה וירא אלוקים מרבים, ובסוף ימיו נסע לעיר הקודש צפת, ונפטר שם זקן ושׂבע ימים, וציווה לפני מותו שכל מי שיהיה לו עת צרה, ר״ל, ישתטח על קברו ויעזרוהו, וכן עושין עד היום"".",רחמנא ליצלן,ר״ל.02,רחמנא ליצלן,weak,3,רבי שמעון בן לקיש | רחמנא ליצלן | ר(ו)צה לומר,substituted,yes,3,wikipedia,לייב בעל הייסורים
ha-02983,ר״מ,"ר״מ הוא הדמות הבכירה בממשלה, שהיא הרשות המבצעת במדינות דמוקרטיות.",ראש ממשלה,ר״מ.02,ראש ממשלה,weak,5,רבי מאיר | ראש ממשלה | ריש מתיבתא | רב המלמד בישיבה | רַב מורה,substituted,yes,1,wikipedia,ראש ממשלה
ha-02984,ר״מ,"וכך בשנת 1721 כיהן לראשונה ר״מ לא-רשמי בבריטניה, רוברט וולפול, אשר החזיק במשרה במשך 21 שנים.",ראש ממשלה,ר״מ.02,ראש ממשלה,weak,5,רבי מאיר | ראש ממשלה | ריש מתיבתא | רב המלמד בישיבה | רַב מורה,substituted,yes,1,wikipedia,ראש ממשלה
ha-02985,ר״מ,"יוקרתו של הממסד הבריטי במהלך המאה ה-19 וגדילתה של האימפריה הבריטית גרמו להעתקת המודל הבריטי של קבינט מדיני ובראשו ר״מ על ידי מדינות רבות, הן באירופה והן במושבות בריטיות, כאשר אלו זכו בעצמאות.",ראש ממשלה,ר״מ.02,ראש ממשלה,weak,5,רבי מאיר | ראש ממשלה | ריש מתיבתא | רב המלמד בישיבה | רַב מורה,substituted,yes,1,wikipedia,ראש ממשלה
ha-02986,ר״מ,"ברכה סימא, נשואה לרב אלתר יעקב גלאנץ, ר״מ בישיבת סאטמאר בקווינס.",רבי מאיר,ר״מ.01,,unverified,5,רבי מאיר | ראש ממשלה | ריש מתיבתא | רב המלמד בישיבה | רַב מורה,natural,yes,1,wikipedia,יקותיאל יהודה טייטלבוים
ha-02987,ר״מ,"בתלמוד מוזכר יהושע בן זירוז שהיה בן חמיו של ר״מ, קיים דיון איך בדיוק הוא קרוב משפחתו של ר״מ.",רבי מאיר,ר״מ.01,רבי מאיר,weak,5,רבי מאיר | ראש ממשלה | ריש מתיבתא | רב המלמד בישיבה | רַב מורה,substituted,yes,1,wikipedia,רבי מאיר
ha-02988,ר״מ,"רבי עקיבא הוא רבו המובהק של ר״מ, הנמנה בין חמשת התלמידים הגדולים, עם רבי יהודה, רבי יוסי, רבי שמעון, ורבי אלעזר.",רבי מאיר,ר״מ.01,רבי מאיר,weak,5,רבי מאיר | ראש ממשלה | ריש מתיבתא | רב המלמד בישיבה | רַב מורה,substituted,yes,1,wikipedia,רבי מאיר
ha-02989,ר״מ,"ר״מ הוסמך לרבנות על ידי רבי עקיבא, אך מאחר שהיה צעיר לא קיבלו את סמיכתו, והוא הוסמך לאחר מכן על ידי רבי יהודה בן בבא במסירות-נפש בתנאים מחתרתיים באזור שבין אושא לשפרעם (צומת סומך).",רבי מאיר,ר״מ.01,רבי מאיר,weak,5,רבי מאיר | ראש ממשלה | ריש מתיבתא | רב המלמד בישיבה | רַב מורה,substituted,yes,1,wikipedia,רבי מאיר
ha-02990,ר״מ,"רבי מנחם מאניש חיות (נפטר ב-1636) היה הרב, ר״מ, ואב בית הדין של הקהילה היהודית בווילנה.",ריש מתיבתא,ר״מ.03,ריש מתיבתא,weak,5,רבי מאיר | ראש ממשלה | ריש מתיבתא | רב המלמד בישיבה | רַב מורה,substituted,yes,1,wikipedia,מנחם מאניש חיות
ha-02991,ר״מ,"היה ר״מ בלוד, ורק בסוף ימיו הייתה ישיבתו בטבריה.",ריש מתיבתא,ר״מ.03,ריש מתיבתא,weak,5,רבי מאיר | ראש ממשלה | ריש מתיבתא | רב המלמד בישיבה | רַב מורה,substituted,yes,1,wikipedia,רבי יהושע בן לוי
ha-02992,ר״נ,"ר״נ בר יעקב (230 לערך - 320) היה מגדולי אמוראי בבל בדור השני והשלישי, ראש ישיבת נהרדעא ומעמודי התווך של התלמוד הבבלי.",רב נחמן,ר״נ.01,רב נחמן,weak,3,רב נחמן | רישיון נהיגה | 250 (מספר),substituted,yes,3,wikipedia,רב נחמן
ha-02993,ר״נ,"ר״נ היה עשיר ובעל נכסים, חתנו של ראש הגולה, דיין מפורסם ומגדולי דורו בהלכה ובאגדה.",רב נחמן,ר״נ.01,רב נחמן,weak,3,רב נחמן | רישיון נהיגה | 250 (מספר),substituted,yes,3,wikipedia,רב נחמן
ha-02994,ר״נ,"הדעה המקובלת היא כי ""ר״נ"" 'סתם', בתלמוד הוא ר״נ בר יעקב, לעומת ר״נ בר יצחק המאוחר יותר, המוזכר בדרך כלל יחד עם שם אביו.",רב נחמן,ר״נ.01,רב נחמן,weak,3,רב נחמן | רישיון נהיגה | 250 (מספר),substituted,yes,3,wikipedia,רב נחמן
ha-02995,ר״נ,ר״נ הוא אישור המקנה לבעליו את הזכות החוקית לנהוג ברכב מסוג מסוים.,רישיון נהיגה,ר״נ.02,רישיון נהיגה,weak,3,רב נחמן | רישיון נהיגה | 250 (מספר),substituted,yes,3,wikipedia,רישיון נהיגה
ha-02996,ר״נ,על הנהג ברכב לציית לחוקי הכביש ובדרך כלל עליו להיות בעל ר״נ מתאים לסוג הרכב בו הוא נוהג.,רישיון נהיגה,ר״נ.02,רישיון נהיגה,weak,3,רב נחמן | רישיון נהיגה | 250 (מספר),substituted,yes,3,wikipedia,נהיגה
ha-02997,ר״נ,"כללי הכביש, ר״נ של הנהג ורישום הרכב, חוקים וענישה בגין נהיגה רשלנית, בדיקות בטיחות הרכב וביטוח חובה שונים בין מדינה למדינה.",רישיון נהיגה,ר״נ.02,רישיון נהיגה,weak,3,רב נחמן | רישיון נהיגה | 250 (מספר),substituted,yes,3,wikipedia,נהיגה
ha-02998,ר״ע,"במדינות רבות, ראש עירייה או ר״ע הוא הפקיד הבכיר ביותר בשלטון מוניציפלי כמו זה של עיר או עיירה.",ראש עיר,ר״ע.01,ראש עיר,weak,4,רבי עקיבא | ראש עיר | רבי עובדיה מברטנורה | 270 (מספר),substituted,yes,3,wikipedia,ראש עירייה
ha-02999,ר״ע,"ברחבי העולם, קיימת שונות גדולה בחוקים ובמנהגים המקומיים לגבי סמכויות ואחריות כראש העירייה, כמו גם האמצעים שבהם נבחר ר״ע או נבחר אחר לראשות מועצה עירונית.",ראש עיר,ר״ע.01,ראש עיר,weak,4,רבי עקיבא | ראש עיר | רבי עובדיה מברטנורה | 270 (מספר),substituted,yes,3,wikipedia,ראש עירייה
ha-03000,ר״ע,"בארצות הברית, ישנם מספר סוגים נפרדים של ראשי ערים, תלוי אם שיטת השלטון המקומי היא ממשלת מועצה-מנהלת או ממשלת עם ר״ע העומד בראש מועצה.",ראש עיר,ר״ע.01,ראש עיר,weak,4,רבי עקיבא | ראש עיר | רבי עובדיה מברטנורה | 270 (מספר),substituted,yes,3,wikipedia,ראש עירייה
ha-03001,ר״ע,"העדויות הראשונות מפי נוסעים מייחסות את המערה לחגי בלבד, כך בתיאורו של ר״ע, משולם מוולטרה ועוד.",רבי עובדיה מברטנורה,ר״ע.02,רבי עובדיה מברטנורה,weak,4,רבי עקיבא | ראש עיר | רבי עובדיה מברטנורה | 270 (מספר),substituted,yes,3,wikipedia,מערת הנביאים
ha-03002,ר״ע,"נמצאים יד אבשלום, קבר בני חזיר, קבר זכריה וקבר ר״ע.",רבי עובדיה מברטנורה,ר״ע.02,רבי עובדיה מברטנורה,weak,4,רבי עקיבא | ראש עיר | רבי עובדיה מברטנורה | 270 (מספר),substituted,yes,3,wikipedia,שביל ירושלים
ha-03003,ר״ע,"בין הקברים הידועים המצויים בנחל נמצאים יד אבשלום, קבר בני חזיר, קבר זכריה וקבר ר״ע.",רבי עובדיה מברטנורה,ר״ע.02,רבי עובדיה מברטנורה,weak,4,רבי עקיבא | ראש עיר | רבי עובדיה מברטנורה | 270 (מספר),substituted,yes,3,wikipedia,נחל קדרון
ha-03004,ר״ע,"ר״ע בן יוסף (נולד במאה הראשונה - מת בין שנת 132 לשנת 136 לספירה), מגדולי חכמי ישראל, היה תנא ארץ ישראלי, בן הדור השלישי של התנאים והיה מתומכי מרד בר כוכבא.",רבי עקיבא,ר״ע.03,רבי עקיבא,weak,4,רבי עקיבא | ראש עיר | רבי עובדיה מברטנורה | 270 (מספר),substituted,yes,3,wikipedia,רבי עקיבא
ha-03005,ר״ע,"ובין התלמוד הבבלי בו השם נכתב באות א בסופו – ""ר״ע"" היא הצורה שהשתרשה והפכה למקובלת.",רבי עקיבא,ר״ע.03,רבי עקיבא,weak,4,רבי עקיבא | ראש עיר | רבי עובדיה מברטנורה | 270 (מספר),substituted,yes,3,wikipedia,רבי עקיבא
ha-03006,ר״ע,"סיפורם של ר״ע ואשתו מובא כחלק מרצף סיפורים על חכמים שעזבו את ביתם והלכו ללמוד תורה, לעיתים לתקופות ארוכות.",רבי עקיבא,ר״ע.03,רבי עקיבא,weak,4,רבי עקיבא | ראש עיר | רבי עובדיה מברטנורה | 270 (מספר),substituted,yes,3,wikipedia,רבי עקיבא
ha-03007,ר״ש,"ר״ש מתואר בתלמוד כ""מלומד בנסים"", וחכמי דורו שלחו אותו למשימות קשות למען עם ישראל.",רבי שמעון,ר״ש.01,רבי שמעון,weak,2,רבי שמעון | רפואה שלמה,substituted,yes,3,wikipedia,רבי שמעון בר יוחאי
ha-03008,ר״ש,"כן מתוארת השתתפותו בכינוס מצומצם של ""שבעה זקינים"" (רבי מאיר, רבי יהודה, רבי יוסי, ר״ש, רבי נחמיה, רבי אליעזר בן יעקב ורבי יוחנן הסנדלר), שהתרחש בבקעת רימון בנושא עיבור השנה.",רבי שמעון,ר״ש.01,רבי שמעון,weak,2,רבי שמעון | רפואה שלמה,substituted,yes,3,wikipedia,רבי שמעון בר יוחאי
ha-03009,ר״ש,אחד הסיפורים הידועים ביותר על ר״ש עוסק בהסתתרותו במערה עם בנו בתקופת השלטון הרומי.,רבי שמעון,ר״ש.01,רבי שמעון,weak,2,רבי שמעון | רפואה שלמה,substituted,yes,3,wikipedia,רבי שמעון בר יוחאי
ha-03010,ר״ש,"לפעמים הברכה היא ספציפית וממוקדת בצרכי המתברך, כמו: ""בהצלחה במבחן"", ""בקרוב אצלכם"" (נאמר למשל בחתונות לרווקים ובאירועי ברית מילה לזוגות שאינם הורים או המצפים ללידה), ""ר״ש"" וכיוצא בזה.",רפואה שלמה,ר״ש.02,רפואה שלמה,weak,2,רבי שמעון | רפואה שלמה,substituted,yes,3,wikipedia,ברכה (נימוס)
ha-03011,ר״ש,"יהי רצון מלפניך שתרפאני ר״ש, ואם אמות תהא מיתתי כפרה על כל עונות וחטאים ופשעים שחטאתי ושעויתי ושפשעתי לפניך.",רפואה שלמה,ר״ש.02,רפואה שלמה,weak,2,רבי שמעון | רפואה שלמה,substituted,yes,3,wikipedia,שכיב מרע
ha-03012,ר״ש,הגבס מלא לרוב באיחולי ר״ש מחברים ובני משפחה בתוספת אימרות כנף ושירבוטים.,רפואה שלמה,ר״ש.02,רפואה שלמה,weak,2,רבי שמעון | רפואה שלמה,substituted,yes,3,wikipedia,תחבושת גבס
ha-03013,ר״ת,"כינויו ""ר״ת"" נגזר מהפסוק ""ויעקב איש תם יושב אהלים"" (בראשית כה, כז).",רבנו תם,ר״ת.01,רבנו תם,weak,2,ראשי תיבות | רבנו תם,substituted,no,1,wikipedia,רבנו תם
ha-03014,ר״ת,"תחילה למד ר״ת אצל אביו, ועוד בחייו הגיע להוראה.",רבנו תם,ר״ת.01,רבנו תם,weak,2,ראשי תיבות | רבנו תם,substituted,no,1,wikipedia,רבנו תם
ha-03015,ר״ת,"ר״ת התפרנס מהלוואות וייצור יין, והיה עשיר.",רבנו תם,ר״ת.01,רבנו תם,weak,2,ראשי תיבות | רבנו תם,substituted,no,1,wikipedia,רבנו תם
ha-03016,שב״ח,בין העובדים במקום היה גם שב״ח פלסטיני בשם נידאל עמאר.,שוהה בלתי חוקי,שב״ח.01,שוהה בלתי חוקי,weak,2,שוהה בלתי חוקי | שימוש בלתי חוקי (בנשק),substituted,no,3,wikipedia,רצח תומר חזן
ha-03017,שב״ח,"נגד בעל מסעדת ""צחי בשרים"", צחי אנטבי, הוגש כתב אישום בעוון העסקת שב״ח שלא כדין ובעוון הלנת הרוצח בדירתו מעל המסעדה שבבת ים.",שוהה בלתי חוקי,שב״ח.01,שוהה בלתי חוקי,weak,2,שוהה בלתי חוקי | שימוש בלתי חוקי (בנשק),substituted,no,3,wikipedia,רצח תומר חזן
ha-03018,שב״ח,"השחקן מגלם שב״ח באזור הזה, המתפרנס מאיתור ומכירת חפצים מסתוריים שנוצרו באזור, ומעניקים למחזיקם כוחות מיוחדים.",שוהה בלתי חוקי,שב״ח.01,שוהה בלתי חוקי,weak,2,שוהה בלתי חוקי | שימוש בלתי חוקי (בנשק),substituted,no,3,wikipedia,S.T.A.L.K.E.R: Shadow of Chernobyl
ha-03019,שב״י,"שב״י הם השבטים שעל פי המקרא הרכיבו את עם ישראל הקדום, ונחשבים לפי המסורת לאבותיהם של היהודים של ימינו.",שבטי ישראל,שב״י.01,שבטי ישראל,weak,2,שבטי ישראל | שבטי יה,substituted,no,3,wikipedia,שבטי ישראל
ha-03020,שב״י,"ליעקב נולדו שנים עשר בנים, שמהם יצאו שנים עשר שב״י.",שבטי ישראל,שב״י.01,שבטי ישראל,weak,2,שבטי ישראל | שבטי יה,substituted,no,3,wikipedia,שבטי ישראל
ha-03021,שב״י,"עשרת השבטים הם חלק משנים עשר שב״י, אשר לפי המסורת המקראית הוגלו לאחר כיבוש ממלכת ישראל בידי אשור ומאז לא נודע גורלם.",שבטי ישראל,שב״י.01,שבטי ישראל,weak,2,שבטי ישראל | שבטי יה,substituted,no,3,wikipedia,עשרת השבטים
ha-03022,שו״ב,"ישנם מקרים בהם שו״ב יוסמך לשחיטת עופות בלבד, ויש שילמד היקף גדול יותר של הלכות ויוסמך אף לשחיטת בהמה דקה וגסה, היינו: כבשים עזים ובקר.",שוחט ובודק,שו״ב.01,שוחט ובודק,weak,4,שם משפחה יהודי | שליטה ובקרה | שיכון ובינוי | שוחט ובודק,substituted,yes,3,wikipedia,שוחט
ha-03023,שו״ב,"הרב יעקב בצלאל פייגון שניידר (1842–1916) היה מורה, רב, דיין, שו״ב בעיירה בלוגורודקה שברוסיה (כיום אוקראינה).",שוחט ובודק,שו״ב.01,שוחט ובודק,weak,4,שם משפחה יהודי | שליטה ובקרה | שיכון ובינוי | שוחט ובודק,substituted,yes,3,wikipedia,יעקב בצלאל שניידר
ha-03024,שו״ב,"שו״ב, ששימש גם כבעל תפילה ומלמד תורה לילדים.",שוחט ובודק,שו״ב.01,שוחט ובודק,weak,4,שם משפחה יהודי | שליטה ובקרה | שיכון ובינוי | שוחט ובודק,substituted,yes,3,wikipedia,טיססלקה
ha-03025,שו״ב,חברות שו״ב פועלות בלמעלה מעשרים מדינות ברחבי העולם.,שיכון ובינוי,שו״ב.02,שיכון ובינוי,weak,4,שם משפחה יהודי | שליטה ובקרה | שיכון ובינוי | שוחט ובודק,substituted,yes,3,wikipedia,שיכון ובינוי
ha-03026,שו״ב,"בשנת 1996 נמכרה השליטה בקבוצת ""שו״ב"" לחברת ""אריסון השקעות"" (בבעלות איש העסקים תד אריסון) ולעובדי החברה תמורת 300 מיליון שקל.",שיכון ובינוי,שו״ב.02,שיכון ובינוי,weak,4,שם משפחה יהודי | שליטה ובקרה | שיכון ובינוי | שוחט ובודק,substituted,yes,3,wikipedia,שיכון ובינוי
ha-03027,שו״ב,"וכבר ביום המסחר הראשון זינק מחיר המניה של ""שו״ב"" ב-25%, ויום לאחר מכן הוסיף שערה ועלה ב-8% נוספים.",שיכון ובינוי,שו״ב.02,שיכון ובינוי,weak,4,שם משפחה יהודי | שליטה ובקרה | שיכון ובינוי | שוחט ובודק,substituted,yes,3,wikipedia,שיכון ובינוי
ha-03028,שו״ב,"מפקדה היא מרכז פיקוד, שו״ב; מפקדה היא דרג הקובע מדיניות ונושא באחריות ההחלטות בתחום המדיניות.",שליטה ובקרה,שו״ב.03,שליטה ובקרה,weak,4,שם משפחה יהודי | שליטה ובקרה | שיכון ובינוי | שוחט ובודק,substituted,yes,3,wikipedia,מפקדה
ha-03029,שו״ב,בקטר קיימות מערכות שו״ב על תפקוד ההנעה ומערכות מסייעות כגון בקרת אקלים ותאורה.,שליטה ובקרה,שו״ב.03,שליטה ובקרה,weak,4,שם משפחה יהודי | שליטה ובקרה | שיכון ובינוי | שוחט ובודק,substituted,yes,3,wikipedia,רכבת
ha-03030,שו״ב,"כוחות האוויר מורכבים מצוותי אוויר ותמיכה משמעותית של צוותי הקרקע, לוגיסטיקה, תחזוקה, חימוש, כוחות אבטחה, מודיעין, שו״ב תמיכה בחלל וסייבר ועוד.",שליטה ובקרה,שו״ב.03,שליטה ובקרה,weak,4,שם משפחה יהודי | שליטה ובקרה | שיכון ובינוי | שוחט ובודק,substituted,yes,3,wikipedia,חיל אוויר
ha-03031,שו״ב,שו״ב מעיד לכאורה על השתייכותו של אדם למשפחה יהודית.,שם משפחה יהודי,שו״ב.04,שם משפחה יהודי,weak,4,שם משפחה יהודי | שליטה ובקרה | שיכון ובינוי | שוחט ובודק,substituted,yes,3,wikipedia,שם משפחה יהודי
ha-03032,שו״ב,בֶּלְקִינְד (ברוסית: Белкинд) הוא שו״ב אשכנזי ממקור רוסי.,שם משפחה יהודי,שו״ב.04,שם משפחה יהודי,weak,4,שם משפחה יהודי | שליטה ובקרה | שיכון ובינוי | שוחט ובודק,substituted,yes,3,wikipedia,בלקינד
ha-03033,שו״ב,אַבְּרַבַנְאֵל הוא שו״ב הנפוץ בקרב יהודים יוצאי ספרד.,שם משפחה יהודי,שו״ב.04,שם משפחה יהודי,weak,4,שם משפחה יהודי | שליטה ובקרה | שיכון ובינוי | שוחט ובודק,substituted,yes,3,wikipedia,אברבנאל
ha-03034,שו״מ,"סדרת תשובותיו בשם ""שו״מ"", המורכבת משישה כרכים עבי כרס, נודעת כחיבור בעל סמכות הלכתית חשובה.",שואל ומשיב,שו״מ.01,שואל ומשיב,weak,2,שואל ומשיב | שלוש קהילות בגרמניה אשר עברו תלאות רבות בימי מסעי הצלב,substituted,no,3,wikipedia,יוסף שאול נתנזון
ha-03035,שו״ס,"ייתכן כי פלפטין היה שו״ס של דוקו כבר באותה עת, אך הדבר אינו מאומת על ידי גורמים רשמיים בקאנון או ביקום המורחב של מלחמת הכוכבים.",שותף סוד,שו״ס.01,שותף סוד,weak,2,שותף סוד | שותפות סוד,substituted,no,3,wikipedia,מקומות בסרטי מלחמת הכוכבים
ha-03036,שו״ס,הן השתייכו לקבוצה של כ-30 נשים כולן היו שו״ס ולכל אחת מהן היה תפקיד מוגדר בהברחה.,שותפות סוד,שו״ס.02,שותפות סוד,weak,2,שותף סוד | שותפות סוד,substituted,no,3,wikipedia,נשים יהודיות בשואה
ha-03037,שו״ש,"בהתאם לתוצאות ההתנסות באב הטיפוס עובר המוצר שו״ש, הבאים לידי ביטוי במוצר הסופי.",שינויים ושיפורים,שו״ש.01,שינויים ושיפורים,weak,3,שווה שוקיים | שינויים ושיפורים | שמחה וששון,substituted,no,3,wikipedia,אב טיפוס
ha-03038,שו״ש,מאז נוצרה השפה בשנת 1959 היא עברה שו״ש שונים על מנת להפכה לשפה תקנית.,שינויים ושיפורים,שו״ש.01,שינויים ושיפורים,weak,3,שווה שוקיים | שינויים ושיפורים | שמחה וששון,substituted,no,3,wikipedia,COBOL
ha-03039,שו״ש,הסיבה היא שויטגנשטיין המשיך לערוך בספר שו״ש ובמקביל דחה את פרסומו.,שינויים ושיפורים,שו״ש.01,שינויים ושיפורים,weak,3,שווה שוקיים | שינויים ושיפורים | שמחה וששון,substituted,no,3,wikipedia,חקירות פילוסופיות
ha-03040,שו״ש,"גליה עוז, אדון שו״ש, כנרת, זמורה, דביר - מוציאים לאור, 2019.",שמחה וששון,שו״ש.02,שמחה וששון,weak,3,שווה שוקיים | שינויים ושיפורים | שמחה וששון,substituted,no,3,wikipedia,זויה צ'רקסקי
ha-03041,שח״ל,"שתי הקבוצות אוחדו שוב ב-1927, בראשות שני המנהיגים: שח״ל ומשה שפירא.",שמואל חיים לנדוי,שח״ל.01,שמואל חיים לנדוי,weak,4,שמואל חיים לנדוי | שירות חלוצי לישראל | שירות חולי לב | שירות חירום לחולים,substituted,no,3,wikipedia,הפועל המזרחי
ha-03042,שח״ל,"מראשיה וממקימי האידיאלוגיה של הציונות הדתית הסוציאלית נמנו שח״ל, הרב ישעיהו שפירא, ישעיהו ברנשטיין ועוד.",שמואל חיים לנדוי,שח״ל.01,שמואל חיים לנדוי,weak,4,שמואל חיים לנדוי | שירות חלוצי לישראל | שירות חולי לב | שירות חירום לחולים,substituted,no,3,wikipedia,הפועל המזרחי
ha-03043,שח״ל,"השכונה נקראת על שמו של שח״ל, ממנהיגי הפועל המזרחי.",שמואל חיים לנדוי,שח״ל.01,שמואל חיים לנדוי,weak,4,שמואל חיים לנדוי | שירות חלוצי לישראל | שירות חולי לב | שירות חירום לחולים,substituted,no,3,wikipedia,קריית שמואל (חיפה)
ha-03044,שח״ר,"אַבּוּ בַּסְמַה (בערבית: أبو بسمة ""אבי החיוך"") הייתה מועצה אזורית בנגב במחוז הדרום, שפעלה בין השנים 2003–2012, ושאיגדה 11 יישובים בדואים וסיפקה שח״ר לבדואים של הפזורה המתגוררים באזור.",שירותי חינוך ורווחה,שח״ר.01,שירותי חינוך ורווחה,weak,3,שירותי חינוך ורווחה | שיבוץ וחזרה לשירות | תנועה פוליטית שהוקמה בשלהי הכנסת ה-15,substituted,no,3,wikipedia,מועצה אזורית אבו בסמה
ha-03045,שח״ר,"חוסיין ייסד את התנועה החות'ית כדי לקדם את המחשבה הזידית, ""להתקומם נגד המדכאים השולטים בתימן"" ולספק שח״ר.",שירותי חינוך ורווחה,שח״ר.01,שירותי חינוך ורווחה,weak,3,שירותי חינוך ורווחה | שיבוץ וחזרה לשירות | תנועה פוליטית שהוקמה בשלהי הכנסת ה-15,substituted,no,3,wikipedia,עבד אל-מלכ אל-חות'י
ha-03046,שנ״צ,שנ״צ הוא יכולת פנטסטית של ישות לשנות את צורת עצמה לצורה אחרת.,שינוי צורה,שנ״צ.01,שינוי צורה,weak,2,שינוי צורה | שנת צוהריים,substituted,no,3,wikipedia,שינוי צורה
ha-03047,שנ״צ,"שנ״צ הוא נושא נפוץ במיתולוגיה, בפולקלור ובאגדות.",שינוי צורה,שנ״צ.01,שינוי צורה,weak,2,שינוי צורה | שנת צוהריים,substituted,no,3,wikipedia,שינוי צורה
ha-03048,שנ״צ,בהוגוורטס נלמד מקצוע הנקרא שנ״צ ויש הנקראים אנימגאוס.,שינוי צורה,שנ״צ.01,שינוי צורה,weak,2,שינוי צורה | שנת צוהריים,substituted,no,3,wikipedia,שינוי צורה
ha-03049,שע״ח,שע״ח נייד נקבע על ידי המוכרים והקונים בשוק.,שער חליפין,שע״ח.01,שער חליפין,weak,2,שעת חירום | שער חליפין,substituted,yes,3,wikipedia,מטבע חוץ
ha-03050,שע״ח,"לעיתים מונהג גם שע״ח קבוע, הנקבע על ידי גוף ממשלתי מוסמך.",שער חליפין,שע״ח.01,שער חליפין,weak,2,שעת חירום | שער חליפין,substituted,yes,3,wikipedia,מטבע חוץ
ha-03051,שע״ח,לפרנק CFA שע״ח קבוע ביחס לאירו: 100 פרנק CFA שווים ל-0.152449 אירו (שוויו של פרנק צרפתי אחד בעת המעבר ליורו).,שער חליפין,שע״ח.01,שער חליפין,weak,2,שעת חירום | שער חליפין,substituted,yes,3,wikipedia,פרנק CFA
ha-03052,שע״ח,במקביל לשטף של התקנת תקנות שע״ח נמשכה ההתמודדות בהוראות שעה שבמסגרת הסמכויות הרגילות שבחקיקה.,שעת חירום,שע״ח.02,שעת חירום,weak,2,שעת חירום | שער חליפין,substituted,yes,3,wikipedia,תקנות שעת חירום למאבק בנגיף הקורונה
ha-03053,שע״ח,"תקנות שע״ח החילו הסכם זה על כל המעסיקים במגזר הציבורי, וכן נקבעו בהן כללים להחלפתו של עובד חיוני נעדר בעובד אחר.",שעת חירום,שע״ח.02,שעת חירום,weak,2,שעת חירום | שער חליפין,substituted,yes,3,wikipedia,תקנות שעת חירום למאבק בנגיף הקורונה
ha-03054,שע״ח,"בתחילת אפריל 2020 העביר היועץ המשפטי לממשלה, אביחי מנדלבליט, חוות דעת לראש הממשלה, לשר המשפטים ולמזכיר הממשלה, לפיה יש להעדיף חקיקה רגילה בכנסת על פני התקנת תקנות שע״ח.",שעת חירום,שע״ח.02,שעת חירום,weak,2,שעת חירום | שער חליפין,substituted,yes,3,wikipedia,תקנות שעת חירום למאבק בנגיף הקורונה
ha-03055,שע״י,"החוקרים זיהו את רצפת הפסיפס בגודל 10 על 13 מטר כבית כנסת עתיק, בזכות הציורים של ארון הקודש, מנורה, שופר, לולב, והכתובת ""שע״י"", שהיא המקור לשמו של בית הכנסת.",שלום על ישראל,שע״י.01,שלום על ישראל,weak,2,שעל יד | שלום על ישראל,substituted,yes,3,wikipedia,יריחו
ha-03056,שע״י,באתר ישנו פסיפס גדול (מעט גדול יותר מהנמצא בבית הכנסת שע״י) הכולל גלגל מזלות ועוד וגם אבן שהיה כנראה בסיס לתיבה.,שלום על ישראל,שע״י.01,שלום על ישראל,weak,2,שעל יד | שלום על ישראל,substituted,yes,3,wikipedia,יריחו
ha-03057,שע״י,"הצעתם של דוד ושכטר הייתה שונה באופן דרמטי מההצעה הקודמת, היא עוצבה במבנה אליפטי דמוי חותם והתבססה על הפסיפס של בית הכנסת העתיק שע״י ביריחו.",שלום על ישראל,שע״י.01,שלום על ישראל,weak,2,שעל יד | שלום על ישראל,substituted,yes,3,wikipedia,סמל מדינת ישראל
ha-03058,שע״י,"בית ההוראה 'בית אברהם' שע״י ישיבת מרכז הרב, בראשות הרב יעקב שפירא, הרב איתן איזמן והרב יהושע מגנס.",שעל יד,שע״י.02,שעל יד,weak,2,שעל יד | שלום על ישראל,substituted,yes,3,wikipedia,בית הוראה
ha-03059,שע״י,פסיכולוגית ומנהלת המרכז להכשרה ושיקום מקצועי שע״י בית החולים לוינשטיין.,שעל יד,שע״י.02,שעל יד,weak,2,שעל יד | שלום על ישראל,substituted,yes,3,wikipedia,חמדה לוי
ha-03060,שע״י,"מקובל, שע״י כותל המזרח יושבים מכובדי הקהילה, כגון הרב והגבאים, ומכך התפתח הביטוי ""יושב במזרח"" בהוראה לחשיבות וכבוד, ולא בהכרח בקשר לישיבה בבית כנסת.",שעל יד,שע״י.02,שעל יד,weak,2,שעל יד | שלום על ישראל,substituted,yes,3,wikipedia,כותל המזרח
ha-03061,שפ״ח,"שפ״ח היא שפעת אנדמית (קיים באזור תפוצה מצומצם, שעל-פי רוב יש לו אפיון אקולוגי ברור וגבולות חדים) לחזירים, העוברת מחזיר אחד למשנהו בדומה לשפעת אנושית.",שפעת החזירים,שפ״ח.01,שפעת החזירים,weak,2,שפעת החזירים | שירות פסיכולוגי חנוכי,substituted,no,3,wikipedia,שפעת החזירים
ha-03062,שפ״ח,"במקרים נדירים, יכולה המחלה לעבור מחזירים לבני אדם, אולם הסכנה העיקרית לבני אדם היא יצירת זן חדש של נגיף שפעת אנושית שמורכב ממקטעים גנטיים של נגיף שפ״ח, העובר בצורה ישירה בין אדם לאדם.",שפעת החזירים,שפ״ח.01,שפעת החזירים,weak,2,שפעת החזירים | שירות פסיכולוגי חנוכי,substituted,no,3,wikipedia,שפעת החזירים
ha-03063,שפ״ח,"הנגיפים גורמי המחלה נקראים ""נגיפי שפ״ח"" (Swine influenza virus; SIV) והם בדרך כלל נגיפים אנדמיים לאוכלוסיית החזירים.",שפעת החזירים,שפ״ח.01,שפעת החזירים,weak,2,שפעת החזירים | שירות פסיכולוגי חנוכי,substituted,no,3,wikipedia,שפעת החזירים
ha-03064,שק״ד,שכל ישר או היגיון בריא (Common sense) הוא שק״ד והחלטה המבוססים על תפיסה פשוטה של מצב או עובדות.,שיקול דעת,שק״ד.01,שיקול דעת,weak,4,שיקול דעת | שקיעת דם | שיקום דתי לאסיר | שיקלול דיפרנציאלי,substituted,yes,3,wikipedia,שכל ישר
ha-03065,שק״ד,"כלומר, שיכולתו של אותו אדם להבדיל בין מציאות לבין דמיון ולהפעיל שק״ד סביר היא טובה מספיק בשביל לשאת באחריות פלילית.",שיקול דעת,שק״ד.01,שיקול דעת,weak,4,שיקול דעת | שקיעת דם | שיקום דתי לאסיר | שיקלול דיפרנציאלי,substituted,yes,3,wikipedia,שפיות
ha-03066,שק״ד,"אדם יכול לגלות תסמינים שונים של מחלת נפש, כולל תסמינים התנהגותיים, ועדיין להיות מסוגל לזהות את המציאות ולהפעיל שק״ד המאפשר לקיחת אחריות פלילית.",שיקול דעת,שק״ד.01,שיקול דעת,weak,4,שיקול דעת | שקיעת דם | שיקום דתי לאסיר | שיקלול דיפרנציאלי,substituted,yes,3,wikipedia,שפיות
ha-03067,שק״ד,"חולים עם מיוקרדיטיס מציגים בבדיקות המעבדה בדרך כלל לויקוציטוזיס, שק״ד מוחשת, רמות CRP גבוהות, וכן אנזימי לב מוגברים.",שקיעת דם,שק״ד.02,שקיעת דם,weak,4,שיקול דעת | שקיעת דם | שיקום דתי לאסיר | שיקלול דיפרנציאלי,substituted,yes,3,wikipedia,דלקת שריר הלב
ha-03068,שק״ד,"שק״ד, CRP ומערכת המשלים עולים, ולכן לא משתמשים בהם כמדד קליני להערכת דלקת.",שקיעת דם,שק״ד.02,שקיעת דם,weak,4,שיקול דעת | שקיעת דם | שיקום דתי לאסיר | שיקלול דיפרנציאלי,substituted,yes,3,wikipedia,פיזיולוגיה של ההיריון
ha-03069,שק״ד,בבדיקות המעבדה ניתן למצוא שק״ד מוחשת ולויקוציטוזיס.,שקיעת דם,שק״ד.02,שקיעת דם,weak,4,שיקול דעת | שקיעת דם | שיקום דתי לאסיר | שיקלול דיפרנציאלי,substituted,yes,3,wikipedia,דלקת העצם
ha-03070,שש״כ,"שש״כ הוא ספר הלכה נפוץ העוסק בהלכות שבת ויום טוב, שכתב הרב יהושע נויבירט.",שמירת שבת כהלכתה,שש״כ.01,שמירת שבת כהלכתה,weak,2,שמירת שבת כהלכתה | שומר שבת כשרות,substituted,no,3,wikipedia,שמירת שבת כהלכתה
ha-03071,שש״כ,"שש״כ יצא לאור גם בתרגום ליידיש, אנגלית ולצרפתית.",שמירת שבת כהלכתה,שש״כ.01,שמירת שבת כהלכתה,weak,2,שמירת שבת כהלכתה | שומר שבת כשרות,substituted,no,3,wikipedia,שמירת שבת כהלכתה
ha-03072,שש״כ,"בשנותיו ב""קול תורה"" התקרב אל הרב אוירבך, היה לתלמידו המובהק, והתייעץ עמו רבות בכתיבת ספרו ""שש״כ"".",שמירת שבת כהלכתה,שש״כ.01,שמירת שבת כהלכתה,weak,2,שמירת שבת כהלכתה | שומר שבת כשרות,substituted,no,3,wikipedia,יהושע ישעיה נויבירט
ha-03073,שת״פ,"מנהיגות ניהולית – קידום תרבות של שת״פ עמידה במדיניות ובנהלים של האוניברסיטה, הקצאת שטחים וטיפוח גיוון, שוויון והכלה.",שיתוף פעולה,שת״פ.01,שיתוף פעולה,weak,2,שיתוף פעולה | שיעור תשואה פנימי,substituted,no,3,wikipedia,דקאן
ha-03074,שת״פ,שת״פ הוא מצב בו ישויות שונות מפיקות תועלת זו מפעולתה של זו ותלויות זו בפעולתה של זו.,שיתוף פעולה,שת״פ.01,שיתוף פעולה,weak,2,שיתוף פעולה | שיעור תשואה פנימי,substituted,no,3,wikipedia,שיתוף פעולה
ha-03075,שת״פ,"שת״פ תקציבי – רמה זו, בניגוד לקודמותיה, גורסת כי ההון הוא רכוש הכלל, ואילו הפרטים חיים מממון מסוים שאמור לאפשר להם חיים סבירים, לפי הגדרת הקבוצה, ובהתאם לצרכיהם.",שיתוף פעולה,שת״פ.01,שיתוף פעולה,weak,2,שיתוף פעולה | שיעור תשואה פנימי,substituted,no,3,wikipedia,שיתוף פעולה
ha-03076,ש״ב,"מכיוון שסעודות אלו מסתיימות באמירת ""ש״ב"", נהוג לכנות גם את הסעודות עצמן בשם זה.",שבע ברכות,ש״ב.01,שבע ברכות,weak,5,שמואל ב' | שירות ביטחון | שלום בית | שבע ברכות | שיעורי בית,substituted,yes,3,wikipedia,שבע ברכות
ha-03077,ש״ב,"לפחות אחד מן המשתתפים צריך להיות אורח חדש שלא השתתף בסעודת ""ש״ב"" של הימים הקודמים או בחתונה (""פנים חדשות""), ויש האומרים שהוא צריך להיות מספיק חשוב ש""מרבים בשבילו בסעודה"".",שבע ברכות,ש״ב.01,שבע ברכות,weak,5,שמואל ב' | שירות ביטחון | שלום בית | שבע ברכות | שיעורי בית,substituted,yes,3,wikipedia,שבע ברכות
ha-03078,ש״ב,"כאשר אין ""פנים חדשות"", ולדעתו של הרב עובדיה יוסף גם בסעודת ש״ב שאינה מתקיימת בבית החתנים, מברכים רק את ברכת ""בורא פרי הגפן"" וברכת ""אשר ברא"".",שבע ברכות,ש״ב.01,שבע ברכות,weak,5,שמואל ב' | שירות ביטחון | שלום בית | שבע ברכות | שיעורי בית,substituted,yes,3,wikipedia,שבע ברכות
ha-03079,ש״ב,"בתקופה המודרנית מתן ש״ב נהוג במרבית בתי הספר, ובמרבית מדינות העולם, במערכת החינוך הפורמלית.",שיעורי בית,ש״ב.02,שיעורי בית,weak,5,שמואל ב' | שירות ביטחון | שלום בית | שבע ברכות | שיעורי בית,substituted,yes,3,wikipedia,שיעורי בית
ha-03080,ש״ב,"מטלות אשר יכולות לשמש לצורך ש״ב על פי חוזר של משרד החינוך הן: קריאה של טקסט, מענה לשאלות, סיכום, ארגון של נתונים, איתור מידע באינטרנט, תרגול, לימוד בעל פה ועריכה של תצפית.",שיעורי בית,ש״ב.02,שיעורי בית,weak,5,שמואל ב' | שירות ביטחון | שלום בית | שבע ברכות | שיעורי בית,substituted,yes,3,wikipedia,שיעורי בית
ha-03081,ש״ב,"האימון אשר מתאפשר דרך הכנת ש״ב, מהווה בסיס להעמקת הידע ושליטה במיומנויות למידה.",שיעורי בית,ש״ב.02,שיעורי בית,weak,5,שמואל ב' | שירות ביטחון | שלום בית | שבע ברכות | שיעורי בית,substituted,yes,3,wikipedia,שיעורי בית
ha-03082,ש״ב,ש״ב המדינה (בגאורגית: სახელმწიფო უსაფრთხოების სამსახური) הוא הזרוע הממשלתית בגאורגיה האחראית לביטחון פנים במדינה.,שירות ביטחון,ש״ב.03,שירות ביטחון,weak,5,שמואל ב' | שירות ביטחון | שלום בית | שבע ברכות | שיעורי בית,substituted,yes,3,wikipedia,שירות ביטחון המדינה (גאורגיה)
ha-03083,ש״ב,"עם חקיקתו של חוק שירות המילואים בשנת 2008, עברו אליו מרבית ההוראות העוסקות בשירות המילואים, ואילו בחוק ש״ב נותרו הוראות העוסקות בשירות סדיר והוראות כלליות שרלוונטיות לשני סוגי השירותים.",שירות ביטחון,ש״ב.03,שירות ביטחון,weak,5,שמואל ב' | שירות ביטחון | שלום בית | שבע ברכות | שיעורי בית,substituted,yes,3,wikipedia,חוק שירות ביטחון
ha-03084,ש״ב,"בשנת 2005 יזמה הממשלה תיקון לחוק ש״ב, שבו הציעה לנסח מחדש סעיפים אלה, כדי שיתאמו את המצב הקיים בפועל.",שירות ביטחון,ש״ב.03,שירות ביטחון,weak,5,שמואל ב' | שירות ביטחון | שלום בית | שבע ברכות | שיעורי בית,substituted,yes,3,wikipedia,חוק שירות ביטחון
ha-03085,ש״ב,"ש״ב הוא מונח המתאר יחסי שלום והרמוניה בין בני משפחה, באופן המאפשר חיים משותפים ללא חיכוכים ומריבות קשות.",שלום בית,ש״ב.04,שלום בית,weak,5,שמואל ב' | שירות ביטחון | שלום בית | שבע ברכות | שיעורי בית,substituted,yes,3,wikipedia,שלום בית
ha-03086,ש״ב,"ש״ב נחשב כערך ביהדות, הן מצד מצוות ומידות טובות שבין אדם לחבירו, והן כתשתית לחיי נישואים והקמת משפחה בצורה בריאה ואידיאלית.",שלום בית,ש״ב.04,שלום בית,weak,5,שמואל ב' | שירות ביטחון | שלום בית | שבע ברכות | שיעורי בית,substituted,yes,3,wikipedia,שלום בית
ha-03087,ש״ב,"מושג זה עולה פעמים רבות במשפטי גירושים, כאשר אחד מבני הזוג מבקש להתגרש, ואילו האחר דורש ש״ב, כלומר חזרה לחיי נישואים הרמוניים.",שלום בית,ש״ב.04,שלום בית,weak,5,שמואל ב' | שירות ביטחון | שלום בית | שבע ברכות | שיעורי בית,substituted,yes,3,wikipedia,שלום בית
ha-03088,ש״ג,"שין גימל – ש״ג, החייל השומר על הכניסה למחנה.",שוטר גדודי,ש״ג.02,שוטר גדודי,weak,4,שומר גבול | שוטר גדודי | שער גבול | תורת הזרימה שכבת גבול,substituted,no,3,wikipedia,ש
ha-03089,ש״ג,"בנוסף שיחק בתפקיד חייל ש״ג בסדרה ""שמיים אדומים"" של רשת 13.",שומר גבול,ש״ג.03,שומר גבול,weak,4,שומר גבול | שוטר גדודי | שער גבול | תורת הזרימה שכבת גבול,substituted,no,3,wikipedia,אסף זגה
ha-03090,ש״ג,"שערי אלכסנדר או שערי הים הכספי היו חומות עם ש״ג אגדתיים שנבנו בקווקז, על פי האגדה, על ידי אלכסנדר הגדול, כדי למנוע מהברברים הלא-מתורבתים מצפון מלפלוש דרומה.",שער גבול,ש״ג.01,שער גבול,weak,4,שומר גבול | שוטר גדודי | שער גבול | תורת הזרימה שכבת גבול,substituted,no,3,wikipedia,שערי אלכסנדר
ha-03091,ש״ג,באותו יום הודיעו טורקיה וגאורגיה על החלטתם ההדדית לסגור את ש״ג ליד העיר סארפי.,שער גבול,ש״ג.01,שער גבול,weak,4,שומר גבול | שוטר גדודי | שער גבול | תורת הזרימה שכבת גבול,substituted,no,3,wikipedia,מגפת הקורונה בטורקיה
ha-03092,ש״ד,שכל ישר או היגיון בריא (Common sense) הוא ש״ד והחלטה המבוססים על תפיסה פשוטה של מצב או עובדות.,שיקול דעת,ש״ד.01,שיקול דעת,weak,2,שיקול דעת | שפיכות דמים,substituted,yes,3,wikipedia,שכל ישר
ha-03093,ש״ד,"כלומר, שיכולתו של אותו אדם להבדיל בין מציאות לבין דמיון ולהפעיל ש״ד סביר היא טובה מספיק בשביל לשאת באחריות פלילית.",שיקול דעת,ש״ד.01,שיקול דעת,weak,2,שיקול דעת | שפיכות דמים,substituted,yes,3,wikipedia,שפיות
ha-03094,ש״ד,"אדם יכול לגלות תסמינים שונים של מחלת נפש, כולל תסמינים התנהגותיים, ועדיין להיות מסוגל לזהות את המציאות ולהפעיל ש״ד המאפשר לקיחת אחריות פלילית.",שיקול דעת,ש״ד.01,שיקול דעת,weak,2,שיקול דעת | שפיכות דמים,substituted,yes,3,wikipedia,שפיות
ha-03095,ש״ד,"יש סימן לזכירת שבע המצוות: שלוש מצוות שייהרג ובל יעבור (עבודה זרה, ש״ד וגילוי עריות), א - אבר מן החי, ב - ברכת השם, ג - גזל, ד - דינים.",שפיכות דמים,ש״ד.02,שפיכות דמים,weak,2,שיקול דעת | שפיכות דמים,substituted,yes,3,wikipedia,שבע מצוות בני נח
ha-03096,ש״ד,"גור (באנגלית: Gore, מילולית דם שנשפך, ובהשאלה ש״ד במובן אלימות ורצח) היא תת-סוגה קולנועית מסוגת סרט אימה.",שפיכות דמים,ש״ד.02,שפיכות דמים,weak,2,שיקול דעת | שפיכות דמים,substituted,yes,3,wikipedia,גור (קולנוע)
ha-03097,ש״ד,"לאירוע זה מתייחסים לעיתים כ""מהפכה ללא ש״ד"", אף שהשתוללו בסקוטלנד ובאירלנד קרבות קשים לאחר שג'יימס השני עזב את אנגליה.",שפיכות דמים,ש״ד.02,שפיכות דמים,weak,2,שיקול דעת | שפיכות דמים,substituted,yes,3,wikipedia,המהפכה המהוללת
ha-03098,ש״ז,ש״ז שונה במקצת מהשנה הסידרלית כתוצאה מהשפעתם הכבידתית של כוכבי הלכת במערכת השמש על מסלול כדור הארץ.,שנה זו,ש״ז.01,שנה זו,weak,2,שנה זו | שמואל זנוויל (כהנא),substituted,no,3,wikipedia,שנה
ha-03099,ש״ז,"תקופת ניסן שבשנה זו היא תחילת שנת 14 (סימנה ידלוז) במחזור השמש ה-203.ש״ז היא שנת 1,841 לחורבן הבית, ושנת 2,221 לשטרות.",שנה זו,ש״ז.01,שנה זו,weak,2,שנה זו | שמואל זנוויל (כהנא),substituted,no,3,wikipedia,"ה'תר""ע"
ha-03100,ש״ז,"תקופת ניסן שבשנה זו היא תחילת שנת 14 (סימנה ידלוז) במחזור השמש ה-204.ש״ז היא שנת 1,869 לחורבן הבית, ושנת 2,249 לשטרות.",שנה זו,ש״ז.01,שנה זו,weak,2,שנה זו | שמואל זנוויל (כהנא),substituted,no,3,wikipedia,"ה'תרצ""ח"
ha-03101,ש״ח,"מדי שבוע מקבל כל זוג 50 אלף ש""ח לקופה השבועית שלו, אותם יכול להשקיע במשימות של אותו שבוע: משימת גברים ומשימת נשים.",ש.ח.,ש״ח.02,שקל חדש,verified,5,ש.ח. | שקל חדש | שידור חוזר | שומר חינם | שטר חוב,natural,yes,3,wikipedia,Power Couple
ha-03102,ש״ח,"להערכת העותרים מדובר בתשלום בסך כחצי מיליארד ש""ח בגין השנים 2030-2017.",ש.ח.,ש״ח.02,שקל חדש,verified,5,ש.ח. | שקל חדש | שידור חוזר | שומר חינם | שטר חוב,natural,yes,3,wikipedia,לובי 99
ha-03103,ש״ח,"משרד התחבורה אימץ את עמדתנו לפיה אין לאשר חלוקת דיבידנד בהיקף של חצי מיליארד ש""ח, כל עוד לא מבוצעות השקעות מספקות בשיפור השירות.",ש.ח.,ש״ח.02,שקל חדש,verified,5,ש.ח. | שקל חדש | שידור חוזר | שומר חינם | שטר חוב,natural,yes,3,wikipedia,לובי 99
ha-03104,ש״ח,ש״ח הוא מי ששומר על רכוש חברו מבלי להפיק מכך תועלת בצורת שכר או טובת הנאה כלשהי.,שומר חינם,ש״ח.03,שומר חינם,weak,5,ש.ח. | שקל חדש | שידור חוזר | שומר חינם | שטר חוב,substituted,yes,3,wikipedia,שומר חינם
ha-03105,ש״ח,"מידת האחריות המוטלת על ש״ח פחותה ביחס לשומרים אחרים (שומר שכר, שוכר או שואל) אך רמת שמירה בסיסית עדיין נדרשת.",שומר חינם,ש״ח.03,שומר חינם,weak,5,ש.ח. | שקל חדש | שידור חוזר | שומר חינם | שטר חוב,substituted,yes,3,wikipedia,שומר חינם
ha-03106,ש״ח,ש״ח קיבל על עצמו את השמירה ולכן אם הנכס ניזוק הוא נחשב כזה שגרם את הנזק.,שומר חינם,ש״ח.03,שומר חינם,weak,5,ש.ח. | שקל חדש | שידור חוזר | שומר חינם | שטר חוב,substituted,yes,3,wikipedia,שומר חינם
ha-03107,ש״ח,"במשפט העברי, ש״ח הוא מסמך התחייבות עליו חותם אדם הלווה כסף מחברו, ומשמש כראייה לחבותו של הלווה.",שטר חוב,ש״ח.04,שטר חוב,weak,5,ש.ח. | שקל חדש | שידור חוזר | שומר חינם | שטר חוב,substituted,yes,3,wikipedia,שטר חוב (הלכה)
ha-03108,ש״ח,"באותם מקרים, צד לחוזה מעניק לצד שכנגד ש״ח.",שטר חוב,ש״ח.04,שטר חוב,weak,5,ש.ח. | שקל חדש | שידור חוזר | שומר חינם | שטר חוב,substituted,yes,3,wikipedia,שטר חוב
ha-03109,ש״ח,"אחת התעודות, כתובה ארמית, היא ש״ח, הפותח בתאריך: ”בשתה לאדר שנת תלת לגאולת ישראל על ידי שמעון בר כוסבא נשיא ישראל ב...”.",שטר חוב,ש״ח.04,שטר חוב,weak,5,ש.ח. | שקל חדש | שידור חוזר | שומר חינם | שטר חוב,substituted,yes,3,wikipedia,שטר (משפט עברי)
ha-03110,ש״ח,"הצופן נמצא בשימוש במערכות בקרת נעילה מרחוק (ללא מפתח), חלק מטכנולוגיית hopping code (קוד מדלג למניעת ש״ח) בהתקנים כמו NTQ, HCS ו-PIC.",שידור חוזר,ש״ח.05,שידור חוזר,weak,5,ש.ח. | שקל חדש | שידור חוזר | שומר חינם | שטר חוב,substituted,yes,3,wikipedia,KeeLoq
ha-03111,ש״ח,"שנית, במהלך האימות המשתמש חייב לשדר את הסיסמה (או את ערך הגיבוב שלה) במצב קריא, כך שהיא חשופה לציתות, מה שמסייע להאקרים לבצע מה שנקרא ""התקפת ש״ח"" (replay attack).",שידור חוזר,ש״ח.05,שידור חוזר,weak,5,ש.ח. | שקל חדש | שידור חוזר | שומר חינם | שטר חוב,substituted,yes,3,wikipedia,סיסמה חד-פעמית
ha-03112,ש״ח,כדי למנוע התקפת ש״ח רצוי ש- r {\displaystyle r} יהיה חד פעמי לדוגמה מספר סידורי או חותם זמן.,שידור חוזר,ש״ח.05,שידור חוזר,weak,5,ש.ח. | שקל חדש | שידור חוזר | שומר חינם | שטר חוב,substituted,yes,3,wikipedia,סיסמה חד-פעמית
ha-03113,ש״ח,"באפריל 2018 פסק בית המשפט שעובד בתחנת דלק שכינהו ""נאצי"", הצדיע לו במועל יד והתעלם מזימונים למשפט, ישלם לו פיצוי בסך 200 אלף ש״ח.",שקל חדש,ש״ח.01,שקל חדש,verified,5,ש.ח. | שקל חדש | שידור חוזר | שומר חינם | שטר חוב,natural,yes,3,wikipedia,איתמר בן גביר
ha-03114,ש״ח,בית המשפט פסק כי על חמיש לפצות את בן גביר ב־30 אלף ש״ח.,שקל חדש,ש״ח.01,שקל חדש,verified,5,ש.ח. | שקל חדש | שידור חוזר | שומר חינם | שטר חוב,natural,yes,3,wikipedia,איתמר בן גביר
ha-03115,ש״ח,"בן גביר הכחיש את התחקיר, וכשבועיים לאחר שידור התכנית הגיש נגד התוכנית ונגד רוני חן שהתראיינה בה תביעה בסך שני מיליון ש״ח.",שקל חדש,ש״ח.01,שקל חדש,verified,5,ש.ח. | שקל חדש | שידור חוזר | שומר חינם | שטר חוב,natural,yes,3,wikipedia,איתמר בן גביר
ha-03116,ש״ח,"השקל החדש החליף את המטבע הקודם, השקל, לפי שער המרה של 1,000 שקלים = ש״ח אחד.",שקל חדש,ש״ח.01,שקל חדש,weak,5,ש.ח. | שקל חדש | שידור חוזר | שומר חינם | שטר חוב,substituted,yes,3,wikipedia,שקל חדש
ha-03117,ש״ח,זמן קצר אחר כך הונפקו שטרות בערך נקוב של ש״ח אחד.,שקל חדש,ש״ח.01,שקל חדש,weak,5,ש.ח. | שקל חדש | שידור חוזר | שומר חינם | שטר חוב,substituted,yes,3,wikipedia,שקל חדש
ha-03118,ש״ח,"בישראל המטבע החוקי הנוכחי נקרא ש״ח, והוא כולל את שטרות הנייר והמטבעות.",שקל חדש,ש״ח.01,שקל חדש,weak,5,ש.ח. | שקל חדש | שידור חוזר | שומר חינם | שטר חוב,substituted,yes,3,wikipedia,מטבע
ha-03119,ש״ט,חֲלֵב הַלְבִיאָה היא מעשייה נודעת שמקורה במדרש ש״ט וגרסה מעובדת שלה נכנסה לספרו של חיים נחמן ביאליק ״ויהי היום״.,שוחר טוב,ש״ט.01,שוחר טוב,weak,8,שם טוב | שעות טיסה | שנה טובה | שכר טרחה | שוחר טוב | שפע טל | שערי טומאה | שחיק טמיא,substituted,yes,3,wikipedia,חלב הלביאה
ha-03120,ש״ט,כוונתו היא לדברי מדרש ש״ט על פסוקו הראשון של הפרק: ”רבנין פתרי קרא בראש השנה וביום הכיפורים.,שוחר טוב,ש״ט.01,שוחר טוב,weak,8,שם טוב | שעות טיסה | שנה טובה | שכר טרחה | שוחר טוב | שפע טל | שערי טומאה | שחיק טמיא,substituted,yes,3,wikipedia,"תהילים כ""ז"
ha-03121,ש״ט,"אחד הטעמים לאמירת מזמור זה הוא הרמז שכתב מדרש ש״ט על פסוקו הראשון של הפרק – ""אורי"" רומז לראש השנה, ""ישעי"" ליום הכיפורים ו""ממי אירא"" להושענא רבה, או לגרסה אחרת ""כי יצפנני בסוכו"" על חג הסוכות.",שוחר טוב,ש״ט.01,שוחר טוב,weak,8,שם טוב | שעות טיסה | שנה טובה | שכר טרחה | שוחר טוב | שפע טל | שערי טומאה | שחיק טמיא,substituted,yes,3,wikipedia,אלול
ha-03122,ש״ט,"לשמו הוצמד הכינוי ""ש״ט"", שהיה שמור עד זמנו לנבוכדנצר, אספסיאנוס וטראיאנוס.",שחיק טמיא,ש״ט.07,שחיק טמיא,weak,8,שם טוב | שעות טיסה | שנה טובה | שכר טרחה | שוחר טוב | שפע טל | שערי טומאה | שחיק טמיא,substituted,yes,3,wikipedia,אדריאנוס
ha-03123,ש״ט,"הקיסר הרומי אדריאנוס אף זכה לכינוי ""ש״ט"" (יישחקו עצמותיו).",שחיק טמיא,ש״ט.07,שחיק טמיא,weak,8,שם טוב | שעות טיסה | שנה טובה | שכר טרחה | שוחר טוב | שפע טל | שערי טומאה | שחיק טמיא,substituted,yes,3,wikipedia,מוות
ha-03124,ש״ט,"מתן שירות (כנשוא מכירה) עשוי להיחשב לפעולת מכירה, או לחלופין כביצוע עבודה, שתמורתה היא שכר עבודה או ש״ט.",שכר טרחה,ש״ט.02,שכר טרחה,weak,8,שם טוב | שעות טיסה | שנה טובה | שכר טרחה | שוחר טוב | שפע טל | שערי טומאה | שחיק טמיא,substituted,yes,3,wikipedia,מכירה
ha-03125,ש״ט,"נוסף לכך, ניצולי שואה יהיו זכאים לקבל בחזרה ש״ט עודף שכבר שולם.",שכר טרחה,ש״ט.02,שכר טרחה,weak,8,שם טוב | שעות טיסה | שנה טובה | שכר טרחה | שוחר טוב | שפע טל | שערי טומאה | שחיק טמיא,substituted,yes,3,wikipedia,"בג""ץ ידיד נגד הכנסת"
ha-03126,ש״ט,הדברים הללו הובילו לחקיקת תיקון מס׳ 20 לחוק נכי רדיפות נאצים (הגבלת ש״ט).,שכר טרחה,ש״ט.02,שכר טרחה,weak,8,שם טוב | שעות טיסה | שנה טובה | שכר טרחה | שוחר טוב | שפע טל | שערי טומאה | שחיק טמיא,substituted,yes,3,wikipedia,"בג""ץ ידיד נגד הכנסת"
ha-03127,ש״ט,"יהודה ליבס סבור כי הכוונה להמרת הדת ההמונית של יעקב פרנק ותלמידיו, חודשים מספר לפני פטירתו של הבעל ש״ט.",שם טוב,ש״ט.03,שם טוב,weak,8,שם טוב | שעות טיסה | שנה טובה | שכר טרחה | שוחר טוב | שפע טל | שערי טומאה | שחיק טמיא,substituted,yes,3,wikipedia,הבעל שם טוב
ha-03128,ש״ט,"מסורת אחרת מספרת על מינויו של המגיד ממזריטש לתפקיד, על ידי מבחן שערך הבעל ש״ט: כל אחד מתלמידיו נתבקש לומר 'מהי העצה נגד הגאוה'.",שם טוב,ש״ט.03,שם טוב,weak,8,שם טוב | שעות טיסה | שנה טובה | שכר טרחה | שוחר טוב | שפע טל | שערי טומאה | שחיק טמיא,substituted,yes,3,wikipedia,המגיד ממזריטש
ha-03129,ש״ט,לקוטים יקרים - נוסח הנהגות תלמידי הבעל ש״ט.,שם טוב,ש״ט.03,שם טוב,weak,8,שם טוב | שעות טיסה | שנה טובה | שכר טרחה | שוחר טוב | שפע טל | שערי טומאה | שחיק טמיא,substituted,yes,3,wikipedia,המגיד ממזריטש
ha-03130,ש״ט,"מאות בשנים שאגרות ""ש״ט"" בעלות נוסח זה או דומה לזה, נשלחו על ידי היהודים בקהילות היהודיות בכל רחבי תבל בסמוך למועד ראש השנה.",שנה טובה,ש״ט.04,שנה טובה,weak,8,שם טוב | שעות טיסה | שנה טובה | שכר טרחה | שוחר טוב | שפע טל | שערי טומאה | שחיק טמיא,substituted,yes,3,wikipedia,איגרת שנה טובה
ha-03131,ש״ט,"דוד טרטקובר, ש״ט: 101 כרטיסי ברכה לשנה החדשה, ירושלים: כתר, 1978.",שנה טובה,ש״ט.04,שנה טובה,weak,8,שם טוב | שעות טיסה | שנה טובה | שכר טרחה | שוחר טוב | שפע טל | שערי טומאה | שחיק טמיא,substituted,yes,3,wikipedia,איגרת שנה טובה
ha-03132,ש״ט,"לקראת החג ובמהלכו, רבים נוהגים לברך בברכת ""ש״ט"" או ""כתיבה וחתימה טובה"" את מכריהם.",שנה טובה,ש״ט.04,שנה טובה,weak,8,שם טוב | שעות טיסה | שנה טובה | שכר טרחה | שוחר טוב | שפע טל | שערי טומאה | שחיק טמיא,substituted,yes,3,wikipedia,ראש השנה
ha-03133,ש״ט,"להאסבנד היה ותק של למעלה מ-3,800 ש״ט ביותר מ-40 כלי טיס שונים ואף שירת כמדריך טיסה וטייס ניסוי.",שעות טיסה,ש״ט.05,שעות טיסה,weak,8,שם טוב | שעות טיסה | שנה טובה | שכר טרחה | שוחר טוב | שפע טל | שערי טומאה | שחיק טמיא,substituted,yes,3,wikipedia,STS-107
ha-03134,ש״ט,"שירת על שתי נושאות מטוסים ובעל יותר מ-2,800 ש״ט.",שעות טיסה,ש״ט.05,שעות טיסה,weak,8,שם טוב | שעות טיסה | שנה טובה | שכר טרחה | שוחר טוב | שפע טל | שערי טומאה | שחיק טמיא,substituted,yes,3,wikipedia,STS-107
ha-03135,ש״ט,"צבר למעלה מ-1,700 ש״ט בכלי טיס לביצועים גבוהים במהלך שרותו בצי.",שעות טיסה,ש״ט.05,שעות טיסה,weak,8,שם טוב | שעות טיסה | שנה טובה | שכר טרחה | שוחר טוב | שפע טל | שערי טומאה | שחיק טמיא,substituted,yes,3,wikipedia,STS-107
ha-03136,ש״ט,"רבי שבתי שפטל בן עקיבא הלוי הורוביץ, רב, רופא ומקובל מחכמי פראג, מחבר הספר הקבלי ""ש״ט"".",שפע טל,ש״ט.06,שפע טל,weak,8,שם טוב | שעות טיסה | שנה טובה | שכר טרחה | שוחר טוב | שפע טל | שערי טומאה | שחיק טמיא,substituted,yes,3,wikipedia,"ה'שע""ט"
ha-03137,ש״ט,"במערב הגישה היא מצומת הרחובות ש״ט ויציאת מחלף ארלוזורוב, ובצפון-מזרח הגישה היא דרך רחוב גלעד.",שפע טל,ש״ט.06,שפע טל,weak,8,שם טוב | שעות טיסה | שנה טובה | שכר טרחה | שוחר טוב | שפע טל | שערי טומאה | שחיק טמיא,substituted,yes,3,wikipedia,צומת עלית
ha-03138,ש״ט,"משכנה הראשון של האולפנית היה בבית כנסת ""איחוד שיבת ציון"" שברחוב בן-יהודה, ולאחר מכן עברה מספר מקומות וביניהם כיתת לימוד ברחוב ש״ט בתל אביב.",שפע טל,ש״ט.06,שפע טל,weak,8,שם טוב | שעות טיסה | שנה טובה | שכר טרחה | שוחר טוב | שפע טל | שערי טומאה | שחיק טמיא,substituted,yes,3,wikipedia,אולפנית בני עקיבא תל אביב
ha-03139,ש״י,"קבוצת ""דנמרק החופשית"" שהייתה מורכבת מנציגי מפלגות שונות שעסקו בהוצאת עיתונות לא-חוקית, ואף הפעילו ש״י ששימש גם את העיתונות החוקית.",שירות ידיעות,ש״י.02,שירות ידיעות,weak,4,שמואל יוסף (עגנון) | שומרון-יהודה | שירות ידיעות | ש (=השם) ישמרם,substituted,no,3,wikipedia,המחתרת הדנית
ha-03140,ש״י,"תמול שלשום הוא רומן מאת ש""י עגנון שפורסם בשנת 1945.",שמואל יוסף (עגנון),ש״י.01,שמואל יוסף (עגנון),verified,4,שמואל יוסף (עגנון) | שומרון-יהודה | שירות ידיעות | ש (=השם) ישמרם,natural,no,3,wikipedia,תמול שלשום
ha-03141,ש״י,"ככל סיפוריו של ש""י עגנון, ""תמול שלשום"" ממשיך לצאת לאור בהוצאת שוקן.",שמואל יוסף (עגנון),ש״י.01,שמואל יוסף (עגנון),verified,4,שמואל יוסף (עגנון) | שומרון-יהודה | שירות ידיעות | ש (=השם) ישמרם,natural,no,3,wikipedia,תמול שלשום
ha-03142,ש״י,"בעז ערפלי, רב-רומאן: חמישה מאמרים על ""תמול שלשום"" מאת ש""י עגנון, המכון לפואטיקה וסמיוטיקה על שם פורטר, אוניברסיטת תל אביב, הוצאת הקיבוץ המאוחד, 1998.",שמואל יוסף (עגנון),ש״י.01,שמואל יוסף (עגנון),verified,4,שמואל יוסף (עגנון) | שומרון-יהודה | שירות ידיעות | ש (=השם) ישמרם,natural,no,3,wikipedia,תמול שלשום
ha-03143,ש״ל,"בנצרות ובדתות אחרות, המילה המנון משמשת כדי לתאר סוגה של שירים, שבמקור התבססו על השירים בספר תהילים, שמשמשים לפולחן ולהבעת ש״ל או לקדוש מסוים.",שבח לאל,ש״ל.01,שבח לאל,weak,5,שירות לאומי | שושנים לדוד | שבח לאל | 330 (מספר) | שיבולי לקט או שיבולי הלקט,substituted,yes,3,wikipedia,המנון
ha-03144,ש״ל,ברכה זו היא אחת משלוש ברכות השבח שבתחילת תפילת העמידה ועניינה הוא ש״ל על יכולותיו וגבורתו.,שבח לאל,ש״ל.01,שבח לאל,weak,5,שירות לאומי | שושנים לדוד | שבח לאל | 330 (מספר) | שיבולי לקט או שיבולי הלקט,substituted,yes,3,wikipedia,ברכת גבורות
ha-03145,ש״ל,"משמעות השם בעברית היא ""מי כאל"", כלומר ש״ל שאין כמותו.",שבח לאל,ש״ל.01,שבח לאל,weak,5,שירות לאומי | שושנים לדוד | שבח לאל | 330 (מספר) | שיבולי לקט או שיבולי הלקט,substituted,yes,3,wikipedia,מיכאל
ha-03146,ש״ל,"רבי דוד נפטר בשלהי עבודות הבנייה, ובית הכנסת נקרא ""ש״ל"" על שמו.",שושנים לדוד,ש״ל.03,שושנים לדוד,weak,5,שירות לאומי | שושנים לדוד | שבח לאל | 330 (מספר) | שיבולי לקט או שיבולי הלקט,substituted,yes,3,wikipedia,בית הכנסת שושנים לדוד
ha-03147,ש״ל,"התלמוד תורה שכן בבית הכנסת ש״ל בין המלמדים היו הרב רפאל שלמה לניאדו, רבי יצחק מלמד והרב יוסף חיים מועלם, וכונה ""תלמוד תורה הכללי"".",שושנים לדוד,ש״ל.03,שושנים לדוד,weak,5,שירות לאומי | שושנים לדוד | שבח לאל | 330 (מספר) | שיבולי לקט או שיבולי הלקט,substituted,yes,3,wikipedia,בני ציון (תלמוד תורה)
ha-03148,ש״ל,"ש״ל או שירות אזרחי משמש לרוב כשירות תחליפי לשירות צבאי ונעשה לרוב במסגרות חינוכיות, רפואיות או בפעילויות רווחה.",שירות לאומי,ש״ל.02,שירות לאומי,weak,5,שירות לאומי | שושנים לדוד | שבח לאל | 330 (מספר) | שיבולי לקט או שיבולי הלקט,substituted,yes,3,wikipedia,שירות לאומי
ha-03149,ש״ל,חיסכון בתקציב בשל העלות הנמוכה של תקן ש״ל לעומת שכר עובד.,שירות לאומי,ש״ל.02,שירות לאומי,weak,5,שירות לאומי | שושנים לדוד | שבח לאל | 330 (מספר) | שיבולי לקט או שיבולי הלקט,substituted,yes,3,wikipedia,שירות לאומי
ha-03150,ש״ל,"מסלול נוסף וייחודי של ש״ל, נועד לבחורי ישיבות המצהירים כי ""תורתם אומנותם"".",שירות לאומי,ש״ל.02,שירות לאומי,weak,5,שירות לאומי | שושנים לדוד | שבח לאל | 330 (מספר) | שיבולי לקט או שיבולי הלקט,substituted,yes,3,wikipedia,שירות לאומי
ha-03151,ש״מ,ש״מ הוא החלק בשמו של האדם המציין את השתייכותו למשפחתו.,שם משפחה,ש״מ.01,שם משפחה,weak,3,שם משפחה | שמע מינא | תיאור כמות סופית,substituted,no,3,wikipedia,שם משפחה
ha-03152,ש״מ,"בחברות מודרניות רבות אין יותר דרישה ששם המשפחה יצביע במפורש על קשרים משפחתיים, ולהורים ואנשים פרטיים יש זכות לבחור ש״מ לפי רצונם הפרטי.",שם משפחה,ש״מ.01,שם משפחה,weak,3,שם משפחה | שמע מינא | תיאור כמות סופית,substituted,no,3,wikipedia,שם משפחה
ha-03153,ש״מ,ש״מ יהודי מעיד לכאורה על השתייכותו של אדם למשפחה יהודית.,שם משפחה,ש״מ.01,שם משפחה,weak,3,שם משפחה | שמע מינא | תיאור כמות סופית,substituted,no,3,wikipedia,שם משפחה יהודי
ha-03154,ש״ס,"הדרישה ללימוד גברה, ובעקבות כך הודפסו סטים חדשים של ש""ס.",משנה,ש״ס.01,שישה סדרים,verified,8,משנה | תלמוד | תלמוד בבלי | תלמוד ירושלמי | שחר סוויסה | שישה סדרים | שעה סמסטריאלית | שומרי תורה ספרדיים,natural,yes,1,wikipedia,ישיבת וולוז'ין
ha-03155,ש״ס,"בבחירות נבחר מועמד ש""ס יהודה בוטבול שזכה ב־55.3%.",משנה,ש״ס.01,שומרי תורה ספרדיים,verified,8,משנה | תלמוד | תלמוד בבלי | תלמוד ירושלמי | שחר סוויסה | שישה סדרים | שעה סמסטריאלית | שומרי תורה ספרדיים,natural,yes,1,wikipedia,הבחירות לרשויות המקומיות בישראל (2024)
ha-03156,ש״ס,"בבחירות למועצה זכתה ש""ס ב־6 מנדטים, אגודת ישראל ב־4, דגל התורה ב־3, תושבים שווים בראשות יצחק חלה והבית שלנו באלעד בראשות יניב בדלוב במנדט 1 כל אחת.",משנה,ש״ס.01,שומרי תורה ספרדיים,verified,8,משנה | תלמוד | תלמוד בבלי | תלמוד ירושלמי | שחר סוויסה | שישה סדרים | שעה סמסטריאלית | שומרי תורה ספרדיים,natural,yes,1,wikipedia,הבחירות לרשויות המקומיות בישראל (2024)
ha-03157,ש״ס,תצורת דרגות הקצונה דימתה את אלה של הצבא האמריקאי בדרגות סגן־ש״ס ורב־סרן.,משנה,ש״ס.01,משנה,weak,8,משנה | תלמוד | תלמוד בבלי | תלמוד ירושלמי | שחר סוויסה | שישה סדרים | שעה סמסטריאלית | שומרי תורה ספרדיים,substituted,yes,1,wikipedia,"דרגות צה""ל"
ha-03158,ש״ס,"לבסוף, ב־2 בנובמבר 1949 כתב בן-גוריון ביומנו, שתונהג דרגת קצונה בכירה אחת אלוף־ש״ס בלבד.",משנה,ש״ס.01,משנה,weak,8,משנה | תלמוד | תלמוד בבלי | תלמוד ירושלמי | שחר סוויסה | שישה סדרים | שעה סמסטריאלית | שומרי תורה ספרדיים,substituted,yes,1,wikipedia,"דרגות צה""ל"
ha-03159,ש״ס,"בינואר 1950 נוספה דרגת קצונה שמינית בין סגן־אלוף לאלוף: אלוף־ש״ס, אשר נועדה למפקדי חטיבות ולמפקדי שירותים (חילות).",משנה,ש״ס.01,משנה,weak,8,משנה | תלמוד | תלמוד בבלי | תלמוד ירושלמי | שחר סוויסה | שישה סדרים | שעה סמסטריאלית | שומרי תורה ספרדיים,substituted,yes,1,wikipedia,"דרגות צה""ל"
ha-03160,ש״ס,"ב-2006 הוציא סוויסה את אלבום הבכורה שלו, ""ש״ס"", תחת חסותה של חברת התקליטים NMC.",שחר סוויסה,ש״ס.03,שחר סוויסה,weak,8,משנה | תלמוד | תלמוד בבלי | תלמוד ירושלמי | שחר סוויסה | שישה סדרים | שעה סמסטריאלית | שומרי תורה ספרדיים,substituted,yes,1,wikipedia,שחר סוויסה
ha-03161,ש״ס,"באלבום נכללו מספר דואטים, בהם ""פרח השכונות"" עם השחקנית עלמה זק (שהפך לשיר המצליח ביותר מתוך האלבום), ""כלוב של זהב"" עם מירי מסיקה ו""אהבה ראשונה"" עם ש״ס.",שחר סוויסה,ש״ס.03,שחר סוויסה,weak,8,משנה | תלמוד | תלמוד בבלי | תלמוד ירושלמי | שחר סוויסה | שישה סדרים | שעה סמסטריאלית | שומרי תורה ספרדיים,substituted,yes,1,wikipedia,רדיו/מוסיקה/עברית
ha-03162,ש״ס,"ש״ס הוא אלבום הבכורה של המוזיקאי והראפר הישראלי ש״ס, שיצא בשנת 2006 דרך NMC ושבק מיוזיק.",שחר סוויסה,ש״ס.03,שחר סוויסה,weak,8,משנה | תלמוד | תלמוד בבלי | תלמוד ירושלמי | שחר סוויסה | שישה סדרים | שעה סמסטריאלית | שומרי תורה ספרדיים,substituted,yes,1,wikipedia,שחר סוויסה (אלבום)
ha-03163,ש״ס,"התוספתא מסודרת לפי סדר המסכתות במשנה, ולכן היא כוללת ש״ס המחולקים לכ-60 מסכתות.",שישה סדרים,ש״ס.04,שישה סדרים,weak,8,משנה | תלמוד | תלמוד בבלי | תלמוד ירושלמי | שחר סוויסה | שישה סדרים | שעה סמסטריאלית | שומרי תורה ספרדיים,substituted,yes,1,wikipedia,תוספתא
ha-03164,ש״ס,"היא מסודרת לפי סדר המסכתות במשנה, ולכן היא כוללת ש״ס המחולקים לכ-60 מסכתות, ולפרקים (חלוקת הפרקים אינה לפי הפרקים במשנה).",שישה סדרים,ש״ס.04,שישה סדרים,weak,8,משנה | תלמוד | תלמוד בבלי | תלמוד ירושלמי | שחר סוויסה | שישה סדרים | שעה סמסטריאלית | שומרי תורה ספרדיים,substituted,yes,1,wikipedia,"ספרות חז""ל"
ha-03165,ש״ס,"התוספתא מסודרת לפי סדר המסכתות במשנה, וכוללת ש״ס המחולקים לכ-60 מסכתות.",שישה סדרים,ש״ס.04,שישה סדרים,weak,8,משנה | תלמוד | תלמוד בבלי | תלמוד ירושלמי | שחר סוויסה | שישה סדרים | שעה סמסטריאלית | שומרי תורה ספרדיים,substituted,yes,1,wikipedia,ספרות תורנית
ha-03166,ש״ס,"עמד יחד עם הרב איסר זלמן מלצר והרב יצחק אייזיק הרצוג והרב שלמה יוסף זוין בראשות מערכת ש""ס הארצישראלי שהקים הרב מאיר בר-אילן.",תלמוד,ש״ס.02,שומרי תורה ספרדיים,verified,8,משנה | תלמוד | תלמוד בבלי | תלמוד ירושלמי | שחר סוויסה | שישה סדרים | שעה סמסטריאלית | שומרי תורה ספרדיים,natural,yes,1,wikipedia,"יעקב משה חרל""פ"
ha-03167,ש״ס,"המבנה כלל שני בתי מדרש, פורת יוסף ללימוד ש״ס ופוסקים, ועוז והדר ללימוד הקבלה, ו-25 חדרים, וחדר אוכל גדול ומטבח משותף.",תלמוד,ש״ס.02,שישה סדרים,verified,8,משנה | תלמוד | תלמוד בבלי | תלמוד ירושלמי | שחר סוויסה | שישה סדרים | שעה סמסטריאלית | שומרי תורה ספרדיים,natural,yes,1,wikipedia,ישיבת פורת יוסף
ha-03168,ש״ס,"השם ""ש״ס"" מקורו בזמן התנאים ומשמעו לימוד, עיון ופירוש.",תלמוד,ש״ס.02,תלמוד,weak,8,משנה | תלמוד | תלמוד בבלי | תלמוד ירושלמי | שחר סוויסה | שישה סדרים | שעה סמסטריאלית | שומרי תורה ספרדיים,substituted,yes,1,wikipedia,תלמוד
ha-03169,ש״ס,"בתקופת הגאונים החלו להשתמש במונח ""ש״ס"" לציון החיבור עצמו.",תלמוד,ש״ס.02,תלמוד,weak,8,משנה | תלמוד | תלמוד בבלי | תלמוד ירושלמי | שחר סוויסה | שישה סדרים | שעה סמסטריאלית | שומרי תורה ספרדיים,substituted,yes,1,wikipedia,תלמוד בבלי
ha-03170,ש״ס,"כתוצאה מכך, היטשטש ההבדל בין שתי המילים, והשם ""גמרא"" לציון החיבור נעשה שגור בציבור הלומדים המסורתי, בעוד בחוגים האקדמיים מקפידים לכנותו ""ש״ס"".",תלמוד,ש״ס.02,תלמוד,weak,8,משנה | תלמוד | תלמוד בבלי | תלמוד ירושלמי | שחר סוויסה | שישה סדרים | שעה סמסטריאלית | שומרי תורה ספרדיים,substituted,yes,1,wikipedia,תלמוד בבלי
ha-03171,ש״ס,"לימים, חמישה רבנים שלמדו בישיבה ובה הוכשרו לרבנות, הקימו בשנת 1983 את ""מועצת חכמי התורה"" במטרה לשמש כהנהגה הרוחנית של תנועת ש""ס שגם הוקמה באותן השנים.",תלמוד בבלי,ש״ס.06,שומרי תורה ספרדיים,verified,8,משנה | תלמוד | תלמוד בבלי | תלמוד ירושלמי | שחר סוויסה | שישה סדרים | שעה סמסטריאלית | שומרי תורה ספרדיים,natural,yes,1,wikipedia,ישיבת פורת יוסף
ha-03172,ש״ס,"ב-1831 הוציא לאור אפרים משה פינר ""קיצור ש״ס ותלמוד ירושלמי"", שכלל תרגום של קטעים משני התלמודים לגרמנית.",תלמוד בבלי,ש״ס.06,תלמוד בבלי,weak,8,משנה | תלמוד | תלמוד בבלי | תלמוד ירושלמי | שחר סוויסה | שישה סדרים | שעה סמסטריאלית | שומרי תורה ספרדיים,substituted,yes,1,wikipedia,תלמוד בבלי
ha-03173,ש״ס,"ש״ס המאור - ביאור לכל מסכתות הירושלמי עמוד מול עמוד, פירוש ""הבהיר"" המבוסס על פירושי הראשונים והאחרונים, ובסוף כל מסכת ""ביאורי הדף"" - השוואה לתלמוד הבבלי.",תלמוד ירושלמי,ש״ס.05,תלמוד ירושלמי,weak,8,משנה | תלמוד | תלמוד בבלי | תלמוד ירושלמי | שחר סוויסה | שישה סדרים | שעה סמסטריאלית | שומרי תורה ספרדיים,substituted,yes,1,wikipedia,תלמוד ירושלמי
ha-03174,ש״ס,"כמרבית המסכתות בסדר זה, המסכת מופיעה במשנה בלבד ולא נכתב לה תלמוד בבלי אלא ש״ס ותוספתא בלבד.",תלמוד ירושלמי,ש״ס.05,תלמוד ירושלמי,weak,8,משנה | תלמוד | תלמוד בבלי | תלמוד ירושלמי | שחר סוויסה | שישה סדרים | שעה סמסטריאלית | שומרי תורה ספרדיים,substituted,yes,1,wikipedia,מסכת תרומות
ha-03175,ש״ס,"על מסכת זו אין תלמוד בבלי, אלא ש״ס ותוספתא בלבד.",תלמוד ירושלמי,ש״ס.05,תלמוד ירושלמי,weak,8,משנה | תלמוד | תלמוד בבלי | תלמוד ירושלמי | שחר סוויסה | שישה סדרים | שעה סמסטריאלית | שומרי תורה ספרדיים,substituted,yes,1,wikipedia,מסכת שביעית
ha-03176,ש״ע,דוגמה לספרי הלכה שכאלו אשר נכתבו בדורות האחרונים והתקבלו ביהדות אשכנז: ש״ע הרב; חיי אדם וחכמת אדם; ערוך השולחן וקיצור ש״ע.,שולחן ערוך,ש״ע.01,שולחן ערוך,weak,5,שולחן ערוך | שמונה עשרה | שם עצם | שמיני עצרת | שנת-עבודה,substituted,yes,2,wikipedia,שולחן ערוך
ha-03177,ש״ע,"הרב כתב את חיבורו על כל ארבעת חלקי ""ש״ע"".",שולחן ערוך,ש״ע.01,שולחן ערוך,weak,5,שולחן ערוך | שמונה עשרה | שם עצם | שמיני עצרת | שנת-עבודה,substituted,yes,2,wikipedia,שולחן ערוך הרב
ha-03178,ש״ע,"בדורות הראשונים לאחר הדפסתו היה ""ש״ע הרב"" מקור הסמכות ההלכתי עבור כל החסידים, אך בשל מחסור בספרים עברו רבים לפסוק בעיקר לפי המשנה ברורה[דרוש מקור].",שולחן ערוך,ש״ע.01,שולחן ערוך,weak,5,שולחן ערוך | שמונה עשרה | שם עצם | שמיני עצרת | שנת-עבודה,substituted,yes,2,wikipedia,שולחן ערוך הרב
ha-03179,ש״ע,"כך, במשפט: ""דני אכל תפוח"", שם העצם דני יתפקד כנושא המשפט, אולם במשפט ""נורית פגשה את דני"", אותו ש״ע דני, יתפקד כמושא ישיר, משום שהיחסים שהוא מקיים עם הפועל הם אחרים.",שם עצם,ש״ע.02,שם עצם,weak,5,שולחן ערוך | שמונה עשרה | שם עצם | שמיני עצרת | שנת-עבודה,substituted,yes,2,wikipedia,שם עצם
ha-03180,ש״ע,"ש״ע מופשט: ש״ע שאינו מוחשי, כזה שקיים רק במחשבה, כגון רגש או רעיון.",שם עצם,ש״ע.02,שם עצם,weak,5,שולחן ערוך | שמונה עשרה | שם עצם | שמיני עצרת | שנת-עבודה,substituted,yes,2,wikipedia,שם עצם
ha-03181,ש״ע,"כללי/פרטי ש״ע כללי: ש״ע המייצג עצם שלו מופעים רבים, כגון נהר, עיר, שולחן, ילד, יין.",שם עצם,ש״ע.02,שם עצם,weak,5,שולחן ערוך | שמונה עשרה | שם עצם | שמיני עצרת | שנת-עבודה,substituted,yes,2,wikipedia,שם עצם
ha-03182,ש״ע,"התפילה מורכבת משני חלקים, קריאת שמע וברכותיה ותפילת ש״ע.",שמונה עשרה,ש״ע.03,שמונה עשרה,weak,5,שולחן ערוך | שמונה עשרה | שם עצם | שמיני עצרת | שנת-עבודה,substituted,yes,2,wikipedia,תפילת ערבית
ha-03183,ש״ע,"מיד לאחריה, ללא הפסקה, מתחילה החטיבה הבאה (תפילת ש״ע).",שמונה עשרה,ש״ע.03,שמונה עשרה,weak,5,שולחן ערוך | שמונה עשרה | שם עצם | שמיני עצרת | שנת-עבודה,substituted,yes,2,wikipedia,תפילת שחרית
ha-03184,ש״ע,"לפי מנהג יהודי תימן על פי הרב רצאבי, תפילת ש״ע נאמרת ברגלים מפוסקות.",שמונה עשרה,ש״ע.03,שמונה עשרה,weak,5,שולחן ערוך | שמונה עשרה | שם עצם | שמיני עצרת | שנת-עבודה,substituted,yes,2,wikipedia,תפילת שחרית
ha-03185,ש״ע,"לפיכך, ש״ע הוא חג עצמאי עם משמעות דתית נפרדת, הוא מהווה את היום האחרון לקיום נדרים, וקשור בעיקרו לימים הנוראים ולא לרגלים.",שמיני עצרת,ש״ע.04,שמיני עצרת,weak,5,שולחן ערוך | שמונה עשרה | שם עצם | שמיני עצרת | שנת-עבודה,substituted,yes,2,wikipedia,שמיני עצרת
ha-03186,ש״ע,"בארץ ישראל חל באותו יום גם חג שמחת תורה, וזהו השם הפופולרי והמוכר יותר ליום זה, אולם ש״ע אינו חג שמחת תורה.",שמיני עצרת,ש״ע.04,שמיני עצרת,weak,5,שולחן ערוך | שמונה עשרה | שם עצם | שמיני עצרת | שנת-עבודה,substituted,yes,2,wikipedia,שמיני עצרת
ha-03187,ש״ע,"בגלויות, שבהן חוגגים את חג ש״ע במשך יומיים בגלל תקנת יום טוב שני של גלויות, מציינים את שמחת תורה ביום החג השני.",שמיני עצרת,ש״ע.04,שמיני עצרת,weak,5,שולחן ערוך | שמונה עשרה | שם עצם | שמיני עצרת | שנת-עבודה,substituted,yes,2,wikipedia,שמיני עצרת
ha-03188,ש״פ,"שַׁבַּת שִׁירָה היא ש״פ בשלח, שבה מופיעה שירת הים ששרו בני ישראל על נס קריעת ים סוף.",שבת פרשת,ש״פ.01,שבת פרשת,weak,4,שושן פורים | שם פרטי | שבת פרשת | שווה פרוטה,substituted,yes,2,wikipedia,שבת שירה
ha-03189,ש״פ,"ש״פ דברים, השבת שלפני תשעה באב – שבת חזון, על שם ההפטרה.",שבת פרשת,ש״פ.01,שבת פרשת,weak,4,שושן פורים | שם פרטי | שבת פרשת | שווה פרוטה,substituted,yes,2,wikipedia,אב
ha-03190,ש״פ,"ש״פ ואתחנן, השבת שלאחר תשעה באב – שבת נחמו, על שם ההפטרה.",שבת פרשת,ש״פ.01,שבת פרשת,weak,4,שושן פורים | שם פרטי | שבת פרשת | שווה פרוטה,substituted,yes,2,wikipedia,אב
ha-03191,ש״פ,ערך הנמוך מכך לא קיים מבחינה הלכתית (אם כי ניתן לצרף מספר חפצים כאלה על מנת לקבל ערך של ש״פ).,שווה פרוטה,ש״פ.02,שווה פרוטה,weak,4,שושן פורים | שם פרטי | שבת פרשת | שווה פרוטה,substituted,yes,2,wikipedia,פרוטה (מטבע עתיק)
ha-03192,ש״פ,"ולמרות שיש הרבה פירות, מותר לפדותם על ש״פ.",שווה פרוטה,ש״פ.02,שווה פרוטה,weak,4,שושן פורים | שם פרטי | שבת פרשת | שווה פרוטה,substituted,yes,2,wikipedia,נטע רבעי
ha-03193,ש״פ,"בזמן שבית המקדש היה קיים, לכתחילה היה צריך לפדות את קדושת הפירות על פירות או מטבע בשווי הפירות, ורק בדיעבד אם כבר חילל על מטבע או פירות שיש בהם ש״פ, הפדיון חל.",שווה פרוטה,ש״פ.02,שווה פרוטה,weak,4,שושן פורים | שם פרטי | שבת פרשת | שווה פרוטה,substituted,yes,2,wikipedia,פדיון (הלכה)
ha-03194,ש״פ,"ביאורו: בסוג ההפסקה של ""זטו"" (שנים בהן יוצא פורים משולש), במקומות בהם נחגג ש״פ, קוראים בשבת זו למפטיר את הקריאה לפורים (ויבוא עמלק) ובהפטרה קוראים שנית את הפטרת שבת זכור.",שושן פורים,ש״פ.04,שושן פורים,weak,4,שושן פורים | שם פרטי | שבת פרשת | שווה פרוטה,substituted,yes,2,wikipedia,ארבע פרשיות
ha-03195,ש״פ,"ש״פ הוא שם המייחד את הפרט בקרב משפחתו, לעומת שם משפחה אותו חולקים כל בני המשפחה.",שם פרטי,ש״פ.03,שם פרטי,weak,4,שושן פורים | שם פרטי | שבת פרשת | שווה פרוטה,substituted,yes,2,wikipedia,שם פרטי
ha-03196,ש״פ,זכותו של הילד לקבל ש״פ מעוגנת בסעיף 7 של אמנת זכויות הילד וסעיף 8 לאותה אמנה מחייב את המדינה לכבד את זכות הילד לשמו.,שם פרטי,ש״פ.03,שם פרטי,weak,4,שושן פורים | שם פרטי | שבת פרשת | שווה פרוטה,substituted,yes,2,wikipedia,שם פרטי
ha-03197,ש״פ,"באירופה אצל היהודים היה נהוג להצמיד ש״פ נוסף ביידיש ואף בעברית לשמות תנ""כים, על פי הברכה התנ""כית.",שם פרטי,ש״פ.03,שם פרטי,weak,4,שושן פורים | שם פרטי | שבת פרשת | שווה פרוטה,substituted,yes,2,wikipedia,שם פרטי
ha-03198,ש״צ,התפרסם כסופרו של ש״צ ודבק בתורתו גם לאחר התאסלמותו.,שבתאי צבי,ש״צ.03,שבתאי צבי,weak,6,שליח ציבור | שבתאי צבי | שוטר צבאי | שמרהו צורו | שיעבוד צף | שתוק צעיר,substituted,yes,3,wikipedia,שמואל פרימו
ha-03199,ש״צ,"מרבית השבתאים האמינו שבגאולה האחרונה תינתן תורה חדשה, ובביטול כמה מן הדינים על ידי ש״צ ראו את תחילתה של תורה חדשה זו.",שבתאי צבי,ש״צ.03,שבתאי צבי,weak,6,שליח ציבור | שבתאי צבי | שוטר צבאי | שמרהו צורו | שיעבוד צף | שתוק צעיר,substituted,yes,3,wikipedia,שבתאות
ha-03200,ש״צ,"ש״צ רשאי לעצור אזרח שלא במרחב צבאי, אם האזרח והעבירה שבה הוא חשוד נתונים לשיפוט צבאי, או אם האזרח מפריע לפעילות צבאית.",שוטר צבאי,ש״צ.01,שוטר צבאי,weak,6,שליח ציבור | שבתאי צבי | שוטר צבאי | שמרהו צורו | שיעבוד צף | שתוק צעיר,substituted,yes,3,wikipedia,חיל המשטרה הצבאית
ha-03201,ש״צ,"ש״צ רשאי בעת סריקה או ביקורת, לדרוש מכל אדם למסור לו את שמו וכתובתו ולהציג את תעודת הזיהוי או כל מסמך אחר שברשותו ושלפיהם אפשר לזהותו.",שוטר צבאי,ש״צ.01,שוטר צבאי,weak,6,שליח ציבור | שבתאי צבי | שוטר צבאי | שמרהו צורו | שיעבוד צף | שתוק צעיר,substituted,yes,3,wikipedia,חיל המשטרה הצבאית
ha-03202,ש״צ,"נהג חייב לציית לאותות הניתנים על ידי ש״צ במדים, במרחב צבאי ומחוצה לו.",שוטר צבאי,ש״צ.01,שוטר צבאי,weak,6,שליח ציבור | שבתאי צבי | שוטר צבאי | שמרהו צורו | שיעבוד צף | שתוק צעיר,substituted,yes,3,wikipedia,חיל המשטרה הצבאית
ha-03203,ש״צ,"לפי מנהג זה, רווק מתעטף בטלית רק במקרים מיוחדים, כגון ש״צ, עלייה לתורה, או ברכת כהנים.",שליח ציבור,ש״צ.02,שליח ציבור,weak,6,שליח ציבור | שבתאי צבי | שוטר צבאי | שמרהו צורו | שיעבוד צף | שתוק צעיר,substituted,yes,3,wikipedia,רווק
ha-03204,ש״צ,"ש״צ או חזן: תפקידו של שליח הציבור להנחות את הקהל באמצעות תפילה בקול רם, כדי לשמור על אחידות התפילה וכדי להדגיש חלקי שיא או קטעי מעבר.",שליח ציבור,ש״צ.02,שליח ציבור,weak,6,שליח ציבור | שבתאי צבי | שוטר צבאי | שמרהו צורו | שיעבוד צף | שתוק צעיר,substituted,yes,3,wikipedia,בית כנסת
ha-03205,ש״צ,"בנוסף, הוא שימש ש״צ, ומיוחסים לו רבים מניגוני התפילה.",שליח ציבור,ש״צ.02,שליח ציבור,weak,6,שליח ציבור | שבתאי צבי | שוטר צבאי | שמרהו צורו | שיעבוד צף | שתוק צעיר,substituted,yes,3,wikipedia,"מהרי""ל"
ha-03206,ש״ק,"""ש״ק"" של שלמה קאליש מחסידות בעלז ""משוך"" של משה וורצברגר, הופיע באלבום ""לשם שמים"" של יעקב שוואקי ""ויהיו רחמיך"", אלי ביר.",שבת קודש,ש״ק.01,שבת קודש,weak,3,שבת קודש | שליח קודש | שנת קציר,substituted,no,3,wikipedia,יה אכסוף
ha-03207,ש״ש,"ש״ש הוא חיבור הלכתי עיוני מאת אריה־לייב הכהן הלר (הידוע גם כ-הלר, אריה ליב בן יוסף, הכהן, 1745–1812).",שב שמעתתא,ש״ש.02,שב שמעתתא,weak,12,שנה שנייה | שנת שירות | שם שמים | שעות שבועיות | שבת שלום | שומר שכר | שב שמעתתא | שעת שינה | שעות שנתיות | שבועת שוא | שבלת שועל | שירות שקים,substituted,yes,3,wikipedia,שב שמעתתא
ha-03208,ש״ש,"לעומתו סבור הרב אריה לייב הלר מחבר הספר ""ש״ש"" כי הסבר זה אינו נכון, ולדעתו ההבדל בין שני סוגי הרוב נעוץ באופיו הסובייקטיבי או האובייקטיבי.",שב שמעתתא,ש״ש.02,שב שמעתתא,weak,12,שנה שנייה | שנת שירות | שם שמים | שעות שבועיות | שבת שלום | שומר שכר | שב שמעתתא | שעת שינה | שעות שנתיות | שבועת שוא | שבלת שועל | שירות שקים,substituted,yes,3,wikipedia,אין הולכין בממון אחר הרוב
ha-03209,ש״ש,"קיימות כמה אפשרויות המסבירות מדוע רוב הדיינים מכריע גם בדיני ממונות: אפשרות חילוק ראשונה כותב הרב אריה לייב הלר מחבר הספר ""ש״ש"", והוא מתבסס בה על חלוקה בה הוא הסביר את שיטת התוספות.",שב שמעתתא,ש״ש.02,שב שמעתתא,weak,12,שנה שנייה | שנת שירות | שם שמים | שעות שבועיות | שבת שלום | שומר שכר | שב שמעתתא | שעת שינה | שעות שנתיות | שבועת שוא | שבלת שועל | שירות שקים,substituted,yes,3,wikipedia,אין הולכין בממון אחר הרוב
ha-03210,ש״ש,"בשנת 1998 נוסד עלון פרשת השבוע ״ש״ש״ בהוצאת עוז ושלום, בעריכת פינחס לייזר.",שבת שלום,ש״ש.03,שבת שלום,weak,12,שנה שנייה | שנת שירות | שם שמים | שעות שבועיות | שבת שלום | שומר שכר | שב שמעתתא | שעת שינה | שעות שנתיות | שבועת שוא | שבלת שועל | שירות שקים,substituted,yes,3,wikipedia,עוז ושלום - נתיבות שלום
ha-03211,ש״ש,"ב-2010 הנחה את התוכנית ""ש״ש עם גואל פינטו"".",שבת שלום,ש״ש.03,שבת שלום,weak,12,שנה שנייה | שנת שירות | שם שמים | שעות שבועיות | שבת שלום | שומר שכר | שב שמעתתא | שעת שינה | שעות שנתיות | שבועת שוא | שבלת שועל | שירות שקים,substituted,yes,3,wikipedia,גואל פינטו
ha-03212,ש״ש,"לאחר מכן נשמע חיים רומנו אומר ""יאללה איזק, תגיד ש״ש ונלך"", דמות שעונה לו ""רק רגע"" ואז מתחיל השיר ""דבש"".",שבת שלום,ש״ש.03,שבת שלום,weak,12,שנה שנייה | שנת שירות | שם שמים | שעות שבועיות | שבת שלום | שומר שכר | שב שמעתתא | שעת שינה | שעות שנתיות | שבועת שוא | שבלת שועל | שירות שקים,substituted,yes,3,wikipedia,פלונטר (אלבום)
ha-03213,ש״ש,"ש״ש הוא אחד מארבעת השומרים שנזכרו בתורה, ומתייחס למי שקיבל על עצמו לשמור על חפץ של חברו בתשלום והוא אינו עושה בחפץ כל שימוש.",שומר שכר,ש״ש.04,שומר שכר,weak,12,שנה שנייה | שנת שירות | שם שמים | שעות שבועיות | שבת שלום | שומר שכר | שב שמעתתא | שעת שינה | שעות שנתיות | שבועת שוא | שבלת שועל | שירות שקים,substituted,yes,3,wikipedia,שומר שכר
ha-03214,ש״ש,"חכמים פירטו את מאפייניו של ש״ש ומה מידת אחריותו במקרה של הפסד, לעומת שומרים מסוג אחר.",שומר שכר,ש״ש.04,שומר שכר,weak,12,שנה שנייה | שנת שירות | שם שמים | שעות שבועיות | שבת שלום | שומר שכר | שב שמעתתא | שעת שינה | שעות שנתיות | שבועת שוא | שבלת שועל | שירות שקים,substituted,yes,3,wikipedia,שומר שכר
ha-03215,ש״ש,"בכלל תמורה גם מחילת חוב (מי שנמחל לו חוב, נסלח או נשמט חובו), וכן אם שמר בתמורה לטובה שעשו או שיעשו לו – הרי הוא ש״ש.",שומר שכר,ש״ש.04,שומר שכר,weak,12,שנה שנייה | שנת שירות | שם שמים | שעות שבועיות | שבת שלום | שומר שכר | שב שמעתתא | שעת שינה | שעות שנתיות | שבועת שוא | שבלת שועל | שירות שקים,substituted,yes,3,wikipedia,שומר שכר
ha-03216,ש״ש,"אולם, יש סוברים שאיסור ברכה לבטלה הוא איסור עצמאי, שאינו תלוי בהוצאת ש״ש לבטלה.",שם שמים,ש״ש.05,שם שמים,weak,12,שנה שנייה | שנת שירות | שם שמים | שעות שבועיות | שבת שלום | שומר שכר | שב שמעתתא | שעת שינה | שעות שנתיות | שבועת שוא | שבלת שועל | שירות שקים,substituted,yes,3,wikipedia,הוצאת שם שמים לבטלה
ha-03217,ש״ש,"אולם, בשם הגאונים מובא כי יש איסור הזכרת ש״ש לבטלה אפילו על כינויים.",שם שמים,ש״ש.05,שם שמים,weak,12,שנה שנייה | שנת שירות | שם שמים | שעות שבועיות | שבת שלום | שומר שכר | שב שמעתתא | שעת שינה | שעות שנתיות | שבועת שוא | שבלת שועל | שירות שקים,substituted,yes,3,wikipedia,הוצאת שם שמים לבטלה
ha-03218,ש״ש,גם רבי עקיבא איגר כותב שאין איסור הזכרת ש״ש לבטלה בשמות בשפות זרות (אך לדעתו אם מברך בלשון לעז יש בזה ברכה לבטלה).,שם שמים,ש״ש.05,שם שמים,weak,12,שנה שנייה | שנת שירות | שם שמים | שעות שבועיות | שבת שלום | שומר שכר | שב שמעתתא | שעת שינה | שעות שנתיות | שבועת שוא | שבלת שועל | שירות שקים,substituted,yes,3,wikipedia,הוצאת שם שמים לבטלה
ha-03219,ש״ש,"איננה מעוברת, ואורכה 354 ימים.זו ש״ש לשמיטה, ושנת 7 במחזור העיבור ה-301.",שנה שנייה,ש״ש.06,שנה שנייה,weak,12,שנה שנייה | שנת שירות | שם שמים | שעות שבועיות | שבת שלום | שומר שכר | שב שמעתתא | שעת שינה | שעות שנתיות | שבועת שוא | שבלת שועל | שירות שקים,substituted,yes,3,wikipedia,"ה'תש""ז"
ha-03220,ש״ש,"היא מעוברת, ואורכה 385 ימים.זו ש״ש לשמיטה, ושנת 19 במחזור העיבור ה-301.",שנה שנייה,ש״ש.06,שנה שנייה,weak,12,שנה שנייה | שנת שירות | שם שמים | שעות שבועיות | שבת שלום | שומר שכר | שב שמעתתא | שעת שינה | שעות שנתיות | שבועת שוא | שבלת שועל | שירות שקים,substituted,yes,3,wikipedia,"ה'ת""ש"
ha-03221,ש״ש,"איננה מעוברת, ואורכה 355 ימים.זו ש״ש לשמיטה, ושנת 13 במחזור העיבור ה-304.",שנה שנייה,ש״ש.06,שנה שנייה,weak,12,שנה שנייה | שנת שירות | שם שמים | שעות שבועיות | שבת שלום | שומר שכר | שב שמעתתא | שעת שינה | שעות שנתיות | שבועת שוא | שבלת שועל | שירות שקים,substituted,yes,3,wikipedia,"ה'תש""ע"
ha-03222,ש״ש,"9 ש""ש, בעיר תל אביב וקומונה בירושלים המונה 7 ש״ש.",שנת שירות,ש״ש.01,,unverified,12,שנה שנייה | שנת שירות | שם שמים | שעות שבועיות | שבת שלום | שומר שכר | שב שמעתתא | שעת שינה | שעות שנתיות | שבועת שוא | שבלת שועל | שירות שקים,natural,yes,3,wikipedia,הצופים העבריים
ha-03223,ש״ש,"בשנים 2014–2015 היו בישראל כשלושת אלפים מתנדבי ש״ש בכל רחבי המדינה שהתנדבו במסגרות של תנועות הנוער השונות, ארגונים, תנועות התיישבות יהודיות, ועוד.",שנת שירות,ש״ש.01,שנת שירות,weak,12,שנה שנייה | שנת שירות | שם שמים | שעות שבועיות | שבת שלום | שומר שכר | שב שמעתתא | שעת שינה | שעות שנתיות | שבועת שוא | שבלת שועל | שירות שקים,substituted,yes,3,wikipedia,שנת שירות
ha-03224,ש״ש,ש״ש לפני הגיוס מתאפשרת בשל סעיף 36 לחוק שירות הביטחון.,שנת שירות,ש״ש.01,שנת שירות,weak,12,שנה שנייה | שנת שירות | שם שמים | שעות שבועיות | שבת שלום | שומר שכר | שב שמעתתא | שעת שינה | שעות שנתיות | שבועת שוא | שבלת שועל | שירות שקים,substituted,yes,3,wikipedia,שנת שירות
ha-03225,ש״ש,"ש״ש מתמקדת בהתנדבות, זאת בשונה ממכינה קדם-צבאית המתמקדת בדרך־כלל בלמידה וגיבוש זהות ומנהיגות.",שנת שירות,ש״ש.01,שנת שירות,weak,12,שנה שנייה | שנת שירות | שם שמים | שעות שבועיות | שבת שלום | שומר שכר | שב שמעתתא | שעת שינה | שעות שנתיות | שבועת שוא | שבלת שועל | שירות שקים,substituted,yes,3,wikipedia,שנת שירות
ha-03226,ש״ש,"באולפן ראשוני משך הלימודים הוא כחמישה חודשים (25 ש״ש) והעברית נלמדת ברמה המאפשרת קיום שיחה, קריאה והבנה בסיסית של השפה.",שעות שבועיות,ש״ש.07,שעות שבועיות,weak,12,שנה שנייה | שנת שירות | שם שמים | שעות שבועיות | שבת שלום | שומר שכר | שב שמעתתא | שעת שינה | שעות שנתיות | שבועת שוא | שבלת שועל | שירות שקים,substituted,yes,3,wikipedia,אולפן עברית
ha-03227,ש״ש,משך הלימודים באולפן ראשוני הוא כחמישה חודשים (25 ש״ש).,שעות שבועיות,ש״ש.07,שעות שבועיות,weak,12,שנה שנייה | שנת שירות | שם שמים | שעות שבועיות | שבת שלום | שומר שכר | שב שמעתתא | שעת שינה | שעות שנתיות | שבועת שוא | שבלת שועל | שירות שקים,substituted,yes,3,wikipedia,אולפן עברית
ha-03228,ש״ש,"התחנה משדרת למעלה מאלף ש״ש ב-27 שפות, ב-23 מדינות על גבי גלים קצרים, AM ו-FM.",שעות שבועיות,ש״ש.07,שעות שבועיות,weak,12,שנה שנייה | שנת שירות | שם שמים | שעות שבועיות | שבת שלום | שומר שכר | שב שמעתתא | שעת שינה | שעות שנתיות | שבועת שוא | שבלת שועל | שירות שקים,substituted,yes,3,wikipedia,רדיו אירופה החופשית
ha-03229,ש״ש,"במסגרת עבודתה הפרלמנטרית קידמה שורה של מהלכים, ובהם: הגדלת מכסת שעות התרגום לשפת הסימנים ושעות התמלול לאנשים חירשים וכבדי שמיעה מ־45 ל־70 ש״ש במסגרת סל השירותים הממלכתי.",שעות שנתיות,ש״ש.09,שעות שנתיות,weak,12,שנה שנייה | שנת שירות | שם שמים | שעות שבועיות | שבת שלום | שומר שכר | שב שמעתתא | שעת שינה | שעות שנתיות | שבועת שוא | שבלת שועל | שירות שקים,substituted,yes,3,wikipedia,שירלי פינטו קדוש
ha-03230,ש״ש,"לאחר שצוות הקרקע וידא שההעברה בוצעה בהצלחה, חזרו אנשי הצוות לישון, וקיבלו חצי ש״ש נוספת כפיצוי על ההשכמה הלא מתוכננת.",שעת שינה,ש״ש.08,שעת שינה,weak,12,שנה שנייה | שנת שירות | שם שמים | שעות שבועיות | שבת שלום | שומר שכר | שב שמעתתא | שעת שינה | שעות שנתיות | שבועת שוא | שבלת שועל | שירות שקים,substituted,yes,3,wikipedia,STS-135
ha-03231,ש״ש,"הסדרה מיועדת לילדים ומבוססת על מצבים מחיי היומיום כמו מריבות בין אחים, גמילה מחיתולים, ש״ש או שימוש במסכים.",שעת שינה,ש״ש.08,שעת שינה,weak,12,שנה שנייה | שנת שירות | שם שמים | שעות שבועיות | שבת שלום | שומר שכר | שב שמעתתא | שעת שינה | שעות שנתיות | שבועת שוא | שבלת שועל | שירות שקים,substituted,yes,3,wikipedia,מיכל דליות
ha-03232,ש״ש,"נראה כי מדיניות ""שעת האפס"" המונהגת בבתי הספר התיכוניים ברחבי הארץ גורמת לאיבוד ש״ש נוספת, החשובה להתפתחותם התקינה של מתבגרים.",שעת שינה,ש״ש.08,שעת שינה,weak,12,שנה שנייה | שנת שירות | שם שמים | שעות שבועיות | שבת שלום | שומר שכר | שב שמעתתא | שעת שינה | שעות שנתיות | שבועת שוא | שבלת שועל | שירות שקים,substituted,yes,3,wikipedia,שעון ביולוגי
ha-03233,ש״ת,"""שבת שובה"" (או ""ש״ת""), השבת בין ראש השנה ליום כיפור.",שבת תשובה,ש״ת.02,שבת תשובה,weak,3,שמחת תורה | שבת תשובה | שה תמים,substituted,yes,3,wikipedia,ימים נוראים
ha-03234,ש״ת,"יש הקוראים לה ש״ת, על שם היותה השבת שבתוך עשרת ימי תשובה.",שבת תשובה,ש״ת.02,שבת תשובה,weak,3,שמחת תורה | שבת תשובה | שה תמים,substituted,yes,3,wikipedia,שבת
ha-03235,ש״ת,"לאחר שהם מתחילים לצאת הוא מתגלה כצבוע המעמיד פני ש״ת וטהור כשלמעשה הוא כלל לא בתול (וזאת חרף הכבוד שהוא ובמיוחד אמו רוכשים לשמירת הבתולין עד החתונה, והציפייה המרומזת מאסתר להיות כזאת).",שה תמים,ש״ת.03,שה תמים,weak,3,שמחת תורה | שבת תשובה | שה תמים,substituted,yes,3,wikipedia,פעמון הזכוכית
ha-03236,ש״ת,"עם התפשטותו של מנהג בבל בעולם היהודי כולו, ואף בארץ ישראל, התפשט גם מנהג חגיגות ש״ת, והתקבע בשמיני עצרת או ביום טוב שני שלו.",שמחת תורה,ש״ת.01,שמחת תורה,weak,3,שמחת תורה | שבת תשובה | שה תמים,substituted,yes,3,wikipedia,שמחת תורה
ha-03237,ש״ת,"קיימת אמנם תשובה המיוחסת לאחד הגאונים ובה מופיע הביטוי ""יום ש״ת"" אבל ככל הנראה נוסח זה הוא תוספת מאוחרת לחיבור המקורי.",שמחת תורה,ש״ת.01,שמחת תורה,weak,3,שמחת תורה | שבת תשובה | שה תמים,substituted,yes,3,wikipedia,שמחת תורה
ha-03238,ש״ת,"השם ""ש״ת"" מופיע בספר החילוקים מתחילת המאה השמינית כתיאור לשמחה שעשו בגמר קריאת ספר התורה, שם נאמר שבני בבל עושים ש״ת בחג הסוכות.",שמחת תורה,ש״ת.01,שמחת תורה,weak,3,שמחת תורה | שבת תשובה | שה תמים,substituted,yes,3,wikipedia,שמחת תורה
ha-03239,תא״מ,מחלקת ההגנה של ארצות הברית הוציא לאור את MIL-STD-461 בשנת 1967 כדי לשלב תא״מ בשלב המחקר והפיתוח של טכנולוגיית תקשורת ביטחונית.,תאימות אלקטרומגנטית,תא״מ.01,תאימות אלקטרומגנטית,weak,2,תאימות אלקטרומגנטית | תיק אזרחי בסדר דין מהיר,substituted,no,3,wikipedia,MIL-STD-461
ha-03240,תא״מ,בדורות האחרונים של הטכנולוגיה הוגברה ההקפדה על תא״מ ופליטת גלי הרדיו ירדה לרמה זניחה.,תאימות אלקטרומגנטית,תא״מ.01,תאימות אלקטרומגנטית,weak,2,תאימות אלקטרומגנטית | תיק אזרחי בסדר דין מהיר,substituted,no,3,wikipedia,שפופרת קרן קתודית (התקן תצוגה)
ha-03241,תא״מ,"זוהי גם הגדרה המשמשת מינהלי תדרים לשם הקצאות תדרים והקצאת ערוצי תדר לתחנות רדיו או למערכות, וכן לניתוח תא״מ בין שירותי רדיו שונים.",תאימות אלקטרומגנטית,תא״מ.01,תאימות אלקטרומגנטית,weak,2,תאימות אלקטרומגנטית | תיק אזרחי בסדר דין מהיר,substituted,no,3,wikipedia,הפרעה אלקטרומגנטית
ha-03242,תו״ח,ישיבת תו״ח הייתה ישיבה בעיר העתיקה בירושלים.,תורת חיים,תו״ח.01,תורת חיים,weak,5,תורת חיים | תורת חטאת | תוספות חדשים | תורת חיים על התורה מרבי חיים הגר | תורת חיים על התלמוד מרבי אברהם חיים שור,substituted,no,3,wikipedia,ישיבת תורת חיים
ha-03243,תו״ח,המלגות שנתנו אז ללומדים בישיבת תו״ח היו גבוהות מבישיבות האחרות וקבוצת לומדים מבחירי ישיבת עץ חיים עברו לישיבת תו״ח.,תורת חיים,תו״ח.01,תורת חיים,weak,5,תורת חיים | תורת חטאת | תוספות חדשים | תורת חיים על התורה מרבי חיים הגר | תורת חיים על התלמוד מרבי אברהם חיים שור,substituted,no,3,wikipedia,ישיבת תורת חיים
ha-03244,תו״ח,"אל התביעה הצטרפה אגודת ""בני הישיבה תו״ח"" אותה ייצג משה זמורה.",תורת חיים,תו״ח.01,תורת חיים,weak,5,תורת חיים | תורת חטאת | תוספות חדשים | תורת חיים על התורה מרבי חיים הגר | תורת חיים על התלמוד מרבי אברהם חיים שור,substituted,no,3,wikipedia,ישיבת תורת חיים
ha-03245,תו״ל,"תו״ל או כוונה טובה (בלטינית: bona fide) הוא מצב רוחני ומוסרי של הגינות ויושר, וכן עיקרון בתחום המשפט.",תום לב,תו״ל.01,תום לב,weak,2,תורת לחימה | תום לב,substituted,yes,3,wikipedia,תום לב
ha-03246,תו״ל,"במשפט העברי נתפס המונח ""תו״ל"" קודם כל כמידה מוסרית, ולא ככלל משפטי שהפרתו מזכה את הצד הנפגע בסעדים משפטיים.",תום לב,תו״ל.01,תום לב,weak,2,תורת לחימה | תום לב,substituted,yes,3,wikipedia,תום לב
ha-03247,תו״ל,"במצב זה, בית המשפט יתקשה לבחון אם התנהלותו של האיש הייתה נגועה בחוסר תו״ל או לא.",תום לב,תו״ל.01,תום לב,weak,2,תורת לחימה | תום לב,substituted,yes,3,wikipedia,תום לב
ha-03248,תו״ל,"בין השאר, תו״ל של מדינות חסות מושפעת רבות מזו של בוני צבא מדינת החסות (לרוב – המדינה נותנת החסות).",תורת לחימה,תו״ל.02,תורת לחימה,weak,2,תורת לחימה | תום לב,substituted,yes,3,wikipedia,תורת לחימה
ha-03249,תו״ל,"לדוגמה, לסוריה הייתה במשך שנים רבות תו״ל שהתמקדה בהגנה לעומק, שעל פיה מוקמו כוחות גדולים בעלי הכשרה נמוכה על קו הגבול עם ישראל, וברצועות ההגנה הפנימיות יותר הוצבו כוחות בעלי הכשרה גבוהה יותר.",תורת לחימה,תו״ל.02,תורת לחימה,weak,2,תורת לחימה | תום לב,substituted,yes,3,wikipedia,תורת לחימה
ha-03250,תו״ל,"הפצצה טקטית היא תו״ל אווירית התקפית העושה שימוש במטוסי קרב, מטוסי קרב-הפצצה או מסוקי קרב כדי להשיג יתרון טקטי בשדה הקרב (בעיקר כ""ארטילריה מוטסת"").",תורת לחימה,תו״ל.02,תורת לחימה,weak,2,תורת לחימה | תום לב,substituted,yes,3,wikipedia,הפצצה טקטית
ha-03251,תו״מ,"בפרשה זו ממשיך משה בנאום המרכזי בחומש דברים, הקורא לעם ישראל לשמור תו״מ ולהתיישב בארץ ישראל.",תורה ומצוות,תו״מ.01,תורה ומצוות,weak,3,תורה ומצוות | תרומות ומעשרות | תכף ומיד,substituted,yes,3,wikipedia,פרשת שופטים
ha-03252,תו״מ,"הספר מעמיד במרכזו את העבודה על תיקון המידות, דהיינו על תכונות האדם והנהגותיו, כבסיס לחיי תו״מ.",תורה ומצוות,תו״מ.01,תורה ומצוות,weak,3,תורה ומצוות | תרומות ומעשרות | תכף ומיד,substituted,yes,3,wikipedia,אורחות צדיקים
ha-03253,תו״מ,"פרס עמינח הוא פרס ספרותי המוענק מדי שנה ליוצרים, לסופרים, לחוקרים ולמשוררים בתחומים הנושקים לעולם הציונות הדתית על כלל היבטיו (תו״מ, ציונות, חלוציות, תורה ועבודה וכדומה).",תורה ומצוות,תו״מ.01,תורה ומצוות,weak,3,תורה ומצוות | תרומות ומעשרות | תכף ומיד,substituted,yes,3,wikipedia,פרס עמינח
ha-03254,תו״מ,"סוללות החוף והקורבטות העות'מאניות שהוצבו בפתח המפרץ לא עשו כל ניסיון למנוע את כניסתם, אך אל קודרינגטון הגיע שליח מאת מוחארם ביי ובפיו הודעה, כי לא ניתנה לו הרשות להיכנס למפרץ ולכן עליו לעזוב תו״מ.",תכף ומיד,תו״מ.03,תכף ומיד,weak,3,תורה ומצוות | תרומות ומעשרות | תכף ומיד,substituted,yes,3,wikipedia,קרב נאווארינו
ha-03255,תו״מ,"תו״מ הם קבוצת מצוות מהתורה המצריכות הפרשת חלקים מהיבול בארץ ישראל לטובת הכהנים, הלוויים, העניים ואף לצורך אכילה עצמית בטהרה בירושלים.",תרומות ומעשרות,תו״מ.02,תרומות ומעשרות,weak,3,תורה ומצוות | תרומות ומעשרות | תכף ומיד,substituted,yes,3,wikipedia,תרומות ומעשרות
ha-03256,תו״מ,"אף שמדובר במצוות מדאורייתא, קיימת מחלוקת בין הראשונים האם, כיום, כשאין ""רוב יושביה עליה"" היינו כשרוב עם ישראל אינו בארץ ישראל, חיוב תו״מ הוא מדאורייתא או רק מדרבנן.",תרומות ומעשרות,תו״מ.02,תרומות ומעשרות,weak,3,תורה ומצוות | תרומות ומעשרות | תכף ומיד,substituted,yes,3,wikipedia,תרומות ומעשרות
ha-03257,תו״מ,הפרשת תו״מ הכרחית לכשרות המאכל ולכן נטבעו מונחים שונים כדי להגדיר מזון ביחס לנושא זה: טבל - יבול אשר לא הופרשו ממנו תו״מ או חלק מהן והוא אסור באכילה.,תרומות ומעשרות,תו״מ.02,תרומות ומעשרות,weak,3,תורה ומצוות | תרומות ומעשרות | תכף ומיד,substituted,yes,3,wikipedia,תרומות ומעשרות
ha-03258,תו״ת,"בשנים 1985–1986 הורחבו ענפים למחלקות חדשות: מחלקת אימונים, מחלקת כוח אדם ובקרה ומחלקת תו״ת.",תכנון ותקציבים,תו״ת.01,תכנון ותקציבים,weak,2,תכנון ותקציבים | תדפיסים ותמונות,substituted,no,3,wikipedia,זרוע היבשה
ha-03259,תמ״א,"בתקופה זו יזמה את תמ""א 28 (תחנת ממסר לשידורי ""קול אמריקה"" בערבה) ואת תמ""א 31 – תוכנית חדשנית לבנייה, פיתוח וקליטת העלייה מברית המועצות לשעבר.",תוכנית מתאר ארצית,תמ״א.01,תוכנית מתאר ארצית,verified,2,תוכנית מתאר ארצית | תוספת מכסת אחוזים,natural,no,3,wikipedia,דינה רצ'בסקי
ha-03260,תמ״א,"בתקופתה הוכנו שש תוכניות מתאר מחוזיות מעודכנות, ששימשו תשתית ישירה להכנתה של תמ""א 35, שאושרה מאוחר יותר בשנת 2005.",תוכנית מתאר ארצית,תמ״א.01,תוכנית מתאר ארצית,verified,2,תוכנית מתאר ארצית | תוספת מכסת אחוזים,natural,no,3,wikipedia,דינה רצ'בסקי
ha-03261,תמ״א,הוראות תמ״א על־פי חוק התכנון והבנייה הן: ייעוד הקרקע ושימושה תוך שמירה על ייעוד חקלאי של קרקעות המתאימות לכך.,תוכנית מתאר ארצית,תמ״א.01,תוכנית מתאר ארצית,weak,2,תוכנית מתאר ארצית | תוספת מכסת אחוזים,substituted,no,3,wikipedia,תוכנית מתאר ארצית
ha-03262,תמ״א,תמ״א מוגשת על ידי המועצה הארצית לתכנון ובנייה לממשלת ישראל שאחראית על אישורה.,תוכנית מתאר ארצית,תמ״א.01,תוכנית מתאר ארצית,weak,2,תוכנית מתאר ארצית | תוספת מכסת אחוזים,substituted,no,3,wikipedia,תכנון ובנייה בישראל
ha-03263,תמ״א,"כאשר נערכת ומאושרת תמ״א, בוחן מוסד התכנון הרלוונטי את תוכניות המתאר הארציות החלות, ולפיהן הוא יודע אילו הגבלות חלות על הכנת תוכנית המתאר המחוזית.",תוכנית מתאר ארצית,תמ״א.01,תוכנית מתאר ארצית,weak,2,תוכנית מתאר ארצית | תוספת מכסת אחוזים,substituted,no,3,wikipedia,תכנון ובנייה בישראל
ha-03264,תמ״ג,שתי התופעות האלו - הטיה ונקיפה - מכונות תמ״ג.,תהודה מגנטית גרעינית,תמ״ג.02,תהודה מגנטית גרעינית,weak,2,תהודה מגנטית גרעינית | תוצר מקומי גולמי,substituted,yes,3,wikipedia,תהודה מגנטית גרעינית
ha-03265,תמ״ג,"העיקרון הפיזיקלי של תמ״ג הוא הבסיס להדמיית תהודה מגנטית, המשמשת ברפואה לצורכי אבחון.",תהודה מגנטית גרעינית,תמ״ג.02,תהודה מגנטית גרעינית,weak,2,תהודה מגנטית גרעינית | תוצר מקומי גולמי,substituted,yes,3,wikipedia,תהודה מגנטית גרעינית
ha-03266,תמ״ג,"לקבוצת הפניל בליעה בספקטרוסקופיית תמ״ג של גרעיני מימן (1H-NMR), בשדה נמוך של 7.7ppm.",תהודה מגנטית גרעינית,תמ״ג.02,תהודה מגנטית גרעינית,weak,2,תהודה מגנטית גרעינית | תוצר מקומי גולמי,substituted,yes,3,wikipedia,פניל
ha-03267,תמ״ג,"הסקר מתבסס על פרמטרים כמו תמ״ג לנפש, חינוך, תוחלת חיים ושחיתות.",תוצר מקומי גולמי,תמ״ג.01,תוצר מקומי גולמי,verified,2,תהודה מגנטית גרעינית | תוצר מקומי גולמי,natural,yes,3,wikipedia,"דו""ח האושר העולמי"
ha-03268,תמ״ג,"מאקרו-כלכלה היא ענף כלכלה העוסק בחקר המשק כולו, ובוחן תופעות כלכליות רחבות כגון גאות ושפל מחזוריים, תמ״ג, תעסוקה ואבטלה, שינויים ברמת המחירים, מאזן התשלומים וצמיחה כלכלית.",תוצר מקומי גולמי,תמ״ג.01,תוצר מקומי גולמי,weak,2,תהודה מגנטית גרעינית | תוצר מקומי גולמי,substituted,yes,3,wikipedia,מקרו-כלכלה
ha-03269,תמ״ג,"מאז הצטמצם השימוש בו וכיום נעשה שימוש בעיקר בנתוני תמ״ג, המחושבים באופן דומה אך כוללים רק פעילות פנים-מדינתית, ללא הכנסות מגורם של אותה מדינה הפועל מחוץ לה.",תוצר מקומי גולמי,תמ״ג.01,תוצר מקומי גולמי,weak,2,תהודה מגנטית גרעינית | תוצר מקומי גולמי,substituted,yes,3,wikipedia,תוצר לאומי גולמי
ha-03270,תמ״ג,"תפקידיו העיקריים של המכון הם: פרסום נתונים דמוגרפיים וכן שינויים דמוגרפיים וניתוחים של הדמוגרפיה של צרפת מדידת אינדיקטורים כלכליים כמו תמ״ג, אחוז אבטלה, אחוז מועסקים, מידת העוני ועוד.",תוצר מקומי גולמי,תמ״ג.01,תוצר מקומי גולמי,weak,2,תהודה מגנטית גרעינית | תוצר מקומי גולמי,substituted,yes,3,wikipedia,INSEE
ha-03271,תמ״ר,"שלשול שאיננו כואב או עצירות כשלעצמה אינם עונים על הגדרת התסמונת, כלומר יש צורך בכאב בטן או חוסר נוחות ממשית לצורך קיום תמ״ר.",תסמונת המעי הרגיז,תמ״ר.01,תסמונת המעי הרגיז,weak,2,תסמונת המעי הרגיז | תיק מרכז רפואי,substituted,no,3,wikipedia,תסמונת המעי הרגיז
ha-03272,תמ״ר,שינויים בהרגלי היציאות הם התסמינים העקביים ביותר אצל חולים עם תמ״ר.,תסמונת המעי הרגיז,תמ״ר.01,תסמונת המעי הרגיז,weak,2,תסמונת המעי הרגיז | תיק מרכז רפואי,substituted,no,3,wikipedia,תסמונת המעי הרגיז
ha-03273,תמ״ר,"ייתכן שפעילות מופחתת או לקויה של עצב הוואגוס יכולה להוביל לירידה ביכולת לווסת תחושות כאב, ירידה בתנועתיות במעי, לתרום להחמרה בסנסיטצזיה המרכזית ולהעצים תחושת כאב בחולי תמ״ר.",תסמונת המעי הרגיז,תמ״ר.01,תסמונת המעי הרגיז,weak,2,תסמונת המעי הרגיז | תיק מרכז רפואי,substituted,no,3,wikipedia,תסמונת המעי הרגיז
ha-03274,תמ״ש,"לכל משפחה יש מלווה מטעם המנהלה, המרכז את מעטפת הטיפול האישית המותאמת לה, מנהל תמ״ש ואת גורמי המקצוע הרלוונטיים העובדים מולה.",תיק משפחה,תמ״ש.02,תיק משפחה,weak,2,תיק משפטי | תיק משפחה,substituted,no,3,wikipedia,"מנהלת החטופים, הנעדרים, השבים ובני משפחותיהם"
ha-03275,תמ״ש,תמ״ש הוא קובץ המסמכים הנאסף בבית משפט או בבית דין והמלווה הליך משפטי.,תיק משפטי,תמ״ש.01,תיק משפטי,weak,2,תיק משפטי | תיק משפחה,substituted,no,3,wikipedia,תיק משפטי
ha-03276,תמ״ש,"תמ״ש נוצר כאשר אחד הצדדים פותח בהליך משפטי, כגון תובענה או המרצת פתיחה, במטרה לבקש מהרשות השיפוטית סעד מסוג כלשהו.",תיק משפטי,תמ״ש.01,תיק משפטי,weak,2,תיק משפטי | תיק משפחה,substituted,no,3,wikipedia,תיק משפטי
ha-03277,תמ״ש,"ב-1875 התפטר ויליאמס מתפקידו כתובע הכללי על רקע המחלוקת על התשלומים שקיבלה לכאורה אשתו מחברת הסחר ""פראט ובוייד"" כדי שהוא יסגור תמ״ש שנוהל נגדם במחלקת המשפטים.",תיק משפטי,תמ״ש.01,תיק משפטי,weak,2,תיק משפטי | תיק משפחה,substituted,no,3,wikipedia,ג'ורג' הנרי ויליאמס
ha-03278,תע״ל,"כיום ניתן למצוא מערכות תע״ל לא רק במטוסי קרב, אלא גם במסוקי קרב, מטוסי תובלה ונוסעים, ובמכוניות (כמו בקדילאק Imaj).",תצוגה עילית,תע״ל.01,תצוגה עילית,weak,2,תצוגה עילית | תנועה ערבית להתחדשות,substituted,no,3,wikipedia,תצוגה עילית
ha-03279,תע״ל,"במשך העשור האחרון, שולבו גם כוונות קסדה מתקדמות, כאשר הקרנת הנתונים הווירטואלית מתבצעת באמצעות משקף הקסדה ולא באמצעות ""תע״ל"".",תצוגה עילית,תע״ל.01,תצוגה עילית,weak,2,תצוגה עילית | תנועה ערבית להתחדשות,substituted,no,3,wikipedia,מציאות רבודה
ha-03280,תע״ל,"ברוב היישומים, הדיוק הזוויתי בשיטה זו פחות טוב מאשר בעת ההצגה על גבי תע״ל ויתרון השיטה הוא בעיקר בעובדה שהיא מאפשרת תצוגה כמעט כדורית, ולכן יכולה לתמוך בהרבה יותר מצבי ירי.",תצוגה עילית,תע״ל.01,תצוגה עילית,weak,2,תצוגה עילית | תנועה ערבית להתחדשות,substituted,no,3,wikipedia,מציאות רבודה
ha-03281,תע״ס,"בשנים 1926–1928 שהה בלונדון, שם חיבר את חיבורו המקיף ""תע״ס"" (פנים מאירות ופנים מסבירות) על הספר ""עץ חיים"".",תלמוד עשר הספירות,תע״ס.01,תלמוד עשר הספירות,weak,2,תלמוד עשר הספירות | תקנון עבודה סוציאלית,substituted,no,3,wikipedia,יהודה לייב הלוי אשלג
ha-03282,תע״צ,"אנשי עירו באו לפניו וביקשו ממנו שיגזור תע״צ, כדי שתפילתם ותעניתם של כל אנשי העיר תגרום לירידת הגשמים.",תענית ציבור,תע״צ.01,תענית ציבור,weak,2,תענית ציבור | תעודת עובד ציבור,substituted,no,3,wikipedia,רבי תנחומא
ha-03283,תפ״א,תפ״א יכול גם כן לייצר חשמל אך בנצילות נמוכה מאוד.,תא פוטואלקטרי,תפ״א.01,תא פוטואלקטרי,weak,2,תפוח אדמה | תא פוטואלקטרי,substituted,yes,3,wikipedia,תא פוטו-וולטאי
ha-03284,תפ״א,"בחיישן, כל תפ״א רגיש לאור – ככל שיותר אור פוגע בתא, כך המטען החשמלי שייוצר בו יהיה גדול יותר.",תא פוטואלקטרי,תפ״א.01,תא פוטואלקטרי,weak,2,תפוח אדמה | תא פוטואלקטרי,substituted,yes,3,wikipedia,צילום דיגיטלי
ha-03285,תפ״א,רוטציה דרך אחרת לקלוט את כל שלושת צבעי היסוד מתמונה אחת היא להציב באופן זמני מסנן שונה מעל כל תפ״א.,תא פוטואלקטרי,תפ״א.01,תא פוטואלקטרי,weak,2,תפוח אדמה | תא פוטואלקטרי,substituted,yes,3,wikipedia,צילום דיגיטלי
ha-03286,תפ״א,"תפ״א מדורג במקום הרביעי ברשימת הגידולים הנצרכים ביותר בעולם אחרי אורז, חיטה ותירס.",תפוח אדמה,תפ״א.02,תפוח אדמה,weak,2,תפוח אדמה | תא פוטואלקטרי,substituted,yes,3,wikipedia,תפוח אדמה
ha-03287,תפ״א,"אבותיו של תפוח האדמה הכילו, כנראה, את הגן לרעלן סולנין, אשר אבד ממנו במהלך תרבותו או שמראש נברר תפ״א עם סולנין נמוך.",תפוח אדמה,תפ״א.02,תפוח אדמה,weak,2,תפוח אדמה | תא פוטואלקטרי,substituted,yes,3,wikipedia,תפוח אדמה
ha-03288,תפ״א,"מכיוון שזנים שונים של תפ״א לא מפיקים זרעים (פרחיהם עקרים), מרבים את תפוח האדמה על ידי שתילת חתיכות של פקעות קיימות, שנחתכו כך שיכילו לפחות ""עין"" אחת בכל חתיכה.",תפוח אדמה,תפ״א.02,תפוח אדמה,weak,2,תפוח אדמה | תא פוטואלקטרי,substituted,yes,3,wikipedia,תפוח אדמה
ha-03289,תצ״א,"אחת הדרכים להתגבר על עיוותים אלה היא באמצעות הפיכתם לאורתופוטו, תצ״א מיושר שהעיוותים הוסרו ממנו.",תצלום אוויר,תצ״א.01,תצלום אוויר,weak,2,תצלום אוויר | תיאוריית צו אלוהי (divine command theory),substituted,no,3,wikipedia,צילום אוויר
ha-03290,תצ״א,"בדרך כלל, לכל תצ״א מוצמד מידע נלווה (meta-data) המוטבע על גבי התמונה או נרשם בקובץ נתונים נלווה.",תצלום אוויר,תצ״א.01,תצלום אוויר,weak,2,תצלום אוויר | תיאוריית צו אלוהי (divine command theory),substituted,no,3,wikipedia,צילום אוויר
ha-03291,תצ״א,"גלובוס (כדור בלטינית) הוא דגם כדורי של כדור הארץ, כוכבי לכת או ירחים שעליו מודפסת או מודבקת מפה או תצ״א.",תצלום אוויר,תצ״א.01,תצלום אוויר,weak,2,תצלום אוויר | תיאוריית צו אלוהי (divine command theory),substituted,no,3,wikipedia,גלובוס
ha-03292,תת״מ,כאשר הממאירות אינה מטופלת לאורך זמן אנו נראה הגדלה של גלגל העין עקב תת״מ שיוצר הגידול.,תהליך תופס מקום,תת״מ.01,תהליך תופס מקום,weak,2,תת משקל | תהליך תופס מקום,substituted,no,3,wikipedia,רטינובלסטומה
ha-03293,תת״מ,"בעיות נוספות שעלולות להיות הן בעיות הורמונליות של הגבר, מתחים נפשיים, עודף או תת״מ ותת תזונה, דלקות, נזק מולד, וקנדידה.",תת משקל,תת״מ.02,תת משקל,weak,2,תת משקל | תהליך תופס מקום,substituted,no,3,wikipedia,אי-פוריות
ha-03294,ת״א,ת״א היא תחבושת עבה בעלת רצועות בד היוצאות ממנה.,תחבושת אישית,ת״א.02,תחבושת אישית,weak,7,תל אביב | תפוח אדמה | תרגום אונקלוס | תיק אזרחי | תחבושת אישית | מדדים של הבורסה לניירות ערך בתל אביב | תכנית אימונים,substituted,yes,1,wikipedia,תחבושת אישית
ha-03295,ת״א,"דימום מהמפשעה, הישבן והצוואר ניתן לעצור באמצעות הצמדת ת״א ולחיצה על האזור (נקודות מיוחדות).",תחבושת אישית,ת״א.02,תחבושת אישית,weak,7,תל אביב | תפוח אדמה | תרגום אונקלוס | תיק אזרחי | תחבושת אישית | מדדים של הבורסה לניירות ערך בתל אביב | תכנית אימונים,substituted,yes,1,wikipedia,חבישה
ha-03296,ת״א,בתנאי שטח ניתן להשתמש בגאזה או ת״א ולאטום בשכבה נוספת.,תחבושת אישית,ת״א.02,תחבושת אישית,weak,7,תל אביב | תפוח אדמה | תרגום אונקלוס | תיק אזרחי | תחבושת אישית | מדדים של הבורסה לניירות ערך בתל אביב | תכנית אימונים,substituted,yes,1,wikipedia,חבישה
ha-03297,ת״א,"לבקשה למתן הוראות יש תחולה רחבה למדי, והיא מאפשרת התמודדות עם מגוון סכסוכים, באופן המזכיר מעין ניהול ת״א בתוך תיק הפירוק הראשי.",תיק אזרחי,ת״א.05,תיק אזרחי,weak,7,תל אביב | תפוח אדמה | תרגום אונקלוס | תיק אזרחי | תחבושת אישית | מדדים של הבורסה לניירות ערך בתל אביב | תכנית אימונים,substituted,yes,1,wikipedia,פירוק חברות
ha-03298,ת״א,הוא כולל גם ת״א בת 12 שבועות וקטלוג תרגילים למתרגלים ולמדריכים.,תכנית אימונים,ת״א.06,תכנית אימונים,weak,7,תל אביב | תפוח אדמה | תרגום אונקלוס | תיק אזרחי | תחבושת אישית | מדדים של הבורסה לניירות ערך בתל אביב | תכנית אימונים,substituted,yes,1,wikipedia,שי חי
ha-03299,ת״א,"רוב השקעות הציבור הלא מתוחכם, המבקש להשקיע בבורסה באופן ישיר, מתבצעות דרך מוצרי מדד ת""א 35 (לשעבר ת""א 25).",תל אביב,ת״א.01,תל אביב,verified,7,תל אביב | תפוח אדמה | תרגום אונקלוס | תיק אזרחי | תחבושת אישית | מדדים של הבורסה לניירות ערך בתל אביב | תכנית אימונים,natural,yes,1,wikipedia,מדד תל אביב 35
ha-03300,ת״א,"רוב התעודות העוקבות אחר מדד ת""א 35 עושות זאת ביחס של 1:1 עם שער המדד.",תל אביב,ת״א.01,תל אביב,verified,7,תל אביב | תפוח אדמה | תרגום אונקלוס | תיק אזרחי | תחבושת אישית | מדדים של הבורסה לניירות ערך בתל אביב | תכנית אימונים,natural,yes,1,wikipedia,מדד תל אביב 35
ha-03301,ת״א,"התנהגות מדד ת""א 35 מושפעת באופן בולט מהתנהגות המדדים בארצות הברית ומדד DAX הגרמני.",תל אביב,ת״א.01,תל אביב,verified,7,תל אביב | תפוח אדמה | תרגום אונקלוס | תיק אזרחי | תחבושת אישית | מדדים של הבורסה לניירות ערך בתל אביב | תכנית אימונים,natural,yes,1,wikipedia,מדד תל אביב 35
ha-03302,ת״א,ראש עיריית ת״א-יפו הנוכחי הוא רון חולדאי.,תל אביב,ת״א.01,תל אביב,weak,7,תל אביב | תפוח אדמה | תרגום אונקלוס | תיק אזרחי | תחבושת אישית | מדדים של הבורסה לניירות ערך בתל אביב | תכנית אימונים,substituted,yes,1,wikipedia,תל אביב-יפו
ha-03303,ת״א,ת״א היא העיר המרכזית במטרופולין גוש דן הנקרא גם מטרופולין ת״א.,תל אביב,ת״א.01,תל אביב,weak,7,תל אביב | תפוח אדמה | תרגום אונקלוס | תיק אזרחי | תחבושת אישית | מדדים של הבורסה לניירות ערך בתל אביב | תכנית אימונים,substituted,yes,1,wikipedia,תל אביב-יפו
ha-03304,ת״א,"באותה עת התגוררו במחוז ת״א 1,460,300 איש, ואוכלוסיית המטרופולין מנתה מעל 3,918,800 נפש.",תל אביב,ת״א.01,תל אביב,weak,7,תל אביב | תפוח אדמה | תרגום אונקלוס | תיק אזרחי | תחבושת אישית | מדדים של הבורסה לניירות ערך בתל אביב | תכנית אימונים,substituted,yes,1,wikipedia,תל אביב-יפו
ha-03305,ת״א,"ת״א מדורג במקום הרביעי ברשימת הגידולים הנצרכים ביותר בעולם אחרי אורז, חיטה ותירס.",תפוח אדמה,ת״א.03,תפוח אדמה,weak,7,תל אביב | תפוח אדמה | תרגום אונקלוס | תיק אזרחי | תחבושת אישית | מדדים של הבורסה לניירות ערך בתל אביב | תכנית אימונים,substituted,yes,1,wikipedia,תפוח אדמה
ha-03306,ת״א,"אבותיו של תפוח האדמה הכילו, כנראה, את הגן לרעלן סולנין, אשר אבד ממנו במהלך תרבותו או שמראש נברר ת״א עם סולנין נמוך.",תפוח אדמה,ת״א.03,תפוח אדמה,weak,7,תל אביב | תפוח אדמה | תרגום אונקלוס | תיק אזרחי | תחבושת אישית | מדדים של הבורסה לניירות ערך בתל אביב | תכנית אימונים,substituted,yes,1,wikipedia,תפוח אדמה
ha-03307,ת״א,"מכיוון שזנים שונים של ת״א לא מפיקים זרעים (פרחיהם עקרים), מרבים את תפוח האדמה על ידי שתילת חתיכות של פקעות קיימות, שנחתכו כך שיכילו לפחות ""עין"" אחת בכל חתיכה.",תפוח אדמה,ת״א.03,תפוח אדמה,weak,7,תל אביב | תפוח אדמה | תרגום אונקלוס | תיק אזרחי | תחבושת אישית | מדדים של הבורסה לניירות ערך בתל אביב | תכנית אימונים,substituted,yes,1,wikipedia,תפוח אדמה
ha-03308,ת״א,ת״א הוא תרגום יהודי לשפה הארמית לחמשת חומשי התורה.,תרגום אונקלוס,ת״א.04,תרגום אונקלוס,weak,7,תל אביב | תפוח אדמה | תרגום אונקלוס | תיק אזרחי | תחבושת אישית | מדדים של הבורסה לניירות ערך בתל אביב | תכנית אימונים,substituted,yes,1,wikipedia,תרגום אונקלוס
ha-03309,ת״א,"כמו כן, אף כי למשל ת״א נכתב בארמית סטנדרטית במשלב ספרותי גבוה, בשום פנים הוא לא נועד להוות תחליף לטקסט המקורי – וזאת בניגוד למקומו של תרגום השבעים בנצרות.",תרגום אונקלוס,ת״א.04,תרגום אונקלוס,weak,7,תל אביב | תפוח אדמה | תרגום אונקלוס | תיק אזרחי | תחבושת אישית | מדדים של הבורסה לניירות ערך בתל אביב | תכנית אימונים,substituted,yes,1,wikipedia,תרגום אונקלוס
ha-03310,ת״א,"אשר לתרגומי ארץ ישראל, הרי הם ממקורות מגוונים; ולהוציא את ת״א, לא התקיימה סטנדרטיזציה בהם, ולא נועד להם תפקיד רשמי.",תרגום אונקלוס,ת״א.04,תרגום אונקלוס,weak,7,תל אביב | תפוח אדמה | תרגום אונקלוס | תיק אזרחי | תחבושת אישית | מדדים של הבורסה לניירות ערך בתל אביב | תכנית אימונים,substituted,yes,1,wikipedia,תרגום אונקלוס
ha-03311,ת״ב,ת״ב היא תעודה מטעם משרד החינוך של מדינת ישראל המעידה על הצלחה במילוי הדרישות הלימודיות בבחינות הבגרות הנערכות בדרך כלל בבתי ספר תיכוניים בישראל.,תעודת בגרות,ת״ב.01,תעודת בגרות,weak,3,תשעה באב | תעודת בגרות | תרגילי בית,substituted,yes,3,wikipedia,תעודת בגרות
ha-03312,ת״ב,יצוין כי קיימות גם אפשרויות קבלה לתואר ראשון ללא ת״ב.,תעודת בגרות,ת״ב.01,תעודת בגרות,weak,3,תשעה באב | תעודת בגרות | תרגילי בית,substituted,yes,3,wikipedia,תעודת בגרות
ha-03313,ת״ב,"מעסיקים בשוק העבודה עלולים לדרוש ת״ב, כחלק מתנאי הקבלה למקום העבודה.",תעודת בגרות,ת״ב.01,תעודת בגרות,weak,3,תשעה באב | תעודת בגרות | תרגילי בית,substituted,yes,3,wikipedia,תעודת בגרות
ha-03314,ת״ב,"במטופלים אשר סובלים מהתסמונת במשך פחות משישה חודשים, מתן ת״ב בשילוב עם זריקות קורטיקוסטרואידים במינון נמוך יכול להיות יעיל.",תרגילי בית,ת״ב.03,תרגילי בית,weak,3,תשעה באב | תעודת בגרות | תרגילי בית,substituted,yes,3,wikipedia,תסמונת הכתף הקפואה
ha-03315,ת״ב,"תענית ת״ב, בשונה משאר התעניות שמדרבנן, נמשכת משקיעת החמה ביום שלפניו ועד צאת הכוכבים למחרת, וכוללת את כל חמשת העינויים הנהוגים ביום הכיפורים.",תשעה באב,ת״ב.02,תשעה באב,weak,3,תשעה באב | תעודת בגרות | תרגילי בית,substituted,yes,3,wikipedia,תשעה באב
ha-03316,ת״ב,"לפי המסורת, לאחר ביאת המשיח ובניית בית המקדש השלישי, יהפוך ת״ב ליום של חג ושמחה, כשאר הצומות על החורבן.",תשעה באב,ת״ב.02,תשעה באב,weak,3,תשעה באב | תעודת בגרות | תרגילי בית,substituted,yes,3,wikipedia,תשעה באב
ha-03317,ת״ב,"בדומה לחורבן בתי המקדש, שהאירועים שהובילו אליהם החלו לפני ת״ב עצמו ונמשכו לאחריו וכן בשל החשש מסכנה, מנהגי האבלות מתחילים בהדרגה לפני ת״ב ונמשכים לתוך עשרה באב.",תשעה באב,ת״ב.02,תשעה באב,weak,3,תשעה באב | תעודת בגרות | תרגילי בית,substituted,yes,3,wikipedia,תשעה באב
ha-03318,ת״ד,"ת״ד מתארת התנגשות בין כלי תחבורה לבין גורם אחר, למשל כלי תחבורה נוסף, הולך רגל, או גורם נייח כמו עץ או עמוד חשמל.",תאונת דרכים,ת״ד.01,תאונת דרכים,weak,2,תאונת דרכים | תיבת דואר,substituted,yes,3,wikipedia,תאונת דרכים
ha-03319,ת״ד,תאונת פגע וברח היא ת״ד שבה גורם התאונה מסתלק מהאזור מבלי להגיש עזרה ומבלי להזדהות.,תאונת דרכים,ת״ד.01,תאונת דרכים,weak,2,תאונת דרכים | תיבת דואר,substituted,yes,3,wikipedia,תאונת דרכים
ha-03320,ת״ד,"אמצעי בטיחות מיועדים למנוע תאונות (גדר מסביב לאזור בנייה, למשל, מגינה מפני כניסה בטעות לאזור מסוכן זה), או לצמצם את הנזק בעת התרחשות תאונה (חגורת בטיחות, למשל, נועדה לצמצם את הפגיעה בעת ת״ד).",תאונת דרכים,ת״ד.01,תאונת דרכים,weak,2,תאונת דרכים | תיבת דואר,substituted,yes,3,wikipedia,תאונה
ha-03321,ת״ד,"ת״ד היא תיבה המיועדת לאיסוף דואר יוצא מבויל, לשם שליחתו ליעדו.",תיבת דואר,ת״ד.02,תיבת דואר,weak,2,תאונת דרכים | תיבת דואר,substituted,yes,3,wikipedia,תיבת דואר
ha-03322,ת״ד,"לעיתים מכנים בטעות בשם ""ת״ד"" את תיבת המכתבים הממוקמת בפתחי בניינים לשם קבלת דואר נכנס עבור הדיירים.",תיבת דואר,ת״ד.02,תיבת דואר,weak,2,תאונת דרכים | תיבת דואר,substituted,yes,3,wikipedia,תיבת דואר
ha-03323,ת״ד,"בעוד פרוטוקול POP3 מאפשר למשתמש לעבוד עם ת״ד אחת בלבד, היתרון בפרוטוקול IMAP הוא באפשרות עבודה עם מספר תיבות דואר.",תיבת דואר,ת״ד.02,תיבת דואר,weak,2,תאונת דרכים | תיבת דואר,substituted,yes,3,wikipedia,Internet Message Access Protocol
ha-03324,ת״ז,"לרוב המדובר באנשי משטרה ורשויות ההגירה, אך נהוג להציג ת״ז במגוון רחב של מצבים, כגון בעת שימוש בכרטיס אשראי, או רכישת אלכוהול וסיגריות.",תעודת זהות,ת״ז.01,תעודת זהות,weak,3,תעודת זהות | תרשים זרימה | תפוח זהב,substituted,yes,3,wikipedia,תעודת זהות
ha-03325,ת״ז,"לעיתים ישנם מסמכים רשמיים המשמשים כתחליף מעשי לתעודת הזהות, כגון רישיון נהיגה או דרכון, היכולים לסייע לרשויות בזיהוי הנושא אותם אף אם אינו נושא ת״ז.",תעודת זהות,ת״ז.01,תעודת זהות,weak,3,תעודת זהות | תרשים זרימה | תפוח זהב,substituted,yes,3,wikipedia,תעודת זהות
ha-03326,ת״ז,"עם זאת, בדרך כלל ת״ז ניתנת לכלל התושבים החוקיים במדינה, בעוד שמסמכים אלו ניתנים רק למבקש אותם.",תעודת זהות,ת״ז.01,תעודת זהות,weak,3,תעודת זהות | תרשים זרימה | תפוח זהב,substituted,yes,3,wikipedia,תעודת זהות
ha-03327,ת״ז,בראשית המאה ה-20 כונה הפרי בעברית בפי ראשוני המתיישבים ת״ז בשל דמיונו לתפוח עץ וצבעו הזהוב.,תפוח זהב,ת״ז.02,תפוח זהב,weak,3,תעודת זהות | תרשים זרימה | תפוח זהב,substituted,yes,3,wikipedia,תפוז
ha-03328,ת״ז,קליפת ת״ז: על שמירת הניקיון במרחב הציבורי.,תפוח זהב,ת״ז.02,תפוח זהב,weak,3,תעודת זהות | תרשים זרימה | תפוח זהב,substituted,yes,3,wikipedia,פרקים של ספר המדינה
ha-03329,ת״ז,"אף שהפרקים מופיעים בקובץ ""סמוך ונראה"" כמקשה אחת, הם נכתבו כל אחד בנפרד ופורסמו בסדר שונה מזה שבו הם מופיעים בקובץ: ""קליפת ת״ז"" ראה אור ראשון, בשנת 1939 (לפי דן לאור, יצא בשנת 1942).",תפוח זהב,ת״ז.02,תפוח זהב,weak,3,תעודת זהות | תרשים זרימה | תפוח זהב,substituted,yes,3,wikipedia,פרקים של ספר המדינה
ha-03330,ת״ז,"ת״ז הוא סכמה ויזואלית, שנועדה לפרוס רצף של פעולות והחלטות, באופן בהיר והגיוני ככל האפשר.",תרשים זרימה,ת״ז.03,תרשים זרימה,weak,3,תעודת זהות | תרשים זרימה | תפוח זהב,substituted,yes,3,wikipedia,תרשים זרימה
ha-03331,ת״ז,תיאור ויזואלי באלגוריתמיקה ניתן באמצעות ת״ז.,תרשים זרימה,ת״ז.03,תרשים זרימה,weak,3,תעודת זהות | תרשים זרימה | תפוח זהב,substituted,yes,3,wikipedia,אלגוריתם
ha-03332,ת״ז,ת״ז: תרשים המציג את שלביו של תהליך כרצף של החלטות ופעולות.,תרשים זרימה,ת״ז.03,תרשים זרימה,weak,3,תעודת זהות | תרשים זרימה | תפוח זהב,substituted,yes,3,wikipedia,תרשים
ha-03333,ת״ח,"כפי שמציין אליקים ויסברג מקור הצירוף ""ת״ח"" הוא גזירה לאחור של הצירוף ""תלמידי חכמים"", כלומר תלמידים של חכמים.",תלמיד חכם,ת״ח.01,תלמיד חכם,weak,2,תלמיד חכם | תענית חלום,substituted,yes,3,wikipedia,תלמיד חכם
ha-03334,ת״ח,ואמר רבי יוחנן: איזהו ת״ח שבני עירו מצווין לעשות לו מלאכתו?,תלמיד חכם,ת״ח.01,תלמיד חכם,weak,2,תלמיד חכם | תענית חלום,substituted,yes,3,wikipedia,תלמיד חכם
ha-03335,ת״ח,"למנוייה פרנס על הציבור: אי בחדא מסכתא, באתריה (במקומו), אי בכוליה תנויה: בריש מתיבתא"" דברים אלו מהווים הגדרות שונות למהותו של ת״ח, ולמעשה מנפקות רמות שונות בתוך הביטוי הכללי ""ת״ח"".",תלמיד חכם,ת״ח.01,תלמיד חכם,weak,2,תלמיד חכם | תענית חלום,substituted,yes,3,wikipedia,תלמיד חכם
ha-03336,ת״ח,אדם שהתענה פעם אחת ת״ח בראש השנה מחויב מכאן ואילך להתענות בראש השנה בכל השנים הבאות.,תענית חלום,ת״ח.02,תענית חלום,weak,2,תלמיד חכם | תענית חלום,substituted,yes,3,wikipedia,תענית
ha-03337,ת״ח,"בהלכה, ת״ח היא תענית שעל פי התלמוד מועילה לבטל את השפעותיו של חלום רע.",תענית חלום,ת״ח.02,תענית חלום,weak,2,תלמיד חכם | תענית חלום,substituted,yes,3,wikipedia,תענית חלום
ha-03338,ת״ח,בספר בנימין זאב כתב בשם רב האי גאון שרק על שלושה חלומות מסוימים מתענים ת״ח.,תענית חלום,ת״ח.02,תענית חלום,weak,2,תלמיד חכם | תענית חלום,substituted,yes,3,wikipedia,תענית חלום
ha-03339,ת״י,"התקן של מכון התקנים הישראלי למקלדת עברית נקרא ת""י 1452 (או SI 1452).",תקן ישראלי,ת״י.01,תקן ישראלי,verified,2,תקן ישראלי | תרג(ו)ם יונתן,natural,no,3,wikipedia,מקלדת עברית
ha-03340,ת״י,"ת""י 1452 חלק 2 באתר מכון התקנים הישראלי.",תקן ישראלי,ת״י.01,תקן ישראלי,verified,2,תקן ישראלי | תרג(ו)ם יונתן,natural,no,3,wikipedia,מקלדת עברית
ha-03341,ת״י,"ב־1953, 30 שנה לאחר הקמת המעבדה, עוגן המכון בחוק והוכר כסמכות היחידה למתן ""תו ת״י"".",תקן ישראלי,ת״י.01,תקן ישראלי,weak,2,תקן ישראלי | תרג(ו)ם יונתן,substituted,no,3,wikipedia,מכון התקנים הישראלי
ha-03342,ת״י,"ת״י קיים אך ורק ליציקת ברזל, נחושת וסגסוגות נחושת.",תקן ישראלי,ת״י.01,תקן ישראלי,weak,2,תקן ישראלי | תרג(ו)ם יונתן,substituted,no,3,wikipedia,פלדה
ha-03343,ת״ל,"אי 'כי תפגע', יכול פגיעה ממש, ת״ל: 'כי תראה'.",תלמוד לומר,ת״ל.01,תלמוד לומר,weak,2,תלמוד לומר | תיפוק ליה,substituted,no,3,wikipedia,ריס (יחידת מידה)
ha-03344,ת״ל,"כמה מהן: בספרא נאמר שאין לתת צדקה כאשר זו עלולה לגרור את מקבל הצדקה לתרבות רעה: ""אם החזקת אפילו ארבעה וחמשה פעמים חזור והחזק ת״ל והחזקת בו, יכול אפילו אתה מפסידו לתרבות רעה ת״ל עמך"".",תלמוד לומר,ת״ל.01,תלמוד לומר,weak,2,תלמוד לומר | תיפוק ליה,substituted,no,3,wikipedia,יצא לתרבות רעה
ha-03345,ת״ע,"דוח עשוי לכלול גם ת״ע, תקציר, סיכום, נספחים, הערות שוליים, קישורים, סימוכין וביבליוגרפיה.",תוכן עניינים,ת״ע.01,תוכן עניינים,weak,4,תוכנית עבודה | תוכן עניינים | תיק עבודה | תורה ועבודה (בני עקיבא),substituted,yes,3,wikipedia,דוח
ha-03346,ת״ע,"כבר לספריו של יוסף בן מתתיהו קדמוניות היהודים ומלחמת היהודים עם הרומאים נוסף ת״ע, כמו גם לאנציקלופדיה המקיפה תולדות הטבע (או חקר הטבע) פרי עטו של פליניוס הזקן, שניהם במאה הראשונה לספירה.",תוכן עניינים,ת״ע.01,תוכן עניינים,weak,4,תוכנית עבודה | תוכן עניינים | תיק עבודה | תורה ועבודה (בני עקיבא),substituted,yes,3,wikipedia,תוכן העניינים
ha-03347,ת״ע,"ת״ע מפורט יש הטוענים שתוכן העניינים חייב לספק יותר מאשר מידע ראשוני על מבנה הספר, ולאפשר גם התמצאות בפרטים המרכיבים את הספר, ולכן עליו להכיל גם את פרטי כל הסעיפים שלהם נחלק כל פרק.",תוכן עניינים,ת״ע.01,תוכן עניינים,weak,4,תוכנית עבודה | תוכן עניינים | תיק עבודה | תורה ועבודה (בני עקיבא),substituted,yes,3,wikipedia,תוכן העניינים
ha-03348,ת״ע,עיקרה של תורה מסוימת או של ת״ע מסוימת (תורות ותוכניות עשויות להכיל מספר רעיונות מרכזיים).,תוכנית עבודה,ת״ע.02,תוכנית עבודה,weak,4,תוכנית עבודה | תוכן עניינים | תיק עבודה | תורה ועבודה (בני עקיבא),substituted,yes,3,wikipedia,רעיון
ha-03349,ת״ע,"בניית ת״ע פרטנית תקופתית - על סמך המידע שנאסף, בתיאום עם התלמיד ומשפחתו וגורמים רלוונטיים בבית הספר.",תוכנית עבודה,ת״ע.02,תוכנית עבודה,weak,4,תוכנית עבודה | תוכן עניינים | תיק עבודה | תורה ועבודה (בני עקיבא),substituted,yes,3,wikipedia,הוראה מתקנת
ha-03350,ת״ע,בדיקה ומעקב מתמידים ושיטתיים - שמטרתם הסופית היא לבנות ת״ע פרטנית מעודכנת לתקופה הבאה.,תוכנית עבודה,ת״ע.02,תוכנית עבודה,weak,4,תוכנית עבודה | תוכן עניינים | תיק עבודה | תורה ועבודה (בני עקיבא),substituted,yes,3,wikipedia,הוראה מתקנת
ha-03351,ת״ע,"בתום הלימוד מגיש כל תלמיד באופן עצמאי, ""ת״ע"" ובו ""יומן אישי"", הכולל תיאור מפורט של משימתו בהפקה, בעיות שנתקל בהן וביקורת על תהליך העבודה ועל ההפקה.",תיק עבודה,ת״ע.03,תיק עבודה,weak,4,תוכנית עבודה | תוכן עניינים | תיק עבודה | תורה ועבודה (בני עקיבא),substituted,yes,3,wikipedia,אשל הנשיא
ha-03352,ת״ע,"היא חוזרת לחייה במהלך ת״ע, שחושף רגשות סותרים רבים עבור שתיהן.",תיק עבודה,ת״ע.03,תיק עבודה,weak,4,תוכנית עבודה | תוכן עניינים | תיק עבודה | תורה ועבודה (בני עקיבא),substituted,yes,3,wikipedia,רוקי בלו
ha-03353,ת״פ,"הארמיות בצבאות המעצמות היריבות (ארצות הברית, בריטניה, גרמניה וברית המועצות) הוצבו ת״פ של קבוצת ארמיות, או חזית (במקרה של הצבא הסובייטי).",תחת פיקוד,ת״פ.01,תחת פיקוד,weak,2,תחת פיקוד | תיק פלילי,substituted,yes,3,wikipedia,ארמייה
ha-03354,ת״פ,"במהלך מבצע מקרה כחול לחמה הדיוויזיה כחלק מהארמייה ה-17 והשתתפה עמה בקרב על קווקז, ובאוקטובר 1943 הועברה ת״פ הארמייה השישית, ולחמה עמה במהלך קרב דנייפר.",תחת פיקוד,ת״פ.01,תחת פיקוד,weak,2,תחת פיקוד | תיק פלילי,substituted,yes,3,wikipedia,הדיוויזיה ה-73 (ורמאכט)
ha-03355,ת״פ,"באוגוסט 1944 הועברה הדיוויזיה ת״פ הארמייה התשיעית באזור ורשה, ולחמה ת״פ קורפוס הפאנצר אס אס ה-4, ולאחר מכן ת״פ קורפוס הפאנצר ה-46, ולחמה עמו במהלך מבצע ויסלה-אודר.",תחת פיקוד,ת״פ.01,תחת פיקוד,weak,2,תחת פיקוד | תיק פלילי,substituted,yes,3,wikipedia,הדיוויזיה ה-73 (ורמאכט)
ha-03356,ת״פ,"בישראל, סגירת ת״פ היא הליך מנהלי, הננקט במסגרת חקירה משטרתית בעניין חשד לעבירה פלילית.",תיק פלילי,ת״פ.02,תיק פלילי,weak,2,תחת פיקוד | תיק פלילי,substituted,yes,3,wikipedia,סגירת תיק פלילי
ha-03357,ת״פ,"הגורם המשטרתי המוסמך יקבע את דרך הטיפול באירועים, אם יפתח ת״פ או שהאירוע יועבר לגורמים אחרים.",תיק פלילי,ת״פ.02,תיק פלילי,weak,2,תחת פיקוד | תיק פלילי,substituted,yes,3,wikipedia,אירוע משטרתי
ha-03358,ת״פ,"בעקבות הממצאים נפתח ת״פ נגד גולן באשמת זיוף, אך במרץ 2012 הוא זוכה מהאישום נגדו.",תיק פלילי,ת״פ.02,תיק פלילי,weak,2,תחת פיקוד | תיק פלילי,substituted,yes,3,wikipedia,מערת תלפיות
ha-03359,ת״צ,"ת״צ היא הליך במשפט אזרחי שבו אדם, רשות ציבורית או ארגון מנהלים תביעה בשם קבוצה של בני אדם שלא ייפו את כוחם לייצגם באופן אישי, כאשר מתעוררות בעניינם שאלות מהותיות משותפות של עובדה או משפט.",תובענה ייצוגית,ת״צ.01,תובענה ייצוגית,weak,2,תובענה ייצוגית | תענית ציבור,substituted,no,3,wikipedia,תובענה ייצוגית
ha-03360,ת״צ,"התובע מגיש תחילה בקשה לאישור ת״צ, ורק אם בית המשפט קובע כי התקיימו התנאים שנקבעו בחוק הוא מאשר את ניהול ההליך בשם הקבוצה.",תובענה ייצוגית,ת״צ.01,תובענה ייצוגית,weak,2,תובענה ייצוגית | תענית ציבור,substituted,no,3,wikipedia,תובענה ייצוגית
ha-03361,ת״צ,התפתחה מחלוקת בשאלה אם ניתן להשתמש בתקנה 29 כמקור כללי להגשת ת״צ גם במקום שבו המחוקק לא קבע מנגנון ייצוגי מפורש.,תובענה ייצוגית,ת״צ.01,תובענה ייצוגית,weak,2,תובענה ייצוגית | תענית ציבור,substituted,no,3,wikipedia,תובענה ייצוגית
ha-03362,ת״צ,"אנשי עירו באו לפניו וביקשו ממנו שיגזור ת״צ, כדי שתפילתם ותעניתם של כל אנשי העיר תגרום לירידת הגשמים.",תענית ציבור,ת״צ.02,תענית ציבור,weak,2,תובענה ייצוגית | תענית ציבור,substituted,no,3,wikipedia,רבי תנחומא
ha-03363,ת״ק,"בתי משפט אלו מנהלים ת״ק בשלושה מסלולים: הראשון דן בתביעות בסכומים של עד 5,000 פאונד, השני דן בתביעות בסכומים שבין 5,000 ל־15,000 פאונד והשלישי דן בתביעות בסכומים שבין 15,000 ל־50,000 פאונד.",תביעות קטנות,ת״ק.01,תביעות קטנות,weak,2,תנא קמא | תביעות קטנות,substituted,yes,3,wikipedia,תביעה קטנה
ha-03364,ת״ק,באתר הארגון ניתן למצוא מידע ומדריכים מפורטים להגשת ת״ק בגין הפרות של תנאי הרישיון כנגד מפעילי התחבורה הציבורית.,תביעות קטנות,ת״ק.01,תביעות קטנות,weak,2,תנא קמא | תביעות קטנות,substituted,yes,3,wikipedia,15 דקות (ארגון)
ha-03365,ת״ק,"להשתתפות העצמית שתי מטרות: מניעתן של ת״ק, כאלה שגובהן נמוך מגובה ההשתתפות העצמית.",תביעות קטנות,ת״ק.01,תביעות קטנות,weak,2,תנא קמא | תביעות קטנות,substituted,yes,3,wikipedia,ביטוח אלמנטרי
ha-03366,ת״ק,"במידה ויש תנא נוסף אשר חולק על דברי התנא הראשון, מצוין שמו של התנא החולק, וכך לדוגמה מציינת הגמרא: ""ת״ק סבר...",תנא קמא,ת״ק.02,תנא קמא,weak,2,תנא קמא | תביעות קטנות,substituted,yes,3,wikipedia,תנא קמא וסתם משנה
ha-03367,ת״ק,"לדוגמה: החלק הראשון של המשנה הוא של ""ת״ק"" אנונימי, ורבי יהודה חולק עליו.",תנא קמא,ת״ק.02,תנא קמא,weak,2,תנא קמא | תביעות קטנות,substituted,yes,3,wikipedia,תנא קמא וסתם משנה
ha-03368,ת״ק,"התנאים נחלקו במשנה באשר למספר החקירות; ת״ק סבור כי במסגרת ה""חקירות"" יש לשאול שבע שאלות, רבי יוסי סבור כי יש לשאול שלוש, ואילו לעומתם בברייתא מובאת דעה הגורסת כי יש לשאול שמונה שאלות.",תנא קמא,ת״ק.02,תנא קמא,weak,2,תנא קמא | תביעות קטנות,substituted,yes,3,wikipedia,דרישה וחקירה
ha-03369,ת״ש,"ליד המעיין נמצאת תחנת השאיבה עין זיו, ת״ש פעילה לשעבר, שפעילותה הופסקה בשל זיהום מי הנחל בשפכים של יישובי הסביבה.",תחנת שאיבה,ת״ש.01,תחנת שאיבה,weak,5,תפילת שחרית | תקיעת שופר | תנאי שירות | תחנת שאיבה | בא שמע,substituted,yes,3,wikipedia,עין זיו
ha-03370,ת״ש,שמו של היישוב מציין ת״ש בקו צינור המים ראש העין-ירושלים שהיה בסמוך למושב.,תחנת שאיבה,ת״ש.01,תחנת שאיבה,weak,5,תפילת שחרית | תקיעת שופר | תנאי שירות | תחנת שאיבה | בא שמע,substituted,yes,3,wikipedia,שואבה
ha-03371,ת״ש,מפעלי ים המלח שניזונים ממיימי החלק הדרומי הקימו סוללה בחלקו הצפוני והפכו בכך את החלק הדרומי לבריכה אליה מוזרמים מים מהחלק הצפוני דרך ת״ש P1.,תחנת שאיבה,ת״ש.01,תחנת שאיבה,weak,5,תפילת שחרית | תקיעת שופר | תנאי שירות | תחנת שאיבה | בא שמע,substituted,yes,3,wikipedia,קציר המלח
ha-03372,ת״ש,אפשרויות קידום: הכשרה לקצונה בתפקיד מאתגר כקצינת ת״ש.,תנאי שירות,ת״ש.02,תנאי שירות,weak,5,תפילת שחרית | תקיעת שופר | תנאי שירות | תחנת שאיבה | בא שמע,substituted,yes,3,wikipedia,חיל משאבי האנוש
ha-03373,ת״ש,"בשנת 1993, בתקופת כהונתו של שמעון פרס כשר החוץ, הוחלט לבצע רפורמה שבמסגרתה ייקבעו ת״ש ייחודיים לאנשי שירות החוץ, כדי להבטיח שמירה על רמתם הגבוהה ואת ייצוגה הנאות של ישראל בזירה הבינלאומית.",תנאי שירות,ת״ש.02,תנאי שירות,weak,5,תפילת שחרית | תקיעת שופר | תנאי שירות | תחנת שאיבה | בא שמע,substituted,yes,3,wikipedia,שירות החוץ הישראלי
ha-03374,ת״ש,"השליש אחראי על המחלקות ביחידה העוסקות בכח אדם: מחלקת כח אדם, מחלקת ת״ש, מחלקת דת-רבנות-כשרות, מחלקת חינוך ומחלקת משמעת.",תנאי שירות,ת״ש.02,תנאי שירות,weak,5,תפילת שחרית | תקיעת שופר | תנאי שירות | תחנת שאיבה | בא שמע,substituted,yes,3,wikipedia,שליש (צבא)
ha-03375,ת״ש,"שני חלקיה הקדומים יותר של ת״ש הם קריאת שמע ותפילת העמידה, ועם הזמן צורפו אליה ברכות ותפילות נוספות.",תפילת שחרית,ת״ש.03,תפילת שחרית,weak,5,תפילת שחרית | תקיעת שופר | תנאי שירות | תחנת שאיבה | בא שמע,substituted,yes,3,wikipedia,תפילת שחרית
ha-03376,ת״ש,"זמן הזריחה נחשב לזמן הטוב ביותר להתפלל ת״ש, על פי הפסוק ”יִירָאוּךָ עִם שָׁמֶשׁ...”.",תפילת שחרית,ת״ש.03,תפילת שחרית,weak,5,תפילת שחרית | תקיעת שופר | תנאי שירות | תחנת שאיבה | בא שמע,substituted,yes,3,wikipedia,תפילת שחרית
ha-03377,ת״ש,"לגבי סוף זמן ת״ש נחלקו תנאים במשנה: ”תפלת השחר עד חצות; רבי יהודה אומר: עד ארבע שעות.” להלכה נפסק כדעת רבי יהודה שסוף זמן התפילה הוא בארבע שעות, אבל בדיעבד ניתן להתפלל שחרית עד חצות.",תפילת שחרית,ת״ש.03,תפילת שחרית,weak,5,תפילת שחרית | תקיעת שופר | תנאי שירות | תחנת שאיבה | בא שמע,substituted,yes,3,wikipedia,תפילת שחרית
ha-03378,ת״ש,"יש שסברו שיש לברך ""על ת״ש"", או ""לתקוע בשופר"", ויש שסברו לברך ""לשמוע קול שופר"", או ""לשמוע בקול שופר"".",תקיעת שופר,ת״ש.04,תקיעת שופר,weak,5,תפילת שחרית | תקיעת שופר | תנאי שירות | תחנת שאיבה | בא שמע,substituted,yes,3,wikipedia,תקיעת שופר
ha-03379,ת״ש,"אחת התוצאות המעשיות מדיון תאורטי זה היא השאלה שהוזכרה לעיל על נוסח הברכה הנאמרת לפני התקיעה: ""לשמוע קול שופר"" או ""על ת״ש"", כשהדעה המקובלת היא לברך ""לשמוע"".",תקיעת שופר,ת״ש.04,תקיעת שופר,weak,5,תפילת שחרית | תקיעת שופר | תנאי שירות | תחנת שאיבה | בא שמע,substituted,yes,3,wikipedia,תקיעת שופר
ha-03380,ת״ש,בבתי כנסת רבים נהגו לקיים ת״ש מיוחדת עבור נשים בשעות הצהרים או אחר הצהרים.,תקיעת שופר,ת״ש.04,תקיעת שופר,weak,5,תפילת שחרית | תקיעת שופר | תנאי שירות | תחנת שאיבה | בא שמע,substituted,yes,3,wikipedia,תקיעת שופר
ha-03381,ת״ת,עזרת תורה (מוכר גם כאגודת ת״ת; או כיום: עזרת תורה של אמריקה בישראל) הוא ארגון שהוקם למען רווחתם של בני הישיבות וסיוע להם בחייהם האישיים בעיקר בצד הכספי והכלכלי.,תומכי תורה,ת״ת.01,תומכי תורה,weak,4,תלמוד תורה | תרומה תצוה | תומכי תורה | השנה ה-800 במניין השנים העבריות,substituted,yes,3,wikipedia,עזרת תורה (ארגון)
ha-03382,ת״ת,"בסיום המלחמה חזר לבגדאד והחל לשמש כראש ישיבת ""ת״ת"".",תומכי תורה,ת״ת.01,תומכי תורה,weak,4,תלמוד תורה | תרומה תצוה | תומכי תורה | השנה ה-800 במניין השנים העבריות,substituted,yes,3,wikipedia,סלמן חוגי עבודי
ha-03383,ת״ת,"למד מספר שנים בבית חותנו, ואחר כך הוסיף להשתלם בתורה בקיבוץ האברכים ""ת״ת."" נסמך לרבנות גם על ידי הרבנים רבי חיים יהודה ליב ליטווין מסמורגון ורבי משה שמואל שפירא מבוברויסק.",תומכי תורה,ת״ת.01,תומכי תורה,weak,4,תלמוד תורה | תרומה תצוה | תומכי תורה | השנה ה-800 במניין השנים העבריות,substituted,yes,3,wikipedia,שמעון יעקב גליקסברג
ha-03384,ת״ת,ת״ת הוא מוסד ללימודי קודש לילדים בקהילה היהודית המסורתית.,תלמוד תורה,ת״ת.02,תלמוד תורה,weak,4,תלמוד תורה | תרומה תצוה | תומכי תורה | השנה ה-800 במניין השנים העבריות,substituted,yes,3,wikipedia,תלמוד תורה
ha-03385,ת״ת,במטרה לעודד תעסוקה בציבור החרדי משרד החינוך מקים מסגרות חינוכיות שגם הן מכונות לעיתים ת״ת אך בהן ניתן דגש על עמידה בתוכנית הליבה.,תלמוד תורה,ת״ת.02,תלמוד תורה,weak,4,תלמוד תורה | תרומה תצוה | תומכי תורה | השנה ה-800 במניין השנים העבריות,substituted,yes,3,wikipedia,תלמוד תורה
ha-03386,ת״ת,ישנם מוסדות לגיל היסודי המשלבים בתוכם ת״ת לבנים עם בית חינוך תורני לבנות.,תלמוד תורה,ת״ת.02,תלמוד תורה,weak,4,תלמוד תורה | תרומה תצוה | תומכי תורה | השנה ה-800 במניין השנים העבריות,substituted,yes,3,wikipedia,תלמוד תורה
