acronym,page_title,expansion,hits,script,initials_match,looks_like_person,source,domain,raw_line
AI,AI,בינה מלאכותית,1793,latin,,False,wikipedia+wiktionary,,# Artificial Intelligence</br>[[בינה מלאכותית]].
AI,AI,אמריקן איידול,305,latin,,False,wikipedia,,אמריקן איידול (AI) - תוכנית מציאות אמריקנית
AI,AI,איי וייוויי,24,latin,,False,wikipedia,,איי וייוויי – אמן סיני
AI,AI,אדובי אילוסטרייטור,15,latin,,False,wikipedia,,אדובי אילוסטרייטור (Adobe Illustrator)
AI,AI,אינטליגנציה מלאכותית (סרט),5,latin,,False,wikipedia,,אינטליגנציה מלאכותית (סרט) (A.I. Artificial Intelligence) - סרט מדע בדיוני אמריקני
AI,AI,מד אופק מלאכותי,4,latin,,False,wikipedia,,מד אופק מלאכותי (Attitude Indicator)
AI,AI,קלט אנלוגי,2,latin,,False,wikipedia,,קלט אנלוגי (Analog Input)
AI,AI,A.I. (שיר של ואן ריפאבליק),1,latin,,False,wikipedia,,A.I. (שיר של ואן ריפאבליק)
AI,AI,A.i. (להקה),1,latin,,False,wikipedia,,A.i. (להקה) - להקה אמריקנית
AI,AI,ad interim (ביטוי לטיני),1,latin,,False,wikipedia,,ad interim (ביטוי לטיני) - לפי שעה
AI,AI,איי איי (זמרת),1,latin,,False,wikipedia,,איי איי (זמרת) - זמרת-יוצרת יפנית-אמריקנית
AI,AI,נוגד-קרח,0,latin,,False,wiktionary,,# Anti-Ice.</br>נוגד-קרח. מערכת להפשרת הצטברויות קרח.
ATM,ATM,כספומט,53,latin,,False,wikipedia,,"כספומט – מסוף אוטומטי המספק שירותי בנקאות; נקרא באנגלית ""ATM"", קיצור של Automatic Teller Machine"
ATM,ATM,ATM (שיר),2,latin,,False,wikipedia,,"ATM (שיר) – שיר של ג'יי קול, ראשי תיבות של ""Addicted To Money"""
BCC,BCC,העתק נסתר,0,latin,,False,wiktionary,,# <small>דואר אלקטרוני</small> Blind Carbon Copy.</br>העתק נסתר.
BCC,BCC,קוביה ממורכזת-גוף,0,latin,,False,wiktionary,,# <small>קריסטלוגרפיה</small> Body Centered Cube</br>קוביה ממורכזת-גוף.
BPM,BPM,120 פעימות בדקה,45,latin,,False,wikipedia,,120 פעימות בדקה – סרט קולנוע צרפתי
BPM,BPM,מכללת BPM,34,latin,,False,wikipedia,,"מכללת BPM – מוסד ישראלי ללימוד מקצועות המוזיקה, הסאונד וההפקה המוזיקלית"
BPM,BPM,ניהול תהליכים עסקיים,9,latin,,False,wikipedia,,ניהול תהליכים עסקיים – תוכנת תשתית המתארת ומבצעת תהליכים עסקיים באמצעות מחשב
CDC,CDC,"(בתרגום חופשי ""לכידת מידע שהשתנה"")",21,latin,,False,wikipedia,,"(בתרגום חופשי ""לכידת מידע שהשתנה"") – אוסף תבניות עיצוב תוכנה שנועדו לנטר שינויים אחרונים במסד נתונים"
CDC,CDC,מרכז ידיעות קרב,13,latin,,True,wikipedia,,"מרכז ידיעות קרב (Combat Direction Center, ""מרכז הנחיית קרב"") – סוג של מרכז טקטי הנמצא בספינות מלחמה, צוללות ומטוסי שליטה ובקרה צבאיים"
CDC,CDC,תאגיד קונטרול דאטה,1,latin,,False,wikipedia,,תאגיד קונטרול דאטה (Control Data Corporation) – חברת מחשבים אמריקאית שפעלה בשנים 1957–1992
DNA,DNA (פירושונים),DNA (אלבום),5,latin,,False,wikipedia,,DNA (אלבום) – אלבום הבכורה של ליטל מיקס משנת 2012
DNA,DNA (פירושונים),מולקולת ענק של חומצת גרעין הבנויה כשרשרת נוקלאוטידים,3,latin,,False,wikipedia,,DNA – מולקולת ענק של חומצת גרעין הבנויה כשרשרת נוקלאוטידים
DNA,DNA (פירושונים),DNA (שיר של ליטל מיקס),2,latin,,False,wikipedia,,DNA (שיר של ליטל מיקס) – שיר הנושא של האלבום
DNA,DNA (פירושונים),DNA (שיר של BTS) משנת 2017,1,latin,,False,wikipedia,,DNA (שיר של BTS) משנת 2017
LCD,LCD,המחלק המשותף הקטן ביותר,0,latin,,False,wiktionary,,# <small>מתמטיקה</small> Lowest common denominator.</br>המחלק המשותף הקטן ביותר.
LCD,LCD,מסך הפועל על עקרון של גבישים נוזליים,0,latin,,False,wiktionary,,# <small>אלקטרוניקה</small> Liquid crystal display.</br>מסך הפועל על עקרון של גבישים נוזליים.
NBL,NBL,ליגת ה-NBL,48,latin,,True,wikipedia,,ליגת ה-NBL (National Basketball League) – ליגת עבר אמריקאית בכדורסל (1937–1949) שהתמזגה עם ליגת ה-BAA ליצירת ה-NBA
NBL,NBL,ליגת העל האוסטרלית בכדורסל,18,latin,,False,wikipedia,,ליגת העל האוסטרלית בכדורסל (National Basketball League) – ליגת הכדורסל הלאומית של אוסטרליה
NBL,NBL,ליגת העל הצ'כית בכדורסל,4,latin,,False,wikipedia,,ליגת העל הצ'כית בכדורסל (Národní basketbalová liga) - ליגת הכדורסל הבכירה בצ'כיה
NBL,NBL,המעבדה לציפה נייטרלית,2,latin,,True,wikipedia,,"המעבדה לציפה נייטרלית (Neutral Buoyancy Laboratory) - מתקן של נאס""א ביוסטון לאימון אסטרונאוטים בתנאי חוסר משקל"
NBL,NBL,קיצור לשמו של החומר n-בוטילליתיום,1,latin,,False,wikipedia,,"קיצור לשמו של החומר n-בוטילליתיום (n-butyllithium), ראו בוטילליתיום"
NGA,NGA,הקוד של ניגריה בתקן ISO 3166-1,1,latin,,False,wikipedia,,הקוד של ניגריה בתקן ISO 3166-1
NGA,NGA,ראשי תיבות באנגלית של אגודת המושלים הלאומית בארצות הברית,1,latin,,False,wikipedia,,ראשי תיבות באנגלית של אגודת המושלים הלאומית בארצות הברית
NGA,NGA,ראשי תיבות באנגלית של הגלריה הלאומית לאמנות בארצות הברית,1,latin,,False,wikipedia,,ראשי תיבות באנגלית של הגלריה הלאומית לאמנות בארצות הברית
NGA,NGA,ראשי תיבות באנגלית של הגלריה הלאומית של אוסטרליה,1,latin,,False,wikipedia,,ראשי תיבות באנגלית של הגלריה הלאומית של אוסטרליה
NSC,NSC,המועצה לביטחון לאומי של ארצות הברית,73,latin,,False,wikipedia,,"המועצה לביטחון לאומי של ארצות הברית – באנגלית: National Security Council, הגוף המייעץ לנשיא ארצות הברית בנושאי מדיניות חוץ וביטחון לאומי"
NSC,NSC,חוזה חברתי חדש,12,latin,,False,wikipedia,,"חוזה חברתי חדש – בהולנדית: Nieuw Sociaal Contract, מפלגה פוליטית בהולנד שהושקה והובלה על ידי פיטר אומטזיכט"
NSC,NSC,ועדת הקבינט לביטחון לאומי של אוסטרליה,5,latin,,False,wikipedia,,"ועדת הקבינט לביטחון לאומי של אוסטרליה – באנגלית: Cabinet National Security Committee, ועדה במחלקת ראש הממשלה והקבינט של ממשלת אוסטרליה המופקדת על פיקוח כל הנושאים הקשורים לביטחון הלאומי, תיאום מודיעיני ואסטרטגיה ביטחונית"
NSC,NSC,מרכז החלל הלאומי בלסטר,4,latin,,False,wikipedia,,"מרכז החלל הלאומי בלסטר – באנגלית: National Space Centre, מוזיאון ומשאב חינוכי המכסה את תחומי מדעי החלל והאסטרונומיה, שוכן בלסטר שבאנגליה"
NSC,NSC,מועדון הכדורגל נאשוויל,3,latin,,False,wikipedia,,"מועדון הכדורגל נאשוויל – באנגלית: Nashville Soccer Club, מועדון כדורגל מהעיר נאשוויל, בירת מדינת טנסי"
NY,NY,"New York, העיר ניו יורק",1,latin,,False,wiktionary,,"#New York, העיר ניו יורק."
NY,NY,"New York, מדינת ניו יורק בארצות הברית",0,latin,,False,wiktionary,,"#New York, מדינת ניו יורק ב[[ארצות הברית]]."
No,No,נובליום,18,latin,,False,wiktionary,כימיה,"#{{משלב/ר""ת|כימיה}} [[נובליום]]"
No,No,numero – מספר,0,latin,,False,wiktionary,לטינית,"#{{משלב/ר""ת|לטינית}} numero – [[מספר]]"
OVA,OVA,Ova (קיצור ל,1,latin,,False,wikipedia,,"Ova (קיצור ל–Ovalbumin) – אובלבומין, החלבון העיקרי בחלבון הביצה"
OVA,OVA,אנימה (יצירה מונפשת יפנית) שנועדה מראש להפצה לווידאו ביתי,1,latin,,False,wikipedia,,"אנימה (יצירה מונפשת יפנית) שנועדה מראש להפצה לווידאו ביתי, ראו אנימה (הנפשה)#OVA"
OVA,OVA,מיזם שיתופי של קרן לינוקס שפעל בשנים 2013,1,latin,,False,wikipedia,,"מיזם שיתופי של קרן לינוקס שפעל בשנים 2013–2016, לפיתוח תוכנות קוד פתוח חופשיות שניתן להריץ בסביבות עבודה וירטואליות, ראו גם וירטואליזציה"
VAC,VAC,ואץ,95,latin,,False,wikipedia,,"ואץ (בהונגרית: Vác) – עיירה בהונגריה, במחוז פשט"
VAC,VAC,מועדון סיף ואתלטיקה (הונגריה),2,latin,,False,wikipedia,,"מועדון סיף ואתלטיקה (הונגריה) (VAC; ראשי תיבות בהונגרית: Vívó és Atlétikai Club) – אגודת הספורט היהודית הראשונה בהונגריה, שנוסדה ב-1906"
VAC,VAC,טיפול בפצע באמצעות לחץ שלילי הידוע גם בשם VAC,1,latin,,False,wikipedia,,טיפול בפצע באמצעות לחץ שלילי הידוע גם בשם VAC (ראשי תיבות של Vacuum Assisted Closure)
א',א',אזרחי,9215,hebrew,True,False,wiktionary,משפטים,"# {{משלב/ר""ת|משפטים}} [[אזרחי]]"
א',א',אדון,2827,hebrew,True,False,wiktionary,,# אדון.
א',א',אֶלֶף,122,hebrew,True,False,wiktionary,,# {{הקשר|מספרים}} [[אלף#אֶלֶף|אֶלֶף]]
א',א',אחראי ל־,77,hebrew,True,False,wiktionary,"צה""ל","# {{משלב/ר""ת|צה""ל}} אחראי ל־."
א',א',(גשר) אירי,8,hebrew,False,False,wiktionary,"צה""ל","# {{משלב/ר""ת|צה""ל}} (גשר) אירי."
א',א',"קוד אירוע המציין טיפול באוּכלוּסייה, במערכת השלישות הצבאית",0,hebrew,False,False,wiktionary,"צה""ל","# {{משלב/ר""ת|צה""ל}} קוד אירוע המציין טיפול באוּכלוּסייה, במערכת השלישות הצבאית."
א',א',"קידומת למִספרו הצבאי של חייל בעתודה האקדֵמית של צה""ל",0,hebrew,False,False,wiktionary,"צה""ל","# {{משלב/ר""ת|צה""ל}} קידומת למִספרו הצבאי של חייל בעתודה האקדֵמית של צה""ל."
אא״ב,"אא""ב",אבות אכלו בוסר,16,hebrew,True,False,wiktionary,,#אבות אכלו בוסר.
אא״ב,"אא""ב",אי אמרת בשלמא,1,hebrew,True,False,wiktionary,,#אי אמרת בשלמא (ארמית)
אא״ג,"אא""ג",אף אוזן גרון,270,hebrew,True,False,wiktionary,רפואה,"# {{משלב/ר""ת|רפואה}} [[אף]] [[אוזן]] [[גרון]]."
אא״ג,"אא""ג",אלקטרואנצפלוגרף; תרשים הפעילות החשמלית של המוח,0,hebrew,True,False,wiktionary,רפואה,"# {{משלב/ר""ת|רפואה}} [[אלקטרואנצפלוגרף]]; תרשים הפעילות החשמלית של המוח."
אא״ח,"אא""ח",אמת או חובה,318,hebrew,True,False,wiktionary,,#אמת או חובה.
אא״ח,"אא""ח",אין איסור חל,5,hebrew,True,False,wiktionary,ארון הספרים היהודי,"#{{משלב/ר""ת|ארון הספרים היהודי}} אין איסור חל."
אא״ח,"אא""ח",איסור אשת אח,4,hebrew,True,False,wiktionary,ארון הספרים היהודי,"#{{משלב/ר""ת|ארון הספרים היהודי}} איסור אשת אח."
אא״ח,"אא""ח",אירוע אסכמטי חולף,0,hebrew,True,False,wiktionary,רפואה,"#{{משלב/ר""ת|רפואה}} אירוע אסכמטי חולף."
אא״ע,"אא""ע",ארגון אמהות עובדות,40,hebrew,True,False,wiktionary,,# ארגון אמהות עובדות.
אא״ע,"אא""ע",אחראי איכות ענפי,0,hebrew,True,False,wiktionary,"צה""ל","# {{משלב/ר""ת|צה""ל}} אחראי איכות ענפי."
אבט״ש,"אבט""ש",אבטחת יישובים,7,hebrew,True,False,wiktionary,"צה""ל","# {{משלב/ר""ת|צה""ל}} אבטחת יישובים."
אבט״ש,"אבט""ש",אבטחה שוטפת,1,hebrew,True,False,wiktionary,"צה""ל","# {{משלב/ר""ת|צה""ל}} אבטחה שוטפת. (נפוץ יותר כ[[בט""ש|בט""ש]])"
אבי״ב,"אבי""ב","איכות, בטיחות, ידע, בּוּ""ם (בקרה וּמעקב)",0,hebrew,True,False,wiktionary,,"# איכות, בטיחות, ידע, בּוּ""ם (בקרה וּמעקב)."
אבי״ב,"אבי""ב","איכות, ביקורת, ידע מבצעי ובטיחות",0,hebrew,True,False,wiktionary,,"# איכות, ביקורת, ידע מבצעי ובטיחות."
אבי״ר,"אבי""ר","אדוננו, בוראנו, יוצרנו ורופאנו - מידותיו של הקדוש ברוך הוא",0,hebrew,True,False,wiktionary,,"# [[אדון|אדוננו]], [[בורא|בוראנו]], [[יוצר|יוצרנו]] ו[[רופא|רופאנו]] - מידותיו של הקדוש ברוך הוא."
אבי״ר,"אבי""ר","אמונה, ביטחון, יראה ורחמנות - מידותיו של הלוחם",0,hebrew,True,False,wiktionary,,"# [[אמונה]], [[ביטחון]], [[יראה]] ו[[רחמנות]] - מידותיו של ה[[לוחם]]."
אב״ג,"אב""ג",אוניברסיטת בן-גוריון,2313,hebrew,True,False,wiktionary,,# אוניברסיטת בן-גוריון
אב״ג,"אב""ג",אבא גוריון,191,hebrew,True,False,wiktionary,,# אבא גוריון
אב״ג,"אב""ג",אברהם בר גוטלובר,43,hebrew,True,True,wiktionary,,# אברהם בר גוטלובר
אב״ג,"אב""ג",ארכיון בן-גוריון,15,hebrew,True,False,wikipedia,,"ארכיון בן-גוריון – ארכיון אודות דוד בן-גוריון שהוקם להנצחת מורשתו, ראו המכון למורשת בן-גוריון#ארכיון ומרכז מבקרים"
אב״ד,"אב""ד",אב בית דין,627,hebrew,True,False,wiktionary,יהדות,"# {{משלב/ר""ת|יהדות}} [[אב בית דין]]."
אב״ד,"אב""ד",אוירודינמיקה בלתי דחיסה,0,hebrew,True,False,wiktionary,תעופה,"# {{משלב/ר""ת|תעופה}} [[אוירודינמיקה]] בלתי דחיסה."
אב״י,"אב""י",אליעזר בן־יהודה,556,hebrew,True,False,wiktionary,,# [[w:אליעזר בן-יהודה|אליעזר בן־יהודה]]
אב״י,"אב""י",אבן יקרה,63,hebrew,True,True,wiktionary,,# אבן יקרה.
אב״ם,"אב""ם",אזור ביטחוני מיוחד,1,hebrew,True,False,wiktionary,"צה""ל","# {{משלב/ר""ת|צה""ל}} אזור ביטחוני מיוחד."
אב״ם,"אב""ם",(חיל האוויר) אבטחת מידע,0,hebrew,False,False,wiktionary,,# (חיל האוויר) אבטחת מידע.
אב״ם,"אב""ם",אבטחת מִבצעים,0,hebrew,True,False,wiktionary,"צה""ל","# {{משלב/ר""ת|צה""ל}} אבטחת מִבצעים."
אב״ם,"אב""ם","אגף האִרגון, הבקרה והמִנהל",0,hebrew,True,False,wiktionary,"צה""ל","# {{משלב/ר""ת|צה""ל}} אגף האִרגון, הבקרה והמִנהל."
אב״מ,"אב""מ",אבטחת מידע,807,hebrew,True,False,wiktionary,,# [[אבטחת מידע]].
אב״מ,"אב""מ",אין בעד מה,15,hebrew,True,False,wiktionary,,# [[אין בעד מה]]
אב״צ,"אב""צ",אקדמיה בזמן צבא,1,hebrew,True,False,wiktionary,"צה""ל","# {{משלב/ר""ת|צה""ל}} אקדמיה בזמן צבא."
אב״צ,"אב""צ",אבטחת ציבור,0,hebrew,True,False,wiktionary,"צה""ל","# {{משלב/ר""ת|צה""ל}} אבטחת ציבור."
אב״צ,"אב""צ",אביזר צמוד,0,hebrew,True,False,wiktionary,"צה""ל","# {{משלב/ר""ת|צה""ל}} אביזר צמוד."
אב״ש,"אב""ש",אבינו שבשמיים,24,hebrew,True,False,wiktionary,,# אבינו שב[[שמיים]].
אב״ש,"אב""ש",אבן שושן (המילונאי הנודע),0,hebrew,True,True,wiktionary,,# [[W:אבן שושן|אבן שושן]] (ה[[מילונאי]] הנודע).
אגו״ז,"אגו""ז","איכון, גילוי וזיהוי",0,hebrew,True,False,wiktionary,"צה""ל","# {{משלב/ר""ת|צה""ל}} איכון, גילוי וזיהוי."
אגו״ז,"אגו""ז",אנטי גרילה ולוחמה זעירה,0,hebrew,True,False,wiktionary,"צה""ל","# {{משלב/ר""ת|צה""ל}} [[אנטי]] [[גרילה]] ו[[לוחמה]] זעירה."
אגל״א,"אגל""א","""אתה גיבור לעולם, אדוני""",1,hebrew,True,False,wiktionary,,"# ""אתה גיבור לעולם, אדוני""."
אגל״א,"אגל""א",מילים אלו מופיעות בתפילת העמידה,0,hebrew,False,False,wiktionary,,"# מילים אלו מופיעות ב[[תפילה|תפילת]] העמידה. כמו כן, הן מופיעות לעתים על [[קמע|קמיעות]] [[נוצרי|נוצריים]]."
אג״ם,"אג""ם",אגף המבצעים,409,hebrew,True,False,wiktionary,"צה""ל","# {{משלב/ר""ת|צה""ל}} אגף המבצעים."
אג״ם,"אג""ם",אגף המטה,42,hebrew,True,False,wiktionary,"צה""ל","# {{משלב/ר""ת|צה""ל}} אגף המטה."
אג״ם,"אג""ם",אגף המטה הכללי,19,hebrew,True,False,wiktionary,"צה""ל","# {{משלב/ר""ת|צה""ל}} אגף המטה הכללי."
אג״ם,"אג""ם","אג""ם-מבצעים",10,hebrew,True,False,wiktionary,"צה""ל","# {{משלב/ר""ת|צה""ל}} [[אג""ם]]-מבצעים."
אג״מ,"אג""מ",אגף מבצעים,195,hebrew,True,False,wiktionary,,# [[אגף מבצעים]].
אג״מ,"אג""מ",אגף מטה,26,hebrew,True,False,wiktionary,,# אגף מטה.
אג״נ,"אג""נ",אדון וגברת נכבדים,0,hebrew,True,False,wiktionary,,# [[אדון]] ו[[גברת]] נכבדים.
אג״נ,"אג""נ",אדון/גברת נכבד/ה,0,hebrew,True,False,wiktionary,,# אדון/גברת נכבד/ה.
אג״ס,"אג""ס",אגודת סטודנטים,107,hebrew,True,False,wiktionary,,# אגודת [[סטודנט]]ים.
אג״ס,"אג""ס",אזור גאוגרפי-סטטיסטי,0,hebrew,True,False,wiktionary,"צה""ל","# {{משלב/ר""ת|צה""ל}} אזור גאוגרפי-סטטיסטי."
אג״ס,"אג""ס","איתור, גילוי, סימון",0,hebrew,True,False,wiktionary,"צה""ל","# {{משלב/ר""ת|צה""ל}} איתור, גילוי, סימון."
אד״ש,"אד""ש",אדר שני,26,hebrew,True,False,wiktionary,,# [[אדר שני]]
אד״ש,"אד""ש",אינו דוחה שבת,1,hebrew,True,False,wiktionary,,# אינו דוחה [[שבת]].
אד״ש,"אד""ש",אחר דרישת שלומו,0,hebrew,True,False,wiktionary,,# אחר דרישת שלומו.
אה״ב,"אה""ב",ארצות הברית,106217,hebrew,True,False,wiktionary,,#[[ארצות הברית]].
אה״ב,"אה""ב",את הבית,3121,hebrew,True,False,wiktionary,ארון הספרים היהודי,"#{{משלב/ר""ת|ארון הספרים היהודי}} את הבית."
אה״ב,"אה""ב",את הבשר,231,hebrew,True,False,wiktionary,,#את הבשר.
אה״ב,"אה""ב",את הבהמה,72,hebrew,True,False,wiktionary,,#את הבהמה.
אה״ק,"אה""ק",ארץ הקודש,537,hebrew,True,False,wiktionary,,#ארץ הקודש.
אה״ק,"אה""ק",ארון הקודש,534,hebrew,True,False,wiktionary,,#ארון הקודש.
אה״ק,"אה""ק",אוסילטור הרמוני קוונטי,1,hebrew,True,False,wiktionary,,# אוסילטור הרמוני קוונטי.
או״א,"או""א",אב ואם,255,hebrew,True,False,wiktionary,,# אב ואם.
או״א,"או""א",אלוהינו ואלוהי אבותינו,7,hebrew,True,False,wiktionary,יהדות,"# {{משלב/ר""ת|יהדות}} אלוהינו ואלוהי אבותינו."
או״א,"או""א",לוגיקה אם ורק אם,0,hebrew,False,False,wiktionary,,# <small>לוגיקה</small> [[אם ורק אם]].
או״ח,"או""ח",אורח חיים,3517,hebrew,True,False,wiktionary,ארון הספרים היהודי,"# {{משלב/ר""ת|ארון הספרים היהודי}} [[אורח חיים]]."
או״ח,"או""ח",אינטרנט ומידע חיוני,0,hebrew,True,False,wiktionary,מחשבים,"# {{משלב/ר""ת|מחשבים}} [[אינטרנט]] ומידע חיוני."
או״פ,"או""פ",או פסול,70,hebrew,True,False,wiktionary,ארון הספרים היהודי,"#{{משלב/ר""ת|ארון הספרים היהודי}} או פסול."
או״פ,"או""פ",אוניברסיטה פתוחה,20,hebrew,True,False,wiktionary,,#[[אוניברסיטה]] פתוחה.
או״פ,"או""פ",אור פנימי,9,hebrew,True,False,wiktionary,תורת הקבלה,"#{{משלב/ר""ת|תורת הקבלה}} אור פנימי."
או״פ,"או""פ",אברים ופדרים,0,hebrew,True,False,wiktionary,ארון הספרים היהודי,"#{{משלב/ר""ת|ארון הספרים היהודי}} [[אבר]]ים ו[[פדר]]ים."
או״ק,"או""ק",אות קריאה,510,hebrew,True,False,wiktionary,,# [[אות קריאה]].
או״ק,"או""ק",אישות וקבורה,0,hebrew,True,False,wiktionary,,# אישות וקבורה.
אז״ר,"אז""ר",אלכסנדר זיסקינד רבינוביץ',44,hebrew,True,False,wiktionary,,# אלכסנדר זיסקינד רבינוביץ'.
אז״ר,"אז""ר",אויב זרק רימון,0,hebrew,True,False,wiktionary,,#  אויב זרק רימון.
אחב״י,"אחב""י",אחינו בית ישראל,21,hebrew,True,False,wiktionary,,#אחינו [[בית]] [[ישראל]].
אחב״י,"אחב""י",אחינו בני ישראל,21,hebrew,True,False,wiktionary,,#אחינו [[בני ישראל]].
אחמ״ש,"אחמ""ש",אחראי משמרת,11,hebrew,True,False,wiktionary,,# אחראי [[משמרת]].
אחמ״ש,"אחמ""ש",אִחוד משפחות,0,hebrew,True,False,wiktionary,,#אִחוד משפחות
אח״ז,"אח""ז",אחרי זה,380,hebrew,True,False,wiktionary,,#אחרי זה.
אח״ז,"אח""ז",אחר זמנו,4,hebrew,True,False,wiktionary,,#אחר [[זמן|זמנו]].
אח״י,"אח""י","מפלגת אח""י",17,hebrew,False,False,wikipedia,,"מפלגת אח""י – מפלגה דתית ישראלית"
אח״י,"אח""י",אניית חיל הים,7,hebrew,True,False,wiktionary,,#[[אוניה|אניית]] [[חיל הים]].
אח״י,"אח""י",אחזקה יבשה,0,hebrew,True,False,wiktionary,,#אחזקה יבשה.
אח״י,"אח""י","ארץ, חברה, יהדות - מפלגת אח""י",0,hebrew,True,False,wiktionary,,"#ארץ, חברה, יהדות - מפלגת אח""י"
אח״ם,"אח""ם",אגף החקירות והמודיעין,144,hebrew,True,False,wikipedia,,אגף החקירות והמודיעין – אגף של משטרת ישראל
אח״ם,"אח""ם",אישיות חשובה מאוד,9,hebrew,True,False,wikipedia,,אישיות חשובה מאוד – אישיות ציבורית ידועה הנהנית מזכויות יתר עקב חשיבותה או מעמדה
אח״מ,"אח""מ",אחרי מות,1104,hebrew,True,False,wiktionary,יהדות,"#{{משלב/ר""ת|יהדות}} אחרי מות (פרשה שבועית)"
אח״מ,"אח""מ",אחר מכן,27,hebrew,True,False,wiktionary,,# [[אחר#אַחַר|אחר]] מ[[כן]].
אח״מ,"אח""מ",אגף חקירות ומודיעין,25,hebrew,True,False,wiktionary,משטרה,"# {{משלב/ר""ת|משטרה}} [[אגף]] [[חקירה|חקירות]] ו[[מודיעין]]."
אח״מ,"אח""מ",אישיות חשובה מאוד,9,hebrew,True,False,wiktionary,,# [[אישיות]] [[חשוב]]ה [[מאוד]].
אח״מ,"אח""מ","אחר מיתה, אחר מוֹת־",0,hebrew,True,False,wiktionary,ארון הספרים היהודי,"#{{משלב/ר""ת|ארון הספרים היהודי}} אחר [[מיתה]], אחר [[מת|מוֹת]]־"
איו״ב,"איו""ב",(חתימה של סופר עברי) אני יוסף בריל,0,hebrew,False,False,wiktionary,,# ([[חתימה]] של סופר עברי) אני יוסף בריל.
איו״ב,"איו""ב",אשרי יושבי ביתך (מילים פותחות פרק בתהלים ובתפילה),0,hebrew,True,False,wiktionary,יהדות,"# {{משלב/ר""ת|יהדות}} אשרי יושבי ביתך (מילים פותחות פרק בתהלים ובתפילה)."
איו״ש,"איו""ש",אזור יהודה ושומרון,184,hebrew,True,False,wiktionary,גאוגרפיה,"#{{משלב/ר""ת|גאוגרפיה}} [[אזור]] [[יהודה]] ו[[שומרון]]."
איו״ש,"איו""ש",אריכות ימים ושנים,1,hebrew,True,False,wiktionary,,# [[אריכות ימים]] ושנים.
איסו״ה,"איסו""ה",איסור והיתר,210,hebrew,True,False,wiktionary,יהדות,# {{משלב|יהדות}} [[אסור#אִסּוּר|איסור]] ו[[התר|היתר]]
איסו״ה,"איסו""ה","איסור הנאה, איסורי הנאה",0,hebrew,True,False,wiktionary,יהדות,"# {{משלב|יהדות}} [[אסור#אִסּוּר|איסור]] [[הנאה]], איסורי הנאה."
אי״ה,"אי""ה",ארץ ישראל השלמה,427,hebrew,True,False,wiktionary,,# [[ארץ ישראל]] השלמה.
אי״ה,"אי""ה",אם ירצה השם,7,hebrew,True,False,wiktionary,,# אם ירצה השם.
אי״ל,"אי""ל",ארגון יהודי לוחם,12,hebrew,True,False,wiktionary,,#ארגון יהודי לוחם.
אי״ל,"אי""ל",אגודה ישראלית לסכרת,0,hebrew,True,False,wiktionary,,#אגודה ישראלית ל[[סכרת]]
אלו״ל,"אלו""ל",אני לדודי ודודי לי,10,hebrew,True,False,wiktionary,,#אני לדודי ודודי לי.
אלו״ל,"אלו""ל","שמות כא', יג'",0,hebrew,False,False,wiktionary,,"#(והאלהים) אנה לידו ושמתי לך. <Br> שמות כא', יג'."
אל״ם,"אל""ם",אלוף משנה,2519,hebrew,True,False,wiktionary,,# [[אלוף משנה]].
אל״ם,"אל""ם",ארגון לא־ממשלתי,144,hebrew,True,False,wiktionary,,# ארגון לא־ממשלתי.
אל״ם,"אל""ם (פירושונים)",אביגדור בן שמחה הלוי מגלוגוי,2,hebrew,True,True,wikipedia,,"אביגדור בן שמחה הלוי מגלוגוי – מורה ומדקדק עברי, שנודע גם בראשי התיבות אל""ם"
אמ״ט,"אמ""ט",אינו מטמא,51,hebrew,True,False,wiktionary,,# אינו מטמא.
אמ״ט,"אמ""ט",אזור מוגן טילים,3,hebrew,True,False,wiktionary,,# [[אזור]] מוגן [[טיל]]ים.
אמ״ל,"אמ""ל",אין מה להוסיף,1,hebrew,True,False,wiktionary,,# אין מה ל[[הוספה|הוסיף]].
אמ״ם,"אמ""ם",אם ורק אם,973,hebrew,True,False,wiktionary,,# אם ורק אם.
אמ״ם,"אמ""ם",אמצעים מיוחדים,79,hebrew,True,False,wiktionary,"צה""ל","# {{משלב/ר""ת|צה""ל}} אמצעים מיוחדים."
אמ״ן,"אמ""ן",אגף מודיעין,41,hebrew,True,False,wiktionary,"צה""ל","# {{משלב/ר""ת|צה""ל}} אגף מודיעין."
אמ״ן,"אמ""ן",אל מלך נאמן,8,hebrew,True,False,wiktionary,יהדות,"# {{משלב/ר""ת|יהדות}} אל [[מלך]] נאמן."
אמ״ץ,"אמ""ץ",אותו מצב,59,hebrew,True,False,wiktionary,,#אותו מצב.
אמ״ץ,"אמ""ץ","אגף המבצעים (בעבר נקרא אג""ם)",0,hebrew,True,True,wiktionary,"צה""ל","#{{משלב/ר""ת|צה""ל}} [[אגף מבצעים|אגף המבצעים]] (בעבר נקרא [[אג""ם]])."
אמ״ץ,"אמ""ץ",אדוני/אדונינו מורה צדק,0,hebrew,True,False,wiktionary,ארון הספרים היהודי,"#{{משלב/ר""ת|ארון הספרים היהודי}} אדוני/אדונינו מורה צדק."
אמ״ץ,"אמ""ץ",אזור מוכה ציפורים,0,hebrew,True,False,wiktionary,,#אזור מוכה ציפורים.
אמ״ק,"אמ""ק",אינץ' מעוקב,18,hebrew,True,False,wiktionary,יחידות מידה,"# {{משלב/ר""ת|יחידות מידה}} אינץ' מעוקב."
אמ״ק,"אמ""ק",אצבע מעוקבת,1,hebrew,True,False,wiktionary,,# אצבע מעוקבת.
אמ״ש,"אמ""ש",אגף משאבי אנוש,143,hebrew,True,False,wiktionary,משטרה,"#{{משלב/ר""ת|משטרה}} אגף משאבי אנוש."
אמ״ש,"אמ""ש",אוויר מים אש,7,hebrew,True,False,wiktionary,תורת הקבלה,"#{{משלב/ר""ת|תורת הקבלה}} אוויר מים אש."
אס״י,"אס""י",האגודה הסוציולוגית הישראלית,51,hebrew,False,False,wiktionary,,#האגודה הסוציולוגית הישראלית.
אס״י,"אס""י",ארגון ספרני ישראל,5,hebrew,True,False,wiktionary,,#ארגון ספרני ישראל.
אס״י,"אס""י",אבטחת סיור,0,hebrew,True,False,wiktionary,,#אבטחת סיור.
אס״ק,"אס""ק",אווירת סוף קו,0,hebrew,True,False,wiktionary,,# [[אוירה|אווירת]] סוף קו.
אס״ק,"אס""ק",אווירת סוף קורס,0,hebrew,True,False,wiktionary,,# [[אוירה|אווירת]] סוף קורס.
אס״ק,"אס""ק",אי ספיקה (רפואה),0,hebrew,True,False,wiktionary,,# אי [[ספיקה]] ([[רפואה]]).
אע״כ,"אע""כ",אלא עד כאן,2,hebrew,True,False,wiktionary,,# [[אלא]] [[עד]] [[כאן]]
אע״כ,"אע""כ",אלא על כרחך,1,hebrew,True,False,wiktionary,,# [[אלא]] [[על]] [[כרח]]ך
אצ״ל,"אצ""ל",ארגון צבאי לאומי,29,hebrew,True,False,wiktionary,,#[[ארגון]] [[צבא]]י [[לאום|לאומי]].
אצ״ל,"אצ""ל",אין צריך לומר,7,hebrew,True,False,wiktionary,,#[[אין]] צריך [[אמירה|לומר]].
אש״ל,"אש""ל",אין שומעין לו,7,hebrew,True,False,wiktionary,,# אין שומעין לו
אש״ל,"אש""ל",איפה שלמה,7,hebrew,True,False,wiktionary,,# איפה שלמה (פרוש על הספר עץ חיים)
אש״ל,"אש""ל",אכילה שתיה לינה,1,hebrew,True,False,wiktionary,,# [[אכילה]] [[שתיה]] [[לינה]]
את״ד,"את""ד",האגודה לתרבות הדיור,53,hebrew,False,False,wiktionary,,#ה[[אגודה]] לתרבות הדיור.
את״ד,"את""ד",אלו תמצית דבריו,0,hebrew,True,False,wiktionary,,#אלו [[תמצית]] דבריו.
את״ל,"את""ל",אגף תמיכה לוגיסטית,96,hebrew,True,False,wiktionary,משטרה,"#{{משלב/ר""ת|משטרה}} [[אגף]] [[תמיכה]] [[לוגיסטיקה|לוגיסטית]]."
את״ל,"את""ל",אם תאמר לי,1,hebrew,True,False,wiktionary,,#אם תאמר לי.
את״ל,"את""ל",אי תימא לי (אם תאמר לי),0,hebrew,True,False,wiktionary,ארמית,"#{{משלב/ר""ת|ארמית}} אי תימא לי (אם תאמר לי)."
את״ל,"את""ל",אם תמצא לומר (אם תוכל לומר),0,hebrew,True,False,wiktionary,ארמית,"#{{משלב/ר""ת|ארמית}} אם תמצא לומר (אם תוכל לומר)."
את״ל,"את""ל",אם תקשה לך,0,hebrew,True,False,wiktionary,,#אם תקשה לך.
את״ל,"את""ל",אם תרצה לידע,0,hebrew,True,False,wiktionary,,#אם תרצה לידע.
א״א,"א""א",אי אפשר,2522,hebrew,True,False,wiktionary,,#[[אי#אִי ב|אי]] [[אפשר]].
א״א,"א""א",אדר א',1529,hebrew,True,False,wiktionary,,# אדר א'.
א״א,"א""א",אברהם אבינו,361,hebrew,True,False,wiktionary,יהדות,"# {{משלב/ר""ת|יהדות}} [[אברהם]] אבינו."
א״א,"א""א",אמן אמן,262,hebrew,True,False,wiktionary,יהדות,"# {{משלב/ר""ת|יהדות}} [[אמן#אָמֵן|אמן]] [[אמן#אָמֵן|אמן]]."
א״א,"א""א",אין אדם,242,hebrew,True,False,wiktionary,,#אין אדם.
א״א,"א""א",אשת איש,148,hebrew,True,False,wiktionary,יהדות,"# {{משלב/ר""ת|יהדות}} [[אשת איש]]."
א״א,"א""א",אין אומרים,122,hebrew,True,False,wiktionary,,# אין אומרים.
א״א,"א""א",אדרת אליהו,84,hebrew,True,False,wiktionary,יהדות,"# {{משלב/ר""ת|יהדות}} אדרת אליהו."
א״א,"א""א",אחרים אומרים,82,hebrew,True,False,wiktionary,,# אחרים אומרים.
א״א,"א""א",אחד אמר,65,hebrew,True,False,wiktionary,,# אחד אמר.
א״א,"א""א",אלכוהוליסטים אנונימיים,61,hebrew,True,False,wiktionary,,# [[אלכוהוליסט]]ים [[אנונימי]]ים.
א״א,"א""א",איסור אכילה,40,hebrew,True,False,wiktionary,יהדות,"# {{משלב/ר""ת|יהדות}} [[איסור]] [[אכילה]]."
א״א,"א""א",ארך אפים,38,hebrew,True,False,wiktionary,יהדות,"# {{משלב/ר""ת|יהדות}} [[ארך אפים]]."
א״א,"א""א",אל אדון,33,hebrew,True,False,wiktionary,יהדות,"# {{משלב/ר""ת|יהדות}} אל אדון."
א״א,"א""א",אדוני אבי,26,hebrew,True,False,wiktionary,,# [[אדון|אדוני]] [[אב#אָב א|אבי]].
א״א,"א""א",איכות ואמינות,18,hebrew,True,False,wiktionary,"צה""ל","# {{משלב/ר""ת|צה""ל}} [[איכות]] ו[[אמינות]]."
א״א,"א""א",אגב אורחא,17,hebrew,True,False,wiktionary,,# [[אגב אורחא]].
א״א,"א""א",אתה אחד,16,hebrew,True,False,wiktionary,יהדות,"# {{משלב/ר""ת|יהדות}} אתה אחד."
א״א,"א""א",אלף אלפים,13,hebrew,True,False,wiktionary,,# אלף אלפים.
א״א,"א""א",אור אחרון,11,hebrew,True,False,wiktionary,"צה""ל","# {{משלב/ר""ת|צה""ל}} [[אור]] [[אחרון]]."
א״א,"א""א",אין אומרין,6,hebrew,True,False,wiktionary,,# אין אומרין.
א״א,"א""א",אמר אליהו,6,hebrew,True,False,wiktionary,יהדות,"# {{משלב/ר""ת|יהדות}} אמר אליהו."
א״א,"א""א",אדיר אדירנו,2,hebrew,True,False,wiktionary,יהדות,"# {{משלב/ר""ת|יהדות}} [[אדיר]] אדירנו."
א״א,"א""א",אחד אלהינו,2,hebrew,True,False,wiktionary,יהדות,"# {{משלב/ר""ת|יהדות}} אחד אלהינו."
א״א,"א""א",אי אמרת,1,hebrew,True,False,wiktionary,,# אי אמרת. (ארמית-אם אמרת)
א״א,"א""א",אֶגֶד ארטילרי,0,hebrew,True,False,wiktionary,"צה""ל","# {{משלב/ר""ת|צה""ל}} [[אגד|אֶגֶד]] [[ארטילרי]]."
א״א,"א""א","אבטחת איכות (המונח התקני: ה""א - הבטחת איכות)",0,hebrew,True,False,wiktionary,,"# אבטחת איכות (המונח התקני: ה""א - [[הבטחת איכות]])."
א״א,"א""א",אויר־אויר (יש ההוגים: אָלֶ״ף־אָלֶ״ף),0,hebrew,True,False,wiktionary,"צה""ל","# {{משלב/ר""ת|צה""ל}} [[אויר]]־[[אויר]] (יש ההוגים: אָלֶ״ף־אָלֶ״ף)."
א״א,"א""א",אוקיי ואוקיי,0,hebrew,True,False,wiktionary,"צה""ל","# {{משלב/ר""ת|צה""ל}} [[אוקיי]] ו[[אוקיי]]"
א״א,"א""א",אחזקה אוירית,0,hebrew,True,False,wiktionary,"צה""ל","# {{משלב/ר""ת|צה""ל}} [[אחזקה]] [[אוירי]]ת."
א״א,"א""א","אינפרה אדום (המונח התקני: תַת־אָדוֹם; גם אינ""א)",0,hebrew,True,False,wiktionary,פיזיקה,"# {{משלב/ר""ת|פיזיקה}} אינפרה אדום (המונח התקני: [[תת אדם|תַת־אָדוֹם]]; גם [[אינ""א]])."
א״א,"א""א","אל""ף־אל""ף",0,hebrew,True,False,wiktionary,סלנג,"# {{משלב/ר""ת|סלנג}} [[אלף אלף|אל""ף־אל""ף]]."
א״א,"א""א","אמל""ח אויב (הֲגוּ: אָלֶ״ף־אָלֶ״ף)",0,hebrew,True,False,wiktionary,"צה""ל","# {{משלב/ר""ת|צה""ל}} [[אמל""ח]] [[אויב]] (הֲגוּ: אָלֶ״ף־אָלֶ״ף)."
א״א,"א""א","אמר אברהם (ראב""ד)",0,hebrew,True,False,wiktionary,יהדות,"# {{משלב/ר""ת|יהדות}} אמר אברהם ([[ראב""ד]])."
א״ב,"א""ב",ארצות הברית,106217,hebrew,True,False,wiktionary,,# ארצות הברית.
א״ב,"א""ב",אדר ב',1482,hebrew,True,False,wiktionary,,# אדר ב'.
א״ב,"א""ב",ארוחת בוקר,434,hebrew,True,False,wiktionary,,# ארוחת בוקר.
א״ב,"א""ב",אלף-בית,266,hebrew,True,False,wiktionary,,# [[אלף בית|אלף-בית]]
א״ב,"א""ב",אין ביכולתו,98,hebrew,True,False,wiktionary,,# אין ביכולתו.
א״ב,"א""ב",אתה בחרתנו,80,hebrew,True,False,wiktionary,יהדות,"# {{משלב/ר""ת|יהדות}} אתה בחרתנו."
א״ב,"א""ב",אבן בוחן,64,hebrew,True,True,wiktionary,,# [[אבן בחן|אבן בוחן]]
א״ב,"א""ב",אמרי בינה,64,hebrew,True,False,wiktionary,,# אמרי בינה.
א״ב,"א""ב",אנשי ביתו,18,hebrew,True,False,wiktionary,,# אנשי ביתו.
א״ב,"א""ב",איסור בישול,14,hebrew,True,False,wiktionary,,# איסור בישול.
א״ב,"א""ב",איסור בנייה,9,hebrew,True,False,wiktionary,,# איסור בנייה.
א״ב,"א""ב",אמת בניין,5,hebrew,True,False,wiktionary,,# אמת בניין.
א״ב,"א""ב",איתור בית,3,hebrew,True,False,wiktionary,,# איתור בית.
א״ב,"א""ב",אישור בחירות,2,hebrew,True,False,wiktionary,,# אישור בחירות.
א״ב,"א""ב",איכא ביניהו (יש ביניהם,0,hebrew,True,False,wiktionary,ארון הספרים היהודי,"# {{משלב/ר""ת|ארון הספרים היהודי}} איכא ביניהו (יש ביניהם. המשמעות ההבדל בין שתי שיטות)."
א״ב,"א""ב",אין בו; אין בה,0,hebrew,True,False,wiktionary,,# אין בו; אין בה.
א״ב,"א""ב",אין ברֵרה,0,hebrew,True,False,wiktionary,,# אין ברֵרה.
א״בדב״ס,א“ב דב”ס,אלפא ביתא דבן סירא,20,hebrew,True,False,wiktionary,יהדות,"# {{משלב/ר""ת|יהדות}} '''א'''לפא '''ב'''יתא '''דב'''ן '''ס'''ירא."
א״ג,"א""ג",אימון גופני,111,hebrew,True,False,wiktionary,,"# {{משלב/ר""ת|ספורט|צה""ל}} אימון גופני."
א״ג,"א""ג",אבן גבול,25,hebrew,True,True,wiktionary,,# אבן גבול.
א״ג,"א""ג",איכות גבולית,0,hebrew,True,False,wiktionary,"צה""ל","# {{משלב/ר""ת|צה""ל}} איכות גבולית."
א״ד,"א""ד",אינו דומה,138,hebrew,True,False,wiktionary,,# [[אינו]] [[דומה]].
א״ד,"א""ד",אינו דין,13,hebrew,True,False,wiktionary,,# אינו [[דין]].
א״ד,"א""ד",אליבא דאמת,7,hebrew,True,False,wiktionary,ארמית,"#{{משלב/ר""ת|ארמית}} אליבא דאמת."
א״ד,"א""ד",אשראי דוקומנטרי,5,hebrew,True,False,wiktionary,כלכלה,"#{{משלב/ר""ת|כלכלה}} אשראי דוקומנטרי."
א״ד,"א""ד",איכא דאמרי (יש אומרים),0,hebrew,True,False,wiktionary,ארמית,"#{{משלב/ר""ת|ארמית}} איכא דאמרי ([[יש]] אומרים)."
א״ד,"א""ד",אליבא דידי (דידיה),0,hebrew,True,False,wiktionary,ארמית,"#{{משלב/ר""ת|ארמית}} אליבא דידי (דידיה)."
א״ד,"א""ד",אנית-דיג,0,hebrew,True,False,wiktionary,,# אנית-דיג.
א״ה,"א""ה",אבן העזר,729,hebrew,True,True,wiktionary,ארון הספרים היהודי,"#{{משלב/ר""ת|ארון הספרים היהודי}} אבן העזר."
א״ה,"א""ה",אוצר הברכות,0,hebrew,True,False,wiktionary,ארון הספרים היהודי,"#{{משלב/ר""ת|ארון הספרים היהודי}} [[אוצר]] ה[[ברכה#בְּרָכָה|ברכות]]."
א״ה,"א""ה",אי הכי (אם כך),0,hebrew,True,False,wiktionary,ארמית,"#{{משלב/ר""ת|ארמית}} אי הכי (אם כך)."
א״ה,"א""ה",אמר הכותב/המחבר/העורך,0,hebrew,True,False,wiktionary,,#[[אמר#אָמַר|אמר]] ה[[כתב#כָּתַב|כותב]]/ה[[מחבר]]/ה[[ערך#עָרַךְ|עורך]].
א״ז,"א""ז",את זה,8426,hebrew,True,False,wiktionary,,# את זה
א״ז,"א""ז",אין זה,1971,hebrew,True,False,wiktionary,,# אין זה
א״ז,"א""ז",אי־זוגי,350,hebrew,True,False,wiktionary,,# אי־זוגי
א״ז,"א""ז",אור זרוע,305,hebrew,True,False,wiktionary,ארון הספרים היהודי,"# {{משלב/ר""ת|ארון הספרים היהודי}} [[w:אור זרוע|אור זרוע]] (ספר)"
א״ז,"א""ז",אדרא זוטא,8,hebrew,True,False,wiktionary,יהדות,"# {{משלב/ר""ת|יהדות}} [[:w:אדרא זוטא|אדרא זוטא]]"
א״ז,"א""ז",אדוני זקני,4,hebrew,True,False,wiktionary,,# אדוני זקני
א״ח,"א""ח",אורך חיים,242,hebrew,True,False,wiktionary,,# [[ארך#אֹרֶךְ|אורך]] [[חיים]].
א״ח,"א""ח",אגף חקירות,73,hebrew,True,False,wiktionary,,# [[אגף]] [[חקירה|חקירות]].
א״ט,"א""ט",ארוך־טווח,1244,hebrew,True,False,wiktionary,,# ארוך־טווח.
א״ט,"א""ט",אַב־טִיפּוּס,2,hebrew,True,False,wiktionary,,# [[אב טיפוס|אַב־טִיפּוּס]].
א״י,"א""י",ארץ ישראל,16834,hebrew,True,False,wiktionary,,# [[ארץ ישראל]].
א״י,"א""י",אבן יקרה,63,hebrew,True,True,wiktionary,,# אבן יקרה.
א״י,"א""י",אינו יהודי,59,hebrew,True,False,wiktionary,,# אינו יהודי.
א״י,"א""י",אין יכול,13,hebrew,True,False,wiktionary,,# אין יכול.
א״כ,"א""כ",אם כן,4005,hebrew,True,False,wiktionary,,#[[אם כן]].
א״כ,"א""כ",אם כך,674,hebrew,True,False,wiktionary,,#[[אם כך]].
א״כ,"א""כ",ארבע כוסות,113,hebrew,True,False,wiktionary,,#[[ארבע]] כוסות.
א״כ,"א""כ",אין כסף,111,hebrew,True,False,wiktionary,,#[[אין]] [[כסף]].
א״כ,"א""כ",ארבע כנפות,42,hebrew,True,False,wiktionary,,#ארבע כנפות.
א״כ,"א""כ",אין כמוך,33,hebrew,True,False,wiktionary,,#אין [[כמוך]].
א״כ,"א""כ",אדם כשר,19,hebrew,True,False,wiktionary,,#[[אדם]] [[כשר]].
א״כ,"א""כ",אינו כדאי,12,hebrew,True,False,wiktionary,,#[[אינו]] [[כדאי]].
א״כ,"א""כ",אין כאלוקינו,9,hebrew,True,False,wiktionary,,#אין כאלוקינו.
א״כ,"א""כ",אתה כוננת,8,hebrew,True,False,wiktionary,,#[[אתה]] כוננת.
א״כ,"א""כ",אחרי כן/אחר כך,0,hebrew,True,False,wiktionary,,#אחרי כן/אחר כך.
א״ל,"א""ל",אמר לו,1124,hebrew,True,False,wiktionary,יהדות,"# {{משלב/ר""ת|יהדות}} [[אמירה|אמר]] לו."
א״ל,"א""ל",אמר ליה,126,hebrew,True,False,wiktionary,ארמית,"# {{משלב/ר""ת|ארמית}} [[אמירה|אמר]] ליה."
א״ל,"א""ל",איכא למימר,1,hebrew,True,False,wiktionary,ארמית,"# {{משלב/ר""ת|ארמית}} איכא למימר. (יש לומר, פתיחה לתשובה על שאלה)."
א״מ,"א""מ","אמ""ן",827,hebrew,True,False,wiktionary,,"# [[אמ""ן]]"
א״מ,"א""מ",אמצעים מיוחדים,79,hebrew,True,False,wiktionary,,# [[אמצעי]]ם [[מיחד#מְיֻחָד|מיוחדים]].
א״מ,"א""מ",אגף מודיעין,41,hebrew,True,False,wiktionary,,# [[אגף#אֲגַף|אגף]] [[מודיעין]].
א״מ,"א""מ",אליעזר מאיר (ליפשיץ),34,hebrew,True,False,wiktionary,,# [[w:אליעזר מאיר ליפשיץ|אליעזר מאיר (ליפשיץ)]].
א״מ,"א""מ",אניית מנוע (א/מ),0,hebrew,True,False,wiktionary,,# [[אנית מנוע|אניית מנוע]] (א/מ).
א״נ,"א""נ",אינו נאמן,71,hebrew,True,False,wiktionary,,# אינו [[נאמן]].
א״נ,"א""נ",אדון נכבד,2,hebrew,True,False,wiktionary,,# [[אדון]] נכבד.
א״נ,"א""נ",און נאך (ועוד),0,hebrew,True,False,wiktionary,,# און נאך ([[ועוד]]).
א״נ,"א""נ",אי נימא (אם נאׂמר),0,hebrew,True,False,wiktionary,ארמית,"#{{משלב/ר""ת|ארמית}} אי נימא (אם נאׂמר)."
א״נ,"א""נ",אי נמי (מילולית: או גם,0,hebrew,True,False,wiktionary,ארמית,"#{{משלב/ר""ת|ארמית}} [[אי נמי]] (מילולית: או גם. משמעות: תירוץ נוסף)."
א״ס,"א""ס",אין סוף,236,hebrew,True,False,wiktionary,,#אין סוף. סימולו המתמטי: <math>\ \infty</math>
א״ס,"א""ס",האל היחיד,35,hebrew,False,False,wiktionary,,# {{הקשר|קבלה}} האל היחיד
א״ע,"א""ע",את עצמו,12998,hebrew,True,False,wiktionary,,# את עצמו.
א״ע,"א""ע",אנציקלופדיה עברית,37,hebrew,True,False,wiktionary,,# [[אנציקלופדיה]] עברית.
א״ע,"א""ע",אוניברסיטה עברית,21,hebrew,True,False,wiktionary,,# [[אוניברסיטה]] עברית.
א״ק,"א""ק",אוויר-קרקע,264,hebrew,True,False,wiktionary,"צה""ל","#{{משלב/ר""ת|צה""ל}} [[אויר|אוויר]]-[[קרקע]]."
א״ק,"א""ק",אתלטיקה קלה,154,hebrew,True,False,wiktionary,ספורט,"#{{משלב/ר""ת|ספורט}} [[אתלטיקה]] [[קל]]ה."
א״ק,"א""ק",אדם קדמון,73,hebrew,True,False,wiktionary,תורת הקבלה,"#{{משלב/ר""ת|תורת הקבלה}} [[אדם קדמון]]."
א״ק,"א""ק",אם קריאה,34,hebrew,True,False,wiktionary,דקדוק,"#{{משלב/ר""ת|דקדוק}} [[אם קריאה]]."
א״ק,"א""ק",אמר קרא,14,hebrew,True,False,wiktionary,ארמית,"#{{משלב/ר""ת|ארמית}} [[אמר קרא]]."
א״ק,"א""ק",אנית קיטור,1,hebrew,True,False,wiktionary,,# [[אנית קיטור]].
א״ר,"א""ר",אמר רבי,651,hebrew,True,False,wiktionary,יהדות,"# {{משלב/ר""ת|יהדות}} [[אמירה|אמר]] רבי."
א״ר,"א""ר",אליהו רבה,39,hebrew,True,False,wiktionary,יהדות,"# {{משלב/ר""ת|יהדות}} [[אליהו]] רבה."
א״ר,"א""ר",אל רחום,23,hebrew,True,False,wiktionary,יהדות,"# {{משלב/ר""ת|יהדות}} [[אל]] רחום."
א״ר,"א""ר",אוטורוטציה,5,hebrew,True,False,wiktionary,תעופה,"# {{משלב/ר""ת|תעופה}} אוטורוטציה. הנמכת־חירום של מסוק כאשר מנועיו אינם פועלים."
א״ש,"א""ש",אי-שוויון,838,hebrew,True,False,wiktionary,,# [[אי שיוויון|אי-שוויון]].
א״ש,"א""ש",איש שלום,502,hebrew,True,False,wiktionary,,# איש שלום.
א״ש,"א""ש",אבינו שבשמים,45,hebrew,True,False,wiktionary,,# אבינו שבשמים.
א״ש,"א""ש",ארמית שומרונית,33,hebrew,True,False,wiktionary,,#ארמית שומרונית.
א״ש,"א""ש",אדר שני,26,hebrew,True,False,wiktionary,,# אדר שני.
א״ש,"א""ש",אמר שם,14,hebrew,True,False,wiktionary,,# אמר שם.
א״ש,"א""ש",אנשי שלומנו,12,hebrew,True,False,wiktionary,,# אנשי שלומנו.
א״ש,"א""ש",אימון שדה,2,hebrew,True,False,wiktionary,,# אימון שדה.
א״ת,"א""ת",אל תאמר,124,hebrew,True,False,wiktionary,,#אל [[אמר|תאמר]].
א״ת,"א""ת",אזור תעשיה,20,hebrew,True,False,wiktionary,,#[[אזור תעשיה]].
א״ת,"א""ת",אם תאמר,11,hebrew,True,False,wiktionary,,#אם תאמר.
בא״ח,"בא""ח",בן איש חי,140,hebrew,True,True,wiktionary,,# בן איש חי.
בא״ח,"בא""ח",בסיס אימונים חטיבתי,5,hebrew,True,False,wiktionary,,# בסיס אימונים חטיבתי.
בא״ש,"בא""ש",באר שבע,12281,hebrew,True,False,wiktionary,גאוגרפיה,"# {{משלב/ר""ת|גאוגרפיה}} באר שבע."
בא״ש,"בא""ש",בני אברהם שפירא,0,hebrew,True,False,wiktionary,,# בני אברהם שפירא (שם משפחה)
בב״ד,"בב""ד",בפני בית דין,251,hebrew,True,False,wiktionary,,#בפני בית דין
בב״ד,"בב""ד",בטיחות בדרכים,116,hebrew,True,False,wiktionary,,# בטיחות בדרכים.
בדא״ח,"בדא""ח",בדרך אחרת,436,hebrew,True,False,wiktionary,,#בדרך אחרת.
בדא״ח,"בדא""ח",בדרך אחת,39,hebrew,True,False,wiktionary,,#בדרך אחת.
בדא״ח,"בדא""ח",בדיבור אחד,8,hebrew,True,False,wiktionary,,#בדיבור אחד.
בדא״ח,"בדא""ח",בדברי אלוקים חיים,0,hebrew,True,False,wiktionary,,#בדברי אלוקים חיים
בדר״כ,"בדר""כ",בדרך כלל,32846,hebrew,True,False,wiktionary,,#[[בדרך כלל]].
בדר״כ,"בדר""כ",ב-ד רב כהנא- ארמית בשל רב כהנא,0,hebrew,True,True,wiktionary,,# ב-ד [[רב]] [[כהנא]]- ארמית בשל רב כהנא.
בד״א,"בד""א",במה דברים אמורים,28,hebrew,True,False,wiktionary,,# במה דברים אמורים.
בד״א,"בד""א",בעלי דרגות אחרות,25,hebrew,True,False,wiktionary,,# בעלי דרגות אחרות.
בד״א,"בד""א",בד' אמות,14,hebrew,True,False,wiktionary,,# בד' אמות.
בד״א,"בד""א",ברוך דיָן אמת,0,hebrew,True,False,wiktionary,,# ברוך דיָן אמת.
בד״מ,"בד""מ",בית דין מיוחד,91,hebrew,True,False,wiktionary,,# בית דין מיוחד.
בד״מ,"בד""מ",בית דין משמעתי,16,hebrew,True,False,wiktionary,,# בית דין משמעתי.
בד״צ,"בד""צ",בית דין צבאי,316,hebrew,True,False,wiktionary,משפט צבאי,"# {{משלב/ר""ת|משפט צבאי}} בית דין צבאי."
בד״צ,"בד""צ",בית דין צדק,78,hebrew,True,False,wiktionary,יהדות,"# {{משלב/ר""ת|יהדות}} בית דין צדק."
בד״ר,"בד""ר",בית דין רבני,234,hebrew,True,False,wiktionary,יהדות,"# {{משלב/ר""ת|יהדות}} [[בית דין רבני]]."
בד״ר,"בד""ר",בן דב רפפורט,0,hebrew,True,True,wiktionary,,# בן דב רפפורט (שם משפחה)
בה״ג,"בה""ג",בן הגאון,27,hebrew,True,True,wiktionary,,#בן הגאון.
בה״ג,"בה""ג",בעל הלכות גדולות,26,hebrew,True,False,wiktionary,,#בעל הלכות גדולות.
בה״מ,"בה""מ",בית המקדש,2534,hebrew,True,False,wiktionary,,#בית המקדש.
בה״מ,"בה""מ",ברכת המזון,436,hebrew,True,False,wiktionary,,#ברכת המזון.
בזנ״ט,"בזנ""ט",ברזל זווית נגד טנקים,1,hebrew,True,False,wiktionary,,# [[ברזל]] [[זווית]] נגד [[טנק]]ים.
בזנ״ט,"בזנ""ט","בהשאלה, סלנג דבר חזק ומשובח",0,hebrew,False,True,wiktionary,,"# <small>בהשאלה, סלנג</small> דבר חזק ומשובח."
בח״ם,"בח""ם",ביטוי חסר משמעות,3,hebrew,True,False,wiktionary,,# ביטוי חסר משמעות
בח״ם,"בח""ם",בחבר מרכז,1,hebrew,True,True,wiktionary,,# בחבר מרכז
בח״ם,"בח""ם",בחטיבת מבצעים,0,hebrew,True,False,wiktionary,,# בחטיבת מבצעים
בט״ר,"בט""ר","בט""ר ניצנים",11,hebrew,True,False,wikipedia,,"בט""ר ניצנים"
בט״ר,"בט""ר","בט""ר דותן (מחנה 80)",3,hebrew,True,False,wikipedia,,"בט""ר דותן (מחנה 80) - בסיס טירונות השייך למערך המגל"
בט״ר,"בט""ר","בט""ר זיקים (בה""ד 4)",2,hebrew,True,False,wikipedia,,"בט""ר זיקים (בה""ד 4)"
בט״ר,"בט""ר","בט""ר חוות השומר",2,hebrew,True,False,wikipedia,,"בט""ר חוות השומר"
בט״ר,"בט""ר","בט""ר מחו""ה אלון",2,hebrew,True,False,wikipedia,,"בט""ר מחו""ה אלון"
ביד״מ,"ביד""מ",בית דין מיוחד,91,hebrew,True,False,wiktionary,משפטים,"# {{משלב/ר""ת|משפטים}} [[בית דין]] [[מיחד|מיוחד]]."
ביד״מ,"ביד""מ","בית דין למשמעת, בית דין משמעתי",0,hebrew,True,False,wiktionary,משטרה,"# {{משלב/ר""ת|משטרה}} [[בית דין]] ל[[משמעת]], בית דין משמעתי."
ביד״צ,"ביד""צ",בית דין צבאי,316,hebrew,True,False,wikipedia,,"בית דין צבאי – בית דין הפועל במסגרת הצבא ותפקידו לשפוט חיילים וכן אזרחים הכפופים לצבא, בעבירות פליליות בלבד"
ביד״צ,"ביד""צ",בית דין צדק,78,hebrew,True,False,wikipedia,,בית דין צדק – הרכב של דיינים מוסמכים שעורכים משפטים לפי המשפט העברי וכן מכריעים בשאלות שנוגעות להלכה היהודית
ביה״כ,"ביה""כ",בית הכנסת,8270,hebrew,True,False,wiktionary,,# [[בית כנסת|'''בי'''ת '''הכ'''נסת]]
ביה״כ,"ביה""כ",בית הכסא,19,hebrew,True,False,wiktionary,,# [[בית כסא|'''בי'''ת '''הכ'''סא]]
ביה״מ,"ביה""מ",בית המשפט,13236,hebrew,True,False,wiktionary,משפטים,"# {{משלב/ר""ת|משפטים}} [[בית המשפט|'''בי'''ת '''המ'''שפט]]"
ביה״מ,"ביה""מ",בית המדרש,2432,hebrew,True,False,wiktionary,יהדות,"# {{משלב/ר""ת|יהדות}} [[בית המדרש|'''בי'''ת '''המ'''דרש]]"
ביה״ש,"ביה""ש",בית המשפט,13236,hebrew,True,False,wiktionary,משפטים,"# {{משלב/ר""ת|משפטים}} [[בית משפט|בית המשפט]]."
ביה״ש,"ביה""ש",בין השמשות,198,hebrew,True,False,wiktionary,יהדות,"# {{משלב/ר""ת|יהדות}} [[בין השמשות]]"
בי״מ,"בי""מ",בית משפט,3395,hebrew,True,False,wiktionary,,# [[בית משפט]].
בי״מ,"בי""מ",בית מלאכה,473,hebrew,True,False,wiktionary,,# [[בית מלאכה]].
בי״ע,"בי""ע",בית־עסק,108,hebrew,True,False,wiktionary,,# בית־עסק.
בי״ע,"בי""ע",בריאה יצירה עשיה,4,hebrew,True,False,wiktionary,תורת הקבלה,"#{{משלב/ר""ת|תורת הקבלה}} בריאה יצירה עשיה."
בי״ר,"בי""ר",ביאליק-רבניצקי,5,hebrew,True,False,wiktionary,ארון הספרים היהודי,"# {{משלב/ר""ת|ארון הספרים היהודי}} ביאליק-רבניצקי."
בי״ר,"בי""ר",בן יוסף רופא (שם משפחה),0,hebrew,True,True,wiktionary,,# בן יוסף רופא (שם משפחה).
בכ״ז,"בכ""ז",בכל זאת,3604,hebrew,True,False,wiktionary,,# [[בכל זאת]]
בכ״מ,"בכ""מ",בכל מקום,3844,hebrew,True,False,wiktionary,,#בכל מקום.
בכ״מ,"בכ""מ",בכל מקרה,2082,hebrew,True,False,wiktionary,,#בכל מקרה.
בכ״מ,"בכ""מ",בכמה מקומות,594,hebrew,True,False,wiktionary,,#בכמה מקומות.
בלו״ך,"בלו""ך",בני לוי כולנו,3,hebrew,True,False,wiktionary,,# בני לוי כולנו.
בלו״ך,"בלו""ך",בר לבב ונקי כפיים,1,hebrew,True,True,wiktionary,,# בר לבב ונקי כפיים.
בל״ח,"בל""ח",בלשון חכמים,41,hebrew,True,False,wiktionary,יהדות,"# {{משלב/ר""ת|יהדות}} ב[[לשון]] [[חכם|חכמים]]."
בל״ח,"בל""ח",בחור/ה לחוץ/ת חתונה,0,hebrew,True,False,wiktionary,סלנג,"#{{משלב/ר""ת|סלנג}} [[בחור]]/ה [[לחוץ]]/ת [[חתונה]]"
בל״ח,"בל""ח",בלא חרטה,0,hebrew,True,False,wiktionary,,"# בלא חרטה<ref>[https://milog.co.il/%D7%91%D7%9C%22%D7%97 בל""ח], מילוג</ref>"
בל״ע,"בל""ע",בלי עין,53,hebrew,True,False,wiktionary,,# בלי עין.
בל״ע,"בל""ע",בלשון ערב,6,hebrew,True,False,wiktionary,שפות,"# {{משלב/ר""ת|שפות}} בלשון ערב."
במ״ר,"במ""ר",במדבר רבה,143,hebrew,True,True,wiktionary,ארון הספרים היהודי,"# {{משלב/ר""ת|ארון הספרים היהודי}} [[במדבר רבה|'''במ'''דבר '''ר'''בה]]"
במ״ר,"במ""ר",בנות מניה רקורסיביות,0,hebrew,True,False,wiktionary,,# [[בנות מניה רקורסיביות|'''ב'''נות '''מ'''ניה '''ר'''קורסיביות]]
בנ״ע,"בנ""ע",בני נוער,2619,hebrew,True,False,wiktionary,,# [[בני נער|בני נוער]]
בנ״ע,"בנ""ע",בני עקיבא,1665,hebrew,True,False,wiktionary,ציונות,"# {{משלב/ר""ת|ציונות}} בני [[עקיבא]]."
בס״ד,"בס""ד",בסוף דבר,11,hebrew,True,False,wiktionary,,#בסוף דבר.
בס״ד,"בס""ד",בסייעתא דשמיא (מילולית: בסיוע השמיים,0,hebrew,True,False,wiktionary,ארמית,"#{{משלב/ר""ת|ארמית}} בסייעתא דשמיא (מילולית: בסיוע השמיים. משמעות: ב[[עזרה|עזרת]] [[השם]])."
בס״ט,"בס""ט",בעל שם טוב,116,hebrew,False,False,wiktionary,,"#בעל שם טוב (שיבוש ע""י החלפת ש' בס')"
בס״ט,"בס""ט",בן ספרד טהור,0,hebrew,True,True,wiktionary,,# בן ספרד טהור
בעה״ב,"בעה""ב",בעלות הברית,5168,hebrew,True,False,wiktionary,,#בעלות הברית.
בעה״ב,"בעה""ב",בעל הבית,461,hebrew,True,False,wiktionary,,#בעל הבית.
בעה״ב,"בעה""ב","בעה""ב",3,hebrew,True,False,wiktionary,,"#ב[[עה""ב]]. בעולם הבא."
בעה״ר,"בעה""ר",בלי עין הרע,49,hebrew,True,False,wiktionary,,# בלי עין הרע.
בעה״ר,"בעה""ר",בעוונותינו הרבים,26,hebrew,True,False,wiktionary,,# בעוונותינו הרבים.
בעה״ר,"בעה""ר",בעל הרחמים,10,hebrew,True,False,wiktionary,,# בעל הרחמים.
בעה״ר,"בעה""ר",בעל הרצון,4,hebrew,True,False,wiktionary,,# בעל הרצון.
בע״ד,"בע""ד",בעל דעה,20,hebrew,True,False,wiktionary,,# בעל דעה.
בע״ד,"בע""ד","בעל דין, בעל דינו, בעל דיני",0,hebrew,True,False,wiktionary,,"# [[בעל דין]], בעל דינו, בעל דיני."
בע״ח,"בע""ח","בעל חוב, בעל חובו, בעלי חוב",0,hebrew,True,False,wiktionary,,"# [[בעל חוב]], בעל חובו, בעלי חוב. (ה[[לוה#לָוָה|לווה]] או ה[[הלוה|מלוה]])."
בע״ח,"בע""ח","בעל חיים, בעלי חיים",0,hebrew,True,False,wiktionary,,"# [[בעל חיים]], בעלי חיים."
בע״מ,"בע""מ",בערבון מוגבל,120,hebrew,True,False,wiktionary,כלכלה,"# {{משלב/ר""ת|כלכלה}} [[ערבון מוגבל|'''בע'''רבון '''מ'''וגבל]]"
בע״מ,"בע""מ",בעל מלאכה,108,hebrew,True,False,wiktionary,,# בעל מלאכה
בע״מ,"בע""מ",בעל מום,85,hebrew,True,False,wiktionary,רפואה,"# {{משלב/ר""ת|רפואה}} [[בעל מום|'''ב'''על '''מ'''ום]] ([[נכה]])"
בע״מ,"בע""מ",בקשת ערעור משפחה,1,hebrew,True,False,wiktionary,משפטים,"# {{משלב/ר""ת|משפטים}} בקשת ערעור משפחה"
בע״פ,"בע""פ",בעל פה,1964,hebrew,True,False,wiktionary,,#[[בעל פה]].
בע״פ,"בע""פ",בעֶרֶב פסח,0,hebrew,True,False,wiktionary,,#ב[[ערב|עֶרֶב]] [[פסח]].
בצ״ם,"בצ""ם",בלתי צפוי מראש,2,hebrew,True,False,wiktionary,,# בלתי צפוי מראש.
בצ״ם,"בצ""ם",בסיס ציוד מרחבי,0,hebrew,True,False,wiktionary,,# בסיס ציוד מרחבי.
ברב״ש,"ברב""ש",בן רבי שניאור,3,hebrew,True,True,wiktionary,,#בן רבי שניאור
ברב״ש,"ברב""ש",בן רבי בונים שמואל,0,hebrew,True,True,wiktionary,,# בן רבי בונים שמואל
ברב״ש,"ברב""ש",ברבנו בכור שור,0,hebrew,True,False,wiktionary,,#ברבנו בכור שור
ברב״ש,"ברב""ש",ברן בן שמעון,0,hebrew,True,True,wiktionary,,#ברן בן שמעון
ברה״מ,"ברה""מ",ברית המועצות,18402,hebrew,True,False,wiktionary,,#[[ברית המועצות]]
ברה״מ,"ברה""מ",ברכת המזון,436,hebrew,True,False,wiktionary,,#[[ברכת המזון]]
ברז״ל,"ברז""ל",בן רבי זלמן לייב,1,hebrew,True,True,wiktionary,,# בן רבי זלמן לייב.
ברז״ל,"ברז""ל",בלהה רחל זלפה לאה,0,hebrew,True,False,wiktionary,,"# בלהה רחל זלפה לאה. (בספרות [[ח""ן]])"
ברי״ט,"ברי""ט",בן רבי ישראל טוביה,0,hebrew,True,True,wiktionary,,# בן רבי ישראל טוביה.
ברי״ט,"ברי""ט",בני רבי יום טוב,0,hebrew,True,True,wiktionary,,# בני רבי יום טוב.
ברנ״ט,"ברנ""ט",בן רבי נתן,7,hebrew,False,True,wiktionary,,#בן רבי נתן{{מקור}}.
ברנ״ט,"ברנ""ט",בן רבי נתנאל,2,hebrew,False,True,wiktionary,,#בן רבי נתנאל{{הבהרה|לא מתאים לאותיות}}.
ברנ״ט,"ברנ""ט",בן רבי נטע,0,hebrew,True,True,wiktionary,,#בן רבי נטע.
בר״מ,"בר""מ",בן רבי משה,78,hebrew,True,True,wiktionary,,# בן רבי משה.
בר״מ,"בר""מ",בן רבי מרדכי,44,hebrew,True,True,wiktionary,,#בן רבי מרדכי.
בר״מ,"בר""מ",בן רבי מאיר,41,hebrew,True,True,wiktionary,,# בן רבי מאיר.
בר״ש,"בר""ש",ברבי שמעון,212,hebrew,True,True,wiktionary,,# ברבי שמעון
בר״ש,"בר""ש",ברית שלום,194,hebrew,True,False,wiktionary,,# ברית שלום
בר״ש,"בר""ש",בן רבי שלמה,32,hebrew,True,True,wiktionary,,# בן רבי שלמה.
בר״ש,"בר""ש",בן רבי שמשון,4,hebrew,True,True,wiktionary,,# בן רבי שמשון.
ב״א,"ב""א",בן אדם,1275,hebrew,True,True,wiktionary,,#[[בן אדם]].
ב״א,"ב""א",ב' אֲלָפִים,0,hebrew,True,False,wiktionary,,#[[ב|ב']] [[אלף#אֶלֶף|אֲלָפִים]]
ב״א,"ב""א",בּוֹגֵר אוּנִיבֶרְסִיטָה,0,hebrew,True,False,wiktionary,חינוך,"#{{משלב/ר""ת|חינוך}} [[בוגר|בּוֹגֵר]] [[אוניברסיטה|אוּנִיבֶרְסִיטָה]]. בעל תואר ראשון. נוסח עברי לתואר הלטיני B.A."
ב״ב,"ב""ב",בני ברק,3711,hebrew,True,False,wiktionary,ערים בישראל,"# {{משלב/ר""ת|ערים בישראל}} [[בני ברק|'''ב'''ני '''ב'''רק]]"
ב״ב,"ב""ב",בבא בתרא,896,hebrew,True,False,wiktionary,,"# {{משלב/ר""ת|ארון הספרים היהודי|ארמית}} [[בבא בתרא|'''ב'''בא '''ב'''תרא]]"
ב״ב,"ב""ב",בני ברית,876,hebrew,True,True,wiktionary,,# [[בן ברית|'''ב'''ני '''ב'''רית]]
ב״ב,"ב""ב",בעל בית,601,hebrew,True,False,wiktionary,,# [[בעל בית|'''ב'''על '''ב'''ית]]
ב״ב,"ב""ב",בו ביום,259,hebrew,True,False,wiktionary,,# [[ב־|'''ב'''ו]] [[יום|'''ב'''יום]]
ב״ב,"ב""ב",בשר בחלב,148,hebrew,True,False,wiktionary,יהדות,"# {{משלב/ר""ת|יהדות}} '''ב'''שר '''ב'''חלב"
ב״ב,"ב""ב",בני ביתו,141,hebrew,True,True,wiktionary,,# [[בן בית|'''ב'''ני '''ב'''יתו]]
ב״ב,"ב""ב",בן בנו,136,hebrew,True,False,wiktionary,,# '''ב'''ן '''ב'''נו
ב״ב,"ב""ב",במהרה בימינו,63,hebrew,True,False,wiktionary,,# [[במהרה בימינו|'''ב'''מהרה '''ב'''ימינו]]
ב״ב,"ב""ב",בטל ברוב,9,hebrew,True,False,wiktionary,,# [[בטל ברוב|'''ב'''טל '''ב'''רוב]]
ב״ב,"ב""ב",בהר בבחוקותי,0,hebrew,True,False,wiktionary,ארון הספרים היהודי,"# {{משלב/ר""ת|ארון הספרים היהודי}} '''ב'''הר ב[[חקה|'''ב'''חוקותי]]"
ב״ג,"ב""ג",בן גוריון,8017,hebrew,True,True,wiktionary,,"#[[w:בן גוריון|בן גוריון]] (לעתים, בי.ג'י)"
ב״ג,"ב""ג",בן גמליאל,324,hebrew,True,True,wiktionary,,#בן גמליאל
ב״ג,"ב""ג",בני גד,31,hebrew,True,False,wiktionary,,"# בני גד (בצירוף ב""ג וב""ר בני גד ובני ראובן)"
ב״ד,"ב""ד",בן דוד,3877,hebrew,True,True,wiktionary,,#[[בן דוד]].
ב״ד,"ב""ד",בית דין,3046,hebrew,True,False,wiktionary,,#[[בית דין]].
ב״ד,"ב""ד",בעל דין,127,hebrew,True,False,wiktionary,,#[[בעל דין]].
ב״ד,"ב""ד",בעל דעת,8,hebrew,True,False,wiktionary,,#בעל דעת<!---? הבהרה לא מוכר--->.
ב״ד,"ב""ד",בעל דבר,6,hebrew,True,False,wiktionary,,#[[בעל דבר]].
ב״ד,"ב""ד",בסיעתא דשמיא,5,hebrew,True,False,wiktionary,,#ב[[סיעתא דשמיא]].
ב״ד,"ב""ד",בעל דקדוק,2,hebrew,True,False,wiktionary,,#בעל [[דקדוק]]<!---? הבהרה לא מוכר--->.
ב״ד,"ב""ד",בעל דבבו (-שונא בארמית),0,hebrew,True,False,wiktionary,,#בעל דבבו (-[[שנא|שונא]] בארמית).
ב״ד,"ב""ד","ברח דודי (תהלים ח, יד)",0,hebrew,True,False,wiktionary,,"#ברח דודי (תהלים ח, יד)<!---? הבהרה לא משמש בראשי תיבות--->."
ב״ה,"ב""ה",ברוך הבא,411,hebrew,True,False,wiktionary,,#[[ברוך הבא]].
ב״ה,"ב""ה",בית הלל,406,hebrew,True,False,wiktionary,,#[[בית הלל]].
ב״ה,"ב""ה",בעולם הבא,364,hebrew,True,False,wiktionary,,#[[בעולם הבא]].
ב״ה,"ב""ה",בניין הורדוס,10,hebrew,True,False,wiktionary,,#בניין הורדוס.
ב״ה,"ב""ה",ברוך המקום ברוך הוא,2,hebrew,True,False,wiktionary,,#[[ברוך המקום]] ברוך הוא.
ב״ה,"ב""ה",בְּעֶזְרַת הַשֵּׁם (בסיעתא דשמיא),0,hebrew,True,False,wiktionary,,#[[בעזרת השם|בְּעֶזְרַת הַשֵּׁם]] ([[בסיעתא דשמיא]]).
ב״ה,"ב""ה",בָּרוּךְ הַשֵׁם,0,hebrew,True,False,wiktionary,,#[[ברוך השם|בָּרוּךְ הַשֵׁם]].
ב״ו,"ב""ו",בשר ודם,549,hebrew,True,False,wiktionary,,#[[בשר]] ו[[דם]].
ב״ו,"ב""ו",בדיל ויעבור (מסדר תפילת הסליחות),0,hebrew,True,False,wiktionary,,#[[בדיל ויעבור]] (מסדר תפילת הסליחות).
ב״ז,"ב""ז",בן זוג,9150,hebrew,True,True,wiktionary,,#[[בן זוג]]
ב״ז,"ב""ז",בנימין זאב (הרצל),731,hebrew,True,False,wiktionary,,#[[w:בנימין זאב הרצל|בנימין זאב]] (הרצל).
ב״ח,"ב""ח",ב' חלקים,72,hebrew,True,False,wiktionary,,# ב' חלקים
ב״ח,"ב""ח",בעל חוב,41,hebrew,True,False,wiktionary,,# [[בעל חוב]]
ב״ח,"ב""ח",בית חדש - חיבורו של הרב יואל סירקיש על הארבעה טורים,0,hebrew,True,True,wiktionary,,# בית חדש - חיבורו של הרב יואל סירקיש על הארבעה טורים.
ב״ח,"ב""ח",בן חורים,0,hebrew,True,True,wiktionary,,# בן חורים
ב״ח,"ב""ח",בסיס חיפה - בסיס של חיל הים הישראלי,0,hebrew,True,False,wiktionary,,# בסיס חיפה - בסיס של [[:w:חיל הים הישראלי|חיל הים הישראלי]].
ב״ח,"ב""ח",בעל חיים בעלי חיים,0,hebrew,True,False,wiktionary,,# [[בעל חיים]] בעלי חיים
ב״י,"ב""י",בן יהודה,5533,hebrew,True,True,wiktionary,,# בן יהודה.
ב״י,"ב""י",בני ישראל,2034,hebrew,True,False,wiktionary,,# [[בני ישראל]].
ב״י,"ב""י",בית ישראל,996,hebrew,True,False,wiktionary,,# [[בית ישראל]].
ב״י,"ב""י",בית יעקב,929,hebrew,True,False,wiktionary,,# בית יעקב.
ב״י,"ב""י",בר יוחאי,738,hebrew,True,True,wiktionary,יהדות,"# {{משלב/ר""ת|יהדות}} בר יוחאי."
ב״י,"ב""י",בית יוסף,637,hebrew,True,False,wiktionary,,# בית יוסף.
ב״י,"ב""י",ברוך ישראל,18,hebrew,True,False,wiktionary,,# ברוך ישראל .
ב״כ,"ב""כ",ברכת כהנים,358,hebrew,True,False,wiktionary,,#[[ברכת כהנים]].
ב״כ,"ב""כ",בא כוח,57,hebrew,True,False,wiktionary,,#[[בא כוח]].
ב״מ,"ב""מ",בית משפט,3395,hebrew,True,False,wiktionary,,# [[בית משפט|'''ב'''ית '''מ'''שפט]]
ב״מ,"ב""מ",בית מדרש,1348,hebrew,True,False,wiktionary,,# [[בית מדרש|'''ב'''ית '''מ'''דרש]]
ב״מ,"ב""מ",בבא מציעא,721,hebrew,True,False,wiktionary,,# [[בבא מציעא|'''ב'''בא '''מ'''ציעא]]
ב״מ,"ב""מ",בר מצווה,676,hebrew,True,True,wiktionary,,# [[בר מצווה|'''ב'''ר '''מ'''צווה]]
ב״מ,"ב""מ",בני משה,156,hebrew,True,False,wiktionary,,# [[בני משה|'''ב'''ני '''מ'''שה]]
ב״מ,"ב""מ",בר מינן,13,hebrew,True,True,wiktionary,,# [[בר מינן|'''ב'''ר '''מ'''ינן]]
ב״נ,"ב""נ",בן נח,126,hebrew,True,True,wiktionary,,# [[בן נח]].
ב״נ,"ב""נ",בר נש,20,hebrew,True,True,wiktionary,,# [[ברנש|בר נש]]{{מקור}}.
ב״נ,"ב""נ",בלי נדר,15,hebrew,True,False,wiktionary,,# [[בלי נדר]] (תוספת נהוגה בסוף אמירה לעתיד)
ב״נ,"ב""נ",בפני נכתב/נחתם,0,hebrew,True,False,wiktionary,הלכה,"# {{משלב|הלכה}} בפני נכתב/נחתם. בהקשר לשליחות [[גט|גיטין]] ושטרות '''ב""נ וב""נ''' [[בפני|בְּפָנַי]] [[נכתב]], ובפני [[נחתם]]."
ב״פ,"ב""פ",בנק פועלים,9,hebrew,True,False,wiktionary,,#בנק פועלים.
ב״פ,"ב""פ","בי""ת פעמים",0,hebrew,True,False,wiktionary,,"#בי""ת פעמים. שתי פעמים. וכך ג""פ ד""פ וכה הלאה."
ב״ק,"ב""ק",בבא קמא,719,hebrew,True,False,wiktionary,,# בבא קמא.
ב״ק,"ב""ק",מסכת בבא קמא,461,hebrew,False,False,wikipedia,,מסכת בבא קמא
ב״ק,"ב""ק",בעל קורא,73,hebrew,True,False,wiktionary,,# בעל קורא (בק עם קמץ)
ב״ק,"ב""ק","ישראל ב""ק",73,hebrew,False,False,wikipedia,,"ישראל ב""ק – מחדש הדפוס העברי בארץ ישראל לאחר הפסקה של למעלה ממאתיים שנה"
ב״ק,"ב""ק","ניסן ב""ק",64,hebrew,False,False,wikipedia,,"ניסן ב""ק – מדפיס ספרים ואיש ציבור ביישוב הישן בארץ ישראל במאה התשע עשרה"
ב״ק,"ב""ק","שרה ב""ק",42,hebrew,False,False,wikipedia,,"שרה ב""ק – אשת תקשורת ופובליציסטית ישראלית"
ב״ק,"ב""ק",ברירת קנס,8,hebrew,True,False,wiktionary,משפטים,"# {{משלב/ר""ת|משפטים}} ברירת [[קנס]]"
ב״ק,"ב""ק",שמואל בק (רב),6,hebrew,False,False,wikipedia,,שמואל בק (רב) – תלמיד חכם והיסטוריון יהודי
ב״ק,"ב""ק",שמואל בק (צייר),4,hebrew,False,False,wikipedia,,שמואל בק (צייר) – צייר ישראלי-אמריקאי
ב״ק,"ב""ק",בני קדושים,2,hebrew,True,False,wiktionary,,#'''ב'''ני '''ק'''דושים. שם משפחה.
ב״ק,"ב""ק",בוצינא (ד)קרדוניתא,0,hebrew,True,False,wiktionary,,"#{{משלב/ר""ת|ארמית|תורת הקבלה}} בוצינא (ד)קרדוניתא."
ב״ר,"ב""ר",בן רבי,1133,hebrew,True,False,wiktionary,,# '''ב'''ן [[רבי|'''ר'''בי]]
ב״ר,"ב""ר",בראשית רבה,482,hebrew,True,False,wiktionary,,# [[בראשית רבה|'''ב'''ראשית '''ר'''בה]]
ב״ר,"ב""ר",בינה רשתית,26,hebrew,True,False,wiktionary,,"# [[בינה רשתית|'''ב'''ינה '''ר'''שתית]] (ראה ערך [[מב""ר]])"
ב״ש,"ב""ש",באר שבע,12281,hebrew,True,False,wiktionary,ערים בישראל,"# {{משלב/ר""ת|ערים בישראל}} [[באר שבע]]"
ב״ש,"ב""ש",בית שאן,7985,hebrew,True,False,wiktionary,ערים בישראל,"# {{משלב/ר""ת|ערים בישראל}} [[בית שאן]]"
ב״ש,"ב""ש",בית שמש,1159,hebrew,True,False,wiktionary,ערים בישראל,"# {{משלב/ר""ת|ערים בישראל}} [[בית שמש]]"
ב״ש,"ב""ש",בית שמאי,159,hebrew,True,False,wiktionary,יהדות,"# {{משלב/ר""ת|יהדות}} [[בית שמאי]]"
ב״ש,"ב""ש",ברוך שמו,6,hebrew,True,False,wiktionary,ארון הספרים היהודי,"# {{משלב/ר""ת|ארון הספרים היהודי}} ברוך שמו"
ב״ת,"ב""ת",בלתי תלוי,723,hebrew,True,False,wiktionary,,# בלתי תלוי
ב״ת,"ב""ת",בית תפילה,344,hebrew,True,False,wiktionary,,# בית תפילה
ב״ת,"ב""ת",בן תורה,50,hebrew,True,True,wiktionary,,# בן תורה
ב״ת,"ב""ת",בעל תשובה,41,hebrew,True,False,wiktionary,,# בעל תשובה (חוזר בתשובה)
ב״ת,"ב""ת",בל תשחית,31,hebrew,True,False,wiktionary,,# בל תשחית
גב״ע,"גב""ע",גבעת עדה,228,hebrew,True,False,wiktionary,ערים בישראל,"# {{משלב/ר""ת|ערים בישראל}} גבעת עדה."
גב״ע,"גב""ע",גביית עדות,19,hebrew,True,False,wiktionary,משפטים,"# {{משלב/ר""ת|משפטים}} גביית עדות."
גב״ע,"גב""ע",[שו״ת] גבעות עולם,0,hebrew,False,False,wiktionary,יהדות,"# {{משלב/ר""ת|יהדות}} [שו״ת] גבעות עולם"
גב״ש,"גב""ש",גבעת שמואל,793,hebrew,True,False,wiktionary,,#גבעת שמואל.
גב״ש,"גב""ש",גבעת שאול,381,hebrew,True,False,wiktionary,,#גבעת שאול.
גד״ם,"גד""ם",גדוד מובילים,0,hebrew,True,False,wiktionary,"צה""ל","# {{משלב/ר""ת|צה""ל}} גדוד מובילים."
גד״ם,"גד""ם",גלים דצימטריים,0,hebrew,True,False,wiktionary,,# גלים דצימטריים.
גד״ש,"גד""ש",גידולי שדה,249,hebrew,True,False,wiktionary,,#גידולי שדה.
גד״ש,"גד""ש",גידולי שמואל,7,hebrew,True,False,wiktionary,ארון הספרים היהודי,"#{{משלב/ר""ת|ארון הספרים היהודי}} גידולי שמואל."
גו״ז,"גו""ז",גוף זר,109,hebrew,True,False,wikipedia+wiktionary,,# [[גוף זר]]
גו״ז,"גו""ז",גילוי וזיהוי,40,hebrew,True,False,wikipedia+wiktionary,,# גילוי וזיהוי.
גח״ל,"גח""ל",גיוס חוץ לארץ,120,hebrew,True,False,wiktionary,,# [[גיוס]] [[חוץ לארץ]].
גח״ל,"גח""ל",מפלגת עבר,1,hebrew,False,False,wiktionary,,# [[גוש]] [[חירות]]-[[ליברלי]]ם.</br>מפלגת עבר.
גל״צ,"גל""צ (פירושונים)","גלי צה""ל",2444,hebrew,True,False,wikipedia,,"גל""צ – ראשי תיבות של גלי צה""ל, תחנת רדיו ישראלית הפועלת במסגרת צה""ל"
גל״צ,"גל""צ (פירושונים)",גלגלצ,1992,hebrew,True,False,wikipedia,,"גלגלצ – ערוץ רדיו ישראלי המופעל על ידי גלי צה""ל"
גל״צ,"גל""צ (פירושונים)","גל""ץ",33,hebrew,True,False,wikipedia,,"גל""ץ (גם Gala'tz) – ראשי תיבות של גליל צלפים, רובה צלפים חצי-אוטומטי המבוסס על רובה הסער ""גליל"""
גמו״ש,"גמו""ש",גמול השתלמות,6,hebrew,True,False,wiktionary,,# גמול השתלמות.
גמו״ש,"גמו""ש",גמור ושלם,1,hebrew,True,False,wiktionary,,#גמור ושלם
גפ״ת,"גפ""ת","גמרא, פוסקים, תנ""ך",0,hebrew,True,True,wiktionary,,"#גמרא, פוסקים, [[תנ""ך]]."
גפ״ת,"גפ""ת","גמרא, פירושים (רש""י), תוספות",0,hebrew,True,False,wiktionary,,"#גמרא, פירושים ([[רש""י]]), תוספות."
גר',גר',גְּרָם,2,hebrew,True,False,wiktionary,,#[[גרם#גְּרָם א|גְּרָם]]. אלפית ה[[קילוגרם]].
גר',גר',גֵּרים,1,hebrew,True,False,wiktionary,,#[[גר#גֵּר|גֵּר]]ים.
גר',גר',"גָּרַס, גרסינן",0,hebrew,True,False,wiktionary,,"#[[גרס#גָּרַס|גָּרַס]], [[גרסינן]]."
גר',גר',גרמא - תוצאה לא ישרה של מעשה,0,hebrew,True,False,wiktionary,,#[[גרמא]] - תוצאה לא ישרה של מעשה.
ג״א,"ג""א",גרסה אחרת,1001,hebrew,True,False,wiktionary,,#גרסה אחרת.
ג״א,"ג""א",גם אני,545,hebrew,True,False,wiktionary,,#גם אני.
ג״ג,"ג""ג",גאוגרפיה,15061,hebrew,True,False,wiktionary,,# גאוגרפיה.
ג״ג,"ג""ג",גבולות גזרה,21,hebrew,True,False,wiktionary,,# גבולות גזרה.
ג״ע,"ג""ע",גן עדן,2585,hebrew,True,False,wiktionary,,# [[גן עדן]]
ג״ע,"ג""ע",גילוי עריות,536,hebrew,True,False,wiktionary,,# [[גילוי עריות]]
ג״ע,"ג""ע",גימנסיה עברית,28,hebrew,True,False,wiktionary,,# [[גימנסיה עברית]]
ג״ע,"ג""ע",גאון עולם,7,hebrew,True,False,wiktionary,,# גאון עולם
ג״צ,"ג""צ",גר צדק,43,hebrew,True,False,wiktionary,,#גר צדק.
ג״צ,"ג""צ",גאון צדק,2,hebrew,True,False,wiktionary,,#גאון צדק.
ג״ש,"ג""ש",גבעת שאול,381,hebrew,True,False,wiktionary,,# [[גבעה|גבעת]] [[שאול]]
ג״ש,"ג""ש",גזרה שווה,29,hebrew,True,False,wiktionary,,# [[גזרה שוה|גזרה שווה]]
ג״ש,"ג""ש",ג' שנים,14,hebrew,True,False,wiktionary,,# ג' שנים
ג״ש,"ג""ש",ג' שעות,6,hebrew,True,False,wiktionary,,# ג' שעות
דב״א,"דב""א",דן בן אמוץ,227,hebrew,True,True,wiktionary,,#[[w:דן בן אמוץ|דן בן אמוץ]].
דב״א,"דב""א",דבר אמת,29,hebrew,True,True,wiktionary,,#דבר אמת.
דב״ז,"דב""ז",דברים זוטא,4,hebrew,True,False,wiktionary,,# [[דברים זוטא|'''דב'''רים '''ז'''וטא]]
דב״ז,"דב""ז",דברים זוטי,1,hebrew,True,False,wiktionary,,# [[דברים זוטא|'''דב'''רים '''ז'''וטי]]
דג״ח,"דג""ח",דגש חזק,184,hebrew,True,False,wiktionary,,# דגש חזק.
דג״ח,"דג""ח",מכניקה דיאגרמת גוף חופשי,0,hebrew,False,False,wiktionary,,# <small>מכניקה</small> [[דיאגרמה|דיאגרמת]] גוף חופשי.
דה״כ,"דה""כ",דברי הכתוב,8,hebrew,True,False,wiktionary,,#דברי הכתוב.
דה״כ,"דה""כ",דברי הכל,7,hebrew,True,False,wiktionary,,#דברי הכל.
דה״מ,"דה""מ",דוד המלך,1075,hebrew,True,False,wiktionary,,#דוד המלך.
דה״מ,"דה""מ",דבור המתחיל,1,hebrew,True,False,wiktionary,,#דבור המתחיל.
דו״ד,"דו""ד",דין ודברים,287,hebrew,True,False,wiktionary,,# [[דין ודברים]].
דו״ד,"דו""ד",דת ודין,23,hebrew,True,False,wiktionary,,# [[דת]] ו[[דין#דִּין|דין]].
דו״ד,"דו""ד",דורון דרשה,2,hebrew,True,False,wiktionary,,# [[דורון]] [[דרשה]].
דו״ץ,"דו""ץ","דובר צה""ל",1145,hebrew,True,False,wiktionary,,"# [[דובר]] [[צה""ל]]."
דו״ץ,"דו""ץ",דו צדדי,835,hebrew,True,False,wiktionary,,# [[דו צדדי]].
דו״צ,"דו""צ",ירי דו-צדדי,93,hebrew,False,False,wikipedia,,"ירי דו-צדדי (""ירי דו""צ"") – התקפה של כוח על כוח ידידותי בגלל זיהויו ככוח אויב (מכונה גם באוקסימורון ""אש ידידותית"")"
דו״צ,"דו""צ","דובר צה""ל (קצין)",4,hebrew,True,True,wikipedia,,"דובר צה""ל (קצין) – כינוי לקצין העומד בראש מערך ""דובר צה""ל"", ראו דובר צה""ל#דוברי צה""ל"
דו״צ,"דו""צ",אימון דו-צדדי,3,hebrew,False,False,wikipedia,,"אימון דו-צדדי (""אימון דו""צ"") – אימון בו מדמים החיילים שני צדדים לוחמים, ראו גם בִּיּוּם אויב"
דו״צ,"דו""צ",סרט דביק דו-צדדי,3,hebrew,False,False,wikipedia,,"סרט דביק דו-צדדי (""דבק דו""צ"") – נייר דבק המצופה בדבק משני צדיו"
דו״צ,"דו""צ","מערך דובר צה""ל (יחידה צבאית)",1,hebrew,False,True,wikipedia,,"מערך דובר צה""ל (יחידה צבאית) – מערך הדוברות של צה""ל (משויך לאגף המבצעים)"
דו״ש,"דו""ש",דו שנתי,265,hebrew,True,False,wiktionary,,#דו שנתי.
דו״ש,"דו""ש",דוד שמש,64,hebrew,True,False,wiktionary,,#דוד שמש.
דו״ש,"דו""ש",דו-שבעון,0,hebrew,True,False,wiktionary,,#דו-שבעון.
דו״ש,"דו""ש",דורש שלומו,0,hebrew,True,False,wiktionary,,#דורש שלומו.
דחב״ש,"דחב""ש",דור חורבן בית שני,0,hebrew,True,True,wiktionary,,# דור חורבן בית שני.
דחב״ש,"דחב""ש",דור חכמי בית שני,0,hebrew,True,False,wiktionary,,# דור חכמי בית שני.
דל״ש,"דל""ש",דל שומן,40,hebrew,True,False,wiktionary,רפואה,"#{{משלב/ר""ת|רפואה}} דל שומן."
דל״ש,"דל""ש",דלא שייך/שנא/שמיה,0,hebrew,True,False,wiktionary,,"#{{משלב/ר""ת|ארון הספרים היהודי|ארמית}} דלא שייך/שנא/שמיה."
דל״ש,"דל""ש","דתי לשעבר (בד""כ נקרא דתל""ש)",0,hebrew,True,True,wiktionary,,"#דתי לשעבר (בד""כ נקרא [[דתל""ש]])."
דמ״צ,"דמ""צ",דרישות מבצעיות,7,hebrew,True,False,wiktionary,,# דרישות מבצעיות.
דמ״צ,"דמ""צ",דירקטור מקרב הציבור,1,hebrew,True,True,wiktionary,,# דירקטור מקרב הציבור.
דמ״ש,"דמ""ש",דמי שכירות,171,hebrew,True,False,wiktionary,,# דמי שכירות.
דמ״ש,"דמ""ש",דין משמעתי,90,hebrew,True,False,wiktionary,,"# {{משלב/ר""ת|צה""ל|משפט צבאי}} דין משמעתי."
דמ״ש,"דמ""ש",דרך משל,36,hebrew,True,False,wiktionary,,# דרך משל.
דמ״ש,"דמ""ש",דמי משלוח,19,hebrew,True,False,wiktionary,,# דמי משלוח.
דמ״ש,"דמ""ש",דע מה שתשיב,14,hebrew,True,False,wiktionary,,# דע מה שתשיב.
דנ״א,"דנ""א",דיון נוסף אזרחי,1,hebrew,True,False,wiktionary,משפטים,"#{{משלב/ר""ת|משפטים}} [[דיון]] [[נוסף]] [[אזרחי]]."
דנ״א,"דנ""א",DNA. תעתוק עברי של חומצה דאוקסיריבונוקלאית,0,hebrew,False,False,wiktionary,ביולוגיה,"#{{משלב/ר""ת|ביולוגיה}} [[DNA]]. תעתוק עברי של חומצה דאוקסיריבונוקלאית."
דס״ל,"דס""ל",דלק סילוני,72,hebrew,True,False,wiktionary,תעופה,"# {{משלב/ר""ת|תעופה}} דלק סילוני."
דס״ל,"דס""ל",דסבירא ליה (שסבור הוא),0,hebrew,True,False,wiktionary,,# דסבירא ליה (שסבור הוא).
דפ״א,"דפ""א",דיודה פולטת אור,34,hebrew,True,False,wiktionary,,# [[דיודה]] [[פליטה|פולטת]] [[אור]].
דפ״א,"דפ""א",דרך פעולה אפשרית,6,hebrew,True,False,wiktionary,,# [[דרך#דֶּרֶךְ|דרך]] [[פעולה]] [[אפשרי]]ת.
דפ״ע,"דפ""ע","דו""ח פעילות",31,hebrew,True,False,wiktionary,,"# [[דו""ח]] [[פעילות]]"
דפ״ע,"דפ""ע",דף עבודה,3,hebrew,True,False,wiktionary,,# [[דף]] [[עבודה]]
דפ״ע,"דפ""ע",דפוס פעולה / דרך פעולה,0,hebrew,True,False,wiktionary,"צה""ל","# {{משלב/ר""ת|צה""ל}} [[דפוס]] [[פעולה]] / [[דרך]] פעולה."
דפ״ר,"דפ""ר",דפוס ראשון,135,hebrew,True,False,wiktionary,,# דפוס ראשון.
דפ״ר,"דפ""ר",דירוג פסיכוטכני ראשוני,7,hebrew,True,False,wiktionary,"צה""ל","# {{משלב|צה""ל}} דירוג פסיכוטכני ראשוני."
דפ״ר,"דפ""ר","מפגר, מי שהדפ""ר שלו נמוך ביותר",0,hebrew,False,False,wiktionary,,"# {{בהשאלה|1}} {{משלב|סלנג|כינוי גנאי}} מפגר, מי שהדפ""ר שלו נמוך ביותר."
דק״מ,"דק""מ",דלקת קרום המוח מנינגיטיס,3,hebrew,True,False,wiktionary,,# דלקת קרום המוח [[מנינגיטיס]]
דק״מ,"דק""מ",דקמטר,1,hebrew,True,False,wiktionary,,# [[דקמטר]].
דר״א,"דר""א",דרבי אליעזר,198,hebrew,True,True,wiktionary,ארון הספרים היהודי,"# {{משלב/ר""ת|ארון הספרים היהודי}} דרבי אליעזר."
דר״א,"דר""א",דרך אגב,56,hebrew,True,False,wiktionary,,# [[דרך אגב]].
ד״א,"ד""א",חזיר,2449,hebrew,False,False,wiktionary,,## [[חזיר]].
ד״א,"ד""א",עבודה זרה,1166,hebrew,False,False,wiktionary,,## [[עבודה זרה]].
ד״א,"ד""א",דבר אחר,828,hebrew,True,True,wikipedia,,דבר אחר
ד״א,"ד""א",דרך ארץ,583,hebrew,True,False,wikipedia+wiktionary,,# [[דרך ארץ|'''ד'''רך '''א'''רץ]]
ד״א,"ד""א",יחסי אישות,209,hebrew,False,False,wiktionary,,## [[יחסי אישות]].
ד״א,"ד""א",ד' אלפים,109,hebrew,True,False,wikipedia,,ד' אלפים – השנה העברית ב-240 לספירה
ד״א,"ד""א",עניין אחר,97,hebrew,False,False,wiktionary,,## עניין אחר.
ד״א,"ד""א",דרך אגב,56,hebrew,True,False,wiktionary,,# [[דרך אגב|'''ד'''רך '''א'''גב]]
ד״א,"ד""א",ד' אמות,48,hebrew,True,False,wikipedia+wiktionary,,# ד' [[אמה#אַמָּה|'''א'''מות]].
ד״א,"ד""א",דיני אדם,3,hebrew,True,False,wikipedia+wiktionary,יהדות,"# {{משלב/ר""ת|יהדות}} דיני אדם."
ד״א,"ד""א",דבר אחר.במשמעות,0,hebrew,True,True,wiktionary,,# דבר אחר.{{ש}}במשמעות:
ד״א,"ד""א",דרך אכילה/אכילתו,0,hebrew,True,False,wiktionary,ארון הספרים היהודי,"# {{משלב/ר""ת|ארון הספרים היהודי}} '''ד'''רך '''א'''כילה/אכילתו."
ד״א,"ד""א",דרכא אחרינא (דרך אחרת),0,hebrew,True,False,wiktionary,,"# {{משלב/ר""ת|ארמית|ארון הספרים היהודי}} '''ד'''רכא '''א'''חרינא ('''ד'''רך '''א'''חרת)."
ד״ה,"ד""ה",דברי הימים,1644,hebrew,True,False,wiktionary,ארון הספרים היהודי,"# {{משלב/ר""ת|ארון הספרים היהודי}} דברי הימים."
ד״ה,"ד""ה",דיבור המתחיל,200,hebrew,True,False,wiktionary,,#  דיבור המתחיל.
ד״ה,"ד""ה",דברי הכל,7,hebrew,True,False,wiktionary,,# [[דבר#דָּבָר|דבר]]י [[כל#כֹּל|הכל]].
ד״ח,"ד""ח",דגש חזק,184,hebrew,True,False,wiktionary,,# דגש חזק.
ד״ח,"ד""ח",דרגת חופש,49,hebrew,True,False,wiktionary,,# דרגת חופש.
ד״ח,"ד""ח",דפוס חדש,15,hebrew,True,False,wiktionary,,# דפוס חדש.
ד״ט,"ד""ט",דף ט,25,hebrew,True,False,wiktionary,,# [[דף]] [[ט]]
ד״ט,"ד""ט",ד טפחים,0,hebrew,True,True,wiktionary,,# [[ד]] [[טפח#טֶפַח|טפחים]] (לפי ההקשר לפעמים מדובר על מידת אורך ולעתים שטח ארבעה על ארבעה)
ד״ל,"ד""ל",ודי לחכימא,3,hebrew,False,False,wiktionary,,# ו'''ד'''י '''ל'''חכימא. קיצור הביטוי [[די לחכימא ברמיזא]] (די ל[[חכם]] ב[[רמז]])
ד״ל,"ד""ל",ודי למבין,1,hebrew,False,False,wiktionary,,# ו[[די#דַּי|'''ד'''י]] '''ל'''[[הבין|מבין]].
ד״מ,"ד""מ",דיני ממונות,232,hebrew,True,False,wiktionary,,#דיני ממונות.
ד״מ,"ד""מ",דרך משל,36,hebrew,True,False,wiktionary,,#דרך משל.
ד״מ,"ד""מ",דצימטר,10,hebrew,True,False,wiktionary,,#דצימטר.
ד״נ,"ד""נ",דיון נוסף,189,hebrew,True,False,wiktionary,,# דיון נוסף.
ד״נ,"ד""נ",דיני נפשות,72,hebrew,True,False,wiktionary,,# דיני נפשות.
ד״נ,"ד""נ",דואר נע,10,hebrew,True,False,wiktionary,,# דואר נע.
ד״ע,"ד""ע",דברי עצמו,17,hebrew,True,False,wiktionary,,# [[דבר]]י [[עצם|עצמו]] (כלומר הדברים אינם ציטוט)
ד״ע,"ד""ע",דבר עבירה,10,hebrew,True,False,wiktionary,,# [[דבר]] [[עבירה]]
ד״צ,"ד""צ",דין צדק,115,hebrew,True,False,wiktionary,,#דין צדק.
ד״צ,"ד""צ",דפוס צילום,60,hebrew,True,False,wiktionary,,#דפוס צילום.
ד״צ,"ד""צ",דואר צבאי,17,hebrew,True,False,wiktionary,,#דואר צבאי.
ד״ק,"ד""ק",דגש קל,75,hebrew,True,False,wiktionary,,#[[דגש קל]].
ד״ק,"ד""ק",דמי קדימה,19,hebrew,True,False,wiktionary,,#[[דמי קדימה]].
ד״ר,"ד""ר",דוקטור,19000,hebrew,True,False,wiktionary,,# [[דוקטור]].
ד״ר,"ד""ר",דברי רבי־,258,hebrew,True,False,wiktionary,,# דברי [[רבי]]־.
ד״ר,"ד""ר",דפוס ראשון,135,hebrew,True,False,wiktionary,,# [[דפוס]] [[ראשון]].
ד״ר,"ד""ר",דברים רבה,54,hebrew,True,False,wiktionary,יהדות,"# {{משלב/ר""ת|יהדות}} [[דברים רבה|'''דב'''רים '''ר'''בה]]"
ד״ש,"ד""ש",דו-שנתי,265,hebrew,True,False,wiktionary,,# דו-שנתי.
ד״ש,"ד""ש",דרישת שלום,219,hebrew,True,False,wiktionary,,# [[דרישת שלום]].
ד״ש,"ד""ש",דוד שמש,64,hebrew,True,False,wiktionary,,# דוד שמש.
ד״ש,"ד""ש",דיני שמים,3,hebrew,True,False,wiktionary,יהדות,"#{{משלב/ר""ת|יהדות}} דיני שמים."
ד״ש,"ד""ש",דו-שבעון,0,hebrew,True,False,wiktionary,,# דו-שבעון.
ד״ת,"ד""ת",דברי תורה,530,hebrew,True,False,wiktionary,,#[[דברי תורה]].
ד״ת,"ד""ת",דין תורה,163,hebrew,True,False,wiktionary,,#[[דין תורה]].
ד״ת,"ד""ת",דעת תורה,108,hebrew,True,False,wiktionary,,#[[דעת תורה]].
האר״י,"האר""י",רבי יצחק לוריא,31,hebrew,False,True,wiktionary,,#רבי יצחק לוריא.
האר״י,"האר""י",האשכנזי רבי יצחק,3,hebrew,True,True,wiktionary,,##האשכנזי רבי יצחק.
האר״י,"האר""י",האדון רבי יצחק,1,hebrew,True,True,wiktionary,,##האדון רבי יצחק.
הגה״צ,"הגה""צ",הגאון הצדיק,51,hebrew,True,False,wiktionary,,# הגאון הצדיק.
הגה״צ,"הגה""צ",הגנת הצומח,42,hebrew,True,False,wiktionary,,# הגנת הצומח.
הגרי״ש,"הגרי""ש","הגרי""ש אלישיב",32,hebrew,True,True,wikipedia,,"הגרי""ש אלישיב – הרב יוסף שלום אלישיב"
הגרי״ש,"הגרי""ש","הגרי""ש כהנמן",2,hebrew,True,True,wikipedia,,"הגרי""ש כהנמן – הרב יוסף שלמה כהנמן"
הגרי״ש,"הגרי""ש","הגרי""ש אונגר",1,hebrew,True,True,wikipedia,,"הגרי""ש אונגר – הרב יצחק שלמה אונגר אב בית דין קהילת חוג חתם סופר"
הועה״מ,"הועה""מ",הועד המרכזי,7,hebrew,True,False,wiktionary,,#ה[[ועד]] ה[[מרכזי]].
הועה״מ,"הועה""מ",הועדה המרכזת,2,hebrew,True,False,wiktionary,,#ה[[ועדה]] ה[[רכז#רִכֵּז|מרכזת]].
הועה״מ,"הועה""מ",הועדה המתמדת,1,hebrew,True,False,wiktionary,,#הועדה ה[[מתמיד|מתמדת]].
הועה״מ,"הועה""מ",הועדה המסדרת,0,hebrew,True,False,wiktionary,,#הועדה ה[[סדר#סִדֵּר|מסדרת]].
הו״ל,"הו""ל",הוציא לאור,2702,hebrew,True,False,wiktionary,,#[[הוציא לאור]].
הו״ל,"הו""ל",הובא לדפוס,50,hebrew,True,False,wiktionary,,#[[הובא]] ל[[דפוס]].
הו״ל,"הו""ל",הֲוָה לֵיהּ,0,hebrew,True,False,wiktionary,ארמית,# {{משלב|ארמית}} הֲוָה לֵיהּ ([[היה]] לו)
הו״ק,"הו""ק",הוראת קבע,33,hebrew,True,False,wiktionary,,#הוראת קבע.
הו״ק,"הו""ק",הוצאות קטנות,3,hebrew,True,False,wiktionary,,#הוצאות קטנות.
הו״ש,"הו""ש",הוראת שעה,282,hebrew,True,False,wiktionary,,#הוראת שעה
הו״ש,"הו""ש",הלל ושמאי,38,hebrew,True,False,wiktionary,,#הלל ושמאי
הו״ש,"הו""ש",הרכבה ושינוע,0,hebrew,True,False,wiktionary,,# הרכבה ושינוע.
החי״ל,"החי""ל",הבריגדה היהודית,494,hebrew,False,False,wikipedia,,"הבריגדה היהודית – הידועה גם בשם ""חטיבה יהודית לוחמת"", ובראשי תיבות: החי""ל"
החי״ל,"החי""ל",החבל הימי לישראל,78,hebrew,True,False,wikipedia,,"החבל הימי לישראל – ובראשי תיבות: החי""ל"
הי״ו,"הי""ו",היקר והחשוב,3,hebrew,True,False,wiktionary,,#היקר והחשוב.
הי״ו,"הי""ו",השם יחייהו ויחזקהו,0,hebrew,True,False,wiktionary,,#השם יחייהו ויחזקהו.
הי״מ,"הי""מ","הוד, יסוד, מלכות",4,hebrew,True,False,wiktionary,תורת הקבלה,"#{{משלב/ר""ת|תורת הקבלה}} הוד, יסוד, מלכות."
הי״מ,"הי""מ",ה' יצילנו משגיאות,0,hebrew,True,False,wiktionary,,#ה' יצילנו משגיאות.
הי״מ,"הי""מ","היכי מצי (=איפה מצינו, איך אפשר)",0,hebrew,True,False,wiktionary,,"#{{משלב/ר""ת|ארון הספרים היהודי|ארמית}} היכי מצי (=איפה מצינו, איך אפשר)."
הי״מ,"הי""מ",היש מפרשים,0,hebrew,True,False,wiktionary,ארון הספרים היהודי,"#{{משלב/ר""ת|ארון הספרים היהודי}} היש מפרשים."
הי״ת,"הי""ת",השם יתברך,69,hebrew,True,False,wiktionary,,#השם יתברך.
הי״ת,"הי""ת","המשביר, יכין, תנובה",0,hebrew,True,False,wiktionary,,"#המשביר, יכין, [[תנובה]]."
הכנ״ג,"הכנ""ג",הכנסת הגדולה,50,hebrew,True,False,wiktionary,,#ה[[כנסת]] הגדולה.
הכנ״ג,"הכנ""ג",הכנסיה הגדולה,6,hebrew,True,False,wiktionary,,#ה[[כנסיה]] הגדולה.
הל״ה,"הל""ה (פירושונים)","ל""ה גיבורי גוש עציון",177,hebrew,False,False,wikipedia,,"ל""ה גיבורי גוש עציון – אוניית מעפילים שנקראה על שם המחלקה"
הל״ה,"הל""ה (פירושונים)","נתיב הל""ה",138,hebrew,False,False,wikipedia,,"נתיב הל""ה – קיבוץ שנקרא על שם המחלקת"
הל״ה,"הל""ה (פירושונים)","מחלקת הל""ה",84,hebrew,False,False,wikipedia,,"מחלקת הל""ה – מחלקת של לוחמי הפלמ""ח שיצאה לעזרת גוש עציון במלחמת העצמאות"
הל״ה,"הל""ה (פירושונים)","ה'ל""ה",16,hebrew,True,False,wikipedia,,"ה'ל""ה – שנה עברית"
הל״ה,"הל""ה (פירושונים)","הל""ה (עמותה)",2,hebrew,True,False,wikipedia,,"הל""ה (עמותה) – עמותה למען חינוך בעיירות פיתוח"
הנ״ל,"הנ""ל",הנזכר לעיל,81,hebrew,True,False,wiktionary,,# הנזכר לעיל.
הנ״ל,"הנ""ל",הנראה למעלה,7,hebrew,True,False,wiktionary,,# הנראה למעלה.
הנ״ל,"הנ""ל",הנזכר למטה,1,hebrew,True,False,wiktionary,,# הנזכר למטה.
הנ״ץ,"הנ""ץ",הנוער הציוני,412,hebrew,True,False,wikipedia,,הנוער הציוני
הנ״ץ,"הנ""ץ","הנ""צ",3,hebrew,True,False,wikipedia,,"הנ""צ – הסתדרות נשים ציוניות (ויצו)"
הנ״ץ,"הנ""ץ",נפתלי הירץ יהודה נימנוביץ',2,hebrew,False,False,wikipedia,,נפתלי הירץ יהודה נימנוביץ'
הצ״ח,"הצ""ח",הצעת חוק,2723,hebrew,True,False,wiktionary,,# הצעת חוק
הצ״ח,"הצ""ח",הסתדרות ציונית חדשה,86,hebrew,True,False,wiktionary,,# הסתדרות ציונית חדשה.
הצ״ח,"הצ""ח",הצבת חירום,8,hebrew,True,False,wiktionary,"צה""ל","# {{משלב/ר""ת|צה""ל}} הצבת חירום."
הרא״ה,"הרא""ה",הרב אברהם יצחק הכהן קוק,554,hebrew,True,True,wikipedia,,הרב אברהם יצחק הכהן קוק – מייסד הרבנות הראשית לישראל והוגה הדעות העיקרי של הציונות הדתית
הרא״ה,"הרא""ה","כפר הרא""ה",342,hebrew,False,True,wikipedia,,"כפר הרא""ה – מושב דתי בעמק חפר, קרוי על שמו של הרב אברהם יצחק הכהן קוק"
הרא״ה,"הרא""ה",רבי אהרן הלוי,8,hebrew,False,True,wiktionary,,# רבי אהרן הלוי.
הרה״ג,"הרה""ג",הרב הגאון,189,hebrew,True,False,wiktionary,,# [[רב#רַב ג|'''הר'''ב]] [[גאון|'''הג'''און]].
הרה״ג,"הרה""ג",הרבנים הגאונים,9,hebrew,True,False,wiktionary,,# [[רב#רַב ג|'''הר'''בנים]] [[גאון|'''הג'''אונים]].
הרה״ר,"הרה""ר",הרב הראשי,2264,hebrew,True,True,wiktionary,,#הרב הראשי
הרה״ר,"הרה""ר",הרבנות הראשית,1207,hebrew,True,False,wiktionary,,#ה[[רבנות]] ה[[ראשי]]ת.
השב״ס,"השב""ס",שירות בתי הסוהר,594,hebrew,False,False,wikipedia,,שירות בתי הסוהר – רשות הכליאה הלאומית של מדינת ישראל
השב״ס,"השב""ס",השאלה בין-ספרייתית,19,hebrew,True,False,wikipedia,,השאלה בין-ספרייתית – שירות השאלת ספרים ופריטי מידע אחרים בין ספריות
ה״ג,"ה""ג",הלכה ג',380,hebrew,True,False,wiktionary,,# הלכה ג'.
ה״ג,"ה""ג",הסגת גבול,247,hebrew,True,False,wiktionary,,# הסגת גבול.
ה״ג,"ה""ג",הלכות גדולות,110,hebrew,True,False,wiktionary,,# הלכות גדולות.
ה״ג,"ה""ג",ה' גבורות,0,hebrew,True,False,wiktionary,,#ה' גבורות
ה״ג,"ה""ג",כך אנו גורסים,0,hebrew,False,False,wiktionary,,# הכי גרסינן.</br>כך אנו גורסים.
ה״ה,"ה""ה",הלכה ה',334,hebrew,True,False,wiktionary,,#הלכה ה'.
ה״ה,"ה""ה",הוא הדין,104,hebrew,True,False,wiktionary,,#הוא הדין.
ה״ה,"ה""ה",השם הטוב,37,hebrew,True,False,wiktionary,,#השם הטוב.
ה״ה,"ה""ה",האדון הנכבד,5,hebrew,True,False,wiktionary,,#האדון הנכבד
ה״ה,"ה""ה",האדונים הנכבדים,3,hebrew,True,False,wiktionary,,#האדונים הנכבדים.
ה״ה,"ה""ה",הגברת הנכבדה,3,hebrew,True,False,wiktionary,,#הגברת הנכבדה
ה״ה,"ה""ה",הרב החשוב,3,hebrew,True,True,wiktionary,,#הרב החשוב
ה״ה,"ה""ה",הרבני הנגיד,1,hebrew,True,False,wiktionary,,#הרבני הנגיד.
ה״ה,"ה""ה",הכי השתא,0,hebrew,True,False,wiktionary,ארמית,"#{{משלב/ר""ת|ארמית}} הכי השתא"
ה״ט,"ה""ט",הלכה ט',185,hebrew,True,False,wiktionary,,#הלכה ט'
ה״ט,"ה""ט",האי טעמא - זה הטעם,0,hebrew,True,False,wiktionary,,#האי טעמא - זה הטעם
ה״י,"ה""י","הלכה י' (גם הל""י)",0,hebrew,True,False,wiktionary,ארון הספרים היהודי,"#{{משלב/ר""ת|ארון הספרים היהודי}} הלכה י' (גם [[הל""י]])."
ה״י,"ה""י",השם ירחם/ישמור/יצילנו,0,hebrew,True,False,wiktionary,ארון הספרים היהודי,"#{{משלב/ר""ת|ארון הספרים היהודי}} השם ירחם/ישמור/יצילנו."
ה״י,"ה""י","השם יתברך (גם השי""ת)",0,hebrew,True,False,wiktionary,ארון הספרים היהודי,"#{{משלב/ר""ת|ארון הספרים היהודי}} השם יתברך (גם [[השי""ת]])."
ה״כ,"ה""כ",הכנסת כלה,51,hebrew,True,False,wiktionary,,#הכנסת כלה.
ה״כ,"ה""כ",הלכה כ',25,hebrew,True,False,wiktionary,,#הלכה כ'.
ה״מ,"ה""מ",הפסקת מסחר,3,hebrew,True,False,wiktionary,כלכלה,"#{{משלב/ר""ת|כלכלה}} הפסקת מסחר."
ה״מ,"ה""מ",הוה מצי (=היה יכול),0,hebrew,True,False,wiktionary,ארמית,"#{{משלב/ר""ת|ארמית}} הוה מצי (=היה יכול)."
ה״מ,"ה""מ","היכי מצי (=איפה מצינו, איך אפשר)",0,hebrew,True,False,wiktionary,ארמית,"#{{משלב/ר""ת|ארמית}} היכי מצי (=איפה מצינו, איך אפשר)."
ה״מ,"ה""מ",הני מילי (=מילים אילו),0,hebrew,True,False,wiktionary,ארמית,"#{{משלב/ר""ת|ארמית}} הני מילי (=מילים אילו)."
ה״מ,"ה""מ",הערת מתרגם,0,hebrew,True,False,wiktionary,ספרות,"#{{משלב/ר""ת|ספרות}} הערת מתרגם. <ref>https://www.tomedes.co.il/professional-translation-blog/professional-translators-notes</ref>"
ה״נ,"ה""נ",הוה נמי (=היה גם),0,hebrew,True,False,wiktionary,ארמית,"#{{משלב/ר""ת|ארמית}} הוה נמי (=היה גם)."
ה״נ,"ה""נ",הכא/הכי נמי (=כאן/כך גם),0,hebrew,True,False,wiktionary,ארמית,"#{{משלב/ר""ת|ארמית}} הכא/הכי נמי (=כאן/כך גם)."
ה״פ,"ה""פ",הארי פוטר,999,hebrew,True,False,wiktionary,,# [[w:he:הארי פוטר|הארי פוטר]].
ה״פ,"ה""פ",המרצת פתיחה,10,hebrew,True,False,wiktionary,,# המרצת פתיחה.
ה״פ,"ה""פ",הודעה פרטית,7,hebrew,True,False,wiktionary,,# הודעה פרטית.
ה״ש,"ה""ש",הערת שוליים,371,hebrew,True,False,wiktionary,,# הערת שוליים.
ה״ש,"ה""ש",הוראת שינוי,1,hebrew,True,False,wiktionary,,# הוראת שינוי.
ובחז״ו,"ובחז""ו",ובספר חיים זכרנו וחתמנו,0,hebrew,True,False,wiktionary,,# ובספר חיים זכרנו וחתמנו.
ובחז״ו,"ובחז""ו",ובספר חיים זכרנו וכתבנו (מפיוטי הסליחות),0,hebrew,True,False,wiktionary,,# ובספר חיים זכרנו וכתבנו (מפיוטי הסליחות).
ודו״ק,"ודו""ק",ודייק ותמצא קל,1,hebrew,True,False,wiktionary,,# ודייק ותמצא קל.
ודו״ק,"ודו""ק",דרוש וחקור קרוב,0,hebrew,False,False,wiktionary,משפטים,"# {{משלב/ר""ת|משפטים}} דרוש וחקור קרוב."
ודו״ק,"ודו""ק",ודוחק קצת,0,hebrew,True,False,wiktionary,,# ודוחק קצת.
ודו״ק,"ודו""ק",ודקדק ומצא קושטא,0,hebrew,True,False,wiktionary,,# ודקדק ומצא קושטא.
ודו״ק,"ודו""ק",ועיין דברי ותמצאם קלים,0,hebrew,True,False,wiktionary,,# ועיין דברי ותמצאם קלים.
וד״ל,"וד""ל",ועדה לדיור לאומי,2,hebrew,True,False,wiktionary,,# ועדה לדיור לאומי.
וד״ל,"וד""ל",ודי למבין,1,hebrew,True,False,wiktionary,,# ודי למבין.
וד״ל,"וד""ל",ודי לחַכִּימָא (בִּרְמִיזָא): עברית 'ודי לחכם (ברמז)',0,hebrew,True,False,wiktionary,,# ודי לחַכִּימָא (בִּרְמִיזָא): עברית 'ודי לחכם (ברמז)'.
ונ״ל,"ונ""ל",ונקל להבין,0,hebrew,True,False,wiktionary,,#ונקל להבין.
ונ״ל,"ונ""ל",ונראה לומר,0,hebrew,True,False,wiktionary,,#ונראה לומר.
זא״ז,"זא""ז",זה את זה,1992,hebrew,True,False,wiktionary,,#זה את זה.
זא״ז,"זא""ז",זה אצל זה,12,hebrew,True,False,wiktionary,,#זה אצל זה.
זה״ב,"זה""ב",זהירות בדרכים,63,hebrew,True,False,wikipedia,,זהירות בדרכים
זה״ב,"זה""ב","משמרות זה""ב בישראל",6,hebrew,False,False,wikipedia,,"משמרות זה""ב בישראל – משמרות זהירות בדרכים"
זה״ב,"זה""ב","זה""ב בגן",5,hebrew,True,False,wikipedia,,"זה""ב בגן – תוכנית ארצית להתנדבות של גמלאים בגני ילדים בנושא בטיחות בדרכים"
זה״ב,"זה""ב","מספר זה""ב",4,hebrew,False,False,wikipedia,,"מספר זה""ב – מערכת זיכוי העברות יומניות בזמן אמת (IBAN)"
זה״ב,"זה""ב",הימים בהם קוראים בתורה: ז' (שבת),1,hebrew,False,False,wikipedia,,"זה""ב - הימים בהם קוראים בתורה: ז' (שבת), ה' (חמישי), ב' (שני)"
זכ״א,"זכ""א",זכויות אדם,2982,hebrew,True,False,wiktionary,,# זכויות אדם.
זכ״א,"זכ""א",זכות אבות,78,hebrew,True,False,wiktionary,,# זכות אבות.
זק״ג,"זק""ג",זקף גדול,2,hebrew,True,False,wiktionary,,#זקף [[גדול]].
זק״ג,"זק""ג",זמן קיבוץ גלויות,0,hebrew,True,False,wiktionary,,#[[זמן]] [[קיבוץ]] גלויות.
זק״ש,"זק""ש",זרע קדושים,4,hebrew,True,False,wiktionary,,# זרע קדושים
זק״ש,"זק""ש",זרע קדושים שנשרפו,2,hebrew,True,False,wiktionary,,# זרע קדושים שנשרפו
זק״ש,"זק""ש",זרע קודש שמו,1,hebrew,True,False,wiktionary,,# זרע קודש שמו
זק״ש,"זק""ש",זרע קדושי שפיירא,0,hebrew,True,False,wiktionary,,# זרע קדושי שפיירא (העיר שפייר בגרמניה)
ז״א,"ז""א",זאת אומרת,460,hebrew,True,False,wiktionary,,#[[זאת אומרת]]
ז״א,"ז""א",זכות אבות,78,hebrew,True,False,wiktionary,,#[[זכות אבות]]
ז״א,"ז""א",זעיר אנפין,15,hebrew,True,False,wiktionary,,#[[בזעיר אנפין|זעיר אנפין]]
ז״ח,"ז""ח",זרם חילופין,140,hebrew,True,False,wiktionary,,# [[זרם חילופין]].
ז״ח,"ז""ח",זיהוי חללים,18,hebrew,True,False,wiktionary,,# זיהוי חללים.
ז״י,"ז""י",זכויות יוצרים,1147,hebrew,True,False,wiktionary,,# [[זכויות יוצרים]].
ז״י,"ז""י",זרם ישר,116,hebrew,True,False,wiktionary,,# [[זרם ישר]].
ז״ל,"ז""ל",זרע לבטלה,90,hebrew,True,False,wiktionary,,#זרע לבטלה.
ז״ל,"ז""ל",זכור לטוב,52,hebrew,True,False,wiktionary,,#זכור לטוב.
ז״ל,"ז""ל",זכר לחורבן,20,hebrew,True,False,wiktionary,,#זכר לחורבן.
ז״ל,"ז""ל",זכרנו לחיים,18,hebrew,True,False,wiktionary,,#זכרנו לחיים.
ז״ל,"ז""ל",זה לשונו,5,hebrew,True,False,wiktionary,,#זה לשונו.
ז״ל,"ז""ל",זכר לדבר,5,hebrew,True,False,wiktionary,,#זכר לדבר.
ז״ל,"ז""ל",זכרו לברכה; זכרונו לברכה,0,hebrew,True,False,wiktionary,,#[[זכרו לברכה]]; [[זכרון|זכרונו]] לברכה.
ז״פ,"ז""פ",זמן פירעון,2,hebrew,True,False,wiktionary,,"#זמן פירעון. התאריך הרשום על שטר סחיר כגון שיק (צ'ק) או שטר-חוב (שט""ח), שבו מיועד השטר להצגה לצורך פירעון. לא ניתן לפרוע את השטר לפני שמגיע זמן הפירעון."
ז״פ,"ז""פ",זהוי פלילי,0,hebrew,True,False,wiktionary,,# [[זהוי]] [[פלילי]].
ז״ק,"ז""ק",זמן קצר,25271,hebrew,True,False,wiktionary,,#זמן קצר.
ז״ק,"ז""ק",זנב קשיח,5,hebrew,True,False,wiktionary,,#זנב קשיח. - מתייחס לאופניים.
ז״ק,"ז""ק",זקף קטן,4,hebrew,True,False,wiktionary,,#זקף קטן.
ז״ק,"ז""ק",זרע קדושים (שם משפחה),0,hebrew,True,False,wiktionary,,#זרע קדושים (שם משפחה).
ז״ק,"ז""ק",זרע קודש (שם משפחה),0,hebrew,True,False,wiktionary,,#זרע קודש (שם משפחה).
ז״ק,"ז""ק",זרע קיים,0,hebrew,True,False,wiktionary,,#זרע קיים.
חג״ם,"חג""ם",חיילות גיוס מיוחד,3,hebrew,True,False,wiktionary,"צה""ל","# {{משלב/ר""ת|צה""ל}} חיילות גיוס מיוחד."
חג״ם,"חג""ם",חיל הגנה מרחבית,1,hebrew,True,False,wiktionary,"צה""ל","# {{משלב/ר""ת|צה""ל}} חיל הגנה מרחבית."
חדו״א,"חדו""א",חידושי אגדות,60,hebrew,True,False,wiktionary,ארון הספרים היהודי,"#{{משלב/ר""ת|ארון הספרים היהודי}} [[חדוש|חידושי]] [[אגדה|אגדות]] (חיבור פרשני של [[w:שמואל אליעזר הלוי איידלס|המהרש""א]])"
חדו״א,"חדו""א",חשבון דיפרנציאלי ואינטגרלי,22,hebrew,True,False,wiktionary,,# [[חשבון]] [[דיפרנציאלי]] ו[[אינטגרל|אינטגרלי]].
חד״ת,"חד""ת",חדושי תורה,11,hebrew,True,False,wiktionary,,#חדושי [[תורה]].
חד״ת,"חד""ת",חדר תדריכים,5,hebrew,True,False,wiktionary,,#חדר תדריכים.
חד״ת,"חד""ת",חדר תיאטרון,0,hebrew,True,False,wiktionary,,#חדר תיאטרון.
חה״י,"חה""י",חיל הים הישראלי,756,hebrew,True,False,wiktionary,"צה""ל","#{{משלב/ר""ת|צה""ל}} [[חיל הים]] ה[[ישראל]]י"
חה״י,"חה""י",חמדת הימים,7,hebrew,True,False,wiktionary,ארון הספרים היהודי,"#{{משלב/ר""ת|ארון הספרים היהודי}} [[w:חמדת ימים (ספר)|חמדת הימים]]."
חה״ס,"חה""ס",חג הסוכות,356,hebrew,True,False,wiktionary,,# חג הסוכות.
חה״ס,"חה""ס",חול המועד סוכות,108,hebrew,True,False,wiktionary,,# חול המועד סוכות.
חה״ס,"חה""ס",חיל הספקה,6,hebrew,True,False,wiktionary,,# חיל הספקה.
חה״פ,"חה""פ",חג הפסח,673,hebrew,True,False,wiktionary,,# חג הפסח.
חה״פ,"חה""פ",חול המועד פסח,111,hebrew,True,False,wiktionary,,# חול המועד פסח.
חוה״מ,"חוה""מ",חול המועד,367,hebrew,True,False,wiktionary,,# חול המועד.
חוה״מ,"חוה""מ",חוק המקרקעין,83,hebrew,True,False,wiktionary,,# חוק המקרקעין
חוה״ש,"חוה""ש",חוט השדרה,301,hebrew,True,False,wiktionary,רפואה,"#{{משלב/ר""ת|רפואה}} [[חוט השדרה]]"
חוה״ש,"חוה""ש",חובת השמירה,10,hebrew,True,False,wiktionary,יהדות,"#{{משלב/ר""ת|יהדות}} [[s:חובת השמירה|חובת השמירה]] (ספר)"
חומ״ג,"חומ""ג",חומר גלם,343,hebrew,True,False,wiktionary,,# [[חומר גלם]].
חומ״ג,"חומ""ג",חומה ומגדל,277,hebrew,True,False,wiktionary,,# [[חומה]] ו[[מגדל]].
חו״ב,"חו""ב",חריף ובקי,24,hebrew,True,False,wiktionary,,#חריף ובקי.
חו״ב,"חו""ב",חכמה ובינה,20,hebrew,True,False,wiktionary,,#חכמה ובינה.
חו״ב,"חו""ב",חזק וברוך,4,hebrew,True,False,wiktionary,,#חזק וברוך.
חו״ג,"חו""ג",חומרי גלם,1131,hebrew,True,False,wiktionary,,# חומרי גלם.
חו״ג,"חו""ג",חסד וגבורה,3,hebrew,True,False,wiktionary,,# חסד וגבורה.
חו״ז,"חו""ז",חובה וזכות,43,hebrew,True,False,wiktionary,,# חובה וזכות.
חו״ז,"חו""ז",חייבים וזכאים,1,hebrew,True,False,wiktionary,,# חייבים וזכאים.
חו״ח,"חו""ח",חס וחלילה,187,hebrew,True,False,wiktionary,,#[[חס וחלילה]].
חו״ח,"חו""ח",חלילה וחס,7,hebrew,True,False,wiktionary,,#[[חלילה וחס]].
חו״מ,"חו""מ",חושן משפט,573,hebrew,True,False,wiktionary,יהדות,"# {{משלב/ר""ת|יהדות}} חושן משפט."
חו״מ,"חו""מ",חומה ומגדל,277,hebrew,True,False,wiktionary,,# חומה ומגדל.
חו״מ,"חו""מ",חוץ מזה,181,hebrew,True,False,wiktionary,,# [[חוץ]] מזה
חו״מ,"חו""מ",חומרים מרוכבים,108,hebrew,True,False,wiktionary,הנדסה,"# {{משלב/ר""ת|הנדסה}} חומרים מרוכבים."
חו״פ,"חו""פ",חילוץ ופינוי,18,hebrew,True,False,wiktionary,,# חילוץ ופינוי.
חו״פ,"חו""פ",חוליה פיקודית,1,hebrew,True,False,wiktionary,,# חוליה פיקודית (בחיל הרפואה)
חו״ר,"חו""ר",חכמי ורבני,27,hebrew,True,False,wiktionary,יהדות,"#{{משלב/ר""ת|יהדות}} [[חכם|חכמי]] ו[[רב#רַב ג|רבני]]."
חו״ר,"חו""ר",חסד ורחמים,26,hebrew,True,False,wiktionary,יהדות,"#{{משלב/ר""ת|יהדות}} [[חסד#חֶסֶד|חסד]] ו[[רחמים]]."
חו״ר,"חו""ר",חנון ורחום,25,hebrew,True,False,wiktionary,יהדות,"#{{משלב/ר""ת|יהדות}} [[חנון#חַנּוּן|חנון]] ו[[רחום]]."
חו״ש,"חו""ש",חס ושלום,100,hebrew,True,False,wiktionary,,#[[חס ושלום]]
חו״ש,"חו""ש",חדש ושבת,1,hebrew,True,False,wiktionary,,#חדש ושבת
חזב״ת,"חזב""ת",חזרה בתשובה,411,hebrew,True,False,wiktionary,,#[[חזרה בתשובה]]
חזב״ת,"חזב""ת","חוזר בתשובה, חוזרים בתשובה",0,hebrew,True,False,wiktionary,,"#חוזר בתשובה, חוזרים בתשובה"
חזו״א,"חזו""א",חזק ואמץ,36,hebrew,True,False,wiktionary,,#חזק ואמץ.
חזו״א,"חזו""א","חזון אי""ש",28,hebrew,True,False,wiktionary,,"#חזון אי""ש. חזון אברהם ישעיהו."
חזל״ש,"חזל""ש",חזרה לשירות,97,hebrew,True,False,wiktionary,,# חזרה ל[[שרות|שירות]].
חזל״ש,"חזל""ש",חזרה לשגרה,39,hebrew,True,False,wiktionary,,# [[חזרה]] ל[[שגרה]].
חט״ם,"חט""ם",חטיבת המחקר,215,hebrew,True,False,wiktionary,,# חטיבת המחקר
חט״ם,"חט""ם","חבל, טריג, מקבילים",0,hebrew,True,False,wiktionary,,"# חבל, טריג, מקבילים (בבוחן כושר)"
חי״ל,"חי""ל",חזית יהודית לאומית,41,hebrew,True,False,wiktionary,,# [[חזית]] [[יהודי]]ת [[לאומי]]ת.
חי״ל,"חי""ל",(הבריגדה היהודית) אשר לחמה באירופה במלחמת העולם השניה,0,hebrew,False,False,wiktionary,,# [[חטיבה]] [[יהודי]]ת [[לוחם|לוחמת]].<BR> (הבריגדה היהודית) אשר לחמה באירופה במלחמת העולם השניה.
חי״ל,"חי""ל",האגודה לפיתוח הימאות העברית ולהחדרת תודעתה בארץ ובעולם,0,hebrew,False,False,wiktionary,,# [[חבל]] [[ימי]] ל[[ישראל]].<BR>האגודה לפיתוח הימאות העברית ולהחדרת תודעתה בארץ ובעולם. 1937.
חי״ש,"חי""ש",חיל שריון,97,hebrew,True,False,wiktionary,,# חיל שריון.
חי״ש,"חי""ש",חיל שדה,20,hebrew,True,False,wiktionary,,# חיל שדה.
חמ״ל,"חמ""ל",חדר מלחמה,53,hebrew,True,False,wiktionary,"צה""ל","#{{משלב/ר""ת|צה""ל}} [[חדר#חֶדֶר|'''ח'''דר]] [[מלחמה#מִלְחָמָה|'''מל'''חמה]]."
חמ״ל,"חמ""ל",חדר ניהול אירוע ומעקב אחר תרחיש,0,hebrew,False,False,wiktionary,,# {{בהשאלה|1}} חדר ניהול אירוע ומעקב אחר תרחיש.
חמ״ס,"חמ""ס",חומר מסווג,24,hebrew,True,False,wiktionary,,#חומר מסווג
חמ״ס,"חמ""ס","חומשים, מחזורים, סידורים",0,hebrew,True,False,wiktionary,,"# [[חומש]]ים, [[מחזור]]ים, [[סידור]]ים."
חנוכ״ה,"חנוכ""ה","חנו (ב)כ""ה",1,hebrew,True,False,wiktionary,,"#  [[חנה|חנו]] (ב)כ""ה."
חנוכ״ה,"חנוכ""ה",ח' נרות והלכה כבית הלל,0,hebrew,True,False,wiktionary,,#  ח' [[נר]]ות ו[[הלכה]] כ[[בית הלל]].
חנ״ה,"חנ""ה",חברת הנפט הלאומית,96,hebrew,True,False,wikipedia,,חברת הנפט הלאומית – חברת נפט בבעלות ממשלתית ישראלית שנמכרה לנפטא חברה ישראלית לנפט
חנ״ה,"חנ""ה",חומר נפץ הודף,40,hebrew,True,False,wikipedia,,"חומר נפץ הודף – בראשי תיבות: חנ""ה"
חנ״ה,"חנ""ה","מצוות חנ""ה",2,hebrew,False,False,wikipedia,,"מצוות חנ""ה - שלוש מצוות שניתנו לנשים: חלה, נידה, הדלקת נרות"
חפ״ק,"חפ""ק",חבורת פיקוד קדמית,3,hebrew,True,False,wiktionary,,#חבורת פיקוד קדמית.
חפ״ק,"חפ""ק",חונה פה קהילת,1,hebrew,True,False,wiktionary,,#חונה פה קהילת.
חפ״ש,"חפ""ש",חייל פשוט,51,hebrew,True,False,wiktionary,"צה""ל","# {{משלב/ר""ת|צה""ל}} [[חיל#חַיָּל|חייל]] [[פשוט#פָּשׁוּט|פשוט]]."
חפ״ש,"חפ""ש",חומרים פעילי-שטח,30,hebrew,True,False,wiktionary,כימיה,"# {{משלב/ר""ת|כימיה}} [[חמר#חֹמֶר|חומרים]] [[פעיל]]י-[[שטח#שֶׁטַח|שטח]]."
חקש״ב,"חקש""ב",חוקר שבויים,13,hebrew,True,False,wiktionary,,# חוקר שבויים
חקש״ב,"חקש""ב",חוקרת שבויים,0,hebrew,True,False,wiktionary,,# חוקרת שבויים
חק״י,"חק""י",חקלאות ימית,61,hebrew,True,False,wiktionary,,# חקלאות ימית.
חק״י,"חק""י",חקר ימי,23,hebrew,True,False,wiktionary,,# חקר ימי.
חק״ש,"חק""ש",חוקר שבויים,13,hebrew,True,False,wiktionary,,#חוקר שבויים (מודיעין)
חק״ש,"חק""ש",חיל קשישים,3,hebrew,True,False,wiktionary,,#חיל קשישים
חרד״ק,"חרד""ק",חרדי קל דעת,2,hebrew,True,False,wiktionary,סלנג,"#{{משלב/ר""ת|סלנג}} {{הקשר|כינוי גנאי}} [[חרדי]] [[קל דעת]]"
חרד״ק,"חרד""ק",חתן (או חכם) רבי דוד קמחי,0,hebrew,True,True,wiktionary,,# חתן (או חכם) רבי דוד קמחי.
חרד״ק,"חרד""ק",חתן ר' דוד קלונימוס (קלמן),0,hebrew,True,True,wiktionary,,# חתן ר' דוד קלונימוס (קלמן).
חרל״פ,"חרל""פ",חייא ראש לגולי פורטוגל,1,hebrew,True,False,wiktionary,,#חייא ראש לגולי פורטוגל.
חרל״פ,"חרל""פ",חייא ראש לבני פולין,0,hebrew,True,False,wiktionary,,#חייא ראש לבני פולין.
חרל״פ,"חרל""פ",חייא ראש לגליל פורטוגל,0,hebrew,True,False,wiktionary,,#חייא ראש לגליל פורטוגל.
חרל״פ,"חרל""פ","חכמים, רבנים, למדנים, פרשנים",0,hebrew,True,False,wiktionary,,"# חכמים, רבנים, למדנים, פרשנים."
חר״ג,"חר""ג",חרם (ד)רבינו גרשום,0,hebrew,True,False,wiktionary,,# חרם (ד)רבינו גרשום.
חר״ג,"חר""ג",חתן רבי גבריאל,0,hebrew,True,True,wiktionary,,# חתן רבי גבריאל.
חר״ך,"חר""ך",חתן רבי חיים,33,hebrew,False,True,wiktionary,,# חתן רבי חיים.
חר״ך,"חר""ך","חכמים, רבנים, כהנים",0,hebrew,True,False,wiktionary,,"# חכמים, רבנים, כהנים."
ח״א,"ח""א",חיל אויר,10,hebrew,True,False,wiktionary,,#[[חיל]] [[אויר]].
ח״א,"ח""א","חלק אל""ף",0,hebrew,True,False,wiktionary,,"#חלק אל""ף. וכך [[ח""ב]] [[ח""ג]] [[ח""ד]] וכך הלאה."
ח״ד,"ח""ד",חוות דעת,1389,hebrew,True,False,wiktionary,,# [[חות דעת|חוות דעת]]
ח״ד,"ח""ד",חלק ד,352,hebrew,True,False,wiktionary,,# [[חלק#חֵלֶק|חלק]] [[ד]]
ח״ד,"ח""ד",חיקור דין,8,hebrew,True,False,wiktionary,,# חיקור דין
ח״ד,"ח""ד",חתיכא דאיסורא,2,hebrew,True,False,wiktionary,,# חתיכא דאיסורא (ארמית-[[חתיכה]] [[של]] [[אסור#אִסּוּר|איסור]])
ח״ו,"ח""ו",חס וחלילה,187,hebrew,True,False,wiktionary,,# [[חס וחלילה]].
ח״ו,"ח""ו",חלק ו',170,hebrew,True,False,wiktionary,,# חלק ו'.
ח״ו,"ח""ו",חס ושלום,100,hebrew,True,False,wiktionary,,# [[חס ושלום]].
ח״ו,"ח""ו",חבר ועדה,53,hebrew,True,True,wiktionary,,# חבר [[ועדה]].
ח״ו,"ח""ו",חינוך ומשפחה,9,hebrew,True,False,wiktionary,,#חינוך ומשפחה
ח״ו,"ח""ו",חלילה וחס,7,hebrew,True,False,wiktionary,,# חלילה וחס.
ח״ו,"ח""ו",חוסם ורידים,0,hebrew,True,False,wiktionary,רפואה,"#{{משלב/ר""ת|רפואה}} חוסם [[וריד|ורידים]]."
ח״ח,"ח""ח",חלקי חילוף,345,hebrew,True,False,wiktionary,,# חלקי חילוף.
ח״ח,"ח""ח",חברת חשמל,124,hebrew,True,False,wiktionary,,# [[חברת חשמל]]
ח״ח,"ח""ח",חרדה חברתית,103,hebrew,True,False,wikipedia+wiktionary,,# [[:w:חרדה חברתית|חרדה חברתית]]. הקישור הוא לויקיפדיה.
ח״ח,"ח""ח",חיזוק חיובי,39,hebrew,True,False,wiktionary,,# [[חיזוק]] חיובי.
ח״ח,"ח""ח",חופת חתנים,8,hebrew,True,False,wiktionary,,# חופת חתנים.
ח״ח,"ח""ח",חלק חוזר,5,hebrew,True,False,wiktionary,,# חלק חוזר ([[:w:תחביר|תחביר]] - ב[[:w:משפט (בלשנות)#חלוקה לפי מאפייני הפסוקיות|משפט כולל]]. הקישורים הם לויקיפדיה.)
ח״ח,"ח""ח",חפץ חיים (ספר),4,hebrew,True,True,wikipedia,,"חפץ חיים (ספר) – ספר להלכות לשון הרע, מאת רבי ישראל מאיר הכהן"
ח״ח,"ח""ח",חפץ חיים (קיבוץ),4,hebrew,True,False,wikipedia,,חפץ חיים (קיבוץ) – קיבוץ דתי של פועלי אגודת ישראל
ח״ח,"ח""ח",חשש חמץ,4,hebrew,True,False,wiktionary,,# [[חשש]] [[חמץ]].
ח״ח,"ח""ח","חיזוק חיובי (קבל ח""ח)",1,hebrew,True,False,wikipedia,,"חיזוק חיובי (קבל ח""ח)"
ח״ח,"ח""ח",חלל חרב,1,hebrew,True,False,wiktionary,,# [[חלל]] [[חרב]].
ח״ח,"ח""ח","חפץ חיים: ספר, מחברו, או קיבוץ",0,hebrew,True,False,wiktionary,,"# חפץ חיים: [[:w:חפץ חיים|ספר, מחברו, או קיבוץ]]. הקישור הוא לויקיפדיה."
ח״י,"ח""י",חוק יסוד,677,hebrew,True,False,wiktionary,,#[[חוק]] [[יסוד]].
ח״י,"ח""י",חיל ים,131,hebrew,True,False,wiktionary,,#[[חיל ים]].
ח״י,"ח""י",חות יאיר (ספר),1,hebrew,True,False,wiktionary,,#חות יאיר (ספר).
ח״י,"ח""י",חיה יחידה,1,hebrew,True,False,wiktionary,,#חיה יחידה.
ח״י,"ח""י",חק יעקב (ספר),0,hebrew,True,False,wiktionary,,#חק יעקב (ספר).
ח״י,"ח""י",חרם יהושע (יהדות),0,hebrew,True,False,wiktionary,,#חרם יהושע ([[יהדות]]).
ח״י,"ח""י",שמונה עשרה בגימטריה,0,hebrew,False,False,wiktionary,,#[[שמונה עשרה]] ב[[גימטריה]].
ח״כ,"ח""כ",חבר כנסת,556,hebrew,True,True,wiktionary,,# [[חבר כנסת]]
ח״כ,"ח""כ",חזקת כשרות,14,hebrew,True,False,wiktionary,הלכה,# {{משלב|הלכה}} [[חזקה#חֲזָקָה|חזקת]] [[כשרות]]
ח״ל,"ח""ל",חייב לעבור,126,hebrew,True,True,wiktionary,"צה""ל","# {{משלב/ר""ת|צה""ל}} '''ח'''ייב '''ל'''עבור. {{ש}}בקורס טייס, כינוי לבנים לטייסים או טייסים לשעבר ש""חייבים לעבור"" וזוכים ליחס מועדף על ידי המערכת."
ח״ל,"ח""ל","חוץ לארץ, חוצה לארץ",0,hebrew,True,False,wiktionary,,"# [[חוץ|'''ח'''וץ]] '''ל'''[[ארץ]], חוצה לארץ."
ח״ל,"ח""ל","נרדפות: חו""ל",0,hebrew,False,False,wiktionary,,"#;נרדפות: [[חו""ל]]"
ח״מ,"ח""מ",חבר מרכז,229,hebrew,True,True,wiktionary,,# [[חבר מרכז]]
ח״מ,"ח""מ","חושן משפט בדומה לחו""מ",0,hebrew,True,False,wiktionary,,"# [[חושן משפט]] בדומה ל[[חו""מ]]."
ח״מ,"ח""מ",חתום מטה,0,hebrew,True,False,wiktionary,,# חתום [[מטה]].
ח״ן,"ח""ן",חיים נחמן (ביאליק),1090,hebrew,True,False,wiktionary,,# חיים נחמן (ביאליק).
ח״ן,"ח""ן",חיל נשים,40,hebrew,True,False,wikipedia+wiktionary,"צה""ל","#{{משלב/ר""ת|צה""ל}} [[חיל]] [[נשים]]."
ח״ן,"ח""ן",חכמת הנסתר,11,hebrew,True,False,wiktionary,,"#{{משלב/ר""ת|יהדות|תורת הקבלה}} [[חכמה|חכמת]] ה[[נסתר]]."
ח״ן,"ח""ן",חשבון נייר (ח-ן),0,hebrew,True,False,wiktionary,כלכלה,"#{{משלב/ר""ת|כלכלה}} חשבון נייר (ח-ן)."
ח״פ,"ח""פ",חד פעמי,1576,hebrew,True,False,wiktionary,,# [[חד פעמי]]
ח״פ,"ח""פ",חונה פה,5,hebrew,True,False,wiktionary,,#[[חונה]] [[פה]]
ח״צ,"ח""צ",חברה ציבורית,1041,hebrew,True,False,wiktionary,,# [[חברה]] ציבורית.
ח״צ,"ח""צ",חכם צבי (ספר),0,hebrew,True,False,wiktionary,,# חכם צבי (ספר).
ח״ק,"ח""ק",חברה קדישא,978,hebrew,True,False,wiktionary,,#חברה קדישא.
ח״ק,"ח""ק",חצי קדיש,27,hebrew,True,False,wiktionary,,#חצי קדיש.
ח״ק,"ח""ק",חסר קליע,3,hebrew,True,False,wiktionary,,#חסר קליע.
ח״ש,"ח""ש",חיי שרה,206,hebrew,True,False,wiktionary,,# [[חיי שרה|'''ח'''יי '''ש'''רה]]
ח״ש,"ח""ש",חילול שבת,165,hebrew,True,False,wiktionary,,# [[חילול שבת|'''ח'''ילול '''ש'''בת]]
ח״ש,"ח""ש",חודר שריון,91,hebrew,True,False,wiktionary,,# [[חדר#חָדַר|'''ח'''ודר]] [[שריון|'''ש'''ריון]]
ח״ש,"ח""ש",חיי שעה,13,hebrew,True,False,wiktionary,,# [[חיי שעה]]
טל״מ,"טל""מ",טוב לא משנה,3,hebrew,True,False,wiktionary,,# טוב לא משנה
טל״מ,"טל""מ",טיפוח לימודי מזרחנות,1,hebrew,True,False,wiktionary,,# טיפוח לימודי מזרחנות.
טל״מ,"טל""מ",טכנולוגיות למידה מתוקשבות,0,hebrew,True,False,wiktionary,,# טכנולוגיות למידה מתוקשבות.
טל״מ,"טל""מ","טלויזיה למנויים בע""מ",0,hebrew,True,False,wiktionary,,"# טלויזיה למנויים בע""מ."
טמ״א,"טמ""א",טומאת אוכלין,20,hebrew,True,False,wiktionary,ארון הספרים היהודי,"#{{משלב/ר""ת|ארון הספרים היהודי}} טומאת אוכלין."
טמ״א,"טמ""א",טומוגרפיה ממוחשבת אנגיוגרפית,0,hebrew,True,False,wiktionary,רפואה,"#{{משלב/ר""ת|רפואה}} [[טומוגרפיה]] [[מחשב|ממוחשבת]] [[אנגיוגרפיה|אנגיוגרפית]]"
טמ״מ,"טמ""מ",טוב מותי מחיי,2,hebrew,True,False,wiktionary,,# טוב מותי מחיי.
טמ״מ,"טמ""מ",טכנאי מערכות מחשוב,1,hebrew,True,False,wiktionary,,# טכנאי מערכות מחשוב.
טמ״מ,"טמ""מ",טכנאי מזרונים מתנפחים,0,hebrew,True,False,wiktionary,,#טכנאי מזרונים מתנפחים.
טמ״מ,"טמ""מ",טכנאי מערכות תקשורת נתונים מתקדמות,0,hebrew,True,False,wiktionary,,# טכנאי מערכות תקשורת נתונים מתקדמות.
טר״א,"טר""א",טורי אבן,15,hebrew,True,False,wiktionary,ארון הספרים היהודי,"#{{משלב/ר""ת|ארון הספרים היהודי}} טורי אבן."
טר״א,"טר""א",טיפול רפואי אישי,0,hebrew,True,False,wiktionary,רפואה,"#{{משלב/ר""ת|רפואה}} [[טיפול]] [[רפואה|רפואי]] אישי."
ט״א,"ט""א",טביעת אצבע,170,hebrew,True,False,wiktionary,משטרה,"# {{משלב/ר""ת|משטרה}} [[טביעת אצבע]]."
ט״א,"ט""א",טווח-ארוך,122,hebrew,True,False,wiktionary,,# [[טוח|טווח]]-[[ארוך]].
ט״א,"ט""א",תעופה טיס אוטומטי,0,hebrew,False,False,wiktionary,,# <small>תעופה</small> [[טיס]] [[אוטומטי]].
ט״ז,"ט""ז",המספר שש עשרה בגימטריה,0,hebrew,False,False,wiktionary,,# המספר [[שש עשרה]] בגימטריה.
ט״ז,"ט""ז",חיבורו של רבי דוד הלוי סגל על השולחן ערוך,0,hebrew,False,True,wiktionary,,# טורי זהב.<BR>חיבורו של רבי דוד הלוי סגל על השולחן ערוך.
ט״כ,"ט""כ",טבילת כלים,20,hebrew,True,False,wiktionary,הלכה,#{{משלב|הלכה}} [[טבילה|טבילת]] [[כלי]]ם
ט״כ,"ט""כ",טעם כעיקר,10,hebrew,True,False,wiktionary,הלכה,#{{משלב|הלכה}} [[טעם כעקר|טעם כעיקר]]
ט״מ,"ט""מ",טוב מאוד,371,hebrew,True,False,wiktionary,חינוך,"#{{משלב/ר""ת|חינוך}} [[טוב]] [[מאוד]]."
ט״מ,"ט""מ",טומוגרפיה ממוחשבת,172,hebrew,True,False,wiktionary,רפואה,"#{{משלב/ר""ת|רפואה}} [[טומוגרפיה]] [[מחשב|ממוחשבת]]"
ט״מ,"ט""מ",טמא/טומאת מת,1,hebrew,True,False,wiktionary,יהדות,"#{{משלב/ר""ת|יהדות}} [[טמא]]/[[טמאה|טומאת]] [[מת]]"
ט״מ,"ט""מ",ט' מידות,0,hebrew,True,False,wiktionary,יהדות,"#{{משלב/ר""ת|יהדות}} [[w:בני תשע מדות|ט' מידות]]"
ט״נ,"ט""נ",טומאת נבלה,21,hebrew,True,False,wiktionary,ארון הספרים היהודי,"#{{משלב/ר""ת|ארון הספרים היהודי}} טומאת [[נבלה]]."
ט״נ,"ט""נ",טרום ניתוח,4,hebrew,True,False,wiktionary,רפואה,"#{{משלב/ר""ת|רפואה}} [[טרום]] [[ניתוח]]"
יאע״ה,"יאע""ה",יעקב אבינו עליו השלום,4,hebrew,True,False,wiktionary,,# יעקב אבינו עליו השלום.
יאע״ה,"יאע""ה",יצחק אבינו עליו השלום,1,hebrew,True,False,wiktionary,,# יצחק אבינו עליו השלום.
יא״פ,"יא""פ",יד אפרים,18,hebrew,True,False,wiktionary,ארון הספרים היהודי,"#{{משלב/ר""ת|ארון הספרים היהודי}} יד אפרים."
יא״פ,"יא""פ",יחידת אשפוז פנימי,0,hebrew,True,False,wiktionary,רפואה,"#{{משלב/ר""ת|רפואה}} יחידת [[אשפוז]] פנימי."
יא״ר,"יא""ר","כינוי לחיבור ""פתשגן"" שנכתב על תרגום אונקלוס",1,hebrew,False,True,wiktionary,ארון הספרים היהודי,"#{{משלב/ר""ת|ארון הספרים היהודי}} כינוי לחיבור ""פתשגן"" שנכתב על תרגום אונקלוס. (החיבור נקרא כך בטעות ע""י [[w:שמואל דוד לוצאטו|שד""ל]] שחשב שהספר חובר בשנת רי""א.)"
יא״ר,"יא""ר",יתר אלדוסטרוניזם ראשוני,0,hebrew,True,False,wiktionary,רפואה,"#{{משלב/ר""ת|רפואה}} יתר אלדוסטרוניזם ראשוני."
יהב״י,"יהב""י",יקותיאל הכהן,10,hebrew,False,True,wikipedia,,יקותיאל הכהן – (יקותיאל הנקדן בן יהודה) - בלשן ואיש מסורה. חי באירופה במחצית השנייה של המאה ה-12
יהב״י,"יהב""י",יהודה ייטלס,7,hebrew,False,True,wikipedia,,יהודה ייטלס – (יהודה בן יונה ייטלס) - בלשן יהודי תושב פראג במפנה המאה ה-19
יה״ש,"יה""ש",יחידת השתתפות,139,hebrew,True,False,wikipedia,,יחידת השתתפות – נייר ערך המזכה ברווח אך לא בהשפעה על ניהול תאגיד
יה״ש,"יה""ש",יהושע השל שור,20,hebrew,True,False,wikipedia,,יהושע השל שור – איש תנועת ההשכלה הרדיקלית בגליציה
יומה״כ,"יומה""כ",יום הכיפורים,5870,hebrew,True,False,wiktionary,,# [[יום הכיפורים]].
יומה״כ,"יומה""כ",יוצא מן הכלל,989,hebrew,True,False,wiktionary,,# יוצא מן הכלל.
יועכ״ל,"יועכ""ל",יועץ כלכלי,81,hebrew,True,False,wiktionary,,# [[יועץ]] [[כלכלי]].
יועכ״ל,"יועכ""ל","יועץ כספי לרמטכ""ל",0,hebrew,True,False,wiktionary,,"# [[יועץ]] [[כספי]] ל[[רמטכ""ל]]."
יוע״מ,"יוע""מ",יועץ משפטי,242,hebrew,True,False,wikipedia+wiktionary,,# [[יועץ]] [[משפטי]].
יוע״מ,"יוע""מ",יועץ מס,38,hebrew,True,False,wiktionary,,# [[יועץ מס]].
יו״ד,"יו""ד",יורה דעה,990,hebrew,True,False,wikipedia,,"יורה דעה – החלק העוסק בדיני איסור והיתר בטור ובשו""ע"
יו״ד,"יו""ד",יוד,421,hebrew,True,False,wikipedia,,יוד – יסוד כימי שסמלו הכימי I ומספרו האטומי 53
יו״ד,"יו""ד","האות יו""ד",39,hebrew,False,False,wikipedia,,"האות יו""ד – האות העשירית באלף בית העברי"
יו״ד,"יו""ד","יורה דעה, אחד מחלקי השלחן ערוך",0,hebrew,True,False,wiktionary,יהדות,"#{{משלב|יהדות}} [[הורה#הוֹרָה א|יורה]] [[דעה]], אחד מחלקי ה[[שלחן ערוך]]."
יחב״ל,"יחב""ל",יחסים בינלאומיים,321,hebrew,True,False,wikipedia,,יחסים בינלאומיים
יחב״ל,"יחב""ל",יחידות בינלאומיות,4,hebrew,True,False,wikipedia,,יחידות בינלאומיות – יחידות לפעילות ביולוגית הנמצאת בשימוש בפרמקולוגיה (באנגלית IU)
יחב״ל,"יחב""ל",היחידה לחקירות בינלאומיות,1,hebrew,False,False,wikipedia,,היחידה לחקירות בינלאומיות – יחידת משטרה האחראית על חקירות בינלאומיות ומאבק בפשע המאורגן הבינלאומי
יח״ל,"יח""ל",יחידות לימוד,160,hebrew,True,False,wiktionary,,#[[יחידה|יחידות]] [[למוד#לִמּוּד|לימוד]].
יח״ל,"יח""ל",ישיבת חכמי לובלין,151,hebrew,True,False,wikipedia+wiktionary,,#[[ישיבה|ישיבת]] חכמי לובלין.
יח״ל,"יח""ל",יחידת לבגרות,1,hebrew,True,False,wikipedia,,יחידת לבגרות – דרך למדידת משקלו של מקצוע בבחינות הבגרות בישראל
יח״מ,"יח""מ",יחידת מידה,360,hebrew,True,False,wiktionary,,# יחידת מידה.
יח״מ,"יח""מ",יחידת מדים,0,hebrew,True,False,wiktionary,,# יחידת מדים.
יט״א,"יט""א","יאט""א",577,hebrew,True,False,wikipedia,,"יאט""א – ארגון חברות התעופה הבינלאומי יאט""א (International Air Transport Association – IATA) הוא ארגון מסחר בינלאומי של חברות תעופה"
יט״א,"יט""א","יט""א",31,hebrew,True,False,wikipedia,,"יט""א (The Jewish Teritorial Organization) - ההסתדרות הטריטוריאליסטית היהודית, ארגון בראשות ישראל זנגוויל שייצג את הזרם הטריטוריאליסטי"
יט״א,"יט""א",יחידת טיפול אוויר,0,hebrew,True,False,wiktionary,,# [[יחידה|יחידת]] [[טיפול]] [[אויר|אוויר]].
יט״א,"יט""א",יחידת טיפול אקלים,0,hebrew,True,False,wiktionary,,# יחידת טיפול [[אקלים]].
יי״ש,"יי""ש",יין שרף,24,hebrew,True,False,wiktionary,,#[[יין שרף]].
יי״ש,"יי""ש",יין יבש,5,hebrew,True,False,wiktionary,,#יין יבש{{מקור}}.
יל״צ,"יל""צ",יש לציין,1167,hebrew,True,False,wiktionary,,# יש לציין.
יל״צ,"יל""צ",יתר לחץ דם,403,hebrew,True,False,wiktionary,רפואה,"# {{משלב/ר""ת|רפואה}} [[יתר]] [[לחץ דם]]."
יל״צ,"יל""צ",ייבוא לשם יצוא,0,hebrew,True,False,wiktionary,כלכלה,"# {{משלב/ר""ת|כלכלה}} [[יבוא|ייבוא]] לשם [[יצוא|יצוא]]."
יל״ש,"יל""ש",ילקוט שמעוני,251,hebrew,True,False,wiktionary,,#ילקוט שמעוני.
יל״ש,"יל""ש",יש לשאול,42,hebrew,True,False,wiktionary,,# יש לשאול .
ימ״ח,"ימ""ח",ימי מחבוש,25,hebrew,True,False,wiktionary,,"# {{משלב/ר""ת|צה""ל|משפט צבאי}} [[יום|ימי]] [[מחבוש]]."
ימ״ח,"ימ""ח",יחידת מחסני חירום,8,hebrew,True,False,wiktionary,"צה""ל","# {{משלב/ר""ת|צה""ל}} [[יחידה|יחידת]] [[מחסן|מחסני]] [[חרום#חֵרוּם|חירום]]"
יס״ב,"יס""ב",יד סולדת בו,2,hebrew,True,False,wiktionary,,# [[יד סולדת|יד סולדת בו]].
יס״ב,"יס""ב",יחידת סיור הבנקים,0,hebrew,True,False,wiktionary,,# [[יחידה|יחידת]] [[סיור]] ה[[בנק]]ים.
יעב״ץ,"יעב""ץ",מבעלי התוספות,196,hebrew,False,True,wiktionary,,#יעקב בר יצחק הלוי<br />מבעלי התוספות
יעב״ץ,"יעב""ץ",מחכמי מרוקו במאה ה-18,1,hebrew,False,True,wiktionary,,#יעקב אבן צור<br />מחכמי מרוקו במאה ה-18
יעב״ץ,"יעב""ץ","(1698 - 1776), מגדולי הרבנים במאה ה-18",0,hebrew,False,True,wiktionary,,"#יעקב עמדן בן צבי<br />(1698 - 1776), מגדולי הרבנים במאה ה-18"
יע״א,"יע""א",יחוננך עליון אמן,0,hebrew,True,False,wiktionary,,# יחוננך עליון אמן.
יע״א,"יע""א","יכתב על עיר: 1.יגן עליה (עליך, עלינו, וכו') אלהים",0,hebrew,True,False,wiktionary,,"# יכתב על [[עיר]]: 1.[[הגן|'''י'''גן]] [[על#עַל|'''ע'''ליה]] (עליך, עלינו, וכו') [[אלהים|'''א'''להים]]. 2. [[עזר#עָזַר|'''יע'''זרה]] [[אלהים|'''א'''להים]]. 3. [[כונן|'''י'''כוננה]] [[עליון|'''ע'''ליון]] [[אמן#אָמֵן|'''א'''מן]]."
יע״ל,"יע""ל",יד עזר לחולה,4,hebrew,True,False,wiktionary,רפואה,"# {{משלב/ר""ת|רפואה}} [[:w:יד עזר לחולה|יד עזר לחולה]]."
יע״ל,"יע""ל","יש עוד לעיין/לומר (יותר נפוץ: יל""ע)",0,hebrew,True,False,wiktionary,,"#יש עוד לעיין/לומר (יותר נפוץ: [[יל""ע]])."
יע״ל,"יע""ל","מבחן יע""ל - ידע עברית לעולים",0,hebrew,False,False,wiktionary,חינוך,"# {{משלב/ר""ת|חינוך}} '''מבחן יע""ל''' - ידע עברית לעולים."
יע״מ,"יע""מ",מעבד,2869,hebrew,False,False,wiktionary,,# [[מעבד]]
יע״מ,"יע""מ",יחידת עיבוד מרכזית (CPU),1,hebrew,True,False,wiktionary,,# [[יחידה|יחידת]] [[עבוד#עִבּוּד|עיבוד]] [[מרכזי]]ת ([[CPU]]).
יק״ר,"יק""ר",יחידה לקנאביס רפואי,1,hebrew,True,False,wiktionary,רפואה,"# {{משלב/ר""ת|רפואה}} [[יחידה]] ל[[קנאביס]] רפואי."
יק״ר,"יק""ר",יחידות קישור רפואית,0,hebrew,True,False,wiktionary,,"# {{משלב/ר""ת|צה""ל|רפואה}} [[יחידה|יחידות]] [[קישור]] [[רפואי|רפואית]]."
יר״א,"יר""א",ירא אלוהים,15,hebrew,True,False,wiktionary,יהדות,"# {{משלב/ר""ת|יהדות}} [[ירא|'''י'''רא]] [[אלוהים|'''א'''לוהים]]."
יר״א,"יר""א",יראי אלוהים,11,hebrew,True,False,wiktionary,יהדות,"# {{משלב/ר""ת|יהדות}} [[ירא|'''י'''ראי]] [[אלוהים|'''א'''לוהים]]."
יר״ש,"יר""ש",יראת שמים,131,hebrew,True,False,wiktionary,,#יראת שמים.
יר״ש,"יר""ש",ירא שמים,69,hebrew,True,False,wiktionary,,#ירא שמים.
יש״ו,"יש""ו",ימח שמו וזכרו,13,hebrew,True,False,wiktionary,,# ימח שמו וזכרו.
יש״ו,"יש""ו",יש שם ושן,0,hebrew,True,False,wiktionary,,# יש שם ושן
יש״י,"יש""י",יחידת השליטה הימית,44,hebrew,True,False,wiktionary,,# יחידת השליטה הימית.
יש״י,"יש""י",יחד שבטי ישראל,26,hebrew,True,False,wiktionary,,# יחד שבטי ישראל (שם משפחה)
יש״ר,"יש""ר",יוסף שלמה דלמדיגו,41,hebrew,False,False,wikipedia,,"יוסף שלמה דלמדיגו – יש""ר מקנדיה – רב, פילוסוף, רופא ואסטרונום מכרתים"
יש״ר,"יש""ר",יצחק שמואל רג'יו,13,hebrew,True,True,wikipedia,,"יצחק שמואל רג'יו – יש""ר מגוריציה – רב ופילוסוף איטלקי"
יש״ר,"יש""ר","יש""ר מקנדיה",7,hebrew,True,False,wiktionary,,"#יוסף שלמה דלמדיגו<br />יש""ר מקנדיה"
יש״ר,"יש""ר","""יהא שמיה רבה""",4,hebrew,True,False,wiktionary,,"#""יהא שמיה רבה"". (ארמית ""יהא שמו הגדול"". תחילת ברכה מרכזית מתוך ה[[קדיש]])"
יש״ר,"יש""ר","רב איטלקי, מראשי תנועת חכמת ישראל",0,hebrew,False,True,wiktionary,,"#יצחק שמואל רג'יו<br />רב איטלקי, מראשי תנועת חכמת ישראל (יש""ר מגוריציה)"
י״א,"י""א",יש אומרים,659,hebrew,True,False,wiktionary,,# יש אומרים.
י״א,"י""א",ירא אדוני,0,hebrew,True,False,wiktionary,,# ירא אדוני.
י״א,"י""א",שווה בגודלה למרחק כדור-הארץ מהשמש,0,hebrew,False,False,wiktionary,יחידות מידה,"#{{משלב/ר""ת|יחידות מידה}} [[יחידה אסטרונומית]].</br>שווה בגודלה למרחק כדור-הארץ מהשמש."
י״א,"י""א",שנת הלימודים האחת־עשרה של התלמידים בישראל,0,hebrew,False,False,wiktionary,חינוך,"# 11 בגימטריה.</br>{{משלב/ר""ת|חינוך}} שנת הלימודים האחת־עשרה של התלמידים בישראל."
י״ח,"י""ח",יוסף חיים,1164,hebrew,True,False,wiktionary,,#יוסף חיים (ברנר)
י״ח,"י""ח",יודעי חן,4,hebrew,True,False,wiktionary,,#[[יודעי חן]].
י״ל,"י""ל",יש להם,2509,hebrew,True,False,wiktionary,,"#יש להם. ""כל ישראל י""ל חלק ל[[עוה""ב]]"""
י״ל,"י""ל",יש לומר,196,hebrew,True,False,wiktionary,,#יש לומר.
י״ל,"י""ל",יהודה לב,15,hebrew,True,False,wiktionary,,#[[יהודה]] [[לב#לֵב ב|לב]]
י״ל,"י""ל",יצחק לייבוש,11,hebrew,True,False,wiktionary,,#יצחק לייבוש (פרץ)
י״ל,"י""ל",יראה לי,4,hebrew,True,False,wiktionary,,#יראה לי.
י״מ,"י""מ",יש מפרשים,82,hebrew,True,False,wiktionary,ארון הספרים היהודי,"#{{משלב/ר""ת|ארון הספרים היהודי}} יש מפרשים."
י״מ,"י""מ",יפה מראה (פירוש על אגדות התלמוד ירושלמי),0,hebrew,True,False,wiktionary,ארון הספרים היהודי,"#{{משלב/ר""ת|ארון הספרים היהודי}} [[w:שמואל יפה אשכנזי|יפה מראה]] (פירוש על אגדות ה[[w:תלמוד ירושלמי|תלמוד ירושלמי]])."
י״צ,"י""צ",יוסף צבי,412,hebrew,True,False,wiktionary,,# [[יוסף]] [[צבי]].
י״צ,"י""צ",ישמרהו צורו,8,hebrew,True,False,wiktionary,,#[[שמר#שָׁמַר|ישמרהו]] [[צור#צוּר|צורו]].
כאו״א,"כאו""א",כל אחד ואחד,212,hebrew,True,False,wiktionary,,#[[כל]] אחד ו[[אחד]].
כאו״א,"כאו""א",כיבוד אב ואם,198,hebrew,True,False,wiktionary,,#[[כבוד אב ואם|כיבוד אב ואם]].
כד״א,"כד""א",כדור הארץ,7804,hebrew,True,False,wikipedia+wiktionary,,# כדור הארץ.
כד״א,"כד""א",כדוריות דם אדומות,68,hebrew,True,False,wikipedia+wiktionary,רפואה,"# {{משלב/ר""ת|רפואה}} [[כדורית דם|כדוריות דם]] [[אדם#אָדֹם|אדומות]]."
כד״א,"כד""א",כמה דאת אמר,5,hebrew,True,False,wikipedia+wiktionary,,"# {{משלב/ר""ת|ארמית|ארון הספרים היהודי}} כמה דאת אמר."
כד״א,"כד""א",כמה דאמר/דאמרינן/דאיתמר,0,hebrew,True,False,wiktionary,,"# {{משלב/ר""ת|ארמית|ארון הספרים היהודי}} כמה דאמר/דאמרינן/דאיתמר."
כד״ל,"כד""ל",כדוריות דם לבנות,18,hebrew,True,False,wiktionary,רפואה,"# {{משלב/ר""ת|רפואה}} [[כדורית דם|כדוריות דם]] [[לבן|לבנות]]."
כד״ל,"כד""ל",כדאית ליה,0,hebrew,True,False,wiktionary,,"# {{משלב/ר""ת|ארמית|ארון הספרים היהודי}} כדאית ליה."
כד״פ,"כד""פ",כדור פורח,346,hebrew,True,False,wiktionary,,# [[כדור פורח]]
כד״פ,"כד""פ",כדור פירוטכני,0,hebrew,True,False,wiktionary,,# כדור פירוטכני.
כה״ג,"כה""ג",כהן גדול,583,hebrew,True,False,wiktionary,,#[[כהן גדול]].
כה״ג,"כה""ג",כנסת הגדולה,286,hebrew,True,False,wiktionary,,#[[כנסת הגדולה]].
כה״ג,"כה""ג",כהאי גוונא,9,hebrew,True,False,wiktionary,,#כהאי גוונא. כי האי גוונא. (ארמית -ב[[זה]] ה[[גון]] =בזה ה[[אפן#אֹפָן|אופן]])
כו״כ,"כו""כ",כמה וכמה,920,hebrew,True,False,wiktionary,,#כמה וכמה.
כו״כ,"כו""כ",כך וכך,114,hebrew,True,False,wiktionary,,#כך וכך.
כי״ח,"כי""ח",כל ישראל חברים,459,hebrew,True,False,wiktionary,,#כל ישראל חברים.
כי״ח,"כי""ח",כל יוצאי חלציו,0,hebrew,True,False,wiktionary,,#כל יוצאי חלציו.
כנלע״ד,"כנלע""ד",כך נראה לעניות דעתי,0,hebrew,True,False,wiktionary,,#כך נראה לעניות דעתי.
כנ״ל,"כנ""ל",כך נראה לי (או: כן נראה לי),0,hebrew,True,False,wiktionary,,# [[כך]] [[נראה]] לי (או: כן נראה לי).
כנ״ל,"כנ""ל","כנאמר לעיל (או: כנזכר לעיל, כנכתב לעיל)",0,hebrew,True,False,wiktionary,,"# כ[[נאמר]] [[לעיל]] (או: כנזכר לעיל, כנכתב לעיל)."
כנ״ל,"כנ""ל",כנאמר לקמן כנזכר להלן,0,hebrew,True,False,wiktionary,,# כנאמר [[לקמן]] כנזכר [[להלן]].
כנ״ל,"כנ""ל",כנכון לגביי,0,hebrew,True,False,wiktionary,,# כנכון לגביי (או: כך נכון לגביי){{מקור}}
כצ״ל,"כצ""ל",כך צריך לומר,0,hebrew,True,False,wiktionary,,#כך צריך לומר.
כ״א,"כ""א",כל אחד,13941,hebrew,True,False,wiktionary,,#כל אחד.
כ״א,"כ""א",כי אם,4697,hebrew,True,False,wiktionary,,#כי אם.
כ״א,"כ""א",כוח אדם,2542,hebrew,True,False,wiktionary,,#[[כוח אדם]].
כ״א,"כ""א",כי אתה,265,hebrew,True,False,wiktionary,,#כי אתה.
כ״א,"כ""א",כרטיס אשראי,190,hebrew,True,False,wiktionary,,#[[כרטיס אשראי]].
כ״א,"כ""א",כיווני אוויר,5,hebrew,True,False,wiktionary,,#[[כוון|כיווני]] [[אוויר]]
כ״א,"כ""א",(גימטריה) 21,0,hebrew,False,False,wiktionary,,#<small>(גימטריה)</small> 21
כ״ז,"כ""ז",כל זאת,2138,hebrew,True,False,wiktionary,,#כל זאת.
כ״ז,"כ""ז",כל זמן,647,hebrew,True,False,wiktionary,,#כל זמן.
כ״ח,"כ""ח",כהנא חי,34,hebrew,True,False,wiktionary,,# כהנא חי. מפלגה ישראלית שהוצאה מחוץ לחוק
כ״ח,"כ""ח",כתיב חסר,30,hebrew,True,False,wiktionary,,# [[כתיב חסר]]. בתשבצים לעתים נכתב גם רק [[ח']]
כ״ח,"כ""ח",כדור חוזר,15,hebrew,True,False,wiktionary,,# [[כדור]] חוזר.
כ״ח,"כ""ח",כינוי חבור,5,hebrew,True,False,wiktionary,,# [[כנוי חבור|כינוי חבור]]
כ״י,"כ""י",כתב יד,2075,hebrew,True,False,wiktionary,,#כתב יד.
כ״י,"כ""י",כן ירבו,6,hebrew,True,False,wiktionary,,#כן ירבו.
כ״כ,"כ""כ",כמו כן,49440,hebrew,True,False,wiktionary,,# [[כמו|'''כ'''מו]] [[כן#כֵּן ג|'''כ'''ן]].
כ״כ,"כ""כ",כל כך,9288,hebrew,True,False,wiktionary,,# [[כל#כֹּל|'''כ'''ל]] [[כך|'''כ'''ך]].
כ״כ,"כ""כ",כיתת כוננות,35,hebrew,True,False,wiktionary,צבא,"# {{משלב/ר""ת|צבא}} [[כתה#כִּתָּה|כיתת]] [[כוננות]]."
כ״מ,"כ""מ",כל מקום,569,hebrew,True,False,wiktionary,,#כל מקום.
כ״מ,"כ""מ",כושר מוגבל,3,hebrew,True,False,wiktionary,"צה""ל","# {{משלב/ר""ת|צה""ל}} כושר מוגבל."
כ״ס,"כ""ס (פירושונים)",כפר סבא,2565,hebrew,True,False,wikipedia+wiktionary,ערים בישראל,"# {{משלב/ר""ת|ערים בישראל}} כפר סבא."
כ״ס,"כ""ס (פירושונים)",כוח סוס,469,hebrew,True,False,wikipedia+wiktionary,יחידות מידה,"# {{משלב/ר""ת|יחידות מידה}} [[כוח סוס]]."
כ״ס,"כ""ס (פירושונים)",כתב סתר,7,hebrew,True,False,wikipedia,,כתב סתר – אמצעי לתקשורת מוצפנת
כ״ע,"כ""ע",כתב עת,4694,hebrew,True,False,wiktionary,,# [[כתב עת]].
כ״ע,"כ""ע",כתב עליו,604,hebrew,True,False,wiktionary,,# כתב עליו.
כ״ע,"כ""ע","כולי עלמא (כֻּלֵּי עָלְמָא, כל העולם)",0,hebrew,True,False,wiktionary,ארמית,"#{{משלב/ר""ת|ארמית}} כולי עלמא (כֻּלֵּי עָלְמָא, [[כל]] ה[[עולם]])."
כ״ק,"כ""ק",כושר קרבי,106,hebrew,True,False,wiktionary,"צה""ל","#{{משלב/ר""ת|צה""ל}} [[כושר קרבי]]."
כ״ק,"כ""ק",כבוד קדושת,14,hebrew,True,False,wiktionary,,#כבוד קדושת.
כ״ש,"כ""ש",כל שהוא,288,hebrew,True,False,wiktionary,,#[[כל שהוא]]
כ״ש,"כ""ש",כל שכן,243,hebrew,True,False,wiktionary,,#[[כל שכן]].
כ״ש,"כ""ש",כהן שלום,19,hebrew,True,False,wiktionary,,#כהן שלום (שם משפחה)
כ״ש,"כ""ש",כלי שני,13,hebrew,True,False,wiktionary,,#[[כלי#כְּלִי|כלי]] [[שני#שֵׁנִי|שני]].
כ״ת,"כ""ת",כתר תורה,118,hebrew,True,False,wiktionary,,# [[ספר תורה|כתר תורה.]]
כ״ת,"כ""ת",כמו תמיד,72,hebrew,True,False,wiktionary,,# כמו תמיד.
לב״ב,"לב""ב",לא בא בחשבון,32,hebrew,True,False,wiktionary,סלנג,"# {{משלב/ר""ת|סלנג}} לא [[בא בחשבון]]."
לב״ב,"לב""ב",לחימה בשטח בנוי (מיושן),0,hebrew,True,False,wiktionary,"צה""ל","# {{משלב/ר""ת|צה""ל}} לחימה בשטח בנוי (מיושן)."
להב״ה,"להב""ה",למניעת התבוללות בארץ הקודש,10,hebrew,True,False,wikipedia,,"להב""ה – למניעת התבוללות בארץ הקודש"
להב״ה,"להב""ה",לצמצום הפער הדיגיטלי בחברה הישראלית,6,hebrew,True,False,wikipedia,,"להב""ה - לצמצום הפער הדיגיטלי בחברה הישראלית"
לו״ז,"לו""ז",לוח זמנים,939,hebrew,True,False,wikipedia,,לוח זמנים
לו״ז,"לו""ז",לוחמה זעירה,84,hebrew,True,False,wikipedia,,לוחמה זעירה
לכאו״א,"לכאו""א",לכל אחד ואחד,59,hebrew,True,False,wiktionary,,#לכל אחד ואחד.
לכ״א,"לכ""א",לכל אחד,2842,hebrew,True,False,wiktionary,,#לכל אחד.
למל״מ,"למל""מ",לא מועיל לא מזיק,0,hebrew,True,False,wiktionary,סלנג,"# {{משלב/ר""ת|סלנג}} לא מועיל לא מזיק."
למל״מ,"למל""מ",לא מריח לא מסריח,0,hebrew,True,False,wiktionary,סלנג,"# {{משלב/ר""ת|סלנג}} לא מריח לא מסריח."
למ״ד,"למ""ד",האות ל',24,hebrew,False,False,wiktionary,,# האות [[ל|ל']].
למ״ד,"למ""ד",למאן דאמר,3,hebrew,True,False,wiktionary,,# למאן דאמר.
למ״ה,"למ""ה",למורי הרב,1,hebrew,True,False,wiktionary,יהדות,"# {{משלב/ר""ת|יהדות}} למורי הרב."
למ״ה,"למ""ה",לא מפי הרב,0,hebrew,True,False,wiktionary,יהדות,"# {{משלב/ר""ת|יהדות}} לא מפי הרב."
לעומ״ז,"לעומ""ז",לעומת זאת,13718,hebrew,True,False,wiktionary,,# ל[[עמת|עומת]] [[זה|זאת]]. (זה) לעומת זה.
לעומ״ז,"לעומ""ז","לעו""ז",1,hebrew,False,False,wiktionary,,"#[[לעו""ז]]"
לע״ז,"לע""ז",לשון עם זר,3,hebrew,True,False,wiktionary,,#[[לשון]] [[עם]] [[זר]].
לע״ז,"לע""ז",גזירת נוטריקון מן המילה לעז המשנאית,0,hebrew,False,False,wiktionary,,# גזירת נוטריקון מן המילה [[לעז]] המשנאית.
לפ״ד,"לפ""ד",לפי דברי,380,hebrew,True,False,wiktionary,,#לפי דברי
לפ״ד,"לפ""ד","לפי דעתו, לפי דעתי",0,hebrew,True,False,wiktionary,,"#[[לפי]] [[דעת]]ו, לפי דעתי"
ל״א,"ל""א",לוחמה אלקטרונית,540,hebrew,True,False,wiktionary,"צה""ל","# {{משלב/ר""ת|צה""ל}} לוחמה אלקטרונית."
ל״א,"ל""א",לשון אחר,28,hebrew,True,False,wiktionary,,#לשון אחר.
ל״ב,"ל""ב",להגמל במאסר,0,hebrew,True,False,wiktionary,,# [[נגמל|להגמל]] ב[[מאסר]]{{מקור}}.
ל״ב,"ל""ב",שלושים ושניים בגימטריה,0,hebrew,False,False,wiktionary,,# שלושים ושניים ב[[גימטריה]]
ל״ג,"ל""ג",לא גרסינן,1,hebrew,True,False,wiktionary,,# לא גרסינן.
ל״ג,"ל""ג",גימטריה 33,0,hebrew,False,False,wiktionary,,# {{פירוש לקוי}} <small>[[גימטריה]]</small> 33.
ל״ג,"ל""ג",למד הפועל גרונית,0,hebrew,True,False,wiktionary,דקדוק,"#{{משלב/ר""ת|דקדוק}}  למד הפועל גרונית."
ל״ד,"ל""ד",לחץ דם,1061,hebrew,True,False,wiktionary,רפואה,"# {{משלב/ר""ת|רפואה}} לחץ דם."
ל״ד,"ל""ד",לאו דווקא,786,hebrew,True,False,wiktionary,,# לאו דווקא.
ל״ד,"ל""ד",לא דמי,4,hebrew,True,False,wiktionary,,# לא דמי.
ל״ל,"ל""ל",למה לי,410,hebrew,True,False,wiktionary,,# [[למה]] [[לי]].
ל״ל,"ל""ל","לית ליה, לית לן, (ארמית-אין לו, אין לה, אין לנו)",0,hebrew,True,False,wiktionary,,"# לית ליה, לית לן,  (ארמית-[[אין]] לו, אין לה, אין לנו)."
ל״ע,"ל""ע",לעת עתה,391,hebrew,True,False,wiktionary,,#לעת עתה.
ל״ע,"ל""ע",לימוד עצמי,77,hebrew,True,False,wiktionary,,#לימוד עצמי
ל״ע,"ל""ע",לא עלינו,24,hebrew,True,False,wiktionary,,#לא עלינו.
ל״ש,"ל""ש",לירה שטרלינג,315,hebrew,True,False,wiktionary,כלכלה,"#{{משלב/ר""ת|כלכלה}} לירה שטרלינג."
ל״ש,"ל""ש",לא שייך,160,hebrew,True,False,wiktionary,,#לא שייך.
ל״ש,"ל""ש",לא שמיה (=לא נקרא/נחשב),0,hebrew,True,False,wiktionary,,"#{{משלב/ר""ת|ארון הספרים היהודי|ארמית}} לא שמיה (=לא נקרא/נחשב)."
ל״ש,"ל""ש",לא שנא/שנו,0,hebrew,True,False,wiktionary,,"#{{משלב/ר""ת|ארון הספרים היהודי|ארמית}} לא שנא/שנו."
ל״ת,"ל""ת",לא תעשה,612,hebrew,True,False,wiktionary,,#[[לא תעשה]].
ל״ת,"ל""ת",ללא תוכן,84,hebrew,True,False,wiktionary,,#ללא [[תכן#תֹּכֶן|תוכן]].
מא״ג,"מא""ג",מאג,234,hebrew,True,False,wiktionary,,# מאג:
מא״ג,"מא""ג",מדרש אגדה,93,hebrew,True,False,wiktionary,ארון הספרים היהודי,"# {{משלב/ר""ת|ארון הספרים היהודי}} [[מדרש|'''מ'''דרש]] [[אגדה|'''אג'''דה]]."
מא״ג,"מא""ג",מקלע אחיד גדודי,2,hebrew,True,False,wiktionary,"צה""ל","# {{משלב/ר""ת|צה""ל}} [[מקלע|'''מ'''קלע]] '''א'''חיד [[גדוד|'''ג'''דודי]]."
מא״ש,"מא""ש",מאה שערים,562,hebrew,True,False,wikipedia,,מאה שערים – שכונה בירושלים
מא״ש,"מא""ש",מרדכי איש-שלום,118,hebrew,True,False,wikipedia,,"מרדכי איש-שלום – חתם בראשי התיבות מא""ש, ראש עיריית ירושלים"
מא״ש,"מא""ש",המרכז לאימונים באש,31,hebrew,False,False,wikipedia,,"מא""ש – המרכז לאימונים באש, אחד מארבעת המרכזים במרכז הלאומי לאימונים ביבשה"
מא״ש,"מא""ש",מאיר איש-שלום,30,hebrew,True,False,wikipedia,,"מאיר איש-שלום – חתם בראשי התיבות מא""ש, חוקר יהדות"
מב״א,"מב""א",מערכת בקרת אש,81,hebrew,True,False,wiktionary,"צה""ל","# {{משלב/ר""ת|צה""ל}} [[מערכת]] [[בקרה|בקרת]] [[אש]]."
מב״א,"מב""א",מכלול בקרה אוגדתי,5,hebrew,True,False,wiktionary,"צה""ל","# {{משלב/ר""ת|צה""ל}} [[מכלול]] [[בקרה]] [[אוגדה|אוגדתי]]"
מב״ו,"מב""ו",מלך בשר ודם,24,hebrew,True,False,wiktionary,,# מלך בשר ודם.
מב״ו,"מב""ו",מבשר ודם,5,hebrew,True,False,wiktionary,,# מבשר ודם.
מב״ט,"מב""ט",מטוס בלי טייס,1,hebrew,True,False,wiktionary,תעופה,"# {{משלב/ר""ת|תעופה}} מטוס בלי טייס."
מב״ט,"מב""ט",מרכז בקרה טכנולוגי,0,hebrew,True,False,wiktionary,,# מרכז בקרה טכנולוגי.
מב״ם,"מב""ם",מבקר המדינה,1638,hebrew,True,False,wiktionary,,# [[מבקר]] ה[[מדינה]].
מב״ם,"מב""ם",המערכה בין המלחמות,25,hebrew,False,False,wiktionary,,# [[w:המערכה_בין_המלחמות|המערכה בין המלחמות]].
מב״ם,"מב""ם",מזר בכיר מתקדם,3,hebrew,True,False,wiktionary,,# [[מזר]] [[בכיר]] [[התקדם|מתקדם]].
מב״ן,"מב""ן",מרכז לבריאות הנפש,40,hebrew,True,False,wiktionary,רפואה,"# {{משלב/ר""ת|רפואה}} מרכז לבריאות הנפש."
מב״ן,"מב""ן","משה בן נחמן (רמב""ן)",12,hebrew,True,True,wiktionary,אישים,"#{{משלב/ר""ת|אישים}} משה בן נחמן (רמב""ן)."
מב״ר,"מב""ר",משרד הבריאות,2719,hebrew,True,False,wiktionary,,# [[משרד]] ה[[בריאות]].
מב״ר,"מב""ר",מסלול בגרויות רגיל,0,hebrew,True,False,wiktionary,משרד החינוך,"# {{משלב/ר""ת|משרד החינוך}} [[מסלול]] [[בגרות|בגרויות]] [[רגיל]]."
מב״ר,"מב""ר",מפגר בעל רצון,0,hebrew,True,False,wiktionary,סלנג,"# {{משלב/ר""ת|סלנג}} {{בהשאלה|1}} [[מפגר]] בעל [[רצון]]."
מב״ר,"מב""ר","מש""ק בינה רשתית",0,hebrew,True,False,wiktionary,"צה""ל","# {{משלב/ר""ת|צה""ל}} [[מש""ק]] [[בינה]] [[רשתי]]ת."
מג״ב,"מג""ב",משמר הגבול,1491,hebrew,True,False,wiktionary,,# [[משמר הגבול]]
מג״ב,"מג""ב",מגה בית (גם: מגה בייט). בדיוק מיליון בית,0,hebrew,True,False,wiktionary,,"#{{הקשר/ר""ת|מחשבים}} מגה בית (גם: מגה [[בייט]]). בדיוק מיליון [[בית#בַּיִת ב|בית]]."
מג״ב,"מג""ב",מיירט גובה בינוני,0,hebrew,True,False,wiktionary,,# מיירט גובה בינוני
מג״ל,"מג""ל",המכון הגבוה לתורה,33,hebrew,False,False,wikipedia,,המכון הגבוה לתורה – מוסד ישיבתי תורני ומדרשה תורנית לנשים הפועל בתוך אוניברסיטת בר-אילן
מג״ל,"מג""ל",מביא גאולה לעולם,7,hebrew,True,False,wiktionary,,# מביא גאולה לעולם.
מג״ל,"מג""ל","מג""ל (רובה)",2,hebrew,True,False,wikipedia,,"מג""ל (רובה) – רובה משטרה ישראלי מקוצר המבוסס על מיקרו גליל"
מג״ל,"מג""ל",מגל (בעבר מערך גיבוי לחימה),1,hebrew,True,True,wikipedia,,"מגל (בעבר מערך גיבוי לחימה) - מערך בצה""ל האחראי על שלב הטירונות של חיילים ביחידות תומכות לחימה ועורפיות"
מג״ל,"מג""ל",שם עט של גיורא לשם,1,hebrew,False,True,wikipedia,,"מג""ל - שם עט של גיורא לשם"
מג״ל,"מג""ל","ה""כולל"" הסמוך לאוניברסיטת בר-אילן",0,hebrew,False,True,wiktionary,,"# [[w:המכון הגבוה לתורה|מכון גבוה לתורה]].</br>ה""[[כולל]]"" הסמוך ל[[w:אוניברסיטת בר אילן|אוניברסיטת בר-אילן]]."
מג״ל,"מג""ל",מיליגרם לליטר (mg/L),0,hebrew,True,False,wiktionary,,# [[מיליגרם]] ל[[ליטר]] (mg/L).
מג״ל,"מג""ל",מנה ג' לשבטים (שם משפחה של שבט לוי),0,hebrew,True,False,wiktionary,,# מנה ג' לשבטים (שם משפחה של שבט לוי).
מג״ל,"מג""ל",מרכז גמילה ליפתא,0,hebrew,True,False,wiktionary,,# מרכז גמילה ליפתא.
מג״מ,"מג""מ",מפקד גף מטוסים,2,hebrew,True,False,wiktionary,,#מפקד גף מטוסים.
מג״מ,"מג""מ",מרכז גיוס מרחבי,0,hebrew,True,False,wiktionary,,#מרכז גיוס מרחבי.
מג״ר,"מג""ר",מרק גרמני,33,hebrew,True,False,wiktionary,,# [[מרק]] גרמני.
מג״ר,"מג""ר",מיירט גובה רב,0,hebrew,True,False,wiktionary,,# מיירט גובה רב.
מג״ש,"מג""ש",מגיד שיעור,51,hebrew,True,False,wiktionary,יהדות,# {{משלב|יהדות}} [[מגיד שעור|מגיד שיעור]]
מג״ש,"מג""ש",מפקד גוש,23,hebrew,True,False,wiktionary,צבא,# {{משלב|צבא}} [[מפקד]] [[גוש]].
מדא״ג,"מדא""ג",מדרש אגדה,93,hebrew,True,False,wiktionary,ארון הספרים היהודי,"# {{משלב/ר""ת|ארון הספרים היהודי}} [[מדרש|'''מד'''רש]] [[אגדה|'''אג'''דה]]."
מדא״ג,"מדא""ג",מדריכת אימון גופני,3,hebrew,True,False,wiktionary,"צה""ל","# {{משלב/ר""ת|צה""ל}} '''מד'''ריכת [[אימון|'''אי'''מון]] [[גופני|'''גו'''פני]]"
מדמ״ח,"מדמ""ח",מדעי המחשב,1398,hebrew,True,False,wiktionary,,#מדעי המחשב.
מד״א,"מד""א",מגן דוד אדום,429,hebrew,True,False,wiktionary,,# [[מגן דוד אדם|מגן דוד אדום]].
מד״א,"מד""א",מרא דאתרא,170,hebrew,True,False,wiktionary,יהדות,"#{{משלב/ר""ת|יהדות}} מרא דאתרא"
מד״א,"מד""א",מסכת דרך ארץ,32,hebrew,True,False,wiktionary,יהדות,"#{{משלב/ר""ת|יהדות}} מסכת דרך ארץ"
מד״א,"מד""א",מאן דאמר (מי שאמר),0,hebrew,True,False,wiktionary,יהדות,"#{{משלב/ר""ת|יהדות}} מאן דאמר (מי שאמר)."
מד״א,"מד""א",משום דרכי אמורי,0,hebrew,True,False,wiktionary,יהדות,"#{{משלב/ר""ת|יהדות}} משום דרכי אמורי."
מד״ח,"מד""ח",משוואות דיפרנציאליות חלקיות,103,hebrew,True,False,wikipedia,,משוואות דיפרנציאליות חלקיות
מד״ח,"מד""ח",משוואה דיפרנציאלית חלקית,56,hebrew,True,False,wiktionary,מתמטיקה,"# {{משלב/ר""ת|מתמטיקה}} [[משואה#מִשְׁוָאָה|משוואה]] [[דיפרנציאלי]]ת [[חלקי]]ת."
מד״ח,"מד""ח",מדת חסידות,11,hebrew,True,False,wiktionary,יהדות,"# {{משלב/ר""ת|יהדות}} [[מדת חסידות]]."
מד״ח,"מד""ח",מדריך חוץ וטבע,2,hebrew,True,False,wikipedia,,מדריך חוץ וטבע – תפקיד מנהלתי בתנועת הנוער העובד והלומד ובחטיבת בני המושבים
מד״ח,"מד""ח",אנגלית: PDE,0,hebrew,False,False,wiktionary,,# אנגלית: [[PDE]]
מד״ן,"מד""ן",משה דוד גאון,247,hebrew,True,False,wikipedia,,משה דוד גאון
מד״ן,"מד""ן",מדריך נוער,95,hebrew,True,False,wiktionary,,# מדריך נוער.
מד״ן,"מד""ן",מספן המודיעין,79,hebrew,True,False,wikipedia,,מספן המודיעין
מד״ן,"מד""ן","מדריך נוער (צה""ל)",4,hebrew,True,False,wikipedia,,"מדריך נוער (צה""ל)"
מד״ס,"מד""ס",מדעי הסביבה,121,hebrew,True,False,wiktionary,לימודים,"#{{משלב/ר""ת|לימודים}} מדעי הסביבה"
מד״ס,"מד""ס",מדברי סופרים,35,hebrew,True,False,wiktionary,תורה,"#{{משלב/ר""ת|תורה}} מדברי סופרים."
מד״ס,"מד""ס",מדריך ספורט,19,hebrew,True,False,wiktionary,"צה""ל","#{{משלב/ר""ת|צה""ל}} מדריך ספורט."
מד״ס,"מד""ס",מדי ספורט,3,hebrew,True,False,wiktionary,ספורט,"#{{משלב/ר""ת|ספורט}} מדי ספורט."
מד״ר,"מד""ר",מדרש רבה,178,hebrew,True,False,wiktionary,,# מדרש רבה.
מד״ר,"מד""ר",מדריך ראשי,70,hebrew,True,False,wiktionary,,# מדריך ראשי.
מד״ר,"מד""ר",משוואה דיפרנציאלית רגילה,32,hebrew,True,False,wiktionary,מתמטיקה,# {{משלב|מתמטיקה}} משוואה דיפרנציאלית רגילה.
מהו״ת,"מהו""ת",מידע,129370,hebrew,False,True,wikipedia,,"מידע, הדרכה ותעסוקה לנשים - עמותה המקדמת שינוי במצבן הכלכלי והתעסוקתי של נשים"
מהו״ת,"מהו""ת","פגישת מהו""ת",3,hebrew,False,False,wikipedia,,"פגישת מהו""ת – הליך משפטי בתביעות מסוימות, שנועד לבחינת האפשרות לפתרון הסכסוך באמצעות גישור"
מהו״ת,"מהו""ת",מרכז התעצמות ותובנה,2,hebrew,True,False,wikipedia,,מרכז התעצמות ותובנה - מרכז עזרה לסטודנטים בעלי לקויות הלמידה במכללת סמינר הקיבוצים
מהו״ת,"מהו""ת","יום מהו""ת (מורה-הורה-תלמיד)",1,hebrew,False,False,wikipedia,,"יום מהו""ת (מורה-הורה-תלמיד) - יום הורים בבית ספר"
מהו״ת,"מהו""ת",מרכז הערבות והתמודדות בחירום,1,hebrew,True,False,wikipedia,,מרכז הערבות והתמודדות בחירום - מרכז טיפול במצבי חירום במועצה אזורית שומרון
מהו״ת,"מהו""ת",מרכז הערכה ופיתוח תוכניות,1,hebrew,True,False,wikipedia,,מרכז הערכה ופיתוח תוכניות - חברה שמבצעת הערכת תוכניות ופרויקטים
מהו״ת,"מהו""ת",מרכז השתלמויות ותנופה,1,hebrew,True,False,wikipedia,,"מרכז השתלמויות ותנופה - ""בית מדרש"" למורים. גוף המגבש השתלמויות לסגל הוראה בחינוך ממלכתי דתי"
מהרי״א,"מהרי""א",יצחק אברבנאל,254,hebrew,False,False,wikipedia,,יצחק אברבנאל – ידוע בפירושו על התורה ובתפקידיו כשר האוצר
מהרי״א,"מהרי""א",יצחק אבוהב,86,hebrew,False,False,wikipedia,,יצחק אבוהב – מגדולי חכמי ישראל במאה ה-15
מהרי״א,"מהרי""א",יהודה אסאד,36,hebrew,False,True,wikipedia,,"יהודה אסאד – מרבני הונגריה במאה ה-19, מחבר ""דברי מהרי""א"" ו""חידושי מהרי""א"""
מהרי״א,"מהרי""א",יצחק אייזיק אייכנשטיין,29,hebrew,False,True,wikipedia,,"יצחק אייזיק אייכנשטיין – האדמו""ר מזידיטשוב, מחבר פירוש מהרי""א על מדרש רבה"
מהרי״א,"מהרי""א",יצחק אדרבי,11,hebrew,False,True,wikipedia,,"יצחק אדרבי – מרבני הפזורה הספרדית במאה ה-16, מחבר דברי ריבות"
מהרי״ח,"מהרי""ח",ישראל חיים פרידמן,17,hebrew,False,True,wikipedia,,"ישראל חיים פרידמן – מחבר 'ליקוטי מהרי""ח'"
מהרי״ח,"מהרי""ח",יוסף חיים הכהן,16,hebrew,False,True,wikipedia,,יוסף חיים הכהן – מחבר 'מנחת כהן' ו'ויכלכל כהן'
מהרי״ח,"מהרי""ח",יחזקיה ממגדבורג,8,hebrew,False,False,wikipedia,,"יחזקיה ממגדבורג – בעל פסקי מהרי""ח, נזכר רבות בהגהות אשרי"
מהרי״ח,"מהרי""ח",ישראל חיים דייכס,4,hebrew,False,True,wikipedia,,"ישראל חיים דייכס – מחבר 'דרשות מהרי""ח' ו'ילקוט מהרי""ח'"
מהרי״ח,"מהרי""ח",ישראל חיים קצבורג,4,hebrew,False,True,wikipedia,,"ישראל חיים קצבורג – מחבר ""כתבי מהרי""ח"""
מהרי״ח,"מהרי""ח",יואל חסיד מאמצ'יסלוב,3,hebrew,False,True,wikipedia,,"יואל חסיד מאמצ'יסלוב - מחבר 'חדושי מהרי""ח' על המשניות"
מהרי״ל,"מהרי""ל (פירושונים)","ישיבת מהרי""ל",6,hebrew,False,True,wikipedia,,"ישיבת מהרי""ל – ישיבה ירושלמית בראשות הרב חזקיהו יוסף שרייבר הקרויה על שם מהרי""ל דיסקין"
מהרי״ל,"מהרי""ל (פירושונים)",מורנו הרב יעקב הלוי מולין,1,hebrew,True,True,wikipedia,,"מהרי""ל – מורנו הרב יעקב הלוי מולין, מנהיג יהדות אשכנז בסוף תקופת הראשונים ואבי מנהגי אשכנז"
מהרי״ל,"מהרי""ל (פירושונים)","רבי יהודה ליב שניאורסון (מהרי""ל מקאפוסט)",1,hebrew,False,True,wikipedia,,"רבי יהודה ליב שניאורסון (מהרי""ל מקאפוסט) – מייסד חסידות קאפוסט (ענף של חסידות חב""ד). בנו של רבי מנחם מנדל שניאורסון (ה""צמח צדק"")"
מהרי״ל,"מהרי""ל (פירושונים)","רבי יהושע לייב דיסקין (מהרי""ל דיסקין)",1,hebrew,False,True,wikipedia,,"רבי יהושע לייב דיסקין (מהרי""ל דיסקין) – רבה של בריסק ולאחר מכן ממנהיגי היישוב הישן בירושלים, מייסד בית היתומים דיסקין"
מהרי״ל,"מהרי""ל (פירושונים)","רבי יהודה לייב מינוביץ (מהרי""ל מינוביץ')",0,hebrew,False,True,wikipedia,,"רבי יהודה לייב מינוביץ (מהרי""ל מינוביץ') – רבה של ינוביץ' ומחבר הספר שארית יהודה. אחיו של רבי שניאור זלמן מלאדי מייסד חסידות חב""ד"
מהרי״ץ,"מהרי""ץ (פירושונים)",יוסף צבי דושינסקי,97,hebrew,False,True,wikipedia,,"יוסף צבי דושינסקי – גאב""ד העדה החרדית בירושלים, פוסק וראש ישיבה"
מהרי״ץ,"מהרי""ץ (פירושונים)",יצחק מוולוז'ין,39,hebrew,False,True,wikipedia,,"יצחק מוולוז'ין – ראש ישיבת וולוז'ין, בנו של רבי חיים מוולוז'ין"
מהרי״ץ,"מהרי""ץ (פירושונים)",יהודה צבי ברנדויין (הראשון),6,hebrew,False,False,wikipedia,,יהודה צבי ברנדויין (הראשון) – מייסד חסידות סטרטין
מהרי״ץ,"מהרי""ץ (פירושונים)",מארי יחיא צאלח,3,hebrew,False,False,wikipedia,,"מארי יחיא צאלח – מרבני תימן במאה ה-18, הראב""ד הקבוע השישי של בית דין צנעא בתימן"
מהרי״ץ,"מהרי""ץ (פירושונים)",יוסף צבי דינר (או דונר),1,hebrew,False,False,wikipedia,,"יוסף צבי דינר (או דונר) – בעל ""מנהגי מהרי""צ הלוי"" ו""מקדש הלוי"", ראב""ד UOHC"
מהרי״ץ,"מהרי""ץ (פירושונים)",רבנים מהאחרונים,1,hebrew,False,False,wikipedia,,רבנים מהאחרונים:
מהרש״א,"מהרש""א (פירושונים)",שלמה אליעזר אלפנדרי,34,hebrew,False,True,wikipedia,,"שלמה אליעזר אלפנדרי – פוסק ומקובל נפטר ב-1930. ידוע בשם מהרש""א אלפנדרי"
מהרש״א,"מהרש""א (פירושונים)",שמואל אליעזר הלוי איידלס,33,hebrew,False,True,wikipedia,,שמואל אליעזר הלוי איידלס – רב ומפרש התלמוד. 1555–1631
מהרש״א,"מהרש""א (פירושונים)",שמעון אגסי,31,hebrew,False,False,wikipedia,,"שמעון אגסי – מרבני בגדאד 1852–1914. מכונה גם הוא מהרש""א"
מהרש״א,"מהרש""א (פירושונים)",שלמה איגר,26,hebrew,False,True,wikipedia,,"שלמה איגר – רבן של קאליש ופוזנן, בנו של רבי עקיבא איגר, 1787–1852 ידוע בהגהותיו על התלמוד בשם גיליון מהרש""א"
מהרש״א,"מהרש""א (פירושונים)","חידושי הלכות ואגדות מהרש""א",1,hebrew,False,False,wikipedia,,"חידושי הלכות ואגדות מהרש""א – פירוש המהרש""א לתלמוד"
מהרש״ג,"מהרש""ג",רבי שמעון גרינפלד,9,hebrew,False,True,wikipedia,,"רבי שמעון גרינפלד - ראש ישיבה ופוסק הלכה הונגרי, דיין במונקאטש ורבה של סמיהאלי"
מהרש״ג,"מהרש""ג",רבי שמואל גאון,2,hebrew,False,True,wikipedia,,רבי שמואל גאון - רבה של סלוניקי
מהרש״ק,"מהרש""ק",רבקה מהרשק,39,hebrew,False,False,wikipedia,,רבקה מהרשק - חלוצה אשת העלייה השנייה. רעייתו הראשונה של לוי אשכול
מהרש״ק,"מהרש""ק",ר' שלמה קלוגר,7,hebrew,False,True,wikipedia,,"ר' שלמה קלוגר, המגיד מברודי – רב, מנהיג, פוסק ודרשן מפורסם ממוצא פולני, מגדולי התורה באמצע המאה ה-19"
מהרש״ק,"מהרש""ק",בני מהרשק,5,hebrew,False,False,wikipedia,,"בני מהרשק – הפוליטרוק של הפלמ""ח"
מהרש״ק,"מהרש""ק",ר' שלמה מקרלין,4,hebrew,False,True,wikipedia,,"ר' שלמה מקרלין – נמנה בין תלמידיו של המגיד ממעזריטש, והיה תלמידו של רבי אהרן הגדול מקרלין"
מהרש״ק,"מהרש""ק",ר' שמואל קאיידנובר,4,hebrew,False,True,wikipedia,,"ר' שמואל קאיידנובר, רבי אהרן שמואל מקוידנוב - מגדולי התורה במאה ה-17"
מהרש״ק,"מהרש""ק",ישראל מהרשק,3,hebrew,False,False,wikipedia,,ישראל מהרשק – חלוץ איש העלייה השלישית
מהרש״ק,"מהרש""ק",רבי שמשון בן יצחק מקינון (לעיתים,2,hebrew,False,True,wikipedia,,"רבי שמשון בן יצחק מקינון (לעיתים: מהרש""ק), בן המאה ה-13, כתב פירוש על ל""ב מידות שהתורה נדרשת בהן"
מהרש״ק,"מהרש""ק","שמואל מהרש""ק",2,hebrew,False,False,wikipedia,,"שמואל מהרש""ק – משורר, מחזאי, סופר ואיש חינוך רוסי ממוצא יהודי"
מהרש״ק,"מהרש""ק",מורנו הרב רבי שלמה כהן,0,hebrew,False,True,wiktionary,,#'''מ'''ורנו '''ה'''רב '''ר'''בי '''ש'''למה '''כ'''הן
מהרש״ק,"מהרש""ק",מורנו הרב רבי שלמה קלוגר,0,hebrew,True,True,wiktionary,,#'''מ'''ורנו '''ה'''רב '''ר'''בי '''ש'''למה '''ק'''לוגר (המגיד מברודי)
מהרש״ק,"מהרש""ק",מורנו הרב רבי שלמה קרלינר,0,hebrew,True,True,wiktionary,,#'''מ'''ורנו '''ה'''רב '''ר'''בי '''ש'''למה '''ק'''רלינר (חסידות קרלין)
מהרש״ק,"מהרש""ק",מורנו הרב רבי שמואל קיידאנובר,0,hebrew,True,True,wiktionary,,#'''מ'''ורנו '''ה'''רב '''ר'''בי '''ש'''מואל '''ק'''יידאנובר
מהר״י,"מהר""י","מהרי""ל",311,hebrew,True,True,wikipedia,,"מהרי""ל – רבי יעקב בן משה מולין, נקרא גם מהר""י סגל, מגדולי הראשונים במאה הי""ד, ממבססי מנהגי אשכנז"
מהר״י,"מהר""י",רבי יעקב בירב,60,hebrew,False,True,wikipedia,,"רבי יעקב בירב - מהר""י בירב, מגדולי חכמי ארץ ישראל במאות הט""ו והט""ז, מחדש הסמיכה"
מהר״י,"מהר""י",רבי יצחק אבוהב (גאון קסטיליה),22,hebrew,False,True,wikipedia,,"רבי יצחק אבוהב (גאון קסטיליה) - מהר""י אבוהב, מגדולי חכמי ישראל במאה הט""ו"
מהר״י,"מהר""י","מהר""י קורקוס",21,hebrew,True,True,wikipedia,,"מהר""י קורקוס – רבי יוסף קורקוס, מחכמי מצרים וארץ ישראל לאחר גירוש ספרד, מגדולי מפרשי הרמב""ם"
מהר״י,"מהר""י","מהר""י בן לב",17,hebrew,True,True,wikipedia,,"מהר""י בן לב – רבי יוסף בן דוד אִבן לב ידוע גם כמהריב""ל, מגדולי חכמי סלוניקי במאה ה-16"
מהר״י,"מהר""י",רבי ישראל יעקב אלגאזי,12,hebrew,False,True,wikipedia,,"רבי ישראל יעקב אלגאזי - מהר""י אלגאזי, חכם באשי ומחבר שו""ת מהר""י אלגאזי"
מהר״י,"מהר""י","מהר""י הלוי",6,hebrew,True,True,wikipedia,,"מהר""י הלוי – רבי יצחק הלוי, אחיו ורבו של רבי דוד הלוי סגל"
מהר״י,"מהר""י","מהר""י אסאד",5,hebrew,True,True,wikipedia,,"מהר""י אסאד – רבי יהודה אסאד, מרבני הונגריה במאה ה-19"
מהר״י,"מהר""י",רבי יהודה בן אליעזר הלוי מינץ,4,hebrew,False,True,wikipedia,,"רבי יהודה בן אליעזר הלוי מינץ - מהר""י מינץ, רב וראש ישיבה בפדובה איטליה, מגדולי ישראל במאות הט""ו והט""ז"
מהר״י,"מהר""י",רבי יוסף בן אברהם ג'יקטיליה,3,hebrew,False,True,wikipedia,,"רבי יוסף בן אברהם ג'יקטיליה - מהר""י ג'יקטיליה מגדולי המקובלים בספרד במאה הי""ג"
מהר״י,"מהר""י",רבי יעקב בן יהודה וייל,2,hebrew,False,True,wikipedia,,"רבי יעקב בן יהודה וייל - מהר""י וייל, נודע גם בכינוי מהרי""ו, מגדולי חכמי אשכנז במאה ה-15"
מהר״י,"מהר""י","רבי יצחק בן שמשון כ""ץ",2,hebrew,False,True,wikipedia,,"רבי יצחק בן שמשון כ""ץ - מהר""י כ""ץ, חתנו של המהר""ל מפראג"
מהר״י,"מהר""י",רבי יעקב בן שלמה אבן חביב,1,hebrew,False,True,wikipedia,,"רבי יעקב בן שלמה אבן חביב - מהר""י (אבן) חביב, מגדולי חכמי ספרד במאות הט""ו והט""ז ומנהיג קהילת מגורשי ספרד בסלוניקי, מחבר הספר עין יעקב"
מהר״י,"מהר""י",רבי ישראל בן רבי חיים ברונא,1,hebrew,False,True,wikipedia,,"רבי ישראל בן רבי חיים ברונא - מהר""י ברונא, מגדולי פוסקי אשכנז במאה ה-15, קרוי על שם עיר הולדתו ברן"
מהר״ם,"מהר""ם","מהר""ם חלאווה",150,hebrew,True,True,wikipedia,,"מהר""ם חלאווה – רבי משה חלאווה, מראשוני ספרד, (פעל במאה ה-14, בסביבות שנות הה'ק' – ה'ק""ס)"
מהר״ם,"מהר""ם","מהר""ם ס""ל",132,hebrew,True,True,wikipedia,,"מהר""ם ס""ל – רבי מאיר בן ברוך הלוי, מאחרוני הראשונים באשכנז, ראש ישיבת וינה (סוף המאה ה-14)"
מהר״ם,"מהר""ם",רבי מרדכי יפה,69,hebrew,False,True,wikipedia,,"רבי מרדכי יפה – ה""לבוש"". בספרות האחרונים מכונה גם מהר""ם יפה (נפטר ה'שע""ב, 1612)"
מהר״ם,"מהר""ם",רבי מרדכי בנט,28,hebrew,False,True,wikipedia,,"רבי מרדכי בנט – מהר""ם בנט (ה'תקי""ג, 1753 – ה'תקפ""ט, 1829)"
מהר״ם,"מהר""ם",רבי מאיר ברבי,24,hebrew,False,True,wikipedia,,"רבי מאיר ברבי – מהר""ם ברבי, רבה של פרשבורג (ה'תפ""ה, 1725 – ה' באב ה'תקמ""ט, 28 ביולי 1789"
מהר״ם,"מהר""ם",רבי מאיר איזנשטט,18,hebrew,False,True,wikipedia,,"רבי מאיר איזנשטט – מהר""ם א""ש (ה'ת""ל 1670 – ה'תק""ד, 1744)"
מהר״ם,"מהר""ם",רבי משה מינץ,16,hebrew,False,True,wikipedia,,"רבי משה מינץ – המוהר""ם מינץ רבה של בודפשט, (ה'תק""י, 1831 – ה'תקצ""א, 1750)"
מהר״ם,"מהר""ם",רבי מאיר קצנלנבוגן,15,hebrew,False,True,wikipedia,,"רבי מאיר קצנלנבוגן – מהר""ם פדובה (נפטר ה'שכ""ה, 1565)"
מהר״ם,"מהר""ם",רבי מאיר פישלס,9,hebrew,False,True,wikipedia,,"רבי מאיר פישלס – מהר""ם בומסלא, רבה של פראג, (בערך תס""ג, 1713 – י""ז בכסלו, תק""ל, 16 בדצמבר 1769)"
מהר״ם,"מהר""ם",רבי משה אלשקר,7,hebrew,False,True,wikipedia,,"רבי משה אלשקר – המהר""ם אלשקר (ה'רכ""ו, 1466 – ה'ש""ב 1542)"
מהר״ם,"מהר""ם",רבי משה גאלנטי (הראשון),5,hebrew,False,True,wikipedia,,"רבי משה גאלנטי (הראשון) – מהר""ם גאלנטי תלמידו של הבית יוסף, (נפטר אחרי ה'שע""ב 1612)"
מהר״ם,"מהר""ם",רבי משה שיק,5,hebrew,False,True,wikipedia,,"רבי משה שיק – מהר""ם שיק מקים תנועת האורתודוקסיה בהונגריה (ה'תקס""ז, 1807 – ה'תרל""ט, 1879)"
מהר״ם,"מהר""ם","מהר""ם סג""ל",4,hebrew,True,True,wikipedia,,"מהר""ם סג""ל – רבי משה (מולין) בן רבי יקותיאל הלוי. מרבני גליל ריינוס. אביו של מהרי""ל (נפטר ה'קמ""ז, 1387)"
מהר״ם,"מהר""ם",רבי יהודה מאיר שפירא,4,hebrew,False,True,wikipedia,,"רבי יהודה מאיר שפירא – מהר""ם שפירא מלובלין – מייסד הדף היומי (ה'תרמ""ז, 1887 – ה'תרצ""ד, 1934)"
מהר״ם,"מהר""ם",רבי מאיר בן ברוך מרוטנבורג,4,hebrew,False,True,wikipedia,,"רבי מאיר בן ברוך מרוטנבורג – המהר""ם מרוטנבורג (נפטר ה'נ""ג, 1293) מגדולי הפוסקים באשכנז בתקופת בעלי התוספות. פעמים רבות מתייחסים אליו כ'מהר""ם' סתם"
מהר״ם,"מהר""ם",רבי מאיר שיף,4,hebrew,False,True,wikipedia,,"רבי מאיר שיף – מהר""ם שיף (נפטר בגיל צעיר בשנת ה'ת""א, 1641)"
מהר״ם,"מהר""ם",רבי מרדכי בריסק,4,hebrew,False,True,wikipedia,,"רבי מרדכי בריסק – מהר""ם בריסק – ראש ישיבת טושאנד (אביב תרמ""ו, 1886 – י""א בסיוון ה'תש""ד, 2 ביוני 1944)"
מהר״ם,"מהר""ם",רבי מנחם דוד בן יצחק,3,hebrew,False,True,wikipedia,,"רבי מנחם דוד בן יצחק - ""מהר""ם טיקטין"", תלמיד הרמ""א, שימש כרבה של טיקטין, חידושיו על המרדכי הודפסו בשנת ה'שנ""ז"
מהר״ם,"מהר""ם",רבי מאיר הלוי איש הורוביץ,2,hebrew,False,True,wikipedia,,"רבי מאיר הלוי איש הורוביץ – ""מהר""ם טיקטין"", (ה'שצ""ז, 1637 – ה'תק""ד, 1744) – סבם של ""ההפלאה"" ור' שמעלקא מניקלשבורג"
מהר״ם,"מהר""ם",רבי מנחם מנדל אביגדורש,2,hebrew,False,True,wikipedia,,"רבי מנחם מנדל אביגדורש – מהר""ם מקרקא מנסח היתר העסקה הראשון (נפטר ה'שנ""ט, 1599)"
מהר״ם,"מהר""ם",דורותי מהרם,1,hebrew,False,False,wikipedia,,דורותי מהרם – מתמטיקאית אמריקנית
מהר״ם,"מהר""ם","מהר""ם רקנאטי",1,hebrew,True,True,wikipedia,,"מהר""ם רקנאטי – רבי מנחם רקנאטי, מראשוני איטליה, פוסק הלכה ומקובל (ה'י', 1250 – ה'ע', 1310)"
מהר״ם,"מהר""ם",מהרם (חברה),1,hebrew,True,False,wikipedia,,מהרם (חברה) – חברת טקסטיל גדולה
מהר״ם,"מהר""ם",משפט מהרם,1,hebrew,True,False,wikipedia,,משפט מהרם
מהר״ם,"מהר""ם","רבי מיכל ר' יוזפש (מהר""ם יוזפש)",1,hebrew,False,True,wikipedia,,"רבי מיכל ר' יוזפש (מהר""ם יוזפש) – מחבר הספר ""סדר השמות"" על גיטין"
מהר״ם,"מהר""ם",מורנו הרב רבי מאיר,0,hebrew,True,True,wiktionary,,#'''מ'''ורנו '''ה'''רב '''ר'''בי '''מ'''איר (מרוטנברג)
מהר״ם,"מהר""ם",מורנו הרב רבי מנדל,0,hebrew,True,True,wiktionary,,#'''מ'''ורנו '''ה'''רב '''ר'''בי '''מ'''נדל (אביגדורס מקרקא)
מהר״ש,"מהר""ש",רבי שלום רוקח,54,hebrew,False,True,wikipedia,,"רבי שלום רוקח, מהר""ש מבעלזא (תקמ""א, 1781 - תרט""ו, 1855) - אבי חסידות בעלז"
מהר״ש,"מהר""ש",רבי שמואל שניאורסון,40,hebrew,False,True,wikipedia,,"רבי שמואל שניאורסון, מהר""ש (תקצ""ד, 1834 - תרמ""ג, 1882) - האדמו""ר הרביעי בשושלת חב""ד"
מהר״ש,"מהר""ש",רבי שמואל יפה אשכנזי,12,hebrew,False,True,wikipedia,,"רבי שמואל יפה אשכנזי, מהר""ש יפה (רפ""ה, 1525 - שנ""ה, 1595) - מחבר הפירוש ""יפה תואר"" על מדרש רבה"
מהר״ש,"מהר""ש",רבי שלום מנוישטט,4,hebrew,False,True,wikipedia,,"רבי שלום מנוישטט, מהר""ש מוויען (-קע""ג, 1413) - מחבר הספר ""מנהגי מהר""ש"""
מהר״ש,"מהר""ש","רבי אהרן שמעון שפירא (ה'ש""ס, 1600",2,hebrew,False,True,wikipedia,,"רבי אהרן שמעון שפירא (ה'ש""ס, 1600 – כ""ט בכסלו ה'ת""מ, 3 בדצמבר 1679), מהר""ש מפראג"
מהר״ש,"מהר""ש",רבי שלום כהן מקושטא,1,hebrew,False,True,wikipedia,,"רבי שלום כהן מקושטא, מהר""ש כהן, מחבר שו""ת מהר""ש כהן"
מהר״ש,"מהר""ש","רבי שלמה בן יצחק הלוי (רצ""ב, 1532",1,hebrew,False,True,wikipedia,,"רבי שלמה בן יצחק הלוי (רצ""ב, 1532 - ש""ס, 1600) - ""מהר""ש לבית הלוי"""
מהר״ש,"מהר""ש",רבי שלמה בן יצחק לבית הלוי (השני),1,hebrew,False,True,wikipedia,,"רבי שלמה בן יצחק לבית הלוי (השני) - בעת שו""ת מהר""ש לבית הלוי"
מהר״ש,"מהר""ש",רבי שלמה מלובלין,1,hebrew,False,True,wikipedia,,"רבי שלמה מלובלין, ר' שלמה ר' לייביש'ס, מהר""ש מלובלין, מהרש""ל השני (-שנ""א, 1591) - בעל שו""ת מהר""ש מלובלין"
מהר״ש,"מהר""ש","רבי שמואל אנגל (תרי""ג, 1853",1,hebrew,False,True,wikipedia,,"רבי שמואל אנגל (תרי""ג, 1853 - תרצ""ה, 1935) - מגדולי רבני גליציה בזמנו. מחבר שו""ת מהר""ש ענגיל"
מה״ד,"מה""ד",משרד הדתות,322,hebrew,True,False,wiktionary,ממשל,"#{{משלב/ר""ת|ממשל}} [[משרד]] ה[[דת]]ות."
מה״ד,"מה""ד",משרד הדואר,204,hebrew,True,False,wiktionary,ממשל,"#{{משלב/ר""ת|ממשל}} משרד הדואר."
מה״ד,"מה""ד",מידת הדין,36,hebrew,True,False,wiktionary,יהדות,"#{{משלב/ר""ת|יהדות}} [[מידת הדין]]."
מה״ד,"מה""ד",מהא דכתיב (=מזה שכתוב),0,hebrew,True,False,wiktionary,ארמית,"#{{משלב/ר""ת|ארמית}} מהא דכתיב (=מזה שכתוב)."
מה״ד,"מה""ד",מהו דתימא (=מהו שתאמר),0,hebrew,True,False,wiktionary,ארמית,"#{{משלב/ר""ת|ארמית}} מהו דתימא (=מהו שתאמר)."
מה״ד,"מה""ד",מרכז/מחלקת הדרכה,0,hebrew,True,False,wiktionary,,#מרכז/מחלקת הדרכה.
מה״ט,"מה""ט",המכון הממשלת להכשרה בטכנולוגיה ובמדע,0,hebrew,False,False,wiktionary,,#המכון הממשלת להכשרה בטכנולוגיה ובמדע.
מה״ט,"מה""ט",מהאי טעמא,0,hebrew,True,False,wiktionary,,#מהאי טעמא.
מה״מ,"מה""מ",מלך המשיח,76,hebrew,True,False,wiktionary,,# מלך המשיח.
מה״מ,"מה""מ",מנא הני מילי (מניין דברים אלו),0,hebrew,True,False,wiktionary,,# מנא הני מילי (מניין דברים אלו).
מוכ״ז,"מוכ""ז",מוסר כתב זה,3,hebrew,True,False,wiktionary,,#מוסר כתב זה.
מו״ח,"מו""ח",מדעי החיים,548,hebrew,False,False,wiktionary,,# מדעי החיים.
מו״ח,"מו""ח",מורשה חתימה,10,hebrew,True,False,wiktionary,,# מורשה חתימה.
מו״מ,"מו""מ",משא ומתן,5791,hebrew,True,False,wiktionary,,#[[משא ומתן]].
מו״מ,"מו""מ",מקח וממכר,164,hebrew,True,False,wiktionary,,# [[מקח וממכר]]
מו״מ,"מו""מ",מרכב ומושב,0,hebrew,True,False,wiktionary,הלכה,#{{משלב|הלכה}} [[מרכב]] ו[[מושב]]
מזי״א,"מזי""א",מזרע ישראל איסרלן,2,hebrew,True,False,wiktionary,,#'''מז'''רע [[w:ישראל איסרלן|'''י'''שראל '''א'''יסרלן]].
מזי״א,"מזי""א",מזרע יהודים אנוסים,1,hebrew,True,False,wiktionary,,#מזרע יהודים אנוסים
מזל״ט,"מזל""ט",מזל טוב,653,hebrew,True,False,wiktionary,,#[[מזל טוב]].
מזל״ט,"מזל""ט",מטוז זעיר ללא טייס,0,hebrew,True,False,wiktionary,,#[[מטוס|'''מ'''טוז]] [[זעיר|'''ז'''עיר]] '''ל'''לא [[טיס#טַיָּס|'''ט'''ייס]].
מז״א,"מז""א",מזג אויר,33,hebrew,True,False,wiktionary,,# [[מזג אויר]].
מז״א,"מז""א",מה זאת אומרת?,8,hebrew,True,False,wiktionary,,# מה [[זאת אומרת]]?
מחב״ש,"מחב""ש",מחלקת ביטחון שדה,6,hebrew,True,False,wiktionary,,#מחלקת ביטחון שדה.
מחב״ש,"מחב""ש",מלוגמא חמין במוצאי שבת,0,hebrew,True,False,wiktionary,,#מלוגמא חמין במוצאי שבת.
מחמ״ד,"מחמ""ד",מחלקת המדינה,1096,hebrew,True,False,wiktionary,,# מחלקת המדינה.
מחמ״ד,"מחמ""ד",מנהלת החינוך הממלכתי-דתי,0,hebrew,True,False,wiktionary,,# מנהלת החינוך הממלכתי-דתי.
מח״ך,"מח""ך",מחיאות כפיים,262,hebrew,True,False,wiktionary,,#[[מחיאת כף|מחיאות כפיים]].
מח״ך,"מח""ך",מחילת כבודו,0,hebrew,True,False,wiktionary,,#[[מחילה#מְחִילָה|מחילת]] [[כבוד#כָּבוֹד|כבודו]].
מח״כ,"מח""כ",מחוסר כיפורים,15,hebrew,True,False,wiktionary,הלכה,# {{משלב|הלכה}} [[חסר#חֻסַּר|מחוסר]] [[כפור#כִּפּוּר|כיפורים]]
מח״כ,"מח""כ",מחילת כבודו,0,hebrew,True,False,wiktionary,,# [[מחילה|מחילת]] [[כבוד]]ו
מח״ל,"מח""ל",מתנדבי חוץ לארץ במלחמת העצמאות,2,hebrew,True,False,wiktionary,,# [[מתנדב]]י [[חוץ לארץ]] במלחמת העצמאות.
מח״ל,"מח""ל",מפלגת חרות לאומית,0,hebrew,True,False,wiktionary,,# [[מפלגה|מפלגת]] [[חרות]] [[לאומי]]ת.
מח״מ,"מח""מ",משך חיים ממוצע,5,hebrew,True,False,wiktionary,,# משך חיים ממוצע.
מח״מ,"מח""מ",מרכז חינוכי משותף,1,hebrew,True,False,wiktionary,,# מרכז חינוכי משותף.
מט״ח,"מט""ח",מטבע חוץ,238,hebrew,True,False,wiktionary,כלכלה,"#{{משלב/ר""ת|כלכלה}} [[מטבע חוץ]]."
מט״ח,"מט""ח",מרכז לטכנולוגיה חינוכית,4,hebrew,True,False,wiktionary,חינוך,"#{{משלב/ר""ת|חינוך}} מרכז ל[[טכנולוגיה]] [[חינוכי]]ת."
מט״ל,"מט""ל",מכון טכנולוגי לישראל,1189,hebrew,True,False,wiktionary,,# מכון טכנולוגי לישראל.
מט״ל,"מט""ל",מד טווח לייזר,45,hebrew,True,False,wiktionary,,# מד טווח לייזר
מט״ש,"מט""ש",מְכוֹן טִהוּר שְׁפָכִים,0,hebrew,True,False,wiktionary,,# [[מכון#מָכוֹן|מְכוֹן]] [[טהור#טִהוּר|טִהוּר]] [[שפכים|שְׁפָכִים]].
מט״ש,"מט""ש",מִתְקָן טִהוּר שְׁפָכִים,0,hebrew,True,False,wiktionary,,# [[מתקן#מִתְקָן|מִתְקָן]] [[טהור#טִהוּר|טִהוּר]] [[שפכים|שְׁפָכִים]].
מכב״י,"מכב""י","ראשי התיבות של ""מי כמוך באלים יהוה""",6,hebrew,False,False,wiktionary,,"# ראשי התיבות של ""מי כמוך באלים יהוה""."
מכב״י,"מכב""י",שם של אגודת ספורט,0,hebrew,False,False,wiktionary,,# שם של אגודת ספורט.
מכ״כ,"מכ""כ",מחלה של כלי הדם הכליליים,0,hebrew,True,False,wiktionary,רפואה,"# {{משלב/ר""ת|רפואה}} [[מחלה|'''מ'''חלה]] של [[כלי דם|'''כ'''לי ה'''ד'''ם]] [[עורקים כליליים|ה'''כ'''ליליים]]"
מכ״כ,"מכ""כ",מפקד כיתת כוננות,0,hebrew,True,False,wiktionary,צבא,"# {{משלב/ר""ת|צבא}} [[מפקד#מְפַקֵּד|'''מ'''פקד]] [[כתה#כִּתָּה|'''כ'''יתת]] [[כוננות]]"
מכ״ע,"מכ""ע",מכתב עת,16,hebrew,True,False,wiktionary,,#מכתב עת.
מלח״ם,"מלח""ם",המרכז לחקר מערות,36,hebrew,False,False,wiktionary,,# המרכז לחקר מערות.
מלמ״ש,"מלמ""ש",מיליון מטר מעוקב לשנה,6,hebrew,True,False,wiktionary,,# מיליון מטר מעוקב לשנה.
מלמ״ש,"מלמ""ש",מרכז ללימודי משטרה,1,hebrew,True,False,wiktionary,,# מרכז ללימודי משטרה.
מלר״ם,"מלר""ם",מוקד לשירותים רפואיים,0,hebrew,True,False,wiktionary,רפואה,"# {{משלב/ר""ת|רפואה}} [[מוקד|'''מ'''וקד]] '''ל'''[[שירות|שירותים]] [[רפואה|'''ר'''פואיים]]"
מלר״ם,"מלר""ם",מערך ל'רפואה מונעת,0,hebrew,True,False,wiktionary,רפואה,"# {{משלב/ר""ת|רפואה}} [[מערך|'''מ'''ערך]] '''ל'''[[רפואה|'''ר'''פואה]] [[מנע#מֶנַע|'''מ'''ונעת]]"
מל״ב,"מל""ב",מלכים ב',586,hebrew,True,False,wiktionary,,#[[ספר מלכים|מלכים]] ב'.
מל״ב,"מל""ב",מבלי לפגוע בזכויות,10,hebrew,True,False,wiktionary,,#מבלי לפגוע בזכויות
מל״ט,"מל""ט",מטוס ללא טייס,32,hebrew,True,False,wiktionary,,#[[מטוס]] ללא טייס.
מל״ט,"מל""ט",מיגו לחצי טענה,0,hebrew,True,False,wiktionary,ארון הספרים היהודי,"#{{משלב/ר""ת|ארון הספרים היהודי}} [[מיגו]] לחצי טענה"
מל״ל,"מל""ל",המוסד לביטוח לאומי,619,hebrew,False,False,wikipedia,,המוסד לביטוח לאומי
מל״ל,"מל""ל",המטה לביטחון לאומי,235,hebrew,False,False,wikipedia,,המטה לביטחון לאומי
מל״ל,"מל""ל",משה לייב ליליינבלום,204,hebrew,True,False,wikipedia,,משה לייב ליליינבלום – מראשי חובבי ציון ברוסיה
מל״ל,"מל""ל","כפר מל""ל",80,hebrew,False,False,wikipedia,,"כפר מל""ל – מושב השייך למועצה אזורית דרום השרון ונקרא על שם משה לייב ליליינבלום"
מל״ל,"מל""ל","מל""ל (חברה)",2,hebrew,True,False,wikipedia,,"מל""ל (חברה) – חברת מחשבים ולשכת שירות"
מל״ם,"מל""ם",המרכז למורשת המודיעין,272,hebrew,False,False,wiktionary,,# המרכז למורשת המודיעין.
מל״ם,"מל""ם",מוליך למחצה,142,hebrew,True,False,wiktionary,,# [[מוליך למחצה]].
מל״ם,"מל""ם",המרכז (הישראלי) לחינוך מדעי,2,hebrew,False,False,wiktionary,,# המרכז (הישראלי) לחינוך מדעי.
מל״ם,"מל""ם",מודיעין לקראת משימה,0,hebrew,True,False,wiktionary,"צה""ל","# {{משלב/ר""ת|צה""ל}} מודיעין לקראת משימה."
מל״ם,"מל""ם","משנה למלך, ספרו של רבי יהודה רוזאניס",0,hebrew,True,True,wiktionary,,"# משנה למלך, ספרו של רבי [[:W:יהודה רוזאניס|יהודה רוזאניס]]"
מל״מ,"מל""מ",המרכז למורשת המודיעין,272,hebrew,False,False,wikipedia,,המרכז למורשת המודיעין
מל״מ,"מל""מ",מוליך למחצה,142,hebrew,True,False,wikipedia,,מוליך למחצה – סוג של חומר המשמש ברכיבים אלקטרוניים
מל״מ,"מל""מ",מפעל מלמ,39,hebrew,True,False,wikipedia,,מפעל מלמ – מפעל של התעשייה האווירית לישראל
מל״מ,"מל""מ",מוסמך למדעים,23,hebrew,True,False,wikipedia,,"מוסמך למדעים – תואר אקדמי (באנגלית Master of Science, בלטינית Magister Scientiae)"
מל״מ,"מל""מ",מלם תים,16,hebrew,True,False,wikipedia,,מלם תים – תאגיד ישראלי של חברות טכנולוגיית מידע
מל״מ,"מל""מ",מלם מערכות,13,hebrew,True,False,wikipedia,,מלם מערכות – חברת תוכנה מרכזית בתאגיד מלם תים (במקור ראשי תיבות של מרכז למיכון משרדי)
מל״מ,"מל""מ","ארגון מל""מ - מתמודדים למען מתמודדים",7,hebrew,False,False,wikipedia,,"ארגון מל""מ - מתמודדים למען מתמודדים – ארגון מתמודדי הנפש בישראל"
מל״מ,"מל""מ",מודיעין לקראת מבצע,3,hebrew,True,False,wikipedia,,מודיעין לקראת מבצע
ממ״ב,"ממ""ב",זמרת ושחקנית ישראלית,121,hebrew,False,False,wiktionary,,# מארינה מקסימיליאן בלומין</br>זמרת ושחקנית ישראלית
ממ״ב,"ממ""ב",מנהל מערכות בריאות,8,hebrew,True,False,wiktionary,,# מנהל מערכות בריאות.
ממ״ג,"ממ""ג",המרכז למחקר גרעיני,65,hebrew,False,False,wikipedia,,המרכז למחקר גרעיני – מתקן למחקר גרעיני הממוקם בנחל שורק
ממ״ג,"ממ""ג",מערכת מידע גאוגרפי,38,hebrew,True,False,wikipedia,,מערכת מידע גאוגרפי – תוכנה לניתוח מידע גאוגרפי
ממ״ג,"ממ""ג",מצנח ממונע גלגלי,5,hebrew,True,False,wikipedia,,מצנח ממונע גלגלי – כלי טיס ממונע אשר בו מצנח המשמש לעילוי
ממ״ג,"ממ""ג","מערכת מיקום גלובלית (ממ""ג)",2,hebrew,True,False,wikipedia,,"מערכת מיקום גלובלית (ממ""ג) - כינוי עברי ל-GPS"
ממ״ג,"ממ""ג",כלי טיס ממונע אשר בו מצנח המשמש לעילוי,1,hebrew,False,False,wiktionary,,#מצנח ממונע גלגלי.<br>כלי טיס ממונע אשר בו מצנח המשמש לעילוי.
ממ״ג,"ממ""ג",מתקן למחקר גרעיני הממוקם בנחל שורק,1,hebrew,True,False,wiktionary,,#המרכז למחקר גרעיני.<br>מתקן למחקר גרעיני הממוקם בנחל שורק.
ממ״ג,"ממ""ג",קבוצת תוכנות לניתוח מידע גיאוגרפי,0,hebrew,False,False,wiktionary,,#מערכת מידע גאוגרפית<br>קבוצת תוכנות לניתוח מידע גיאוגרפי.
ממ״ד,"ממ""ד",ממלכתי דתי,239,hebrew,True,False,wiktionary,משרד החינוך,"#{{משלב/ר""ת|משרד החינוך}} [[ממלכתי]] [[דתי]]."
ממ״ד,"ממ""ד (פירושונים)",המרכז למחקר מדיני,29,hebrew,False,False,wikipedia,,המרכז למחקר מדיני – זרוע מחקרית מודיעינית של משרד החוץ הישראלי
ממ״ד,"ממ""ד (פירושונים)",מרחב מוגן דירתי,11,hebrew,True,False,wikipedia+wiktionary,,#[[מרחב מוגן]] [[דירתי]].
ממ״י,"ממ""י",מִנהל מקרקעי ישראל,2,hebrew,True,False,wiktionary,,#מִנהל [[מקרקעין|מקרקעי]] [[ישראל]].
ממ״י,"ממ""י",משפט מגדיר יחס,0,hebrew,True,False,wiktionary,,# משפט מגדיר יחס.
ממ״ם,"ממ""ם",מרכז המחקר והמידע,676,hebrew,True,False,wiktionary,,# מרכז ה[[מחקר]] וה[[מידע]].
ממ״ם,"ממ""ם",מרחב מוגן מוסדי,2,hebrew,True,False,wiktionary,,# מרחב מוגן מוסדי.
ממ״ס,"ממ""ס",מכונאי מטוסים,24,hebrew,True,False,wiktionary,,# מכונאי מטוסים.
ממ״ס,"ממ""ס",ממזר ספק,1,hebrew,True,False,wiktionary,,# ממזר ספק.
ממ״ס,"ממ""ס","היחידה שהוחלפה על ידי ממר""ם",0,hebrew,False,False,wiktionary,,"# מרכז מיכון וסטטיסטיקה.</br>היחידה שהוחלפה על ידי [[ממר""ם]]."
ממ״ס,"ממ""ס",ממש ממש סודי,0,hebrew,True,False,wiktionary,,# ממש ממש סודי.
ממ״ס,"ממ""ס","מפעיל מערכות סטי""ל",0,hebrew,True,False,wiktionary,,"# מפעיל מערכות [[סטי""ל]]."
ממ״ק,"ממ""ק",מיליון מטר מעוקב,59,hebrew,True,False,wikipedia,,מיליון מטר מעוקב – מידת נפח
ממ״ק,"ממ""ק",ממלא מקום קצין,11,hebrew,True,False,wikipedia+wiktionary,,#ממלא מקום קצין.
ממ״ק,"ממ""ק",מילימטר מעוקב,5,hebrew,True,False,wiktionary,,#[[מילימטר]] [[מעוקב]].
ממ״ק,"ממ""ק",מרחב מוגן קומתי,5,hebrew,True,False,wikipedia+wiktionary,,#מרחב מוגן קומתי.
ממ״ר,"ממ""ר",מפקד מרחב,234,hebrew,True,False,wiktionary,,# מפקד מרחב.
ממ״ר,"ממ""ר",מילימטר רבוע,8,hebrew,True,False,wiktionary,,#[[מילימטר]] [[רבוע]].
מנ״ח,"מנ""ח",מנהל חשבונות,133,hebrew,True,False,wiktionary,,#[[מנהל חשבונות]].
מנ״ח,"מנ""ח",מנחת חינוך,105,hebrew,True,False,wiktionary,,#מנחת חינוך.
מס״ב,"מס""ב",מסע בין כוכבים,972,hebrew,True,False,wikipedia,,"מסע בין כוכבים – סדרת טלוויזיה, סרטים, ספרים ודמויות מסוגת המדע הבדיוני"
מס״ב,"מס""ב",מסילת ברזל,531,hebrew,True,False,wiktionary,,# מסילת ברזל.
מס״ב,"מס""ב",מרכז סליקה בנקאי,8,hebrew,True,False,wikipedia+wiktionary,,# מרכז סליקה בנקאי.
מס״ב,"מס""ב",מערכת סליקה בנקאית,1,hebrew,True,False,wiktionary,,# מערכת סליקה בנקאית.
מס״ר,"מס""ר",מפקד סירת,4,hebrew,True,False,wiktionary,"צה""ל","# {{משלב/ר""ת|צה""ל}} [[מפקד|'''מ'''פקד]] [[סירת|'''ס'''י'''ר'''ת]]"
מס״ר,"מס""ר",מרכז סימולציה רפואית,2,hebrew,True,False,wiktionary,רפואה,"# {{משלב/ר""ת|רפואה}} [[מרכז#מֶרְכָּז|מרכז]] [[סימולציה|'''ס'''ימולציה]] [[רפואה|'''רפ'''ואית]]"
מע״ד,"מע""ד",מערכת יד,1,hebrew,True,False,wiktionary,,# מערכת יד.
מע״ד,"מע""ד",מכשיר עזר דיבורי,0,hebrew,True,False,wiktionary,"צה""ל","# {{משלב/ר""ת|צה""ל}} מכשיר עזר דיבורי."
מע״ר,"מע""ר",מרכז עסקים ראשי,50,hebrew,True,False,wikipedia+wiktionary,גאוגרפיה,"#{{משלב/ר""ת|גאוגרפיה}} {{משלב/ר""ת|ממשל}} [[מרכז|'''מ'''רכז]] [[עסק|'''ע'''סקים]] [[ראשי|'''ר'''אשי]]. אזור בעיר המשמש לעיקר המסחר בה."
מע״ר,"מע""ר",מגיש עזרה ראשונה,15,hebrew,True,True,wikipedia+wiktionary,רפואה,"#{{משלב/ר""ת|רפואה}} [[הגיש|'''מ'''גיש]] [[עזרה ראשונה|'''ע'''זרה '''ר'''אשונה]]. מי שעבר קורס בנושא עזרה ראשונה."
מע״ר,"מע""ר",מע'אר (בערבית: المغار),4,hebrew,True,False,wikipedia,,מע'אר (בערבית: المغار) - עיר במחוז הצפון בישראל
מע״ש,"מע""ש",מסכת מעשר שני,47,hebrew,True,False,wiktionary,ארון הספרים היהודי,"# {{משלב/ר""ת|ארון הספרים היהודי}} [[מסכת מעשר שני|מסכת '''מעש'''ר '''ש'''ני]]"
מע״ש,"מע""ש",מערכת שעות,17,hebrew,True,False,wiktionary,,# [[מערכת שעות]].
מע״ש,"מע""ש",מפעל עבודה שיקומי,4,hebrew,True,False,wiktionary,רפואה,"# {{משלב/ר""ת|רפואה}} [[מפעל|'''מ'''פעל]] [[עבודה|'''ע'''בודה]] [[שקם|'''ש'''יקומי]]"
מע״ת,"מע""ת",מאסר על תנאי,657,hebrew,True,True,wiktionary,,# [[מאסר על תנאי]].
מע״ת,"מע""ת",מועצת תלמידים,27,hebrew,True,False,wiktionary,,# [[מועצה|מועצת]] [[תלמיד]]ים.
מפל״ג,"מפל""ג","מִפקדת פלגה (בחיל הים, מקביל למפקד גדוד)",0,hebrew,True,False,wiktionary,,"# מִפקדת פלגה (בחיל הים, מקביל למפקד גדוד)."
מפל״ג,"מפל""ג","מפקד פלגה (בחיל התותחנים, מקביל למ""מ בחי""ר)",0,hebrew,True,False,wiktionary,,"# מפקד פלגה (בחיל התותחנים, מקביל למ""מ בחי""ר)."
מפמ״ר,"מפמ""ר",מפקד מרכז,128,hebrew,True,False,wiktionary,,# [[מפקד]] [[מרכז#מְרַכֵּז|מרכז]].
מפמ״ר,"מפמ""ר",מפקח מרכז,6,hebrew,True,False,wiktionary,,# [[מפקח]] [[מרכז#מְרַכֵּז|מרכז]].
מפ״ם,"מפ""ם",מפלגת הפועלים המאוחדת,122,hebrew,True,False,wiktionary,,#[[מפלגה|מפלגת]] ה[[פועל]]ים ה[[מאוחד]]ת.
מפ״ם,"מפ""ם","מ""פ מפקדה",7,hebrew,True,False,wiktionary,,"#[[מ""פ]] מפקדה."
מצ״ד,"מצ""ד",מספן הציוד,77,hebrew,True,False,wikipedia,,מספן הציוד – יחידה ראשית במטה חיל הים הישראלי
מצ״ד,"מצ""ד",להק הציוד,49,hebrew,False,True,wikipedia,,"להק הציוד – יחידה ראשית במטה חיל האוויר הישראלי; נקראה בעבר מחלקת ציוד (מצ""ד)"
מצ״ד,"מצ""ד",מחנה הציונות הדתית,9,hebrew,True,False,wikipedia,,מחנה הציונות הדתית – מפלגה ציונית-דתית
מקל״ש,"מקל""ש",מטר מעוקב לשנייה,37,hebrew,True,False,wiktionary,,# מטר מעוקב לשנייה.
מקל״ש,"מקל""ש",מקלחות שדה,2,hebrew,True,False,wiktionary,,# מקלחות שדה.
מקמש״ר,"מקמש""ר","מפקדת קצין המשא""ן הראשי",0,hebrew,True,False,wiktionary,,"#מפקדת קצין המשא""ן הראשי."
מקמש״ר,"מקמש""ר",מפקדת קצין מודיעין שדה ראשי,0,hebrew,True,False,wiktionary,,#מפקדת קצין מודיעין שדה ראשי.
מק״ג,"מק""ג",מקראות גדולות,219,hebrew,True,False,wiktionary,,# [[מקראה|מקראות]] גדולות.
מק״ג,"מק""ג",מיקרוגרם,99,hebrew,True,False,wiktionary,,# מיקרוגרם.
מק״ט,"מק""ט",מספר קטלוגי,245,hebrew,True,False,wiktionary,מסחר,# {{משלב|מסחר}} מספר קטלוגי.
מק״ט,"מק""ט",מפקד קטע,2,hebrew,True,False,wiktionary,צבא,# {{משלב|צבא}} מפקד קטע
מרת״א,"מרת""א",המרכז הרפואי תל אביב,182,hebrew,False,False,wikipedia,,המרכז הרפואי תל אביב
מרת״א,"מרת""א",מועדון רצי תל אביב,2,hebrew,True,False,wikipedia,,מועדון רצי תל אביב
מר״מ,"מר""מ",מרפאת מומחים,6,hebrew,True,False,wiktionary,רפואה,"#{{משלב/ר""ת|רפואה}} [[מרפאה|'''מר'''פאת]] [[מומחה|'''מ'''ומחים''']]"
מר״מ,"מר""מ",מרכז רפואה מיידי,0,hebrew,True,False,wiktionary,רפואה,"#{{משלב/ר""ת|רפואה}} [[מרכז|'''מ'''רכז]] [[רפואה|'''ר'''פואה''']] [[מיד|'''מ'''יידי]]"
מר״ן,"מר""ן",משנת רבי נתן,6,hebrew,True,True,wiktionary,,#משנת רבי נתן.
מר״ן,"מר""ן",מורנו רבי נחמן,0,hebrew,True,True,wiktionary,,#מורנו רבי נחמן.
מר״ן,"מר""ן",ממאתים רבנים נסמך,0,hebrew,True,False,wiktionary,,#מ[[מאה|מאתים]] [[רב|רבנים]] [[נסמך]].
מר״צ,"מר""צ",מאמר רננו צדיקים,0,hebrew,True,False,wiktionary,יהדות,"# {{משלב/ר""ת|יהדות}} מאמר רננו צדיקים."
מר״צ,"מר""צ",מורנו רבנו צעיר/צדיק,0,hebrew,True,False,wiktionary,,# מורנו רבנו צעיר/צדיק
מר״צ,"מר""צ","מפ""ם, שינוי ורצ",0,hebrew,True,False,wiktionary,מפלגות,"# {{משלב/ר""ת|מפלגות}} '''מ'''פ""ם, שינוי ו'''רצ'''. מפלגה בישראל, שהוקמה באיחודן של שלושת מפלגות אלו לקראת מערכת הבחירות בשנת 1992."
מר״צ,"מר""צ",מצוה רצונית,0,hebrew,True,False,wiktionary,יהדות,"# {{משלב/ר""ת|יהדות}} מצוה רצונית."
מר״ש,"מר""ש",מרפאת שיניים,64,hebrew,True,False,wiktionary,רפואה,"# {{משלב/ר""ת|רפואה}} [[מרפאה|'''מר'''פאת]] [[שן|'''ש'''י'''נ'''יים]]"
מר״ש,"מר""ש","מרפאת שב""ס",0,hebrew,True,False,wiktionary,רפואה,"# {{משלב/ר""ת|רפואה}} [[מרפאה|'''מר'''פאת]] [[שב""ס|'''ש'''ב""ס]]"
משה״ד,"משה""ד",משרד הדתות,322,hebrew,True,False,wiktionary,ממשל,"# {{משלב/ר""ת|ממשל}} [[משרד]] ה[[דת]]ות."
משה״ד,"משה""ד",משרד הדואר,204,hebrew,True,False,wiktionary,ממשל,"# {{משלב/ר""ת|ממשל}} [[משרד]] ה[[דואר]]."
משה״ד,"משה""ד","מש""ק הדרכה",0,hebrew,True,False,wiktionary,"צה""ל","# {{משלב/ר""ת|צה""ל}} [[מש""ק]] הדרכה."
משה״ח,"משה""ח",משרד החוץ,5075,hebrew,True,False,wiktionary,,#משרד החוץ.
משה״ח,"משה""ח",משרד החינוך,4292,hebrew,True,False,wiktionary,,#משרד החינוך.
משק״ש,"משק""ש","מש""ק שלישות",3,hebrew,True,False,wiktionary,,"#[[מש""ק]] שלישות"
משק״ש,"משק""ש","מש""ק קשר",0,hebrew,True,False,wiktionary,,"#[[מש""ק]] קשר"
מש״ה,"מש""ה",מוגבלות שכלית התפתחותית,172,hebrew,True,False,wiktionary,,# [[מגבלות שכלית התפתחותית|מוגבלות שכלית התפתחותית]].
מש״ה,"מש""ה",משום הכי,4,hebrew,True,False,wiktionary,ארמית,# {{משלב|ארמית}} [[משום|משום]] הכי (משום כך)
מש״ה,"מש""ה",מדף שפת התקפה,3,hebrew,True,False,wiktionary,"צה""ל","# {{משלב/ר""ת|צה""ל}} [[מדף]] [[שפת התקפה]]."
מש״ל,"מש""ל",מה שצריך להוכיח,3,hebrew,True,False,wiktionary,מתמטיקה,"#{{משלב/ר""ת|מתמטיקה}} מה שצריך להוכיח."
מש״ל,"מש""ל",(מתמטיקה) מה שהיה להוכיח,0,hebrew,True,False,wiktionary,,#(מתמטיקה) מה שהיה להוכיח.
מש״ל,"מש""ל",מרכז שרות לציבור,0,hebrew,True,False,wiktionary,,# מרכז שרות לציבור.
מש״צ,"מש""צ",משולש שווה צלעות,124,hebrew,True,False,wiktionary,,# משולש שווה צלעות
מש״צ,"מש""צ","מדריך של""ח צעיר",4,hebrew,True,False,wiktionary,,"# מדריך [[של""ח]] צעיר."
מש״צ,"מש""צ",מרכז שכבה צעירה,0,hebrew,True,False,wiktionary,,#מרכז שכבה צעירה. (ב[[w:הנוער העובד והלומד|נוער העובד והלומד]])
מש״ש,"מש""ש",משולש שווה שוקיים,88,hebrew,True,False,wiktionary,,#[[משלש שוה שוקים|משולש שווה שוקיים]].
מש״ש,"מש""ש",מדריך שנת שרות,0,hebrew,True,False,wiktionary,,#[[מדריך]] [[שנת שרות]].
מש״ש,"מש""ש",מה ששנינו שם,0,hebrew,True,False,wiktionary,,#מה ששנינו שם.
מת״ן,"מת""ן",מועצת תנועות הנוער בישראל,71,hebrew,True,False,wikipedia,,מועצת תנועות הנוער בישראל
מת״ן,"מת""ן","מת""ן - מכון תורני לנשים",8,hebrew,True,False,wikipedia,,"מת""ן - מכון תורני לנשים – מדרשה תורנית לנשים בירושלים"
מת״ן,"מת""ן","מת""ן - מערכת תצפית ניידת",3,hebrew,True,False,wikipedia,,"מת""ן - מערכת תצפית ניידת – מערכת תצפית בשימוש חיל האיסוף הקרבי"
מת״ש,"מת""ש",מתן שכר,21,hebrew,True,False,wiktionary,,#מתן שכר.
מת״ש,"מת""ש",משפט תשלום,2,hebrew,True,False,wiktionary,,#משפט תשלום.
מת״ש,"מת""ש","לשעבר, הגוף האחראי בצה""ל על ביצוע תשלומי הפרט",0,hebrew,False,False,wiktionary,,"#מינהל תשלומים.<br>לשעבר, הגוף האחראי בצה""ל על ביצוע תשלומי הפרט."
מ״א,"מ""א",מועצה אזורית,4397,hebrew,True,False,wikipedia+wiktionary,,# מועצה אזורית.
מ״א,"מ""א",מקום אחר,848,hebrew,True,False,wiktionary,,# מקום אחר.
מ״א,"מ""א",מלכים א',649,hebrew,True,False,wiktionary,ארון הספרים היהודי,"#{{משלב/ר""ת|ארון הספרים היהודי}} מלכים א'."
מ״א,"מ""א",משנה א',470,hebrew,True,False,wiktionary,ארון הספרים היהודי,"#{{משלב/ר""ת|ארון הספרים היהודי}} משנה א'."
מ״א,"מ""א",מגן אברהם,276,hebrew,True,False,wikipedia,,"מגן אברהם – פירוש מרכזי ל""שולחן ערוך"""
מ״א,"מ""א",מעמד אישי,153,hebrew,True,False,wiktionary,,# מעמד אישי.
מ״א,"מ""א",מערכות אלקטרוניות,130,hebrew,True,False,wiktionary,,# מערכות אלקטרוניות.
מ״א,"מ""א",המפקדה הארצית,101,hebrew,False,False,wikipedia,,"המפקדה הארצית – הגוף שהופקד על הניהול הכולל של ארגון ""ההגנה"""
מ״א,"מ""א",מספר אישי,59,hebrew,True,False,wikipedia+wiktionary,"צה""ל","#{{משלב/ר""ת|צה""ל}} [[מספר]] [[אישי]]."
מ״א,"מ""א",מודיעין אזרחי,29,hebrew,True,False,wiktionary,,# מודיעין אזרחי.
מ״א,"מ""א",מעצור אוויר,13,hebrew,True,False,wiktionary,תעופה,"# {{משלב/ר""ת|תעופה}} מעצור אוויר."
מ״א,"מ""א",מחזור אחרון,4,hebrew,True,False,wiktionary,"צה""ל","#{{משלב/ר""ת|צה""ל}} מחזור אחרון."
מ״א,"מ""א",מוסמך אוניברסיטה (נקרא גם 'תואר שני'),1,hebrew,True,False,wikipedia,,מוסמך אוניברסיטה (נקרא גם 'תואר שני') – תואר אקדמי
מ״א,"מ""א",מֻסְמָךְ אוּנִיבֶרְסִיטָה,0,hebrew,True,False,wiktionary,חינוך,"#{{משלב/ר""ת|חינוך}} [[מסמך אוניברסיטה|מֻסְמָךְ אוּנִיבֶרְסִיטָה]]. בעל תואר ראשון. נוסח עברי לתואר הלטיני M.A."
מ״א,"מ""א",משתנה אקראי (תורת ההסתברות),0,hebrew,True,False,wiktionary,מתמטיקה,"#{{משלב/ר""ת|מתמטיקה}} משתנה אקראי (תורת ההסתברות)."
מ״ב,"מ""ב",משנה ברורה,403,hebrew,True,False,wiktionary,יהדות,"#{{משלב/ר""ת|יהדות}} משנה ברורה."
מ״ב,"מ""ב",מתן בסתר,38,hebrew,True,False,wiktionary,יהדות,"#{{משלב/ר""ת|יהדות}} מתן בסתר."
מ״ב,"מ""ב",מהרה בימינו,2,hebrew,True,False,wiktionary,יהדות,"#{{משלב/ר""ת|יהדות}} מהרה בימינו."
מ״ג,"מ""ג",מפקד גף,22,hebrew,True,False,wiktionary,"צה""ל","# {{משלב/ר""ת|צה""ל}} מפקד גף."
מ״ג,"מ""ג",מילת־גוף,1,hebrew,True,False,wiktionary,דקדוק,"# {{משלב/ר""ת|דקדוק}} מילת־גוף."
מ״ג,"מ""ג",מיליגרם (אלפית הגרם),0,hebrew,True,False,wiktionary,יחידות מידה,"# {{משלב/ר""ת|יחידות מידה}} [[מיליגרם]] (אלפית ה[[גרם]])."
מ״ד,"מ""ד",מאי דכתיב,42,hebrew,True,False,wiktionary,,#מאי דכתיב.
מ״ד,"מ""ד",מאן דאמר,9,hebrew,True,False,wiktionary,,#מאן דאמר.
מ״ד,"מ""ד",מהו דתימא,5,hebrew,True,False,wiktionary,,#מהו דתימא.
מ״ה,"מ""ה",מס הכנסה,877,hebrew,True,False,wiktionary,,# מס הכנסה.
מ״ה,"מ""ה",מחשבים מערכת הפעלה,0,hebrew,True,False,wiktionary,,# <small>מחשבים</small> מערכת הפעלה.
מ״ז,"מ""ז",מין זכר,590,hebrew,True,False,wiktionary,,# מין [[זכר]].
מ״ז,"מ""ז",מספר זנב,187,hebrew,True,False,wiktionary,תעופה,"# {{משלב/ר""ת|תעופה}} מספר זנב."
מ״ח,"מ""ח",מדעי החיים,548,hebrew,True,False,wiktionary,,# מדעי החיים.
מ״ח,"מ""ח",משפט חוזר,178,hebrew,True,False,wiktionary,,# משפט חוזר.
מ״ח,"מ""ח",מועצת חכמים,7,hebrew,True,False,wiktionary,,# מועצת חכמים.
מ״ח,"מ""ח",מילת חיבור,6,hebrew,True,False,wiktionary,,# מילת חיבור.
מ״ט,"מ""ט",מכונת טיורינג,108,hebrew,True,False,wiktionary,,# מכונת טיורינג.
מ״ט,"מ""ט",מאי טעמא,51,hebrew,True,False,wiktionary,,# [[מאי]] [[טעם|טעמא]].
מ״ט,"מ""ט",משנה טכני,3,hebrew,True,False,wiktionary,,# משנה טכני.
מ״כ,"מ""כ",מועדון כדורגל,1829,hebrew,True,False,wiktionary,,# מועדון כדורגל.
מ״כ,"מ""כ",מרכז כובד,79,hebrew,True,False,wiktionary,תעופה,"# {{משלב/ר""ת|תעופה}} מרכז כובד."
מ״כ,"מ""כ",מפקד כיתה,78,hebrew,True,False,wiktionary,"צה""ל","# {{משלב/ר""ת|צה""ל}} מפקד כיתה."
מ״מ,"מ""מ",מילימטר,1632,hebrew,True,False,wikipedia,,מילימטר – אלפית המטר
מ״מ,"מ""מ",ממלא מקום,1575,hebrew,True,False,wikipedia+wiktionary,,# [[ממלא מקום|'''מ'''מלא '''מ'''קום]]
מ״מ,"מ""מ",מכל מקום,1165,hebrew,True,False,wiktionary,,# '''מ'''כל '''מ'''קום
מ״מ,"מ""מ",מערכות מידע,735,hebrew,True,False,wiktionary,מחשבים,"# {{משלב/ר""ת|מחשבים}} [[מערכת מידע|'''מ'''ערכות '''מ'''ידע]]"
מ״מ,"מ""מ",מפקד מחלקה,302,hebrew,True,False,wikipedia+wiktionary,"צה""ל","# {{משלב/ר""ת|צה""ל}} [[מפקד|'''מ'''פקד]] [[מחלקה|'''מ'''חלקה]]"
מ״מ,"מ""מ",מראה מקום,300,hebrew,True,False,wiktionary,,# [[מראה מקום|'''מ'''ראה '''מ'''קום]]
מ״מ,"מ""מ",משתנה מקרי,185,hebrew,True,False,wikipedia+wiktionary,תורת ההסתברות,"# {{משלב/ר""ת|תורת ההסתברות}} [[משתנה מקרי|'''מ'''שתנה '''מ'''קרי]]"
מ״מ,"מ""מ",מרחב מטרי,137,hebrew,True,False,wikipedia+wiktionary,מתמטיקה,"# {{משלב/ר""ת|מתמטיקה}} [[מרחב|'''מ'''רחב]] [[מטר|'''מ'''טרי]]"
מ״מ,"מ""מ",מגיד מישרים,111,hebrew,True,False,wikipedia,,מגיד מישרים
מ״מ,"מ""מ",מרחב מכפלה,98,hebrew,True,False,wikipedia+wiktionary,מתמטיקה,"# {{משלב/ר""ת|מתמטיקה}} '''מ'''רחב [[מכפלה|'''מ'''כפלה]]"
מ״מ,"מ""מ",מערכות מחשב,91,hebrew,True,False,wiktionary,מחשבים,"# {{משלב/ר""ת|מחשבים}} [[מערכת|'''מ'''ערכות]] [[מחשב|'''מ'''חשב]]"
מ״מ,"מ""מ",מגיד משנה,68,hebrew,True,False,wiktionary,יהדות,"# {{משלב/ר""ת|יהדות}} [[מגיד משנה|'''מ'''גיד '''מ'''שנה]]"
מ״מ,"מ""מ",מערך המבצעים המיוחדים,58,hebrew,True,False,wikipedia,,"מערך המבצעים המיוחדים – יחידה של אגף המודיעין בצה""ל"
מ״מ,"מ""מ",מכונאי מוטס,27,hebrew,True,False,wiktionary,תעופה,"# {{משלב/ר""ת|תעופה}} [[מכונאי מוטס|'''מ'''כונאי '''מ'''וטס]]"
מ״מ,"מ""מ",מקרא מגילה,25,hebrew,True,False,wiktionary,יהדות,"# {{משלב/ר""ת|יהדות}} [[מקרא מגילה|'''מ'''קרא '''מ'''גילה]]"
מ״מ,"מ""מ","סיכת מ""מ",14,hebrew,False,True,wikipedia,,"סיכת מ""מ – סיכה המוענקת לבוגרי קורסי הקצינים בצה""ל (ובעבר בארגון ההגנה)"
מ״מ,"מ""מ",מרחב מדגם,6,hebrew,True,False,wikipedia+wiktionary,תורת ההסתברות,"# {{משלב/ר""ת|תורת ההסתברות}} [[מרחב מדגם|'''מ'''רחב '''מ'''דגם]]"
מ״ס,"מ""ס",מועדון ספורט,982,hebrew,True,False,wiktionary,,# [[מועדון]] [[ספורט]].
מ״ס,"מ""ס",מהירות סגירה,0,hebrew,True,False,wiktionary,תעופה,"# {{משלב/ר""ת|תעופה}} [[מהירות סגירה]]."
מ״ע,"מ""ע",מצות עשה,70,hebrew,True,False,wiktionary,,#מצות עשה.
מ״ע,"מ""ע",מנוחתו עדן,4,hebrew,True,False,wiktionary,,#מנוחתו עדן.
מ״פ,"מ""פ",מפקד פלוגה,756,hebrew,True,False,wiktionary,,# מפקד פלוגה.
מ״פ,"מ""פ",מחנה פליטים,187,hebrew,True,False,wiktionary,,# מחנה פליטים
מ״פ,"מ""פ",מחשבה פלילית,39,hebrew,True,False,wiktionary,,# מחשבה פלילית
מ״פ,"מ""פ",לשון משלים פועל,0,hebrew,False,False,wiktionary,,# <small>לשון</small> משלים פועל.
מ״פ,"מ""פ","מג""פ",0,hebrew,True,False,wiktionary,,"# [[מג""פ]]"
מ״פ,"מ""פ",מחשבים מגה פיקסל,0,hebrew,True,False,wiktionary,,# <small>מחשבים</small> מגה פיקסל.
מ״פ,"מ""פ",מתמטיקה מכפלה פנימית,0,hebrew,True,False,wiktionary,,# <small>מתמטיקה</small> מכפלה פנימית.
מ״צ,"מ""צ",מעלות צלזיוס,2747,hebrew,True,False,wiktionary,,# מעלות צלזיוס.
מ״צ,"מ""צ",משטרה צבאית,230,hebrew,True,False,wiktionary,,# משטרה צבאית.
מ״צ,"מ""צ","משיח צדק, משיח צִדקנו",0,hebrew,True,False,wiktionary,,"# משיח צדק, משיח צִדקנו."
מ״ק,"מ""ק",מספר קטן,1223,hebrew,True,False,wiktionary,,# מספר קטן.
מ״ק,"מ""ק",מטר מעוקב,414,hebrew,True,False,wiktionary,יחידות מידה,"# {{משלב/ר""ת|יחידות מידה}} [[מטר מעקב|מטר מעוקב]]."
מ״ק,"מ""ק",מרכז קהילתי,323,hebrew,True,False,wiktionary,,# מרכז קהילתי.
מ״ק,"מ""ק",מועד קטן,308,hebrew,True,False,wiktionary,יהדות,"# {{משלב/ר""ת|יהדות}} מועד קטן."
מ״ק,"מ""ק",מכשיר קשר,140,hebrew,True,False,wiktionary,"צה""ל","# {{משלב/ר""ת|צה""ל}} [[מכשיר קשר]]."
מ״ק,"מ""ק",מרא קמא,51,hebrew,True,False,wiktionary,ארון הספרים היהודי,"# {{משלב/ר""ת|ארון הספרים היהודי}} מרא קמא."
מ״ק,"מ""ק",מחנה קבע,18,hebrew,True,False,wiktionary,"צה""ל","# {{משלב/ר""ת|צה""ל}} מחנה קבע."
מ״ק,"מ""ק",מילת קריאה,9,hebrew,True,False,wiktionary,דקדוק,"# {{משלב/ר""ת|דקדוק}} מילת קריאה."
מ״ק,"מ""ק",מלכין קדמאין,4,hebrew,True,False,wiktionary,ארון הספרים היהודי,"# {{משלב/ר""ת|ארון הספרים היהודי}} מלכין קדמאין."
מ״ק,"מ""ק",משמע קצת,4,hebrew,True,False,wiktionary,ארון הספרים היהודי,"# {{משלב/ר""ת|ארון הספרים היהודי}} משמע קצת."
מ״ר,"מ""ר",מטר רבוע,545,hebrew,True,False,wiktionary,יחידות מידה,"# {{משלב/ר""ת|יחידות מידה}} [[מטר]] [[רבוע]]. יחידת מידה לשטח."
מ״ר,"מ""ר",מדרש רבה,178,hebrew,True,False,wiktionary,ארון הספרים היהודי,"# {{משלב/ר""ת|ארון הספרים היהודי}} מדרש רבה."
מ״ר,"מ""ר",מילי־רדיאן,4,hebrew,True,False,wiktionary,יחידות מידה,"# {{משלב/ר""ת|יחידות מידה}} [[מילי־]][[רדיאן]]. יחידת מידה ל[[זוית מרחבית]]."
מ״ש,"מ""ש",מטר לשנייה,595,hebrew,True,False,wiktionary,,# מטר לשנייה.
מ״ש,"מ""ש",מה שכתוב,103,hebrew,True,False,wiktionary,,# מה שכתוב.
מ״ש,"מ""ש",מצה שמורה,18,hebrew,True,False,wiktionary,,# [[מצה שמרה|מצה שמורה]].
מ״ש,"מ""ש",מילת שאלה,16,hebrew,True,False,wiktionary,,# מילת שאלה.
מ״ש,"מ""ש",מאי שנא,12,hebrew,True,False,wiktionary,,# מאי שנא.
מ״ש,"מ""ש",מרפסת שמש,6,hebrew,True,False,wiktionary,,# מרפסת שמש.
מ״ש,"מ""ש","משלים שם,לוואי",0,hebrew,True,False,wiktionary,,"# משלים שם,לוואי."
מ״ת,"מ""ת",משחקי תפקידים,353,hebrew,True,False,wiktionary,,# משחקי תפקידים.
מ״ת,"מ""ת",מתן תורה,209,hebrew,True,False,wiktionary,יהדות,"# {{משלב/ר""ת|יהדות}} מתן תורה."
נגה״ש,"נגה""ש",נס גדול היה שם,3,hebrew,True,False,wiktionary,,# [[נס]] [[גדול]] [[היה]] [[שם]].{{ש}}
נגה״ש,"נגה""ש","המקור הוא ביידיש, לפי ארבע אפשרויות במשחק הגרלה",0,hebrew,False,False,wiktionary,,"# המקור הוא ביידיש, לפי ארבע אפשרויות במשחק הגרלה:"
נוג״ה,"נוג""ה",נורדיה גנות הדר,2,hebrew,True,False,wiktionary,ערים בישראל,"#{{משלב/ר""ת|ערים בישראל}} [[w:נורדיה|נורדיה]] [[w:גנות הדר|גנות הדר]]"
נוג״ה,"נוג""ה",נוער וגיל ההתבגרות,0,hebrew,True,False,wiktionary,מדעי החברה,"#{{משלב/ר""ת|מדעי החברה}} [[נער#נֹעַר|נוער]] ו[[גיל ההתבגרות]]"
נו״ט,"נו""ט",נותן טעם,28,hebrew,True,False,wiktionary,,# [[נתן#נָתַן|'''נו'''תן]] [[טעם#טַעַם|'''ט'''עם]]
נו״ט,"נו""ט",נבילות ו'טריפות,0,hebrew,True,False,wiktionary,,# [[נבלה|'''נ'''בילות]] '''ו'''[[טרפה|'''ט'''ריפות]]
ניל״י,"ניל""י (פירושונים)","אות ניל""י",54,hebrew,False,True,wikipedia,,"אות ניל""י – אות שירות שהעניקה מדינת ישראל לכל מי שהיה חבר ניל""י בשנים 1915–1917, ראו אות שירות (ישראל)#אות ניל""י"
ניל״י,"ניל""י (פירושונים)","גבעת ניל""י",17,hebrew,False,False,wikipedia,,"גבעת ניל""י – מושב ברמת מנשה השייך למועצה אזורית אלונה, נוסד ב-1953"
ניל״י,"ניל""י (פירושונים)","מוזיאון ניל""י",14,hebrew,False,False,wikipedia,,"מוזיאון ניל""י - מוזיאון השוכן בבית אהרנסון, שהיה ביתה של משפחת אהרנסון בזכרון יעקב"
ניל״י,"ניל""י (פירושונים)","ניל""י (יישוב)",6,hebrew,True,True,wikipedia,,"ניל""י (יישוב) – התנחלות ויישוב קהילתי בעל אופי חילוני באזור דרום-מערב השומרון, נוסד ב-1981"
ניל״י,"ניל""י (פירושונים)","חפ""ק ניל""י",5,hebrew,False,False,wikipedia,,"חפ""ק ניל""י – יחידה של השב""כ שמטרתה הריגת כל פעילי החמאס שהשתתפו בטבח 7 באוקטובר, 2023"
ניל״י,"ניל""י","מקור הביטוי במקרא, שם ""נצח ישראל"" משמש ככינוי לה'",1,hebrew,False,True,wiktionary,,"# מקור הביטוי במקרא, שם ""נצח ישראל"" משמש ככינוי לה': {{צט/תנ""ך|וְגַם '''נֵצַח יִשְׂרָאֵל לֹא יְשַׁקֵּר''' וְלֹא יִנָּחֵם כִּי לֹא אָדָם הוּא לְהִנָּחֵם.|שמואל א|טו|כט}}"
ניל״י,"ניל""י",ארגון מרי יהודי נגד השלטון התורכי בארץ ישראל,0,hebrew,False,False,wiktionary,,#נצח ישראל לא ישקר.<BR> ארגון מרי יהודי נגד השלטון התורכי בארץ ישראל. 1915-1917.
נלבע״ה,"נלבע""ה","נ""ע",87,hebrew,False,False,wiktionary,,"# [[נ""ע]]"
נלבע״ה,"נלבע""ה","נלב""ע",26,hebrew,False,False,wiktionary,,"# [[נלב""ע]]"
נלבע״ה,"נלבע""ה",נלקחה לבית עולמה,0,hebrew,True,False,wiktionary,,#'''נ'''לקחה '''לב'''ית '''ע'''ולמ'''ה'''.
נלב״ע,"נלב""ע","ז""ל",4746,hebrew,False,False,wiktionary,,"# [[ז""ל]]"
נלב״ע,"נלב""ע","תנצב""ה",84,hebrew,False,False,wiktionary,,"# [[תנצב""ה]]"
נלב״ע,"נלב""ע",נלקח לבית עולמו,4,hebrew,True,False,wiktionary,,# [[נלקח|'''נ'''לקח]] '''ל'''[[בית עולם|ב'''ית '''ע'''ולמו]]. <small>אוֹ</small> [[נאסף|'''נ'''אסף]] '''לב'''ית '''ע'''ולמו.  <small>אוֹ</small> [[נפטר|'''נ'''פטר]] '''לב'''ית '''ע'''ולמו.
נלב״ע,"נלב""ע","נלבע""ה",0,hebrew,True,False,wiktionary,,"# [[נלבע""ה]]"
נל״ק,"נל""ק",נראה לקיים,1,hebrew,True,False,wiktionary,ארון הספרים היהודי,"#{{משלב/ר""ת|ארון הספרים היהודי}} נראה לקיים."
נל״ק,"נל""ק",נראה לי קשה,0,hebrew,True,False,wiktionary,,#נראה לי קשה.
נל״ק,"נל""ק",נראה לקבל,0,hebrew,True,False,wiktionary,ארון הספרים היהודי,"#{{משלב/ר""ת|ארון הספרים היהודי}} נראה לקבל."
נמ״ר,"נמ""ר","נגמ""ש חי""ר",8,hebrew,True,False,wiktionary,"צה""ל","# {{משלב/ר""ת|צה""ל}} [[נגמ""ש]] [[חי""ר]]{{מקור}}. [[נגמ""ש|'''נ'''גמ""ש]] [[מרכבה|'''מר'''כבה]](טנק מרכבה)"
נמ״ר,"נמ""ר",נודניק מדרגה ראשונה,0,hebrew,True,False,wiktionary,סלנג ישן,# {{משלב|סלנג ישן}} [[נודניק]] מ[[דרגה]] [[ראשון|ראשונה]]
נמ״ר,"נמ""ר",ניהול מערכות רפואיות,0,hebrew,True,False,wiktionary,רפואה,"# {{משלב/ר""ת|רפואה}} [[נהל#נִהֵל|'''נ'''יהול]] [[מערכה|'''מ'''ערכות]] [[רפואה|'''ר'''פואיות]]"
נמ״ר,"נמ""ר",ניהול מרכזים רפואיים,0,hebrew,True,False,wiktionary,רפואה,"# {{משלב/ר""ת|רפואה}} [[נהל#נִהֵל|'''נ'''יהול]] [[מרכז|'''מ'''רכזים]] [[רפואה|'''ר'''פואיים]]"
נמ״ת,"נמ""ת",נמל תעופה,931,hebrew,True,False,wiktionary,,# [[נמל תעופה]]
נמ״ת,"נמ""ת",נקודה מתה תחתונה,2,hebrew,True,False,wiktionary,,# [[נקדה מתה תחתונה|נקודה מתה תחתונה]]
נע״ג,"נע""ג",נוחו עדן גן,0,hebrew,True,False,wiktionary,,#נוחו עדן גן.
נע״ג,"נע""ג",נחלו עדן גן,0,hebrew,True,False,wiktionary,,#נחלו עדן גן.
נר״ו,"נר""ו",נפש רוח ונשמה,6,hebrew,True,False,wiktionary,,#נפש רוח ונשמה.
נר״ו,"נר""ו",נַטְרֵיהּ רַחֲמָנָא וּפַרְקִיהּ (ישמרהו הרחמן ויפדהו),0,hebrew,True,False,wiktionary,,#נַטְרֵיהּ רַחֲמָנָא וּפַרְקִיהּ (ישמרהו [[הרחמן]] ויפדהו).
נר״ו,"נר""ו",נטריה רחמנא וחיננא,0,hebrew,True,False,wiktionary,,#נטריה רחמנא וחיננא.
נר״ו,"נר""ו",נצרהו רחמנא ונטרהו,0,hebrew,True,False,wiktionary,,#נצרהו רחמנא ונטרהו.
נש״מ,"נש""מ",נציבות שירות המדינה,202,hebrew,True,False,wikipedia,,נציבות שירות המדינה
נש״מ,"נש""מ",נשק מונחה,91,hebrew,True,False,wikipedia,,נשק מונחה
נש״מ,"נש""מ",נקודת שיווי משקל,38,hebrew,True,False,wikipedia,,נקודת שיווי משקל
נש״מ,"נש""מ",נותן שירותי מטבע,4,hebrew,True,False,wikipedia,,נותן שירותי מטבע
נ״א,"נ""א",נוסח אשכנז,341,hebrew,True,False,wiktionary,יהדות,"#{{משלב/ר""ת|יהדות}} [[נוסח]] [[אשכנז]]"
נ״א,"נ""א",נגד אדם,208,hebrew,True,False,wiktionary,"צה""ל","# {{משלב/ר""ת|צה""ל}} [[נגד#נֶגֶד|נגד]] [[אדם]]"
נ״א,"נ""א",נחיתת אונס,176,hebrew,True,False,wiktionary,תעופה,"# {{משלב/ר""ת|תעופה}} [[נחיתת אנס|נחיתת אונס]]."
נ״א,"נ""א",נחלת אבות,77,hebrew,True,False,wiktionary,יהדות,"#{{משלב/ר""ת|יהדות}} [[נחלה|נחלת]] [[אב#אָב א|אבות]]"
נ״א,"נ""א",נביאים אחרונים,47,hebrew,True,False,wiktionary,יהדות,"#{{משלב/ר""ת|יהדות}} [[נביאים אחרונים]]."
נ״א,"נ""א",ניחום אבלים,37,hebrew,True,False,wiktionary,יהדות,"#{{משלב/ר""ת|יהדות}} [[נחום אבלים|ניחום אבלים]]"
נ״א,"נ""א",נפילת אפיים,21,hebrew,True,False,wiktionary,יהדות,"#{{משלב/ר""ת|יהדות}} [[נפילת אפים|נפילת אפיים]]"
נ״א,"נ""א",נוסחא אחרינא,0,hebrew,True,False,wiktionary,יהדות,"#{{משלב/ר""ת|יהדות}} נוסחא אחרינא (ארמית: [[נוסח]] [[אחר]])"
נ״ב,"נ""ב",נקודת בסיס,14,hebrew,True,False,wiktionary,,"#[[נקדת בסיס|נקודת בסיס]], ([[רבבית]])"
נ״ב,"נ""ב",נוסף ברשימה,4,hebrew,True,False,wiktionary,,# נוסף ברשימה.
נ״ב,"נ""ב",נזכרתי בדבר,3,hebrew,True,False,wiktionary,,# נזכרתי בדבר.
נ״ב,"נ""ב",נכתב בצדו,1,hebrew,True,False,wiktionary,,# נכתב בצדו.
נ״ב,"נ""ב",נזכר בזאת,0,hebrew,True,False,wiktionary,,# נזכר בזאת.
נ״ח,"נ""ח",נוסח חדש,281,hebrew,True,False,wiktionary,,# [[נוסח]] [[חדש]].
נ״ח,"נ""ח",נס חנוכה,26,hebrew,True,False,wiktionary,,# [[נס]] [[חנוכה]].
נ״ח,"נ""ח",נק' חיים,0,hebrew,True,False,wiktionary,,#{{הקשר|משחקים}} [[נק']] [[חיים]].
נ״ט,"נ""ט",ניסוי טיסה,25,hebrew,True,False,wiktionary,,# '''נ'''יסוי '''ט'''יסה.
נ״ט,"נ""ט","נותן טעם (מתוך ""נ""ט בר נ""ט"", בהלכות איסור והיתר)",0,hebrew,True,True,wiktionary,,"#'''נ'''ותן '''ט'''עם (מתוך ""נ""ט בר נ""ט"", בהלכות [[w:איסור והיתר|איסור והיתר]])."
נ״ט,"נ""ט",צבא נגד טנקים,0,hebrew,False,False,wiktionary,,#<small>צבא</small> '''נ'''גד '''ט'''נקים.
נ״י,"נ""י",ניו יורק,28771,hebrew,True,False,wiktionary,,# [[ניו יורק]]
נ״י,"נ""י",נצח ישראל,253,hebrew,True,False,wiktionary,,# [[נצח ישראל]]
נ״י,"נ""י",נרו יאיר,19,hebrew,True,False,wiktionary,,# [[נרו יאיר]]
נ״י,"נ""י",נסמך יחיד,0,hebrew,True,False,wiktionary,,# [[נסמך יחיד]]
נ״ל,"נ""ל",נראה לי,334,hebrew,True,False,wiktionary,,#[[נראה]] [[ל]]י
נ״ל,"נ""ל",נזכר לעיל,1,hebrew,True,False,wiktionary,,#[[נזכר]] [[לעיל]].
נ״ל,"נ""ל",נכתב לקמן,0,hebrew,True,False,wiktionary,,#[[נכתב]] [[לקמן]] ([[להלן]])
נ״מ,"נ""מ",נגד מטוסים,722,hebrew,True,False,wiktionary,,#נגד מטוסים.
נ״מ,"נ""מ",נפקא מינא,12,hebrew,True,False,wiktionary,,#נפקא מינא.
נ״ע,"נ""ע",ניירות ערך,844,hebrew,True,False,wiktionary,כלכלה,"# {{משלב/ר""ת|כלכלה}} [[נייר ערך|'''נ'''יירות '''ע'''רך]]."
נ״ע,"נ""ע",נוחו עדן,8,hebrew,True,False,wiktionary,יהדות,"# {{משלב/ר""ת|יהדות}} [[נוחו עדן|'''נ'''וחו '''ע'''דן]]. או- '''נ'''שמתו '''ע'''דן"
נ״ר,"נ""ר",נר ראשון (של חנוכה),121,hebrew,True,False,wiktionary,יהדות,"#{{משלב/ר""ת|יהדות}} נר ראשון (של חנוכה)."
נ״ר,"נ""ר",נטע רבעי,82,hebrew,True,False,wiktionary,יהדות,"#{{משלב/ר""ת|יהדות}} [[נטע רבעי]]."
נ״ר,"נ""ר",נביאים ראשונים,61,hebrew,True,False,wiktionary,ארון הספרים היהודי,"#{{משלב/ר""ת|ארון הספרים היהודי}} נביאים ראשונים."
נ״ר,"נ""ר",נחת רוח,52,hebrew,True,False,wiktionary,,#נחת רוח.
נ״ר,"נ""ר",נפש רוח,21,hebrew,True,False,wiktionary,תורת הקבלה,"#{{משלב/ר""ת|תורת הקבלה}} נפש רוח."
נ״ר,"נ""ר",נקבה רבים,9,hebrew,True,False,wiktionary,דקדוק,"#{{משלב/ר""ת|דקדוק}} נקבה רבים."
נ״ר,"נ""ר",ניירות רכישה,0,hebrew,True,False,wiktionary,כלכלה,"#{{משלב/ר""ת|כלכלה}} ניירות רכישה."
נ״ר,"נ""ר",נסמך רבים,0,hebrew,True,False,wiktionary,דקדוק,"#{{משלב/ר""ת|דקדוק}} נסמך רבים."
סאפ,סאפ,בוב סאפ,10,hebrew,False,False,wikipedia,,"בוב סאפ (Sapp; יליד 1973) – קיקבוקסר, לוחם אומנות משולבת, מתאבק, שחקן קולנוע ושחקן פוטבול אמריקאי"
סאפ,סאפ,סאפ לאבס ישראל,4,hebrew,True,False,wikipedia,,סאפ לאבס ישראל – חברה בת ישראלית של חברת SAP
סאפ,סאפ,SAP (חברה),3,hebrew,False,False,wikipedia,,SAP (חברה) – חברת תוכנה אירופית בין–לאומית המייצרת מוצרי ERP
סאפ,סאפ,סאפ (גלישה),3,hebrew,True,False,wikipedia,,סאפ (גלישה) (SUP) – ספורט ימי שמקורו בגלישת גלים
סאפ,סאפ,SAP (חומר),2,hebrew,False,False,wikipedia,,SAP (חומר) – סוג של פולימר שיכול לספוג ולאצור כמויות גדולות ביותר של נוזל
סאפ,סאפ,SAP (מפלגה),2,hebrew,False,False,wikipedia,,SAP (מפלגה) – הסוציאל-דמוקרטים (מפלגה שוודית)
סאפ,סאפ,Sap (אלבום),2,hebrew,False,False,wikipedia,,Sap (אלבום) – אלבום של להקת אליס אין צ'יינס משנת 1992
סג״ל,"סג""ל",סגן לויה,7,hebrew,True,False,wiktionary,,#סגן לויה.
סג״ל,"סג""ל",סגידה לאל,1,hebrew,True,False,wiktionary,,#סגידה לאל.
סג״ל,"סג""ל",סגולת לויים,0,hebrew,True,False,wiktionary,,#סגולת לויים.
סג״ל,"סג""ל",סגן לויים,0,hebrew,True,False,wiktionary,,#[[סגן#סְגָן|סגן]] [[לוי|לויים]].
סג״ל,"סג""ל",סגן לכהונה (לכוהן),0,hebrew,True,False,wiktionary,,#סגן לכהונה (לכוהן).
סד״א,"סד""א",סדר דין אזרחי,53,hebrew,True,False,wiktionary,,# [[סדר דין אזרחי]].
סד״א,"סד""א",סלקא דעתך אמינא,1,hebrew,True,False,wiktionary,,# סלקא דעתך אמינא.
סד״ג,"סד""ג",סדר גודל,244,hebrew,True,False,wiktionary,,#[[סדר גדל|סדר גודל]].
סד״ג,"סד""ג",סירת דייג,1,hebrew,True,False,wiktionary,,#[[סירה|סירת]] [[דיג#דַּיִג|דייג]].
סד״פ,"סד""פ",סדר דין פלילי,62,hebrew,True,False,wiktionary,,# [[סדר דין פלילי]].
סד״פ,"סד""פ",סדר פעולות,45,hebrew,True,False,wiktionary,,# סדר פעולות
סה״מ,"סה""מ",ספר המאמרים,20,hebrew,True,False,wiktionary,,# ספר המאמרים
סה״מ,"סה""מ",סיוע התיישבותי מותנה,0,hebrew,True,False,wiktionary,,# סיוע התיישבותי מותנה
סו״ש,"סו""ש",סוף שבוע,819,hebrew,True,False,wiktionary,,# סוף שבוע.
סו״ש,"סו""ש",סחורות ושירותים,398,hebrew,True,False,wiktionary,,# סחורות ושירותים.
סל״ש,"סל""ש",סיביות לשנייה,20,hebrew,True,False,wiktionary,,# [[סיבית|סיביות]] לשנייה.
סל״ש,"סל""ש",סיבובים לשנייה,10,hebrew,True,False,wiktionary,,# [[סבוב#סִבוּב|סיבובים]] ל[[שניה|שנייה]].
סל״ש,"סל""ש",אנגלית: bps,0,hebrew,False,False,wiktionary,,# אנגלית: [[bps]]
סל״ש,"סל""ש",אנגלית: rps,0,hebrew,False,False,wiktionary,,# אנגלית: [[rps]]
סמב״ס,"סמב""ס",סגן מפקד בסיס,24,hebrew,True,False,wiktionary,,# סגן מפקד בסיס.
סמב״ס,"סמב""ס",סתם מסתובב בבסיס,0,hebrew,True,False,wiktionary,,# {{בהשאלה}} {{סלנג}} סתם מסתובב בבסיס.
סמ״ט,"סמ""ט",סימן טוב,608,hebrew,True,False,wiktionary,,#סימן טוב (שם משפחה)
סמ״ט,"סמ""ט",סגן מפקד טייסת,42,hebrew,True,False,wiktionary,,"#סגן מפקד טייסת (צה""ל)"
סמ״ט,"סמ""ט",סור מרע ועשה טוב,16,hebrew,True,False,wiktionary,,#סור מרע ועשה טוב (שם משפחה)
סמ״ק,"סמ""ק",ספר מצוות קטן,24,hebrew,True,True,wiktionary,,#ספר מצוות קטן. ספר הלכה של [[w:יצחק מקורביל|רבי יצחק מקורביל]].
סמ״ק,"סמ""ק",סנטימטר מעוקב,9,hebrew,True,False,wiktionary,,#[[סנטימטר]] [[מעוקב]].
סמ״ר,"סמ""ר",סמל ראשון,336,hebrew,True,False,wikipedia,,"סמל ראשון – דרגה בצה""ל, במשטרת ישראל ובצבאות שונים"
סמ״ר,"סמ""ר",ספינת משמר,78,hebrew,True,False,wikipedia+wiktionary,,# [[ספינת משמר]]
סמ״ר,"סמ""ר",סנטימטר רבוע,12,hebrew,True,False,wikipedia+wiktionary,,#[[סנטימטר]] [[רבוע]]
סמ״ש,"סמ""ש",סימון שבילים,36,hebrew,True,False,wiktionary,,# סימון שבילים
סמ״ש,"סמ""ש",סמל שני,23,hebrew,True,False,wiktionary,,# סמל שני
ס״א,"ס""א",ספרים אחרים,227,hebrew,True,False,wiktionary,,#ספרים אחרים.
ס״א,"ס""א",סיטרא אחרא (צד אחר),0,hebrew,True,False,wiktionary,,"#{{משלב/ר""ת|ארמית|תורת הקבלה}} סיטרא אחרא (צד אחר)."
ס״א,"ס""א","סימן אל""ף",0,hebrew,True,False,wiktionary,,"#סימן אל""ף. וכך [[ס""ב]] [[ס""ג]] [[ס""ד]] וכה הלאה."
ס״ב,"ס""ב",סודי ביותר,221,hebrew,True,False,wiktionary,"צה""ל","# {{משלב/ר""ת|צה""ל}} [[סודי]] ביותר."
ס״ב,"ס""ב",ספרת ביקורת,27,hebrew,True,False,wiktionary,,# [[ספרה#סִפְרָה|ספרת]] [[בקורת|ביקורת]].
ס״ג,"ס""ג",סירת גומי,45,hebrew,True,False,wiktionary,,# [[סירת גומי]].
ס״ג,"ס""ג",סנהדרין גדולה,17,hebrew,True,False,wiktionary,,# [[סנהדרין]] גדולה.
ס״ד,"ס""ד",סוף דבר,210,hebrew,True,False,wiktionary,,#סוף דבר.
ס״ד,"ס""ד",סוציאל דמוקרטי,124,hebrew,True,False,wiktionary,,#[[w:סוציאל-דמוקרטיה|סוציאל דמוקרטי]].
ס״ד,"ס""ד",ספרא דצניעותא,26,hebrew,True,False,wiktionary,ארון הספרים היהודי,"#{{משלב/ר""ת|ארון הספרים היהודי}} [[w:ספרא דצניעותא|ספרא דצניעותא]]."
ס״ד,"ס""ד",סייעתא דשמיא (עזרת השם),0,hebrew,True,False,wiktionary,,"#{{משלב/ר""ת|ארמית|יהדות}} סייעתא דשמיא (עזרת השם)."
ס״ד,"ס""ד","סימן/סעיף דל""ת",0,hebrew,True,False,wiktionary,ארון הספרים היהודי,"#{{משלב/ר""ת|ארון הספרים היהודי}} [[סימן]]/[[סעיף]] [[ד|דל""ת]]"
ס״ד,"ס""ד",סלקא דעתך (= עולה ב/על דעתך),0,hebrew,True,False,wiktionary,ארמית,"#{{משלב/ר""ת|ארמית}} סלקא דעתך (= [[עלה|עולה]] ב/על [[דעת]]ך)."
ס״ט,"ס""ט",סימן טוב,608,hebrew,True,False,wiktionary,,#סימן טוב.
ס״ט,"ס""ט",ספרדי טהור,12,hebrew,True,False,wiktionary,,#ספרדי טהור.
ס״ט,"ס""ט",סופו טוב (סיפיה טב),0,hebrew,True,False,wiktionary,,#סופו טוב (סיפיה טב).
ס״ט,"ס""ט",סינא טינא (עפר ואפר),0,hebrew,True,False,wiktionary,,#סינא טינא (עפר ואפר).
ס״ל,"ס""ל",ספריה לאומית,4,hebrew,True,False,wiktionary,,#[[ספריה]] [[לאומי]]ת.
ס״ל,"ס""ל","סבירא ליה ( הוא סבור, מסתבר לו)",0,hebrew,True,False,wiktionary,ארון הספרים היהודי,"#{{משלב/ר""ת|ארון הספרים היהודי}} סבירא ליה ({{לועזית|ארמית}} הוא [[סבור]], [[הסתבר|מסתבר]] לו)."
ס״ל,"ס""ל",סמיך ליה (ארמית:סמוך לו),0,hebrew,True,False,wiktionary,ארון הספרים היהודי,"#{{משלב/ר""ת|ארון הספרים היהודי}} סמיך ליה (ארמית:[[סמוך]] לו)."
ס״ל,"ס""ל","סנטי-ליטר (10 מ""ל)",0,hebrew,True,False,wiktionary,,"#[[סנטי]]-[[ליטר]] (10 מ""ל)."
ס״מ,"ס""מ",סנטימטר,3316,hebrew,True,False,wiktionary,יחידות מידה,"#{{משלב/ר""ת|יחידות מידה}} [[סנטימטר]]."
ס״מ,"ס""מ",סגן מפקד,2032,hebrew,True,False,wiktionary,"צה""ל","#{{משלב/ר""ת|צה""ל}} סגן מפקד."
ס״מ,"ס""מ",סמאל,83,hebrew,True,False,wiktionary,,# [[סמאל]].
ס״מ,"ס""מ",סטרא דמסאבותא,0,hebrew,True,False,wiktionary,,# '''ס'''טרא ד'''מ'''סאבותא.
ס״ס,"ס""ס",סוף-סוף,2089,hebrew,True,False,wiktionary,,# [[סוף]]-סוף.
ס״ס,"ס""ס",סוף סימן־,122,hebrew,True,False,wiktionary,,# [[סוף#סוֹף|סוף]] [[סימן]]־
ס״ס,"ס""ס",ספק ספיקא,21,hebrew,True,False,wiktionary,,# [[ספק ספיקא]]
ס״ת,"ס""ת",ספר תורה,868,hebrew,True,False,wiktionary,,#ספר תורה.
ס״ת,"ס""ת",סופי תיבות,6,hebrew,True,False,wiktionary,,# סופי תיבות.
עב״ג,"עב""ג",עם בחיר/ת גורלו/ה,0,hebrew,True,False,wiktionary,,# עם בחיר/ת גורלו/ה{{מקור}}.
עב״ג,"עב""ג","עם בן גילה, עם בת גילו",0,hebrew,True,False,wiktionary,,"# עם [[בן]] [[גיל]]ה, עם [[בת]] גילו."
עב״ל,"עב""ל",עם בחיר/ת לבה/ו,0,hebrew,True,False,wiktionary,,# [[עם]] [[בחיר|בחיר/ת]] [[לב|לבה/ו]].
עב״ל,"עב""ל",עם בן/בת לוייתו/לוייתה,0,hebrew,True,False,wiktionary,,# עם [[בן]]/[[בת]] [[לויה|לוייתו]]/לוייתה
עב״ס,"עב""ס",ערך בסיכון,6,hebrew,True,False,wiktionary,כלכלה,"# {{משלב/ר""ת|כלכלה}} '''ע'''רך '''ב'''סיכון"
עב״ס,"עב""ס",עבודות בסיס,1,hebrew,True,False,wiktionary,"צה""ל","# {{משלב/ר""ת|צה""ל}} '''ע'''בודות '''ב'''סיס"
עד״מ,"עד""מ",עד מדינה,124,hebrew,True,False,wiktionary,,#[[עד#עֵד|עד]] [[מדינה]].
עד״מ,"עד""מ",על דרך משל,8,hebrew,True,False,wiktionary,,#[[על#עַל|על]] [[דרך#דֶּרֶךְ|דרך]] [[משל#מָשָׁל|משל]].
עה״ש,"עה""ש",עלות השחר,709,hebrew,True,False,wiktionary,,#עלות השחר.
עה״ש,"עה""ש",עליו השלום,101,hebrew,True,False,wiktionary,,#עליו השלום.
עה״ת,"עה""ת",(חיבור פרשני) על התורה,0,hebrew,False,False,wiktionary,יהדות,# {{משלב|יהדות}} (חיבור פרשני) [[על#עַל|על]] [[ה]][[תורה]].
עה״ת,"עה""ת",ערך היסק תחתון,0,hebrew,True,False,wiktionary,,"# {{משלב/ר""ת|כימיה|תרמודינמיקה}} [[ערך#עֵרֶךְ|ערך]] [[הסק#הֵסֶק|היסק]] [[תחתון]]."
עו״ש,"עו""ש",בהשאלה עובר אורח ברחוב או בכל מקום ציבורי,0,hebrew,False,True,wiktionary,,# <small>בהשאלה</small> עובר אורח ברחוב או בכל מקום ציבורי.
עו״ש,"עו""ש",עוֹבֵר וָשָׁב.(סוג חשבון בנק),0,hebrew,True,True,wiktionary,,# [[עובר ושב|עוֹבֵר וָשָׁב]].(סוג חשבון בנק).
עז״ה,"עז""ה",על זה הדרך,10,hebrew,True,False,wiktionary,,#על זה הדרך.
עז״ה,"עז""ה",על זה הכוונה,0,hebrew,True,False,wiktionary,,#על זה הכוונה.
עח״מ,"עח""מ",ערבות חוק המכר,1,hebrew,True,False,wiktionary,,#ערבות חוק המכר.
עח״מ,"עח""מ",עובד חקר מודיעין,0,hebrew,True,False,wiktionary,,#עובד חקר מודיעין.
עח״מ,"עח""מ",עת חדשה מוקדמת,0,hebrew,True,False,wiktionary,,#עת חדשה מוקדמת.
עכו״ם,"עכו""ם",עבודה זרה,1166,hebrew,False,False,wikipedia,,עבודה זרה – יחסה של היהדות כלפי הפגניות
עכו״ם,"עכו""ם",גוי,704,hebrew,False,False,wikipedia,,"גוי – מי שאינו יהודי; בספרות הרבנית המצונזרת נקרא גם עַכּוּ""ם"
עכו״ם,"עכו""ם",פגניות,169,hebrew,False,False,wikipedia,,פגניות – דתות פוליתאיסטיות
עכו״ם,"עכו""ם",הלכות הרחקה מגויים,18,hebrew,False,False,wikipedia,,הלכות הרחקה מגויים – הלכות הנוגעים לקשרים חברתיים בין יהודים לגויים
עכו״ם,"עכו""ם",עבודת כוכבים ומזלות,4,hebrew,True,False,wiktionary,,#עבודת כוכבים ומזלות .
עכו״ם,"עכו""ם",עובד כוכבים ומזלות (גויים ונכרים עובדי אלילים),0,hebrew,True,False,wiktionary,,#עובד כוכבים ומזלות (גויים  ונכרים עובדי אלילים).
עכת״ד,"עכת""ד",עד כאן תוכן דבריו,0,hebrew,True,False,wiktionary,,#עד כאן [[תכן#תֹּכֶן|תוכן]] דבריו.
עמ',עמ',עמוס,7722,hebrew,True,False,wiktionary,ארון הספרים היהודי,"#{{משלב/ר""ת|ארון הספרים היהודי}} [[עמוס#עָמוֹס|'''עמ'''וס]]."
עמ',עמ',"עמוד (בדר""כ עמוד בספר)",0,hebrew,True,False,wiktionary,,"#[[עמוד#עַמּוּד|עמוד]] (בדר""כ עמוד בספר)."
עמ״ט,"עמ""ט",עבודת מטה,120,hebrew,True,False,wiktionary,"צה""ל","# {{משלב|צה""ל}} [[עבודה|עבודת]] [[מטה#מַטֶּה|מטה]]."
עמ״ט,"עמ""ט",עתודה מדעית טכנולוגית,6,hebrew,True,False,wiktionary,,# [[עתודה]] מדעית טכנולוגית
עמ״י,"עמ""י",עם ישראל,8275,hebrew,True,False,wiktionary,,# [[עם#עַם|'''ע'''ם]] [[ישראל|'''י'''שראל]]
עמ״י,"עמ""י",עזר מ'ציון,0,hebrew,True,False,wiktionary,,# [[עזר#עֵזֶר|'''ע'''זר]] '''מ'''[[ציון|'''צ'''יון]]
עמ״י,"עמ""י",עמותת 'מושתלים ישראלים,0,hebrew,True,False,wiktionary,,# [[עמותה|'''עמ'''ותת]] '''[[שתל#שֶׁתֶל|'''מ'''ושתלים]]  [[ישראל|'''י'''שראלים]]
עמ״נ,"עמ""נ",על-מנת,46031,hebrew,True,False,wiktionary,,# על-מנת.
עמ״נ,"עמ""נ",עתודת מיקוש ניידת,0,hebrew,True,False,wiktionary,"צה""ל","# {{משלב/ר""ת|צה""ל}} עתודת מיקוש ניידת."
עמ״ש,"עמ""ש",עמוד השדרה,823,hebrew,True,False,wiktionary,רפואה,"# {{משלב/ר""ת|רפואה}} [[עמוד השדרה|'''עמ'''וד ה'''ש'''דרה]]"
עמ״ש,"עמ""ש",ערעור משפחה,2,hebrew,True,False,wiktionary,משפטים,"# {{משלב/ר""ת|משפטים}} '''ע'''רעור [[:w:דיני משפחה|'''מש'''פחה]]."
עמ״ש,"עמ""ש",ערעור מס שבח,1,hebrew,True,False,wiktionary,משפטים,"# {{משלב/ר""ת|משפטים}} [[ערעור|'''ע'''רעור]] [[מס שבח|'''מ'''ס '''ש'''בח]]."
ענ״א,"ענ""א",עיבוד נתונים אוטומטי,5,hebrew,True,False,wiktionary,,# עיבוד נתונים אוטומטי.
ענ״א,"ענ""א",עיבוד נתונים אלקטרוני,3,hebrew,True,False,wiktionary,,# עיבוד נתונים אלקטרוני.
עפ״ל,"עפ""ל",על פי לשונו,8,hebrew,True,False,wiktionary,,#[[על פי]] [[לשון|לשונו]].
עפ״ל,"עפ""ל",בעברית: עפר לפיהם (לפיו),0,hebrew,False,False,wiktionary,,#עפרא לפומייהו; עפרא לפומיה. כלומר: עפר לפיו. ייסכר פיו.<br />בעברית: [[עפר לפה|עפר לפיהם]] (לפיו).
ערעור,ערעור,אי הסכמה עם טענה,0,hebrew,False,False,wiktionary,,#{{חזל}} אי הסכמה עם טענה. הבאת טענה נגדית.
ערעור,ערעור,"עקירת יסודות, ביטול יציבות של דבר עומד",0,hebrew,False,True,wiktionary,,"# {{רובד|המקרא}} עקירת יסודות, ביטול יציבות של דבר עומד."
ע״א,"ע""א",עבודת אלילים,153,hebrew,True,False,wiktionary,,# [[עבודת אלילים]].
ע״א,"ע""א",עובד אלילים,40,hebrew,True,False,wiktionary,,# [[עובד אלילים]].
ע״א,"ע""א",עפר ואפר,35,hebrew,True,False,wiktionary,,"# [[עפר ואפר]] (בדרך כלל עם א""ה - אני הקטן. מקבילו בארמית ס""ט)"
ע״א,"ע""א",ערעור אזרחי,14,hebrew,True,False,wiktionary,משפטים,"# {{משלב/ר""ת|משפטים}} [[ערעור]] [[אזרחי]]."
ע״א,"ע""א","עמוד אל""ף",0,hebrew,True,False,wiktionary,ארון הספרים היהודי,"# {{משלב/ר""ת|ארון הספרים היהודי}} [[עמוד]] [[א|אל""ף]]. העמוד הימני עפ""ר בדף [[גמרא]]."
ע״ב,"ע""ב",על בסיס,15609,hebrew,True,False,wiktionary,,# על בסיס.
ע״ב,"ע""ב",עבודת-בית,65,hebrew,True,False,wiktionary,,# עבודת-בית.
ע״ב,"ע""ב",ערעור בחירות,10,hebrew,True,False,wiktionary,,# ערעור בחירות.
ע״ב,"ע""ב",העמוד השמאלי בדף גמרא,0,hebrew,False,False,wiktionary,,"# עמוד בי""ת.</br>העמוד השמאלי בדף גמרא."
ע״ג,"ע""ג",על גבי,12046,hebrew,True,False,wiktionary,,#[[על גבי]].
ע״ג,"ע""ג",עבודת גילולים,2,hebrew,True,False,wiktionary,יהדות,"#{{משלב/ר""ת|יהדות}} עבודת גילולים."
ע״ג,"ע""ג","עה""פ גרונית",0,hebrew,True,False,wiktionary,דקדוק,"#{{משלב/ר""ת|דקדוק}} [[עה""פ]] [[גרוני]]ת."
ע״ד,"ע""ד",על דרך,1953,hebrew,True,False,wiktionary,,#על דרך.
ע״ד,"ע""ד",על דעת,1300,hebrew,True,False,wiktionary,,#על דעת.
ע״ד,"ע""ד",עריכת דין,318,hebrew,True,False,wiktionary,,#עריכת דין.
ע״ד,"ע""ד",על דבר/דברי,0,hebrew,True,False,wiktionary,,#על דבר/דברי.
ע״ה,"ע""ה",עם הארץ,206,hebrew,True,False,wiktionary,,#[[עם הארץ]].
ע״ה,"ע""ה",עליו הראיה,105,hebrew,True,False,wiktionary,,#עליו הראיה.
ע״ה,"ע""ה",עליו/עליה השלום,0,hebrew,True,False,wiktionary,,#[[עליו השלום|עליו/עליה השלום]].
ע״ז,"ע""ז",על זה,2841,hebrew,True,False,wiktionary,,# על זה.
ע״ז,"ע""ז",עבודה זרה,1166,hebrew,True,False,wiktionary,יהדות,"# {{משלב/ר""ת|יהדות}} עבודה זרה."
ע״ח,"ע""ח",על חשבון,3365,hebrew,True,False,wiktionary,,# [[על חשבון]]
ע״ח,"ע""ח",עץ חיים,1004,hebrew,True,False,wiktionary,,# [[עץ חיים]]
ע״י,"ע""י",על ידי,215915,hebrew,True,False,wiktionary,,#[[על יד]]י.
ע״י,"ע""י",על יד,3106,hebrew,True,False,wiktionary,,#[[על יד]].
ע״י,"ע""י",עַם ישראל,18,hebrew,True,False,wiktionary,,#עַם ישראל.
ע״כ,"ע""כ",על כך,27984,hebrew,True,False,wiktionary,,# על כך.
ע״כ,"ע""כ",על כן,6975,hebrew,True,False,wiktionary,,# על כן.
ע״כ,"ע""כ",עד כאן,410,hebrew,True,False,wiktionary,,# [[עד#עַד|עד]] [[כאן]].
ע״כ,"ע""כ","על כורחך, (על כורחי, על כורחו)",0,hebrew,True,False,wiktionary,,"# על [[כרח#כֹּרַח|כורחך]], (על כורחי, על כורחו)."
ע״מ,"ע""מ",על מנת,46031,hebrew,True,False,wiktionary,,# [[על מנת]].
ע״מ,"ע""מ",עוסק מורשה,12,hebrew,True,False,wiktionary,,# [[עסק|עוסק]] [[מרשה|מורשה]]
ע״נ,"ע""נ",עזרת נשים,277,hebrew,True,False,wiktionary,,# [[עזרת נשים]]
ע״נ,"ע""נ",ערך נקוב,81,hebrew,True,False,wiktionary,,# [[ערך]] [[נקוב]].
ע״נ,"ע""נ",עילוי נשמה,7,hebrew,True,False,wiktionary,יהדות,"# {{משלב/ר""ת|יהדות}} עילוי נשמה."
ע״נ,"ע""נ",עונת נדרים,1,hebrew,True,False,wiktionary,ארון הספרים היהודי,"# {{משלב/ר""ת|ארון הספרים היהודי}} [[עונה|עונת]] [[נדר|נדרים]]."
ע״ס,"ע""ס",על סמך,5878,hebrew,True,False,wiktionary,,# על סמך.
ע״ס,"ע""ס",על סך,1063,hebrew,True,False,wiktionary,,# על [[סך]].
ע״ס,"ע""ס",עבודה סוציאלית,449,hebrew,True,False,wiktionary,,# עבודה סוציאלית.
ע״ס,"ע""ס",עשר ספירות,22,hebrew,True,False,wiktionary,תורת הקבלה,"#{{משלב/ר""ת|תורת הקבלה}} עשר ספירות."
ע״ע,"ע""ע",ערך עצמי,177,hebrew,True,False,wiktionary,מתמטיקה,"# {{משלב/ר""ת|מתמטיקה}} ערך עצמי."
ע״ע,"ע""ע",עיין ערך,86,hebrew,True,False,wiktionary,,# עיין ערך.
ע״ע,"ע""ע",עבודה עצמית,63,hebrew,True,False,wiktionary,,"# עבודה עצמית. מטלה שנעשית על ידי עובד אחד, בעצמו, בלי תלות בעבודתם של עובדים אחרים. הניגוד הוא עבודה קבוצתית. דוגמא: אחרי ארוחת הצהריים התלמידים יעסקו בעבודה עצמית."
ע״ע,"ע""ע",ערעור עבודה,1,hebrew,True,False,wiktionary,משפטים,"# {{משלב/ר""ת|משפטים}} ערעור עבודה. המשלימים הם ערעורים בתחומי משפט אחרים, ביניהם בתחום האזרחי ובתחום הפלילי."
ע״ע,"ע""ע","גזרת הכפולים, גזרה בה עה""פ ולה""פ זהות זו לזו",0,hebrew,False,False,wiktionary,דקדוק,"# {{משלב/ר""ת|דקדוק}} גזרת הכפולים, גזרה בה [[עה""פ]] ו[[לה""פ]] זהות זו לזו."
ע״פ,"ע""פ",על פי,90011,hebrew,True,False,wiktionary,,# [[על פי]].
ע״פ,"ע""פ",על פניו,1396,hebrew,True,False,wiktionary,,# על פניו.
ע״פ,"ע""פ",על פה,103,hebrew,True,False,wiktionary,,# [[על פה]].
ע״פ,"ע""פ",ערעור פלילי,18,hebrew,True,False,wiktionary,,# ערעור פלילי.
ע״פ,"ע""פ",עושה פסים (=סרגל),0,hebrew,True,False,wiktionary,,# עושה פסים (=[[סרגל]]).
ע״ר,"ע""ר",עזרה ראשונה,511,hebrew,True,False,wiktionary,רפואה,"#{{משלב/ר""ת|רפואה}} [[עזרה ראשונה]]."
ע״ר,"ע""ר",עמותה רשומה,150,hebrew,True,False,wiktionary,משפטים,"#{{משלב/ר""ת|משפטים}} [[עמותה]] [[רשום|רשומה]]."
ע״ר,"ע""ר",עיתון רשמי,68,hebrew,True,False,wiktionary,,# עיתון רשמי.
ע״ש,"ע""ש",על שום,902,hebrew,True,False,wiktionary,,# [[על שום]]
ע״ש,"ע""ש",עמוד השדרה,823,hebrew,True,False,wiktionary,רפואה,"# {{משלב/ר""ת|רפואה}} [[עמוד השדרה|'''ע'''מוד ה'''ש'''דרה]]"
ע״ש,"ע""ש",ערב שבת,258,hebrew,True,False,wiktionary,יהדות,"# {{משלב/ר""ת|יהדות}} [[ערב#עֶרֶב|'''ע'''רב]] [[שת|'''ש'''בת]]"
ע״ש,"ע""ש",עיין שם,32,hebrew,True,False,wiktionary,,# [[עין#עִיֵּן|עיין]] [[שם#שָׁם|שם]]
ע״ש,"ע""ש",עיקר שכחתי,8,hebrew,True,False,wiktionary,,"# עיקר שכחתי (כתוספת למכתב או הודעה, בדומה ל[[נ""ב]])"
פאג״י,"פאג""י (פירושונים)","שיכון פאג""י",51,hebrew,False,False,wikipedia,,"שיכון פאג""י – שכונה בירושלים שנוסדה על ידי פאג""י}}"
פאג״י,"פאג""י (פירושונים)","בנק פאג""י",8,hebrew,False,False,wikipedia,,"בנק פאג""י – בנק ישראלי שנוסד על ידי פועלי אגודת ישראל"
פאג״י,"פאג""י (פירושונים)","פא""י (פועלי אגודת ישראל)",5,hebrew,True,False,wikipedia,,"פא""י (פועלי אגודת ישראל) - תנועה פוליטית-התיישבותית חרדית שנוסדה בפולין ופעלה בארץ ישראל ובמדינת ישראל"
פא״י,"פא""י",פחות או יותר,1349,hebrew,True,False,wiktionary,,#פחות או יותר.
פא״י,"פא""י",פועלי אגודת ישראל,302,hebrew,True,False,wiktionary,,#פועלי אגודת ישראל.
פא״י,"פא""י",פועלי ארץ ישראל,189,hebrew,True,False,wiktionary,,#פועלי ארץ ישראל.
פומ״ה,"פומ""ה",פורץ מכשולים הנדסי,7,hebrew,True,False,wiktionary,"צה""ל","#{{משלב/ר""ת|צה""ל}} [[פרץ#פֶּרֶץ|'''פו'''רץ]] [[מכשול|'''מ'''כשולים]] [[הנדסה|'''ה'''נדסי]]"
פו״ם,"פו""ם",פיקוד ומטה,635,hebrew,True,False,wiktionary,"צה""ל","#{{משלב|צה""ל}} '''פ'''יקוד '''ומ'''טה."
פו״ם,"פו""ם",פוליטיקה וממשל,219,hebrew,True,False,wiktionary,,#'''פ'''וליטיקה '''ומ'''משל
פו״ם,"פו""ם",המכללה הבין זרועית לפיקוד ולמטה,207,hebrew,False,False,wiktionary,"צה""ל","# {{משלב|צה""ל}} המכללה הבין זרועית לפיקוד ולמטה. (בית הספר לפיקוד ולמטה של צה""ל) או לימודים בבית ספר זה"
פו״ם,"פו""ם",פלוגות מיוחדות,5,hebrew,True,False,wiktionary,"צה""ל","#{{משלב|צה""ל}} פלוגות מיוחדות."
פו״ש,"פו""ש",פיקוד ושליטה,206,hebrew,True,False,wiktionary,צבא,# {{משלב|צבא}} [[פקוד|פיקוד]] ו[[שליטה]].
פו״ש,"פו""ש",יחידות בהגנה 1937-1939,0,hebrew,False,False,wiktionary,,# [[פלוגה|פלוגות]] [[שדה]]. <BR> יחידות בהגנה 1937-1939.
פז״ם,"פז""ם",פרק זמן ממושך,38,hebrew,True,False,wiktionary,,"# <small>פרק זמן ממושך. בסלנג צה""לי</small> משמש לתיאור [[ותק]]."
פז״ם,"פז""ם",פרק זמן מינימלי,14,hebrew,True,False,wiktionary,,# [[פרק#פֶּרֶק|פרק]] [[זמן#זְמַן|זמן]] [[מינימלי]].
פח״ח,"פח""ח","(ר""ת ישנים: פלוגת רפואה חר""פ) פלוגת רפואה חטיבתית",0,hebrew,False,False,wiktionary,"צה""ל","#{{משלב/ר""ת|צה""ל}} (ר""ת ישנים: פלוגת רפואה [[חר""פ]]) [[פלוגה|פלוגת]] [[רפואה]] [[חטיבתי]]ת"
פח״ח,"פח""ח","פרטיזנים, חיילים וחלוצים",0,hebrew,True,False,wiktionary,,"# [[פרטיזן|פרטיזנים]], [[חייל|חיילים]] ו[[חלוץ|חלוצים]]."
פח״מ,"פח""מ",פחמימות,527,hebrew,True,False,wiktionary,,# [[פחמימה|פחמימות]].
פח״מ,"פח""מ",פעימות חדריות מוקדמות,2,hebrew,True,False,wiktionary,,# פעימות חדריות מוקדמות.
פלחה״ן,"פלחה""ן",פלוגת חבלה והנדסה,6,hebrew,True,False,wiktionary,,# פלוגת חבלה והנדסה.
פלמ״ח,"פלמ""ח (פירושונים)","כוח צבאי של ""ההגנה""",31,hebrew,False,False,wikipedia,,"פלמ""ח – כוח צבאי של ""ההגנה"""
פלמ״ח,"פלמ""ח (פירושונים)","פלמ""ח צובה",10,hebrew,True,False,wikipedia,,"פלמ""ח צובה – קיבוץ שהוקם על ידי חברי הפלמ""ח"
פלמ״ח,"פלמ""ח (פירושונים)","פלמ""ח (סדרת טלוויזיה)",4,hebrew,True,False,wikipedia,,"פלמ""ח (סדרת טלוויזיה) – סדרת נעורים ישראלית משנת 2020"
פלמ״ח,"פלמ""ח (פירושונים)","פלמ""ח (אוניית מעפילים)",2,hebrew,True,False,wikipedia,,"פלמ""ח (אוניית מעפילים) – אוניית מעפילים"
פלס״ר,"פלס""ר",פלוגת סיור,98,hebrew,True,False,wiktionary,,#פלוגת סיור.
פל״א,"פל""א",פה לאוזן,2,hebrew,True,False,wiktionary,,#[[מפה לאוזן|פה לאוזן]]
פל״א,"פל""א",פקדונות לזמנים ארוכים,0,hebrew,True,False,wiktionary,,#פקדונות לזמנים ארוכים.
פל״ם,"פל""ם",פטרול לוחם,9,hebrew,True,False,wiktionary,,# פטרול לוחם.
פל״ם,"פל""ם",פלוגת ממתינים,1,hebrew,True,False,wiktionary,,# פלוגת ממתינים.
פמ״א,"פמ""א",פנים מאירות (ספר),0,hebrew,True,False,wiktionary,,#פנים מאירות (ספר).
פמ״א,"פמ""א",פרח מטה אהרן (ספר),0,hebrew,True,False,wiktionary,,#פרח מטה אהרן (ספר).
פס״ד,"פס""ד",פסידא דלקוחות,1,hebrew,True,False,wiktionary,,"#{{משלב/ר""ת|ארמית|ארון הספרים היהודי}} פסידא דלקוחות."
פס״ד,"פס""ד",פסק(י) דין,0,hebrew,True,False,wiktionary,,# פסק(י) דין.
פס״ר,"פס""ר",פסיק רישא,91,hebrew,True,False,wiktionary,,#פסיק רישא.
פס״ר,"פס""ר",פסיקתא רבתי,61,hebrew,True,False,wiktionary,,#פסיקתא רבתי.
פק״ש,"פק""ש",פקודת שחרור,2,hebrew,True,False,wiktionary,,# פקודת שחרור.
פק״ש,"פק""ש","פקדונות עו""ש",0,hebrew,True,False,wiktionary,,"# פקדונות [[עו""ש]]."
פק״ש,"פק""ש",פקודות שבועיות,0,hebrew,True,False,wiktionary,,# פקודות שבועיות.
פר״ח,"פר""ח",פרי חדש,130,hebrew,True,False,wiktionary,,# [[פרי]] [[חדש]].
פר״ח,"פר""ח",פרויקט חונכות,16,hebrew,True,False,wiktionary,,# [[פרויקט]] [[חונכות]].
פר״ח,"פר""ח",פירש רבנו חננאל,0,hebrew,True,False,wiktionary,,# פירש רבנו חננאל.
פ״א,"פ""א",פעם אחת,5477,hebrew,True,False,wiktionary,,# פעם אחת.
פ״א,"פ""א",פה אחד,2240,hebrew,True,False,wiktionary,,# [[פה אחד]].
פ״א,"פ""א",פרקי אבות,284,hebrew,True,False,wiktionary,ארון הספרים היהודי,"#{{משלב/ר""ת|ארון הספרים היהודי}} [[פרקי אבות]]."
פ״א,"פ""א",פרה אדומה,193,hebrew,True,False,wiktionary,,# [[פרה אדומה]].
פ״א,"פ""א",פירוש אחר,124,hebrew,True,False,wiktionary,,# פירוש אחר.
פ״א,"פ""א",פגישה אישית,57,hebrew,True,False,wiktionary,,# פגישה אישית.
פ״א,"פ""א",פרא אדם,45,hebrew,True,False,wiktionary,,# [[פרא אדם]].
פ״א,"פ""א",פלוני אלמוני,16,hebrew,True,False,wiktionary,,# [[פלוני אלמוני]].
פ״א,"פ""א",פולינום אופייני,13,hebrew,True,False,wiktionary,מתמטיקה,"#{{משלב/ר""ת|מתמטיקה}} [[פולינום]] אופייני."
פ״א,"פ""א",פרקי אליהו,6,hebrew,True,False,wiktionary,ארון הספרים היהודי,"#{{משלב/ר""ת|ארון הספרים היהודי}} פרקי אליהו."
פ״א,"פ""א","וכך פ""ב, פ""ג, פ""ד, וכן הלאה",0,hebrew,False,False,wiktionary,ביבליוגרפיה,"#{{משלב/ר""ת|ביבליוגרפיה}} [[פרק]] א'<br />וכך פ""ב, פ""ג, פ""ד, וכן הלאה."
פ״א,"פ""א",פרוטה אחרונה,0,hebrew,True,False,wiktionary,,# פרוטה אחרונה.
פ״ג,"פ""ג",פעילות גופנית,619,hebrew,True,False,wiktionary,"צה""ל","#{{משלב/ר""ת|צה""ל}} פעילות גופנית."
פ״ג,"פ""ג",פרויקט גמר,49,hebrew,True,False,wiktionary,אקדמיה,"#{{משלב/ר""ת|אקדמיה}} פרויקט גמר."
פ״ג,"פ""ג","פה""פ גרונית - גזרה",0,hebrew,True,False,wiktionary,דקדוק,"#{{משלב/ר""ת|דקדוק}} [[פה""פ]] גרונית - גזרה."
פ״ג,"פ""ג",פרק/פסוק/פרשה ג',0,hebrew,True,False,wiktionary,,"#{{משלב/ר""ת|ארון הספרים היהודי|ביבליוגרפיה}} פרק/פסוק/פרשה ג'."
פ״ד,"פ""ד",פרק רביעי,292,hebrew,False,False,wiktionary,,#פרק רביעי.
פ״ד,"פ""ד",פסק(י) דין,0,hebrew,True,False,wiktionary,,#פסק(י) דין.
פ״ח,"פ""ח",פיתוחי חותם,14,hebrew,True,False,wiktionary,,# פיתוחי חותם.
פ״ח,"פ""ח",פרטי חקירה,5,hebrew,True,False,wiktionary,,# פרטי חקירה.
פ״מ,"פ""מ","פקודת מטכ""ל",49,hebrew,True,False,wiktionary,"צה""ל","# {{משלב/ר""ת|צה""ל}} פקודת [[מטכ""ל]]."
פ״מ,"פ""מ",פקודת מבצע,47,hebrew,True,False,wiktionary,"צה""ל","# {{משלב/ר""ת|צה""ל}} פקודת מבצע."
פ״נ,"פ""נ",פה נטמן,37,hebrew,True,False,wiktionary,,#[[פה]] [[נטמן]]. (כיתוב נהוג על [[מצבה|מצבת]] [[קבר]])
פ״נ,"פ""נ",פדיון נפש,21,hebrew,True,False,wiktionary,,#[[פדיון]] [[נפש]].
פ״ע,"פ""ע",פגישת עבודה,28,hebrew,True,False,wiktionary,,# [[פגישה|פגישת]] [[עבודה]].
פ״ע,"פ""ע",פועל עומד,13,hebrew,True,False,wiktionary,דקדוק,"# {{משלב/ר""ת|דקדוק}} [[פעל עומד|פועל עומד]]."
פ״ע,"פ""ע",פונקציה עצמית,10,hebrew,True,False,wiktionary,מתמטיקה,"# {{משלב/ר""ת|מתמטיקה}} [[פונקציה]] [[עצמי]]ת."
פ״ע,"פ""ע",פה עירנו,3,hebrew,True,False,wiktionary,ארון הספרים היהודי,"# {{משלב/ר""ת|ארון הספרים היהודי}} [[פה]] [[עיר#עִיר|עירנו]].  קידומת לציון מיקום (בדר""כ של הכותב) בספרות תורנית."
פ״ק,"פ""ק",פרק קמא,5,hebrew,True,False,wiktionary,,"#פרק קמא (=הפרק הראשון, בארמית)"
פ״ק,"פ""ק",פקודת קבע,4,hebrew,True,False,wiktionary,,# פקודת קבע.
פ״ק,"פ""ק",פרופיל קרבי,4,hebrew,True,False,wiktionary,,# פרופיל קרבי.
פ״ש,"פ""ש",פדיון שבויים,155,hebrew,True,False,wiktionary,,# פדיון שבויים.
פ״ש,"פ""ש",פרשת שבוע,85,hebrew,True,False,wiktionary,,# פרשת שבוע.
פ״ש,"פ""ש",פקיד שומה,53,hebrew,True,False,wiktionary,,# פקיד שומה.
פ״ש,"פ""ש",פת שחרית,10,hebrew,True,False,wiktionary,,# פת שחרית.
פ״ש,"פ""ש",פריסת שלום,4,hebrew,True,False,wiktionary,,# פריסת שלום.
פ״ש,"פ""ש","פה""פ שורקת - גזרה",0,hebrew,True,False,wiktionary,,"#[[פה""פ]] שורקת - גזרה."
צב״י,"צב""י",צדיק באמונתו יחיה,9,hebrew,True,False,wiktionary,,#צדיק באמונתו יחיה.
צב״י,"צב""י",צרכני בריאות ישראל,1,hebrew,True,False,wiktionary,,#צרכני בריאות ישראל.
צב״י,"צב""י",צעיר באלפי ישראל,0,hebrew,True,False,wiktionary,,# צעיר באלפי ישראל.
צח״מ,"צח""מ",צוות חקירה מיוחד,108,hebrew,True,False,wiktionary,,#צוות חקירה מיוחד
צח״מ,"צח""מ",צריכת חמצן מרבית,6,hebrew,True,False,wiktionary,רפואה,"#{{משלב/ר""ת|רפואה}} [[צריכה|'''צ'''ריכת]] [[חמצן|'''ח'''מצן]] '''מ'''רבית"
צח״מ,"צח""מ",צוות חטיבתי משוריין,1,hebrew,True,False,wiktionary,,#צוות חטיבתי משוריין
צל״ח,"צל""ח",צלום חזה,0,hebrew,True,False,wiktionary,רפואה,"#{{משלב/ר""ת|רפואה}} [[צלום רנטגן|'''צ'''לום]] [[חזה#חָזֶה|'''ח'''זה]]"
צל״ח,"צל""ח",רבי' יחזקאל לנדא - על שם ספרו - ציון לנפש חיה,0,hebrew,False,False,wiktionary,יהדות,"#{{משלב/ר""ת|יהדות}} [[רבי]]' [[:w:יחזקאל לנדא|יחזקאל לנדא]] - על שם ספרו - [[:w:ציון לנפש חיה|'''צ'''יון '''ל'''נפש '''ח'''יה]]"
צנ״ף,"צנ""ף",צינור פליטה,17,hebrew,True,False,wiktionary,,#צינור פליטה.
צנ״ף,"צנ""ף",צנחן נֶפֶל,0,hebrew,True,False,wiktionary,"צה""ל","#{{משלב/ר""ת|צה""ל}} צנחן נֶפֶל."
צנ״ף,"צנ""ף",צנחן פעור,0,hebrew,True,False,wiktionary,"צה""ל","#{{משלב/ר""ת|צה""ל}} צנחן פעור."
צק״ר,"צק""ר",צחק בקול רם,3,hebrew,True,False,wiktionary,,# צחק בקול רם
צק״ר,"צק""ר",ציוד קשר רדיו,1,hebrew,True,False,wiktionary,,# ציוד קשר רדיו
צק״ר,"צק""ר",ציון קצונה ראשוני,0,hebrew,True,False,wiktionary,,# ציון קצונה ראשוני
צ״ל,"צ""ל",צריך להיות,2888,hebrew,True,False,wiktionary,,# צריך להיות.
צ״ל,"צ""ל",צריך לומר,131,hebrew,True,False,wiktionary,,# צריך לומר.
צ״ל,"צ""ל",צריך להוכיח,61,hebrew,True,False,wiktionary,,"# {{הקשר/ר""ת|מתמטיקה}} צריך להוכיח."
צ״ל,"צ""ל",צריך להראות,50,hebrew,True,False,wiktionary,,"# {{הקשר/ר""ת|מתמטיקה}} צריך להראות."
צ״ס,"צ""ס",ציונים סוציאליסטים,115,hebrew,True,False,wiktionary,,# {{הקשר|פוליטיקה}} [[ציונות|ציונים]] [[סוציאליזם|סוציאליסטים]].
צ״ס,"צ""ס",צירוף סל,1,hebrew,True,False,wiktionary,,# {{הקשר|יהדות}} צירוף סל.
צ״ס,"צ""ס",צרת סוטה,0,hebrew,True,False,wiktionary,,# {{הקשר|יהדות}} צרת [[סוטה]].
צ״ק,"צ""ק",צוות קרקע,80,hebrew,True,False,wiktionary,,# צוות קרקע.
צ״ק,"צ""ק",ציוד קרקע,9,hebrew,True,False,wiktionary,,# ציוד קרקע.
קא״ם,"קא""ם",קורס אימון מבצעי,21,hebrew,True,False,wikipedia,,"קורס אימון מבצעי – שלב בהכשרתו של טייס, לאחר סיום קורס טיס"
קא״ם,"קא""ם",קורס אימון מתקדם,14,hebrew,True,False,wikipedia,,קורס אימון מתקדם
קא״ם,"קא""ם",קצין אקדמאי מיוחד,4,hebrew,True,False,wikipedia,,קצין אקדמאי מיוחד – דרגה הניתנת לקצין בעל תואר ראשון המשובץ במקצועו ואינו בוגר קורס קצינים
קב״מ,"קב""מ",קבלן משנה,45,hebrew,True,False,wiktionary,,# [[קבלן]] משנה.
קב״מ,"קב""מ",קרינה בלתי מייננת,22,hebrew,True,False,wiktionary,,# [[קרינה]] בלתי מייננת.
קב״ר,"קב""ר",קבלן ראשי,16,hebrew,True,False,wiktionary,,# קבלן ראשי.
קב״ר,"קב""ר",קצין בינה רשתית,10,hebrew,True,False,wiktionary,,# קצין בינה רשתית.
קב״ש,"קב""ש",קבלת שבת,225,hebrew,True,False,wiktionary,יהדות,"# {{משלב/ר""ת|יהדות}} קבלת שבת."
קב״ש,"קב""ש",קילובייט לשנייה,5,hebrew,True,False,wiktionary,אינטרנט,"# {{משלב/ר""ת|אינטרנט}} [[קילובייט]] לשנייה."
קב״ש,"קב""ש",קצין ביטחון שדה,1,hebrew,True,False,wiktionary,"צה""ל","# {{משלב/ר""ת|צה""ל}} קצין ביטחון שדה."
קג״מ,"קג""מ",קילוגרם מסה,3,hebrew,True,False,wiktionary,יחידות מידה,"# {{משלב/ר""ת|יחידות מידה}} קילוגרם מסה."
קג״מ,"קג""מ",קנין גמור,2,hebrew,True,False,wiktionary,ארון הספרים היהודי,"# {{משלב/ר""ת|ארון הספרים היהודי}} קנין גמור."
קה״ש,"קה""ש",קרן השתלמות,173,hebrew,True,False,wiktionary,כלכלה,"# {{משלב/ר""ת|כלכלה}} קרן השתלמות."
קה״ש,"קה""ש",קושי הסתגלות,0,hebrew,False,False,wiktionary,"צה""ל","# {{משלב/ר""ת|צה""ל}} קושי הסתגלות."
קו״ח,"קו""ח",אנגלית,60992,hebrew,False,False,wiktionary,,# אנגלית: {{ת|אנגלית|CV}}
קו״ח,"קו""ח",קורות חיים,10290,hebrew,True,False,wiktionary,,#[[קורות חיים]].
קו״ח,"קו""ח",קל וחומר,224,hebrew,True,False,wiktionary,,#[[קל וחומר]].
קו״ח,"קו""ח",קול חתן,19,hebrew,True,False,wiktionary,,#קול חתן.
קו״ח,"קו""ח",קודם חורבן,6,hebrew,True,False,wiktionary,,#קודם חורבן.
קו״נ,"קו""נ",קולנוע,41634,hebrew,True,False,wiktionary,ארכאי,#{{משלב|ארכאי}} קולנוע.
קו״נ,"קו""נ",קב ונקי,48,hebrew,True,False,wiktionary,,# [[קב ונקי]].
קו״נ,"קו""נ",קורבן נתנאל,2,hebrew,True,True,wiktionary,יהדות,"# {{משלב/ר""ת|יהדות}} קורבן נתנאל (פירוש על הלכות ה[[רא""ש]] לרבי [[w:נתנאל וייל|נתנאל וייל]])"
קמ״א,"קמ""א",קורס מפקדי איסוף,1,hebrew,True,False,wiktionary,,#קורס מפקדי איסוף.
קמ״א,"קמ""א",קצין מקצועי אקדמי,1,hebrew,True,False,wiktionary,,#קצין מקצועי אקדמי.
קמ״ט,"קמ""ט",קצין מטה,157,hebrew,True,False,wikipedia+wiktionary,,# קצין מטה.
קמ״ט,"קמ""ט",קורס מפקדי טנקים,129,hebrew,True,False,wikipedia+wiktionary,,# קורס מפקדי טנקים.
קמ״ט,"קמ""ט","תהילים קמ""ט",4,hebrew,False,False,wikipedia,,"תהילים קמ""ט – מזמור קמ""ט בספר תהילים"
קמ״ט,"קמ""ט","שנת ה'קמ""ט",1,hebrew,False,False,wikipedia,,"שנת ה'קמ""ט"
קמ״ט,"קמ""ט",קצין מיון טרומי,0,hebrew,True,False,wiktionary,,# קצין מיון טרומי.
קמ״ש,"קמ""ש",קילומטרים לשעה,164,hebrew,True,False,wiktionary,,# קילומטרים לשעה.
קמ״ש,"קמ""ש",קצין משמרת,41,hebrew,True,False,wiktionary,,# קצין משמרת.
קמ״ש,"קמ""ש",קצין משפטים,7,hebrew,True,False,wiktionary,,# קצין משפטים.
קנ״מ,"קנ""מ",קנה-מידה,443,hebrew,True,False,wiktionary,,# קנה-מידה.
קנ״מ,"קנ""מ",קבוצת ניצול משאבים,0,hebrew,True,False,wiktionary,,# קבוצת ניצול משאבים.
קסל״ר,"קסל""ר",קצין סלט ראשי,1,hebrew,True,False,wiktionary,,#קצין סלט ראשי.
קסל״ר,"קסל""ר","ראשי-תיבות סאטיריים מתוך הסרט ""גבעת חלפון אינה עונה""",0,hebrew,False,False,wiktionary,,"# ראשי-תיבות סאטיריים מתוך הסרט ""[[w:גבעת חלפון אינה עונה|גבעת חלפון אינה עונה]]""."
קס״ד,"קס""ד",קא סלקא דעתיה,0,hebrew,True,False,wiktionary,,#קא סלקא דעתיה.
קע״ם,"קע""ם","איחוד זה נתקרא לעתים קרובות גם רע""ם",0,hebrew,False,False,wiktionary,,"#איחוד זה נתקרא לעתים קרובות גם [[רע""ם]]."
קע״ם,"קע""ם",שמו של האיחוד בין סוריה למצרים בין השנים 1958 לבין 1961,0,hebrew,False,False,wiktionary,,#הקהיליה הערבית המאוחדת.<br>שמו של האיחוד בין סוריה למצרים בין השנים 1958 לבין 1961.
קפ״ל,"קפ""ל",קפיצה לגובה,647,hebrew,True,False,wiktionary,ספורט,"# {{משלב/ר""ת|ספורט}} [[קפיצה לגובה]]."
קפ״ל,"קפ""ל",קפיצה לרוחק,533,hebrew,True,False,wiktionary,ספורט,"# {{משלב/ר""ת|ספורט}} [[קפיצה לרוחק]]."
קצא״א,"קצא""א",קו צינור אילת-אשקלון,82,hebrew,True,False,wikipedia,,קו צינור אילת-אשקלון – צינור נפט מאילת לאשקלון
קצא״א,"קצא""א",דליפת הנפט בשמורת עברונה,14,hebrew,False,False,wikipedia,,דליפת הנפט בשמורת עברונה – תאונה בקו צינור אילת-אשקלון
קצא״א,"קצא""א",חברת קו צינור אירופה אסיה,7,hebrew,False,False,wikipedia,,חברת קו צינור אירופה אסיה – החברה המפעילה את צינור הנפט ומיזמים נוספים בתחום האנרגיה
קצא״א,"קצא""א","נמל אשקלון - קצא""א",6,hebrew,False,False,wikipedia,,"נמל אשקלון - קצא""א – נמל המשמש את קו צינור אילת-אשקלון"
קצא״א,"קצא""א","חברת קו צינור אילת (קצ""א)",3,hebrew,False,False,wikipedia,,"חברת קו צינור אילת (קצ""א) - הוקמה ב-1959 כדי להפעיל צינור מאילת ועד חיפה"
קצ״א,"קצ""א","קו צינור אילת-אשקלון (קצא""א)",21,hebrew,True,False,wikipedia,,"קו צינור אילת-אשקלון (קצא""א) - צינור להעברת נפט גולמי מנמל אילת שבים סוף לאשקלון שבים התיכון"
קצ״א,"קצ""א","ה'קצ""א",15,hebrew,False,True,wikipedia,,"ה'קצ""א – השנה העברית ה'קצ""א (1430–1431)"
קצ״א,"קצ""א","קצין איסוף (קצ""א)",6,hebrew,True,False,wikipedia,,"קצין איסוף (קצ""א) – הגורם האחראי לאיתור גיוס והפעלה של סוכנים בארגון ביון"
קצ״א,"קצ""א","חברת קו צינור אילת (קצ""א)",3,hebrew,False,False,wikipedia,,"חברת קו צינור אילת (קצ""א) - הוקמה ב-1959 כדי להפעיל צינור מאילת ועד חיפה"
קק״ל,"קק""ל (פירושונים)",קרן קיימת לישראל,743,hebrew,True,False,wikipedia,,קרן קיימת לישראל – ארגון ציוני שנוסד ב-1901
קק״ל,"קק""ל (פירושונים)","שדרות קק""ל",36,hebrew,False,False,wikipedia,,"שדרות קק""ל – שדרה בצפון תל אביב"
קק״ל,"קק""ל (פירושונים)","מחלף קק""ל",13,hebrew,False,False,wikipedia,,"מחלף קק""ל – מחלף במפגש בין נתיבי איילון ושדרות קק""ל"
קק״ל,"קק""ל (פירושונים)",קילו קלוריה,3,hebrew,True,False,wikipedia,,קילו קלוריה - יחידת מידה לאנרגיה המשמשת בעיקר לסימון ערך תזונתי
קק״ל,"קק""ל","הקרן הציונית לשם גאולת האדמות לנטיעה והכשרת הישוב בא""י 1902",0,hebrew,False,True,wiktionary,,"#[[קרן קימת לישראל|קרן קיימת לישראל]] ([[קרן#קֶרֶן ב|קֶרֶן]] [[קים#קַיָּם|קַיֶּמֶת]] ל[[ישראל]]). <BR> הקרן הציונית לשם גאולת האדמות לנטיעה והכשרת הישוב בא""י 1902."
קק״צ,"קק""צ",קורס קצינים,819,hebrew,True,False,wiktionary,,# קורס קצינים.
קק״צ,"קק""צ",קורס קדם צבאי,9,hebrew,True,False,wiktionary,,# קורס קדם צבאי.
קרוב״ץ,"קרוב""ץ",קרובות,21834,hebrew,False,False,wiktionary,,"#קרובות. שיבוש בהגיה של ה[[פיוט|פיוטים]] הנקראים ""קרובות""."
קרוב״ץ,"קרוב""ץ",קול רִנה וישועה באהלי צדיקים,0,hebrew,True,False,wiktionary,,#קול רִנה וישועה באהלי צדיקים.
קרפ״ח,"קרפ""ח","מקרפ""ח",9,hebrew,False,False,wikipedia,,"מקרפ""ח – מפקדת קצין הרפואה החילי של חיל האוויר הישראלי"
קרפ״ח,"קרפ""ח",קצין רפואה חילי,7,hebrew,True,False,wiktionary,"צה""ל","# {{משלב/ר""ת|צה""ל}} [[קצין]] [[רפואה]] [[ חיל|חילי]]."
קרפ״ח,"קרפ""ח",קצין רפואה חטיבתי,4,hebrew,True,False,wiktionary,"צה""ל","# {{משלב/ר""ת|צה""ל}} [[קצין]] [[רפואה]] [[ חטיבה|חטיבתי]]."
קש״ב,"קש""ב",משפט קנטור-שרדר-ברנשטיין,16,hebrew,False,False,wiktionary,מתמטיקה,"#{{משלב/ר""ת|מתמטיקה}} משפט קנטור-שרדר-ברנשטיין."
קש״ב,"קש""ב",קצין שיפוט בכיר,8,hebrew,True,False,wiktionary,,"# {{משלב/ר""ת|צה""ל|משפט צבאי}} קצין שיפוט בכיר."
קש״ב,"קש""ב","קש""ז",1,hebrew,False,False,wiktionary,,"#[[קש""ז]]"
קש״ת,"קש""ת","קש""ת (ארגון)",5,hebrew,True,False,wikipedia,,"קש""ת (ארגון) – ארגון חרדי מחתרתי קיצוני"
קש״ת,"קש""ת","פרויקט קש""ת",3,hebrew,False,False,wikipedia,,"פרויקט קש""ת – פרויקט קיץ של תורה של אגף לתרבות יהודית במשרד החינוך"
ק״א,"ק""א",קריית ארבע,454,hebrew,True,False,wiktionary,,# קריית ארבע.
ק״א,"ק""א",קרב־אוויר,126,hebrew,True,True,wiktionary,תעופה,"# {{משלב/ר""ת|תעופה}} [[קרב אויר|קרב־אוויר]]."
ק״ו,"ק""ו",קל וחומר,224,hebrew,True,False,wiktionary,,#[[קל וחמר|קל וחומר]].
ק״ו,"ק""ו",קצר וקולע,14,hebrew,True,False,wiktionary,,# [[קצר וקולע]].
ק״ל,"ק""ל",קשה לי,143,hebrew,True,False,wiktionary,,#[[קשה]] [[ל]]י.
ק״ל,"ק""ל",קל להבין,50,hebrew,True,False,wiktionary,,#[[קל]] [[הבין|להבין]].
ק״ל,"ק""ל",קיימא לן (מוחזק לנו),0,hebrew,True,False,wiktionary,,#קיימא לן ([[מחזק|מוחזק]] [[ל]]נו).
ק״נ,"ק""נ","ה'ק""ן",17,hebrew,False,False,wikipedia,,"ה'ק""ן – שנה עברית"
ק״נ,"ק""נ",קרבן נתנאל,17,hebrew,True,True,wikipedia,,"קרבן נתנאל – פירושו של רבי נתנאל וייל על הלכות הרא""ש על התלמוד"
ק״נ,"ק""נ",150 (מספר),7,hebrew,False,False,wikipedia,,150 (מספר) – מספר טבעי
ק״פ,"ק""פ",קורבן פסח,78,hebrew,True,True,wikipedia,,"קורבן פסח – קורבן שהוקרב בי""ד בניסן"
ק״פ,"ק""פ","ה'ק""ף",21,hebrew,False,False,wikipedia,,"ה'ק""ף – שנה עברית"
ק״פ,"ק""פ",180 (מספר),3,hebrew,False,False,wikipedia,,180 (מספר) – מספר טבעי
ק״צ,"ק""צ",קופת צדקה,34,hebrew,True,False,wiktionary,יהדות,"# {{משלב/ר""ת|יהדות}} קופת [[צדקה]]."
ק״צ,"ק""צ",קרבן ציבור,7,hebrew,True,False,wiktionary,יהדות,"# {{משלב/ר""ת|יהדות}} [[קרבן]] [[ציבור]]."
ק״ק,"ק""ק",קרקע-קרקע,335,hebrew,True,False,wiktionary,,# [[קרקע]]-קרקע.
ק״ק,"ק""ק",קהילת קודש,29,hebrew,True,False,wiktionary,,# קהילת קודש.
ק״ק,"ק""ק",קודשי קדשים,4,hebrew,True,False,wiktionary,,# קודשי קדשים.
ק״ש,"ק""ש",קריית שמונה,7798,hebrew,True,False,wikipedia,,קריית שמונה
ק״ש,"ק""ש",קריאת שמע,593,hebrew,True,False,wikipedia+wiktionary,,#[[קריאת שמע|'''ק'''ריאת '''ש'''מע]].
ק״ש,"ק""ש",קדיש שלם,5,hebrew,True,False,wiktionary,,#[[קדיש שלם|'''ק'''דיש '''ש'''לם]].
ראב״ד,"ראב""ד","אחיה ראב""ד",417,hebrew,False,False,wikipedia,,"אחיה ראב""ד (יליד 1966) – עיתונאי ישראלי"
ראב״ד,"ראב""ד","יורם ראב""ד",49,hebrew,False,False,wikipedia,,"יורם ראב""ד (יליד 1956) – עורך דין ישראלי; נצר לראב""ד השלישי ואביהם של תומר ראב""ד ואיתי ראב""ד"
ראב״ד,"ראב""ד","איתי ראב""ד",6,hebrew,False,False,wikipedia,,"איתי ראב""ד (יליד 1989) – איש עסקים ישראלי; בנו של יורם ראב""ד"
ראב״ד,"ראב""ד","תומר ראב""ד",6,hebrew,False,False,wikipedia,,"תומר ראב""ד (יליד 1985) – איש עסקים, בנקאי ועורך דין ישראלי; בנו של יורם ראב""ד"
ראב״ד,"ראב""ד","גלית ראב""ד",5,hebrew,False,False,wikipedia,,"גלית ראב""ד – סופרת ומשוררת ישראלית"
ראב״ד,"ראב""ד","רבי אברהם אבן דאוד - ראב""ד הראשון",3,hebrew,True,True,wiktionary,,"#רבי [[w:אברהם אבן דאוד|אברהם אבן דאוד]] - ראב""ד הראשון."
ראב״ד,"ראב""ד","ראב""ד או ראבד",1,hebrew,True,False,wikipedia,,"ראב""ד או ראבד – שם משפחה יהודי הקרוי על שם התפקיד הדייני–הלכתי"
ראב״ד,"ראב""ד","ראב""ד הראשון (1110",1,hebrew,True,True,wikipedia,,"ראב""ד הראשון (1110–1180) – רבי אברהם אבן דאוד, בעל ""ספר הקבלה"""
ראב״ד,"ראב""ד","ראב""ד השלישי (1110",1,hebrew,True,True,wikipedia,,"ראב""ד השלישי (1110–1198) – רבי אברהם בן דוד מפושקירה, בעל ההשגות על משנה תורה לרמב""ם ועל הרי""ף"
ראב״ד,"ראב""ד","ראב""ד השני (1085",1,hebrew,True,True,wikipedia,,"ראב""ד השני (1085–1158) – רבי אברהם בן יצחק מנרבונה, חותנו של ראב""ד השלישי ומחבר ""ספר האשכול"""
ראב״ד,"ראב""ד",ראש בית דין או ראש אבות בתי דין,1,hebrew,True,False,wikipedia,,"ראב""ד – ראש בית דין או ראש אבות בתי דין, ראו אב בית דין#ראב""ד וגאב""ד"
ראב״ד,"ראב""ד","רבי אברהם (בן יצחק) אב בית דין - ראב""ד השני",0,hebrew,True,True,wiktionary,,"#רבי [[w:אברהם בן יצחק מנרבונה|אברהם (בן יצחק) אב בית דין]] - ראב""ד השני."
ראב״ד,"ראב""ד",שם משפחה נפוץ אצל יהדות יוצאי אירופה,0,hebrew,False,False,wiktionary,,"# {{בהשאלה}} שם משפחה נפוץ אצל יהדות יוצאי אירופה (אבי ה[[שושלת]] שימש בתפקיד הנ""ל)"
ראב״ן,"ראב""ן",אליעזר בן נתן,212,hebrew,False,True,wikipedia,,"אליעזר בן נתן – מראשוני בעלי התוספות בגרמניה (1090–1170 לספירה), המכונה ראב""ן"
ראב״ן,"ראב""ן",אברהם בן נתן הירחי,25,hebrew,False,True,wikipedia,,"אברהם בן נתן הירחי – מחכמי פרובנס הראשונים, מחבר ספר המנהיג (1155–1215 לספירה), המכונה ראב""ן הירחי"
ראב״ן,"ראב""ן",חיבורו של רבי אליעזר בן נתן,1,hebrew,False,True,wikipedia,,"חיבורו של רבי אליעזר בן נתן, ""אבן העזר"", המכונה על שמו ""ראב""ן"""
ראב״ע,"ראב""ע",רבי אלעזר בן עזריה,236,hebrew,True,True,wiktionary,,# [[W:רבי אלעזר בן עזריה|רבי אלעזר בן עזריה]]
ראב״ע,"ראב""ע",מגדולי המלומדים והמשוררים היהודיים,0,hebrew,False,True,wiktionary,,# [[W:רבי אברהם אבן עזרא|רבי אברהם אבן עזרא]]. <BR>מגדולי המלומדים והמשוררים היהודיים. ספרד 1164-1092.
רא״ם,"רא""ם",רבי אליעזר ממיץ,167,hebrew,True,True,wikipedia,,"רבי אליעזר ממיץ - מבעלי התוספות בן המאה ה-12, בעל ספר יראים"
רא״ם,"רא""ם",רבי אברהם מרדכי אלתר,84,hebrew,True,True,wikipedia,,"רבי אברהם מרדכי אלתר - האמרי אמת, האדמו""ר השלישי בחסידות גור"
רא״ם,"רא""ם",רבי אליהו מני,40,hebrew,True,True,wikipedia,,"רבי אליהו מני – בן המאה ה-19, רבה של חברון"
רא״ם,"רא""ם","הרב רא""ם הכהן",35,hebrew,False,True,wikipedia,,"הרב רא""ם הכהן, ראש ישיבת עתניאל"
רא״ם,"רא""ם",רבי אליהו מזרחי,34,hebrew,True,True,wikipedia,,"רבי אליהו מזרחי - בן המאה ה-15, מגדולי פרשני רש""י"
רא״ם,"רא""ם",רבי יוסף אבן מיגאש,16,hebrew,True,True,wikipedia,,"רבי יוסף אבן מיגאש – ראש ישיבה בספרד בראשית המאה ה-12, תלמיד הרי""ף"
רא״ם,"רא""ם",הרב אליעזר מאיר ליפשיץ,8,hebrew,False,True,wikipedia,,"הרב אליעזר מאיר ליפשיץ - רב, מחנך, חוקר יהדות, ומראשי תנועת המזרחי בארץ ישראל"
רא״ם,"רא""ם","הרשות הממלכתית לאבטחת מידע (רא""ם)",2,hebrew,False,False,wikipedia,,"הרשות הממלכתית לאבטחת מידע (רא""ם) – רשות מסונפת לשירות הביטחון הכללי"
רא״מ,"רא""מ",רבי אליעזר ממיץ,167,hebrew,True,True,wiktionary,,# רבי אליעזר ממיץ
רא״מ,"רא""מ","מפרשני רש""י הנודעים, רב ראשי בתורכיה",0,hebrew,False,True,wiktionary,,"# רבי אליהו מזרחי. <BR>מפרשני רש""י הנודעים, רב ראשי בתורכיה. 1526-1455."
רא״מ,"רא""מ",רבי אהרון משה טאובס מיאסי,0,hebrew,True,True,wiktionary,,# רבי אהרון משה טאובס מיאסי
רא״ת,"רא""ת",ראשי תיבות,3551,hebrew,True,False,wiktionary,,# ראשי תיבות.
רא״ת,"רא""ת",רכז אמצעי תקשוב,1,hebrew,True,False,wiktionary,"צה""ל","# {{משלב/ר""ת|צה""ל}} רכז אמצעי תקשוב."
רב״ץ,"רב""ץ",רב צבאי,77,hebrew,True,True,wiktionary,,# רב צבאי.
רב״ץ,"רב""ץ",הרבנות הצבאית הראשית,21,hebrew,False,False,wiktionary,,# הרבנות הצבאית הראשית.
רדב״ז,"רדב""ז",רבי דוד בן זכאי,2,hebrew,True,True,wiktionary,,# [[w:דוד בן זכאי|'''ר'''בי '''ד'''וד '''ב'''ן '''ז'''כאי]].
רדב״ז,"רדב""ז",רבי דוד בן זמרא (1479–1573),0,hebrew,True,True,wiktionary,,# [[w:רבי דוד בן זמרא|'''ר'''בי '''ד'''וד '''ב'''ן '''ז'''מרא]] (1479–1573).
רה״ג,"רה""ג",רב האי גאון,419,hebrew,True,True,wiktionary,,#רב האי גאון.
רה״ק,"רה""ק",רוח הקודש,852,hebrew,True,False,wiktionary,,#רוח הקודש.
רה״ק,"רה""ק",רבותינו הקדושים,12,hebrew,True,False,wiktionary,,#רבותינו הקדושים.
רו״מ,"רו""מ",רבי ומורי,9,hebrew,True,False,wiktionary,,# [[רב#רַב ה|רבי]] ו[[מורה#מוֹרֶה א|מורי]]
רו״מ,"רו""מ",רום מעלתו,3,hebrew,True,False,wiktionary,,# [[רום מעלה|רום מעלתו]].
רח״ל,"רח""ל",רחמנא ליצלן,30,hebrew,True,False,wiktionary,ארמית,"#{{משלב/ר""ת|ארמית}} [[רחמנא ליצלן]]."
רח״ל,"רח""ל",ראש חוליה,4,hebrew,True,False,wiktionary,,# [[ראש]] [[חליה#חֻלְיָה|חוליה]].
ריב״א,"ריב""א (פירושונים)",רבי יצחק בן אברהם מנרבונה,42,hebrew,True,True,wikipedia,,"רבי יצחק בן אברהם מנרבונה – מתלמידי הרמב""ן ומרבותיו של הרשב""א, מכונה ריב""א מנרבונה וגם רבי יצחק קרקושא"
ריב״א,"ריב""א (פירושונים)",רבי יצחק בן אברהם משאנץ,3,hebrew,True,True,wikipedia,,"רבי יצחק בן אברהם משאנץ – מחשובי תלמידיו של ר""י הזקן, אחיו של ר""ש משאנץ. כינויו הנפוץ הוא ריצב""א, אך לעיתים מכונה ריב""א הבחור"
ריב״א,"ריב""א (פירושונים)",רבי יצחק בן אשר הלוי השני,2,hebrew,True,True,wikipedia,,"רבי יצחק בן אשר הלוי השני – נכדו של הראשון הקרוי על שמו, אף הוא מחכמי שפיירא. מכונה בדרך כלל ריב""א הבחור, כדי להבדילו מסבו. מרבותיו של ראבי""ה. נהרג על קידוש השם בשנת ד'תתקנ""ו"
ריב״א,"ריב""א (פירושונים)",רבי יצחק בן אשר הלוי משפיירא,2,hebrew,True,True,wikipedia,,"רבי יצחק בן אשר הלוי משפיירא – מכונה בדרך כלל ריב""א סתם, מראשוני בעלי התוספות באשכנז ותלמידו של רש""י"
ריב״א,"ריב""א (פירושונים)",רבי יהודה בן אליעזר מטרואה,1,hebrew,True,True,wikipedia,,"רבי יהודה בן אליעזר מטרואה – מבעלי התוספות ומחבר פירוש מנחת יהודה על פירוש רש""י לתורה"
ריב״ל,"ריב""ל",רבי יהושע בן לוי,246,hebrew,True,True,wikipedia,,רבי יהושע בן לוי – אמורא
ריב״ל,"ריב""ל",יצחק בר לווינזון,30,hebrew,False,True,wikipedia,,יצחק בר לווינזון – מראשוני תנועת ההשכלה ברוסיה
ריב״ל,"ריב""ל","רבי יוסף בן לב (מהר""י בן לב)",1,hebrew,True,True,wikipedia,,"רבי יוסף בן לב (מהר""י בן לב) - מחכמי סלוניקי במאה ה-16"
ריב״ל,"ריב""ל",אבי תנועת ההשכלה ברוסיה,0,hebrew,False,True,wiktionary,,# רבי יצחק בר לווינזון. <BR>אבי תנועת ההשכלה ברוסיה. 1860-1788.
ריב״ל,"ריב""ל",אמורא ארץ ישראלי בן הדור הראשון לאמוראים,0,hebrew,False,True,wiktionary,,# רבי יהושע בן לוי. <BR>אמורא ארץ ישראלי בן הדור הראשון לאמוראים.
ריב״ש,"ריב""ש (פירושונים)","צוואת הריב""ש",18,hebrew,False,True,wikipedia,,"צוואת הריב""ש – ספר ליקוט מדברי הבעל שם טוב, שכתב תלמידו רבי ישעיה מיאנוב"
ריב״ש,"ריב""ש (פירושונים)",ר' ישראל בעל שם,17,hebrew,True,True,wikipedia,,"ר' ישראל בעל שם - הבעל שם טוב, מייסד תנועת החסידות"
ריב״ש,"ריב""ש (פירושונים)",ר' יוסף בכור שור,14,hebrew,True,True,wikipedia,,ר' יוסף בכור שור - פרשן מקרא בן המאה ה-12
ריב״ש,"ריב""ש",רבי יצחק בר ששת,11,hebrew,True,True,wiktionary,,# רבי יצחק בר ששת.
ריב״ש,"ריב""ש",מחכמי יהדות תימן,8,hebrew,False,True,wiktionary,,# רבי יחיא בן שלום חבשוש</br>מחכמי יהדות תימן.
ריב״ש,"ריב""ש","הבעל שם טוב, מייסד תנועת החסידות",6,hebrew,False,True,wiktionary,,"# רבי ישראל בעל שם</br>הבעל שם טוב, מייסד תנועת החסידות."
ריב״ש,"ריב""ש (פירושונים)",ר' יחיא בן שלום חבשוש,1,hebrew,True,True,wikipedia,,ר' יחיא בן שלום חבשוש - מחכמי יהדות תימן
ריב״ש,"ריב""ש (פירושונים)",ר' יצחק בן ר' שמואל,1,hebrew,True,True,wikipedia,,ר' יצחק בן ר' שמואל - מבעלי התוספות
ריב״ש,"ריב""ש (פירושונים)",ר' יצחק בן שלמה מטולידו,1,hebrew,True,True,wikipedia,,ר' יצחק בן שלמה מטולידו
ריב״ש,"ריב""ש",מבעלי התוספות שחי בצרפת במאה ה-12,0,hebrew,False,True,wiktionary,,# רבי יוסף בכור שור.</br>מבעלי התוספות שחי בצרפת במאה ה-12.
רי״א,"רי""א (פירושונים)",רבי יצחק אברבנאל,79,hebrew,True,True,wikipedia,,רבי יצחק אברבנאל
רי״א,"רי""א (פירושונים)",רבי יצחק אבוהב,53,hebrew,True,True,wikipedia,,רבי יצחק אבוהב
רי״א,"רי""א (פירושונים)",רבי יוסף אלבו,38,hebrew,True,True,wikipedia,,רבי יוסף אלבו – מחבר ספר העיקרים
רי״א,"רי""א (פירושונים)",רבי יצחק אבוהב (גאון קסטיליה),22,hebrew,True,True,wikipedia,,רבי יצחק אבוהב (גאון קסטיליה) – נזכר רבות בבית יוסף
רי״א,"רי""א (פירושונים)","ה'רי""א",18,hebrew,False,False,wikipedia,,"ה'רי""א – שנה עברית"
רי״א,"רי""א (פירושונים)",רבי יצחק אבוהב דה-פונסיקה,7,hebrew,True,True,wikipedia,,רבי יצחק אבוהב דה-פונסיקה
רי״א,"רי""א (פירושונים)",211 (מספר),5,hebrew,False,False,wikipedia,,211 (מספר) – מספר טבעי
רי״א,"רי""א (פירושונים)",רבי יהוסף אשכנזי,4,hebrew,True,True,wikipedia,,רבי יהוסף אשכנזי – נזכר רבות במלאכת שלמה
רי״א,"רי""א (פירושונים)",רבי יצחק אבוהב (מנורת המאור),2,hebrew,True,True,wikipedia,,רבי יצחק אבוהב (מנורת המאור) – מחבר מנורת המאור
רלב״ג,"רלב""ג","פרשן תנ""ך מקורי",0,hebrew,False,True,wiktionary,,"# רבי לוי בן גרשון. <BR>פרשן תנ""ך מקורי. צרפת 1344-1288."
רלב״ג,"רלב""ג",רבי לייב בן גבריאל,0,hebrew,True,True,wiktionary,,# רבי לייב בן גבריאל (שם משפחה)
רל״א,"רל""א (פירושונים)",רופאים לזכויות אדם,125,hebrew,True,False,wikipedia,,רופאים לזכויות אדם – ארגון ישראלי
רל״א,"רל""א (פירושונים)","ה'רל""א",16,hebrew,False,True,wikipedia,,"ה'רל""א – שנה עברית (1471-1470)"
רל״א,"רל""א (פירושונים)",ראש להק האוויר בחיל האוויר הישראלי,1,hebrew,True,False,wikipedia,,"רל""א – ראש להק האוויר בחיל האוויר הישראלי"
רמא״ג,"רמא""ג",רמת אביב ג',68,hebrew,True,False,wikipedia,,רמת אביב ג' – שכונה בצפון תל אביב
רמא״ג,"רמא""ג",מרדכי אהרן גינצבורג (1795,2,hebrew,False,True,wikipedia,,מרדכי אהרן גינצבורג (1795 - 1846) - מאנשי תנועת ההשכלה בווילנה ומחבר ספרי השכלה בעברית
רמב״ם,"רמב""ם (פירושונים)",משנה תורה,1942,hebrew,False,False,wikipedia,,"משנה תורה – חיבורו ההלכתי הגדול של הרמב""ם. מכונה לעיתים בפשטות 'רמב""ם'"
רמב״ם,"רמב""ם (פירושונים)","יד רמב""ם",50,hebrew,False,False,wikipedia,,"יד רמב""ם – מושב בתחומי מועצה אזורית גזר בסמוך לרמלה"
רמב״ם,"רמב""ם (פירושונים)","קבר הרמב""ם",37,hebrew,False,True,wikipedia,,"קבר הרמב""ם – בטבריה"
רמב״ם,"רמב""ם (פירושונים)","גבעת רמב""ם",17,hebrew,False,False,wikipedia,,"גבעת רמב""ם – אחת משלוש הגבעות שבנויה עליהן העיר גבעתיים"
רמב״ם,"רמב""ם (פירושונים)",ר' משה בן מימון,5,hebrew,True,True,wikipedia,,"רמב""ם – ר' משה בן מימון, פוסק, פילוסוף, רופא ומנהיג יהודי חשוב במאה ה-12"
רמב״ם,"רמב""ם (פירושונים)",המרכז הרפואי מיימונידיס,3,hebrew,False,False,wikipedia,,"המרכז הרפואי מיימונידיס – בית חולים בברוקלין, ניו יורק"
רמב״ם,"רמב""ם (פירושונים)",הקריה הרפואית לבריאות האדם – בית חולים בחיפה,1,hebrew,False,False,wikipedia,,"רמב""ם – הקריה הרפואית לבריאות האדם – בית חולים בחיפה"
רמ״א,"רמ""א (פירושונים)",שנה עברית,1809,hebrew,False,False,wikipedia,,"רמ""א – שנה עברית (3521–3520 לפנה""ס)"
רמ״א,"רמ""א (פירושונים)",ראש המנהל האזרחי,78,hebrew,True,False,wikipedia,,ראש המנהל האזרחי
רמ״א,"רמ""א (פירושונים)",ראש המפקדה הארצית,58,hebrew,True,False,wikipedia,,ראש המפקדה הארצית – ראש המפקדה הארצית של ההגנה
רמ״א,"רמ""א (פירושונים)",רבי משה איסרליש,49,hebrew,True,True,wikipedia,,"רבי משה איסרליש - מכונה 'הרמ""א'"
רמ״א,"רמ""א (פירושונים)","ה'רמ""א",21,hebrew,False,True,wikipedia,,"ה'רמ""א – שנה עברית (1480–1481)"
רמ״א,"רמ""א (פירושונים)",רפאל משה אלבז,19,hebrew,True,True,wikipedia,,רפאל משה אלבז – רב העיר צפרו במאה ה-19
רמ״א,"רמ""א (פירושונים)","מוסדות רמ""א",5,hebrew,False,True,wikipedia,,"מוסדות רמ""א – רשת מוסדות קנאית בירושלים ובבית שמש, שהוקמה על ידי הרב פריינד"
רמ״א,"רמ""א (פירושונים)","הרב משה אריה פריינד - גאב""ד העדה החרדית בין השנים 1989",1,hebrew,False,True,wikipedia,,"הרב משה אריה פריינד - גאב""ד העדה החרדית בין השנים 1989–1996"
רמ״א,"רמ""א (פירושונים)","ראש להק מבצעי אוויר (בראשי תיבות: רמ""א)",1,hebrew,True,False,wikipedia,,"ראש להק מבצעי אוויר (בראשי תיבות: רמ""א) – ראש להק במטה חיל האוויר הישראלי"
רמ״א,"רמ""א (פירושונים)","ראש מחלקת אוויר (בראשי תיבות: רמ""א)",1,hebrew,True,False,wikipedia,,"ראש מחלקת אוויר (בראשי תיבות: רמ""א) – ראש מחלקה במטה חיל האוויר הישראלי, מאז 1974 קרוי ראש להק האוויר (רל""א)"
רמ״ד,"רמ""ד",ראש מדור,224,hebrew,True,False,wikipedia,,"ראש מדור – ראש יחידה מנהלית בצה""ל, לרוב קצין בכיר בדרגת רב-סרן"
רמ״ד,"רמ""ד","ה'רמ""ד",22,hebrew,False,True,wikipedia,,"ה'רמ""ד – שנה עברית (1483–1484)"
רמ״ד,"רמ""ד",רבי משה די ליאון,10,hebrew,True,True,wikipedia,,רבי משה די ליאון - מגלה / מחבר ספר הזוהר
רמ״ד,"רמ""ד",רבי משה דוד ואלי,4,hebrew,True,True,wikipedia,,"רבי משה דוד ואלי - תלמיד חבר של רמח""ל"
רמ״ד,"רמ""ד",רבי משה מדסאו,1,hebrew,True,True,wikipedia,,"רבי משה מדסאו – כינויו של משה מנדלסון, אבי תנועת ההשכלה היהודית"
רמ״ז,"רמ""ז",רבי משה זכות,33,hebrew,True,True,wiktionary,,# רבי משה זכות.
רמ״ז,"רמ""ז",ר' משה זיידל,0,hebrew,True,True,wiktionary,,# ר' משה זיידל.
רמ״ח,"רמ""ח",ראש מחלקה,116,hebrew,True,False,wiktionary,"צה""ל","#{{משלב/ר""ת|צה""ל}} ראש מחלקה."
רמ״ח,"רמ""ח",מספר האיברים בגוף האדם,0,hebrew,False,False,wiktionary,גימטריה,#{{משלב|גימטריה}} 248<br />מספר האיברים בגוף האדם.
רמ״ך,"רמ""ך",משה הכהן אבן ג'יקטילה,52,hebrew,False,True,wikipedia,,משה הכהן אבן ג'יקטילה – פרשן המקרא ומדקדק מספרד המוסלמית
רמ״ך,"רמ""ך",כלפון משה הכהן,46,hebrew,False,False,wikipedia,,כלפון משה הכהן – רבה של יהדות ג'רבה במחצית הראשונה של המאה ה-20
רמ״ך,"רמ""ך",רבי מלאכי הכהן,16,hebrew,True,True,wikipedia,,"רבי מלאכי הכהן – מחכמי ליוורנו במאה ה-18, מחבר ספר כללי התלמוד ""יד מלאכי"""
רמ״ך,"רמ""ך",רבי משה הכהן מלוניל,4,hebrew,True,True,wikipedia,,"רבי משה הכהן מלוניל – מחכמי לוניל שבפרובנס בדורו של הרמב""ם ומחבר ""השגות הרמ""ך"" על משנה תורה לרמב""ם"
רמ״ק,"רמ""ק",רמקול קטן,7,hebrew,True,False,wiktionary,,#רמקול קטן.
רמ״ק,"רמ""ק",רבי משה קורדברו,0,hebrew,True,True,wiktionary,,#רבי משה קורדברו.
רנ״ז,"רנ""ז",נח זבולוני,142,hebrew,False,True,wikipedia,,"נח זבולוני – ר' נח זבולוני - מחלוצי העיתונות בירושלים. נודע בשם העט רנ""ז"
רנ״ז,"רנ""ז","ה'רנ""ז",21,hebrew,False,False,wikipedia,,"ה'רנ""ז – שנה עברית"
רס״ג,"רס""ג",רבי סעדיה גאון,81,hebrew,True,True,wiktionary,,#רבי סעדיה גאון.
רס״ג,"רס""ג",רב סמל גדודי,2,hebrew,True,True,wiktionary,,#רב סמל גדודי.
רס״ל,"רס""ל","דרגת נגד בצה""ל",1,hebrew,False,True,wiktionary,,"#רב [[סמ""ל]].<br>דרגת [[נגד]] בצה""ל."
רס״ל,"רס""ל","רב סמ""ל סוללתי",0,hebrew,True,True,wiktionary,,"#רב סמ""ל סוללתי."
רע״א,"רע""א",רבי עקיבא אייגר,13,hebrew,True,True,wiktionary,,# רבי עקיבא אייגר.
רע״א,"רע""א",רשות ערעור אזרחי,3,hebrew,True,False,wiktionary,,# רשות ערעור אזרחי.
רע״ם,"רע""ם","רימון רסס, עשן, מטען",0,hebrew,True,False,wiktionary,"צה""ל","#{{משלב|צה""ל}} רימון רסס, עשן, מטען."
רע״ם,"רע""ם",ריענון ערכות מגן,0,hebrew,True,False,wiktionary,"צה""ל","#{{משלב|צה""ל}} ריענון ערכות מגן;"
רע״ם,"רע""ם",רפואה עורפית מתקדמת,0,hebrew,True,False,wiktionary,"צה""ל","#{{משלב|צה""ל}} רפואה עורפית מתקדמת;"
רע״ם,"רע""ם",שמו של האיחוד* בין סוריה למצרים בין השנים 1958 לבין 1961,0,hebrew,False,False,wiktionary,,#הרפובליקה הערבית המאוחדת.<br>שמו של האיחוד* בין סוריה למצרים בין השנים 1958 לבין 1961;
רע״מ,"רע""מ",הרשימה הערבית המאוחדת,73,hebrew,False,False,wikipedia,,הרשימה הערבית המאוחדת – מפלגה ערבית ישראלית הפועלת משנת 1996 (הוקמה לקראת הבחירות לכנסת ה-14)
רע״מ,"רע""מ","שנת רע""מ",16,hebrew,False,False,wikipedia,,"שנת רע""מ (REM, ""שנת חלום"") - שלב בשינה בו יש ריצודי עיניים מהירים, ראו שינה#שנת REM"
רע״מ,"רע""מ",ריצודי עיניים מהירים,8,hebrew,True,False,wiktionary,רפואה,"#{{משלב/ר""ת|רפואה}} [[רצוד|'''ר'''יצודי]] [[עין#עַיִן|'''ע'''יניים]] [[מהיר|'''מ'''הירים]]"
רע״מ,"רע""מ",רקטה עתירת משקל,8,hebrew,True,True,wikipedia,,רקטה עתירת משקל – קטגוריית רקטות בעלות ראש קרב כבד המשוגרות לטווחים קצרים כדי לגרום נזק רב
רע״מ,"רע""מ",הרשימה הערבית המאוחדת (הכנסת השמינית),4,hebrew,False,False,wikipedia,,הרשימה הערבית המאוחדת (הכנסת השמינית) – מפלגה ערבית ישראלית שהוקמה במהלך הכנסת השמינית ופעלה בשנים 1977–1981
רע״מ,"רע""מ",רענון ערכות מגן,2,hebrew,True,False,wikipedia,,"רענון ערכות מגן – פרויקט של פיקוד העורף להחלפת ציוד מיגון שבידי אזרחי ישראל, ראו ערכת מגן"
רפו״ש,"רפו""ש",רפואת שיניים,321,hebrew,True,False,wiktionary,,#[[רפואת שיניים]].
רפו״ש,"רפו""ש",רפואה שלמה,72,hebrew,True,False,wiktionary,,#רפואה שלמה.
רשב״א,"רשב""א",רבי שמעון בן אלעזר,202,hebrew,True,True,wiktionary,,#רבי [[w:רבי שמעון בן אלעזר|שמעון בן אלעזר]].
רשב״א,"רשב""א",רב שימי בר אשי,195,hebrew,True,True,wiktionary,,#[[w:רב שימי בר אשי|רב שימי בר אשי]].
רשב״א,"רשב""א",רבי שלמה בן אדרת,14,hebrew,True,True,wiktionary,,"#רבי [[w:רשב""א|שלמה בן אדרת]]."
רשב״א,"רשב""א",רבי שלמה בן אברהם (רבי שלמה מן ההר),0,hebrew,True,True,wiktionary,,#רבי שלמה בן אברהם (רבי [[w:שלמה מן ההר|שלמה מן ההר]]).
רשב״א,"רשב""א","רבי שמשון בן אברהם (ר""ש משאנץ)",0,hebrew,True,True,wiktionary,,"#רבי שמשון בן אברהם ([[w:שמשון משאנץ|ר""ש משאנץ]])."
רשב״ג,"רשב""ג",רבן שמעון בן גמליאל,297,hebrew,True,True,wiktionary,,#רבן שמעון בן גמליאל.
רשב״ג,"רשב""ג",רבי שלמה אבן גבירול,101,hebrew,True,True,wiktionary,,#רבי שלמה אבן גבירול.
רש״י,"רש""י",ר' שלמה יצחקי,6,hebrew,True,False,wiktionary,,#[[ר']] [[שלמה]] [[יצחק]]י.
רש״י,"רש""י",רחיים של יד,2,hebrew,True,False,wiktionary,,# [[רחים|רחיים]] [[של]] [[יד]]
רש״מ,"רש""מ","רש""י",3291,hebrew,False,False,wiktionary,,"#[[רש""י]]"
רש״מ,"רש""מ",רחיים של מכונה,0,hebrew,True,False,wiktionary,ארון הספרים היהודי,"# {{משלב/ר""ת|ארון הספרים היהודי}} [[רחים|רחיים]] [[של]] [[מכונה]]"
רש״ש,"רש""ש",רבי שלום שבזי (1619,1,hebrew,True,True,wikipedia,,"רבי שלום שבזי (1619–1719) – רב, מקובל ופייטן מתימן"
רש״ש,"רש""ש",רבי שלום שרעבי (1720/1703,1,hebrew,True,True,wikipedia,,"רבי שלום שרעבי (1720/1703–1782/1777) – רב ומקובל תימני נודע, ראש ישיבת המקובלים בית אל"
רש״ש,"רש""ש",רבי שמואל שְׂטְרָאשׁוּן (1793,1,hebrew,True,True,wikipedia,,"רבי שמואל שְׂטְרָאשׁוּן (1793–1872) – רב ליטאי, מהבולטים ביהודי וילנה בדורו, מגיה התלמוד הבבלי והמדרש"
רש״ש,"רש""ש",רבי שמעון שְׁקוֹפּ (1860,1,hebrew,True,True,wikipedia,,"רבי שמעון שְׁקוֹפּ (1860–1939) – ראש ישיבת שער התורה בגרודנה (מכונה ""הגרש""ש"")"
רש״ת,"רש""ת",ראשי תיבות,3551,hebrew,True,False,wiktionary,,#[[ראשי תיבות]].
רש״ת,"רש""ת",רשות שדות התעופה,302,hebrew,True,False,wiktionary,,#[[רשות]] שדות ה[[תעופה]].
ר״א,"ר""א",רבי אלעזר,1466,hebrew,True,True,wiktionary,,# רבי אלעזר.
ר״א,"ר""א",רבי אליעזר,1345,hebrew,True,True,wiktionary,,# רבי אליעזר.
ר״א,"ר""א",אלגברה ריבוי אלגברי,0,hebrew,False,False,wiktionary,,# <small>אלגברה</small> ריבוי אלגברי.
ר״ב,"ר""ב",ראה בזאת,10,hebrew,True,False,wiktionary,,# ראה בזאת.
ר״ב,"ר""ב",רצוף בזאת,0,hebrew,True,False,wiktionary,,# רצוף בזאת.
ר״ג,"ר""ג",רמת גן,6895,hebrew,True,False,wiktionary,ערים בישראל,"# {{משלב/ר""ת|ערים בישראל}} רמת גן."
ר״ג,"ר""ג",רבן גמליאל,555,hebrew,True,True,wiktionary,ארון הספרים היהודי,"# {{משלב/ר""ת|ארון הספרים היהודי}} רבן גמליאל."
ר״ג,"ר""ג",מספר הוקטורים הבלתי-תלויים המתאימים לערך עצמי כלשהו,0,hebrew,False,False,wiktionary,מתמטיקה,"# {{משלב/ר""ת|מתמטיקה}} ריבוי גאומטרי.</br>מספר ה[[וקטור|וקטורים]] הבלתי-תלויים המתאימים ל[[ערך עצמי]] כלשהו."
ר״ה,"ר""ה",ראש השנה,2476,hebrew,True,False,wiktionary,יהדות,"#{{משלב/ר""ת|יהדות}} [[ראש השנה]]."
ר״ה,"ר""ה",רב הונא,626,hebrew,True,True,wiktionary,,# רב הונא.
ר״ה,"ר""ה",רשות הרבים,217,hebrew,True,False,wiktionary,יהדות,"#{{משלב/ר""ת|יהדות}} רשות הרבים."
ר״ח,"ר""ח",ראש חודש,598,hebrew,True,False,wikipedia,,ראש חודש
ר״ח,"ר""ח",רבנו חננאל,290,hebrew,True,False,wikipedia,,רבנו חננאל
ר״ח,"ר""ח","ה'ר""ח",16,hebrew,False,True,wikipedia,,"ה'ר""ח – שנה עברית (1447–1448)"
ר״י,"ר""י",רבי יצחק,3169,hebrew,True,True,wiktionary,,# רבי יצחק.
ר״י,"ר""י",רבי יהודה,3027,hebrew,True,True,wiktionary,,# רבי יהודה.
ר״י,"ר""י",רבי יהושע,1240,hebrew,True,True,wiktionary,,# רבי יהושע.
ר״י,"ר""י",רבי יוחנן,1021,hebrew,True,True,wiktionary,,# רבי יוחנן.
ר״י,"ר""י",רבי יוסי,730,hebrew,True,True,wiktionary,,# רבי יוסי.
ר״י,"ר""י",רבי יודן,177,hebrew,True,True,wiktionary,,# רבי יודן.
ר״ל,"ר""ל",רבי שמעון בן לקיש,36,hebrew,True,True,wiktionary,,#ריש לקיש</br>רבי שמעון בן לקיש.
ר״ל,"ר""ל",רחמנא ליצלן,30,hebrew,True,False,wiktionary,,#[[רחמנא ליצלן]].
ר״ל,"ר""ל",ר(ו)צה לומר,0,hebrew,True,False,wiktionary,,#[[רוצה לומר|ר(ו)צה לומר]].
ר״מ,"ר""מ (פירושונים)",רבי מאיר,1648,hebrew,True,True,wikipedia+wiktionary,,# רבי מאיר.
ר״מ,"ר""מ (פירושונים)",ראש ממשלה,1558,hebrew,True,False,wikipedia+wiktionary,,# [[ראש ממשלה]].
ר״מ,"ר""מ (פירושונים)",ריש מתיבתא,29,hebrew,True,False,wikipedia,,ריש מתיבתא - ראש ישיבה
ר״מ,"ר""מ (פירושונים)","ר""ם",23,hebrew,True,False,wikipedia,,"ר""ם - רשימה מקובצת - יחידה רישומית של צה""ל"
ר״מ,"ר""מ (פירושונים)","ר""מ 2",11,hebrew,True,True,wikipedia,,"ר""מ 2 – יחידה רישומית בצה""ל אליה מסופחים חיילים שלא כשירים רפואית להמשיך את השירות בצורה סדירה, בדרך כלל בעקבות מחלה, שבר או פציעה"
ר״מ,"ר""מ (פירושונים)",רב המלמד בישיבה,2,hebrew,True,True,wikipedia,,"רב המלמד בישיבה - ר""מ"
ר״מ,"ר""מ","(מילולית ארמית-ראש ישיבה בפועל מג""ש בישיבה)",0,hebrew,False,False,wiktionary,ארמית,"#{{משלב/ר""ת|ארמית}} ריש [[מתיבתא]].</br> (מילולית ארמית-[[ראש ישיבה]] בפועל [[מג""ש]] ב[[ישיבה]])."
ר״מ,"ר""מ",רַב מורה,0,hebrew,True,False,wiktionary,,# [[רב#רַב ה|רַב]] [[מורה]].
ר״נ,"ר""נ",רב נחמן,344,hebrew,True,True,wikipedia+wiktionary,יהדות,"# {{משלב/ר""ת|יהדות}} [[:w:רב נחמן|'''ר'''ב '''נ'''חמן]]"
ר״נ,"ר""נ",רישיון נהיגה,300,hebrew,True,False,wiktionary,,# [[רישיון נהיגה|'''ר'''ישיון '''נ'''היגה]]
ר״נ,"ר""נ","ר""ן",238,hebrew,True,True,wikipedia,,"ר""ן – רבי ניסים בן ראובן"
ר״נ,"ר""נ",250 (מספר),8,hebrew,False,False,wikipedia,,250 (מספר) – מספר טבעי
ר״ע,"ר""ע (פירושונים)",רבי עקיבא,1118,hebrew,True,True,wikipedia+wiktionary,,# [[w:רבי עקיבא|'''ר'''בי '''ע'''קיבא]].
ר״ע,"ר""ע",ראש עיר,429,hebrew,True,False,wiktionary,,# [[ראש עיר|'''ר'''אש '''ע'''יר]]
ר״ע,"ר""ע (פירושונים)","ה'ר""ע",24,hebrew,False,False,wikipedia,,"ה'ר""ע – שנה עברית"
ר״ע,"ר""ע (פירושונים)",רבי עובדיה מברטנורה,17,hebrew,True,True,wikipedia,,רבי עובדיה מברטנורה – מגדולי פרשני המשנה
ר״ע,"ר""ע (פירושונים)",270 (מספר),6,hebrew,False,False,wikipedia,,270 (מספר) – מספר טבעי
ר״ש,"ר""ש",רבי שמעון,1833,hebrew,True,True,wiktionary,,# רבי שמעון.
ר״ש,"ר""ש",רפואה שלמה,72,hebrew,True,False,wiktionary,,# רפואה שלמה.
ר״ת,"ר""ת",ראשי תיבות,3551,hebrew,True,False,wikipedia+wiktionary,,#ראשי תיבות.
ר״ת,"ר""ת",רבנו תם,671,hebrew,True,False,wikipedia+wiktionary,,#רבנו תם.
ר״ת,"ר""ת","ר""ת מאורליינש",2,hebrew,True,False,wikipedia,,"ר""ת מאורליינש"
שב״ד,"שב""ד",שליחי בית דין,4,hebrew,True,False,wiktionary,,# שליחי בית דין.
שב״ד,"שב""ד",שופטי בית דין,0,hebrew,True,False,wiktionary,,# שופטי בית דין.
שב״ח,"שב""ח",שוהה בלתי חוקי,44,hebrew,True,False,wiktionary,,# שוהה בלתי חוקי.
שב״ח,"שב""ח",שימוש בלתי חוקי (בנשק),5,hebrew,True,False,wiktionary,,# שימוש בלתי חוקי (בנשק).
שב״י,"שב""י",שבטי ישראל,739,hebrew,True,False,wiktionary,,#שבטי ישראל.
שב״י,"שב""י",שבטי יה,5,hebrew,True,False,wiktionary,,#שבטי יה.
שב״ת,"שב""ת",שינה בשבת תענוג,4,hebrew,True,False,wiktionary,,# שינה ב[[שבת]] תענוג
שב״ת,"שב""ת",שיני בנים תקהינה,1,hebrew,True,False,wiktionary,,# שיני בנים תקהינה.
שד״ר,"שד""ר",שדה ראיה,3,hebrew,True,False,wiktionary,,#שדה ראיה.
שד״ר,"שד""ר",שְׁלוּחָא דְרַבָּנָן,2,hebrew,True,False,wiktionary,ארמית,"#{{משלב/ר""ת|ארמית}} שְׁלוּחָא דְרַבָּנָן. ([[שליח]] של ה[[רב#רַב ה|רבנים]]) - שם לשליח בין קהילות יהודיות."
שו״ב,"שו""ב",שם משפחה יהודי,464,hebrew,False,False,wikipedia,,"שו""ב - שם משפחה יהודי"
שו״ב,"שו""ב",שליטה ובקרה,424,hebrew,True,True,wikipedia+wiktionary,,# שליטה ובקרה.
שו״ב,"שו""ב",שיכון ובינוי,155,hebrew,True,False,wikipedia,,"שיכון ובינוי – חברה ישראלית העוסקת בתשתיות, נדל""ן, אנרגיה ומים"
שו״ב,"שו""ב",שוחט ובודק,75,hebrew,True,False,wikipedia+wiktionary,,#שוחט ובודק. פעמים רבות מוסיפים תואר זה לשם משפחה של העוסק בזה.
שו״מ,"שו""מ",שואל ומשיב,68,hebrew,True,False,wiktionary,,# [[שאל|שואל]] ו[[השיב|משיב]]
שו״מ,"שו""מ",שלוש קהילות בגרמניה אשר עברו תלאות רבות בימי מסעי הצלב,0,hebrew,True,False,wiktionary,,"# שפיירא, ורמייזא מגנצה. <BR> שלוש קהילות בגרמניה אשר עברו תלאות רבות בימי מסעי הצלב."
שו״ס,"שו""ס",שותף סוד,23,hebrew,True,False,wiktionary,,# שותף סוד.
שו״ס,"שו""ס",שותפות סוד,2,hebrew,True,False,wiktionary,"צה""ל","# {{משלב/ר""ת|צה""ל}} שותפות סוד."
שו״ש,"שו""ש",שווה שוקיים,121,hebrew,True,False,wiktionary,גיאומטריה,"#{{משלב/ר""ת|גיאומטריה}} [[שוה שוקים|'''שו'''וה '''ש'''וקיים]]."
שו״ש,"שו""ש",שינויים ושיפורים,56,hebrew,True,False,wiktionary,,# '''ש'''ינויים '''וש'''יפורים
שו״ש,"שו""ש",שמחה וששון,8,hebrew,True,False,wiktionary,,# '''ש'''מחה '''וש'''שון
שח״ל,"שח""ל",שמואל חיים לנדוי,21,hebrew,True,False,wiktionary,,#שמואל חיים לנדוי.
שח״ל,"שח""ל",שירות חלוצי לישראל,4,hebrew,True,False,wiktionary,,#שירות חלוצי לישראל.
שח״ל,"שח""ל",שירות חולי לב,3,hebrew,True,False,wiktionary,,#שירות חולי לב.
שח״ל,"שח""ל",שירות חירום לחולים,0,hebrew,True,False,wiktionary,,#שירות חירום לחולים.
שח״ר,"שח""ר",שירותי חינוך ורווחה,4,hebrew,True,False,wiktionary,,#[[שרות|שירות]]י [[חינוך]] ו[[רוחה|רווחה]].
שח״ר,"שח""ר",שיבוץ וחזרה לשירות,0,hebrew,True,False,wiktionary,,#[[שבוץ|שיבוץ]] ו[[חזרה]] ל[[שרות|שירות]].
שח״ר,"שח""ר",תנועה פוליטית שהוקמה בשלהי הכנסת ה-15,0,hebrew,False,False,wiktionary,,"#[[שלום]], [[חינוך]] ו[[רוחה|רווחה]].<br>תנועה פוליטית שהוקמה בשלהי הכנסת ה-15."
שכ״ט,"שכ""ט",שכר־טרחה,104,hebrew,True,False,wiktionary,,# שכר־טרחה.
שכ״ט,"שכ""ט",שכר־טוראי,0,hebrew,True,False,wiktionary,"צה""ל","# {{משלב/ר""ת|צה""ל}} שכר־טוראי."
שליט״א,"שליט""א",שיחיה לאורך ימים טובים אמן,4,hebrew,True,False,wiktionary,יהדות,"# {{משלב/ר""ת|יהדות}} '''ש'''יחיה '''ל'''אורך '''י'''מים '''ט'''ובים '''א'''מן."
שליט״א,"שליט""א","שיזכה לחיים (גם: לימים) יפים, טובים וארוכים",0,hebrew,True,False,wiktionary,,"# '''ש'''יזכה '''ל'''חיים <small>(גם: '''ל'''ימים)</small> '''י'''פים, '''ט'''ובים ו'''א'''רוכים"
שליט״א,"שליט""א",שיזכה לחיים יותר טובים אמן,0,hebrew,True,False,wiktionary,,# שיזכה לחיים יותר טובים אמן.
שליט״א,"שליט""א",שיזכה לימים טובים וארוכים,0,hebrew,True,False,wiktionary,,# '''ש'''יזכה '''לי'''מים '''ט'''ובים ו'''א'''רוכים.
שמ״ע,"שמ""ע",(תפילת) שמונה עשרה,136,hebrew,False,False,wiktionary,יהדות,"# {{משלב/ר""ת|יהדות}} (תפילת) שמונה עשרה."
שמ״ע,"שמ""ע",שחרית מנחה ערבית,45,hebrew,True,False,wiktionary,,# שחרית מנחה ערבית.
שנ״צ,"שנ""צ",שינוי צורה,252,hebrew,True,False,wiktionary,,# [[שנוי צורה|שינוי צורה]]
שנ״צ,"שנ""צ",שנת צוהריים,1,hebrew,True,False,wiktionary,,# [[שנה#שֵׁנָה|שנת]] [[צוהריים]].
שע״ח,"שע""ח",שעת חירום,211,hebrew,True,False,wiktionary,,#שעת חירום.
שע״ח,"שע""ח",שער חליפין,154,hebrew,True,False,wiktionary,,#שער חליפין.
שע״י,"שע""י",שעל יד,439,hebrew,True,False,wiktionary,,#ש[[על יד]].
שע״י,"שע""י",שלום על ישראל,54,hebrew,True,False,wiktionary,,#שלום על ישראל.
שפ״ח,"שפ""ח",שפעת החזירים,56,hebrew,True,False,wiktionary,רפואה,"# {{משלב/ר""ת|רפואה}} [[שפעת החזירים|'''שפ'''עת ה'''ח'''זירים]]"
שפ״ח,"שפ""ח",שירות פסיכולוגי חנוכי,0,hebrew,True,False,wiktionary,רפואה,"# {{משלב/ר""ת|רפואה}} [[שרות|'''ש'''ירות]] [[פסיכולוגיה|'''פ'''סיכולוגי]] [[חנוך#חִנּוּךְ|'''ח'''נוכי]]"
שק״ד,"שק""ד",שיקול דעת,670,hebrew,True,False,wiktionary,משפטים,"#{{משלב/ר""ת|משפטים}} [[שקול דעת|שיקול דעת]]."
שק״ד,"שק""ד",שקיעת דם,21,hebrew,True,False,wiktionary,רפואה,"#{{משלב/ר""ת|רפואה}} שקיעת [[דם]]."
שק״ד,"שק""ד",שיקום דתי לאסיר,0,hebrew,True,False,wiktionary,משטרה,"#{{משלב/ר""ת|משטרה}} [[שקום|שיקום]] [[דת]]י ל[[אסיר]]."
שק״ד,"שק""ד",שיקלול דיפרנציאלי,0,hebrew,True,False,wiktionary,,# [[שקלל|שיקלול]] [[דיפרנציאל]]י
שש״כ,"שש""כ",שמירת שבת כהלכתה,61,hebrew,True,False,wiktionary,יהדות,"#{{משלב/ר""ת|יהדות}} [[שמירת שבת]] כ[[הלכה|הלכתה]]."
שש״כ,"שש""כ",שומר שבת כשרות,0,hebrew,True,False,wiktionary,,# [[שמר|שומר]] [[שבת#שַׁבָּת|שבת]] [[כשרות]].
שת״פ,"שת""פ",שיתוף פעולה,9198,hebrew,True,False,wiktionary,,# [[שתוף פעלה|שיתוף פעולה]].
שת״פ,"שת""פ",שיעור תשואה פנימי,4,hebrew,True,False,wiktionary,,# [[שעור|שיעור]] [[תשואה]] [[פנימי]].
ש״ב,"ש""ב",שמואל ב',531,hebrew,True,False,wiktionary,,#[[שמואל]] ב'.
ש״ב,"ש""ב",שירות ביטחון,250,hebrew,True,False,wiktionary,,#[[שרות|שירות]] [[בטחון|ביטחון]].
ש״ב,"ש""ב",שלום בית,230,hebrew,True,False,wiktionary,,#[[שלום בית]].
ש״ב,"ש""ב",שבע ברכות,206,hebrew,True,False,wiktionary,,#[[שבע#שֶׁבַע|שבע]] [[ברכה#בְּרָכָה|ברכות]].
ש״ב,"ש""ב",שיעורי בית,122,hebrew,True,False,wiktionary,,#[[שעורי בית|שיעורי בית]].
ש״ג,"ש""ג (פירושונים)","ה'ש""ג",26,hebrew,False,True,wikipedia,,"ה'ש""ג – שנה עברית (1542–1543)"
ש״ג,"ש""ג",שומר גבול,8,hebrew,True,False,wiktionary,,# [[שומר]] [[גבול]].
ש״ג,"ש""ג (פירושונים)","תסמונת הש""ג",7,hebrew,False,False,wikipedia,,"תסמונת הש""ג – סלנג המתאר העברת אחריות למחדל לגורם הזוטר ביותר, ושנכנס לשימוש בעקבות ליל הגלשונים"
ש״ג,"ש""ג",שוטר גדודי,5,hebrew,True,False,wiktionary,,# [[שוטר]] [[גדודי]].
ש״ג,"ש""ג",שער גבול,4,hebrew,True,False,wiktionary,,# [[שער]] [[גבול]].
ש״ג,"ש""ג (פירושונים)","הכינוי הצה""לי לחייל המוצב לשמור על הכניסה למחנה",1,hebrew,False,False,wikipedia,,"ש""ג – הכינוי הצה""לי לחייל המוצב לשמור על הכניסה למחנה"
ש״ג,"ש""ג",תורת הזרימה שכבת גבול,0,hebrew,False,False,wiktionary,,# <small>תורת הזרימה</small> שכבת גבול.
ש״ד,"ש""ד",שיקול דעת,670,hebrew,True,False,wiktionary,,# [[שקול דעת|שיקול דעת]].
ש״ד,"ש""ד",שפיכות דמים,474,hebrew,True,False,wiktionary,,# [[שפיכות דמים|שפיכות דמים]].
ש״ה,"ש""ה",שִׁיר הַיִּחוּד the Hymn of Unity,0,hebrew,True,False,wiktionary,,# שִׁיר הַיִּחוּד    the Hymn of Unity
ש״ה,"ש""ה",שִׁיר הַמַּעֲלוֹת Song of Degrees,0,hebrew,True,False,wiktionary,,# [[שיר מעלות|שִׁיר הַמַּעֲלוֹת]]     Song of Degrees
ש״ה,"ש""ה",שֵֹם הַמְפׂרָשׁ the Ineffable Name,0,hebrew,True,False,wiktionary,,# [[השם|שֵֹם הַמְפׂרָשׁ]]    the Ineffable Name
ש״ז,"ש""ז",שנה זו,3457,hebrew,True,False,wiktionary,,# [[שנה]] זו.
ש״ז,"ש""ז",שמואל זנוויל (כהנא),32,hebrew,True,False,wiktionary,,# [[w:שמואל זנוויל כהנא|שמואל זנוויל (כהנא)]].
ש״ח,"ש""ח (פירושונים)",ש.ח.,128,hebrew,True,False,wikipedia,,ש.ח. - שידור חוזר בטלוויזיה
ש״ח,"ש""ח (פירושונים)",שקל חדש,123,hebrew,True,False,wikipedia+wiktionary,כלכלה,"#{{משלב/ר""ת|כלכלה}} [[שקל]] חדש."
ש״ח,"ש""ח",שידור חוזר,85,hebrew,True,False,wiktionary,תקשורת,"#{{משלב/ר""ת|תקשורת}} שידור חוזר."
ש״ח,"ש""ח (פירושונים)",שומר חינם,57,hebrew,True,False,wikipedia+wiktionary,,#שומר חינם.
ש״ח,"ש""ח (פירושונים)",שטר חוב,51,hebrew,True,False,wikipedia,,"שטר חוב – (בראשי תיבות: ש""ח)"
ש״ח,"ש""ח (פירושונים)","ה'ש""ח",31,hebrew,False,False,wikipedia,,"ה'ש""ח – השנה העברית ב-1547 – 1548"
ש״ח,"ש""ח (פירושונים)","ש""ח וילקומיץ",3,hebrew,True,False,wikipedia,,"ש""ח וילקומיץ – שמחה חיים (בראשי תיבות: ש""ח) וילקומיץ"
ש״ט,"ש""ט",שם טוב,2430,hebrew,True,False,wiktionary,,# שם טוב.
ש״ט,"ש""ט",שעות טיסה,404,hebrew,True,False,wiktionary,תעופה,"# {{משלב/ר""ת|תעופה}} שעות [[טיסה]]."
ש״ט,"ש""ט",שנה טובה,319,hebrew,True,False,wiktionary,ברכות,"# {{משלב/ר""ת|ברכות}} שנה טובה."
ש״ט,"ש""ט",שכר טרחה,104,hebrew,True,False,wiktionary,,# שכר טרחה.
ש״ט,"ש""ט",שוחר טוב,51,hebrew,True,False,wiktionary,,# שוחר טוב.
ש״ט,"ש""ט",שפע טל,19,hebrew,True,False,wiktionary,,# שפע טל.
ש״ט,"ש""ט",שערי טומאה,8,hebrew,True,False,wiktionary,יהדות,"# {{משלב/ר""ת|יהדות}} שערי טומאה."
ש״ט,"ש""ט",שחיק טמיא,5,hebrew,True,False,wiktionary,ארמית,"# {{משלב/ר""ת|ארמית}} שחיק טמיא."
ש״י,"ש""י",שמואל יוסף (עגנון),175,hebrew,True,False,wiktionary,,# שמואל יוסף (עגנון).
ש״י,"ש""י",שומרון-יהודה,18,hebrew,True,False,wiktionary,,# שומרון-יהודה.
ש״י,"ש""י",שירות ידיעות,13,hebrew,True,False,wiktionary,,# שירות ידיעות.
ש״י,"ש""י",ש (=השם) ישמרם,0,hebrew,True,False,wiktionary,,# [[השם|'''ש''']] (=[[השם]]) [[שמר|ישמרם]].
ש״ל,"ש""ל",שירות לאומי,453,hebrew,True,False,wiktionary,,# שירות לאומי.
ש״ל,"ש""ל (פירושונים)","ה'ש""ל",42,hebrew,False,False,wikipedia,,"ה'ש""ל – שנה עברית"
ש״ל,"ש""ל (פירושונים)",שושנים לדוד,39,hebrew,True,True,wikipedia,,שושנים לדוד – ספרו של רבי דוד פארדו על המשניות
ש״ל,"ש""ל",שבח לאל,29,hebrew,True,False,wiktionary,,# שבח לאל.
ש״ל,"ש""ל (פירושונים)",330 (מספר),1,hebrew,False,False,wikipedia,,330 (מספר) – מספר טבעי
ש״ל,"ש""ל (פירושונים)",שיבולי לקט או שיבולי הלקט,1,hebrew,True,True,wikipedia,,שיבולי לקט או שיבולי הלקט – ספרו של רבי צדקיה בן אברהם
ש״מ,"ש""מ",שם משפחה,2857,hebrew,True,False,wiktionary,,#שם משפחה.
ש״מ,"ש""מ",שמע מינא,0,hebrew,True,False,wiktionary,,#שמע מינא.
ש״מ,"ש""מ",תיאור כמות סופית,0,hebrew,False,False,wiktionary,,"#שם מספר.</br>תיאור כמות סופית. לדוגמה: [[שש]], [[שבעים]]."
ש״ס,"ש""ס",משנה,26429,hebrew,False,False,wikipedia,,"משנה – שישה סדרי משנה, קובץ הלכות הכולל את התורה שבעל-פה"
ש״ס,"ש""ס",תלמוד,6969,hebrew,False,True,wikipedia,,"תלמוד – חיבור קולקטיבי, אשר מסוכמת בו הגותם ההלכתית של האמוראים – חכמי ישראל בתקופה שלאחר חתימת המשנה (המאה ה-2)"
ש״ס,"ש""ס",תלמוד בבלי,4240,hebrew,False,False,wikipedia,,תלמוד בבלי
ש״ס,"ש""ס",תלמוד ירושלמי,1185,hebrew,False,False,wikipedia,,תלמוד ירושלמי
ש״ס,"ש""ס","מפלגת ש""ס",365,hebrew,False,False,wikipedia,,"מפלגת ש""ס – מפלגה חרדית-ספרדית, או בשמה הרשמי: התאחדות הספרדים העולמית שומרי תורה"
ש״ס,"ש""ס","ה'ש""ס",45,hebrew,False,True,wikipedia,,"ה'ש""ס – שנה עברית (1599–1600)"
ש״ס,"ש""ס",שחר סוויסה,27,hebrew,True,False,wikipedia,,"שחר סוויסה – ראפר ישראלי, ידוע בשם הבמה ש""ס"
ש״ס,"ש""ס",שישה סדרים,8,hebrew,True,False,wiktionary,ארון הספרים היהודי,"# {{משלב/ר""ת|ארון הספרים היהודי}} [[שש|'''ש'''ישה]] [[סדר|'''ס'''דר]]ים."
ש״ס,"ש""ס",שעה סמסטריאלית,1,hebrew,True,False,wiktionary,חינוך,"#{{משלב/ר""ת|חינוך}} [[שעה|'''ש'''עה]] [[סמסטר|'''ס'''מסטר]]יאלית."
ש״ס,"ש""ס",שומרי תורה ספרדיים,0,hebrew,True,False,wiktionary,,# '''ש'''ומרי [[תורה]] [[ספרדי|'''ס'''פרדי]]ים. שם מפלגה בכנסת ישראל.
ש״ע,"ש""ע",שולחן ערוך,1956,hebrew,True,False,wiktionary,,# [[שולחן ערוך]].
ש״ע,"ש""ע",שמונה עשרה,1061,hebrew,True,False,wiktionary,,# [[שמונה עשרה]].
ש״ע,"ש""ע",שם עצם,224,hebrew,True,False,wiktionary,,# [[שם עצם]].
ש״ע,"ש""ע",שמיני עצרת,223,hebrew,True,False,wiktionary,,# [[שמיני עצרת]].
ש״ע,"ש""ע",שנת-עבודה,39,hebrew,True,False,wiktionary,,# [[שנת-עבודה]].
ש״פ,"ש""פ",שושן פורים,778,hebrew,True,False,wiktionary,,# [[שושן פורים]].
ש״פ,"ש""פ",שם פרטי,618,hebrew,True,False,wiktionary,,# [[שם פרטי]].
ש״פ,"ש""פ",שבת פרשת,89,hebrew,True,False,wiktionary,,# [[שבת]] פרשת.
ש״פ,"ש""פ",שווה פרוטה,19,hebrew,True,False,wiktionary,,# [[שווה פרוטה]]
ש״צ,"ש""צ",שליח ציבור,181,hebrew,True,False,wiktionary,,#שליח ציבור.
ש״צ,"ש""צ",שבתאי צבי,83,hebrew,True,False,wiktionary,,#שבתאי צבי.
ש״צ,"ש""צ",שוטר צבאי,42,hebrew,True,False,wiktionary,,#שוטר צבאי.
ש״צ,"ש""צ",שמרהו צורו,3,hebrew,True,False,wiktionary,,#שמרהו צורו.
ש״צ,"ש""צ",שיעבוד צף,1,hebrew,True,False,wiktionary,,#שיעבוד צף.
ש״צ,"ש""צ",שתוק צעיר,0,hebrew,True,False,wiktionary,,#שתוק צעיר.
ש״ק,"ש""ק",שבת קודש,198,hebrew,True,False,wiktionary,,#[[שבת קודש]].
ש״ק,"ש""ק",שליח קודש,0,hebrew,True,False,wiktionary,,#שליח קודש (שם משפחה)
ש״ק,"ש""ק",שנת קציר,0,hebrew,True,False,wiktionary,,#שנת קציר.
ש״ש,"ש""ש",שנה שנייה,496,hebrew,True,False,wiktionary,,#[[שנה#שָׁנָה ב|שנה]] [[שני#שֵׁנִי|שני]]יה.
ש״ש,"ש""ש",שנת שירות,232,hebrew,True,False,wiktionary,,#[[שנת שרות|שנת שירות]]
ש״ש,"ש""ש",שם שמים,77,hebrew,True,False,wiktionary,,#[[שם שמים]].
ש״ש,"ש""ש",שעות שבועיות,72,hebrew,True,False,wiktionary,,#[[שעה#שָׁעָה ב|שעות]] [[שבועי]]ות.
ש״ש,"ש""ש",שבת שלום,69,hebrew,True,False,wiktionary,,#[[שבת שלום]].
ש״ש,"ש""ש",שומר שכר,48,hebrew,True,False,wiktionary,משפט עברי,#{{משלב|משפט עברי}} [[שומר שכר]].
ש״ש,"ש""ש",שב שמעתתא,36,hebrew,True,False,wiktionary,,#שב שמעתתא (ספר תורני משמעות שמו בארמית [[שבע#שֶׁבַע|שבע]] [[שמועה|שמועות]])
ש״ש,"ש""ש",שעת שינה,11,hebrew,True,False,wiktionary,,#[[שעה#שָׁעָה ב|שעת]] [[שינה]].
ש״ש,"ש""ש",שעות שנתיות,5,hebrew,True,False,wiktionary,,#[[שעה#שָׁעָה ב|שעות]] [[שנתי]]ות.
ש״ש,"ש""ש",שבועת שוא,2,hebrew,True,False,wiktionary,,#[[שבועה|שבועת]] [[שוא]]
ש״ש,"ש""ש",שבלת שועל,2,hebrew,True,False,wiktionary,,#[[שבלת שועל]]
ש״ש,"ש""ש",שירות שקים,0,hebrew,True,False,wiktionary,,#[[שרות|שירות]] [[צ'ק|שקים]].
ש״ת,"ש""ת",שמחת תורה,526,hebrew,True,False,wiktionary,,#שמחת תורה
ש״ת,"ש""ת",שבת תשובה,15,hebrew,True,False,wiktionary,,#שבת תשובה
ש״ת,"ש""ת",שה תמים,7,hebrew,True,False,wiktionary,,#שה תמים
תא״מ,"תא""מ",תאימות אלקטרומגנטית,9,hebrew,True,False,wiktionary,,#תאימות אלקטרומגנטית.
תא״מ,"תא""מ","תיבות אלו מחוקות (לעתים נכתב: ""מוקפות"")",0,hebrew,True,False,wiktionary,,"#תיבות אלו מחוקות (לעתים נכתב: ""מוקפות"")."
תא״מ,"תא""מ",תיק אזרחי בסדר דין מהיר,0,hebrew,True,False,wiktionary,,#תיק אזרחי בסדר דין מהיר.
תד״ל,"תד""ל",תובלת דרג לוחם,0,hebrew,True,False,wiktionary,,#תובלת דרג לוחם.
תד״ל,"תד""ל",תיק דרך לחייל,0,hebrew,True,False,wiktionary,,#תיק דרך לחייל.
תה״פ,"תה""פ",תואר הפועל,43,hebrew,True,False,wiktionary,דקדוק,"# {{משלב/ר""ת|דקדוק}} תואר הפועל."
תה״פ,"תה""פ",תנועה הרמונית פשוטה,5,hebrew,True,False,wiktionary,פיזיקה,"# {{משלב/ר""ת|פיזיקה}} תנועה הרמונית פשוטה."
תו״ח,"תו""ח",תורת חיים,294,hebrew,True,False,wikipedia,,תורת חיים
תו״ח,"תו""ח",תורת חטאת,15,hebrew,True,False,wikipedia,,"תורת חטאת – ספר הלכה מהרמ""א"
תו״ח,"תו""ח",תוספות חדשים,5,hebrew,True,False,wikipedia,,"תוספות חדשים – פירוש על המשניות, מלוקט מפירושי האחרונים"
תו״ח,"תו""ח",תורת חיים על התורה מרבי חיים הגר,1,hebrew,True,True,wikipedia,,תורת חיים על התורה מרבי חיים הגר
תו״ח,"תו""ח",תורת חיים על התלמוד מרבי אברהם חיים שור,1,hebrew,True,True,wikipedia,,תורת חיים על התלמוד מרבי אברהם חיים שור
תו״ל,"תו""ל",תורת לחימה,269,hebrew,True,False,wiktionary,,# תורת לחימה.
תו״ל,"תו""ל",תום לב,198,hebrew,True,False,wiktionary,,# תום לב.
תו״מ,"תו""מ",תורה ומצוות,230,hebrew,True,False,wiktionary,,#[[תורה]] ו[[מצוה|מצוות]].
תו״מ,"תו""מ",תרומות ומעשרות,175,hebrew,True,False,wiktionary,,#[[תרומה|תרומות]] ו[[מעשר#מַעֲשֵֹר|מעשרות]].
תו״מ,"תו""מ",תכף ומיד,8,hebrew,True,False,wiktionary,,#[[תכף]] ו[[מיד]].
תו״מ,"תו""מ","שותו""מ שומתו""מ",0,hebrew,False,False,wiktionary,,"# [[שותו""מ]] [[שומתו""מ]]"
תו״ת,"תו""ת",תכנון ותקציבים,4,hebrew,True,False,wiktionary,"צה""ל","# {{משלב/ר""ת|צה""ל}} תכנון ותקציבים."
תו״ת,"תו""ת",תדפיסים ותמונות,1,hebrew,True,False,wiktionary,,# תדפיסים ותמונות.
תל״ן,"תל""ן",תוצר לאומי נקי,0,hebrew,True,False,wiktionary,,# תוצר לאומי נקי.
תל״ן,"תל""ן",תכנית לימודים נוספת,0,hebrew,True,False,wiktionary,,# תכנית לימודים נוספת.
תמ״א,"תמ""א (פירושונים)","תמ""א 38",88,hebrew,True,False,wikipedia,,"תמ""א 38 – תוכנית המתאר הארצית לחיזוק מבנים קיימים בפני רעידות אדמה"
תמ״א,"תמ""א (פירושונים)",תוכנית מתאר ארצית,81,hebrew,True,False,wikipedia,,תוכנית מתאר ארצית
תמ״א,"תמ""א (פירושונים)","תמ""א 35",40,hebrew,True,False,wikipedia,,"תמ""א 35 – תוכנית המתאר הארצית המשולבת לבניה, לפיתוח ולשימור"
תמ״א,"תמ""א (פירושונים)","ה'תמ""א",30,hebrew,False,True,wikipedia,,"ה'תמ""א – שנה עברית (1680–1681)"
תמ״א,"תמ""א (פירושונים)","תמ""א 22",11,hebrew,True,False,wikipedia,,"תמ""א 22 – תוכנית מתאר ארצית ליער ויעור"
תמ״א,"תמ""א (פירושונים)",תוספת מכסת אחוזים,1,hebrew,True,False,wikipedia,,תוספת מכסת אחוזים
תמ״ג,"תמ""ג",תהודה מגנטית גרעינית,84,hebrew,True,False,wiktionary,פיזיקה,"# {{משלב/ר""ת|פיזיקה}} תהודה מגנטית גרעינית."
תמ״ג,"תמ""ג",תוצר מקומי גולמי,82,hebrew,True,False,wiktionary,כלכלה,"# {{משלב/ר""ת|כלכלה}} תוצר מקומי גולמי."
תמ״ע,"תמ""ע",תרומת מעשר,79,hebrew,True,False,wiktionary,יהדות,"#{{משלב/ר""ת|יהדות}} תרומת מעשר."
תמ״ע,"תמ""ע",תכנות מונחה עצמים (OOP),3,hebrew,True,False,wiktionary,מחשבים,"#{{משלב/ר""ת|מחשבים}} [[w:תכנות מונחה-עצמים|תכנות מונחה עצמים]] (OOP)."
תמ״ע,"תמ""ע",תשובת מנחם עזריה,0,hebrew,True,False,wiktionary,ארון הספרים היהודי,"#{{משלב/ר""ת|ארון הספרים היהודי}} תשובת [[w:מנחם עזריה מפאנו|מנחם עזריה]]."
תמ״ק,"תמ""ק",תת מקלע,242,hebrew,True,False,wiktionary,,#[[תת מקלע]].
תמ״ק,"תמ""ק","תשעונית מבד""ק",0,hebrew,True,False,wiktionary,,"# תשעונית [[מבד""ק]]. ציון במבד""ק שמעניק [[פסיכולוג]]."
תמ״ר,"תמ""ר",תסמונת המעי הרגיז,40,hebrew,True,False,wiktionary,רפואה,"#{{משלב/ר""ת|רפואה}} [[תסמונת המעי הרגיז|'''ת'''סמונת ה'''מ'''עי ה'''ר'''גיז''']]"
תמ״ר,"תמ""ר",תיק מרכז רפואי,0,hebrew,True,False,wiktionary,רפואה,"#{{משלב/ר""ת|רפואה}} [[תיק|'''ת'''יק]] [[מרכז|'''מ'''רכז]] [[רפואה|'''ר'''פואי]]."
תמ״ש,"תמ""ש",תיק משפטי,42,hebrew,True,False,wiktionary,משפטים,"# {{משלב/ר""ת|משפטים}} תיק משפטי."
תמ״ש,"תמ""ש",תיק משפחה,3,hebrew,True,False,wiktionary,משפטים,"# {{משלב/ר""ת|משפטים}} תיק משפחה."
תע״ל,"תע""ל",תצוגה עילית,50,hebrew,True,False,wiktionary,תעופה,"#{{משלב/ר""ת|תעופה}} [[תצוגה]] [[עילי]]ת."
תע״ל,"תע""ל",תנועה ערבית להתחדשות,7,hebrew,True,False,wiktionary,,# [[תנועה]] [[ערבי]]ת ל[[התחדשות]]
תע״ס,"תע""ס",תלמוד עשר הספירות,7,hebrew,True,False,wiktionary,,# תלמוד עשר הספירות.
תע״ס,"תע""ס",תקנון עבודה סוציאלית,2,hebrew,True,False,wiktionary,,# תקנון עבודה סוציאלית.
תע״צ,"תע""צ",תענית ציבור,77,hebrew,True,False,wiktionary,,# תענית ציבור.
תע״צ,"תע""צ","תעסוקת עובדי צה""ל",1,hebrew,True,False,wiktionary,,"#תעסוקת עובדי צה""ל."
תע״צ,"תע""צ",תעודת עובד ציבור,0,hebrew,True,False,wiktionary,,# תעודת עובד ציבור.
תפ״א,"תפ""א",תפוח אדמה,462,hebrew,True,False,wiktionary,,# [[תפוח אדמה]].
תפ״א,"תפ""א",תא פוטואלקטרי,8,hebrew,True,False,wiktionary,,# [[תא פוטואלקטרי]].
תפ״ח,"תפ""ח",תיק פשעים חמורים,1,hebrew,True,False,wiktionary,משפטים,"# {{משלב/ר""ת|משפטים}} תיק פשעים חמורים."
תפ״ח,"תפ""ח",תיק פלילי חמור,0,hebrew,True,False,wiktionary,משפטים,"# {{משלב/ר""ת|משפטים}} תיק פלילי חמור."
תצ״א,"תצ""א",תצלום אוויר,351,hebrew,True,False,wiktionary,,# [[תצלום אויר|תצלום אוויר]].
תצ״א,"תצ""א",תיאוריית צו אלוהי (divine command theory),0,hebrew,True,False,wiktionary,פילוסופיה,"# {{משלב/ר""ת|פילוסופיה}} תיאוריית צו אלוהי (divine command theory)."
תת״מ,"תת""מ",תת משקל,55,hebrew,True,False,wiktionary,רפואה,"#{{משלב/ר""ת|רפואה}} [[תת|'''ת'''ת]] [[משקל|'''מ'''שקל]]"
תת״מ,"תת""מ",תהליך תופס מקום,4,hebrew,True,False,wiktionary,רפואה,"#{{משלב/ר""ת|רפואה}} [[תהליך|'''ת'''הליך]] [[תפס|'''ת'''ופס]] [[מקום|'''מ'''קום]]"
ת״א,"ת""א",תל אביב,49129,hebrew,True,False,wiktionary,ערים בישראל,"# {{משלב/ר""ת|ערים בישראל}} [[תל אביב]]."
ת״א,"ת""א (פירושונים)",תפוח אדמה,462,hebrew,True,False,wikipedia+wiktionary,,# [[תפוח אדמה]].
ת״א,"ת""א (פירושונים)",תרגום אונקלוס,211,hebrew,True,False,wikipedia+wiktionary,ארון הספרים היהודי,"# {{משלב/ר""ת|ארון הספרים היהודי}} תרגום אונקלוס."
ת״א,"ת""א (פירושונים)","ה'ת""א",26,hebrew,False,True,wikipedia,,"ה'ת""א – שנה עברית (1640–1641)"
ת״א,"ת""א (פירושונים)","ת""א 35",19,hebrew,True,False,wikipedia,,"ת""א 35 – מדד המייצג את 35 המניות בעלות שווי השוק הגבוה ביותר הנסחרות בה"
ת״א,"ת""א (פירושונים)",תיק אזרחי,12,hebrew,True,False,wikipedia+wiktionary,משפטים,"# {{משלב/ר""ת|משפטים}} תיק אזרחי."
ת״א,"ת""א (פירושונים)","ת""א 90",11,hebrew,True,False,wikipedia,,"ת""א 90 – מדד המייצג את 90 המניות הכלולות במדד ת""א 125 אך אינן כלולות במדד ת""א 35"
ת״א,"ת""א (פירושונים)","ת""א טק-עילית",8,hebrew,True,False,wikipedia,,"ת""א טק-עילית – מדד של המניות הכלולות במדד ת""א גלובל-בלוטק ובעלות שווי שוק של לפחות 400 מיליון ש""ח"
ת״א,"ת""א",תחבושת אישית,5,hebrew,True,False,wiktionary,"צה""ל","# {{משלב/ר""ת|צה""ל}} תחבושת אישית."
ת״א,"ת""א (פירושונים)","ת""א גלובל-בלוטק",3,hebrew,True,False,wikipedia,,"ת""א גלובל-בלוטק – מדד של כל המניות הכלולות במדד ת""א טכנולוגיה ובמדד ת""א ביומד"
ת״א,"ת""א (פירושונים)",מדדים של הבורסה לניירות ערך בתל אביב,1,hebrew,False,False,wikipedia,,מדדים של הבורסה לניירות ערך בתל אביב:
ת״א,"ת""א (פירושונים)","ת""א יתר SME60",1,hebrew,True,False,wikipedia,,"ת""א יתר SME60 – המייצג את 60 המניות בעלות שווי השוק הגבוה ביותר מבין המניות שאינן נכללות במדד ת""א 125"
ת״א,"ת""א",תכנית אימונים,1,hebrew,True,False,wiktionary,,# תכנית אימונים.
ת״א,"ת""א (פירושונים)","ת""א 125",-1,hebrew,True,False,wikipedia,,"ת""א 125 – מדד המייצג את 125 המניות בעלות שווי השוק הגבוה ביותר הנסחרות בה"
ת״ב,"ת""ב",תשעה באב,1086,hebrew,True,False,wiktionary,,# [[תשעה באב]].
ת״ב,"ת""ב",תעודת בגרות,476,hebrew,True,False,wiktionary,,# [[תעודה|תעודת]] [[בגרות]].
ת״ב,"ת""ב",תרגילי בית,2,hebrew,True,False,wiktionary,,# [[תרגיל|תרגילי]] [[בית#בַּיִת|בית]].
ת״ג,"ת""ג",תדר גבוה,49,hebrew,True,False,wiktionary,,# תדר גבוה.
ת״ג,"ת""ג","בפתרון מד""ח, תנאים אשר קובעים פתרון פרטי מתוך הפתרון הכללי",0,hebrew,False,True,wiktionary,,"# <small>מתמטיקה</small> תנאי גבול.</br>בפתרון [[מד""ח]], תנאים אשר קובעים פתרון פרטי מתוך הפתרון הכללי."
ת״ד,"ת""ד",תאונת דרכים,669,hebrew,True,False,wiktionary,,#[[תאונת דרכים]].
ת״ד,"ת""ד",תיבת דואר,72,hebrew,True,False,wiktionary,,#[[תיבת דואר]].
ת״ה,"ת""ה","בפתרון מד""ר, תנאים אשר קובעים פתרון פרטי מתוך הפתרון כללי",0,hebrew,False,True,wiktionary,,"# תנאי התחלה.</br>בפתרון [[מד""ר]], תנאים אשר קובעים פתרון פרטי מתוך הפתרון כללי."
ת״ה,"ת""ה",מכלול הערכים שמשתנה יכול לקבל,0,hebrew,False,False,wiktionary,,# תחום הגדרה.</br>מכלול הערכים שמשתנה יכול לקבל.
ת״ז,"ת""ז",תעודת זהות,425,hebrew,True,False,wiktionary,,# [[תעודת זהות]].
ת״ז,"ת""ז",תרשים זרימה,46,hebrew,True,False,wiktionary,,# [[תרשים זרימה]].
ת״ז,"ת""ז",תפוח זהב,44,hebrew,True,False,wiktionary,,# [[תפוח זהב]].
ת״ח,"ת""ח",תלמיד חכם,683,hebrew,True,False,wiktionary,,#תלמיד חכם.
ת״ח,"ת""ח",תענית חלום,4,hebrew,True,False,wiktionary,,#תענית חלום.
ת״י,"ת""י",תקן ישראלי,64,hebrew,True,False,wiktionary,,#תקן ישראלי.
ת״י,"ת""י",תרג(ו)ם יונתן,0,hebrew,True,False,wiktionary,,#תרג(ו)ם יונתן.
ת״ל,"ת""ל",תלמוד לומר,92,hebrew,True,True,wiktionary,,# תלמוד לומר. (יש מנקדים תִּלְמוֹד לוֹמר ומקובל יותר תַּלְמוּד לוֹמַר ביטוי תלמודי שמשמעותו [[למד|לומדים]] מהכתוב ש־)
ת״ל,"ת""ל",תיפוק ליה,0,hebrew,True,False,wiktionary,ארמית,"#{{משלב|ארמית}} תיפוק ליה (ביטוי תלמודי מילולית ""תצא לו"" הכוונה יִלָּמֵד מכך)"
ת״ע,"ת""ע",תוכנית עבודה,145,hebrew,True,False,wiktionary,,# תוכנית עבודה.
ת״ע,"ת""ע",תוכן עניינים,121,hebrew,True,False,wiktionary,,# תוכן עניינים.
ת״ע,"ת""ע",תיק עבודה,3,hebrew,True,False,wiktionary,,# תיק עבודה.
ת״ע,"ת""ע",תורה ועבודה (בני עקיבא),1,hebrew,True,False,wiktionary,,# תורה ועבודה (בני עקיבא).
ת״פ,"ת""פ",תחת פיקוד,1450,hebrew,True,False,wiktionary,"צה""ל","# {{משלב/ר""ת|צה""ל}} תחת פיקוד."
ת״פ,"ת""פ",תיק פלילי,125,hebrew,True,False,wiktionary,משפטים,"# {{משלב/ר""ת|משפטים}} תיק פלילי."
ת״צ,"ת""צ",תובענה ייצוגית,316,hebrew,True,False,wiktionary,,# תובענה ייצוגית.
ת״צ,"ת""צ",תענית ציבור,77,hebrew,True,False,wiktionary,,# תענית ציבור.
ת״ק,"ת""ק",תנא קמא,78,hebrew,True,True,wiktionary,,# [http://he.wikipedia.org/wiki/%D7%AA%D7%A0%D7%90_%D7%A7%D7%9E%D7%90 תנא קמא]
ת״ק,"ת""ק",תביעות קטנות,27,hebrew,True,False,wiktionary,משפטים,"# {{משלב/ר""ת|משפטים}} תביעות קטנות"
ת״ק,"ת""ק","בגימטריה 500, בלשון חז""ל מספר גדול מאד, על לשון ההגזמה",0,hebrew,False,False,wiktionary,,"# בגימטריה 500, בלשון חז""ל מספר גדול מאד, על לשון ההגזמה. ראו לדוגמה [[ת""ק פרסה]]"
ת״ש,"ת""ש",תפילת שחרית,379,hebrew,True,False,wiktionary,,#תפילת שחרית.
ת״ש,"ת""ש",תקיעת שופר,174,hebrew,True,False,wiktionary,,#תקיעת שופר.
ת״ש,"ת""ש",תנאי שירות,53,hebrew,True,True,wiktionary,,"#{{הקשר/ר""ת|צה""ל}} תנאי שירות."
ת״ש,"ת""ש",תחנת שאיבה,43,hebrew,True,False,wiktionary,,#תחנת שאיבה
ת״ש,"ת""ש",בא שמע,1,hebrew,False,False,wiktionary,,#תא שמע.</br>בא שמע.
ת״ש,"ת""ש","בפתרון מד""ח, תנאים אשר קובעים פתרון פרטי מתוך הפתרון כללי",0,hebrew,False,True,wiktionary,,"#{{הקשר/ר""ת|מתמטיקה}} תנאי שפה.</br>בפתרון [[מד""ח]], תנאים אשר קובעים פתרון פרטי מתוך הפתרון כללי."
ת״ת,"ת""ת",תלמוד תורה,1402,hebrew,True,False,wikipedia+wiktionary,,#תלמוד תורה
ת״ת,"ת""ת","ה'ת""ת",123,hebrew,False,False,wikipedia,,"ה'ת""ת – השנה ה-5800 במניין השנים העבריות"
ת״ת,"ת""ת",תרומה תצוה,60,hebrew,True,False,wiktionary,,"#תרומה תצוה. חלק מהביטוי: [[שובבי""ם]] [[ת""ת]], המתייחס לתקופת השנה בה קוראים פרשיות אלו בתורה."
ת״ת,"ת""ת",תומכי תורה,14,hebrew,True,False,wikipedia,,תומכי תורה – ארגון חסד ישיבתי
ת״ת,"ת""ת",השנה ה-800 במניין השנים העבריות,1,hebrew,False,False,wikipedia,,"ת""ת – השנה ה-800 במניין השנים העבריות"
