item_id,acronym,sentence,gold_expansion,candidates,n_candidates,provenance,source,page_title,review_verdict
kn-0000,רמב״ם,"גם העברנו בשם הכנסת את מסר ההשתתפות שלנו למשפחות, ואני גם ביקרתי, אני מקווה גם בשמכם, את כל הפצועים בבית-החולים ""רמב""ם"".",הקריה הרפואית לבריאות האדם – בית חולים בחיפה,משנה תורה | ר' משה בן מימון | המרכז הרפואי מיימונידיס | הקריה הרפואית לבריאות האדם – בית חולים בחיפה | מאתיים ושמונים ושתיים (גימטריה),5,knesset,knesset,13_ptm_532014.docx,clean
kn-0001,רמב״ם,"גם אני מצרפת מכאן את תנחומי למשפחות השכולות, ושולחת ברכת החלמה ורפואה שלמה לפצועים בבית-החולים ""רמב""ם"" בחיפה.",הקריה הרפואית לבריאות האדם – בית חולים בחיפה,משנה תורה | ר' משה בן מימון | המרכז הרפואי מיימונידיס | הקריה הרפואית לבריאות האדם – בית חולים בחיפה | מאתיים ושמונים ושתיים (גימטריה),5,knesset,knesset,13_ptm_532014.docx,clean
kn-0002,ש״ח,"ומשום שהעולים לא מגיעים נוצר בתקציב משרד הקליטה עודף של 650 מיליון ש""ח.",שקל חדש,ש.ח. | שקל חדש | שידור חוזר | שומר חינם | שטר חוב | שלוש מאות ושמונה (גימטריה),6,knesset,knesset,13_ptm_532014.docx,clean
kn-0003,ש״ס,"המפלגות ש""ס ויהדות התורה משלות את עצמן, כאילו החלטה כזאת של הממשלה עשויה להביא לידי כך שלא ייובא בשר לא-כשר, ואין הדבר כך.",שומרי תורה ספרדיים,משנה | תלמוד | תלמוד בבלי | תלמוד ירושלמי | שחר סוויסה | שישה סדרים | שעה סמסטריאלית | שומרי תורה ספרדיים | שלוש מאות ושישים (גימטריה),9,knesset,knesset,13_ptm_532014.docx,clean
kn-0004,נ״מ,"והנה ה""חיזב-אללה"" פועל נגדנו באש תותחים ומרגמות, וזאת בלי שתהיה לו הגנת נ""מ משמעותית, וזה לא באזור מוכה טילים, ואנחנו משיבים רק באש ארטילרית.",נגד מטוסים,נגד מטוסים | נפקא מינא | תשעים (גימטריה),3,knesset,knesset,13_ptm_532014.docx,clean
kn-0005,יו״ד,"מעולם לא עמדתי על מידת הדין ועל קוצו של יו""ד.",יוד,"יורה דעה | יוד | יורה דעה, אחד מחלקי השלחן ערוך | עשרים (גימטריה)",4,knesset,knesset,13_ptm_532014.docx,clean
kn-0006,ש״ח,"ההוצאה התקציבית כיום למימון זכויות נכי רדיפות הנאצים מסתכמת בכ-150 מיליון ש""ח בשנה.",שקל חדש,ש.ח. | שקל חדש | שידור חוזר | שומר חינם | שטר חוב | שלוש מאות ושמונה (גימטריה),6,knesset,knesset,13_ptm_532015.docx,clean
kn-0007,הנ״ל,"לאור כל הנ""ל אני תומכת בהעברת הצעת החוק הנדונה, של חברי הכנסת יעל דיין ואבי יחזקאל, לוועדת העבודה והרווחה של הכנסת.",הנזכר לעיל,הנזכר לעיל | הנראה למעלה | הנזכר למטה | שמונים וחמש (גימטריה),4,knesset,knesset,13_ptm_532015.docx,clean
kn-0008,הנ״ל,"בתאריך 27 בספטמבר 1993 הועברה לרשות העתיקות התחייבות על סך מיליון שקלים עבור ביצוע סקר בשכונה הנ""ל, כמקדמה.",הנזכר לעיל,הנזכר לעיל | הנראה למעלה | הנזכר למטה | שמונים וחמש (גימטריה),4,knesset,knesset,13_ptm_532015.docx,clean
kn-0009,הנ״ל,"היום, ממש הבוקר, נמסר לי מרשות העתיקות, כי הגיעו להסדר עם הגורמים הנ""ל והעבודה תחודש.",הנזכר לעיל,הנזכר לעיל | הנראה למעלה | הנזכר למטה | שמונים וחמש (גימטריה),4,knesset,knesset,13_ptm_532015.docx,clean
kn-0010,הנ״ל,"המינהלת ומשרד הבינוי והשיכון יפתחו את השכונות הנ""ל בשנת 1994 על-פי התוכנית, אשר תתואם ותסוכם עם רשות העתיקות.",הנזכר לעיל,הנזכר לעיל | הנראה למעלה | הנזכר למטה | שמונים וחמש (גימטריה),4,knesset,knesset,13_ptm_532015.docx,clean
kn-0011,ד״ר,"– אני מצטט ממכתבו של מנהל המחקר למדעי האדמה, ד""ר מיכאל וייט, במשרד האנרגיה והתשתית, הכותב כך: ""המפות אשר הועברו על-ידי – זו היתה בקשה של המדענים – למסירה למצרים כללו: 1.",דוקטור,דוקטור | דברי רבי־ | דפוס ראשון | דברים רבה | מאתיים וארבע (גימטריה),5,knesset,knesset,13_ptm_532015.docx,clean
kn-0012,הנ״ל,"כאן אני מדגיש ואני מצטט: ""כל המפות הנ""ל פורסמו ונמצאות ברשות כל משתמש.",הנזכר לעיל,הנזכר לעיל | הנראה למעלה | הנזכר למטה | שמונים וחמש (גימטריה),4,knesset,knesset,13_ptm_532015.docx,clean
kn-0013,רש״י,"שואל רש""י, מה זו הלשון הכפולה – וטוב שיש לנו חבר הכנסת אלי דיין; שוב לצור מחצבתך, אלי.",ר' שלמה יצחקי,ר' שלמה יצחקי | רחיים של יד | חמש מאות ועשר (גימטריה),3,knesset,knesset,13_ptm_532015.docx,clean
kn-0014,רש״י,"ובכן, אומר רש""י: ויירא – שמא ייהרג, ויצר לו – אם יהרוג הוא את האחרים.",ר' שלמה יצחקי,ר' שלמה יצחקי | רחיים של יד | חמש מאות ועשר (גימטריה),3,knesset,knesset,13_ptm_532015.docx,clean
kn-0016,הנ״ל,"האם מרכז המידע הנ""ל דייק בדיווחיו ובהודעותיו בעבר בכל הנוגע להתנהגות כוחות הביטחון?",הנזכר לעיל,הנזכר לעיל | הנראה למעלה | הנזכר למטה | שמונים וחמש (גימטריה),4,knesset,knesset,13_ptm_532016.docx,clean
kn-0017,מג״ב,"פרקליטות מחוז הצפון החליטה לסגור את התיק כנגד אנשי מג""ב, באין אשמה פלילית.",משמר הגבול,משמר הגבול | מגה בית (גם: מגה בייט). בדיוק מיליון בית | מיירט גובה בינוני | ארבעים וחמש (גימטריה),4,knesset,knesset,13_ptm_532016.docx,clean
kn-0018,הנ״ל,"כאשר ניגש הנ""ל באותו יום כדי להגיש תלונה על הגנבה בתחנת המשטרה של טייבה, הוא נעצר לחקירה יחד עם חבריו.",הנזכר לעיל,הנזכר לעיל | הנראה למעלה | הנזכר למטה | שמונים וחמש (גימטריה),4,knesset,knesset,13_ptm_532016.docx,clean
kn-0019,הנ״ל,"ביום ראשון, 30 במאי 1993, הגיעו שוטרים ממשטרת טייבה לבית הוריו של הנ""ל והודיעו להם, כי בנם התאבד בתחנת המשטרה של עפולה.",הנזכר לעיל,הנזכר לעיל | הנראה למעלה | הנזכר למטה | שמונים וחמש (גימטריה),4,knesset,knesset,13_ptm_532016.docx,clean
kn-0020,קמ״ש,"האם ידוע למשטרה כמה נהגים נתפסו במהלך שנת 1993 כשהם נוהגים במהירות העולה על 130 קמ""ש?",קילומטרים לשעה,קילומטרים לשעה | קצין משמרת | קצין משפטים | ארבע מאות וארבעים (גימטריה),4,knesset,knesset,13_ptm_532016.docx,clean
kn-0021,ש״ח,"אבל לאחר החלטת ראש ההוצאה לפועל כמה ישלם בגין החוב, משלם החייב את מחצית האגרה השנייה, 35 ש""ח, פעם אחת, בגין כל הפקודות שהובאו בפני בית-המשפט באותו שלב.",שקל חדש,ש.ח. | שקל חדש | שידור חוזר | שומר חינם | שטר חוב | שלוש מאות ושמונה (גימטריה),6,knesset,knesset,13_ptm_532016.docx,clean
kn-0022,ש״ח,"בפועל הביא המצב לכך, שמשטרת ישראל ביצעה את צווי המאסר בעלות ממוצעת של כ-42 ש""ח לצו, במקום 70 ש""ח שאותם קבע המחוקק.",שקל חדש,ש.ח. | שקל חדש | שידור חוזר | שומר חינם | שטר חוב | שלוש מאות ושמונה (גימטריה),6,knesset,knesset,13_ptm_532016.docx,clean
kn-0023,השב״ס,"בעקבות הביקור והדיונים שקיים הנציב עם קציני המטה החליט נציב השב""ס על הצעדים הבאים: א.",שירות בתי הסוהר,שירות בתי הסוהר | השאלה בין-ספרייתית | שלוש מאות ושישים ושבע (גימטריה),3,knesset,knesset,13_ptm_532016.docx,clean
kn-0024,השב״ס,"יש לציין שנציב השב""ס שוחח במהלך ביקורו עם כל האסירים, תא אחר תא, והוברר שחלק מן הטענות שהובאו בכתבה הוכחשו על-ידי האסירים, ואחרות היו מוגזמות או מופרכות.",שירות בתי הסוהר,שירות בתי הסוהר | השאלה בין-ספרייתית | שלוש מאות ושישים ושבע (גימטריה),3,knesset,knesset,13_ptm_532016.docx,clean
kn-0025,ח״י,"בסימן ח""י תומכים, הצעת החוק אושרה והפכה לחוק, חברי הכנסת.",שמונה עשרה בגימטריה,חוק יסוד | חיל ים | חות יאיר (ספר) | חיה יחידה | חק יעקב (ספר) | חרם יהושע (יהדות) | שמונה עשרה בגימטריה,7,knesset,knesset,13_ptm_532016.docx,clean
kn-0026,ד״ר,"אני לא אשכח איך פעם, במשא-ומתן על ההסדר עם הסורים ב-1974, אמר לי ד""ר קיסינג'ר: מה יש לגנרלים לעשות במשא-ומתן?",דוקטור,דוקטור | דברי רבי־ | דפוס ראשון | דברים רבה | מאתיים וארבע (גימטריה),5,knesset,knesset,13_ptm_532017.docx,clean
kn-0027,י״ח,"אדוני היושב-ראש, כנסת נכבדה, בליל שבת, י""ח בטבת, הפגינו תושבי בני-ברק נוכח חילולי שבת הנעשים באזור התעשייה, בכלל זה ב""מכון גאלופ"", שפגעו ברגשות התושבים.",שמונה עשרה (גימטריה),יוסף חיים | יודעי חן | שמונה עשרה (גימטריה),3,knesset,knesset,13_ptm_532017.docx,human_review
kn-0028,ד״ר,"אני רוצה להזכיר, שמחקר של ד""ר בן-יהודה מהאוניברסיטה העברית קבע, שבתקופת המנדט הבריטי נרצחו כ-50 יהודים שנחשדו בשיתוף פעולה עם הבריטים, על-ידי ארגונים יהודיים.",דוקטור,דוקטור | דברי רבי־ | דפוס ראשון | דברים רבה | מאתיים וארבע (גימטריה),5,knesset,knesset,13_ptm_532017.docx,clean
kn-0029,ש״ח,"איך ייתכן שמשכורתו של מרצה באוניברסיטה, לאחר 24 שנות לימוד, אינה יותר, אדוני שר האוצר, מ-5,018 ש""ח, ומשכורתו של פרופסור מן המניין, לאחר 30 שנות עבודה, אינה עולה על 5,058 ש""ח ברוטו, לא נטו, חס וחלילה?",שקל חדש,ש.ח. | שקל חדש | שידור חוזר | שומר חינם | שטר חוב | שלוש מאות ושמונה (גימטריה),6,knesset,knesset,13_ptm_532017.docx,clean
kn-0030,ש״ח,"האין מצב זה מאלץ אותו לעסוק בחלטורות שונות כדי להשלים את דמי מחייתו, או אפילו כדי להגיע לגובה ההוצאה הממוצעת למשפחה בת ארבע נפשות, כלומר – כדי שיגיע לכ-5,000 ש""ח נטו?",שקל חדש,ש.ח. | שקל חדש | שידור חוזר | שומר חינם | שטר חוב | שלוש מאות ושמונה (גימטריה),6,knesset,knesset,13_ptm_532017.docx,clean
kn-0031,רש״י,"שואל רש""י: וכי עלתה על לב שזקני בית-דין שופכי דמים אלה?",ר' שלמה יצחקי,ר' שלמה יצחקי | רחיים של יד | חמש מאות ועשר (גימטריה),3,knesset,knesset,13_ptm_532017.docx,clean
kn-0032,אש״ל,"ולעניין השבתון שנאמר בדברי השר ובדברי חבר הכנסת פורז: כששר נוסע לחוץ-לארץ הוא מקבל אש""ל, הוא לא חוזר עם דולרים.",אכילה שתיה לינה,אין שומעין לו | איפה שלמה | אכילה שתיה לינה | שלוש מאות ושלושים ואחת (גימטריה),4,knesset,knesset,13_ptm_532017.docx,clean
kn-0033,הנ״ל,"ועדת השרים לענייני חקיקה החליטה להתנגד להצעת החוק הנ""ל, ועל כן הנני מבקש מהכנסת להסיר את הצעת החוק מסדר-היום.",הנזכר לעיל,הנזכר לעיל | הנראה למעלה | הנזכר למטה | שמונים וחמש (גימטריה),4,knesset,knesset,13_ptm_532017.docx,clean
kn-0034,הנ״ל,"העניין כולו מצוי, כאמור, בבדיקת הגורמים הנ""ל, תוך התכתבות ובירורים עובדתיים ומשפטיים עם חברות הביטוח והבנקים הנוגעים לעניין.",הנזכר לעיל,הנזכר לעיל | הנראה למעלה | הנזכר למטה | שמונים וחמש (גימטריה),4,knesset,knesset,13_ptm_532017.docx,clean
kn-0035,הנ״ל,"כיוון שהאחראי לביטוח לא כתב ולא אמר לי כמה זמן יימשך בירור העניין, אני אהיה מוכן להודיע לך בתוך כמה זמן תקבל תשובה ותיקבע עמדת הגורמים המפקחים הנ""ל, שכן ייתכן שהכרעתם תהפוך את הדיון כולו למיותר.",הנזכר לעיל,הנזכר לעיל | הנראה למעלה | הנזכר למטה | שמונים וחמש (גימטריה),4,knesset,knesset,13_ptm_532017.docx,clean
kn-0036,ש״ש,"תלמידים יוצאי אתיופיה שעלו לאחר 1 בינואר 1991 מקבלים 1.75 ש""ש לתלמיד בכל שכבות הגיל.",שעות שבועיות,שנה שנייה | שנת שירות | שם שמים | שעות שבועיות | שבת שלום | שומר שכר | שב שמעתתא | שעת שינה | שעות שנתיות | שבועת שוא | שבלת שועל | שירות שקים | שש מאות (גימטריה),13,knesset,knesset,13_ptm_532017.docx,clean
kn-0037,הנ״ל,"מה היא הסיבה להוצאת הבחינות במקצועות הנ""ל ממעגל בחינות הבגרות החיצוניות?",הנזכר לעיל,הנזכר לעיל | הנראה למעלה | הנזכר למטה | שמונים וחמש (גימטריה),4,knesset,knesset,13_ptm_532017.docx,clean
kn-0038,הנ״ל,"אם כן – האם יימנע ביטול הבחינה הנ""ל, ביטול העלול להפוך מקצוע חשוב זה למקצוע משני?",הנזכר לעיל,הנזכר לעיל | הנראה למעלה | הנזכר למטה | שמונים וחמש (גימטריה),4,knesset,knesset,13_ptm_532017.docx,clean
kn-0039,הנ״ל,"האם אין התהליך הנ""ל מהווה סממן לכרסום המתמשך במעמד הציונות במערכת החינוך?",הנזכר לעיל,הנזכר לעיל | הנראה למעלה | הנזכר למטה | שמונים וחמש (גימטריה),4,knesset,knesset,13_ptm_532017.docx,clean
kn-0040,הנ״ל,"המגזר החרדי זכה בשנים האחרונות לתגבור משמעותי, ואין כל יסוד לטענה הנ""ל.",הנזכר לעיל,הנזכר לעיל | הנראה למעלה | הנזכר למטה | שמונים וחמש (גימטריה),4,knesset,knesset,13_ptm_532017.docx,clean
kn-0041,אצ״ל,"הוא מגיע לחוף, הוא פוגש שם אנשי אצ""ל שכבר היו מגויסים לצבא העברי, ששמעו את פשר העניין והגיעו אליו על מנת להשיב אש ליורים.",ארגון צבאי לאומי,ארגון צבאי לאומי | אין צריך לומר | מאה ועשרים ואחת (גימטריה),3,knesset,knesset,13_ptm_532017.docx,clean
kn-0042,אצ״ל,"והוא מוסיף: כעבור ימים מועטים עמדו בחורי אצ""ל, ביניהם בחורי ""אלטלנה"" שעליהם ירו, בכל החזיתות, כנגד האויב הפולש.",ארגון צבאי לאומי,ארגון צבאי לאומי | אין צריך לומר | מאה ועשרים ואחת (גימטריה),3,knesset,knesset,13_ptm_532017.docx,clean
kn-0043,ש״ח,"אף-על-פי-כן נגרם גירעון לא קטן בשנת 1993, בהיקף של 30 מיליון ש""ח.",שקל חדש,ש.ח. | שקל חדש | שידור חוזר | שומר חינם | שטר חוב | שלוש מאות ושמונה (גימטריה),6,knesset,knesset,13_ptm_532017.docx,clean
kn-0044,ש״ח,"למה הוקפאו 50 מיליון ש""ח מהתקציב לישיבות, שהיו בתקציב השוטף, לפי הסיכומים שסוכמו אתך, עם סיעתך, כאשר הייתם באופוזיציה?",שקל חדש,ש.ח. | שקל חדש | שידור חוזר | שומר חינם | שטר חוב | שלוש מאות ושמונה (גימטריה),6,knesset,knesset,13_ptm_532018.docx,clean
kn-0045,ש״ח,"לפי הסיכום בקדנציה הקודמת, היה צריך להשלים 11,500 מיליון ש""ח לכיסוי הגידול הטבעי.",שקל חדש,ש.ח. | שקל חדש | שידור חוזר | שומר חינם | שטר חוב | שלוש מאות ושמונה (גימטריה),6,knesset,knesset,13_ptm_532018.docx,clean
kn-0046,ש״ס,"אני חשבתי לתומי, שיש כל הזמן שיחות בין מפלגת העבודה ובין ראש הממשלה לבין ש""ס, הרב עובדיה יוסף.",שומרי תורה ספרדיים,משנה | תלמוד | תלמוד בבלי | תלמוד ירושלמי | שחר סוויסה | שישה סדרים | שעה סמסטריאלית | שומרי תורה ספרדיים | שלוש מאות ושישים (גימטריה),9,knesset,knesset,13_ptm_532019.docx,clean
kn-0047,ש״ס,"הכסף יועבר ל""אל המעיין"", ו-70 מיליון יועברו למשרד הפנים כתוספת למשרד הפנים, כדי שתינתן למוסדות ש""ס.",שומרי תורה ספרדיים,משנה | תלמוד | תלמוד בבלי | תלמוד ירושלמי | שחר סוויסה | שישה סדרים | שעה סמסטריאלית | שומרי תורה ספרדיים | שלוש מאות ושישים (גימטריה),9,knesset,knesset,13_ptm_532019.docx,clean
kn-0048,ש״ס,"אני אומנם רגיל לכך שאת כל התקדימים עושים על גבה של ש""ס, אבל אני מקווה שאת התקדים הזה לא תיצרו הפעם, ותקיימו את הנוהל הזה, בעיקר כי קשה לי לנאום וקריאות ביניים מפריעות לי.",שומרי תורה ספרדיים,משנה | תלמוד | תלמוד בבלי | תלמוד ירושלמי | שחר סוויסה | שישה סדרים | שעה סמסטריאלית | שומרי תורה ספרדיים | שלוש מאות ושישים (גימטריה),9,knesset,knesset,13_ptm_532019.docx,clean
kn-0049,ש״ס,"אדוני היושב-ראש, חברי הכנסת, שרי הממשלה, תנועת ש""ס וחברי הכנסת שלה אמונים על כך שהמצע המדיני והחברתי שלה הוא פסיקת הרב עובדיה יוסף ומועצת חכמי התורה, ויצאנו עם זה אל הציבור מאז הקמתה של תנועת ש""ס.",שומרי תורה ספרדיים,משנה | תלמוד | תלמוד בבלי | תלמוד ירושלמי | שחר סוויסה | שישה סדרים | שעה סמסטריאלית | שומרי תורה ספרדיים | שלוש מאות ושישים (גימטריה),9,knesset,knesset,13_ptm_532019.docx,clean
kn-0050,ש״ס,"זה לא דבר חדש, וזה לא בא בעקבות ההסכם הזה ולא לאור כניסתה של ש""ס לממשלה הזאת, שהייחוד שלה וזכות קיומה היו נושא השלום.",שומרי תורה ספרדיים,משנה | תלמוד | תלמוד בבלי | תלמוד ירושלמי | שחר סוויסה | שישה סדרים | שעה סמסטריאלית | שומרי תורה ספרדיים | שלוש מאות ושישים (גימטריה),9,knesset,knesset,13_ptm_532019.docx,clean
kn-0051,ש״ס,"אדוני היושב-ראש, מופעל לחץ על ש""ס, לכן שר החוץ מושך את הזמן.",שומרי תורה ספרדיים,משנה | תלמוד | תלמוד בבלי | תלמוד ירושלמי | שחר סוויסה | שישה סדרים | שעה סמסטריאלית | שומרי תורה ספרדיים | שלוש מאות ושישים (גימטריה),9,knesset,knesset,13_ptm_532019.docx,clean
kn-0052,ש״ס,"אני מבקש לדעת, הואיל והיו פה הסתודדויות בין שר האוצר לבין סיעת ש""ס – – –",שומרי תורה ספרדיים,משנה | תלמוד | תלמוד בבלי | תלמוד ירושלמי | שחר סוויסה | שישה סדרים | שעה סמסטריאלית | שומרי תורה ספרדיים | שלוש מאות ושישים (גימטריה),9,knesset,knesset,13_ptm_532019.docx,clean
kn-0053,ש״ס,"עכשיו יקרא לפנינו את הודעת הסיכום של סיעת ש""ס חבר הכנסת פנחסי.",שומרי תורה ספרדיים,משנה | תלמוד | תלמוד בבלי | תלמוד ירושלמי | שחר סוויסה | שישה סדרים | שעה סמסטריאלית | שומרי תורה ספרדיים | שלוש מאות ושישים (גימטריה),9,knesset,knesset,13_ptm_532019.docx,clean
kn-0054,ש״ס,"אדוני היושב-ראש, הצעת החלטה מטעם סיעת ש""ס: הכנסת קובעת כי לצד הסיכוי לשלום יש חששות, וכי ההסכם ייבחן לפי יכולת העמידה של הממשלה.",שומרי תורה ספרדיים,משנה | תלמוד | תלמוד בבלי | תלמוד ירושלמי | שחר סוויסה | שישה סדרים | שעה סמסטריאלית | שומרי תורה ספרדיים | שלוש מאות ושישים (גימטריה),9,knesset,knesset,13_ptm_532019.docx,clean
kn-0055,ש״ס,"חברי הכנסת, אנחנו מצביעים על הצעת הסיכום של סיעת ש""ס.",שומרי תורה ספרדיים,משנה | תלמוד | תלמוד בבלי | תלמוד ירושלמי | שחר סוויסה | שישה סדרים | שעה סמסטריאלית | שומרי תורה ספרדיים | שלוש מאות ושישים (גימטריה),9,knesset,knesset,13_ptm_532019.docx,clean
kn-0056,ש״ס,"אני עסקתי בנושא הזה, ואני רוצה לומר שיש גידול ניכר בגיוס של בחורי ישיבות, דווקא ממוסדות ש""ס.",שומרי תורה ספרדיים,משנה | תלמוד | תלמוד בבלי | תלמוד ירושלמי | שחר סוויסה | שישה סדרים | שעה סמסטריאלית | שומרי תורה ספרדיים | שלוש מאות ושישים (גימטריה),9,knesset,knesset,13_ptm_532019.docx,clean
kn-0057,י״א,"בכיתות י""א, בשיתוף עם העיריות, נכניס כלימוד חובה לימוד נהיגה ובטיחות, תוך שחרור הנבחנים שיעברו בהצלחה מהצורך לעבור מבחן נוסף בתיאוריה בעת קבלת הרשיון.",שנת הלימודים האחת־עשרה של התלמידים בישראל,יש אומרים | ירא אדוני | שווה בגודלה למרחק כדור-הארץ מהשמש | שנת הלימודים האחת־עשרה של התלמידים בישראל | אחת עשרה (גימטריה),5,knesset,knesset,13_ptm_532020.docx,clean
kn-0058,י״א,"אשר לחינוך: אם אתבקש ללמד בכיתות י""א ובכיתות אחרות, יחד עם משרד החינוך, את נושא הבטיחות, אעשה את זה מכל הלב וברצון.",שנת הלימודים האחת־עשרה של התלמידים בישראל,יש אומרים | ירא אדוני | שווה בגודלה למרחק כדור-הארץ מהשמש | שנת הלימודים האחת־עשרה של התלמידים בישראל | אחת עשרה (גימטריה),5,knesset,knesset,13_ptm_532020.docx,clean
kn-0059,ש״ס,"אם תמציא לי אישור שאתה נציג ש""ס, אני אאפשר לך.",שומרי תורה ספרדיים,משנה | תלמוד | תלמוד בבלי | תלמוד ירושלמי | שחר סוויסה | שישה סדרים | שעה סמסטריאלית | שומרי תורה ספרדיים | שלוש מאות ושישים (גימטריה),9,knesset,knesset,13_ptm_532020.docx,clean
kn-0060,אג״ם,"בשל חשיבות הנושא הפניתי את הדבר אל ראש אג""ם במטה הארצי של המשטרה, אשר יבחן את הדרכים למנוע הישנות מקרה כמו זה בעתיד.",אגף המבצעים,אגף המבצעים | אגף המטה | אגף המטה הכללי | ארבעים וארבע (גימטריה),4,knesset,knesset,13_ptm_532020.docx,clean
kn-0061,ד״ר,"אני מודה מאוד לחבר הכנסת ד""ר יוסי ונונו, ששואל אותי מה מטרת הדיבור הזה.",דוקטור,דוקטור | דברי רבי־ | דפוס ראשון | דברים רבה | מאתיים וארבע (גימטריה),5,knesset,knesset,13_ptm_532020.docx,clean
kn-0062,ד״ר,"עכשיו ברצוני לפנות אל חבר הכנסת ד""ר רענן כהן.",דוקטור,דוקטור | דברי רבי־ | דפוס ראשון | דברים רבה | מאתיים וארבע (גימטריה),5,knesset,knesset,13_ptm_532020.docx,clean
kn-0063,ד״ר,"אני חושב שמה שעושה בעניין הזה חבר הכנסת ד""ר רענן כהן זו מלאכה חשובה שצריכה לקבל ביטוי, כי בסופו של דבר כאשר אדם הולך לצבא הוא מסכן את הדבר החשוב ביותר, את חייו, והוא מוכן להקריב חיים למען מטרה.",דוקטור,דוקטור | דברי רבי־ | דפוס ראשון | דברים רבה | מאתיים וארבע (גימטריה),5,knesset,knesset,13_ptm_532020.docx,clean
kn-0064,ש״ח,"אם לממשלה יש, נניח, תוכנית השקעות פרודוקטיבית לצמיחה, להשקעות בתשתית, אבל בד בבד היא מעבירה מכספי האוצר למעלה מ-3 מיליארדי ש""ח לסקטור הלא-יצרני, ההסתדרותי, הקיבוצי, הנזק הוא אותו נזק.",שקל חדש,ש.ח. | שקל חדש | שידור חוזר | שומר חינם | שטר חוב | שלוש מאות ושמונה (גימטריה),6,knesset,knesset,13_ptm_532020.docx,clean
kn-0065,ד״ר,"חבר הכנסת איתן, בדקנו בספרי הכנסת מימים ימימה, ומצאנו שאתה צריך לדבר עוד שעתיים וחצי כדי להשיג את השיא של ד""ר בדר.",דוקטור,דוקטור | דברי רבי־ | דפוס ראשון | דברים רבה | מאתיים וארבע (גימטריה),5,knesset,knesset,13_ptm_532020.docx,clean
kn-0066,ד״ר,"בסיכום, אני מבקש לקרוא לכם מאמר של כלכלן, ד""ר סטיבן פלאוט, שניסה לסכם את העידן של הליכוד.",דוקטור,דוקטור | דברי רבי־ | דפוס ראשון | דברים רבה | מאתיים וארבע (גימטריה),5,knesset,knesset,13_ptm_532020.docx,clean
kn-0067,ש״ח,"שכר המינימום עודכן באפריל ל-1,377.9 ש""ח לחודש.",שקל חדש,ש.ח. | שקל חדש | שידור חוזר | שומר חינם | שטר חוב | שלוש מאות ושמונה (גימטריה),6,knesset,knesset,13_ptm_532022.docx,clean
kn-0068,ש״ס,"אני רוצה לשאול אותו ואני רוצה לשאול את מצביעי ש""ס: השתנה משהו?",שומרי תורה ספרדיים,משנה | תלמוד | תלמוד בבלי | תלמוד ירושלמי | שחר סוויסה | שישה סדרים | שעה סמסטריאלית | שומרי תורה ספרדיים | שלוש מאות ושישים (גימטריה),9,knesset,knesset,13_ptm_532022.docx,clean
kn-0069,מו״מ,"זה לא מו""מ, זהו מום – מום ביכולתו של ראש הממשלה לנווט משא-ומתן זה בהצלחה.",משא ומתן,משא ומתן | מקח וממכר | מרכב ומושב | שמונים ושש (גימטריה),4,knesset,knesset,13_ptm_532022.docx,clean
kn-0070,ש״ח,"ביחס לליקויים שנתגלו בשנת 1992, עד היום חברת ""עמידר"" השקיעה כ-5 מיליוני ש""ח בתיקון הליקויים.",שקל חדש,ש.ח. | שקל חדש | שידור חוזר | שומר חינם | שטר חוב | שלוש מאות ושמונה (גימטריה),6,knesset,knesset,13_ptm_532022.docx,clean
kn-0071,ד״ר,"ד""ר ע', שחזר מהשתלמות באישור מנהל בית-החולים, מועסק מאז חזרתו לפי חוזה מיוחד ובאופן זמני; ה.",דוקטור,דוקטור | דברי רבי־ | דפוס ראשון | דברים רבה | מאתיים וארבע (גימטריה),5,knesset,knesset,13_ptm_532022.docx,clean
kn-0072,ד״ר,"(לא נקראה, נמסרה לפרוטוקול) ד""ר רבינוביץ הינו מרצה בכיר באוניברסיטת בר-אילן.",דוקטור,דוקטור | דברי רבי־ | דפוס ראשון | דברים רבה | מאתיים וארבע (גימטריה),5,knesset,knesset,13_ptm_532022.docx,clean
kn-0073,קמ״ט,"כיום מתקיימות התייעצויות בין שירותי בריאות הציבור ביהודה ובשומרון לבין משרד קמ""ט חינוך בנושא היערכות לפעולות הסברה בקרב תלמידים בבתי-ספר.",קצין מטה,קצין מטה | קורס מפקדי טנקים | קצין מיון טרומי | מאה וארבעים ותשע (גימטריה),4,knesset,knesset,13_ptm_532022.docx,clean
kn-0074,ש״ח,"התוספת של שני סגנים על החמישה תעלה לכנסת השלוש-עשרה, רק במשכורות – 48,000 ש""ח בארבע השנים הקרובות; שלא לדבר על כך שצריכים להעמיד לרשותם חדרים ואת כל הדברים האחרים.",שקל חדש,ש.ח. | שקל חדש | שידור חוזר | שומר חינם | שטר חוב | שלוש מאות ושמונה (גימטריה),6,knesset,knesset,13_ptm_532023.docx,clean
kn-0075,מ״ר,"אולם עד מהרה השכירה החברה את הגן כולו, ששטחו 14,000 מ""ר, למר ורטהיימר באופן בלעדי.",מטר רבוע,מטר רבוע | מדרש רבה | מילי־רדיאן | מאתיים וארבעים (גימטריה),4,knesset,knesset,13_ptm_532024.docx,clean
kn-0076,איו״ש,"אני רוצה לומר, שמתוך 16 פיגועים שהיו בתוך שטח ""הקו הירוק"", בתוך שטח מדינת ישראל בגבולות ""הקו הירוק"", שישה נעשו על-ידי אנשי רצועת-עזה, חמישה על-ידי אנשי איו""ש, וחמישה עדיין לא מפוענחים.",אזור יהודה ושומרון,אזור יהודה ושומרון | אריכות ימים ושנים | שלוש מאות ושבע עשרה (גימטריה),3,knesset,knesset,13_ptm_532024.docx,clean
kn-0077,ש״ח,"הוטלו עלינו קנסות, לפי חוק מימון מפלגות, בסכום המתקרב ל-2 מיליוני ש""ח.",שקל חדש,ש.ח. | שקל חדש | שידור חוזר | שומר חינם | שטר חוב | שלוש מאות ושמונה (גימטריה),6,knesset,knesset,13_ptm_532024.docx,clean
kn-0078,ש״ח,"אף כי לא הואשמנו בנושא מס הכנסה, שילמה הסיעה סכום של 750,000 ש""ח לנציבות מס הכנסה לחיסול כל היבטי הפרשה, הן ההיבטים הפיסקליים והן ההיבטים האחרים, בכלל זה הפליליים.",שקל חדש,ש.ח. | שקל חדש | שידור חוזר | שומר חינם | שטר חוב | שלוש מאות ושמונה (גימטריה),6,knesset,knesset,13_ptm_532024.docx,clean
kn-0079,ש״י,"חברי הכנסת, אנו עוברים להצעת חוק ש""י, הצעת חוק הסקרים – של חבר הכנסת דוד מנע.",שינוי יסודי (הצעת חוק פרטית),שמואל יוסף (עגנון) | שומרון-יהודה | שירות ידיעות | ש (=השם) ישמרם | שינוי יסודי (הצעת חוק פרטית) | שלוש מאות ועשר (גימטריה),6,knesset,knesset,13_ptm_532024.docx,human_review
kn-0080,ד״ר,"שמו ד""ר עודד קריב, הוא אותו אדם שפנה בשעתו לבית-המשפט לתביעות קטנות והשיג את פסק-הדין.",דוקטור,דוקטור | דברי רבי־ | דפוס ראשון | דברים רבה | מאתיים וארבע (גימטריה),5,knesset,knesset,13_ptm_532025.docx,clean
kn-0081,ד״ר,"כאשר אני פוגש אדם כמו ד""ר עודד קריב, שמנהל מאבק עקרוני במשך שנים, אני חושב שלאות הערכה הייתי רוצה באמת לציין את המאבק הזה, ואני אעמוד שעתיים על הדוכן.",דוקטור,דוקטור | דברי רבי־ | דפוס ראשון | דברים רבה | מאתיים וארבע (גימטריה),5,knesset,knesset,13_ptm_532025.docx,clean
kn-0082,ד״ר,"הדברים הגיעו לערכאות שיפוטיות, בית-המשפט העליון קיבל החלטה, וההחלטה של בית-המשפט העליון חזרה לביצוע לגבי אותו ד""ר עודד קריב שניהל את התביעה הניסיונית.",דוקטור,דוקטור | דברי רבי־ | דפוס ראשון | דברים רבה | מאתיים וארבע (גימטריה),5,knesset,knesset,13_ptm_532025.docx,clean
kn-0083,ד״ר,"אבל קבלו הסתייגות והוכיחו שלאזרחי מדינת ישראל, כמו ד""ר עודד קריב, שניהל מאבק שרבים מזדהים אתו, יש יכולת השפעה מסוימת, ולו סמלית, גם על הבית הזה.",דוקטור,דוקטור | דברי רבי־ | דפוס ראשון | דברים רבה | מאתיים וארבע (גימטריה),5,knesset,knesset,13_ptm_532025.docx,clean
kn-0084,ד״ר,"הדברים התקבלו בברכה על-ידי היושב-ראש הסנגלי של הוועדה, ד""ר סאו, אשר בעקבות הדיווח מנע מחברי הוועדה הצגת שאלות והסתפק בהבעת תקווה לקידום נוסף של התהליך.",דוקטור,דוקטור | דברי רבי־ | דפוס ראשון | דברים רבה | מאתיים וארבע (גימטריה),5,knesset,knesset,13_ptm_532025.docx,clean
kn-0085,השב״ס,"שהייה ארוכה בתאי ההפרדה – החזקה של אסיר בהפרדה נעשית בהתאם לקבוע בסעיף 21 לתקנות בתי-הסוהר ולפקודות ולנוהלי השב""ס, שהוצאו בעקבות התקנות.",שירות בתי הסוהר,שירות בתי הסוהר | השאלה בין-ספרייתית | שלוש מאות ושישים ושבע (גימטריה),3,knesset,knesset,13_ptm_532025.docx,clean
kn-0086,השב״ס,"ברצוננו לציין, כי מייד הפנינו את תשומת לב ממלא-מקום נציב השב""ס וביקשנו את התערבותו לתיקון המצב בהקדם, ואנו מצדנו נקיים גם מעקב.",שירות בתי הסוהר,שירות בתי הסוהר | השאלה בין-ספרייתית | שלוש מאות ושישים ושבע (גימטריה),3,knesset,knesset,13_ptm_532025.docx,clean
kn-0087,יש״י,"יש""י, יחד שבטי ישראל – לא ניתן לקבוע אם עמדו באיסורים על סכומי ההוצאות ועל תרומות.",יחד שבטי ישראל,יחידת השליטה הימית | יחד שבטי ישראל | שלוש מאות ועשרים (גימטריה),3,knesset,knesset,13_ptm_532026.docx,clean
kn-0088,י״א,"ישיבת הכנסת תתקיים מחר, יום חמישי, י""א מנחם-אב, 29 ביולי 1993, בשעה 11:00.",אחת עשרה (גימטריה),יש אומרים | ירא אדוני | שווה בגודלה למרחק כדור-הארץ מהשמש | שנת הלימודים האחת־עשרה של התלמידים בישראל | אחת עשרה (גימטריה),5,knesset,knesset,13_ptm_532026.docx,human_review
kn-0089,רמב״ם,"החולים מטופלים בבתי-חולים בישראל: ב""הדסה"" וב""רמב""ם"".",הקריה הרפואית לבריאות האדם – בית חולים בחיפה,משנה תורה | ר' משה בן מימון | המרכז הרפואי מיימונידיס | הקריה הרפואית לבריאות האדם – בית חולים בחיפה | מאתיים ושמונים ושתיים (גימטריה),5,knesset,knesset,13_ptm_532027.docx,clean
kn-0090,י״א,"בכיתות י""א לימוד חובה של בטיחות ולימודי נהיגה עיוניים, שבסיומם יקבל התלמיד תעודה המשחררת אותו מצורך במבחן בתיאוריה ללימוד נהיגה.",שנת הלימודים האחת־עשרה של התלמידים בישראל,יש אומרים | ירא אדוני | שווה בגודלה למרחק כדור-הארץ מהשמש | שנת הלימודים האחת־עשרה של התלמידים בישראל | אחת עשרה (גימטריה),5,knesset,knesset,13_ptm_532028.docx,clean
kn-0091,קמ״ש,"אם אין בכוונתכם לעשות זאת, כיצד תוכלו לאכוף את התקנות המגבילות את המהירות ל-90 קמ""ש?",קילומטרים לשעה,קילומטרים לשעה | קצין משמרת | קצין משפטים | ארבע מאות וארבעים (גימטריה),4,knesset,knesset,13_ptm_532028.docx,clean
kn-0092,קמ״ש,"כבר היום המשטרה אוכפת החל במהירות 105 קמ""ש, כדי להתגבר על אי-דיוקים במד-המהירות שברכב.",קילומטרים לשעה,קילומטרים לשעה | קצין משמרת | קצין משפטים | ארבע מאות וארבעים (גימטריה),4,knesset,knesset,13_ptm_532028.docx,clean
kn-0093,קמ״ש,"מי שנוסע 110 קמ""ש מסתכן בדוח תנועה, ומי שנוהג במהירות העולה על 120 קמ""ש מסתכן בשלילה מינהלית של רשיון הנהיגה שלו.",קילומטרים לשעה,קילומטרים לשעה | קצין משמרת | קצין משפטים | ארבע מאות וארבעים (גימטריה),4,knesset,knesset,13_ptm_532028.docx,clean
kn-0094,קמ״ש,"חבר הכנסת מגן דיבר על 110 קמ""ש, והוא צודק.",קילומטרים לשעה,קילומטרים לשעה | קצין משמרת | קצין משפטים | ארבע מאות וארבעים (גימטריה),4,knesset,knesset,13_ptm_532028.docx,clean
kn-0095,בע״מ,"סעיף 4 להצעת החוק מחיל את החוק לגבי המקרה של ""הסנה חברה ישראלית לביטוח בע""מ"", שב-8 בדצמבר 1992 מונה לה מנהל מורשה.",בערבון מוגבל,בערבון מוגבל | בעל מלאכה | בעל מום | בקשת ערעור משפחה | מאה ושתים עשרה (גימטריה),5,knesset,knesset,13_ptm_532028.docx,clean
kn-0096,מג״ב,"בפרשה הראשונה מדובר בדקירת שוטר מג""ב מאחור, דקירה שהסתיימה בפצע שטחי.",משמר הגבול,משמר הגבול | מגה בית (גם: מגה בייט). בדיוק מיליון בית | מיירט גובה בינוני | ארבעים וחמש (גימטריה),4,knesset,knesset,13_ptm_532030.docx,clean
kn-0097,מ״ר,"הקצבה זו תאפשר השתתפות בבנייה במוסדות השונים בהיקף של אלפי מ""ר.",מטר רבוע,מטר רבוע | מדרש רבה | מילי־רדיאן | מאתיים וארבעים (גימטריה),4,knesset,knesset,13_ptm_532030.docx,clean
kn-0098,מ״ר,"תוכנית לבניית בניין גדול, ובו כ-8,000 מ""ר, נמצאת בשלבי תכנון.",מטר רבוע,מטר רבוע | מדרש רבה | מילי־רדיאן | מאתיים וארבעים (גימטריה),4,knesset,knesset,13_ptm_532030.docx,clean
kn-0099,פר״ח,"מלגות פר""ח, פרויקט חונכות, שבמסגרתו פועלים כ-14,000 סטודנטים כחונכים הזוכים במלגות בשיעור של קרוב למחצית משכר הלימוד.",פרויקט חונכות,פרי חדש | פרויקט חונכות | פירש רבנו חננאל | מאתיים ושמונים ושמונה (גימטריה),4,knesset,knesset,13_ptm_532030.docx,clean
kn-0100,מח״ל,"אדוני היושב-ראש, כנסת נכבדה, חרף עיסוקים חשובים בנושאים העומדים על סדר-היום, קרי סיוע לרשימות מח""ל במקומות שונים בארץ, העדפתי להפסיק את הסיור שלי, להגיע הנה, על מנת להביע תמיכה בחוק ולשבח את שר האוצר.",מפלגת חרות לאומית,מתנדבי חוץ לארץ במלחמת העצמאות | מפלגת חרות לאומית | שבעים ושמונה (גימטריה),3,knesset,knesset,13_ptm_532031.docx,clean
kn-0101,רש״י,"אומר רש""י: מה פתאום התורה מספרת על תכולת השיירה?",ר' שלמה יצחקי,ר' שלמה יצחקי | רחיים של יד | חמש מאות ועשר (גימטריה),3,knesset,knesset,13_ptm_532033.docx,clean
kn-0102,רש״י,"אומר רש""י, כדי שיוסף הצדיק לא יוזק מריח רע.",ר' שלמה יצחקי,ר' שלמה יצחקי | רחיים של יד | חמש מאות ועשר (גימטריה),3,knesset,knesset,13_ptm_532033.docx,clean
kn-0103,רש״י,"אומר רש""י: כשהריחו ריח ארצם, את ריח אתונה, סבורים להיות קרובים לעצמם ברומא, העזו ודיברו קשות עם המלך.",ר' שלמה יצחקי,ר' שלמה יצחקי | רחיים של יד | חמש מאות ועשר (גימטריה),3,knesset,knesset,13_ptm_532033.docx,clean
kn-0104,רש״י,"אומר על כך רש""י: נעשה בשרו חידודין חידודין.",ר' שלמה יצחקי,ר' שלמה יצחקי | רחיים של יד | חמש מאות ועשר (גימטריה),3,knesset,knesset,13_ptm_532035.docx,clean
kn-0105,רמב״ם,"רק לפני חודש אמר רופא בבית-החולים ""רמב""ם"", ואינני רוצה להזכיר את שמו אף שהוא הופיע בכל העיתונים, כאשר פנה אל חולה שהיתה מאושפזת שם ואל מי שבא לבקר אותה ואמר: ספרדים פרימיטיבים, מרוקאית מלוכלכת.",הקריה הרפואית לבריאות האדם – בית חולים בחיפה,משנה תורה | ר' משה בן מימון | המרכז הרפואי מיימונידיס | הקריה הרפואית לבריאות האדם – בית חולים בחיפה | מאתיים ושמונים ושתיים (גימטריה),5,knesset,knesset,13_ptm_532035.docx,clean
kn-0106,מ״ר,"בשנים האחרונות כל מוסדות החינוך הנבנים ביישובים השונים, בכל המגזרים, נבנים עם מקלטים, לפי תקן של 10 מ""ר לכיתה.",מטר רבוע,מטר רבוע | מדרש רבה | מילי־רדיאן | מאתיים וארבעים (גימטריה),4,knesset,knesset,13_ptm_532036.docx,clean
kn-0107,ס״מ,"ממצאים של מהנדסי רכבת ישראל מגלים, כי קטע של 300 מטר במסילת הרכבת בקו חיפה–נהרייה זז ממקומו ב-90 ס""מ.",סנטימטר,סנטימטר | סגן מפקד | סמאל | סטרא דמסאבותא | מאה (גימטריה),5,knesset,knesset,13_ptm_532038.docx,clean
kn-0108,ס״מ,"לפי מה שנאמר לי על-ידי המומחים, זה 70 ס""מ ולא 90 ס""מ, אבל זה לא משנה.",סנטימטר,סנטימטר | סגן מפקד | סמאל | סטרא דמסאבותא | מאה (גימטריה),5,knesset,knesset,13_ptm_532038.docx,clean
kn-0109,איו״ש,"עכשיו נעבור לתושבי איו""ש, בשנות הריצוי שלהם.",אזור יהודה ושומרון,אזור יהודה ושומרון | אריכות ימים ושנים | שלוש מאות ושבע עשרה (גימטריה),3,knesset,knesset,13_ptm_532038.docx,clean
kn-0110,קק״ל,"משרד התחבורה השקיע בעבר בהקמת גשר להולכי רגל בצדי הגשר שברחוב קק""ל אשר משמש את הולכי הרגל, וכן על-מנת שיוכלו לעבור בבטחה בעת הצפת הגשר בשיטפונות.",קרן קיימת לישראל,קרן קיימת לישראל | קילו קלוריה | מאתיים ושלושים (גימטריה),3,knesset,knesset,13_ptm_532040.docx,clean
kn-0111,תמ״א,"מנחת שדה תימן אינו מוזנח ונמצא בפיקוח מינהל התעופה האזרחית ומתוכנן בתוכנית מתאר ארצית לשדות תעופה ומנחתים (תמ""א 15) כשדה לטיסות פנים-ארציות, לטיסות ספורטיביות ולדאייה.",תוכנית מתאר ארצית,תוכנית מתאר ארצית | תוספת מכסת אחוזים | ארבע מאות וארבעים ואחת (גימטריה),3,knesset,knesset,13_ptm_532040.docx,clean
kn-0112,קמ״ש,"בכביש חיפה–תל-אביב המהירות המותרת היא 90 קמ""ש.",קילומטרים לשעה,קילומטרים לשעה | קצין משמרת | קצין משפטים | ארבע מאות וארבעים (גימטריה),4,knesset,knesset,13_ptm_532040.docx,clean
kn-0113,קמ״ש,"מדוע לא מורה השר על העלאת מהירות הנסיעה בכביש חיפה–תל-אביב ל-100 קמ""ש?",קילומטרים לשעה,קילומטרים לשעה | קצין משמרת | קצין משפטים | ארבע מאות וארבעים (גימטריה),4,knesset,knesset,13_ptm_532040.docx,clean
kn-0114,קמ״ש,"שר התחבורה הוציא תקנה המעלה את מהירות הנסיעה בדרך מהירה בין-עירונית מ-90 קמ""ש ל-100 קמ""ש, בהסתמך על ועדת מומחים בראשותו של פרופסור ליבנה מהטכניון.",קילומטרים לשעה,קילומטרים לשעה | קצין משמרת | קצין משפטים | ארבע מאות וארבעים (גימטריה),4,knesset,knesset,13_ptm_532040.docx,clean
kn-0115,קמ״ש,"דרך מס' 2, המכונה כביש חיפה–תל-אביב, אינה מוכרזת עדיין כדרך מהירה בין-עירונית, ולכן לא ניתן להעלות את מהירות הנסיעה מ-90 קמ""ש ל-100 קמ""ש.",קילומטרים לשעה,קילומטרים לשעה | קצין משמרת | קצין משפטים | ארבע מאות וארבעים (גימטריה),4,knesset,knesset,13_ptm_532040.docx,clean
kn-0116,סמ״ק,"רפורמה זו הביאה להוזלה משמעותית במחירי מכוניות בעלות נפח מנוע גדול יותר, ובמיוחד אלה שמעל 2,000 סמ""ק.",סנטימטר מעוקב,ספר מצוות קטן | סנטימטר מעוקב | מאתיים (גימטריה),3,knesset,knesset,13_ptm_532040.docx,clean
kn-0117,קמ״ש,"מה הן תוצאות הניסוי של העלאת מהירות הנסיעה המותרת ל-100 קמ""ש בשלושה כבישים בין-עירוניים בארץ?",קילומטרים לשעה,קילומטרים לשעה | קצין משמרת | קצין משפטים | ארבע מאות וארבעים (גימטריה),4,knesset,knesset,13_ptm_532040.docx,clean
kn-0118,מח״ל,"חברי הכנסת מסיעת מח""ל, אני רוצה להגיד לכם כמה דברים.",מפלגת חרות לאומית,מתנדבי חוץ לארץ במלחמת העצמאות | מפלגת חרות לאומית | שבעים ושמונה (גימטריה),3,knesset,knesset,13_ptm_532041.docx,clean
kn-0119,י״א,"המשיבים הם תלמידי כיתות י""א במדגם ארצי מייצג של בתי-ספר יהודיים, ערביים, דרוזיים ובדואיים, סך-הכול כ-200 בתי-ספר שנבחרו באקראי על-פי שיטות דגימה מקובלות.",שנת הלימודים האחת־עשרה של התלמידים בישראל,יש אומרים | ירא אדוני | שווה בגודלה למרחק כדור-הארץ מהשמש | שנת הלימודים האחת־עשרה של התלמידים בישראל | אחת עשרה (גימטריה),5,knesset,knesset,13_ptm_532042.docx,clean
kn-0120,ז״ל,"פרצופיהם של אהוד חלמיש ז""ל, אשר עזרא ז""ל, יעקב גבאי ז""ל, דביר יעקב מור-חיים ז""ל, הם – אני מביאה מובאה מ""המודיע"" – ""פרצופיהם של חיות ילדים המעוררים רגשי חמלה ורחמים"".",זכרו לברכה; זכרונו לברכה,זרע לבטלה | זכור לטוב | זכר לחורבן | זכרנו לחיים | זה לשונו | זכר לדבר | זכרו לברכה; זכרונו לברכה | שלושים ושבע (גימטריה),8,knesset,knesset,13_ptm_532043.docx,clean
kn-0121,י״א,"אל מול השבר העכשווי והמודרני הזה עומד לו יום י""א באדר החל היום ועמו האירועים הנזכרים בהקשרו והמנהיגים שהובילו אותם אירועים כענקי הדור, כנביאים של ממש.",אחת עשרה (גימטריה),יש אומרים | ירא אדוני | שווה בגודלה למרחק כדור-הארץ מהשמש | שנת הלימודים האחת־עשרה של התלמידים בישראל | אחת עשרה (גימטריה),5,knesset,knesset,13_ptm_532044.docx,human_review
kn-0122,י״א,"בחרתי לציין את י""א באדר דווקא בנושא העוסק בנגע ההתבוללות, כי נראה לי שאין נושא מתאים יותר דווקא היום ודווקא בהקשר זה.",אחת עשרה (גימטריה),יש אומרים | ירא אדוני | שווה בגודלה למרחק כדור-הארץ מהשמש | שנת הלימודים האחת־עשרה של התלמידים בישראל | אחת עשרה (גימטריה),5,knesset,knesset,13_ptm_532044.docx,human_review
kn-0123,י״א,"לארגן את התקציב – משרד החוץ, הסוכנות היהודית – ולהביא לשנה את כל כיתות י""א מהגולה.",שנת הלימודים האחת־עשרה של התלמידים בישראל,יש אומרים | ירא אדוני | שווה בגודלה למרחק כדור-הארץ מהשמש | שנת הלימודים האחת־עשרה של התלמידים בישראל | אחת עשרה (גימטריה),5,knesset,knesset,13_ptm_532044.docx,clean
kn-0124,קמ״ט,"האם זה כולל הוצאות מטעם המינהל האזרחי – קמ""ט התיירות?",קצין מטה,קצין מטה | קורס מפקדי טנקים | קצין מיון טרומי | מאה וארבעים ותשע (גימטריה),4,knesset,knesset,13_ptm_532045.docx,clean
kn-0125,ד״ר,"ולסיום, אדוני, אני רוצה לקרוא מכתב מימים אלה, שקיבלתי מד""ר יצחק קדמן – גם שר הבריאות קיבל אותו, אני קיבלתי העתק.",דוקטור,דוקטור | דברי רבי־ | דפוס ראשון | דברים רבה | מאתיים וארבע (גימטריה),5,knesset,knesset,13_ptm_532045.docx,human_review
kn-0126,א״י,"""הנדון: ושוב, ילדים ללא ביטוח בריאות רפואי"" – ואני קורא את המכתב: ""א""י הוא ילד בן כשנה וחצי הסובל מאיחור התפתחותי פסיכומוטורי ורפיון שרירים.",ארץ ישראל,ארץ ישראל | אבן יקרה | אינו יהודי | אין יכול | אחת עשרה (גימטריה),5,knesset,knesset,13_ptm_532045.docx,clean
kn-0127,דפ״ר,"התוצאות של העוני הן: ילדים בחינוך מיוחד, ילדים עם דפ""ר נמוך, ילדים שחיים ללא הורים מכיוון שההורים בבתי-הסוהר, ילדים פגועים פיסית, נפשית, מינית.",דירוג פסיכוטכני ראשוני,דפוס ראשון | דירוג פסיכוטכני ראשוני | מאתיים ושמונים וארבע (גימטריה),3,knesset,knesset,13_ptm_532046.docx,clean
kn-0128,רש״י,"אומר רש""י: קדושים תהיו, הוו פרושים מעריות.",ר' שלמה יצחקי,ר' שלמה יצחקי | רחיים של יד | חמש מאות ועשר (גימטריה),3,knesset,knesset,13_ptm_532046.docx,clean
kn-0129,רש״י,"מסביר רש""י: כל מקום שאתה מוצא גדר ערווה, אתה מוצא קדושה.",ר' שלמה יצחקי,ר' שלמה יצחקי | רחיים של יד | חמש מאות ועשר (גימטריה),3,knesset,knesset,13_ptm_532046.docx,clean
kn-0130,בע״מ,"חברת החשמל לישראל בע""מ, וכן חברת החשמל למחוז ירושלים בע""מ, פועלות מכוח זיכיון שהחל עוד בתקופת המנדט.",בערבון מוגבל,בערבון מוגבל | בעל מלאכה | בעל מום | בקשת ערעור משפחה | מאה ושתים עשרה (גימטריה),5,knesset,knesset,13_ptm_532046.docx,clean
kn-0131,יו״ד,"ובכן, רבותי, יש כאן ויכוח על דיוק ועל קוצו של יו""ד.",יוד,"יורה דעה | יוד | יורה דעה, אחד מחלקי השלחן ערוך | עשרים (גימטריה)",4,knesset,knesset,13_ptm_532047.docx,clean
kn-0132,מ״ר,"""המבנה הקטן (כ-10 מ""ר) שמעל לבאר היה מסוכן, וכיוון שלא חוזק במשך שנים, לא היה מנוס מלהורסו לפני בוא החורף.",מטר רבוע,מטר רבוע | מדרש רבה | מילי־רדיאן | מאתיים וארבעים (גימטריה),4,knesset,knesset,13_ptm_532047.docx,clean
kn-0133,ס״מ,"אחד השוטרים ירה בצעיר הזה ממרחק של 40 ס""מ, כאשר הוא שכב על הארץ ולא נשקפה ממנו שום סכנה, וכאשר שוטר שני ניסה לשבש הליכי חקירה.",סנטימטר,סנטימטר | סגן מפקד | סמאל | סטרא דמסאבותא | מאה (גימטריה),5,knesset,knesset,13_ptm_532047.docx,clean
kn-0134,השב״ס,"בקרב קצונת השב""ס הבכירה שוררת מאז התמרמרות רבה על עקיפת סמכויות.",שירות בתי הסוהר,שירות בתי הסוהר | השאלה בין-ספרייתית | שלוש מאות ושישים ושבע (גימטריה),3,knesset,knesset,13_ptm_532047.docx,clean
kn-0135,השב״ס,"האחד – מנהיגות האסירים הביטחוניים; השני – מר לוי שאול, נציב השב""ס לשעבר.",שירות בתי הסוהר,שירות בתי הסוהר | השאלה בין-ספרייתית | שלוש מאות ושישים ושבע (גימטריה),3,knesset,knesset,13_ptm_532047.docx,clean
kn-0136,השב״ס,"חבר הכנסת גולדשמידט, יש שירות רפואי של השב""ס; הם מזלזלים בו, וזה מה שטענתי גם בפעם הקודמת.",שירות בתי הסוהר,שירות בתי הסוהר | השאלה בין-ספרייתית | שלוש מאות ושישים ושבע (גימטריה),3,knesset,knesset,13_ptm_532047.docx,clean
kn-0137,רש״י,"מפרש רש""י: וירא – שמא יהרג, ויצר לו – אם יהרוג הוא אחרים.",ר' שלמה יצחקי,ר' שלמה יצחקי | רחיים של יד | חמש מאות ועשר (גימטריה),3,knesset,knesset,13_ptm_532047.docx,clean
kn-0138,רמב״ם,"במקרה הזה, גברתי היושבת-ראש, שני השוטרים שהיו אחראים למעשה הורשעו בתיק פלילי 121/89 על-ידי בית-המשפט המחוזי חיפה, נידונו לשישה חודשי עבודות תחזוקה בבית-חולים ""רמב""ם"".",הקריה הרפואית לבריאות האדם – בית חולים בחיפה,משנה תורה | ר' משה בן מימון | המרכז הרפואי מיימונידיס | הקריה הרפואית לבריאות האדם – בית חולים בחיפה | מאתיים ושמונים ושתיים (גימטריה),5,knesset,knesset,13_ptm_532048.docx,clean
kn-0139,מ״מ,"הנשק והתחמושת שנתפסו היו כדלקמן: כלי נשק – 26 אקדחים, 41 רובי ציד וחמישה רובי אוויר; תחמושת – 2,481 כדורים 9 מ""מ; 700 כדורים 0.38; 365 כדורים 0.45; 325 כדורים 0.22; 850 כדורי ציד 12.",מילימטר,מילימטר | ממלא מקום | מכל מקום | מערכות מידע | מפקד מחלקה | מראה מקום | משתנה מקרי | מרחב מטרי | מגיד מישרים | מרחב מכפלה | מערכות מחשב | מגיד משנה | מערך המבצעים המיוחדים | מכונאי מוטס | מקרא מגילה | מרחב מדגם | שמונים (גימטריה),17,knesset,knesset,13_ptm_532048.docx,clean
kn-0140,מ״ר,"ב-23 בנובמבר הציעו המינהל ונציגי הממשלה לאנשי רמיה, שכל אדם שהוא מעל גיל 18 יקבל מגרש של 450 מ""ר.",מטר רבוע,מטר רבוע | מדרש רבה | מילי־רדיאן | מאתיים וארבעים (גימטריה),4,knesset,knesset,13_ptm_532049.docx,clean
kn-0141,מ״ר,"כל גבר שהוא מעל גיל 18 שנה יקבל מגרש של 450 מ""ר.",מטר רבוע,מטר רבוע | מדרש רבה | מילי־רדיאן | מאתיים וארבעים (גימטריה),4,knesset,knesset,13_ptm_532049.docx,clean
kn-0142,מ״ר,"כאשר באים ואומרים להם: בואו, תיתנו לכל אדם ביישוב הזה 450 מ""ר, ל-106 נפשות, תנו לכל נפש חצי דונם – הם לא מסכימים.",מטר רבוע,מטר רבוע | מדרש רבה | מילי־רדיאן | מאתיים וארבעים (גימטריה),4,knesset,knesset,13_ptm_532049.docx,clean
kn-0143,מ״ר,"הזוג התגורר עם אב המבקש (אליהו סבאג) בדירת שלושה חדרים, 80 מ""ר, בבעלות חברת ""עמידר"".",מטר רבוע,מטר רבוע | מדרש רבה | מילי־רדיאן | מאתיים וארבעים (גימטריה),4,knesset,knesset,13_ptm_532052.docx,clean
kn-0144,קמ״ט,"האין שיתופו של קמ""ט ארכיאולוגיה של הגדה המערבית מעיד על כך שיש כאן רצון לבצע מחטף ארכיאולוגי, קודם שהשטח יימסר לידי רשויות האוטונומיה או הממשל הפלשתיני ביריחו?",קצין מטה,קצין מטה | קורס מפקדי טנקים | קצין מיון טרומי | מאה וארבעים ותשע (גימטריה),4,knesset,knesset,13_ptm_532053.docx,clean
kn-0145,קמ״ט,"קמ""ט ארכיאולוגיה ביהודה, בשומרון ובחבל-עזה, הכפוף לראש המינהל האזרחי, שותף ופועל לגבי העתיקות בהתאם לסמכויות ולנהלים הקבועים בכל אותן 40 פעולות, כמו במקרה זה.",קצין מטה,קצין מטה | קורס מפקדי טנקים | קצין מיון טרומי | מאה וארבעים ותשע (גימטריה),4,knesset,knesset,13_ptm_532053.docx,clean
kn-0146,ס״ב,"היהדות – הכוונה לתלמוד במסכת יבמות, דף ס""ב, שם כתוב: ""האוהב את אשתו כגופו והמכבדה יותר מגופו והמשיא בניו ובנותיו סמוך לפרקם עליהם הכתוב אומר וידעת כי שלום אהליך"".",שישים ושתיים (גימטריה),סודי ביותר | ספרת ביקורת | שישים ושתיים (גימטריה),3,knesset,knesset,13_ptm_532053.docx,human_review
kn-0147,ז״ל,"ומוסיפים: ""בין הרוצחים, בראש הרשימה האחים עאמר ורג'אח אבו-סיתה, אשר רצחו במרס אשתקד את אורי מגידיש ז""ל תושב גן-אור וסייעו ברצח שעיה דויטש ז""ל.",זכרו לברכה; זכרונו לברכה,זרע לבטלה | זכור לטוב | זכר לחורבן | זכרנו לחיים | זה לשונו | זכר לדבר | זכרו לברכה; זכרונו לברכה | שלושים ושבע (גימטריה),8,knesset,knesset,13_ptm_532054.docx,clean
kn-0148,אמ״ן,"הוא כמובן לא שינה ואין לו כל כוונה לשנות את האמנה הפלשתינית, זה גם דווח לוועדת החוץ והביטחון על-ידי אנשי אמ""ן.",אגף מודיעין,אגף מודיעין | אל מלך נאמן | תשעים ואחת (גימטריה),3,knesset,knesset,13_ptm_532054.docx,clean
kn-0149,י״א,"י""א בשבט – דם ב""עמק האלכוהול"", שני נערים נדקרו במהלך קטטה אלימה שפרצה בליל שבת בפאב באזור התעשייה בחיפה.",אחת עשרה (גימטריה),יש אומרים | ירא אדוני | שווה בגודלה למרחק כדור-הארץ מהשמש | שנת הלימודים האחת־עשרה של התלמידים בישראל | אחת עשרה (גימטריה),5,knesset,knesset,13_ptm_532054.docx,human_review
kn-0150,י״ח,"י""ח בשבט – תנוך אוזנו של ילד בן 13 נתלש במהלך קטטה עם בן כיתה.",שמונה עשרה (גימטריה),יוסף חיים | יודעי חן | שמונה עשרה (גימטריה),3,knesset,knesset,13_ptm_532054.docx,human_review
kn-0151,כ״ח,"כ""ח בשבט – בן 13 דקר בסכין תלמידה בכיתתו לאחר שאיים על חייה במשך חודשים.",עשרים ושמונה (גימטריה),כהנא חי | כתיב חסר | כדור חוזר | כינוי חבור | עשרים ושמונה (גימטריה),5,knesset,knesset,13_ptm_532054.docx,human_review
kn-0152,ט״א,"על המשקל של מה שאנחנו אומרים לחיילים: אסור שתהיה אצבע קלה על ההדק, אני אומר למשטרה: אסור שתהיה לה אצבע קלה על ט""א, על המכשיר הזה של טביעת אצבעות.",טביעת אצבע,טביעת אצבע | טווח-ארוך | תעופה טיס אוטומטי | עשר (גימטריה),4,knesset,knesset,13_ptm_532054.docx,clean
kn-0153,מ״ר,"לפטור מהארנונה בגין 100 מ""ר מחזיק שהגיע לגיל 65 והמקבל מהביטוח הלאומי קצבת זיקנה בצירוף הטבה סוציאלית בתנאי שאין לו דירת מגורים נוספת.",מטר רבוע,מטר רבוע | מדרש רבה | מילי־רדיאן | מאתיים וארבעים (גימטריה),4,knesset,knesset,13_ptm_532054.docx,clean
kn-0154,קמ״ש,"מאות אופנועי ים טסים במהירות שמגיעה לפעמים ל-70 קמ""ש, בין המתרחצים, ואין פוצה פה.",קילומטרים לשעה,קילומטרים לשעה | קצין משמרת | קצין משפטים | ארבע מאות וארבעים (גימטריה),4,knesset,knesset,13_ptm_532055.docx,clean
kn-0155,קמ״ש,"מעניין, המשטרה רדפה אחריהם בג'יפ שהיה יכול לנוע במהירות של 80 קמ""ש מקסימום.",קילומטרים לשעה,קילומטרים לשעה | קצין משמרת | קצין משפטים | ארבע מאות וארבעים (גימטריה),4,knesset,knesset,13_ptm_532055.docx,clean
kn-0156,א״ס,"לדברי הגברת א""ס, מהוות הצעות אלה לעג לרש בהתחשב בשוויו הריאלי של המטען שנגנב.",ראשי תיבות שם פרטי ומשפחה (זהות חסויה),אין סוף | האל היחיד | ראשי תיבות שם פרטי ומשפחה (זהות חסויה) | שישים ואחת (גימטריה),4,knesset,knesset,13_ptm_532055.docx,human_review
kn-0157,רמב״ם,"כך כותבת הגברת יפה חממי מרחוב רמב""ם 20, ראשון-לציון.",ר' משה בן מימון,משנה תורה | ר' משה בן מימון | המרכז הרפואי מיימונידיס | הקריה הרפואית לבריאות האדם – בית חולים בחיפה | מאתיים ושמונים ושתיים (גימטריה),5,knesset,knesset,13_ptm_532056.docx,clean
kn-0158,רמב״ם,"שני המכשירים האלה – אחד יהיה ב""סורוקה"", אחד יהיה ב""רמב""ם"".",הקריה הרפואית לבריאות האדם – בית חולים בחיפה,משנה תורה | ר' משה בן מימון | המרכז הרפואי מיימונידיס | הקריה הרפואית לבריאות האדם – בית חולים בחיפה | מאתיים ושמונים ושתיים (גימטריה),5,knesset,knesset,13_ptm_532062.docx,clean
kn-0159,ת״ש,"האם קיימת התייחסות ספציפית לבעיות הקשורות למגויסים מעולי אתיופיה – מבחינת בעיות ת""ש, בעיות הסתגלות, חוסר התמצאות במערכת הצבאית, אי-ידיעת מלוא זכויותיהם כחיילים?",תנאי שירות,תפילת שחרית | תקיעת שופר | תנאי שירות | תחנת שאיבה | בא שמע | שבע מאות (גימטריה),6,knesset,knesset,13_ptm_532065.docx,clean
kn-0160,מ״ר,"בקשתו נדחתה בטענה, כי משרד השיכון מוסיף 15% לשטח דירתו וקובע את השטח כברוטו, וממילא דירתו נחשבת כ-103 מ""ר, ולפי הטבלה החדשה הוא איבד את זכותו.",מטר רבוע,מטר רבוע | מדרש רבה | מילי־רדיאן | מאתיים וארבעים (גימטריה),4,knesset,knesset,13_ptm_532067.docx,clean
kn-0161,מ״ר,"על-פי הכללים החדשים, משפחה בת 12 נפשות זכאית לסיוע במסגרת ""שלוש פלוס"" אם היא מתגוררת בדירת 103 מ""ר.",מטר רבוע,מטר רבוע | מדרש רבה | מילי־רדיאן | מאתיים וארבעים (גימטריה),4,knesset,knesset,13_ptm_532067.docx,clean
kn-0162,מ״ר,"משפחה בת תשע נפשות זכאית בדירה ששטחה עד 85 מ""ר.",מטר רבוע,מטר רבוע | מדרש רבה | מילי־רדיאן | מאתיים וארבעים (גימטריה),4,knesset,knesset,13_ptm_532067.docx,clean
kn-0163,מ״ר,"בתקציב הפיתוח לשנת 1992 נכלל תקציב לבניית סדנאות, בהיקף של 375 מ""ר, בבית-הספר המקיף בעין-מאהל.",מטר רבוע,מטר רבוע | מדרש רבה | מילי־רדיאן | מאתיים וארבעים (גימטריה),4,knesset,knesset,13_ptm_532067.docx,clean
kn-0164,מ״ר,"למרות התחייבות זו, בנתה המועצה בהיקף של 600 מ""ר, ובכך נוצר הפרש שאין לו כיסוי תקציבי.",מטר רבוע,מטר רבוע | מדרש רבה | מילי־רדיאן | מאתיים וארבעים (גימטריה),4,knesset,knesset,13_ptm_532067.docx,clean
kn-0165,תמ״א,"שר הבריאות ומשרד הבריאות מתנגדים לכך על אף החלטת הממשלה הזאת, שאישרה בישיבתה ב-21 בינואר 1993, במסגרת תוכנית מתאר ארצית, תמ""א 31, להקים באשדוד בית-חולים עם 600 מיטות, אשר בחלקו יתחיל לפעול כבר ב-1996.",תוכנית מתאר ארצית,תוכנית מתאר ארצית | תוספת מכסת אחוזים | ארבע מאות וארבעים ואחת (גימטריה),3,knesset,knesset,13_ptm_532068.docx,clean
kn-0166,הרא״ה,"אני ממשיך בישיבת בני-עקיבא בכפר-הרא""ה, נוער נוער.",הרב אברהם יצחק הכהן קוק,הרב אברהם יצחק הכהן קוק | רבי אהרן הלוי | מאתיים ואחת עשרה (גימטריה),3,knesset,knesset,13_ptm_532068.docx,clean
kn-0167,רמב״ם,"אני חייב לחזור שבע שנים אחורה, לפרשת בית-החולים ""רמב""ם"", שעל הגג שלו מצאו תינוקות מתים.",הקריה הרפואית לבריאות האדם – בית חולים בחיפה,משנה תורה | ר' משה בן מימון | המרכז הרפואי מיימונידיס | הקריה הרפואית לבריאות האדם – בית חולים בחיפה | מאתיים ושמונים ושתיים (גימטריה),5,knesset,knesset,13_ptm_532068.docx,clean
kn-0168,בע״מ,"חברת ""אינטל אלקטרוניקה בע""מ"" הגישה ביום 28 בספטמבר 1993 את בקשתה לקבלת מעמד של מפעל מאושר בגין תוכנית השקעה, הכוללת, בין היתר, חכירת קרקע נוספת הצמודה למפעל הקיים באזור הר-חוצבים.",בערבון מוגבל,בערבון מוגבל | בעל מלאכה | בעל מום | בקשת ערעור משפחה | מאה ושתים עשרה (גימטריה),5,knesset,knesset,13_ptm_532068.docx,clean
kn-0169,י״א,"הבוקר בעיתון ""חדשות"" הופיעה ידיעה, שתלמידי י""א חמושים יאבטחו דרכים לבתי-ספר בירושלים.",שנת הלימודים האחת־עשרה של התלמידים בישראל,יש אומרים | ירא אדוני | שווה בגודלה למרחק כדור-הארץ מהשמש | שנת הלימודים האחת־עשרה של התלמידים בישראל | אחת עשרה (גימטריה),5,knesset,knesset,13_ptm_532069.docx,clean
kn-0170,י״א,"על-פי הצעת השר – אני מצטטת – יסיירו תלמידי כיתות י""א בדרכים הראשיות שבאזור בית-הספר.",שנת הלימודים האחת־עשרה של התלמידים בישראל,יש אומרים | ירא אדוני | שווה בגודלה למרחק כדור-הארץ מהשמש | שנת הלימודים האחת־עשרה של התלמידים בישראל | אחת עשרה (גימטריה),5,knesset,knesset,13_ptm_532069.docx,clean
kn-0171,י״א,"ההודעה של דובר משרד החינוך והתרבות בעניין השמירה על-ידי תלמידי י""א היא הודעה נכונה, פרט לאי-הבנה אחת, שהבהרתי אותה.",שנת הלימודים האחת־עשרה של התלמידים בישראל,יש אומרים | ירא אדוני | שווה בגודלה למרחק כדור-הארץ מהשמש | שנת הלימודים האחת־עשרה של התלמידים בישראל | אחת עשרה (גימטריה),5,knesset,knesset,13_ptm_532069.docx,clean
kn-0172,יו״ד,"אנו עושים זאת אולי על-פי אופיינו הלאומי, תוך עמידה על קוצו של יו""ד, בלהט, לא אחת בקול ניחר ובצעקה רמה.",יוד,"יורה דעה | יוד | יורה דעה, אחד מחלקי השלחן ערוך | עשרים (גימטריה)",4,knesset,knesset,13_ptm_532070.docx,clean
kn-0173,ס״ב,"ואל תתנו דמי לו עד יכונן ועד ישים את ירושלים תהילה בארץ""; ישעיהו פרק ס""ב.",שישים ושתיים (גימטריה),סודי ביותר | ספרת ביקורת | שישים ושתיים (גימטריה),3,knesset,knesset,13_ptm_532070.docx,human_review
kn-0174,ת״ק,"וחיינו כפי שהם, והם מדיפים – החיים היומיומיים, הפשוטים, החיים בלי מליצות, מדיפים ריח כבד ת""ק על ת""ק פרסה.",חמש מאות (גימטריה),תנא קמא | תביעות קטנות | חמש מאות (גימטריה),3,knesset,knesset,13_ptm_532070.docx,human_review
kn-0175,ד״ר,"על כן, לפני שמטילים אשמה, ואינני רוצה להטיל כל אשמה בד""ר גולדשמידט, ראוי וחובה שמה שהוא עשה ייבדק.",דוקטור,דוקטור | דברי רבי־ | דפוס ראשון | דברים רבה | מאתיים וארבע (גימטריה),5,knesset,knesset,13_ptm_532072.docx,human_review
kn-0176,בע״מ,"הריני להתייחס לעסקה אשר סוכמה בין 'צור-שמיר', חברה לביטוח בע""מ, ביניכם ובין חברות שבשליטתכם, למכירת מניות בנק לפיתוח התעשייה.",בערבון מוגבל,בערבון מוגבל | בעל מלאכה | בעל מום | בקשת ערעור משפחה | מאה ושתים עשרה (גימטריה),5,knesset,knesset,13_ptm_532072.docx,clean
kn-0177,רש״י,"ומוסיף רש""י: וזה שמצינו ביעל אשת חבר הקיני שלא הרגתו לסיסרא בכלי זין – זו הוכחה – אלא כמו שנאמר: ידה ליתד תשלחנה.",ר' שלמה יצחקי,ר' שלמה יצחקי | רחיים של יד | חמש מאות ועשר (גימטריה),3,knesset,knesset,13_ptm_532072.docx,clean
kn-0178,ת״ב,"הצעת התיקון היא פרי יוזמתה הברוכה של חברת הכנסת נעמי חזן בהצעת חוק ת""ב, אשר הובאה לדיון מוקדם במליאת הכנסת ביום 24 בפברואר 1993 ולקריאה ראשונה ביום 31 במאי 1993.",ארבע מאות ושתיים (גימטריה),תשעה באב | תעודת בגרות | תרגילי בית | ארבע מאות ושתיים (גימטריה),4,knesset,knesset,13_ptm_532073.docx,human_review
kn-0179,תמ״א,"אשר לתכנון בתי-סוהר חדשים – תוכנית המתאר הארצית (תמ""א 24), שאושרה על-ידי ממשלת ישראל בשנת 1982, כללה נוסף על אתר כלנית – צלמון דהיום, שהוזכר לעיל – עוד חמישה אתרים לבתי-סוהר חדשים.",תוכנית מתאר ארצית,תוכנית מתאר ארצית | תוספת מכסת אחוזים | ארבע מאות וארבעים ואחת (גימטריה),3,knesset,knesset,13_ptm_532073.docx,clean
kn-0180,בע״מ,"האם יש מניעה בהצגת החוזה שנחתם בין ממשלת ישראל לחברה לפיתוח קיסריה בע""מ לעיון התושבים?",בערבון מוגבל,בערבון מוגבל | בעל מלאכה | בעל מום | בקשת ערעור משפחה | מאה ושתים עשרה (גימטריה),5,knesset,knesset,13_ptm_532075.docx,clean
kn-0181,י״א,"תוכניות למניעת שימוש בעייתי באלכוהול מועברות על-ידי יועצים ומחנכים בהיקף של 20-10 שעות בכיתות העל-יסודיות, וכוללות, בין היתר, גם תוכנית לכיתות י""א על אלכוהול ונהיגה.",שנת הלימודים האחת־עשרה של התלמידים בישראל,יש אומרים | ירא אדוני | שווה בגודלה למרחק כדור-הארץ מהשמש | שנת הלימודים האחת־עשרה של התלמידים בישראל | אחת עשרה (גימטריה),5,knesset,knesset,13_ptm_532075.docx,clean
kn-0182,אמ״ן,""" אלה הם ציטוטים מתוך ריאיון של ערב חג עם ראש אמ""ן.",אגף מודיעין,אגף מודיעין | אל מלך נאמן | תשעים ואחת (גימטריה),3,knesset,knesset,13_ptm_532076.docx,clean
kn-0183,אש״ל,"תבוא איזו ועדה של פקידים, עם כל הכבוד, היא תהיה מכובדת, תיסע, תקבל אש""ל, תגיע, יכבדו אותה, והיא תחליט לפי ראות עיניה איזה יישוב יקבל הטבות אלו ואחרות.",אכילה שתיה לינה,אין שומעין לו | איפה שלמה | אכילה שתיה לינה | שלוש מאות ושלושים ואחת (גימטריה),4,knesset,knesset,13_ptm_532078.docx,clean
kn-0184,שח״ר,"(לא נקראה, נמסרה לפרוטוקול) התוכנית אכן מתוקצבת באגף שח""ר, ובדרך כלל תוקצבה יותר מהתכנון הצפוי לשנת הכספים, בהתאם למדד ההתייקרויות במשרד.",שירותי חינוך ורווחה,שירותי חינוך ורווחה | שיבוץ וחזרה לשירות | תנועה פוליטית שהוקמה בשלהי הכנסת ה-15 | חמש מאות ושמונה (גימטריה),4,knesset,knesset,13_ptm_532079.docx,clean
kn-0185,שח״ר,"אגף שח""ר עובד בעיקר בהתאם לתוכנית הרווחה והשיקום ביישובים שנקבעו על-פי החלטת הממשלה וועדת שרים.",שירותי חינוך ורווחה,שירותי חינוך ורווחה | שיבוץ וחזרה לשירות | תנועה פוליטית שהוקמה בשלהי הכנסת ה-15 | חמש מאות ושמונה (גימטריה),4,knesset,knesset,13_ptm_532079.docx,clean
kn-0186,שח״ר,"כל התוכניות באגף שח""ר מיועדות לאוכלוסיות חלשות, שהן אוכלוסיות היעד של אגף שח""ר.",שירותי חינוך ורווחה,שירותי חינוך ורווחה | שיבוץ וחזרה לשירות | תנועה פוליטית שהוקמה בשלהי הכנסת ה-15 | חמש מאות ושמונה (גימטריה),4,knesset,knesset,13_ptm_532079.docx,clean
kn-0187,שח״ר,"תפקיד אגף שח""ר הינו לדאוג לקידום ההישגים הלימודיים של האוכלוסיות החלשות במערכת החינוך.",שירותי חינוך ורווחה,שירותי חינוך ורווחה | שיבוץ וחזרה לשירות | תנועה פוליטית שהוקמה בשלהי הכנסת ה-15 | חמש מאות ושמונה (גימטריה),4,knesset,knesset,13_ptm_532079.docx,clean
kn-0188,תמ״ג,"זה ברור, כי אם בשיעור תמ""ג קבוע אתה מוציא יותר – – –",תוצר מקומי גולמי,תהודה מגנטית גרעינית | תוצר מקומי גולמי | ארבע מאות וארבעים ושלוש (גימטריה),3,knesset,knesset,13_ptm_532080.docx,clean
kn-0189,ע״ש,"ועוד מכתב על משה חוברה, ממינהל האוכלוסין: ""בעניין בקשתך למתן תעודת פטירה ע""ש חוברה משה, צר לנו להודיעך כי לא מצאנו את שם המנוח/ה בפנקס הפטירות"".",על שם,על שום | עמוד השדרה | ערב שבת | עיין שם | עיקר שכחתי | על שם | שלוש מאות ושבעים (גימטריה),7,knesset,knesset,13_ptm_532081.docx,human_review
kn-0190,ב״א,"חבר הכנסת יהלום, כשהוא אומר שלילי, זה לא מפני שחסרה לו תעודת הוראה, או שאין לו תואר ב""א, או שהוא לא בוגר סמינר.",בּוֹגֵר אוּנִיבֶרְסִיטָה,בן אדם | ב' אֲלָפִים | בּוֹגֵר אוּנִיבֶרְסִיטָה | שלוש (גימטריה),4,knesset,knesset,13_ptm_532083.docx,clean
kn-0191,ש״פ,"חברי הכנסת, אנחנו עוברים לסעיף הבא בסדר-היום, הצעת חוק ש""פ, הצעת חוק-יסוד: נשיא המדינה (תיקון – בחירה ישירה של הנשיא) – של חבר הכנסת אליעזר זנדברג.",שלוש מאות ושמונים (גימטריה),שושן פורים | שם פרטי | שבת פרשת | שווה פרוטה | שלוש מאות ושמונים (גימטריה),5,knesset,knesset,13_ptm_532087.docx,human_review
kn-0192,א״ח,"הצבעה מס' 12 בעד ההצעה להעביר את הנושא לוועדה – 24 בעד ההצעה שלא לכלול את הנושא בסדר-היום – אין נמנעים – 2 ההצעה להעביר את הנושא שהעלה חבר הכנסת א""ח שאקי לוועדת החוץ והביטחון נתקבלה.",אבנר חי (שאקי),אורך חיים | אגף חקירות | אבנר חי (שאקי) | תשע (גימטריה),4,knesset,knesset,13_ptm_532087.docx,human_review
kn-0193,א״ח,"אני קובע שהצעתו של חבר הכנסת א""ח שאקי עוברת לוועדה.",אבנר חי (שאקי),אורך חיים | אגף חקירות | אבנר חי (שאקי) | תשע (גימטריה),4,knesset,knesset,13_ptm_532087.docx,human_review
kn-0194,ת״פ,"וקיבלנו במתכונת מדריד את המשלחת האש""פיסטית מהשטחים כבת-שיח, הנמצאת במגע ישיר, שלא לדבר על ת""פ, תחת פיקוד, של מנהיגות העם הפלשתיני, היושבת בחלקה בתוניס.",תחת פיקוד,תחת פיקוד | תיק פלילי | ארבע מאות ושמונים (גימטריה),3,knesset,knesset,13_ptm_532088.docx,clean
kn-0195,קמ״ש,"אני אומר לכם מה שאני חש אם שוטר מסתתר מאחורי עץ ומחכה שמישהו לא יעצור עצירה מוחלטת בתמרור ""עצור"", ומי שנסע במהירות של 2 קמ""ש, הגלגלים לא נעצרו עד הסוף, זאת עבירה.",קילומטרים לשעה,קילומטרים לשעה | קצין משמרת | קצין משפטים | ארבע מאות וארבעים (גימטריה),4,knesset,knesset,13_ptm_532089.docx,clean
kn-0196,קמ״ש,"אני יודע שהמשטרה – ואולי אני מגלה סוד ידוע, שמי שנוסע במהירות של עד 105 קמ""ש בכביש שהמהירות המותרת בו היא 90 קמ""ש, המשטרה לא נוגעת בו.",קילומטרים לשעה,קילומטרים לשעה | קצין משמרת | קצין משפטים | ארבע מאות וארבעים (גימטריה),4,knesset,knesset,13_ptm_532089.docx,clean
kn-0197,השב״ס,"שר המשטרה צוטט, כאשר היה העניין עם ראש השב""ס, שירות בתי-הסוהר: שכחתם שהתחלף השלטון – וזה משפט מפתח.",שירות בתי הסוהר,שירות בתי הסוהר | השאלה בין-ספרייתית | שלוש מאות ושישים ושבע (גימטריה),3,knesset,knesset,13_ptm_532089.docx,clean
kn-0198,י״א,"להיפך, הגמרא אומרת במסכת סוטה, דף י""א: בזכות נשים צדקניות נגאלו ישראל ממצרים.",אחת עשרה (גימטריה),יש אומרים | ירא אדוני | שווה בגודלה למרחק כדור-הארץ מהשמש | שנת הלימודים האחת־עשרה של התלמידים בישראל | אחת עשרה (גימטריה),5,knesset,knesset,13_ptm_532090.docx,human_review
kn-0199,נ״ב,"והגמרא אומרת במסכת גיטין, דף נ""ב, שרבי יוסי לא היה קורא לאשתו ""אשתי"", אלא ""ביתי"".",חמישים ושתיים (גימטריה),נקודת בסיס | נוסף ברשימה | נזכרתי בדבר | נכתב בצדו | נזכר בזאת | חמישים ושתיים (גימטריה),6,knesset,knesset,13_ptm_532090.docx,human_review
kn-0200,ת״ד,"יציג את הצעת החוק, שסימנה ת""ד, חבר הכנסת דוד מנע.",ארבע מאות וארבע (גימטריה),תאונת דרכים | תיבת דואר | ארבע מאות וארבע (גימטריה),3,knesset,knesset,13_ptm_532090.docx,human_review
kn-0201,יו״ד,"על אותו משקל, חבר הכנסת ביבי, לא הזהרתי אותך לפני כן ולכן נתתי לך לעבור את מכסת הזמן, אבל לגבי יתר המשתתפים בדיון, על אותו משקל, אני מודיע שאני עומד על קוצו של יו""ד מבחינת הזמן.",יוד,"יורה דעה | יוד | יורה דעה, אחד מחלקי השלחן ערוך | עשרים (גימטריה)",4,knesset,knesset,13_ptm_532091.docx,clean
kn-0202,ממ״ד,"כחלק מהמלצות הוועדה הוחלט על הוצאת תקנות על-ידי משרד הפנים, בהתייעצות עם משרד השיכון, שמטרתן מתן תמריצים לאזרחים להקמת ממ""ד בדירותיהם.",מרחב מוגן דירתי,ממלכתי דתי | המרכז למחקר מדיני | מרחב מוגן דירתי | שמונים וארבע (גימטריה),4,knesset,knesset,13_ptm_532091.docx,clean
kn-0203,מ״ב,"הסעיף הבא בסדר-היום הוא הצעת חוק מ""ב, הצעת חוק-יסוד: הכנסת (תיקון – שינוי שיטת הבחירות), של חבר הכנסת אברהם בורג.",ארבעים ושתיים (גימטריה),משנה ברורה | מתן בסתר | מהרה בימינו | ארבעים ושתיים (גימטריה),4,knesset,knesset,13_ptm_532092.docx,human_review
kn-0204,ע״ח,"אני מזמין כעת את חבר הכנסת מאיר שטרית להעלות את הצעת חוק ע""ח, הצעת חוק-יסוד: הכנסת (תיקון) (שיטת הבחירות).",שבעים ושמונה (גימטריה),על חשבון | עץ חיים | שבעים ושמונה (גימטריה),3,knesset,knesset,13_ptm_532092.docx,human_review
kn-0205,סמ״ר,"בתאריך 21 בנובמבר 1992, סמוך לשעה 02:35, הבחינו שוטר סיור סמ""ר אהרן בן-נון ומתנדב המשמר אזרחי ליאון כחלון, שהיו בניידת סיור של תחנת משטרת מסובים, ברכב ""טרנספורטר"" חום באזור התעשייה באור-יהודה.",סמל ראשון,סמל ראשון | ספינת משמר | סנטימטר רבוע | שלוש מאות (גימטריה),4,knesset,knesset,13_ptm_532092.docx,clean
kn-0206,מג״ב,"כוחות גדולים של משטרה, מג""ב והמשמר האזרחי ערכו סריקות נרחבות באזור לאיתור המחבל השלישי.",משמר הגבול,משמר הגבול | מגה בית (גם: מגה בייט). בדיוק מיליון בית | מיירט גובה בינוני | ארבעים וחמש (גימטריה),4,knesset,knesset,13_ptm_532092.docx,clean
kn-0207,בע״מ,"בשנת 1992 זכה בתואר זה מפעל ""אינטל אלקטרוניקה בע""מ"", הפועל בהר-חוצבים בירושלים.",בערבון מוגבל,בערבון מוגבל | בעל מלאכה | בעל מום | בקשת ערעור משפחה | מאה ושתים עשרה (גימטריה),5,knesset,knesset,13_ptm_532093.docx,clean
kn-0208,רש״י,"וורמס היא עירו של רש""י, ובה נשמר בית-מדרשו.",ר' שלמה יצחקי,ר' שלמה יצחקי | רחיים של יד | חמש מאות ועשר (גימטריה),3,knesset,knesset,13_ptm_532094.docx,clean
kn-0209,רש״י,"אחרי ""ליל הבדולח"", בשנת 1938, נפגעו בתי-כנסת של וורמס, ובית-מדרשו של רש""י, ואילו בית-העלמין ניצל מחורבן על-ידי ראש עיריית וורמס, שהוא אחד מחסידי אומות העולם.",ר' שלמה יצחקי,ר' שלמה יצחקי | רחיים של יד | חמש מאות ועשר (גימטריה),3,knesset,knesset,13_ptm_532094.docx,clean
kn-0210,רש״י,"גברתי היושבת-ראש, כנסת נכבדה, ושוב מונחים כאן חוק התקציב ונספחיו, חוק הסדרים במשק המדינה, הנקרא בתרגום רש""י ""תיקוני חקיקה להשגת יעדי תקציב"".",ר' שלמה יצחקי,ר' שלמה יצחקי | רחיים של יד | חמש מאות ועשר (גימטריה),3,knesset,knesset,13_ptm_532094.docx,clean
kn-0211,ע״ה,"אתה יודע, ואתה יכול לבדוק בגמרא, בסנהדרין דף ע""ה נאמר, כי אם לעמוד מול תמונה כזאת, לא עלינו, אומרת הגמרא, שהוא ימות ולא יראה תמונה כזאת.",שבעים וחמש (גימטריה),עם הארץ | עליו הראיה | עליו/עליה השלום | שבעים וחמש (גימטריה),4,knesset,knesset,13_ptm_532096.docx,human_review
kn-0212,רמ״ח,"כיוון שאני קשור למערכת בכל רמ""ח איברי, מובן שאיני יכול לעבור בשקט על חלק מהדברים.",מספר האיברים בגוף האדם,ראש מחלקה | מספר האיברים בגוף האדם | מאתיים וארבעים ושמונה (גימטריה),3,knesset,knesset,13_ptm_532097.docx,clean
kn-0213,סמ״ק,"אולם, על-פי הוראת החוק הקיים היום, משפחה שיש לה רכב ישן, משנת הייצור 1970 למשל, עם נפח מנוע של 900 סמ""ק, אינה זכאית להבטחת הכנסה, אפילו כשאין לה הכנסה כלשהי מאותו רכב.",סנטימטר מעוקב,ספר מצוות קטן | סנטימטר מעוקב | מאתיים (גימטריה),3,knesset,knesset,13_ptm_532097.docx,clean
kn-0214,בע״מ,"בעקבות תלונה על תיווך בלתי-חוקי בעובדים זרים, פתח המשרד בחקירה מקיפה נגד חברת ""טובלי בע""מ"".",בערבון מוגבל,בערבון מוגבל | בעל מלאכה | בעל מום | בקשת ערעור משפחה | מאה ושתים עשרה (גימטריה),5,knesset,knesset,13_ptm_532099.docx,clean
kn-0215,ח״ן,"כל קציני החיל הראשיים הינם בדרגת תת-אלוף, ובכללם גם קצינת ח""ן ראשית.",חיל נשים,חיים נחמן (ביאליק) | חיל נשים | חכמת הנסתר | חשבון נייר (ח-ן) | חמישים ושמונה (גימטריה),5,knesset,knesset,13_ptm_532100.docx,clean
kn-0216,י״א,"בכיתות י""א הנהגתי לימוד חובה של נושא הבטיחות, כשאני נותן להם בונוס ומשחרר אותם ממבחני התיאוריה כשהם באים ללמוד נהיגה.",שנת הלימודים האחת־עשרה של התלמידים בישראל,יש אומרים | ירא אדוני | שווה בגודלה למרחק כדור-הארץ מהשמש | שנת הלימודים האחת־עשרה של התלמידים בישראל | אחת עשרה (גימטריה),5,knesset,knesset,13_ptm_532100.docx,clean
kn-0217,קמ״ש,"אולם אין כמעט ארץ בקהילת השוק שהמהירות המותרת בה היא מעל ל-90 קמ""ש.",קילומטרים לשעה,קילומטרים לשעה | קצין משמרת | קצין משפטים | ארבע מאות וארבעים (גימטריה),4,knesset,knesset,13_ptm_532100.docx,clean
kn-0218,בע״מ,"בעניין איכות הסביבה – מבוצעות בימים אלו על-ידי חברת התחנה המרכזית בע""מ עבודות על-פי דרישות המשרד, אחת לאחת, ובבקרה של מומחי המשרד.",בערבון מוגבל,בערבון מוגבל | בעל מלאכה | בעל מום | בקשת ערעור משפחה | מאה ושתים עשרה (גימטריה),5,knesset,knesset,13_ptm_532100.docx,clean
kn-0219,חמ״ס,"אנחנו, בקיצור, קוראים לזה חמ""ס, אבל זה חמ""ס מסוג אחר.",חומר מסווג,"חומר מסווג | חומשים, מחזורים, סידורים | מאה ושמונה (גימטריה)",3,knesset,knesset,13_ptm_532100.docx,clean
kn-0220,חמ״ס,"המשרד לאיכות הסביבה מקפיד להפעיל, כתוב לי פה: לחץ, אבל הייתי אומר: להידבר עם משרד התחבורה, לפעול בכל מה שקשור לליקויים המתגלים בנושאי שינוע חמ""ס.",חומר מסווג,"חומר מסווג | חומשים, מחזורים, סידורים | מאה ושמונה (גימטריה)",3,knesset,knesset,13_ptm_532100.docx,clean
kn-0221,חמ״ס,"במהלך שנת 1994 יירכשו ויאורגנו לצורכי תגובה על אירועי חמ""ס עוד ניידות מספר, אשר ייפרסו באזורי הסיכון כפי שהוגדרו על-ידי הוועדה הבין-משרדית לעריכת תורת הפעולה באירועי חומרים מסוכנים.",חומר מסווג,"חומר מסווג | חומשים, מחזורים, סידורים | מאה ושמונה (גימטריה)",3,knesset,knesset,13_ptm_532100.docx,clean
kn-0222,מ״ק,"לעומת זאת, קיימת הזרמה של שפכים מטוהרים ברמה נמוכה ממכוני הטיהור של כפר-סבא, הוד-השרון ורמת-השרון בהיקף של כ-25,000 מ""ק ליום לאורך כל השנה.",מטר מעוקב,מספר קטן | מטר מעוקב | מרכז קהילתי | מועד קטן | מכשיר קשר | מרא קמא | מחנה קבע | מילת קריאה | מלכין קדמאין | משמע קצת | מאה וארבעים (גימטריה),11,knesset,knesset,13_ptm_532100.docx,clean
kn-0223,ח״ן,"יש פה רק שאילתא אחת, ביחס לקצינת ח""ן ראשית.",חיל נשים,חיים נחמן (ביאליק) | חיל נשים | חכמת הנסתר | חשבון נייר (ח-ן) | חמישים ושמונה (גימטריה),5,knesset,knesset,13_ptm_532103.docx,clean
kn-0224,אש״ל,"קיבלנו הוצאות אש""ל של שניים מתוך החברים שיצאו, והן מסתכמות ב-1,769 דולר.",אכילה שתיה לינה,אין שומעין לו | איפה שלמה | אכילה שתיה לינה | שלוש מאות ושלושים ואחת (גימטריה),4,knesset,knesset,13_ptm_532103.docx,clean
kn-0225,ח״ן,"אני מבקשת לשאול או להעיר לגבי ההגדרה של קצינת ח""ן ראשית כשווה לקציני חיל אחרים.",חיל נשים,חיים נחמן (ביאליק) | חיל נשים | חכמת הנסתר | חשבון נייר (ח-ן) | חמישים ושמונה (גימטריה),5,knesset,knesset,13_ptm_532103.docx,clean
kn-0226,קמ״ט,"כידוע לך, חברת הכנסת גוז'נסקי, כל נושא הטיפול הרפואי בשטחים מסור בידי המינהל האזרחי, באמצעות קמ""ט הבריאות.",קצין מטה,קצין מטה | קורס מפקדי טנקים | קצין מיון טרומי | מאה וארבעים ותשע (גימטריה),4,knesset,knesset,13_ptm_532103.docx,clean
kn-0228,יו״ד,"גברתי היושבת-ראש, לא כדאי לך לעמוד על קוצו של יו""ד.",יוד,"יורה דעה | יוד | יורה דעה, אחד מחלקי השלחן ערוך | עשרים (גימטריה)",4,knesset,knesset,13_ptm_532104.docx,clean
kn-0229,יו״ד,"אם תעמדי על קוצו של יו""ד, גם אנחנו נתחיל, ושוב חזרנו – – –",יוד,"יורה דעה | יוד | יורה דעה, אחד מחלקי השלחן ערוך | עשרים (גימטריה)",4,knesset,knesset,13_ptm_532104.docx,clean
kn-0230,בע״מ,"גברתי היושבת-ראש, האם ידעת שבחוק הזה מופיע המשפט: ""'נהרייה' כפר שיתופי להתיישבות חקלאית בע""מ""?",בערבון מוגבל,בערבון מוגבל | בעל מלאכה | בעל מום | בקשת ערעור משפחה | מאה ושתים עשרה (גימטריה),5,knesset,knesset,13_ptm_532104.docx,clean
kn-0231,נ״ט,"פוסק הגאון הרב משה פיינשטיין, זכר צדיק לברכה, ב""איגרות משה"", חושן משפט, סימן נ""ט – – –",חמישים ותשע (גימטריה),ניסוי טיסה | צבא נגד טנקים | חמישים ותשע (גימטריה),3,knesset,knesset,13_ptm_532105.docx,human_review
kn-0232,יו״ד,"וכי לא יודעים חברי בית-המשפט העליון כי דייני ישראל לא יעברו על קוצו של יו""ד בענייני הלכה?",יוד,"יורה דעה | יוד | יורה דעה, אחד מחלקי השלחן ערוך | עשרים (גימטריה)",4,knesset,knesset,13_ptm_532105.docx,clean
kn-0233,פר״ח,"אנחנו עומדים להגדיל את התקציבים למכללות, ואנחנו עומדים להרחיב את המכללות, על מנת שמספר גדול יותר של תלמידים יוכל ללמוד בהן בתנאים נוחים ככל האפשר, עם יותר מלגות, עם יותר אפשרויות של פר""ח, וגם הלוואות.",פרויקט חונכות,פרי חדש | פרויקט חונכות | פירש רבנו חננאל | מאתיים ושמונים ושמונה (גימטריה),4,knesset,knesset,13_ptm_532107.docx,clean
kn-0234,מג״ב,"מי שעבר היום על-יד משרד ראש הממשלה היה יכול לחוש שהוא עובר ליד קסרקטין ששורצים בו מאחורי הגדרות שוטרי מג""ב רבים ושוטרים כחולים.",משמר הגבול,משמר הגבול | מגה בית (גם: מגה בייט). בדיוק מיליון בית | מיירט גובה בינוני | ארבעים וחמש (גימטריה),4,knesset,knesset,13_ptm_532108.docx,clean
kn-0235,נ״ט,"ניסיתי לחלק את השאלה באיזו צורה הם נפלו – 15 נפלו במטענים, נפגעו במהלך סיור, ארבעה נהרגו בהיתקלות, שניים נפגעו בנשק נ""ט, ה""סאגרים"", הטילים, וחמישה נהרגו מפצצת מרגמה.",צבא נגד טנקים,ניסוי טיסה | צבא נגד טנקים | חמישים ותשע (גימטריה),3,knesset,knesset,13_ptm_532111.docx,clean
kn-0236,מ״ק,"הבעיה המרכזית שהדוח מצביע עליה היא תביעת הפלשתינים לשימוש בקרוב ל-600 מיליון מ""ק מתוך המים המצטברים באקוויפרים, מה שקרוי אקוויפר ההר, שהשאיבות מתוכו נעשות ברובן הגדול בשפלת החוף.",מטר מעוקב,מספר קטן | מטר מעוקב | מרכז קהילתי | מועד קטן | מכשיר קשר | מרא קמא | מחנה קבע | מילת קריאה | מלכין קדמאין | משמע קצת | מאה וארבעים (גימטריה),11,knesset,knesset,13_ptm_532111.docx,clean
kn-0237,מ״ק,"המילוי החוזר של כלל האקוויפרים ביהודה ובשומרון נאמד ב-620 מיליון מ""ק בשנה.",מטר מעוקב,מספר קטן | מטר מעוקב | מרכז קהילתי | מועד קטן | מכשיר קשר | מרא קמא | מחנה קבע | מילת קריאה | מלכין קדמאין | משמע קצת | מאה וארבעים (גימטריה),11,knesset,knesset,13_ptm_532111.docx,clean
kn-0238,מ״ק,"מדינת ישראל צורכת היום 1.75 מיליארד מ""ק, מתוך זה 620 מיליון באקוויפר החוף, שמנצל מים שנקווים באגן של יהודה ושומרון.",מטר מעוקב,מספר קטן | מטר מעוקב | מרכז קהילתי | מועד קטן | מכשיר קשר | מרא קמא | מחנה קבע | מילת קריאה | מלכין קדמאין | משמע קצת | מאה וארבעים (גימטריה),11,knesset,knesset,13_ptm_532111.docx,clean
kn-0239,מ״ק,"דבר אחד – שאיבת יתר או קידוחים במקומות ביהודה ובשומרון, שיקטינו את כמות המים באקוויפרים שמנוצלים על-ידינו היום בקידוחים שלנו במישור החוף, בשיעור של 150-100 מיליון מ""ק לשנה.",מטר מעוקב,מספר קטן | מטר מעוקב | מרכז קהילתי | מועד קטן | מכשיר קשר | מרא קמא | מחנה קבע | מילת קריאה | מלכין קדמאין | משמע קצת | מאה וארבעים (גימטריה),11,knesset,knesset,13_ptm_532111.docx,clean
kn-0240,רש״י,"ומסביר פה רש""י: שאול נכשל באחת ועלתה לו לרעה, בחטא אי-הכחדת העמלק, לקונסו מיתה, לבטל מלכותו; ודוד נכשל בשתיים ולא עלתה לו לרעה.",ר' שלמה יצחקי,ר' שלמה יצחקי | רחיים של יד | חמש מאות ועשר (גימטריה),3,knesset,knesset,13_ptm_532113.docx,clean
kn-0241,ל״א,"צער בעלי חיים הוא מונח תלמודי, אנחנו מוצאים אותו במסכת בבא מציעא דף ל""א ובמקומות נוספים.",שלושים ואחת (גימטריה),לוחמה אלקטרונית | לשון אחר | שלושים ואחת (גימטריה),3,knesset,knesset,13_ptm_532114.docx,human_review
kn-0242,מע״ש,"במוסד לביטוח לאומי יש עשרות אלפי שקלים שיועדו לנתיבות, לכל מיני נושאים, לאותו מע""ש נהדר שיש למפגרים, לנכים, עשרות אלפי שקלים שלא מבקשים אותם ולא מנצלים אותם.",מפעל עבודה שיקומי,מסכת מעשר שני | מערכת שעות | מפעל עבודה שיקומי | ארבע מאות ועשר (גימטריה),4,knesset,knesset,13_ptm_532114.docx,clean
kn-0243,סמ״ק,"כל המבקש לעסוק בהשכרת רכב חייב לעמוד בדרישות שנקבעו בצו פיקוח להשכרת רכב נוסעים פרטי, רכב מסחרי וכן אופנועים בנפח מנוע עד 50 סמ""ק.",סנטימטר מעוקב,ספר מצוות קטן | סנטימטר מעוקב | מאתיים (גימטריה),3,knesset,knesset,13_ptm_532115.docx,clean
kn-0244,ח״י,"ח""י תומכים, 18 תומכים, אין מתנגדים, אין נמנעים.",שמונה עשרה בגימטריה,חוק יסוד | חיל ים | חות יאיר (ספר) | חיה יחידה | חק יעקב (ספר) | חרם יהושע (יהדות) | שמונה עשרה בגימטריה,7,knesset,knesset,13_ptm_532116.docx,clean
kn-0245,כ״א,"יש גם סעיף כ""א, שאילתות ותשובות, אני מתאר לעצמי שיהיה פה מאוד סוער בשלב הזה.",(גימטריה) 21,כל אחד | כי אם | כוח אדם | כי אתה | כרטיס אשראי | כיווני אוויר | (גימטריה) 21 | עשרים ואחת (גימטריה),8,knesset,knesset,13_ptm_532116.docx,clean
kn-0246,כ״ח,"אנו עוברים לסעיף כ""ח בסדר-היום: הצעת חוק הדיינים (תיקון מס' 17).",עשרים ושמונה (גימטריה),כהנא חי | כתיב חסר | כדור חוזר | כינוי חבור | עשרים ושמונה (גימטריה),5,knesset,knesset,13_ptm_532116.docx,human_review
kn-0247,ס״ב,"הגמרא מספרת במסכת בבא מציעא, דף ס""ב, על שניים שהיו מהלכין בדרך ורק לאחד מהם היה קיתון של מים.",שישים ושתיים (גימטריה),סודי ביותר | ספרת ביקורת | שישים ושתיים (גימטריה),3,knesset,knesset,13_ptm_532117.docx,human_review
kn-0248,קצא״א,"לגבי קצא""א, לחברה אחראי רק שר האוצר, ויש להפנות את השאלה אליו.",קו צינור אילת-אשקלון,קו צינור אילת-אשקלון | דליפת הנפט בשמורת עברונה | חברת קו צינור אירופה אסיה | מאה ותשעים ושתיים (גימטריה),4,knesset,knesset,13_ptm_532118.docx,clean
kn-0249,קצא״א,"קצא""א, אשר עוסקת בשינוע דלקים, אינה נמצאת באחריות משרד האנרגיה, אלא כאמור באחריות משרד האוצר.",קו צינור אילת-אשקלון,קו צינור אילת-אשקלון | דליפת הנפט בשמורת עברונה | חברת קו צינור אירופה אסיה | מאה ותשעים ושתיים (גימטריה),4,knesset,knesset,13_ptm_532118.docx,clean
kn-0250,רמב״ם,"הגשתי לשר הצעה בקשר להקמת מכון מחקר שכרוך בקליטת עולים חדשים בבית-החולים ""רמב""ם"".",הקריה הרפואית לבריאות האדם – בית חולים בחיפה,משנה תורה | ר' משה בן מימון | המרכז הרפואי מיימונידיס | הקריה הרפואית לבריאות האדם – בית חולים בחיפה | מאתיים ושמונים ושתיים (גימטריה),5,knesset,knesset,13_ptm_532122.docx,clean
kn-0251,רמב״ם,"העניין מצוי בתוך חלק מהנושאים של בית-החולים ""רמב""ם"".",הקריה הרפואית לבריאות האדם – בית חולים בחיפה,משנה תורה | ר' משה בן מימון | המרכז הרפואי מיימונידיס | הקריה הרפואית לבריאות האדם – בית חולים בחיפה | מאתיים ושמונים ושתיים (גימטריה),5,knesset,knesset,13_ptm_532122.docx,clean
kn-0252,רמב״ם,"לבית-החולים ""רמב""ם"" יש סדר עדיפויות משלו.",הקריה הרפואית לבריאות האדם – בית חולים בחיפה,משנה תורה | ר' משה בן מימון | המרכז הרפואי מיימונידיס | הקריה הרפואית לבריאות האדם – בית חולים בחיפה | מאתיים ושמונים ושתיים (גימטריה),5,knesset,knesset,13_ptm_532122.docx,clean
kn-0253,רמב״ם,"הוא מפעיל את סדר העדיפויות הזה לפי שיקוליו, ואם בית-החולים ""רמב""ם"" חושב שזה נושא חשוב מבחינתו, העניין הזה יידון בין בית-החולים ""רמב""ם"" לבין המשרד.",הקריה הרפואית לבריאות האדם – בית חולים בחיפה,משנה תורה | ר' משה בן מימון | המרכז הרפואי מיימונידיס | הקריה הרפואית לבריאות האדם – בית חולים בחיפה | מאתיים ושמונים ושתיים (גימטריה),5,knesset,knesset,13_ptm_532122.docx,clean
kn-0254,ח״י,"אם אני אחזור רגע לחברת הכנסת בלומנטל, הממשלה הזו תמנה 18 שרים עם צירופו של חבר הכנסת שריד, כלומר ח""י.",שמונה עשרה בגימטריה,חוק יסוד | חיל ים | חות יאיר (ספר) | חיה יחידה | חק יעקב (ספר) | חרם יהושע (יהדות) | שמונה עשרה בגימטריה,7,knesset,knesset,13_ptm_532123.docx,clean
kn-0255,ת״ק,"כיוון שהגיע לחצי חומה נעץ ציפורניו בחומה ונזדעזעה ארץ-ישראל ת""ק על ת""ק פרסה.",חמש מאות (גימטריה),תנא קמא | תביעות קטנות | חמש מאות (גימטריה),3,knesset,knesset,13_ptm_532124.docx,human_review
kn-0256,אח״ם,"ו-3.2 מיליוני שקל אלה מתחלקים ללא קריטריונים בשיטה של תשלום עבור שירות, כאשר לא ברור איזה שירות מגיע לאותו אח""ם.",אישיות חשובה מאוד,אגף החקירות והמודיעין | אישיות חשובה מאוד | ארבעים ותשע (גימטריה),3,knesset,knesset,13_ptm_532125.docx,clean
kn-0257,א״ד,"א""ד גורדון קבע בזמנו מטבע לשון שליוותה את תנועת העבודה שנים רבות.",אהרן דוד (גורדון),אינו דומה | אינו דין | אליבא דאמת | אשראי דוקומנטרי | איכא דאמרי (יש אומרים) | אליבא דידי (דידיה) | אנית-דיג | אהרן דוד (גורדון) | חמש (גימטריה),9,knesset,knesset,13_ptm_532125.docx,human_review
kn-0258,ת״ק,"כיוון שהגיע לחצי חומה נעץ ציפורניו בחומה ונזדעזעה ארץ ישראל ארבע מאות פרסה על ארבע מאות פרסה; ת""ק על ת""ק פרסה.",חמש מאות (גימטריה),תנא קמא | תביעות קטנות | חמש מאות (גימטריה),3,knesset,knesset,13_ptm_532126.docx,human_review
kn-0259,מס״ר,"ובכן, אותו מס""ר, מרכז לסיוע ורעיונות, אמור לענות על הציפיות שאתה העלית.",מרכז לסיוע ורעיונות,מפקד סירת | מרכז סימולציה רפואית | מרכז לסיוע ורעיונות | שלוש מאות (גימטריה),4,knesset,knesset,13_ptm_532127.docx,human_review
kn-0260,בע״מ,"לשאלתך השלישית – מדוע לא יכלה הפרקליטות לייצג את המדינה בתיק זה, כונס הנכסים הרשמי הוא שמונה על-ידי בית-המשפט, לבקשת הנושים, כמפרקו של בנק צפון אמריקה בע""מ בפירוק.",בערבון מוגבל,בערבון מוגבל | בעל מלאכה | בעל מום | בקשת ערעור משפחה | מאה ושתים עשרה (גימטריה),5,knesset,knesset,13_ptm_532128.docx,clean
kn-0261,צ״ל,"לטענת מנהל כפר הנוער הודיות, נרשם שינוי המגמה מאז נתמנה צ""ל, חבר קיבוץ גבעת-עוז, כמנהל האתר.",ראשי תיבות שם פרטי ומשפחה (זהות חסויה),צריך להיות | צריך לומר | צריך להוכיח | צריך להראות | ראשי תיבות שם פרטי ומשפחה (זהות חסויה) | מאה ועשרים (גימטריה),6,knesset,knesset,13_ptm_532128.docx,human_review
kn-0262,מ״כ,"מפקד בצבא, אם הוא מ""כ או אם הוא קצין, לפני שהוא עובר קורס או נכנס לקורס שבו הוא מנהיג אחרים ועלול להעמיד אותם בסכנה, עובר מבחן פסיכוטכני.",מפקד כיתה,מועדון כדורגל | מרכז כובד | מפקד כיתה | שישים (גימטריה),4,knesset,knesset,13_ptm_532128.docx,clean
kn-0263,ת״א,"חבר הכנסת תיכון, כדי שלא תהיינה אי-הבנות, אנחנו דנים כאן בהצעת חוק ת""א – – –",תל אביב,תל אביב | תפוח אדמה | תרגום אונקלוס | תיק אזרחי | תחבושת אישית | מדדים של הבורסה לניירות ערך בתל אביב | תכנית אימונים | ארבע מאות ואחת (גימטריה),8,knesset,knesset,13_ptm_532128.docx,human_review
kn-0264,ת״א,"גם בדפים שמונחים לפני מדובר על הצעה ת""א, מ-1992.",תל אביב,תל אביב | תפוח אדמה | תרגום אונקלוס | תיק אזרחי | תחבושת אישית | מדדים של הבורסה לניירות ערך בתל אביב | תכנית אימונים | ארבע מאות ואחת (גימטריה),8,knesset,knesset,13_ptm_532128.docx,human_review
kn-0265,מג״ב,"לאור חוסר פרטים מזהים, לא הצלחנו לאתר מקרה שבו נטען שנמנע מאיש מג""ב דתי להתפלל, ובהמשך אף נהגו בו כביכול באכזריות.",משמר הגבול,משמר הגבול | מגה בית (גם: מגה בייט). בדיוק מיליון בית | מיירט גובה בינוני | ארבעים וחמש (גימטריה),4,knesset,knesset,13_ptm_532129.docx,clean
kn-0266,השב״ס,"פנייה קודמת לוועדה של השב""ס הושבה בשלילה.",שירות בתי הסוהר,שירות בתי הסוהר | השאלה בין-ספרייתית | שלוש מאות ושישים ושבע (גימטריה),3,knesset,knesset,13_ptm_532131.docx,clean
kn-0267,כ״א,"מחר, יום רביעי, כ""א בשבט, נפתח את הישיבה בשעה 11:00.",(גימטריה) 21,כל אחד | כי אם | כוח אדם | כי אתה | כרטיס אשראי | כיווני אוויר | (גימטריה) 21 | עשרים ואחת (גימטריה),8,knesset,knesset,13_ptm_532131.docx,clean
kn-0268,בע״מ,"אני מבין אם היה מדובר בחברה בע""מ, אבל סתם תאגיד, כל תאגיד, אפילו תאגיד פרטי של בעל ואשה או שני אחים שהקימו תאגיד – החוק לא חל עליהם.",בערבון מוגבל,בערבון מוגבל | בעל מלאכה | בעל מום | בקשת ערעור משפחה | מאה ושתים עשרה (גימטריה),5,knesset,knesset,13_ptm_532133.docx,clean
kn-0269,י״ל,"דרך אגב, חבל שאין שם על י""ל פרץ, שמספר ומקרב את ההווי מבחינה זו אל הציבור.",יצחק לייבוש,יש להם | יש לומר | יהודה לב | יצחק לייבוש | יראה לי | ארבעים (גימטריה),6,knesset,knesset,13_ptm_532134.docx,human_review
kn-0270,ש״מ,"חברת הכנסת לימור לבנת, הצעת חוק ש""מ, בבקשה.",שלוש מאות וארבעים (גימטריה),שם משפחה | שמע מינא | תיאור כמות סופית | שלוש מאות וארבעים (גימטריה),4,knesset,knesset,13_ptm_532134.docx,human_review
kn-0271,קמ״ט,"היום יכול קמ""ט בריאות לפקח, למשל, שלא ישקו את הירקות במי ביוב.",קצין מטה,קצין מטה | קורס מפקדי טנקים | קצין מיון טרומי | מאה וארבעים ותשע (גימטריה),4,knesset,knesset,13_ptm_532135.docx,clean
kn-0272,קק״ל,"כל הנפת דגל לאומי שלנו, כיבוש הקרקע, כיבוש העבודה, כיבוש הארץ, שמירה על האדמות, קק""ל, מאבק נגד נישואי תערובת, ובוודאי רעיון חילופי אוכלוסין – – –",קרן קיימת לישראל,קרן קיימת לישראל | קילו קלוריה | מאתיים ושלושים (גימטריה),3,knesset,knesset,13_ptm_532136.docx,clean
kn-0273,בע״מ,"ניקח את החברה האחרונה ברשימה, ""אולם נחמני 4 בע""מ"".",בערבון מוגבל,בערבון מוגבל | בעל מלאכה | בעל מום | בקשת ערעור משפחה | מאה ושתים עשרה (גימטריה),5,knesset,knesset,13_ptm_532139.docx,clean
kn-0274,מל״ם,"כל ברשימת החברות העומדות להפרטה, כגון: החברה לפיתוח מפעלי תיירות, מל""ם מערכות, ""שיכון ופיתוח לישראל"", ""נפטא"", החברה לשירותי איכות הסביבה ברמת-חובב, ""מגן"", ""בזק"", ""כימיקלים לישראל"" וכן הלאה וכן הלאה.",מרכז למיכון משרדי,"המרכז למורשת המודיעין | מוליך למחצה | המרכז (הישראלי) לחינוך מדעי | מודיעין לקראת משימה | משנה למלך, ספרו של רבי יהודה רוזאניס | מרכז למיכון משרדי | מאה ועשר (גימטריה)",7,knesset,knesset,13_ptm_532139.docx,human_review
kn-0275,ת״י,"ת""י 1498 הוא תקן רשמי למתקני שעשועים החל במדינת ישראל.",תקן ישראלי,תקן ישראלי | תרג(ו)ם יונתן | ארבע מאות ועשר (גימטריה),3,knesset,knesset,13_ptm_532140.docx,clean
kn-0276,מג״ב,"ב-10 באוקטובר נפצעו שני שוטרי מג""ב ברצועת-עזה מיידוי אבנים.",משמר הגבול,משמר הגבול | מגה בית (גם: מגה בייט). בדיוק מיליון בית | מיירט גובה בינוני | ארבעים וחמש (גימטריה),4,knesset,knesset,13_ptm_532144.docx,clean
kn-0277,הרא״ה,"חלק מהילדים עוברים ונקלטים במוסדות כמו כפר-פינס, כפר-אברהם, כפר-הרא""ה, כדי ללמד אותם שם קצת יהדות, משום שהם צריכים לעבור אחר כך את התהליך המחייב.",הרב אברהם יצחק הכהן קוק,הרב אברהם יצחק הכהן קוק | רבי אהרן הלוי | מאתיים ואחת עשרה (גימטריה),3,knesset,knesset,13_ptm_532145.docx,clean
kn-0278,יו״ד,"הסכם העקרונות משאיר בניסוחיו פתחים למשא-ומתן, ואם את הנעשה אין להשיב, חייבים, בהמשך, לנהל משא-ומתן עיקש וסבלני על כל קוצו של יו""ד, כאשר האינטרס הלאומי הוא הקובע, ולא בעיות אישיות, ולא משנה כרגע למי.",יוד,"יורה דעה | יוד | יורה דעה, אחד מחלקי השלחן ערוך | עשרים (גימטריה)",4,knesset,knesset,13_ptm_532147.docx,clean
kn-0279,יו״ד,"אני חוזר ואומר: לא התכוונו ואיננו מתכוונים לממש באמצעות התקנון את כל הזכויות שהוא מעניק לנו, על קוצו של יו""ד.",יוד,"יורה דעה | יוד | יורה דעה, אחד מחלקי השלחן ערוך | עשרים (גימטריה)",4,knesset,knesset,13_ptm_532148.docx,clean
kn-0280,א״ח,"התיקון של חבר הכנסת א""ח שאקי לסעיף 08 לא נתקבל.",אבנר חי (שאקי),אורך חיים | אגף חקירות | אבנר חי (שאקי) | תשע (גימטריה),4,knesset,knesset,13_ptm_532148.docx,human_review
kn-0281,א״ח,"תיקון 2 של חבר הכנסת א""ח שאקי לסעיף 22 לא נתקבל.",אבנר חי (שאקי),אורך חיים | אגף חקירות | אבנר חי (שאקי) | תשע (גימטריה),4,knesset,knesset,13_ptm_532148.docx,human_review
kn-0282,א״ח,"תיקון 4 של חבר הכנסת א""ח שאקי לסעיף 22 לא נתקבל.",אבנר חי (שאקי),אורך חיים | אגף חקירות | אבנר חי (שאקי) | תשע (גימטריה),4,knesset,knesset,13_ptm_532148.docx,human_review
kn-0283,א״ח,"תיקון 1 של חבר הכנסת א""ח שאקי לסעיף 23 לא נתקבל.",אבנר חי (שאקי),אורך חיים | אגף חקירות | אבנר חי (שאקי) | תשע (גימטריה),4,knesset,knesset,13_ptm_532148.docx,human_review
kn-0284,א״ח,"הצעה 3 של חבר הכנסת א""ח שאקי לסעיף 23 לא נתקבלה.",אבנר חי (שאקי),אורך חיים | אגף חקירות | אבנר חי (שאקי) | תשע (גימטריה),4,knesset,knesset,13_ptm_532148.docx,human_review
kn-0285,ד״ר,"שמעתי היום מד""ר קדמן – העומד בראש המועצה לשלום הילד, וללא ספק עיסוקו העיקרי הוא שלום הילד בישראל – דבר מתמיה, שהייתי שמח מאוד אילו הבאת אותו לידיעת חברי הממשלה, ובעיקר אילו טיפלת בו.",דוקטור,דוקטור | דברי רבי־ | דפוס ראשון | דברים רבה | מאתיים וארבע (גימטריה),5,knesset,knesset,13_ptm_532149.docx,human_review
kn-0286,ד״ש,"נוסף על שלוש הוועדות שהליכוד מסר אז למערך, הוא מסר ועדה אופוזיציונית של ביקורת המדינה למפלגת אופוזיציה נוספת, ד""ש.",תנועה דמוקרטית לשינוי,דו-שנתי | דרישת שלום | דוד שמש | דיני שמים | דו-שבעון | תנועה דמוקרטית לשינוי | שלוש מאות וארבע (גימטריה),7,knesset,knesset,13_ptm_532151.docx,human_review
kn-0287,אש״ל,"הרי זה לא רק שכר, זה גם כלי רכב, טלפונים, משרדים, אש""ל, כלכלה, וכל מיני הוצאות אחרות שעם ישראל משלם אותן, וקופת-חולים לא יכולה לתת שירותים, כי אין להשיג תרופות.",אכילה שתיה לינה,אין שומעין לו | איפה שלמה | אכילה שתיה לינה | שלוש מאות ושלושים ואחת (גימטריה),4,knesset,knesset,13_ptm_532153.docx,clean
kn-0288,נ״ר,"המסלול השני הוא של דירות נ""ר, נכסי רכישה, וזה אכן בכיוון שדיברת עליו.",נכסי רכישה,נר ראשון (של חנוכה) | נטע רבעי | נביאים ראשונים | נחת רוח | נפש רוח | נקבה רבים | ניירות רכישה | נסמך רבים | נכסי רכישה | מאתיים וחמישים (גימטריה),10,knesset,knesset,13_ptm_532153.docx,human_review
kn-0289,ת״ד,"בתקופה האחרונה עדים תושבי שכונת קריית-הרצוג בבני-ברק להימצאות חומר מיסיונרי בתיבות הדואר שלהם, כשכתובת השולח היא: ת""ד 8185, יפו.",תיבת דואר,תאונת דרכים | תיבת דואר | ארבע מאות וארבע (גימטריה),3,knesset,knesset,13_ptm_532155.docx,clean
kn-0291,בע״מ,"אנחנו ממשיכים בשאילתא בעל-פה מס' 115, של חברת הכנסת אסתר סלמוביץ, בנושא: מכירת בנק איגוד לישראל בע""מ.",בערבון מוגבל,בערבון מוגבל | בעל מלאכה | בעל מום | בקשת ערעור משפחה | מאה ושתים עשרה (גימטריה),5,knesset,knesset,13_ptm_532156.docx,clean
kn-0292,יו״ד,"אני ממליץ לכנסת וממליץ לממשלה, שלא יתעקשו על קוצו של יו""ד.",יוד,"יורה דעה | יוד | יורה דעה, אחד מחלקי השלחן ערוך | עשרים (גימטריה)",4,knesset,knesset,13_ptm_532159.docx,clean
kn-0293,ש״י,"מדובר בגן-ילדים הפועל ברח' ש""י עגנון בירושלים.",שמואל יוסף (עגנון),שמואל יוסף (עגנון) | שומרון-יהודה | שירות ידיעות | ש (=השם) ישמרם | שינוי יסודי (הצעת חוק פרטית) | שלוש מאות ועשר (גימטריה),6,knesset,knesset,13_ptm_532162.docx,clean
kn-0294,א״ד,"הפרופלורים האלה הם נכדיו של א""ד גורדון וניניו של בנימין זאב הרצל.",אהרן דוד (גורדון),אינו דומה | אינו דין | אליבא דאמת | אשראי דוקומנטרי | איכא דאמרי (יש אומרים) | אליבא דידי (דידיה) | אנית-דיג | אהרן דוד (גורדון) | חמש (גימטריה),9,knesset,knesset,13_ptm_532163.docx,human_review
kn3-0001,אג״מ,"הספר נדון בפורום אג""מ של המשטרה והומלץ על-ידם.",אגף מבצעים,אגף מבצעים | אגף מטה | ארבעים וארבע (גימטריה),3,knesset,knesset,13_ptm_532175.docx,clean
kn3-0002,אז״ר,"ליד אוניברסיטת בר-אילן נמצא המושב כפר-אז""ר.",אלכסנדר זיסקינד רבינוביץ',אלכסנדר זיסקינד רבינוביץ' | אויב זרק רימון | מאתיים ושמונה (גימטריה),3,knesset,knesset,13_ptm_532321.docx,clean
kn3-0003,אחמ״ש,"אדוני היושב-ראש, שמעתי חברי כנסת מדברים על איחוד משפחות, מה שנקרא אחמ""ש.",אִחוד משפחות,אחראי משמרת | אִחוד משפחות | שלוש מאות וארבעים ותשע (גימטריה),3,knesset,knesset,14_ptm_532665.docx,clean
kn3-0004,אח״י,"חברת ""נתיבי איילון"" מתכננת ומבצעת הקמת מעברים דו-מפלסיים ברחוב יששכר – קריית-מוצקין, ברחוב אח""י אילת – קריית-ים, וכן ברחובות חלוצי התעשייה ומעבר חירם – חיפה.",אניית חיל הים,אניית חיל הים | אחזקה יבשה | תשע עשרה (גימטריה),3,knesset,knesset,13_ptm_532178.docx,clean
kn3-0005,אח״מ,"לג'יבריל רג'וב יש באופן אישי תעודה של אח""מ המאפשרת לו לנוע ביהודה ובשומרון.",אישיות חשובה מאוד,"אחרי מות | אחר מכן | אגף חקירות ומודיעין | אישיות חשובה מאוד | אחר מיתה, אחר מוֹת־ | ארבעים ותשע (גימטריה)",6,knesset,knesset,13_ptm_532380.docx,clean
kn3-0006,אי״ל,"מה זה, לא ידעו מה זה ארגון ""אייל"", לא ידעו מי האנשים בארגון אי""ל?",ארגון יהודי לוחם,ארגון יהודי לוחם | אגודה ישראלית לסכרת | ארבעים ואחת (גימטריה),3,knesset,knesset,13_ptm_532389.docx,clean
kn3-0007,אמ״ץ,"כמו-כן משולבים ילדים עולים בתוכנית אמ""ץ, שמחזירה נושרים לבית-הספר באופן אינטנסיבי בזמן הקצר ביותר.",אימוץ מרום להצלחה (תוכנית חינוכית),אותו מצב | אדוני/אדונינו מורה צדק | אזור מוכה ציפורים | מאה ושלושים ואחת (גימטריה) | אימוץ מרום להצלחה (תוכנית חינוכית),5,knesset,knesset,14_ptm_532662.docx,human_review
kn3-0008,את״ל,"במהלך ארבע השנים שחלפו מאז מילא הקצין בהצלחה שני תפקידים בתקן תת-ניצב – סגן ראש את""ל וסגן מפקד מחוז מרכז.",אגף תמיכה לוגיסטית,אגף תמיכה לוגיסטית | אם תאמר לי | אי תימא לי (אם תאמר לי) | אם תמצא לומר (אם תוכל לומר) | אם תקשה לך | אם תרצה לידע | ארבע מאות ושלושים ואחת (גימטריה),7,knesset,knesset,14_ptm_532716.docx,clean
kn3-0009,א״א,"לשאילתא של חבר הכנסת שילנסקי: מר א""א, שבו עוסקת השאילתא, מוכר לשירותי הרווחה במקום מגוריו, המטפלים בו מגיל צעיר.",ראשי תיבות שם פרטי ומשפחה (זהות חסויה),אי אפשר | אדר א' | אברהם אבינו | אמן אמן | אין אדם | אשת איש | אין אומרים | אדרת אליהו | אחרים אומרים | אחד אמר | אלכוהוליסטים אנונימיים | איסור אכילה | ארך אפים | אל אדון | אדוני אבי | איכות ואמינות | אגב אורחא | אתה אחד | אלף אלפים | אור אחרון | אין אומרין | אמר אליהו | אדיר אדירנו | אחד אלהינו | אי אמרת | אֶגֶד ארטילרי | אוקיי ואוקיי | אחזקה אוירית | שתיים (גימטריה) | ראשי תיבות שם פרטי ומשפחה (זהות חסויה),30,knesset,knesset,13_ptm_532239.docx,human_review
kn3-0010,א״ב,"אני שמעתי גם כן את א""ב יהושע, שזורק כל מיני רעיונות שצריך כנראה לשנות קצת את מערכת החינוך ולהכניס קצת יותר יהדות; קצת יידישקייט, כדי להחדיר לנוער מה זה יהודי, רבותי, כדי לקשור אותו לארצו.",אברהם בולי (א.ב. יהושע),ארצות הברית | אדר ב' | ארוחת בוקר | אלף-בית | אין ביכולתו | אתה בחרתנו | אבן בוחן | אמרי בינה | אנשי ביתו | איסור בישול | איסור בנייה | אמת בניין | איתור בית | אישור בחירות | איכא ביניהו (יש ביניהם | אין בו; אין בה | אין ברֵרה | שלוש (גימטריה) | אברהם בולי (א.ב. יהושע),19,knesset,knesset,13_ptm_532425.docx,human_review
kn3-0011,א״ג,"כותב אפרים סידון הבוקר ב""מעריב"": ""אל הפועלת המפוטרת א""ג, אשר נותרה באופקים בלי פרנסה, ולא תוכל עוד להביא לילדיה את אותם 2,000 שקל הכנסה.",ראשי תיבות שם פרטי ומשפחה (זהות חסויה),אימון גופני | אבן גבול | איכות גבולית | ארבע (גימטריה) | ראשי תיבות שם פרטי ומשפחה (זהות חסויה),5,knesset,knesset,13_ptm_532434.docx,human_review
kn3-0012,א״ה,"נודע לי, כי במהלך התקרית פצעה הירייה הראשונה את מר א""ה.",ראשי תיבות שם פרטי ומשפחה (זהות חסויה),אבן העזר | אוצר הברכות | אי הכי (אם כך) | אמר הכותב/המחבר/העורך | שש (גימטריה) | ראשי תיבות שם פרטי ומשפחה (זהות חסויה),6,knesset,knesset,15_ptm_532749.docx,human_review
kn3-0013,א״מ,"אדוני היושב בראש, חברי הכנסת הנוכחים, ידיעה לאקונית בעיתון מספרת על א""מ, אשה בישראל, שהיא וחמשת ילדיה חיים בעוני נורא.",ראשי תיבות שם פרטי ומשפחה (זהות חסויה),אמצעים מיוחדים | אגף מודיעין | אליעזר מאיר (ליפשיץ) | אניית מנוע (א/מ) | ארבעים ואחת (גימטריה) | ראשי תיבות שם פרטי ומשפחה (זהות חסויה),6,knesset,knesset,14_ptm_532486.docx,human_review
kn3-0014,א״נ,"אם כן – אילו צעדים יינקטו כדי לזרז את הליכי החקירה בעניינו של א""נ?",ראשי תיבות שם פרטי ומשפחה (זהות חסויה),אינו נאמן | אדון נכבד | און נאך (ועוד) | אי נימא (אם נאׂמר) | אי נמי (מילולית: או גם | חמישים ואחת (גימטריה) | ראשי תיבות שם פרטי ומשפחה (זהות חסויה),7,knesset,knesset,13_ptm_532255.docx,human_review
kn3-0015,א״ע,"המבקר הפנימי של הרשות בדק תלונת ועד עגינה – נמל חיפה, בנושאים הבאים: מכרז למשרת רכז עגינה מיום 9 באוקטובר 1996 ומימון קורס מנהלי עבודה למר א""ע.",ראשי תיבות שם פרטי ומשפחה (זהות חסויה),את עצמו | אנציקלופדיה עברית | אוניברסיטה עברית | שבעים ואחת (גימטריה) | ראשי תיבות שם פרטי ומשפחה (זהות חסויה),5,knesset,knesset,14_ptm_532456.docx,human_review
kn3-0016,א״ק,"בדיקת משרד הבריאות במקרהו של מר א""ק הראתה שלא היתה סטייה מן הנהלים שנהגו באותה עת.",ראשי תיבות שם פרטי ומשפחה (זהות חסויה),אוויר-קרקע | אתלטיקה קלה | אדם קדמון | אם קריאה | אמר קרא | אנית קיטור | מאה ואחת (גימטריה) | ראשי תיבות שם פרטי ומשפחה (זהות חסויה),8,knesset,knesset,13_ptm_532342.docx,human_review
kn3-0017,א״ר,"ההוראה להשמדת הלהקה באה בעקבות מחלה בלהקה, אך לפניה הובטח כי מדינת ישראל תפצה את א""ר פיצוי מלא בגין השמדתה.",ראשי תיבות שם פרטי ומשפחה (זהות חסויה),אמר רבי | אליהו רבה | אל רחום | אוטורוטציה | מאתיים ואחת (גימטריה) | ראשי תיבות שם פרטי ומשפחה (זהות חסויה),6,knesset,knesset,13_ptm_532164.docx,human_review
kn3-0018,א״ש,"האם מודע המשרד לענייני דתות למחיר שנדרש מר א""ש לשלם?",ראשי תיבות שם פרטי ומשפחה (זהות חסויה),אי-שוויון | איש שלום | אבינו שבשמים | ארמית שומרונית | אדר שני | אמר שם | אנשי שלומנו | אימון שדה | שלוש מאות ואחת (גימטריה) | ראשי תיבות שם פרטי ומשפחה (זהות חסויה),10,knesset,knesset,13_ptm_532388.docx,human_review
kn3-0019,א״ת,"אציין, שנגד החשודים הקטינים נפתחו תיקי א""ת, כלומר תיקי אי-תביעה, כמקובל לגבי קטינים.",אי-תביעה (תיק פלילי של קטין),אל תאמר | אזור תעשיה | אם תאמר | ארבע מאות ואחת (גימטריה) | אי-תביעה (תיק פלילי של קטין),5,knesset,knesset,15_ptm_532970.docx,human_review
kn3-0020,בד״א,"49 חיילים משוחררים דרוזים גויסו (בדרגות בד""א), ו-67 בני מיעוטים אחרים, מהם שני קצינים.",בדרוג אחיד,במה דברים אמורים | בעלי דרגות אחרות | בד' אמות | ברוך דיָן אמת | שבע (גימטריה) | בדרוג אחיד,6,knesset,knesset,13_ptm_532195.docx,human_review
kn3-0021,בד״צ,"אני אסכם ואומר רק כך: כשאני מתבונן על ההסכם שחתמה הממשלה, זהו בעצם הסכם אוסלו, עכשיו עם חותמת ""כשר"" של בד""צ הליכוד.",בית דין צדק,בית דין צבאי | בית דין צדק | תשעים ושש (גימטריה),3,knesset,knesset,14_ptm_532454.docx,clean
kn3-0022,בס״ד,"הוא כותב כך: ""בס""ד, שיחקנו ליד בית שניאורסון והתכוננו ללכת לאברהם אבינו.",בסייעתא דשמיא (מילולית: בסיוע השמיים,בסוף דבר | בסייעתא דשמיא (מילולית: בסיוע השמיים | שישים ושש (גימטריה),3,knesset,knesset,13_ptm_532314.docx,clean
kn3-0023,ר״מ,"אין סיבה לשלם תגמול מיוחד למי שנמצא בר""מ-2 מעל 60 יום.","רשימת מקבצים (יחידה רישומית צה""לית)","רבי מאיר | ראש ממשלה | ריש מתיבתא | רב המלמד בישיבה | רַב מורה | מאתיים וארבעים (גימטריה) | רשימת מקבצים (יחידה רישומית צה""לית)",7,knesset,knesset,15_ptm_532943.docx,human_review
kn3-0025,ב״ה,"קודם כול, חלק מכם כבר התחילו להוסיף ""ב""ה"" בברכות לראש השנה ובמכתבים.",בָּרוּךְ הַשֵׁם,ברוך הבא | בית הלל | בעולם הבא | בניין הורדוס | ברוך המקום ברוך הוא | בְּעֶזְרַת הַשֵּׁם (בסיעתא דשמיא) | בָּרוּךְ הַשֵׁם | שבע (גימטריה),8,knesset,knesset,13_ptm_532267.docx,clean
kn3-0028,ב״ש,"כ-300,000 אזרחי המדינה המשתמשים בכרטיסי מנוי חודשיים מדי חודש בשירותי ""אגד"", ""דן"", ""חב' ב""ש"" ו""חב' אוטובוסים מאוחדים נצרת"".",באר שבע,באר שבע | בית שאן | בית שמש | בית שמאי | ברוך שמו | שלוש מאות ושתיים (גימטריה),6,knesset,knesset,13_ptm_532367.docx,clean
kn3-0030,דמ״צ,"כי היה לי חלק בעניין יצירת המאפיינים ליצור הזה שנקרא דמ""צ, ואני רוצה לומר לך, שכל הדמ""צים – אולי מלבד אחד או שניים; כל השאר אכזבו ושימשו כנציגים של בעלי העניין.",דירקטור מקרב הציבור,דרישות מבצעיות | דירקטור מקרב הציבור | מאה ושלושים וארבע (גימטריה),3,knesset,knesset,14_ptm_532718.docx,clean
kn3-0031,ד״א,"(לא נקראה, נמסרה לפרוטוקול) השאילתא עוסקת בתלונה ספציפית של מר ד""א.",ראשי תיבות שם פרטי ומשפחה (זהות חסויה),חזיר | עבודה זרה | דבר אחר | דרך ארץ | יחסי אישות | ד' אלפים | עניין אחר | דרך אגב | ד' אמות | דיני אדם | דבר אחר.במשמעות | דרך אכילה/אכילתו | דרכא אחרינא (דרך אחרת) | חמש (גימטריה) | ראשי תיבות שם פרטי ומשפחה (זהות חסויה),15,knesset,knesset,15_ptm_532880.docx,human_review
kn3-0032,ד״ל,"מה הן הסיבות להעברת רב-כלאי ד""ל מתפקידו?",ראשי תיבות שם פרטי ומשפחה (זהות חסויה),ודי לחכימא | ודי למבין | שלושים וארבע (גימטריה) | ראשי תיבות שם פרטי ומשפחה (זהות חסויה),4,knesset,knesset,14_ptm_532497.docx,human_review
kn3-0033,ד״ע,"הקובלנה נגד השופט ד""ע הופסקה כאשר בתוך מהלך הדיון הוא הודיע על התפטרותו מכס השיפוט.",ראשי תיבות שם פרטי ומשפחה (זהות חסויה),דברי עצמו | דבר עבירה | שבעים וארבע (גימטריה) | ראשי תיבות שם פרטי ומשפחה (זהות חסויה),4,knesset,knesset,15_ptm_532966.docx,human_review
kn3-0034,ד״ת,"אילו היה ד""ת עובד יחיד במשק, ניתן היה להשלים עם העניין הזה.",ראשי תיבות שם פרטי ומשפחה (זהות חסויה),דברי תורה | דין תורה | דעת תורה | ארבע מאות וארבע (גימטריה) | ראשי תיבות שם פרטי ומשפחה (זהות חסויה),5,knesset,knesset,13_ptm_532210.docx,human_review
kn3-0035,זה״ב,"השבועון ""משפחה"", המנהל מאבק ציבורי בנושא, מדווח, כי התוכניות של פרויקט זה""ב ומרכז ההדרכה בירושלים אינן מופעלות במגזר החרדי.",זהירות בדרכים,זהירות בדרכים | הימים בהם קוראים בתורה: ז' (שבת) | ארבע עשרה (גימטריה),3,knesset,knesset,15_ptm_532748.docx,clean
kn3-0036,ז״פ,"על-פי החוק, מדוע לא ניתנת לגברת ז""פ תעודת זהות, לאחר ששירתה בחיל הים?",ראשי תיבות שם פרטי ומשפחה (זהות חסויה),זמן פירעון | זהוי פלילי | שמונים ושבע (גימטריה) | ראשי תיבות שם פרטי ומשפחה (זהות חסויה),4,knesset,knesset,14_ptm_532685.docx,human_review
kn3-0037,ז״ק,"אני קראתי לשר החוץ שלנו שר האוצר של ערפאת, כי ב""מעריב"" אתמול פורסם בשם משה ז""ק: שר החוץ של מדינת פלשתין, כך הציג את עצמו פארוק קדומי, קרא לישראל מדינה רמאית, שקרנית וברוטלית.",זרע קדושים (שם משפחה),זמן קצר | זנב קשיח | זקף קטן | זרע קדושים (שם משפחה) | זרע קודש (שם משפחה) | זרע קיים | מאה ושבע (גימטריה),7,knesset,knesset,13_ptm_532284.docx,clean
kn3-0038,חו״ש,"עבודות חו""ש – 13%, כ-300 מיליון שקל חדש; ד.",חוץ ושטח (עבודות פיתוח),חס ושלום | חדש ושבת | שלוש מאות וארבע עשרה (גימטריה) | חוץ ושטח (עבודות פיתוח),4,knesset,knesset,13_ptm_532369.docx,human_review
kn3-0039,חי״ל,"כן, אדוני ראש הממשלה שהיה פעם גם אלוף פיקוד המרכז: גם לגבעות שמעל איתמר יש חשיבות אסטרטגית ולא רק טקטית, וגם להר-חרשה וגם לגבעת-חי""ל, וגם לכל המאחזים האחרים.",חזית יהודית לאומית,חזית יהודית לאומית | (הבריגדה היהודית) אשר לחמה באירופה במלחמת העולם השניה | האגודה לפיתוח הימאות העברית ולהחדרת תודעתה בארץ ובעולם | ארבעים ושמונה (גימטריה),4,knesset,knesset,15_ptm_532793.docx,clean
kn3-0040,חמ״ל,"יש מין חמ""ל מרכזי, ששולט על כל התנועה במדינת ישראל, ותהיה נוכחות הרבה יותר גדולה מאשר היתה בעבר.",חדר מלחמה,חדר מלחמה | חדר ניהול אירוע ומעקב אחר תרחיש | שבעים ושמונה (גימטריה),3,knesset,knesset,14_ptm_532460.docx,clean
kn3-0041,חפ״ק,"המשטרה הקימה הבוקר חפ""ק של מחוז תל-אביב.",חבורת פיקוד קדמית,חבורת פיקוד קדמית | חונה פה קהילת | מאה ושמונים ושמונה (גימטריה),3,knesset,knesset,13_ptm_532294.docx,clean
kn3-0042,ח״כ,"בשירות המדינה היו ננקטים מייד אמצעים להפסקת תופעה זו, בכלל זה הוראה של המבקרת, אלא שכאן אין דין ואין דיין, להוציא ח""כ אלי דיין, ואיש הישר בעיניו יעשה.",חבר כנסת,חבר כנסת | חזקת כשרות | עשרים ושמונה (גימטריה),3,knesset,knesset,13_ptm_532264.docx,clean
kn3-0043,ח״פ,"הוועדה המחוזית לתכנון ובנייה, חיפה, כבר דנה בעניין וקבעה כי ח""פ 1584 תופקד מחדש ולוועדה יוגשו חלופות לדרך חדשה.",חיפה/פרברית (תוכנית מתאר),חד פעמי | חונה פה | שמונים ושמונה (גימטריה) | חיפה/פרברית (תוכנית מתאר),4,knesset,knesset,15_ptm_532853.docx,human_review
kn3-0045,יחב״ל,"פרידן גם אישר, כי אנשי יחב""ל הבטיחו לסייע לו להיות מוחזק בכלא שהוא יבחר.",היחידה לחקירות בינלאומיות,יחסים בינלאומיים | יחידות בינלאומיות | היחידה לחקירות בינלאומיות | חמישים (גימטריה),4,knesset,knesset,15_ptm_532803.docx,clean
kn3-0046,יח״ל,"שיעור העוברים בשלוש יחידות לימוד – יח""ל – 84% במגזר היהודי ו-82% במגזר הלא-יהודי; בארבע יח""ל – 93% במגזר היהודי ו-86% במגזר הלא-יהודי; בחמש יח""ל – 95% במגזר היהודי ו-94% במגזר הלא-יהודי.",יחידות לימוד,יחידות לימוד | ישיבת חכמי לובלין | יחידת לבגרות | ארבעים ושמונה (גימטריה),4,knesset,knesset,14_ptm_532682.docx,clean
kn3-0047,כ״ז,"אומרת הגמרא, מסכת ראש השנה כ""ז: ""התוקע לתוך הבור או לתוך הדות או לתוך הפיטס"".",עשרים ושבע (גימטריה),כל זאת | כל זמן | עשרים ושבע (גימטריה),3,knesset,knesset,13_ptm_532188.docx,clean
kn3-0048,לו״ז,"כאן היה לו""ז שמאפשר הכנות מקדימות ומסודרות.",לוח זמנים,לוח זמנים | לוחמה זעירה | ארבעים ושלוש (גימטריה),3,knesset,knesset,15_ptm_532742.docx,clean
kn3-0049,ל״ד,"ולכן אחת משתיים – או שמסיימים בסעיף ל""ד, אם אני לא טועה – – –",שלושים וארבע (גימטריה),לחץ דם | לאו דווקא | לא דמי | שלושים וארבע (גימטריה),4,knesset,knesset,15_ptm_532855.docx,clean
kn3-0050,ל״ע,"תמיד אמרו שמפלגת ל""ע – 2% – שלטה על המדינה בשעתה, בשנות ה-50 וה-60.",הליברלים העצמאיים (מפלגה),לעת עתה | לימוד עצמי | לא עלינו | מאה (גימטריה) | הליברלים העצמאיים (מפלגה),5,knesset,knesset,13_ptm_532221.docx,human_review
kn3-0051,מב״ר,"אחת התוכניות היא תוכנית כיתות מב""ר, או מעבר לבגרות.",מסלול בגרויות רגיל,משרד הבריאות | מסלול בגרויות רגיל | מפגר בעל רצון | מאתיים וארבעים ושתיים (גימטריה),4,knesset,knesset,13_ptm_532220.docx,clean
kn3-0052,מד״א,"והנה, הנהלת מד""א בישראל אומרת להם: בבקשה, תודיע לשני התורמים שלך שהמדיניות – – –",מגן דוד אדום,מגן דוד אדום | מרא דאתרא | מסכת דרך ארץ | מאן דאמר (מי שאמר) | משום דרכי אמורי | ארבעים וחמש (גימטריה),6,knesset,knesset,13_ptm_532199.docx,clean
kn3-0053,מהר״ם,"הסביר מהר""ם שפירא במשפט: ""עם ישראל נקרא אדם אחד, אומות העולם נקראים הרבה בני אדם"".",מורנו הרב רבי מאיר,רבי מרדכי יפה | רבי מרדכי בנט | רבי מאיר ברבי | רבי מאיר איזנשטט | רבי משה מינץ | רבי מאיר קצנלנבוגן | רבי מאיר פישלס | רבי משה אלשקר | רבי משה גאלנטי (הראשון) | רבי משה שיק | רבי יהודה מאיר שפירא | רבי מאיר בן ברוך מרוטנבורג | רבי מאיר שיף | רבי מרדכי בריסק | רבי מנחם דוד בן יצחק | רבי מאיר הלוי איש הורוביץ | רבי מנחם מנדל אביגדורש | דורותי מהרם | מהרם (חברה) | משפט מהרם | מורנו הרב רבי מאיר | מורנו הרב רבי מנדל | מאתיים ושמונים וחמש (גימטריה),23,knesset,knesset,14_ptm_532631.docx,clean
kn3-0054,מזל״ט,"אבל, לצערי הרב, אותם דברים, אותן השמצות, אותם דברי רהב, אותם דברים מזלזלים, ואלה הקטנים שבהם: שרוול שאין בו כלום, מזל""ט מקורקע, אין טייס, אין צוות, מדמה עצמו לצ'רצ'יל.",מטוז זעיר ללא טייס,מזל טוב | מטוז זעיר ללא טייס | שמונים ושש (גימטריה),3,knesset,knesset,14_ptm_532540.docx,clean
kn3-0055,מט״ח,"וכשנחזיר אותן נגלה פתאום שאין לנו יתרות מט""ח אפילו לשלושה חודשים, דבר שהיה בעבר הקו האדום.",מטבע חוץ,מטבע חוץ | מרכז לטכנולוגיה חינוכית | חמישים ושבע (גימטריה),3,knesset,knesset,13_ptm_532300.docx,clean
kn3-0056,מלמ״ש,"(לא נקראה, נמסרה לפרוטוקול) ממשלת ישראל החליטה על ביצוע מכרז להפקת מים מליחים באזור מישור רותם בהיקף של 30 מלמ""ש כמי גלם להתפלה.",מיליון מטר מעוקב לשנה,מיליון מטר מעוקב לשנה | מרכז ללימודי משטרה | ארבע מאות ועשר (גימטריה),3,knesset,knesset,15_ptm_533006.docx,clean
kn3-0057,מל״ט,"המנחים מועסקים במערכת החינוך כמורים, ויום או יומיים בשבוע הם מועסקים על-ידי מל""ט חולון על-פי חוזה מיוחד.",מרכז ללימודים טכנולוגיים,מטוס ללא טייס | מיגו לחצי טענה | שבעים ותשע (גימטריה) | מרכז ללימודים טכנולוגיים,4,knesset,knesset,14_ptm_532472.docx,human_review
kn3-0058,מל״ל,"משרד החינוך והתרבות רואה בצעדים של ההורים בכפר-מל""ל הפרת חוק חמורה.",משה לייב ליליינבלום,המוסד לביטוח לאומי | המטה לביטחון לאומי | משה לייב ליליינבלום | מאה (גימטריה),4,knesset,knesset,13_ptm_532174.docx,clean
kn3-0059,מל״מ,"עתה נמצאות בפיתוח, תרגום ושכתוב תוכניות לימוד טכנולוגיות וכן מקראות, ספרי לימוד ותוכניות לימוד כלליות באמצעות מל""מ ירושלים, אוניברסיטת חיפה והאגף לתוכניות לימודים.",המרכז למורשת המודיעין,המרכז למורשת המודיעין | מוליך למחצה | מפעל מלמ | מוסמך למדעים | מלם תים | מלם מערכות | מודיעין לקראת מבצע | מאה ועשר (גימטריה),8,knesset,knesset,13_ptm_532178.docx,clean
kn3-0060,ממ״ק,"– – התהפכות מכלית הגופרית בצומת-פלוגות, וביום ראשון האחרון, התפוצצות מכל שבתוכו 18,000 ממ""ק סולר בבית-הזיקוק באשדוד – גרמו לדאגה רבה של אזרחים רבים מאוד ברחבי הארץ.",מיליון מטר מעוקב,מיליון מטר מעוקב | ממלא מקום קצין | מילימטר מעוקב | מרחב מוגן קומתי | מאה ושמונים (גימטריה),5,knesset,knesset,14_ptm_532532.docx,clean
kn3-0061,מפמ״ר,"לכל מקצוע שעליו מופקד מפמ""ר, תמנה המזכירות הפדגוגית ועדת משנה – ועדה להוראת מקצוע.",מפקח מרכז,מפקד מרכז | מפקח מרכז | שלוש מאות ושישים (גימטריה),3,knesset,knesset,14_ptm_532682.docx,clean
kn3-0062,מר״מ,"כתוב כאן מוסדות אחרים, כמו בתי-מרקחת, חדרי מיון או מר""מ.",מרכז רפואה מיידי,מרפאת מומחים | מרכז רפואה מיידי | מאתיים ושמונים (גימטריה),3,knesset,knesset,13_ptm_532244.docx,clean
kn3-0063,מת״ש,"מדוע מוריד מת""ש 25% מהתגמול המיוחד מהיום ה-16 ואילך?",מרכז תשלומי שכר,מתן שכר | משפט תשלום | שבע מאות וארבעים (גימטריה) | מרכז תשלומי שכר,4,knesset,knesset,15_ptm_532943.docx,human_review
kn3-0064,מ״א,"האם ידוע למשרד כי מ""א זקוק לטיפול גריאטרי?",ראשי תיבות שם פרטי ומשפחה (זהות חסויה),מועצה אזורית | מקום אחר | מלכים א' | משנה א' | מגן אברהם | מעמד אישי | מערכות אלקטרוניות | המפקדה הארצית | מספר אישי | מודיעין אזרחי | מעצור אוויר | מחזור אחרון | מוסמך אוניברסיטה (נקרא גם 'תואר שני') | מֻסְמָךְ אוּנִיבֶרְסִיטָה | משתנה אקראי (תורת ההסתברות) | ארבעים ואחת (גימטריה) | ראשי תיבות שם פרטי ומשפחה (זהות חסויה),17,knesset,knesset,13_ptm_532242.docx,human_review
kn3-0065,מ״ג,"בדבר מתן הכרה ממלכתית לחללים, מ""ג המעפילים, במלאות 20 שנה לטביעתה של הספינה ""אגוז"" במצר גיברלטר; ב.",ארבעים ושלוש (גימטריה),מפקד גף | מילת־גוף | מיליגרם (אלפית הגרם) | ארבעים ושלוש (גימטריה),4,knesset,knesset,13_ptm_532192.docx,clean
kn3-0066,מ״ד,"אבל הוא לא פרש, הוא עבר ללמוד גיאוגרפיה וסיים למרות שהוא הגיע מ""ד' צפון"".",שכונת ד' צפון (באר שבע),מאי דכתיב | מאן דאמר | מהו דתימא | ארבעים וארבע (גימטריה) | שכונת ד' צפון (באר שבע),5,knesset,knesset,15_ptm_532748.docx,human_review
kn3-0067,מ״ז,"אומרת הגמרא, ביבמות מ""ז: אל אשר תלכי אלך.",ארבעים ושבע (גימטריה),מין זכר | מספר זנב | ארבעים ושבע (גימטריה),3,knesset,knesset,13_ptm_532242.docx,clean
kn3-0068,מ״ח,"ראוי העם בישראל וראויה מדינת ישראל שתהיה להם שיטה אחרת, שיטה טובה ובדוקה אשר התנסינו בה מ""ח שנים.",ארבעים ושמונה (גימטריה),מדעי החיים | משפט חוזר | מועצת חכמים | מילת חיבור | ארבעים ושמונה (גימטריה),5,knesset,knesset,14_ptm_532506.docx,clean
kn3-0069,מ״ס,"מדוע לא הושלם הדיון בבקשתו של מ""ס לזכאות, אף שהגישה לפני כארבע שנים?",ראשי תיבות שם פרטי ומשפחה (זהות חסויה),מועדון ספורט | מהירות סגירה | מאה (גימטריה) | ראשי תיבות שם פרטי ומשפחה (זהות חסויה),4,knesset,knesset,13_ptm_532388.docx,human_review
kn3-0070,מ״ע,"שתי החיילות אכן קבלו על הטרדות מיניות מצדו של סגן-אלוף מ""ע.",ראשי תיבות שם פרטי ומשפחה (זהות חסויה),מצות עשה | מנוחתו עדן | מאה ועשר (גימטריה) | ראשי תיבות שם פרטי ומשפחה (זהות חסויה),4,knesset,knesset,14_ptm_532553.docx,human_review
kn3-0071,מ״פ,"אני לא יודע אם כל מ""פ יודע בדיוק מה צריך לעשות כאשר הוא נתקל במשטרה פלשתינית.",מפקד פלוגה,מפקד פלוגה | מחנה פליטים | מחשבה פלילית | לשון משלים פועל | מחשבים מגה פיקסל | מתמטיקה מכפלה פנימית | מאה ועשרים (גימטריה),7,knesset,knesset,13_ptm_532263.docx,clean
kn3-0072,מ״צ,"אף אחד לא לוקח את האחריות ולא חושב שזה יהיה המצב, ואל תפחידו אותנו בסיפור הזה, האם את או אתה רוצים שיבואו מ""צ ויגייסו בכוח.",משטרה צבאית,"מעלות צלזיוס | משטרה צבאית | משיח צדק, משיח צִדקנו | מאה ושלושים (גימטריה)",4,knesset,knesset,15_ptm_532771.docx,clean
kn3-0073,מ״ת,"אמר לו הגבאי: הלוואי והיית אומר ""בעבור שנדב מ""ת שקלים"", זה הרבה יותר.",ארבע מאות וארבעים (גימטריה),משחקי תפקידים | מתן תורה | ארבע מאות וארבעים (גימטריה),3,knesset,knesset,15_ptm_532807.docx,clean
kn3-0074,נ״א,"אדוני היושב-ראש, רבותי חברי הכנסת, הזכרת לי בדיוק גמרא במסכת סוכה, דף נ""א; הגמרא אומרת שם: ""מי שלא ראה שמחת בית-השואבה לא ראה שמחה מימיו"", שבמשך שבעה ימים היו רוקדים ושמחים ולא ראו טעם שינה.",חמישים ואחת (גימטריה),נוסח אשכנז | נגד אדם | נחיתת אונס | נחלת אבות | נביאים אחרונים | ניחום אבלים | נפילת אפיים | נוסחא אחרינא | חמישים ואחת (גימטריה),9,knesset,knesset,15_ptm_532833.docx,clean
kn3-0075,נ״ח,"חבר הכנסת שילנסקי, אנחנו קוראים זאת בהפטרה של יום כיפור, בספר ישעיהו, פרק נ""ח: ""הלוא פרס לרעב לחמך ועניים מרודים תביא בית, כי תראה ערם וכסיתו ומבשרך לא תתעלם"".",חמישים ושמונה (גימטריה),נוסח חדש | נס חנוכה | נק' חיים | חמישים ושמונה (גימטריה),4,knesset,knesset,13_ptm_532222.docx,clean
kn3-0076,נ״י,"היא סיפקה את הבובות לתשדירים של מפלגת נ""י הפיקטיבית, שאני רוצה לדעת מי עומד מאחוריה.",נצח ישראל,ניו יורק | נצח ישראל | נרו יאיר | נסמך יחיד | שישים (גימטריה),5,knesset,knesset,15_ptm_532738.docx,clean
kn3-0077,ס״ג,"ואם יש למישהו ספק בדבר היחס המועדף של היהדות לנשים, אני רוצה לקרוא לכם את דברי הגמרא ביבמות ס""ג: רבי חיא היתה אשתו מצערתו.",שישים ושלוש (גימטריה),סירת גומי | סנהדרין גדולה | שישים ושלוש (גימטריה),3,knesset,knesset,13_ptm_532252.docx,clean
kn3-0078,ס״ד,"אדוני ימצא סעד בכל עניין של ס""ד אצל אגודת ישראל ודגל התורה.",סייעתא דשמיא (עזרת השם),סוף דבר | סוציאל דמוקרטי | ספרא דצניעותא | סייעתא דשמיא (עזרת השם) | סלקא דעתך (= עולה ב/על דעתך) | שישים וארבע (גימטריה),6,knesset,knesset,15_ptm_532832.docx,clean
kn3-0079,ס״ט,"כמה הדבר חמור, תראו מן הגמרא במסכת קידושין, דף ס""ט, ביטוי מאוד קשה: ""כוולד במעי בהמה היא"".",שישים ותשע (גימטריה),סימן טוב | ספרדי טהור | סופו טוב (סיפיה טב) | סינא טינא (עפר ואפר) | שישים ותשע (גימטריה),5,knesset,knesset,13_ptm_532239.docx,clean
kn3-0080,ס״ס,"מבדיקה שערך משרד הבריאות עולה כי גב' ס""ס, שהינה תלמידת סיעוד, התבקשה לסדר את מטפחתה באופן שלא תבוא במגע עם החולה בעת הטיפול.",ראשי תיבות שם פרטי ומשפחה (זהות חסויה),סוף-סוף | סוף סימן־ | ספק ספיקא | מאה ועשרים (גימטריה) | ראשי תיבות שם פרטי ומשפחה (זהות חסויה),5,knesset,knesset,14_ptm_532535.docx,human_review
kn3-0081,עכו״ם,"יש לכך השלכות בריאותיות חמורות, ואנשי רפואה כבר התריעו על כך, וכן השלכות חמורות לא פחות בתחום הכשרות, שכן ""חלב עכו""ם"" אסור באכילה ובשתייה.",עובד כוכבים ומזלות (גויים ונכרים עובדי אלילים),עבודה זרה | גוי | פגניות | הלכות הרחקה מגויים | עבודת כוכבים ומזלות | עובד כוכבים ומזלות (גויים ונכרים עובדי אלילים) | מאה ושלושים ושש (גימטריה),7,knesset,knesset,13_ptm_532164.docx,clean
kn3-0082,ע״א,"ע""א חכים מצאלחה זומן ב-2 במאי 2001 למשטרת חדרה על רקע שירים בעלי אופי לאומני שפרסם בעיתון ""סאות' אל-חק"".",שבעים ואחת (גימטריה),עבודת אלילים | עובד אלילים | עפר ואפר | ערעור אזרחי | שבעים ואחת (גימטריה),5,knesset,knesset,15_ptm_533006.docx,clean
kn3-0083,ע״ד,"פיקוח נפש דוחה כל התורה כולה, חוץ משלושה דברים שהתלמוד מלמד, במסכת סנהדרין דף ע""ד, הגמרא המפורסמת, שהם גילוי עריות, שפיכות דמים ועבודה זרה.",שבעים וארבע (גימטריה),על דרך | על דעת | עריכת דין | על דבר/דברי | שבעים וארבע (גימטריה),5,knesset,knesset,13_ptm_532307.docx,clean
kn3-0084,ע״ז,"כך, לדוגמה, פסק הראשון לציון הרב עוזיאל, זכרו לברכה, בספרו ""משפטי עוזיאל"", חלק ד', סימן ע""ז, כי לפי המשפט העברי גבר חייב במזונות בת זוגו אם הם נישאו בנישואין אזרחיים, שמכוחם הוא חייב לפרנסה.",שבעים ושבע (גימטריה),על זה | עבודה זרה | שבעים ושבע (גימטריה),3,knesset,knesset,13_ptm_532342.docx,clean
kn3-0085,ע״י,"ביצוע הפרויקטים כאמור מותנה במסגרת התקציבית המאושרת ע""י האוצר.",על ידי,על ידי | על יד | עַם ישראל | שמונים (גימטריה),4,knesset,knesset,13_ptm_532347.docx,clean
kn3-0086,ע״מ,"זהו המקרה השלישי לאחר התלונות על הכאת האחים ר', ב-10 בנובמבר 1999, ומר ע""מ, ב-16 בנובמבר 1999 – שמותיהם המלאים מופיעים במקור.",ראשי תיבות שם פרטי ומשפחה (זהות חסויה),על מנת | עוסק מורשה | מאה ועשר (גימטריה) | ראשי תיבות שם פרטי ומשפחה (זהות חסויה),4,knesset,knesset,15_ptm_532899.docx,human_review
kn3-0087,ע״פ,"ומסיים את המכתב אותו אזרח, ע""פ מקריית-אונו, וזועק אלי וזועק אלינו: ""אנא, עשה לתיקון העוול, ואלפי נכי העבודה הזקנים יודו לך מקרב לב"".",ראשי תיבות שם פרטי ומשפחה (זהות חסויה),על פי | על פניו | על פה | ערעור פלילי | עושה פסים (=סרגל) | מאה וחמישים (גימטריה) | ראשי תיבות שם פרטי ומשפחה (זהות חסויה),7,knesset,knesset,13_ptm_532332.docx,human_review
kn3-0088,פו״ם,"אנחנו מארחים כאן, היום, באופן מסורתי, את חניכי פו""ם, הם היו אורחינו ביציע בעת האזכרה ליעקב מרידור, זיכרונו לברכה.",המכללה הבין זרועית לפיקוד ולמטה,פיקוד ומטה | פוליטיקה וממשל | המכללה הבין זרועית לפיקוד ולמטה | פלוגות מיוחדות | מאה ועשרים ושש (גימטריה),5,knesset,knesset,13_ptm_532244.docx,clean
kn3-0089,פז״ם,"אני חושב שיש מקום לחלק השני של השאלה שלך, שאנחנו כאנשי ציבור וכמי שמופקדים על מערכות גדולות כאלה נשאל את השאלות, נתלבט בהן, נעסוק בהן, ולא נקבל החלטה שנובעת מאיזה פז""ם של מישהו שהגיע לפרקו.",פרק זמן ממושך,פרק זמן ממושך | פרק זמן מינימלי | מאה ועשרים ושבע (גימטריה),3,knesset,knesset,14_ptm_532716.docx,clean
kn3-0090,פ״א,"התיק (פ""א 1145/96) נסגר מסיבת ""עבריין לא נודע"".",שמונים ואחת (גימטריה),פעם אחת | פה אחד | פרקי אבות | פרה אדומה | פירוש אחר | פגישה אישית | פרא אדם | פלוני אלמוני | פולינום אופייני | פרקי אליהו | פרוטה אחרונה | שמונים ואחת (גימטריה),12,knesset,knesset,14_ptm_532593.docx,clean
kn3-0091,פ״ד,"מספרת הגמרא במסכת בבא מציעא, דף פ""ד: פעם אחת הוליכו עגל לשחיטה, והיה רבי, רבי יהודה הנשיא, יושב ועוסק בתורה לפני בית-המדרש של הבבליים בציפורי.",שמונים וארבע (גימטריה),פרק רביעי | פסק(י) דין | שמונים וארבע (גימטריה),3,knesset,knesset,13_ptm_532390.docx,clean
kn3-0092,פ״נ,"גברת פ""נ התגרשה מבעלה, אך בית-משפט לענייני משפחה בנצרת הכיר בכך שבני הזוג היו נשואים כדין.",ראשי תיבות שם פרטי ומשפחה (זהות חסויה),פה נטמן | פדיון נפש | מאה ושלושים (גימטריה) | ראשי תיבות שם פרטי ומשפחה (זהות חסויה),4,knesset,knesset,14_ptm_532520.docx,human_review
kn3-0093,צח״מ,"בעקבות האירועים האלה הוקם במחוז תל-אביב צוות חקירה מיוחד – צח""מ, כפי שנקרא בז'רגון המשטרתי – כשהנושא עצמו מקבל טיפול בעדיפות ראשונה.",צוות חקירה מיוחד,צוות חקירה מיוחד | צריכת חמצן מרבית | צוות חטיבתי משוריין | מאה ושלושים ושמונה (גימטריה),4,knesset,knesset,13_ptm_532331.docx,clean
kn3-0094,ק״ו,"אנחנו עוברים לסעיף הבא בסדר-היום – הצעת חוק ק""ו; הצעת חוק-יסוד: הממשלה (סייג לזכות השתיקה), של חבר הכנסת חנן פורת.",מאה ושש (גימטריה),קל וחומר | קצר וקולע | מאה ושש (גימטריה),3,knesset,knesset,13_ptm_532204.docx,clean
kn3-0095,רל״א,"חבר הכנסת יוסף עזרן, בבקשה, הצעת חוק רל""א.",מאתיים ושלושים ואחת (גימטריה),רופאים לזכויות אדם | ראש להק האוויר בחיל האוויר הישראלי | מאתיים ושלושים ואחת (גימטריה),3,knesset,knesset,13_ptm_532260.docx,clean
kn3-0096,רע״מ,"מבצע רענון ערכות מגן, רע""מ, אשר נערך בשנים 1995-1992 על-ידי פיקוד העורף, הביא לידי ביטוי את מכלול השיפורים והחידושים.",רענון ערכות מגן,הרשימה הערבית המאוחדת | ריצודי עיניים מהירים | רקטה עתירת משקל | הרשימה הערבית המאוחדת (הכנסת השמינית) | רענון ערכות מגן | שלוש מאות ועשר (גימטריה),6,knesset,knesset,15_ptm_532756.docx,clean
kn3-0097,רש״ת,"אני שמח לבשר, כי בימים האחרונים הגיעה רש""ת להסדר שיאפשר להפעיל את השדה במתכונת שעות הפעילות המורחבת, דהיינו עד השעה 22:00, וזאת החל מיום 1 בינואר 1995.",רשות שדות התעופה,ראשי תיבות | רשות שדות התעופה | תשע מאות (גימטריה),3,knesset,knesset,13_ptm_532325.docx,clean
kn3-0099,ר״מ,"מחובת ר""מ-2 לדווח למשפחות חיילים שהגיעו לבית-החולים רק במצב בינוני ומעלה.","רשימת מקבצים (יחידה רישומית צה""לית)","רבי מאיר | ראש ממשלה | ריש מתיבתא | רב המלמד בישיבה | רַב מורה | מאתיים וארבעים (גימטריה) | רשימת מקבצים (יחידה רישומית צה""לית)",7,knesset,knesset,13_ptm_532196.docx,human_review
kn3-0100,שב״ח,"כמו-כן מוצע לקבוע, כי שב""ח הנכנס לישראל שלא כדין עם רכבו, יחולט הרכב בכפוף לתנאים הקבועים בחוק.",שוהה בלתי חוקי,שוהה בלתי חוקי | שימוש בלתי חוקי (בנשק) | שלוש מאות ועשר (גימטריה),3,knesset,knesset,15_ptm_532965.docx,clean
kn3-0101,שח״ל,"היום דנה הוועדה עם סגנית השר במה שנקרא ביטוח במכונים למחלות לב וגביית הכספים, כאשר החברות כמו ""שח""ל"" ממשיכות לגבות כספים ממשפחת המבוטח גם כאשר המבוטח נפטר.",שירות חולי לב,שמואל חיים לנדוי | שירות חלוצי לישראל | שירות חולי לב | שירות חירום לחולים | שלוש מאות ושלושים ושמונה (גימטריה),5,knesset,knesset,13_ptm_532358.docx,clean
kn3-0102,ש״ב,"האם נחקרה פרשת המדען ש""ב, זיכרונו לברכה, והאם הדברים שצוינו לעיל נכונים?",שמעון בראנד (המדען),שמואל ב' | שירות ביטחון | שלום בית | שבע ברכות | שיעורי בית | ראשי תיבות שם פרטי ומשפחה (זהות חסויה) | שלוש מאות ושתיים (גימטריה) | שמעון בראנד (המדען),8,knesset,knesset,13_ptm_532156.docx,human_review
kn3-0103,ש״ג,"עמדתי ש""ג, כמעט לא נתתי לאריק שרון להיכנס, וזו היתה ההזדמנות היחידה שהייתי בחברון.",שומר גבול,שומר גבול | שוטר גדודי | שער גבול | תורת הזרימה שכבת גבול | שלוש מאות ושלוש (גימטריה),5,knesset,knesset,13_ptm_532290.docx,clean
kn3-0104,ש״ז,"אחד מגדולי המומחים בישראל לדיני העונשין, פרופסור ש""ז פלר, הגדיר חוק זה שאנו מבקשים לבטלו כ""חוק לביזוי עקרונות דיני העונשין"".",שניאור זלמן (פלר),שנה זו | שמואל זנוויל (כהנא) | שלוש מאות ושבע (גימטריה) | שניאור זלמן (פלר),4,knesset,knesset,13_ptm_532211.docx,human_review
kn3-0105,ש״ת,"בכמה כתבים קבועים – מעמד ש""ת, היינו שובר תשלום – מדובר?",שובר תשלום (מעמד העסקה),שמחת תורה | שבת תשובה | שה תמים | שבע מאות (גימטריה) | שובר תשלום (מעמד העסקה),5,knesset,knesset,13_ptm_532393.docx,human_review
kn3-0106,תו״ל,"ולא רק שכל גורם יודע מה האחריות והסמכות שלו, אלא בפעם הראשונה יש תורת הפעלה, מה שנקרא תו""ל, שני כרכים כאלה, כל אחד יודע גם מה הוא צריך לעשות.",תורת לחימה,תורת לחימה | תום לב | ארבע מאות ושלושים ושש (גימטריה),3,knesset,knesset,13_ptm_532216.docx,clean
kn3-0107,תע״ל,"יעלה ויבוא חבר הכנסת אחמד טיבי בשם סיעת תע""ל.",תנועה ערבית להתחדשות,תצוגה עילית | תנועה ערבית להתחדשות | חמש מאות (גימטריה),3,knesset,knesset,15_ptm_532760.docx,clean
kn3-0108,תצ״א,"הוא היה מביא לנו כל חודשיים מפת תצ""א, והוא אמר: הגבעה הזאת ריקה, אין כלום, אדמות מדינה, להקים שם יישוב.",תצלום אוויר,תצלום אוויר | תיאוריית צו אלוהי (divine command theory) | ארבע מאות ותשעים ואחת (גימטריה),3,knesset,knesset,14_ptm_532664.docx,clean
kn3-0109,ת״ז,"במקרה הנדון השאלה הינה תיאורטית, שכן על-פי דיווחי משטרת ישראל, מר צאדק עווידה, ת""ז 023443435, שוחרר ביום 22 במאי 2000 ממעצרו.",תעודת זהות,תעודת זהות | תרשים זרימה | תפוח זהב | ארבע מאות ושבע (גימטריה),4,knesset,knesset,15_ptm_532748.docx,clean
kn3-0110,ת״ל,"כתוב ב""שולחן ערוך"", אורח חיים, הלכות פסח סימן ת""ל: שבת שלפני הפסח קורין אותו שבת הגדול.",ארבע מאות ושלושים (גימטריה),תלמוד לומר | תיפוק ליה | ארבע מאות ושלושים (גימטריה),3,knesset,knesset,13_ptm_532291.docx,clean
kn3-0111,ת״ת,"אולי זאת פעם ראשונה, שאני בניסיון שלי – הקמנו בית-ספר, ת""ת, גם לבנים וגם לבנות, שכמעט הייתי אומר מחכה לתלמידים.",תלמוד תורה,תלמוד תורה | תרומה תצוה | תומכי תורה | השנה ה-800 במניין השנים העבריות | שמונה מאות (גימטריה),5,knesset,knesset,14_ptm_532719.docx,clean
kn4-0000,ש״ס,"אם תוציא 44 מ-404 נשאר בדיוק 360, שזה בגימטריה ש""ס.",שלוש מאות ושישים (גימטריה),משנה | תלמוד | תלמוד בבלי | תלמוד ירושלמי | שחר סוויסה | שישה סדרים | שעה סמסטריאלית | שומרי תורה ספרדיים | שלוש מאות ושישים (גימטריה),9,knesset,knesset,13_ptm_532015.docx,clean
kn4-0001,מד״ר,"ולסיום, אדוני, אני רוצה לקרוא מכתב מימים אלה, שקיבלתי מד""ר יצחק קדמן – גם שר הבריאות קיבל אותו, אני קיבלתי העתק.","ד""ר (מ- קליטי)","מדרש רבה | מדריך ראשי | משוואה דיפרנציאלית רגילה | ד""ר (מ- קליטי) | מאתיים וארבעים וארבע (גימטריה)",5,knesset,knesset,13_ptm_532045.docx,clean
kn4-0002,בד״ר,"על כן, לפני שמטילים אשמה, ואינני רוצה להטיל כל אשמה בד""ר גולדשמידט, ראוי וחובה שמה שהוא עשה ייבדק.","ד""ר (ב- קליטי)","בית דין רבני | בן דב רפפורט | ד""ר (ב- קליטי) | מאתיים ושש (גימטריה)",4,knesset,knesset,13_ptm_532072.docx,clean
kn4-0004,מד״ר,"שמעתי היום מד""ר קדמן – העומד בראש המועצה לשלום הילד, וללא ספק עיסוקו העיקרי הוא שלום הילד בישראל – דבר מתמיה, שהייתי שמח מאוד אילו הבאת אותו לידיעת חברי הממשלה, ובעיקר אילו טיפלת בו.","ד""ר (מ- קליטי)","מדרש רבה | מדריך ראשי | משוואה דיפרנציאלית רגילה | ד""ר (מ- קליטי) | מאתיים וארבעים וארבע (גימטריה)",5,knesset,knesset,13_ptm_532149.docx,clean
kn4-0005,ז״ל,"שר האוצר ציטט את אחד מראשי האיגודים שבא ואמר: דוח ועדת-זוסמן ז""ל.",זכרו לברכה; זכרונו לברכה,זרע לבטלה | זכור לטוב | זכר לחורבן | זכרנו לחיים | זה לשונו | זכר לדבר | זכרו לברכה; זכרונו לברכה | שלושים ושבע (גימטריה),8,knesset,knesset,13_ptm_532164.docx,clean
kn4-0006,מ״ק,"תושבי רשפון ביקשו פיצוי על 385,000 מ""ק מים, בעוד זכאים היו לפיצוי על היקף הקיצוץ למושב, צרכן המים, של 345,200 מ""ק בלבד.",מטר מעוקב,מספר קטן | מטר מעוקב | מרכז קהילתי | מועד קטן | מכשיר קשר | מרא קמא | מחנה קבע | מילת קריאה | מלכין קדמאין | משמע קצת | מאה וארבעים (גימטריה),11,knesset,knesset,13_ptm_532164.docx,clean
kn4-0007,נ״ט,"הנהגנו שיטות שעוררו ביקורת בעולם, כשמנענו הסתכנות בכניסת חיילי היחידות לבתים, שמא יש שם מחבלים חמושים: ירי נ""ט, פיצוץ הבתים לאחר פינוי האזרחים.",צבא נגד טנקים,ניסוי טיסה | צבא נגד טנקים | חמישים ותשע (גימטריה),3,knesset,knesset,13_ptm_532166.docx,clean
kn4-0008,השב״ס,"דיברתי עם מפקד השב""ס, לפי בקשתו של שר המשטרה.",שירות בתי הסוהר,שירות בתי הסוהר | השאלה בין-ספרייתית | שלוש מאות ושישים ושבע (גימטריה),3,knesset,knesset,13_ptm_532166.docx,clean
kn4-0009,מד״ר,"חברי הכנסת גונן שגב ויורם לס, בלי לפגוע בכם, אנחנו לא נוהגים לאזכר תארים כאן בכנסת, אבל זה יהיה בכל זאת מוזר אם אני אבקש מד""ר שגב, מד""ר טמקין ומפרופסור לס לאפשר את המשך הדיון.","ד""ר (מ- קליטי)","מדרש רבה | מדריך ראשי | משוואה דיפרנציאלית רגילה | ד""ר (מ- קליטי) | מאתיים וארבעים וארבע (גימטריה)",5,knesset,knesset,13_ptm_532167.docx,clean
kn4-0010,בד״ר,"אתחיל בד""ר חיידר עבד אל-שאפי, ראש המשלחת, ראש וראשון להם.","ד""ר (ב- קליטי)","בית דין רבני | בן דב רפפורט | ד""ר (ב- קליטי) | מאתיים ושש (גימטריה)",4,knesset,knesset,13_ptm_532167.docx,clean
kn4-0011,מג״ב,"היא הגיעה ללוד, לא לבת-ים, לשוטר מג""ב, נסים טולדנו, זיכרונו לברכה.",משמר הגבול,משמר הגבול | מגה בית (גם: מגה בייט). בדיוק מיליון בית | מיירט גובה בינוני | ארבעים וחמש (גימטריה),4,knesset,knesset,13_ptm_532168.docx,clean
kn4-0012,בע״מ,"אני אומר: אם אתם אומרים שלא יעלה על הדעת ולא ייתכן שבחודש אוקטובר החברות שהן חברות בע""מ, החברות הבנקאיות, יהפכו להיות חברות ממשלתיות, זה לא ייתכן, זה לא אפשרי – לא צריכים את החוק הזה.",בערבון מוגבל,בערבון מוגבל | בעל מלאכה | בעל מום | בקשת ערעור משפחה | מאה ושתים עשרה (גימטריה),5,knesset,knesset,13_ptm_532168.docx,clean
kn4-0013,בע״מ,"לאחר התראה קצרה של חודשים מספר ימונה לרשות כונס נכסים כמו לכל חברה ציבורית או חברה בע""מ אחרת הנמצאת בכינוס נכסים.",בערבון מוגבל,בערבון מוגבל | בעל מלאכה | בעל מום | בקשת ערעור משפחה | מאה ושתים עשרה (גימטריה),5,knesset,knesset,13_ptm_532170.docx,clean
kn4-0014,ח״ן,"בשבוע שעבר היה ויכוח ציבורי רציני ביותר בכל הנוגע לשיתוף קצינת ח""ן ראשית, תת-אלוף יהודית בן-נתן, בדיונים של המטה הכללי.",חיל נשים,חיים נחמן (ביאליק) | חיל נשים | חכמת הנסתר | חשבון נייר (ח-ן) | חמישים ושמונה (גימטריה),5,knesset,knesset,13_ptm_532173.docx,clean
kn4-0015,אג״ם,"כתוב שעוזר ראש אג""ם בדרגת אלוף אחראי לנושא הזה.",אגף המבצעים,"אגף המבצעים | אגף המטה | אגף המטה הכללי | ארבעים וארבע (גימטריה) | אג""ם חקירות (משרד חוקרים פרטי)",5,knesset,knesset,13_ptm_532174.docx,clean
kn4-0016,מל״ל,"בכפר-מל""ל לא הוקם בית-ספר פרטי, והמשרד נוקט את כל האמצעים החוקיים כנגד ההורים על-פי החוק והתקנות, ובכוונתו להגיש בימים הקרובים תביעות משפטיות, לאחר השלמת התהליך.",משה לייב ליליינבלום,המוסד לביטוח לאומי | המטה לביטחון לאומי | משה לייב ליליינבלום | מאה (גימטריה),4,knesset,knesset,13_ptm_532174.docx,clean
kn4-0017,קמ״ט,"כל נושא אתרי העתיקות ביהודה ובשומרון הינו באחריות קמ""ט ארכיאולוגיה במינהל האזרחי ביהודה ושומרון הכפוף למתאם הפעולות בשטחים במשרד הביטחון.",קצין מטה,קצין מטה | קורס מפקדי טנקים | קצין מיון טרומי | מאה וארבעים ותשע (גימטריה),4,knesset,knesset,13_ptm_532175.docx,clean
kn4-0018,כ״ח,"הצעת החוק באה לעגן את יום ירושלים, את יום כ""ח באייר כיום ממלכתי, בדומה, אם כי בהבדלים מסוימים, ליום העצמאות.",עשרים ושמונה (גימטריה),כהנא חי | כתיב חסר | כדור חוזר | כינוי חבור | עשרים ושמונה (גימטריה),5,knesset,knesset,13_ptm_532178.docx,clean
kn4-0019,כ״ח,"ההצעה קובעת: הכנסת מכריזה בזה על יום כ""ח באייר כעל יום ירושלים, שיוחג מדי שנה כחג המדינה וייקרא בשם יום ירושלים.",עשרים ושמונה (גימטריה),כהנא חי | כתיב חסר | כדור חוזר | כינוי חבור | עשרים ושמונה (גימטריה),5,knesset,knesset,13_ptm_532178.docx,clean
kn4-0020,מג״ב,"אבל תזכרו, רבותי, כל זה חוץ מתקריות יום-יום בשטחים, רגימות אבנים, יידוי בקבוקי תבערה על סיורי מג""ב וחיילים, פיגועים בבתי-עלמין, בהר-הזיתים, ותקריות אש יומיומיות בדרום-לבנון.",משמר הגבול,משמר הגבול | מגה בית (גם: מגה בייט). בדיוק מיליון בית | מיירט גובה בינוני | ארבעים וחמש (גימטריה),4,knesset,knesset,13_ptm_532179.docx,clean
kn4-0021,פר״ח,"אנחנו גם הבאנו את הדברים לעמותת פר""ח מצד אחד וללשכת עורכי-הדין מצד שני.",פרויקט חונכות,פרי חדש | פרויקט חונכות | פירש רבנו חננאל | מאתיים ושמונים ושמונה (גימטריה),4,knesset,knesset,13_ptm_532179.docx,clean
kn4-0022,עכו״ם,"לקבור את הגוי – קוברים מתי ישראל ומתי עכו""ם.",עבודת כוכבים ומזלות,עבודה זרה | גוי | פגניות | הלכות הרחקה מגויים | עבודת כוכבים ומזלות | עובד כוכבים ומזלות (גויים ונכרים עובדי אלילים) | מאה ושלושים ושש (גימטריה),7,knesset,knesset,13_ptm_532182.docx,clean
kn4-0023,רמ״ח,"אדוני היושב-ראש, חברי הכנסת, הכול חשים ומרגישים בכל רמ""ח איבריהם, כי עם ישראל נמצא בפרשת דרכים היסטורית.",מספר האיברים בגוף האדם,ראש מחלקה | מספר האיברים בגוף האדם | מאתיים וארבעים ושמונה (גימטריה),3,knesset,knesset,13_ptm_532184.docx,clean
kn4-0024,יו״ד,"בכל ארגון דמוקרטי, בכל ארגון של בני אדם, יש החלטות מסוימות שמשריינים אותן, ולא מוכנים להסתפק בכך שהן ייפלו על קוצו של יו""ד.",יוד,"יורה דעה | יוד | יורה דעה, אחד מחלקי השלחן ערוך | עשרים (גימטריה)",4,knesset,knesset,13_ptm_532184.docx,clean
kn4-0025,יו״ד,"בנושאים המדיניים, בנושא המדיני, אינני בטוח אם היה צבן מצליח להוריד קוצו של יו""ד, אבל בנושאים חברתיים הוא מצא אצלנו קונסנסוס.",יוד,"יורה דעה | יוד | יורה דעה, אחד מחלקי השלחן ערוך | עשרים (גימטריה)",4,knesset,knesset,13_ptm_532185.docx,clean
kn4-0026,אמ״ן,"ומה נמתין, להערכת אמ""ן בדבר סבירות נמוכה או גבוהה למלחמה, כדי להקדים אותם ולהשתלט על גב ההר?",אגף מודיעין,אגף מודיעין | אל מלך נאמן | תשעים ואחת (גימטריה),3,knesset,knesset,13_ptm_532188.docx,clean
kn4-0027,יו״ד,"ההימנעות שלי בממשלה סימנה את קריאתי להקפדה ולדקדוק בכל תג ובכל קוץ של יו""ד ובכל פסיק לגבי המשך הדרך.",יוד,"יורה דעה | יוד | יורה דעה, אחד מחלקי השלחן ערוך | עשרים (גימטריה)",4,knesset,knesset,13_ptm_532188.docx,clean
kn4-0028,י״ח,"הנביא מבטיח לנו בסופו של דבר, בפסוק י""ח: ""וכפר בריתכם את מות וחזות",שמונה עשרה (גימטריה),יוסף חיים | יודעי חן | שמונה עשרה (גימטריה),3,knesset,knesset,13_ptm_532188.docx,clean
kn4-0029,א״ד,"משהו קרה לקברניטי המדינה, ומי שמחפש את השורשים ימצא אותם אצל א""ד גורדון, אצל כצנלסון.",אהרן דוד (גורדון),אינו דומה | אינו דין | אליבא דאמת | אשראי דוקומנטרי | איכא דאמרי (יש אומרים) | אליבא דידי (דידיה) | אנית-דיג | אהרן דוד (גורדון) | חמש (גימטריה),9,knesset,knesset,13_ptm_532188.docx,clean
kn4-0030,ז״ל,"בזמן הפרעות בין הערבים המרוקאים לבין הצרפתים, כשמרוקו נלחמה לקבל עצמאות, אבי ז""ל הפציר בסבי ז""ל שלא ילך להתפלל בבית-הכנסת בשבת.",זכרו לברכה; זכרונו לברכה,זרע לבטלה | זכור לטוב | זכר לחורבן | זכרנו לחיים | זה לשונו | זכר לדבר | זכרו לברכה; זכרונו לברכה | שלושים ושבע (גימטריה),8,knesset,knesset,13_ptm_532188.docx,clean
kn4-0031,עכו״ם,"תקשיבו טוב: עכו""ם שצרו על עיירות ישראל, אם באו על עסקי ממון אין מחללין את השבת – שילך לעזאזל הכסף, לא לחלל את השבת.",עבודת כוכבים ומזלות,עבודה זרה | גוי | פגניות | הלכות הרחקה מגויים | עבודת כוכבים ומזלות | עובד כוכבים ומזלות (גויים ונכרים עובדי אלילים) | מאה ושלושים ושש (גימטריה),7,knesset,knesset,13_ptm_532188.docx,clean
kn4-0032,ל״א,"בשמות רבה ל""א: ""אין לך מידה קשה מן העניות, שהעני דבוקים בו כל ייסורים שבעולם וכאילו באו עליו כל הקללות שבעולם"".",שלושים ואחת (גימטריה),לוחמה אלקטרונית | לשון אחר | שלושים ואחת (גימטריה),3,knesset,knesset,13_ptm_532191.docx,clean
kn4-0033,נ״ר,"נוסף על מסלול המשכנתאות רכש משרדנו בעבור עולי אתיופיה דירות נ""ר –נכסי רכישה – מייד שנייה בשוק החופשי.",נכסי רכישה,נר ראשון (של חנוכה) | נטע רבעי | נביאים ראשונים | נחת רוח | נפש רוח | נקבה רבים | ניירות רכישה | נסמך רבים | נכסי רכישה | מאתיים וחמישים (גימטריה),10,knesset,knesset,13_ptm_532191.docx,clean
kn4-0034,קק״ל,"שאלה: האם זה כולל גם את עובדי הדחק, עובדי קק""ל וכל אלה?",קרן קיימת לישראל,קרן קיימת לישראל | קילו קלוריה | מאתיים ושלושים (גימטריה),3,knesset,knesset,13_ptm_532194.docx,clean
kn4-0035,א״ח,"התיקון של חבר הכנסת א""ח שאקי לסעיף 06 לא נתקבל.",אבנר חי (שאקי),אורך חיים | אגף חקירות | אבנר חי (שאקי) | תשע (גימטריה),4,knesset,knesset,13_ptm_532194.docx,clean
kn4-0036,א״ח,"הצבעה מס' 32 בעד התיקון של חבר הכנסת א""ח שאקי לסעיף 42 – 39 נגד – 58 נמנעים – אין התיקון של חבר הכנסת א""ח שאקי לסעיף 42 לא נתקבל.",אבנר חי (שאקי),אורך חיים | אגף חקירות | אבנר חי (שאקי) | תשע (גימטריה),4,knesset,knesset,13_ptm_532194.docx,clean
kn4-0037,א״ח,"התיקון של חבר הכנסת א""ח שאקי לסעיף 70 לא נתקבל.",אבנר חי (שאקי),אורך חיים | אגף חקירות | אבנר חי (שאקי) | תשע (גימטריה),4,knesset,knesset,13_ptm_532194.docx,clean
kn4-0038,אש״ל,"למה 7 מיליוני שקלים הולכים לתשלום אש""ל לפרוטקציונרים?",אכילה שתיה לינה,אין שומעין לו | איפה שלמה | אכילה שתיה לינה | שלוש מאות ושלושים ואחת (גימטריה),4,knesset,knesset,13_ptm_532195.docx,clean
kn4-0039,רמב״ם,"משמרת התחנה הנחתה במקביל באלחוט את אמבולנס התחנה, שהיה בדרכו חזרה מבית-החולים ""רמב""ם"", להגיע במהירות לביתו של החולה.",הקריה הרפואית לבריאות האדם – בית חולים בחיפה,משנה תורה | ר' משה בן מימון | המרכז הרפואי מיימונידיס | הקריה הרפואית לבריאות האדם – בית חולים בחיפה | מאתיים ושמונים ושתיים (גימטריה),5,knesset,knesset,13_ptm_532196.docx,clean
kn4-0040,ר״מ,"בתקופת אשפוזו הוא קיבל טיפול מסור מיחידת ר""מ-2, ניתנו לו טלוויזיה, נעלי בית, עיתונים וכל מיני הטבות.","רשימת מקבצים (יחידה רישומית צה""לית)","רבי מאיר | ראש ממשלה | ריש מתיבתא | רב המלמד בישיבה | רַב מורה | מאתיים וארבעים (גימטריה) | רשימת מקבצים (יחידה רישומית צה""לית)",7,knesset,knesset,13_ptm_532196.docx,clean
kn4-0041,תמ״א,"(לא נקראה, נמסרה לפרוטוקול) ביולי 1991 הוכלל בתוכנית המתאר הארצית לסילוק אשפה – תמ""א 16 – אתר נווה-ים, המיועד להחליף את המזבלה שעל-יד מושב עופר.",תוכנית מתאר ארצית,תוכנית מתאר ארצית | תוספת מכסת אחוזים | ארבע מאות וארבעים ואחת (גימטריה),3,knesset,knesset,13_ptm_532199.docx,clean
kn4-0042,רמב״ם,"לאור דרישתנו הקצה מרכז שיבא צוות שיקומי, שיצא פעמיים בשבוע לבית-החולים ""רמב""ם"" לטיפול בפצוע והנחה את צוות המחלקה שבה הוא היה מאושפז.",הקריה הרפואית לבריאות האדם – בית חולים בחיפה,משנה תורה | ר' משה בן מימון | המרכז הרפואי מיימונידיס | הקריה הרפואית לבריאות האדם – בית חולים בחיפה | מאתיים ושמונים ושתיים (גימטריה),5,knesset,knesset,13_ptm_532206.docx,clean
kn4-0043,רמב״ם,"לאור דרישתנו הקצה המרכז הרפואי שיבא צוות שיקומי, שיצא פעמיים בשבוע לבית-החולים ""רמב""ם"", בעת שהותו שם, טיפל בפצוע והנחה את צוות המחלקה שבה הוא היה מאושפז.",הקריה הרפואית לבריאות האדם – בית חולים בחיפה,משנה תורה | ר' משה בן מימון | המרכז הרפואי מיימונידיס | הקריה הרפואית לבריאות האדם – בית חולים בחיפה | מאתיים ושמונים ושתיים (גימטריה),5,knesset,knesset,13_ptm_532206.docx,clean
kn4-0044,יו״ד,"שאלתי ובקשתי היא לכבוד השר, אולי יגיד לפקידי האוצר – קצת נשמה, קצת לב, תפסיקו לעמוד על קוצו של יו""ד ולהוריד מניצולי השואה עוד פרוטה ועוד פרוטה.",יוד,"יורה דעה | יוד | יורה דעה, אחד מחלקי השלחן ערוך | עשרים (גימטריה)",4,knesset,knesset,13_ptm_532206.docx,clean
kn4-0045,א״ח,"הצבעה מס' 8 בעד התיקון של חברי הכנסת ד' תיכון, א""ח שאקי וי' ביבי לסעיף 1 – 3 נגד – 12 נמנעים – אין התיקון של חברי הכנסת ד' תיכון א""ח שאקי וי' ביבי לסעיף 1 לא נתקבל.",אבנר חי (שאקי),אורך חיים | אגף חקירות | אבנר חי (שאקי) | תשע (גימטריה),4,knesset,knesset,13_ptm_532209.docx,clean
kn4-0046,א״ח,"הצבעה מס' 9 בעד התיקון של חברי הכנסת א""ח שאקי וי' ביבי לסעיף 1 – 4 נגד – 12 נמנעים – אין התיקון של חברי הכנסת א""ח שאקי וי' ביבי לסעיף 1 לא נתקבל.",אבנר חי (שאקי),אורך חיים | אגף חקירות | אבנר חי (שאקי) | תשע (גימטריה),4,knesset,knesset,13_ptm_532209.docx,clean
kn4-0047,מג״ב,"שלשום בצהריים הומת עבד אל-רחמן אבראהים אל-עארורי מעארורה שבנפת רמאללה, על-ידי מסתערבים של מג""ב, ומתחקיר שבוצע התברר שהוא לא היה חמוש, שלאיש היתה תעודת זהות רגילה ואף מותר היה לו להיכנס לישראל.",משמר הגבול,משמר הגבול | מגה בית (גם: מגה בייט). בדיוק מיליון בית | מיירט גובה בינוני | ארבעים וחמש (גימטריה),4,knesset,knesset,13_ptm_532210.docx,clean
kn4-0048,ח״י,"אני מוסיף את קולו של חבר הכנסת דב שילנסקי, ואם כך – 18 תומכים, ח""י תומכים, אבל בכל זאת הנושא מת.",שמונה עשרה בגימטריה,חוק יסוד | חיל ים | חות יאיר (ספר) | חיה יחידה | חק יעקב (ספר) | חרם יהושע (יהדות) | שמונה עשרה בגימטריה,7,knesset,knesset,13_ptm_532211.docx,clean
kn4-0049,ז״ל,"לא יעבור זמן רב והחבורה הזאת, החבורה המושפלת והרפויה של מפלגת העבודה, ז""ל, תובל חזרה אל האופוזיציה ומשם היא תשרת באמונה את עם ישראל.",זכרו לברכה; זכרונו לברכה,זרע לבטלה | זכור לטוב | זכר לחורבן | זכרנו לחיים | זה לשונו | זכר לדבר | זכרו לברכה; זכרונו לברכה | שלושים ושבע (גימטריה),8,knesset,knesset,13_ptm_532211.docx,clean
kn4-0050,תמ״א,"לפי תוכנית מיתאר ארצית מס' 13 ולפי תמ""א 13ג – חוף הים התיכון, מיועד שטח אתר הקרוונים חצרות-יסף לתיירות.",תוכנית מתאר ארצית,תוכנית מתאר ארצית | תוספת מכסת אחוזים | ארבע מאות וארבעים ואחת (גימטריה),3,knesset,knesset,13_ptm_532214.docx,clean
kn4-0051,מ״ק,"עשרה יישובים בגליל מזרימים מי ביוב ללא טיפול וללא פיקוח, כ-760 מ""ק ליום.",מטר מעוקב,מספר קטן | מטר מעוקב | מרכז קהילתי | מועד קטן | מכשיר קשר | מרא קמא | מחנה קבע | מילת קריאה | מלכין קדמאין | משמע קצת | מאה וארבעים (גימטריה),11,knesset,knesset,13_ptm_532216.docx,clean
kn4-0052,מ״ק,"כ-38 יישובים, עם אוכלוסייה של 30,000 תושבים, מזרימים מבורות הספיגה כ-4,280 מ""ק ליום.",מטר מעוקב,מספר קטן | מטר מעוקב | מרכז קהילתי | מועד קטן | מכשיר קשר | מרא קמא | מחנה קבע | מילת קריאה | מלכין קדמאין | משמע קצת | מאה וארבעים (גימטריה),11,knesset,knesset,13_ptm_532216.docx,clean
kn4-0053,חמ״ס,"הרי קודם כול צריכים לעשות הכול כדי למנוע אירוע חמ""ס, ואם, חס וחלילה, מתרחש אירוע כזה – להשתלט עליו במהירות וביעילות האפשרית, כך שמבחינה זו, לפי דעתי, ממש יש מהפכה.",חומר מסווג,"חומר מסווג | חומשים, מחזורים, סידורים | מאה ושמונה (גימטריה)",3,knesset,knesset,13_ptm_532216.docx,clean
kn4-0054,ת״ק,"הייתי שם כמה פעמים, זה באמת אחד המקומות שריחם הולך ת""ק על ת""ק פרסה.",חמש מאות (גימטריה),תנא קמא | תביעות קטנות | חמש מאות (גימטריה),3,knesset,knesset,13_ptm_532216.docx,clean
kn4-0055,נ״ב,"שר החוץ יצא, אבל הוספתי נ""ב בשבילו אישית, ואני מקווה ששר התעשייה והמסחר יעביר לו חלק מן הדברים אם הוא מתעצל לקרוא את הפרוטוקול.",נכתב בצדו,נקודת בסיס | נוסף ברשימה | נזכרתי בדבר | נכתב בצדו | נזכר בזאת | חמישים ושתיים (גימטריה),6,knesset,knesset,13_ptm_532221.docx,clean
kn4-0056,כ״א,"אני חייב להגיד לכם: הזדעזענו, נפגענו ונדהמנו מההוראה שניתנה ביום שישי, כ""א באדר, שלא להרשות ליהודים לבוא להתפלל לפני הכותל המערבי, וגם פינו את אלה שעמדו והתפללו ועיכבו אותם מלעמוד ליד הכותל המערבי.",עשרים ואחת (גימטריה),כל אחד | כי אם | כוח אדם | כי אתה | כרטיס אשראי | כיווני אוויר | (גימטריה) 21 | עשרים ואחת (גימטריה),8,knesset,knesset,13_ptm_532222.docx,clean
kn4-0057,מ״כ,"האם מצבו ומיקום שירותו של מ""כ מצדיקים מתן רכב שירות?",מפקד כיתה,מועדון כדורגל | מרכז כובד | מפקד כיתה | שישים (גימטריה) | ראשי תיבות שם פרטי ומשפחה (זהות חסויה),5,knesset,knesset,13_ptm_532222.docx,clean
kn4-0058,מ״כ,"העובד מ""כ הינו עובד אחראי ומסור, אשר זכה לקידום מואץ בדרגות מקצועיות.",ראשי תיבות שם פרטי ומשפחה (זהות חסויה),מועדון כדורגל | מרכז כובד | מפקד כיתה | שישים (גימטריה) | ראשי תיבות שם פרטי ומשפחה (זהות חסויה),5,knesset,knesset,13_ptm_532222.docx,human_review
kn4-0059,א״ח,"התיקון של חבר הכנסת א""ח שאקי לשם החוק לא נתקבל.",אבנר חי (שאקי),אורך חיים | אגף חקירות | אבנר חי (שאקי) | תשע (גימטריה),4,knesset,knesset,13_ptm_532224.docx,clean
kn4-0060,ד״ש,"מאיר זורע היה ממייסדי התנועה הדמוקרטית לשינוי, ד""ש, והוא ייצג אותה בכנסת התשיעית.",תנועה דמוקרטית לשינוי,דו-שנתי | דרישת שלום | דוד שמש | דיני שמים | דו-שבעון | תנועה דמוקרטית לשינוי | שלוש מאות וארבע (גימטריה),7,knesset,knesset,13_ptm_532225.docx,clean
kn4-0061,יו״ד,"הוא היה אדם וחבר, אבל מקפיד על קוצו של יו""ד.",יוד,"יורה דעה | יוד | יורה דעה, אחד מחלקי השלחן ערוך | עשרים (גימטריה)",4,knesset,knesset,13_ptm_532225.docx,clean
kn4-0062,קק״ל,"בשיתוף עם קק""ל נערך משרד החקלאות לתכנון שיקום תשתיות לחידוש לולי הפיטום במושב; 2.",קרן קיימת לישראל,קרן קיימת לישראל | קילו קלוריה | מאתיים ושלושים (גימטריה),3,knesset,knesset,13_ptm_532225.docx,clean
kn4-0063,ח״ן,"נפלה, התפטרה המבקרת הפנימית, שהיא אחת הנשים החזקות ביותר בארץ, הגברת תומר, שהיתה קצינת ח""ן ראשית ומילאה שרשרת של תפקידים בכירים בבנק פועלים.",חיל נשים,חיים נחמן (ביאליק) | חיל נשים | חכמת הנסתר | חשבון נייר (ח-ן) | חמישים ושמונה (גימטריה),5,knesset,knesset,13_ptm_532226.docx,clean
kn4-0064,ד״ש,"ד""ש עם ידין – עוד לפני המפולת, בשיא תפארתה, מול מפלגת העבודה המובסת, המושחתת והמסואבת, שבסוף איבדה את השלטון.",תנועה דמוקרטית לשינוי,דו-שנתי | דרישת שלום | דוד שמש | דיני שמים | דו-שבעון | תנועה דמוקרטית לשינוי | שלוש מאות וארבע (גימטריה),7,knesset,knesset,13_ptm_532226.docx,clean
kn4-0065,ד״ש,"צריך לזכור, שבשנת 1977 קיבלה ד""ש 15 מנדטים, והמערך – 32 מנדטים.",תנועה דמוקרטית לשינוי,דו-שנתי | דרישת שלום | דוד שמש | דיני שמים | דו-שבעון | תנועה דמוקרטית לשינוי | שלוש מאות וארבע (גימטריה),7,knesset,knesset,13_ptm_532226.docx,clean
kn4-0066,מג״ב,"נזרקו אבנים וחפצים ישנים על שוטרי מג""ב, הן על-ידי המפגינות והן על-ידי צעירים מקומיים, בחסות ההפגנה.",משמר הגבול,משמר הגבול | מגה בית (גם: מגה בייט). בדיוק מיליון בית | מיירט גובה בינוני | ארבעים וחמש (גימטריה),4,knesset,knesset,13_ptm_532227.docx,clean
kn4-0067,מג״ב,"בשלב זה שוחחו שוטרי מג""ב עם מכובד מקומי, והוא ביקש דקות מספר כדי להשתלט על המפגינים, אולם הם המשיכו ביידויי אבנים.",משמר הגבול,משמר הגבול | מגה בית (גם: מגה בייט). בדיוק מיליון בית | מיירט גובה בינוני | ארבעים וחמש (גימטריה),4,knesset,knesset,13_ptm_532227.docx,clean
kn4-0068,מג״ב,"שוטרי מג""ב גילו סבלנות ואיפוק בפינוי המפגינים, שנעשה כדין.",משמר הגבול,משמר הגבול | מגה בית (גם: מגה בייט). בדיוק מיליון בית | מיירט גובה בינוני | ארבעים וחמש (גימטריה),4,knesset,knesset,13_ptm_532227.docx,clean
kn4-0069,אג״ם,"אני גם מתפלא על שר המשטרה מר משה שחל שטען: ""למשטרה ידוע זה שנים על 'אג""ם חקירות' כמי שעוסקים בביצוע האזנות סתר"".","אג""ם חקירות (משרד חוקרים פרטי)","אגף המבצעים | אגף המטה | אגף המטה הכללי | ארבעים וארבע (גימטריה) | אג""ם חקירות (משרד חוקרים פרטי)",5,knesset,knesset,13_ptm_532227.docx,human_review
kn4-0070,ת״ש,"על כן, אין צורך בהכשרה מקצועית של מש""קיות ת""ש.",תנאי שירות,תפילת שחרית | תקיעת שופר | תנאי שירות | תחנת שאיבה | בא שמע | שבע מאות (גימטריה),6,knesset,knesset,13_ptm_532228.docx,clean
kn4-0071,ת״ש,"מעבר לכך, כל חייל בודד מטופל על-ידי מש""קית ת""ש ביחידתו.",תנאי שירות,תפילת שחרית | תקיעת שופר | תנאי שירות | תחנת שאיבה | בא שמע | שבע מאות (גימטריה),6,knesset,knesset,13_ptm_532228.docx,clean
kn4-0072,ש״י,"גם אם יש צדיקים בתוכם – צריך להחליף את כולם, ומייד, וצריך לצוות את מפקד מחוז ש""י למשוך בחזרה את הבקשה לאלוף הפיקוד, ולא לנהוג בילדי חברון היהודים בצורה לא נכונה.",שומרון-יהודה,שמואל יוסף (עגנון) | שומרון-יהודה | שירות ידיעות | ש (=השם) ישמרם | שינוי יסודי (הצעת חוק פרטית) | שלוש מאות ועשר (גימטריה),6,knesset,knesset,13_ptm_532230.docx,clean
kn4-0073,ש״י,"הקמת מחוז ש""י היתה אחת ההחלטות החשובות שקיבלתי בתקופת כהונתי.",שומרון-יהודה,שמואל יוסף (עגנון) | שומרון-יהודה | שירות ידיעות | ש (=השם) ישמרם | שינוי יסודי (הצעת חוק פרטית) | שלוש מאות ועשר (גימטריה),6,knesset,knesset,13_ptm_532230.docx,clean
kn4-0074,ש״י,"יש לציין, כי בחודשים הראשונים לפעולת מחוז ש""י נוכחו התושבים לדעת, כי ניתן להסתייע במשטרת ישראל בנושאים שונים, כמתחייב מתפקיד המשטרה כמשרתת ציבור.",שומרון-יהודה,שמואל יוסף (עגנון) | שומרון-יהודה | שירות ידיעות | ש (=השם) ישמרם | שינוי יסודי (הצעת חוק פרטית) | שלוש מאות ועשר (גימטריה),6,knesset,knesset,13_ptm_532230.docx,clean
kn4-0075,ש״י,"כשהקמת את ש""י בירכתי אותך; על הקמת המשמר האזרחי תבורך, אבל זאת לא סיבה לתת לשוטרי חברון להתעלל בתושבים.",שומרון-יהודה,שמואל יוסף (עגנון) | שומרון-יהודה | שירות ידיעות | ש (=השם) ישמרם | שינוי יסודי (הצעת חוק פרטית) | שלוש מאות ועשר (גימטריה),6,knesset,knesset,13_ptm_532230.docx,clean
kn4-0076,ש״י,"מכתבי תודה רבים נשלחים למחוז ש""י מראשי הרשויות.",שומרון-יהודה,שמואל יוסף (עגנון) | שומרון-יהודה | שירות ידיעות | ש (=השם) ישמרם | שינוי יסודי (הצעת חוק פרטית) | שלוש מאות ועשר (גימטריה),6,knesset,knesset,13_ptm_532230.docx,clean
kn4-0077,ש״י,"כן, אבל מוכרחים לעזור לאחים ולאחיות החיים בחברון ולא יכולים להיאחז בהקמת מחוז ש""י או בהקמת המשמר האזרחי כגיבוי להתעללות של קצין המשטרה בחברון ושוטריו באופן עקבי וסיסטמטי כל הזמן בתושבי חברון.",שומרון-יהודה,שמואל יוסף (עגנון) | שומרון-יהודה | שירות ידיעות | ש (=השם) ישמרם | שינוי יסודי (הצעת חוק פרטית) | שלוש מאות ועשר (גימטריה),6,knesset,knesset,13_ptm_532230.docx,clean
kn4-0078,ש״י,"גם בקשר לבקשה של קצין אגף החקירות במחוז ש""י לאכוף את הצו, ואגב זו היתה בקשה מקצועית, ואני אפילו לא ידעתי עליה אלא שמעתי עליה בדיעבד בכלי התקשורת.",שומרון-יהודה,שמואל יוסף (עגנון) | שומרון-יהודה | שירות ידיעות | ש (=השם) ישמרם | שינוי יסודי (הצעת חוק פרטית) | שלוש מאות ועשר (גימטריה),6,knesset,knesset,13_ptm_532230.docx,clean
kn4-0079,ש״י,"משטרת מחוז ש""י ואני אישית נוקטים מדיניות של שיתוף פעולה עם נציגי היישוב היהודי ביהודה ובשומרון.",שומרון-יהודה,שמואל יוסף (עגנון) | שומרון-יהודה | שירות ידיעות | ש (=השם) ישמרם | שינוי יסודי (הצעת חוק פרטית) | שלוש מאות ועשר (גימטריה),6,knesset,knesset,13_ptm_532230.docx,clean
kn4-0080,ש״י,"אדוני היושב-ראש, אדוני השר, חברי הכנסת, השתמע מדבריך שיש איזו דרישה להזיז מתפקידו את מפקד מחוז ש""י – – –",שומרון-יהודה,שמואל יוסף (עגנון) | שומרון-יהודה | שירות ידיעות | ש (=השם) ישמרם | שינוי יסודי (הצעת חוק פרטית) | שלוש מאות ועשר (גימטריה),6,knesset,knesset,13_ptm_532230.docx,clean
kn4-0081,ש״י,"אני חושב שהוא עושה עבודה נהדרת, ואני מצטרף לברכה של גנדי על הקמת מחוז ש""י.",שומרון-יהודה,שמואל יוסף (עגנון) | שומרון-יהודה | שירות ידיעות | ש (=השם) ישמרם | שינוי יסודי (הצעת חוק פרטית) | שלוש מאות ועשר (גימטריה),6,knesset,knesset,13_ptm_532230.docx,clean
kn4-0082,אמ״ן,"והנה, תוך כדי שהייה של אנשים אחדים, ואני ביניהם, בעמדת הסוואה מכוסה ברשת, בחולות המפורסמים, נכנס אלוף, לא גבה-קומה, ואני כבר ידעתי שזה ראש אמ""ן.",אגף מודיעין,אגף מודיעין | אל מלך נאמן | תשעים ואחת (גימטריה),3,knesset,knesset,13_ptm_532232.docx,clean
kn4-0083,אמ״ן,"לאחר המפגש הזה, שארך כשעתיים, אמרתי: אם זה ראש אמ""ן של הצבא וזה הידע שלו בפלוגה, במפקדים, באנשים, אנחנו ננצח במלחמה הזאת.",אגף מודיעין,אגף מודיעין | אל מלך נאמן | תשעים ואחת (גימטריה),3,knesset,knesset,13_ptm_532232.docx,clean
kn4-0084,קצא״א,"ניתן היה להעביר את הצנרת של קצא""א באותו זמן ובעלות מינימלית, אבל קצא""א מסרבת, יש לה הנהלה אחרת, יש לה שר אחר, כאילו היא שייכת למדינה אחרת, או רחמנא ליצלן לאוטונומיה של הפלשתינים.",קו צינור אילת-אשקלון,קו צינור אילת-אשקלון | דליפת הנפט בשמורת עברונה | חברת קו צינור אירופה אסיה | מאה ותשעים ושתיים (גימטריה),4,knesset,knesset,13_ptm_532232.docx,clean
kn4-0085,מ״ק,"מן החצבני ומן הבניאס, שניים מתוך שלושת מקורות הירדן הנמצאים ברמת-הגולן, ואני קצת מפשט כאן את הגיאוגרפיה ואת הטופוגרפיה, אנחנו מפיקים פחות או יותר 300 מיליון מ""ק.",מטר מעוקב,מספר קטן | מטר מעוקב | מרכז קהילתי | מועד קטן | מכשיר קשר | מרא קמא | מחנה קבע | מילת קריאה | מלכין קדמאין | משמע קצת | מאה וארבעים (גימטריה),11,knesset,knesset,13_ptm_532233.docx,clean
kn4-0086,ש״י,"היועצת המשפטית של מחוז ש""י, בתגובה על פנייה אליה על כך שהיחסים בין השוטרים לתושבי חברון לא השתפרו, ענתה, שמערכת יחסים אינה יכולה להשתפר בן-רגע, והדבר לוקח זמן.",שומרון-יהודה,שמואל יוסף (עגנון) | שומרון-יהודה | שירות ידיעות | ש (=השם) ישמרם | שינוי יסודי (הצעת חוק פרטית) | שלוש מאות ועשר (גימטריה),6,knesset,knesset,13_ptm_532234.docx,clean
kn4-0087,ש״י,"מפקד מחוז ש""י ואנוכי נפגשנו עם נציגי התושבים לשיחה הנוגעת ליחסים בין המשטרה לבין התושבים במקום.",שומרון-יהודה,שמואל יוסף (עגנון) | שומרון-יהודה | שירות ידיעות | ש (=השם) ישמרם | שינוי יסודי (הצעת חוק פרטית) | שלוש מאות ועשר (גימטריה),6,knesset,knesset,13_ptm_532234.docx,clean
kn4-0088,ח״י,"תמהני על המפלגות המתקראות ""המחנה הלאומי"", שהוכו בהלם ובחרדות וקיבלו שקשקת, כאילו הן אשמות בתועבה שקרתה לפני ח""י ימים, כאשר ניטלו חייו של יצחק רבין, זכרו לברכה.",שמונה עשרה בגימטריה,חוק יסוד | חיל ים | חות יאיר (ספר) | חיה יחידה | חק יעקב (ספר) | חרם יהושע (יהדות) | שמונה עשרה בגימטריה,7,knesset,knesset,13_ptm_532236.docx,clean
kn4-0089,מע״ש,"מסגרת מע""ש הינה מסגרת טיפולית ותעסוקתית המיועדת לגילאי 21 ומעלה.",מפעל עבודה שיקומי,מסכת מעשר שני | מערכת שעות | מפעל עבודה שיקומי | ארבע מאות ועשר (גימטריה),4,knesset,knesset,13_ptm_532239.docx,clean
kn4-0090,א״א,"למר א""א מאושרת השתתפות בשכר-דירה על-ידי משרד השיכון זה כשלוש שנים, ולמרות זאת הוא נוהג לישון בחצר המרכז הקהילתי בעיר מגוריו ולהציג עצמו כחסר דיור.",ראשי תיבות שם פרטי ומשפחה (זהות חסויה),אי אפשר | אדר א' | אברהם אבינו | אמן אמן | אין אדם | אשת איש | אין אומרים | אדרת אליהו | אחרים אומרים | אחד אמר | אלכוהוליסטים אנונימיים | איסור אכילה | ארך אפים | אל אדון | אדוני אבי | איכות ואמינות | אגב אורחא | אתה אחד | אלף אלפים | אור אחרון | אין אומרין | אמר אליהו | אדיר אדירנו | אחד אלהינו | אי אמרת | אֶגֶד ארטילרי | אוקיי ואוקיי | אחזקה אוירית | שתיים (גימטריה) | ראשי תיבות שם פרטי ומשפחה (זהות חסויה),30,knesset,knesset,13_ptm_532239.docx,clean
kn4-0091,תמ״א,"ידוע למשרדי על הבקשה שהוגשה על-ידי חברת החשמל ועורכי תמ""א-10, הלוא היא תוכנית המתאר הארצית לתחנות כוח, למועצה הארצית לתכנון ובנייה, להורות על עריכת תוכנית לסילוק אפר בשמריה ובאורון.",תוכנית מתאר ארצית,תוכנית מתאר ארצית | תוספת מכסת אחוזים | ארבע מאות וארבעים ואחת (גימטריה),3,knesset,knesset,13_ptm_532239.docx,clean
kn4-0092,ק״ו,"קו החשמל נשוא השאילתא הוא קו מתח עליון 161 ק""ו המקשר את תחנת המשנה זבולון עם תחנת משנה נצרת.",קילוולט,קל וחומר | קצר וקולע | מאה ושש (גימטריה) | קילוולט,4,knesset,knesset,13_ptm_532239.docx,human_review
kn4-0093,מח״ל,"ובמצע של הליכוד, של מח""ל, ב-1977, נאמר במפורש שחוזה השלום – כי הליכוד הקפיד תמיד לדבר על חוזה, ובצדק – עם סוריה יעבור על הגולן, ועם המצרים הוא יעבור בסיני.",מפלגת חרות לאומית,מתנדבי חוץ לארץ במלחמת העצמאות | מפלגת חרות לאומית | שבעים ושמונה (גימטריה),3,knesset,knesset,13_ptm_532242.docx,clean
kn4-0094,תמ״א,"הממשלה הנוכחית אישרה את תוכנית המתאר הארצית, תמ""א 31, ובה נקבעו תכנון והקמה של בית-חולים בן 600 מיטות באשדוד, כאשר השלב הראשון יפעל עד שנת 1996.",תוכנית מתאר ארצית,תוכנית מתאר ארצית | תוספת מכסת אחוזים | ארבע מאות וארבעים ואחת (גימטריה),3,knesset,knesset,13_ptm_532242.docx,clean
kn4-0095,ת״י,"גובה המעקה נקבע לפי דרישות התקן הישראלי ת""י-114.",תקן ישראלי,תקן ישראלי | תרג(ו)ם יונתן | ארבע מאות ועשר (גימטריה),3,knesset,knesset,13_ptm_532243.docx,clean
kn4-0096,אש״ל,"יש עדכונים אוטומטיים ופחות אוטומטיים, אבל יש דברים רבים נוספים שיש בהם פיגור: בקצבאות לנכים, לאלמנות וליתומים, שלא לדבר על קצבאות הזיקנה, על פנסיונרים, שלא לדבר אפילו על נושא כמו ארוחות, אש""ל.",שלוש מאות ושלושים ואחת (גימטריה),אין שומעין לו | איפה שלמה | אכילה שתיה לינה | שלוש מאות ושלושים ואחת (גימטריה),4,knesset,knesset,13_ptm_532243.docx,clean
kn4-0097,פו״ם,"אני מברך שוב את אורחינו הרצויים מאוד, את חניכי פו""ם.",המכללה הבין זרועית לפיקוד ולמטה,פיקוד ומטה | פוליטיקה וממשל | המכללה הבין זרועית לפיקוד ולמטה | פלוגות מיוחדות | מאה ועשרים ושש (גימטריה),5,knesset,knesset,13_ptm_532244.docx,clean
kn4-0098,פו״ם,"אדוני היושב-ראש, כנסת נכבדה, חניכי פו""ם, אתמול חגגנו לראשונה את יום החייל, אבל למעשה כל יום הוא יום החייל.",המכללה הבין זרועית לפיקוד ולמטה,פיקוד ומטה | פוליטיקה וממשל | המכללה הבין זרועית לפיקוד ולמטה | פלוגות מיוחדות | מאה ועשרים ושש (גימטריה),5,knesset,knesset,13_ptm_532244.docx,clean
kn4-0099,אמ״ן,"אני מקווה שיגיע יום ואנחנו נראה קצין חינוך ראשי אשה, שאולי נראה נשים בתפקיד קצין מודיעין ראשי או ראש אמ""ן.",אגף מודיעין,אגף מודיעין | אל מלך נאמן | תשעים ואחת (גימטריה),3,knesset,knesset,13_ptm_532244.docx,clean
kn4-0100,פו״ם,"אני רוצה למסור לחניכי פו""ם: לא התכוונו לקריאות ביניים.",המכללה הבין זרועית לפיקוד ולמטה,פיקוד ומטה | פוליטיקה וממשל | המכללה הבין זרועית לפיקוד ולמטה | פלוגות מיוחדות | מאה ועשרים ושש (גימטריה),5,knesset,knesset,13_ptm_532244.docx,clean
kn4-0101,סמ״ק,"יש לי רכב עם מנוע של 1,500 סמ""ק, ואם אני נוסע בו מהצפון לירושלים, אני צורך 6 ליטרים דלק, וזה עולה לי כ-12 שקל.",סנטימטר מעוקב,ספר מצוות קטן | סנטימטר מעוקב | מאתיים (גימטריה),3,knesset,knesset,13_ptm_532246.docx,clean
kn4-0102,אמ״ן,"את הטרור מסוגלת לעצור המשטרה הפלשתינית, כדברי ראש אמ""ן, רק חסרה לו הפקודה או ההוראה מיאסר ערפאת.",אגף מודיעין,אגף מודיעין | אל מלך נאמן | תשעים ואחת (גימטריה),3,knesset,knesset,13_ptm_532248.docx,clean
kn4-0103,אמ״ן,"בעיתון ""מעריב"" מהיום – ואני מבקש להתייחס לזה ברצינות, אדוני סגן השר – ראש אמ""ן, האלוף שגיא, מה הוא אומר?",אגף מודיעין,אגף מודיעין | אל מלך נאמן | תשעים ואחת (גימטריה),3,knesset,knesset,13_ptm_532248.docx,clean
kn4-0104,אמ״ן,"כך אומר ראש אמ""ן, המודיעין של צבא-הגנה לישראל; והוא יודע מה שהוא אומר.",אגף מודיעין,אגף מודיעין | אל מלך נאמן | תשעים ואחת (גימטריה),3,knesset,knesset,13_ptm_532248.docx,clean
kn4-0105,נ״ר,"ההורים בירושלים השיגו שתי דירות נ""ר עבור 12 מפגרים סיעודיים.",נכסי רכישה,נר ראשון (של חנוכה) | נטע רבעי | נביאים ראשונים | נחת רוח | נפש רוח | נקבה רבים | ניירות רכישה | נסמך רבים | נכסי רכישה | מאתיים וחמישים (גימטריה),10,knesset,knesset,13_ptm_532248.docx,clean
kn4-0106,תמ״א,"הממשלה אישרה הקמת בית-החולים באשדוד במסגרת תמ""א ארצית וכללית.",תוכנית מתאר ארצית,תוכנית מתאר ארצית | תוספת מכסת אחוזים | ארבע מאות וארבעים ואחת (גימטריה),3,knesset,knesset,13_ptm_532249.docx,clean
kn4-0107,אג״מ,"אולי נוהל כזה לא כתוב בקובץ הוראות קבע של אג""מ/מבצעים.",אגף מבצעים,אגף מבצעים | אגף מטה | ארבעים וארבע (גימטריה),3,knesset,knesset,13_ptm_532251.docx,clean
kn4-0108,אמ״ן,"ראש אמ""ן אמר שאין להם שום בעיה של יכולת להילחם בטרור.",אגף מודיעין,אגף מודיעין | אל מלך נאמן | תשעים ואחת (גימטריה),3,knesset,knesset,13_ptm_532251.docx,clean
kn4-0109,ח״י,"ח""י תומכים – בדרך כלל אנחנו אומרים שמונה-עשר תומכים, היום זה ""שמונה-עשרה"" – אין מתנגדים, אין נמנעים.",שמונה עשרה בגימטריה,חוק יסוד | חיל ים | חות יאיר (ספר) | חיה יחידה | חק יעקב (ספר) | חרם יהושע (יהדות) | שמונה עשרה בגימטריה,7,knesset,knesset,13_ptm_532252.docx,clean
kn4-0110,איו״ש,"לפי מה שנמסר מהמינהל האזרחי איו""ש, מדובר ב-25 עצי זית ותאנים בלבד.",אזור יהודה ושומרון,אזור יהודה ושומרון | אריכות ימים ושנים | שלוש מאות ושבע עשרה (גימטריה),3,knesset,knesset,13_ptm_532252.docx,clean
kn4-0111,א״ח,"הצבעה מס' 25 בעד ההצעה לכלול את הנושא בסדר-היום – 17 בעד ההצעה שלא לכלול את הנושא בסדר-היום – 1 נמנעים – אין ההצעה לכלול את הנושא שהעלה חבר הכנסת א""ח שאקי בסדר-היום של הכנסת נתקבלה.",אבנר חי (שאקי),אורך חיים | אגף חקירות | אבנר חי (שאקי) | תשע (גימטריה),4,knesset,knesset,13_ptm_532252.docx,clean
kn4-0112,ח״י,"ח""י המשפחות האמיצות והגיבורות חירפו את נפשן על קדושת השם, היהדות והעלייה לישראל.",שמונה עשרה בגימטריה,חוק יסוד | חיל ים | חות יאיר (ספר) | חיה יחידה | חק יעקב (ספר) | חרם יהושע (יהדות) | שמונה עשרה בגימטריה,7,knesset,knesset,13_ptm_532254.docx,clean
kn4-0113,ח״י,"לאחר מאבק חסר פשרות הצליחו ח""י המשפחות במאבקן, בסיוע ממשלת ישראל והקהילייה הבין-לאומית, ועלו לישראל.",שמונה עשרה בגימטריה,חוק יסוד | חיל ים | חות יאיר (ספר) | חיה יחידה | חק יעקב (ספר) | חרם יהושע (יהדות) | שמונה עשרה בגימטריה,7,knesset,knesset,13_ptm_532254.docx,clean
kn4-0114,ח״י,"לסייע במימון הוצאת הספר המתעד את מאבק ח""י המשפחות ויהודי גורגיה על זכות העלייה לישראל.",שמונה עשרה בגימטריה,חוק יסוד | חיל ים | חות יאיר (ספר) | חיה יחידה | חק יעקב (ספר) | חרם יהושע (יהדות) | שמונה עשרה בגימטריה,7,knesset,knesset,13_ptm_532254.docx,clean
kn4-0115,ח״י,"גברתי היושבת-ראש, כנסת נכבדה, הפרק על מאבקן של ח""י משפחות הוא אחד הפרקים היותר חשובים ומרתקים בתולדות המתחדשות של עם ישראל.",שמונה עשרה בגימטריה,חוק יסוד | חיל ים | חות יאיר (ספר) | חיה יחידה | חק יעקב (ספר) | חרם יהושע (יהדות) | שמונה עשרה בגימטריה,7,knesset,knesset,13_ptm_532254.docx,clean
kn4-0116,י״ח,"אני מקבל ברצון רב ובלב פתוח את בקשתו של חבר הכנסת אפרים גור לפעול להנצחת פועלם של י""ח המשפחות בצורה הראויה.",שמונה עשרה (גימטריה),יוסף חיים | יודעי חן | שמונה עשרה (גימטריה),3,knesset,knesset,13_ptm_532254.docx,clean
kn4-0117,אש״ל,"לשלם עבור בתי-מלון, נסיעות לחוץ-לארץ, אש""ל למיניו, מנגנון מנופח ביותר, מוניות.",אכילה שתיה לינה,אין שומעין לו | איפה שלמה | אכילה שתיה לינה | שלוש מאות ושלושים ואחת (גימטריה),4,knesset,knesset,13_ptm_532255.docx,clean
kn4-0118,ח״י,"לא יכול להיות שהממשלה לא תשלח נציג אחד מתוך ח""י חברי הכנסת שחיים במקום אחר.",שמונה עשרה בגימטריה,חוק יסוד | חיל ים | חות יאיר (ספר) | חיה יחידה | חק יעקב (ספר) | חרם יהושע (יהדות) | שמונה עשרה בגימטריה,7,knesset,knesset,13_ptm_532256.docx,clean
kn4-0119,תמ״א,"קיימות תוכניות מתאר ארציות ספציפיות לעניין שמורות טבע וגנים לאומיים – תמ""א 8, ושטחי יער – תמ""א 22, שתאושרנה על-ידי הממשלה בעוד חודשים מספר.",תוכנית מתאר ארצית,תוכנית מתאר ארצית | תוספת מכסת אחוזים | ארבע מאות וארבעים ואחת (גימטריה),3,knesset,knesset,13_ptm_532257.docx,clean
kn4-0120,תמ״א,"תוכנית המתאר הארצית לחופים – תמ""א 13 – קובעת את רמת הפיתוח של מקטעי חוף ואת ייעודי השטחים לאורך רצועת החוף, ובכלל זה שמורות וגנים.",תוכנית מתאר ארצית,תוכנית מתאר ארצית | תוספת מכסת אחוזים | ארבע מאות וארבעים ואחת (גימטריה),3,knesset,knesset,13_ptm_532257.docx,clean
kn4-0121,נ״ר,"אמרתי לך, גם בתקציב 1995 דירות נ""ר על-פי רוב מיועדות לעולים חדשים.",נכסי רכישה,נר ראשון (של חנוכה) | נטע רבעי | נביאים ראשונים | נחת רוח | נפש רוח | נקבה רבים | ניירות רכישה | נסמך רבים | נכסי רכישה | מאתיים וחמישים (גימטריה),10,knesset,knesset,13_ptm_532257.docx,clean
kn4-0122,כ״ח,"יש סדר-יום, חברי כנסת שיש להם שאילתות יודעים שצריכים להשיב להם, מתכוננים לסעיף כ""ח בסדר-היום, והם יודעים שאז הם יהיו כאן.",עשרים ושמונה (גימטריה),כהנא חי | כתיב חסר | כדור חוזר | כינוי חבור | עשרים ושמונה (גימטריה),5,knesset,knesset,13_ptm_532260.docx,clean
kn4-0123,אג״ם,"כל הפעולות ההסברתיות בנושא התהליך המדיני מתבססות על עקרונות וכללי ההסברה כפי שנקבעים מעת לעת על-ידי פורום הסברה מטכ""לי בראשות עוזר ראש אג""ם, ומועברים למרצים במילואים הן כחומר כתוב והן בכנסי מרצים.",אגף המבצעים,"אגף המבצעים | אגף המטה | אגף המטה הכללי | ארבעים וארבע (גימטריה) | אג""ם חקירות (משרד חוקרים פרטי)",5,knesset,knesset,13_ptm_532262.docx,clean
kn4-0124,אג״ם,"עוזר ראש אג""ם, בדרגת אלוף, הוא האחראי לפורום ההסברה.",אגף המבצעים,"אגף המבצעים | אגף המטה | אגף המטה הכללי | ארבעים וארבע (גימטריה) | אג""ם חקירות (משרד חוקרים פרטי)",5,knesset,knesset,13_ptm_532262.docx,clean
kn4-0125,אמ״ן,"ראש אמ""ן מופיע בראיונות של סוף השבוע עם דעה מסוימת ביחס לרמת-הגולן.",אגף מודיעין,אגף מודיעין | אל מלך נאמן | תשעים ואחת (גימטריה),3,knesset,knesset,13_ptm_532262.docx,clean
kn4-0126,ר״מ,"החייל אושפז בבית-החולים ""בילינסון"", שבו לא קיימת יחידת רפואה צבאית, האחראית לאשפוז חיילים (ר""מ 2).","רשימת מקבצים (יחידה רישומית צה""לית)","רבי מאיר | ראש ממשלה | ריש מתיבתא | רב המלמד בישיבה | רַב מורה | מאתיים וארבעים (גימטריה) | רשימת מקבצים (יחידה רישומית צה""לית)",7,knesset,knesset,13_ptm_532262.docx,clean
kn4-0127,מג״ב,"די היה להיות בדיונים ולשמוע המלצות על הקמת פלוגות מג""ב דרוזיות נוספות, מכיוון שהן באמת עושות עבודה מצוינת בכל רחבי המדינה, בכל התחומים.",משמר הגבול,משמר הגבול | מגה בית (גם: מגה בייט). בדיוק מיליון בית | מיירט גובה בינוני | ארבעים וחמש (גימטריה),4,knesset,knesset,13_ptm_532262.docx,clean
kn4-0128,ח״י,"18 בעד – ח""י, חי וקיים, אחד נגד, אחד נמנע.",שמונה עשרה בגימטריה,חוק יסוד | חיל ים | חות יאיר (ספר) | חיה יחידה | חק יעקב (ספר) | חרם יהושע (יהדות) | שמונה עשרה בגימטריה,7,knesset,knesset,13_ptm_532262.docx,clean
kn4-0129,א״ח,"הצבעה מס' 18 בעד ההצעה להעביר את הנושא לוועדה – 14 בעד ההצעה שלא לכלול את הנושא בסדר-היום – 1 נמנעים – אין ההצעה להעביר את הנושא שהעלה חבר הכנסת א""ח שאקי לוועדת הפנים ואיכות הסביבה נתקבלה.",אבנר חי (שאקי),אורך חיים | אגף חקירות | אבנר חי (שאקי) | תשע (גימטריה),4,knesset,knesset,13_ptm_532262.docx,clean
kn4-0130,ש״ב,"יצאנו מעזה, לא נוכל לרוץ אחריהם, לא נוכל לטפל בהם, לא יהיו שם לא צבא ולא משטרה ולא ש""ב.",שירות ביטחון,שמואל ב' | שירות ביטחון | שלום בית | שבע ברכות | שיעורי בית | ראשי תיבות שם פרטי ומשפחה (זהות חסויה) | שלוש מאות ושתיים (גימטריה) | שמעון בראנד (המדען),8,knesset,knesset,13_ptm_532264.docx,clean
kn4-0131,ד״ש,"גם אתם לא עליתם לשיא אחרי מפלה אחת בתקופת ד""ש.",תנועה דמוקרטית לשינוי,דו-שנתי | דרישת שלום | דוד שמש | דיני שמים | דו-שבעון | תנועה דמוקרטית לשינוי | שלוש מאות וארבע (גימטריה),7,knesset,knesset,13_ptm_532265.docx,clean
kn4-0132,אמ״ן,"הנה אני שומע, שבאחד מדיוני ועדת החוץ והביטחון נשאל ראש אמ""ן, לאחר הסכם אוסלו, האם יש הסכמים נוספים, וראש אמ""ן אומר: אין הסכמים, יש הבנות.",אגף מודיעין,אגף מודיעין | אל מלך נאמן | תשעים ואחת (גימטריה),3,knesset,knesset,13_ptm_532265.docx,clean
kn4-0133,ש״י,"לראיה, במחוז ש""י הוחזרו על-ידי הפלשתינים בתקופה שבין 9 במאי 1994 לבין 31 בינואר 1995 91 כלי רכב, ונעצרו 35 חשודים בגין מעורבות בגנבות כלי רכב מישראל והעברתם לשטחי האוטונומיה.",שומרון-יהודה,שמואל יוסף (עגנון) | שומרון-יהודה | שירות ידיעות | ש (=השם) ישמרם | שינוי יסודי (הצעת חוק פרטית) | שלוש מאות ועשר (גימטריה),6,knesset,knesset,13_ptm_532266.docx,clean
kn4-0135,נ״ר,"וההסתייגות המשמעותית השנייה שלי לתקציב היא בעניין רכישת דירות נ""ר לעולים, למקרים סוציאליים.",נכסי רכישה,נר ראשון (של חנוכה) | נטע רבעי | נביאים ראשונים | נחת רוח | נפש רוח | נקבה רבים | ניירות רכישה | נסמך רבים | נכסי רכישה | מאתיים וחמישים (גימטריה),10,knesset,knesset,13_ptm_532267.docx,clean
kn4-0136,נ״ר,"ההסתייגות שלי לתקציב – שלי ושל חבר הכנסת אברהם יחזקאל – מבקשת להוסיף 300 מיליון שקל לרכישת דירות נ""ר למקרים סוציאליים.",נכסי רכישה,נר ראשון (של חנוכה) | נטע רבעי | נביאים ראשונים | נחת רוח | נפש רוח | נקבה רבים | ניירות רכישה | נסמך רבים | נכסי רכישה | מאתיים וחמישים (גימטריה),10,knesset,knesset,13_ptm_532267.docx,clean
kn4-0137,נ״ר,"בתקציב הקיים יש אפשרות לרכוש רק 200 דירות בשנה, ויש 1,400 משפחות שכבר יש להן ביד תעודת זכאות לדירות נ""ר.",נכסי רכישה,נר ראשון (של חנוכה) | נטע רבעי | נביאים ראשונים | נחת רוח | נפש רוח | נקבה רבים | ניירות רכישה | נסמך רבים | נכסי רכישה | מאתיים וחמישים (גימטריה),10,knesset,knesset,13_ptm_532267.docx,clean
kn4-0138,נ״ר,"המסכנים האלה כבר עברו ויה דולורוזה במשך חמש שנים, והם מתגלגלים עם ילדיהם בכל מיני חורים; אין להם איפה לגור, ואין שום סיבה בעולם שמשרד השיכון לא ייתן לאלה שנואשו מפתרון דיור פתרון באמצעות דירת נ""ר.",נכסי רכישה,נר ראשון (של חנוכה) | נטע רבעי | נביאים ראשונים | נחת רוח | נפש רוח | נקבה רבים | ניירות רכישה | נסמך רבים | נכסי רכישה | מאתיים וחמישים (גימטריה),10,knesset,knesset,13_ptm_532267.docx,clean
kn4-0139,נ״ר,"אנחנו גם מציינים מאין אנחנו מציעים להפחית את הכסף, כדי שיהיה פתרון בלי לפרוץ את מסגרת התקציב ואפשר יהיה לקנות דירות נ""ר במקרים הקשים האלה, של אנשים שאין להם שום פתרון דיור אחר.",נכסי רכישה,נר ראשון (של חנוכה) | נטע רבעי | נביאים ראשונים | נחת רוח | נפש רוח | נקבה רבים | ניירות רכישה | נסמך רבים | נכסי רכישה | מאתיים וחמישים (גימטריה),10,knesset,knesset,13_ptm_532267.docx,clean
kn4-0140,נ״ר,"אני תקווה שיהיה מי שיתמוך בהסתייגויות האלה לפחות, ההסתייגויות לעניין תקציב הביטחון ודירות נ""ר, ואז נביא ברכה – כך אני מקווה – גם בעניין הזה.",נכסי רכישה,נר ראשון (של חנוכה) | נטע רבעי | נביאים ראשונים | נחת רוח | נפש רוח | נקבה רבים | ניירות רכישה | נסמך רבים | נכסי רכישה | מאתיים וחמישים (גימטריה),10,knesset,knesset,13_ptm_532267.docx,clean
kn4-0141,נ״ר,"הערה אחת ויחידה למשרד השיכון בעניין דירות נ""ר.",נכסי רכישה,נר ראשון (של חנוכה) | נטע רבעי | נביאים ראשונים | נחת רוח | נפש רוח | נקבה רבים | ניירות רכישה | נסמך רבים | נכסי רכישה | מאתיים וחמישים (גימטריה),10,knesset,knesset,13_ptm_532267.docx,clean
kn4-0142,נ״ר,"בהכירי מקרוב – ביישובים שונים – משפחות שמצבן הסוציאלי כזה שאין להן שום סיכוי להגיע לעולם לדירה ראויה לשמה, הרי שדירות נ""ר הן התשובה.",נכסי רכישה,נר ראשון (של חנוכה) | נטע רבעי | נביאים ראשונים | נחת רוח | נפש רוח | נקבה רבים | ניירות רכישה | נסמך רבים | נכסי רכישה | מאתיים וחמישים (גימטריה),10,knesset,knesset,13_ptm_532267.docx,clean
kn4-0143,נ״ר,"משרד הבינוי והשיכון, הממשלה אינה מוצאים לנכון להקציב אף לא דירה אחת במסגרת נ""ר לאוכלוסיית המפגרים במדינת ישראל.",נכסי רכישה,נר ראשון (של חנוכה) | נטע רבעי | נביאים ראשונים | נחת רוח | נפש רוח | נקבה רבים | ניירות רכישה | נסמך רבים | נכסי רכישה | מאתיים וחמישים (גימטריה),10,knesset,knesset,13_ptm_532267.docx,clean
kn4-0144,נ״ר,"הממשלה חיפשה דירות, מה שנקרא דירות נ""ר, היו רצים פקידים, הדירה היתה מוצאת חן בעיני המשפחה או לא היתה מוצאת חן בעיניה.",נכסי רכישה,נר ראשון (של חנוכה) | נטע רבעי | נביאים ראשונים | נחת רוח | נפש רוח | נקבה רבים | ניירות רכישה | נסמך רבים | נכסי רכישה | מאתיים וחמישים (גימטריה),10,knesset,knesset,13_ptm_532267.docx,clean
kn4-0145,נ״ר,"אדוני השר, מאחר שאתה העלית את העניין של דירות נ""ר, אני מבקש לשאול אותך שאלה קונקרטית בעניין הזה.",נכסי רכישה,נר ראשון (של חנוכה) | נטע רבעי | נביאים ראשונים | נחת רוח | נפש רוח | נקבה רבים | ניירות רכישה | נסמך רבים | נכסי רכישה | מאתיים וחמישים (גימטריה),10,knesset,knesset,13_ptm_532267.docx,clean
kn4-0146,כ״ח,"ובאותו היום הנשגב, כ""ח באייר, נפתחו השמים וכל עם ישראל ראה את מראות אלוקים, כאשר הלוחמים האמיצים, בהקרבה ללא גבול ובחירוף נפש, תקעו שוב את היתד לבניין ירושלים הגדולה והמאוחדת.",עשרים ושמונה (גימטריה),כהנא חי | כתיב חסר | כדור חוזר | כינוי חבור | עשרים ושמונה (גימטריה),5,knesset,knesset,13_ptm_532270.docx,clean
kn4-0147,א״ד,"החקלאות, הפאר של הקיבוצים והמושבים, נמצאת היום באדמה – לא באדמה במובן החיובי כפי שאמר א""ד גורדון; באדמה, בעגה של הפנים באדמה.",אהרן דוד (גורדון),אינו דומה | אינו דין | אליבא דאמת | אשראי דוקומנטרי | איכא דאמרי (יש אומרים) | אליבא דידי (דידיה) | אנית-דיג | אהרן דוד (גורדון) | חמש (גימטריה),9,knesset,knesset,13_ptm_532272.docx,clean
kn4-0148,מד״א,"לאירוע האמור הגיעו אמבולנס מד""א רגיל וניידת טיפול נמרץ של מד""א, אשר הוזעקה לאחר מכן על-ידי צוות מד""א.",מגן דוד אדום,מגן דוד אדום | מרא דאתרא | מסכת דרך ארץ | מאן דאמר (מי שאמר) | משום דרכי אמורי | ארבעים וחמש (גימטריה),6,knesset,knesset,13_ptm_532272.docx,clean
kn4-0149,מד״א,"בשעה 15:20 התקבלה קריאה במוקד מד""א איילון ובה נמסר על ילד בן 13 הסובל מכאבי בטן ומהקאות בבית-ספר.",מגן דוד אדום,מגן דוד אדום | מרא דאתרא | מסכת דרך ארץ | מאן דאמר (מי שאמר) | משום דרכי אמורי | ארבעים וחמש (גימטריה),6,knesset,knesset,13_ptm_532272.docx,clean
kn4-0150,מד״א,"בהמשך, כאשר החמיר מצב הילד, הוזעקה גם ניידת טיפול נמרץ של מד""א, אשר הגיעה כעבור שבע דקות.",מגן דוד אדום,מגן דוד אדום | מרא דאתרא | מסכת דרך ארץ | מאן דאמר (מי שאמר) | משום דרכי אמורי | ארבעים וחמש (גימטריה),6,knesset,knesset,13_ptm_532272.docx,clean
kn4-0151,ק״ו,"קו החשמל שעמודים מספר שלו התמוטטו בסופה בתאריך 22 באפריל 1994 הינו קו מתח עליון של 161 ק""ו הקיים כבר 25 שנה.",קילוולט,קל וחומר | קצר וקולע | מאה ושש (גימטריה) | קילוולט,4,knesset,knesset,13_ptm_532276.docx,human_review
kn4-0152,חמ״ס,"תפקידם של שירותי הכבאות וההצלה באירועי חמ""ס הוא תפקיד מצומצם ומתבטא בצמצום השפעת החומרים המסוכנים, במקום האירוע, באמצעים העומדים לרשותם, קרי – מים וקצף.",חומר מסווג,"חומר מסווג | חומשים, מחזורים, סידורים | מאה ושמונה (גימטריה)",3,knesset,knesset,13_ptm_532276.docx,clean
kn4-0153,חמ״ס,"על אף הכרזת הוועד הארצי של הכבאים כי לא יצאו לאירועי חמ""ס בעתיד, יש לציין כי באירועים האחרונים, שאירעו לאחר הצהרת הוועד – בשער-הגיא, ברמת-חובב, בקריית-חיים, בכביש ירושלים",חומר מסווג,"חומר מסווג | חומשים, מחזורים, סידורים | מאה ושמונה (גימטריה)",3,knesset,knesset,13_ptm_532276.docx,clean
kn4-0154,חמ״ס,"באירוע חמ""ס בנמל חיפה לא יצאו כבאי השירות בשל סכסוך עבודה.",חומר מסווג,"חומר מסווג | חומשים, מחזורים, סידורים | מאה ושמונה (גימטריה)",3,knesset,knesset,13_ptm_532276.docx,clean
kn4-0155,חמ״ס,"באירוע חמ""ס בנמל חיפה לא יצאו כבאי השירות, כמתבקש, בשל סכסוך עבודה.",חומר מסווג,"חומר מסווג | חומשים, מחזורים, סידורים | מאה ושמונה (גימטריה)",3,knesset,knesset,13_ptm_532276.docx,clean
kn4-0156,חמ״ס,"תפקידם של שירותי כבאות והצלה באירועי חמ""ס הוא מצומצם ומתבטא בצמצום השפעת החומרים המסוכנים במקום האירוע, באמצעים העומדים לרשותם, קרי – מים וקצף.",חומר מסווג,"חומר מסווג | חומשים, מחזורים, סידורים | מאה ושמונה (גימטריה)",3,knesset,knesset,13_ptm_532276.docx,clean
kn4-0157,חמ״ס,"כדי לאפשר לכבאים לבצע את התפקיד הראשוני, המוטל עליהם באירועי חומרים מסוכנים, עברו הכבאים הכשרה מיוחדת והועמדו לרשות כל שירות חליפות מגן ייעודיות שתפקידן להגן על הכבאי בעת אירוע חמ""ס.",חומר מסווג,"חומר מסווג | חומשים, מחזורים, סידורים | מאה ושמונה (גימטריה)",3,knesset,knesset,13_ptm_532276.docx,clean
kn4-0158,חמ״ס,"כמו כן יש בשירותי כבאות והצלה צוותי חמ""ס מרחביים, בפתח-תקווה לאזור המרכז, בחיפה לאזור הצפון, בבאר-שבע לאזור הדרום, בירושלים ובאשקלון/אשדוד.",חומר מסווג,"חומר מסווג | חומשים, מחזורים, סידורים | מאה ושמונה (גימטריה)",3,knesset,knesset,13_ptm_532276.docx,clean
kn4-0159,מב״ר,"למי שלא יודע, תוכנית מב""ר זו תוכנית שנותנת הזדמנות שנייה.",מסלול בגרויות רגיל,משרד הבריאות | מסלול בגרויות רגיל | מפגר בעל רצון | מאתיים וארבעים ושתיים (גימטריה),4,knesset,knesset,13_ptm_532277.docx,clean
kn4-0160,רמ״ח,"כואבות לי הבעיות שציינת, ואני תומך במה שאמרת בכל רמ""ח איברי.",מספר האיברים בגוף האדם,ראש מחלקה | מספר האיברים בגוף האדם | מאתיים וארבעים ושמונה (גימטריה),3,knesset,knesset,13_ptm_532277.docx,clean
kn4-0161,מג״ב,"אני קורא ליהודים בישראל להתייחס אל שוטר או שוטר מג""ב בלי תג זיהוי כאל מתחזה ולא להתחשב בו.",משמר הגבול,משמר הגבול | מגה בית (גם: מגה בייט). בדיוק מיליון בית | מיירט גובה בינוני | ארבעים וחמש (גימטריה),4,knesset,knesset,13_ptm_532278.docx,clean
kn4-0162,אמ״ן,"הוא יצא בהתקפה חסרת תקדים בתולדות המדינה על הערכות ראש אמ""ן, ובעצם אומר לנו שר החוץ ואומרת הממשלה: העובדות לא מעניינות אותנו.",אגף מודיעין,אגף מודיעין | אל מלך נאמן | תשעים ואחת (גימטריה),3,knesset,knesset,13_ptm_532279.docx,clean
kn4-0163,מע״ש,"ראיתי לדוגמה מע""ש בנצרת-עילית, שהוא דוגמה המראה איך יכולים בצורה יפה, מכובדת ומכניסה ליצור עבודה ולהעסיק בעלי נכויות שונות בעבודה של ממש, חמש עד שמונה שעות עבודה ליום.",מפעל עבודה שיקומי,מסכת מעשר שני | מערכת שעות | מפעל עבודה שיקומי | ארבע מאות ועשר (גימטריה),4,knesset,knesset,13_ptm_532279.docx,clean
kn4-0164,אב״ש,"מר אב""ש הציג בפני משרדנו דיפלומה של דוקטור להיסטוריה של העם הצ'רקסי.",ראשי תיבות שם פרטי ומשפחה (זהות חסויה),אבינו שבשמיים | אבן שושן (המילונאי הנודע) | שלוש מאות ושלוש (גימטריה) | ראשי תיבות שם פרטי ומשפחה (זהות חסויה),4,knesset,knesset,13_ptm_532282.docx,clean
kn4-0166,השב״ס,"אדוני היושב-ראש, רבותי חברי הכנסת, כבוד השר, קיבלתי פניות רבות מהרב עוזי משולם על הפרת סיכומים שהיו עם צמרת השב""ס ולא קוימו.",שירות בתי הסוהר,שירות בתי הסוהר | השאלה בין-ספרייתית | שלוש מאות ושישים ושבע (גימטריה),3,knesset,knesset,13_ptm_532282.docx,clean
kn4-0167,ז״ל,"ז""ל, זיכרונו לברכה, מנוחתו עדן, כל שיש לומר; הוא אמר שהאדם לא מת אלא רק גופתו מתה, לכן אני מכבדת את הגישה הזאת.",זכרו לברכה; זכרונו לברכה,זרע לבטלה | זכור לטוב | זכר לחורבן | זכרנו לחיים | זה לשונו | זכר לדבר | זכרו לברכה; זכרונו לברכה | שלושים ושבע (גימטריה),8,knesset,knesset,13_ptm_532284.docx,clean
kn4-0168,אמ״ן,"בעניין זה חשוב להזכיר את יציאתו המוקדמת לחופשה של ראש אמ""ן, האלוף אורי שגיא.",אגף מודיעין,אגף מודיעין | אל מלך נאמן | תשעים ואחת (גימטריה),3,knesset,knesset,13_ptm_532285.docx,clean
kn4-0169,אמ״ן,"הנושא איננו האדם אורי שגיא, אלא קבלה או אי-קבלה של תחזיות אמ""ן, וחשש חס וחלילה למחדלים עתידיים כתוצאה מאי-הצגת תחזיות, מחשש שמקבל תחזיות אלה לא יאהב אותן.",אגף מודיעין,אגף מודיעין | אל מלך נאמן | תשעים ואחת (גימטריה),3,knesset,knesset,13_ptm_532285.docx,clean
kn4-0170,קצא״א,"הדליפה והשרפה במתקן קצא""א ליד אשקלון והשלכותיה",קו צינור אילת-אשקלון,קו צינור אילת-אשקלון | דליפת הנפט בשמורת עברונה | חברת קו צינור אירופה אסיה | מאה ותשעים ושתיים (גימטריה),4,knesset,knesset,13_ptm_532287.docx,clean
kn4-0171,קצא״א,"הסעיף הבא – הצעות לסדר-היום מס' 5475, 5482 ו-5515: הדליפה והשרפה במתקן קצא""א ליד אשקלון והשלכותיה.",קו צינור אילת-אשקלון,קו צינור אילת-אשקלון | דליפת הנפט בשמורת עברונה | חברת קו צינור אירופה אסיה | מאה ותשעים ושתיים (גימטריה),4,knesset,knesset,13_ptm_532287.docx,clean
kn4-0172,קצא״א,"אנחנו נזדקק עתה לתזכורות על דברים ואסונות או כמעט אסונות שקרו דווקא בארץ, ואני רוצה להזכיר לכנסת כי באותו אתר של קצא""א, מדרום לאשקלון, לפני שש שנים פרצה דלקה.",קו צינור אילת-אשקלון,קו צינור אילת-אשקלון | דליפת הנפט בשמורת עברונה | חברת קו צינור אירופה אסיה | מאה ותשעים ושתיים (גימטריה),4,knesset,knesset,13_ptm_532287.docx,clean
kn4-0173,קצא״א,"אני מזכיר את השרפה שהיתה בפי-גלילות משום האפיונים המשותפים לה ולשרפה שפרצה ב-1 בספטמבר באתר קצא""א באשקלון.",קו צינור אילת-אשקלון,קו צינור אילת-אשקלון | דליפת הנפט בשמורת עברונה | חברת קו צינור אירופה אסיה | מאה ותשעים ושתיים (גימטריה),4,knesset,knesset,13_ptm_532287.docx,clean
kn4-0174,קצא״א,"לפי הפרסומים, נמנעה קצא""א מלדווח למשרד לאיכות הסביבה על האירוע, וזאת בניגוד לחובתה על-פי חוק.",קו צינור אילת-אשקלון,קו צינור אילת-אשקלון | דליפת הנפט בשמורת עברונה | חברת קו צינור אירופה אסיה | מאה ותשעים ושתיים (גימטריה),4,knesset,knesset,13_ptm_532287.docx,clean
kn4-0175,קצא״א,"חבל מאוד שרק לאחר שהעניין דלף והגיע לכדי יוזמה להצעה לסדר-היום בכנסת, מצאה הנהלת קצא""א את הסיבה ואת הזמן לערוך מסיבת עיתונאים וניסתה, באותה מסיבת עיתונאים, לגמד מחומרתה של הפרשה, מחומרתו של האירוע.",קו צינור אילת-אשקלון,קו צינור אילת-אשקלון | דליפת הנפט בשמורת עברונה | חברת קו צינור אירופה אסיה | מאה ותשעים ושתיים (גימטריה),4,knesset,knesset,13_ptm_532287.docx,clean
kn4-0176,קצא״א,"אני מאשים את הנהלת קצא""א בחוסר אחריות ציבורית, חוסר רגישות וחוסר מודעות לאיכות הסביבה.",קו צינור אילת-אשקלון,קו צינור אילת-אשקלון | דליפת הנפט בשמורת עברונה | חברת קו צינור אירופה אסיה | מאה ותשעים ושתיים (גימטריה),4,knesset,knesset,13_ptm_532287.docx,clean
kn4-0177,קצא״א,"אנחנו צריכים להעלות בכנסת שאלה, מדוע קצא""א כפופה עד היום למשרד בלתי רלבנטי בנושא הזה, ואנחנו צריכים לנסות לשכנע את הממשלה להעביר את האחריות למשרד האנרגיה והתשתית.",קו צינור אילת-אשקלון,קו צינור אילת-אשקלון | דליפת הנפט בשמורת עברונה | חברת קו צינור אירופה אסיה | מאה ותשעים ושתיים (גימטריה),4,knesset,knesset,13_ptm_532287.docx,clean
kn4-0178,קצא״א,"כאן נשאלת השאלה: באיזו זכות נוהגת הנהלת קצא""א כפי שנהגה במקרה דנן?",קו צינור אילת-אשקלון,קו צינור אילת-אשקלון | דליפת הנפט בשמורת עברונה | חברת קו צינור אירופה אסיה | מאה ותשעים ושתיים (גימטריה),4,knesset,knesset,13_ptm_532287.docx,clean
kn4-0179,קצא״א,"בהזדמנות זו אמר השר שחל, שלא ייתכן להטיל עליו את האחריות, כאשר שר האוצר מסרב להעביר את קצא""א לאחריות משרד האנרגיה, כפי שהסביר כאן יותר בהרחבה חבר הכנסת דוד מגן.",קו צינור אילת-אשקלון,קו צינור אילת-אשקלון | דליפת הנפט בשמורת עברונה | חברת קו צינור אירופה אסיה | מאה ותשעים ושתיים (גימטריה),4,knesset,knesset,13_ptm_532287.docx,clean
kn4-0180,קצא״א,"בינתיים, טרם יבשה הדיו על מסקנות ועדת החקירה בנושא קצא""א, כבר נודע על פרשייה חדשה, שרפה שפרצה בחוות הדלק פי-גלילות הסמוכה לתל-אביב.",קו צינור אילת-אשקלון,קו צינור אילת-אשקלון | דליפת הנפט בשמורת עברונה | חברת קו צינור אירופה אסיה | מאה ותשעים ושתיים (גימטריה),4,knesset,knesset,13_ptm_532287.docx,clean
kn4-0181,קצא״א,"אני גם חשבתי, שלגבי קצא""א אין חסינות ואין אקסטריטוריאליות בנושא איכות הסביבה.",קו צינור אילת-אשקלון,קו צינור אילת-אשקלון | דליפת הנפט בשמורת עברונה | חברת קו צינור אירופה אסיה | מאה ותשעים ושתיים (גימטריה),4,knesset,knesset,13_ptm_532287.docx,clean
kn4-0182,מ״פ,"חבר הכנסת לס, אם מחר תעלה מולדת לשלטון ותחליט על טרנספר לערבים, אתה תקיים את ההחלטה אם תצטרך להיות מ""פ בפלוגה שתפעל שם?",מפקד פלוגה,מפקד פלוגה | מחנה פליטים | מחשבה פלילית | לשון משלים פועל | מחשבים מגה פיקסל | מתמטיקה מכפלה פנימית | מאה ועשרים (גימטריה),7,knesset,knesset,13_ptm_532290.docx,clean
kn4-0183,אצ״ל,"אבל יושב פה כבוד היושב-ראש, ואולי זה יזכיר לו, היה שיר חמור מאוד של אצ""ל על אות קין, ""ותשלח את אחי לגרדום"".",ארגון צבאי לאומי,ארגון צבאי לאומי | אין צריך לומר | מאה ועשרים ואחת (גימטריה),3,knesset,knesset,13_ptm_532290.docx,clean
kn4-0184,ח״י,"ח""י חברי כנסת הם לא מעט, אך אם נכפיל את המספר זה יהיה עוד יותר טוב.",שמונה עשרה בגימטריה,חוק יסוד | חיל ים | חות יאיר (ספר) | חיה יחידה | חק יעקב (ספר) | חרם יהושע (יהדות) | שמונה עשרה בגימטריה,7,knesset,knesset,13_ptm_532292.docx,clean
kn4-0185,אש״ל,"יש קושי רב בקביעת רמת ההכנסה בפועל של זכאים, הן ביחס לעצמאים, קביעה שכידוע גם לשלטונות המס יש קושי בה, והן ביחס לשכירים, שכן ניתן להימנע מעבודה בשעות נוספות, אש""ל, תשלומי אחזקת רכב וכו'.",אכילה שתיה לינה,אין שומעין לו | איפה שלמה | אכילה שתיה לינה | שלוש מאות ושלושים ואחת (גימטריה),4,knesset,knesset,13_ptm_532293.docx,clean
kn4-0186,מב״ר,"נפתחו כיתות מב""ר, מעבר לבגרות, וכיתה 13 במטרה לסייע לתלמידים לקבל תעודת בגרות.",מסלול בגרויות רגיל,משרד הבריאות | מסלול בגרויות רגיל | מפגר בעל רצון | מאתיים וארבעים ושתיים (גימטריה),4,knesset,knesset,13_ptm_532293.docx,clean
kn4-0187,ס״מ,"וברור לגמרי גם למה סאדאת לא בדיוק רצה את רצועת-עזה, אף שבטאבה הוא לא ויתר גם על 10 ס""מ.",סנטימטר,סנטימטר | סגן מפקד | סמאל | סטרא דמסאבותא | מאה (גימטריה),5,knesset,knesset,13_ptm_532294.docx,clean
kn4-0188,נ״ח,"הגמרא במסכת בבא בתרא בדף נ""ח מספרת סיפור על אדם שנפטר והיו לו עשרה בנים, ורק אחד הבנים היה שלו, ולא ידעו מי הוא.",חמישים ושמונה (גימטריה),נוסח חדש | נס חנוכה | נק' חיים | חמישים ושמונה (גימטריה),4,knesset,knesset,13_ptm_532296.docx,clean
kn4-0189,איו״ש,"מכסת המוניות המורשות לצאת לישראל מכל איו""ש עומדת על 700.",אזור יהודה ושומרון,אזור יהודה ושומרון | אריכות ימים ושנים | שלוש מאות ושבע עשרה (גימטריה),3,knesset,knesset,13_ptm_532297.docx,clean
kn4-0190,איו״ש,"מתוך מכסת כלל איו""ש מאושרות 116 מוניות מנפת רמאללה, אשר כולן מורשות לצאת לישראל, ובכלל זה לעבוד בקו ירושלים–רמאללה.",אזור יהודה ושומרון,אזור יהודה ושומרון | אריכות ימים ושנים | שלוש מאות ושבע עשרה (גימטריה),3,knesset,knesset,13_ptm_532297.docx,clean
kn4-0191,אג״ם,"אדוני היושב-ראש, בתביעה של אנשי אג""ם היום, למרות ההודעה של המפקח הכללי דאז, הוגשו חלק מהתלונות גם בנושא הפקסים.",אגף המבצעים,"אגף המבצעים | אגף המטה | אגף המטה הכללי | ארבעים וארבע (גימטריה) | אג""ם חקירות (משרד חוקרים פרטי)",5,knesset,knesset,13_ptm_532297.docx,clean
kn4-0192,תמ״א,"תמ""א 16, תוכנית מתאר ארצית 16, הוכנה כבר לפני 20 שנה.",תוכנית מתאר ארצית,תוכנית מתאר ארצית | תוספת מכסת אחוזים | ארבע מאות וארבעים ואחת (גימטריה),3,knesset,knesset,13_ptm_532297.docx,clean
kn4-0193,תמ״א,"כבר הזכרנו את תוכנית המתאר הארצית, תמ""א 16.",תוכנית מתאר ארצית,תוכנית מתאר ארצית | תוספת מכסת אחוזים | ארבע מאות וארבעים ואחת (גימטריה),3,knesset,knesset,13_ptm_532297.docx,clean
kn4-0194,א״ד,"אכן, קבלן הניקיון בבית-הספר על-שם א""ד גורדון מעסיק עובדים ערבים תושבי המשולש ונושאי תעודת זהות ישראלית.",אהרן דוד (גורדון),אינו דומה | אינו דין | אליבא דאמת | אשראי דוקומנטרי | איכא דאמרי (יש אומרים) | אליבא דידי (דידיה) | אנית-דיג | אהרן דוד (גורדון) | חמש (גימטריה),9,knesset,knesset,13_ptm_532300.docx,clean
kn4-0195,סמ״ק,"אופנועים בגודל של 250 עד 500 סמ""ק היו ב-1994 קרוב ל-6,000.",סנטימטר מעוקב,ספר מצוות קטן | סנטימטר מעוקב | מאתיים (גימטריה),3,knesset,knesset,13_ptm_532301.docx,clean
kn4-0196,סמ״ק,"ואילו לגבי האופנועים הגדולים בסדר גודל של 500 סמ""ק ומעלה היו ב-1994 5,000 אופנועים.",סנטימטר מעוקב,ספר מצוות קטן | סנטימטר מעוקב | מאתיים (גימטריה),3,knesset,knesset,13_ptm_532301.docx,clean
kn4-0197,סמ״ק,"כבר לפני שנתיים סיווגתי מחדש את רשיונות הנהיגה באופנוע לפי הסדר הבא, כי – חבר הכנסת שגיא, אתה תיארת נכון – אפשר היה לקבל רשיון לאופנוע מ-50 סמ""ק, 250 סמ""ק, אין נפקא מינה.",סנטימטר מעוקב,ספר מצוות קטן | סנטימטר מעוקב | מאתיים (גימטריה),3,knesset,knesset,13_ptm_532301.docx,clean
kn4-0198,סמ״ק,"לפי הסיווג החדש, אי-אפשר עתה לנהוג באופנוע כבד, מעל 500 סמ""ק, ללא ניסיון קודם באופנוע קטן יותר.",סנטימטר מעוקב,ספר מצוות קטן | סנטימטר מעוקב | מאתיים (גימטריה),3,knesset,knesset,13_ptm_532301.docx,clean
kn4-0199,סמ״ק,"מכאן ואילך לא נותנים רשיון לרכב של 500 סמ""ק אלא אם הנהג הוא מעל גיל 21.",סנטימטר מעוקב,ספר מצוות קטן | סנטימטר מעוקב | מאתיים (גימטריה),3,knesset,knesset,13_ptm_532301.docx,clean
kn4-0200,סמ״ק,"הסכמנו עם האוצר, שהם יכפילו את דמי הביטוח על אופנועים מעל 500 סמ""ק, שזה הרבה יותר מאשר לרכב ארבעה גלגלים.",סנטימטר מעוקב,ספר מצוות קטן | סנטימטר מעוקב | מאתיים (גימטריה),3,knesset,knesset,13_ptm_532301.docx,clean
kn4-0201,סמ״ק,"האם הבנתי שאדוני השר קיבל את ההמלצה שלו, שאופנועים עם נפח מנוע של 500 סמ""ק לא ייסעו בכלל בשבת?",סנטימטר מעוקב,ספר מצוות קטן | סנטימטר מעוקב | מאתיים (גימטריה),3,knesset,knesset,13_ptm_532301.docx,clean
kn4-0202,תמ״א,"משלא הגענו להצעת פשרה הוחלט לפצל את החוק, ובפנינו מונחת לקריאה שנייה ושלישית הצעת חוק שמבטלת את תמ""א-18.",תוכנית מתאר ארצית,תוכנית מתאר ארצית | תוספת מכסת אחוזים | ארבע מאות וארבעים ואחת (גימטריה),3,knesset,knesset,13_ptm_532303.docx,clean
kn4-0203,תמ״א,"להקים תחנת דלק במדינת ישראל זה הליך שנמשך בין שבע לעשר שנים, כמעט בלתי אפשרי, משום תמ""א-18, בין השאר.",תוכנית מתאר ארצית,תוכנית מתאר ארצית | תוספת מכסת אחוזים | ארבע מאות וארבעים ואחת (גימטריה),3,knesset,knesset,13_ptm_532303.docx,clean
kn4-0204,מל״ל,"נזכרתי במרכז סניף הנוער העובד שלנו בכפר-מל""ל, אריק מנדל, זיכרונו לברכה, ובנחום אריאלי, שהיה במושבה שלנו כאשר עזבו את רמת-הכובש משום שהיו שם חיפושים.",משה לייב ליליינבלום,המוסד לביטוח לאומי | המטה לביטחון לאומי | משה לייב ליליינבלום | מאה (גימטריה),4,knesset,knesset,13_ptm_532304.docx,clean
kn4-0205,עכו״ם,"ולא לקראת מלכי ישראל בלבד, אמרו, אלא אפילו לקראת מלכי עכו""ם.",עבודת כוכבים ומזלות,עבודה זרה | גוי | פגניות | הלכות הרחקה מגויים | עבודת כוכבים ומזלות | עובד כוכבים ומזלות (גויים ונכרים עובדי אלילים) | מאה ושלושים ושש (גימטריה),7,knesset,knesset,13_ptm_532307.docx,clean
kn4-0206,תמ״א,"תוואי הכביש אושר במסגרת תוכנית המתאר הארצית לכבישים, תמ""א 3, בשנת 1976.",תוכנית מתאר ארצית,תוכנית מתאר ארצית | תוספת מכסת אחוזים | ארבע מאות וארבעים ואחת (גימטריה),3,knesset,knesset,13_ptm_532307.docx,clean
kn4-0207,ס״ב,"אני לא רוצה להיכנס לנושא ההלכתי; אגיד לכם רק מה שהתלמוד אומר במסכת בבא מציעא, דף ס""ב: שניים שהיו מהלכים במדבר ויש להם קיתון מים – מימייה של מים.",סודי ביותר,סודי ביותר | ספרת ביקורת | שישים ושתיים (גימטריה),3,knesset,knesset,13_ptm_532309.docx,clean
kn4-0208,כ״א,"אומרת הגמרא במסכת בבא בתרא, דף כ""א: אם אחד פותח חנות והשני פותח חנות לידו, יכול לעכב עליו, ""דאמר לי קא פסקת ליה לחיותי""; אתה יורד לחיי.",(גימטריה) 21,כל אחד | כי אם | כוח אדם | כי אתה | כרטיס אשראי | כיווני אוויר | (גימטריה) 21 | עשרים ואחת (גימטריה),8,knesset,knesset,13_ptm_532314.docx,clean
kn4-0209,כ״ח,"היום הצטרף לשובתי הרעב – חבר הכנסת סגן יושב-ראש הכנסת דב שילנסקי; כפי הנראה לכן הוא לא נמצא אתנו פה, כי הוא נמצא בגן הוורדים עם הרב מנחם פליקס ועם כ""ח השובתים.",עשרים ושמונה (גימטריה),כהנא חי | כתיב חסר | כדור חוזר | כינוי חבור | עשרים ושמונה (גימטריה),5,knesset,knesset,13_ptm_532318.docx,clean
kn4-0210,אז״ר,"חבר הכנסת שטרית, אם תרשה לי תיקון מידיעה אישית על כפר-אז""ר, רק לפני שבוע הייתי שם בבית של מישהו שמגדל תרנגולות ויש לו פרדס, והוא גם שם לי חצי שק קלמנטינות.",אלכסנדר זיסקינד רבינוביץ',אלכסנדר זיסקינד רבינוביץ' | אויב זרק רימון | מאתיים ושמונה (גימטריה),3,knesset,knesset,13_ptm_532321.docx,clean
kn4-0211,אז״ר,"תודה על האמת שגם מקומו של המושב כפר-אז""ר הוא כזה, שבאמת אין מקום לקיומו של מושב במרכז הארץ בנתונים הקיימים.",אלכסנדר זיסקינד רבינוביץ',אלכסנדר זיסקינד רבינוביץ' | אויב זרק רימון | מאתיים ושמונה (גימטריה),3,knesset,knesset,13_ptm_532321.docx,clean
kn4-0212,נ״ט,"במסגרת זו סוכם כי ישראל תקבל: 24 מסוקי ""אפאצ'י"" בערך של 354 מיליון דולר; 10 מסוקי ""בלקהוק"" בערך של 84 מיליון דולר; שישה ""יסעורים"", טילי נ""ט, טילי ים-ים ופצצות אוויר-קרקע בהיקף של 52 מיליון דולר.",צבא נגד טנקים,ניסוי טיסה | צבא נגד טנקים | חמישים ותשע (גימטריה),3,knesset,knesset,13_ptm_532322.docx,clean
kn4-0213,כ״ז,"אנחנו עומדים לחגוג את שנת ה-27 לשחרור ירושלים; כ""ז שנה.",עשרים ושבע (גימטריה),כל זאת | כל זמן | עשרים ושבע (גימטריה),3,knesset,knesset,13_ptm_532323.docx,clean
kn4-0214,מ״פ,"בתפקיד האחרון שלי הייתי מ""פ בחטיבת הצנחנים הדרומית, מ""פ של פלוגת רפואה, ולכן אני אומר דברים בהתייחסות לחוק הזה גם מההיבט האישי, בוודאי כמו כולנו.",מפקד פלוגה,מפקד פלוגה | מחנה פליטים | מחשבה פלילית | לשון משלים פועל | מחשבים מגה פיקסל | מתמטיקה מכפלה פנימית | מאה ועשרים (גימטריה),7,knesset,knesset,13_ptm_532324.docx,clean
kn4-0215,ש״ג,"אלא שהם משרתים בתפקידי ש""ג, בתפקידי שמירה.",שומר גבול,שומר גבול | שוטר גדודי | שער גבול | תורת הזרימה שכבת גבול | שלוש מאות ושלוש (גימטריה),5,knesset,knesset,13_ptm_532324.docx,clean
kn4-0216,ס״מ,"לאחר שהונח הגשר נתגלה כי היסודות בצדו הירדני שקעו בכ-14 ס""מ, ואולם מבדיקות שנערכו עם הירדנים התברר כי שקיעה זו תוכננה מראש, בהתאם לשיטת היסודות הנהוגה בירדן.",סנטימטר,סנטימטר | סגן מפקד | סמאל | סטרא דמסאבותא | מאה (גימטריה),5,knesset,knesset,13_ptm_532325.docx,clean
kn4-0217,מ״פ,"הדבר השני – לנזוף באותו מ""פ שטעה, שדרש מהחיילים לחזור ברכב לבסיס, שלא על מנת לעשות כוננות מבצעית, והענישם משום שסירבו לחלל את השבת.",מפקד פלוגה,מפקד פלוגה | מחנה פליטים | מחשבה פלילית | לשון משלים פועל | מחשבים מגה פיקסל | מתמטיקה מכפלה פנימית | מאה ועשרים (גימטריה),7,knesset,knesset,13_ptm_532326.docx,clean
kn4-0218,ס״מ,"הוא הגיש לנו חוברות בגובה של עשרות סנטימטרים, 40 ס""מ, 15 חוברות, 20 חוברות, שהודפסו והוגהו.",סנטימטר,סנטימטר | סגן מפקד | סמאל | סטרא דמסאבותא | מאה (גימטריה),5,knesset,knesset,13_ptm_532328.docx,clean
kn4-0219,רמ״ח,"תרשו לי לומר לכם, אני אומנם לא נולדתי בארץ, אבל אני מרגיש את עצמי ישראלי בכל רמ""ח איברי, יהודי גא, עם כל המשתמע מכך.",מספר האיברים בגוף האדם,ראש מחלקה | מספר האיברים בגוף האדם | מאתיים וארבעים ושמונה (גימטריה),3,knesset,knesset,13_ptm_532330.docx,clean
kn4-0220,רמ״ח,"אתה לא מעמיד פנים, אתה חש כך בכל רמ""ח איבריך, ואני מבין ומכבד את זה.",מספר האיברים בגוף האדם,ראש מחלקה | מספר האיברים בגוף האדם | מאתיים וארבעים ושמונה (גימטריה),3,knesset,knesset,13_ptm_532332.docx,clean
kn4-0221,מד״ר,"ובחוק התקציב, בתל-אביב, על-פי נתונים שקיבלתי מד""ר אביטל כהן, הרופאה המחוזית, בעיר תל-אביב רבתי, וזה לא רק תל-אביב, הממשלה מכסה היום כ-2,100 מיטות.","ד""ר (מ- קליטי)","מדרש רבה | מדריך ראשי | משוואה דיפרנציאלית רגילה | ד""ר (מ- קליטי) | מאתיים וארבעים וארבע (גימטריה)",5,knesset,knesset,13_ptm_532336.docx,clean
kn4-0222,מג״ב,"בתחקיר האירוע שבוצע על-ידי מג""ב התברר, כי הירי היה בניגוד להוראות ולנהלים, כאשר לא נשקפה סכנה לשוטר מג""ב ולאזרחים שהוא היה אמור לשמור עליהם.",משמר הגבול,משמר הגבול | מגה בית (גם: מגה בייט). בדיוק מיליון בית | מיירט גובה בינוני | ארבעים וחמש (גימטריה),4,knesset,knesset,13_ptm_532336.docx,clean
kn4-0223,הרא״ה,"אני חושב שמן הראוי היה שהכנסת תייחד דיון לתרומתו של הרב משה צבי נריה לדמותה הרוחנית של מדינת ישראל עם הקמת ישיבת ""בני עקיבא"" כפר-הרא""ה, הישיבות התיכוניות והאולפנות, ישיבות ההסדר ודור הכיפות הסרוגות.",הרב אברהם יצחק הכהן קוק,הרב אברהם יצחק הכהן קוק | רבי אהרן הלוי | מאתיים ואחת עשרה (גימטריה),3,knesset,knesset,13_ptm_532336.docx,clean
kn4-0224,ב״ז,"מדוע נמשכה חקירתו האינטנסיבית של מר ב""ז למרות מצבו הבריאותי?",ראשי תיבות שם פרטי ומשפחה (זהות חסויה),בן זוג | בנימין זאב (הרצל) | תשע (גימטריה) | ראשי תיבות שם פרטי ומשפחה (זהות חסויה),4,knesset,knesset,13_ptm_532336.docx,clean
kn4-0225,ב״ז,"מר ב""ז היה אדם חולה, וסמיכות פטירתו לחקירתו היא מקרית.",ראשי תיבות שם פרטי ומשפחה (זהות חסויה),בן זוג | בנימין זאב (הרצל) | תשע (גימטריה) | ראשי תיבות שם פרטי ומשפחה (זהות חסויה),4,knesset,knesset,13_ptm_532336.docx,clean
kn4-0226,ב״ז,"ביום פטירתו נחקר מר ב""ז כשעה, ולא הביע במהלך אותה חקירה טענה כי אינו חש בטוב.",ראשי תיבות שם פרטי ומשפחה (זהות חסויה),בן זוג | בנימין זאב (הרצל) | תשע (גימטריה) | ראשי תיבות שם פרטי ומשפחה (זהות חסויה),4,knesset,knesset,13_ptm_532336.docx,clean
kn4-0227,א״ק,"משרדנו קיים פעמים אחדות במהלך השנים האחרונות בדיקות מקיפות בעניינו של מר א""ק בהתייחס למעמדו המקצועי של הרופא.",ראשי תיבות שם פרטי ומשפחה (זהות חסויה),אוויר-קרקע | אתלטיקה קלה | אדם קדמון | אם קריאה | אמר קרא | אנית קיטור | מאה ואחת (גימטריה) | ראשי תיבות שם פרטי ומשפחה (זהות חסויה),8,knesset,knesset,13_ptm_532342.docx,clean
kn4-0228,א״ק,"המקרה של א""ק זכה לטיפול מצד גופים רבים, לרבות משרד הבריאות.",ראשי תיבות שם פרטי ומשפחה (זהות חסויה),אוויר-קרקע | אתלטיקה קלה | אדם קדמון | אם קריאה | אמר קרא | אנית קיטור | מאה ואחת (גימטריה) | ראשי תיבות שם פרטי ומשפחה (זהות חסויה),8,knesset,knesset,13_ptm_532342.docx,clean
kn4-0229,השב״ס,"כמה דקירות היו בשנים האחרונות בין כותלי הכלא וכיצד הגיב השב""ס?",שירות בתי הסוהר,שירות בתי הסוהר | השאלה בין-ספרייתית | שלוש מאות ושישים ושבע (גימטריה),3,knesset,knesset,13_ptm_532342.docx,clean
kn4-0230,השב״ס,"ה""סקר"" נעשה בתקופה קרובה להחלטת השב""ס אם להיענות לבקשתו.",שירות בתי הסוהר,שירות בתי הסוהר | השאלה בין-ספרייתית | שלוש מאות ושישים ושבע (גימטריה),3,knesset,knesset,13_ptm_532343.docx,clean
kn4-0231,פו״ם,"לדעתו של מפקד פו""ם, הם לא הדגישו מספיק את הפגיעה בעקרונות הדמוקרטיה.",המכללה הבין זרועית לפיקוד ולמטה,פיקוד ומטה | פוליטיקה וממשל | המכללה הבין זרועית לפיקוד ולמטה | פלוגות מיוחדות | מאה ועשרים ושש (גימטריה),5,knesset,knesset,13_ptm_532343.docx,clean
kn4-0232,פו״ם,"כמו כן התייחס מפקד פו""ם לאספות, להפגנות ולהטפות שהיו באוניברסיטה טרם הירצחו של ראש הממשלה.",המכללה הבין זרועית לפיקוד ולמטה,פיקוד ומטה | פוליטיקה וממשל | המכללה הבין זרועית לפיקוד ולמטה | פלוגות מיוחדות | מאה ועשרים ושש (גימטריה),5,knesset,knesset,13_ptm_532343.docx,clean
kn4-0233,פו״ם,"מפקד פו""ם לא מבקש כלל במכתבו ואינו מעלה בו את האפשרות של הפסקת לימודים של קצינים מכוחות הביטחון באוניברסיטת בר-אילן, כפי שעלה פה בהצעות לסדר-היום.",המכללה הבין זרועית לפיקוד ולמטה,פיקוד ומטה | פוליטיקה וממשל | המכללה הבין זרועית לפיקוד ולמטה | פלוגות מיוחדות | מאה ועשרים ושש (גימטריה),5,knesset,knesset,13_ptm_532343.docx,clean
kn4-0234,ח״י,"18 תומכים, אין מתנגדים, אין נמנעים; ח""י תומכים, הנושא יעבור לטיפולה של ועדת החינוך והתרבות.",שמונה עשרה בגימטריה,חוק יסוד | חיל ים | חות יאיר (ספר) | חיה יחידה | חק יעקב (ספר) | חרם יהושע (יהדות) | שמונה עשרה בגימטריה,7,knesset,knesset,13_ptm_532344.docx,clean
kn4-0235,כ״ז,"שחר אילן כותב בעיתון ""הארץ"" מיום כ""ז באב: ""מטה הביצוע מסר את כל הטיפול בהכנת תוכניות הלימודים בנושאי חגים לרפורמים, לקונסרבטיבים ולתנועה הקיבוצית"".",עשרים ושבע (גימטריה),כל זאת | כל זמן | עשרים ושבע (גימטריה),3,knesset,knesset,13_ptm_532345.docx,clean
kn4-0236,הרא״ה,") הלך מאתנו הבוקר חבר הכנסת לשעבר משה צבי נריה, ובשעות אלו ממש הוא מובא למנוחת עולמים בבית-העלמין בכפר-הרא""ה.",הרב אברהם יצחק הכהן קוק,הרב אברהם יצחק הכהן קוק | רבי אהרן הלוי | מאתיים ואחת עשרה (גימטריה),3,knesset,knesset,13_ptm_532346.docx,clean
kn4-0237,הרא״ה,"אדוני היושב-ראש, כנסת נכבדה, בפתח דברי אני רוצה לשלוח תנחומים למשפחתו של חבר הכנסת לשעבר הרב משה צבי נריה, לישיבת כפר-הרא""ה, לתנועה הדתית-הלאומית.",הרב אברהם יצחק הכהן קוק,הרב אברהם יצחק הכהן קוק | רבי אהרן הלוי | מאתיים ואחת עשרה (גימטריה),3,knesset,knesset,13_ptm_532346.docx,clean
kn4-0238,הרא״ה,"היינו בני-פלוגתא בשאלות רבות, אבל דווקא היום העלינו על נס את הישיבה שהוא עמד בראשה, ישיבת כפר-הרא""ה, שהגיעה להישג מופלג בקליטת תלמידים יוצאי אתיופיה.",הרב אברהם יצחק הכהן קוק,הרב אברהם יצחק הכהן קוק | רבי אהרן הלוי | מאתיים ואחת עשרה (גימטריה),3,knesset,knesset,13_ptm_532346.docx,clean
kn4-0239,אש״ל,"הוא נהנה מלשכה, מעוזרים שהוא ממנה בהתאם לרצונו; הוא נהנה מטלפונים; הוא נהנה מהוצאות אש""ל, לדעתי לא מוגבלות.",אכילה שתיה לינה,אין שומעין לו | איפה שלמה | אכילה שתיה לינה | שלוש מאות ושלושים ואחת (גימטריה),4,knesset,knesset,13_ptm_532346.docx,clean
kn4-0240,אצ״ל,"בגין ירד למלון ""סבוי"", הגיעו חיילי אצ""ל מהצבא החדש של מדינת ישראל ואמרו: תן לנו אפשרות לעצור את האש הזאת.",ארגון צבאי לאומי,ארגון צבאי לאומי | אין צריך לומר | מאה ועשרים ואחת (גימטריה),3,knesset,knesset,13_ptm_532347.docx,clean
kn4-0241,ת״ק,"זע עליו ת""ק על ת""ק פרסה, אתם בירושלים עיר הקודש כינסתם אתמול את כל מוכרי בשר החזיר.",חמש מאות (גימטריה),תנא קמא | תביעות קטנות | חמש מאות (גימטריה),3,knesset,knesset,13_ptm_532349.docx,human_review
kn4-0242,אש״ל,"עכשיו תשלמו על הוצאות הרכב שאתם מקבלים, על הוצאות הביגוד, על הוצאות אש""ל, על הוצאות טלפון, על כל הוצאה שהיתה לכם – – –",אכילה שתיה לינה,אין שומעין לו | איפה שלמה | אכילה שתיה לינה | שלוש מאות ושלושים ואחת (גימטריה),4,knesset,knesset,13_ptm_532356.docx,clean
kn4-0243,י״ל,"חבר הכנסת שילנסקי, אתה מכיר את הסיפור של י""ל פרץ ""בונצ'ה שתוק""?",יצחק לייבוש,יש להם | יש לומר | יהודה לב | יצחק לייבוש | יראה לי | ארבעים (גימטריה),6,knesset,knesset,13_ptm_532356.docx,clean
kn4-0244,י״ל,"הוא הזכיר לי סיפור של י""ל פרץ, ""בונצ'ה שתוק"", שלמדתי בנערותי, ואתה אפילו אמרת את זה ביידיש.",יצחק לייבוש,יש להם | יש לומר | יהודה לב | יצחק לייבוש | יראה לי | ארבעים (גימטריה),6,knesset,knesset,13_ptm_532356.docx,clean
kn4-0245,י״ל,"הוא היה צדיק כמו אותו כפרי בסיפור אחר של י""ל פרץ, שהתפלל – –",יצחק לייבוש,יש להם | יש לומר | יהודה לב | יצחק לייבוש | יראה לי | ארבעים (גימטריה),6,knesset,knesset,13_ptm_532356.docx,clean
kn4-0246,שח״ל,"אבל מצאנו מקרים, לצערנו הרב, והראשונה שעסקה בכך היתה המועצה הישראלית לצרכנות, שאדם נפטר תקופה קצרה אחרי שמשפחתו עשתה בעבורו את הביטוח או קנתה בעבורו את השירות של ""שח""ל"" וכספו לא הוחזר למשפחה.",שירות חולי לב,שמואל חיים לנדוי | שירות חלוצי לישראל | שירות חולי לב | שירות חירום לחולים | שלוש מאות ושלושים ושמונה (גימטריה),5,knesset,knesset,13_ptm_532358.docx,clean
kn4-0247,ז״ל,"הבאתי חישוב ממנהל הכלא דאז, חיים ז""ל, אם אדוני מכיר אותו, שאמר שכל אסיר עולה לו 10,000 לירות בחודש.",זכרו לברכה; זכרונו לברכה,זרע לבטלה | זכור לטוב | זכר לחורבן | זכרנו לחיים | זה לשונו | זכר לדבר | זכרו לברכה; זכרונו לברכה | שלושים ושבע (גימטריה),8,knesset,knesset,13_ptm_532359.docx,clean
kn4-0248,פו״ם,"יש ארבע הצעות לסדר-היום על ההתבטאות של מפקד פו""ם על אוניברסיטת בר-אילן.",המכללה הבין זרועית לפיקוד ולמטה,פיקוד ומטה | פוליטיקה וממשל | המכללה הבין זרועית לפיקוד ולמטה | פלוגות מיוחדות | מאה ועשרים ושש (גימטריה),5,knesset,knesset,13_ptm_532359.docx,clean
kn4-0249,ש״ג,"עדותו של חייל ששמו דורון כהן: הייתי בשמירה, ש""ג, ולפתע אני שומע מתוך רמקול: תעמידי את האוטו בצד.",שער גבול,שומר גבול | שוטר גדודי | שער גבול | תורת הזרימה שכבת גבול | שלוש מאות ושלוש (גימטריה),5,knesset,knesset,13_ptm_532363.docx,clean
kn4-0250,ח״י,"ח""י תומכים, כלומר – 18 תומכים, תשעה מתנגדים, אין נמנעים.",שמונה עשרה בגימטריה,חוק יסוד | חיל ים | חות יאיר (ספר) | חיה יחידה | חק יעקב (ספר) | חרם יהושע (יהדות) | שמונה עשרה בגימטריה,7,knesset,knesset,13_ptm_532364.docx,clean
kn4-0251,מ״פ,"ידידי חבר הכנסת זאבי, מדבר אליך מ""פ בצנחנים; אני לא צריך קבלות ממך.",מפקד פלוגה,מפקד פלוגה | מחנה פליטים | מחשבה פלילית | לשון משלים פועל | מחשבים מגה פיקסל | מתמטיקה מכפלה פנימית | מאה ועשרים (גימטריה),7,knesset,knesset,13_ptm_532364.docx,clean
kn4-0252,ז״ל,"עמד פה השר לשעבר רמון, ז""ל מבחינת היותו שר – – –",זכרו לברכה; זכרונו לברכה,זרע לבטלה | זכור לטוב | זכר לחורבן | זכרנו לחיים | זה לשונו | זכר לדבר | זכרו לברכה; זכרונו לברכה | שלושים ושבע (גימטריה),8,knesset,knesset,13_ptm_532364.docx,clean
kn4-0253,ח״ן,"אבל השגתי היום איזה מסמך, שבו קצינת ח""ן ראשית מודה: אין לנו צורך ב-50% מהמתגייסות.",חיל נשים,חיים נחמן (ביאליק) | חיל נשים | חכמת הנסתר | חשבון נייר (ח-ן) | חמישים ושמונה (גימטריה),5,knesset,knesset,13_ptm_532364.docx,clean
kn4-0254,ח״ן,"תת-אלוף אמירה דותן – הזכיר זאת קודם חבר הכנסת בניזרי – לשעבר קצינת ח""ן ראשית, התבטאה ברוח דומה בעקבות ההחלטה האחרונה על קיצור שירות הבנות.",חיל נשים,חיים נחמן (ביאליק) | חיל נשים | חכמת הנסתר | חשבון נייר (ח-ן) | חמישים ושמונה (גימטריה),5,knesset,knesset,13_ptm_532364.docx,clean
kn4-0255,ב״ש,"שיעור ההתייקרות הממוצע שבוצע היה 7.1% ולא 7.7%, כפי שציין חבר הכנסת; שיעור ההתייקרות הממוצע ב""אגד"" – 7.25%, ב""דן"" – 4.29%, בחברת ב""ש – 5.2%; ב.",באר שבע,באר שבע | בית שאן | בית שמש | בית שמאי | ברוך שמו | שלוש מאות ושתיים (גימטריה),6,knesset,knesset,13_ptm_532367.docx,clean
kn4-0256,ת״ל,"יש לציין שב""שולחן ערוך"" מובאת בסימן ת""ל הסיבה ל""שבת הגדול"", לנס המיוחד.",ארבע מאות ושלושים (גימטריה),תלמוד לומר | תיפוק ליה | ארבע מאות ושלושים (גימטריה),3,knesset,knesset,13_ptm_532367.docx,clean
kn4-0257,קמ״ט,"נוסף על כך השתתפו בישיבות הוועדה קמ""ט דתות שמואל המבורגר ומוזמנים של נציגי העדות.",קצין מטה,קצין מטה | קורס מפקדי טנקים | קצין מיון טרומי | מאה וארבעים ותשע (גימטריה),4,knesset,knesset,13_ptm_532367.docx,clean
kn4-0258,נ״ט,"הוא העמיד לרשותנו 24 מסוקי תקיפה ""אפאצ'י"", 10 מסוקי ""בלקהוק"", 50 מטוסי 16-טילי נ""ט, טילי ים-ים, פצצות אוויר-קרקע – – –",צבא נגד טנקים,ניסוי טיסה | צבא נגד טנקים | חמישים ותשע (גימטריה),3,knesset,knesset,13_ptm_532368.docx,clean
kn4-0259,מ״ג,"בנק ישראל אכן החל, ב-1 במאי 1994, להנפיק מטבע בערך של שקל אחד בנתך השוקל 4 מ""ג פחות מזה שהונפק עד אז.",מיליגרם (אלפית הגרם),"מפקד גף | מילת־גוף | מיליגרם (אלפית הגרם) | ארבעים ושלוש (גימטריה) | ראשי תיבות שם פרטי ומשפחה (זהות חסויה) | מקלע מא""ג (שיבוש כתיב)",6,knesset,knesset,13_ptm_532370.docx,clean
kn4-0260,קק״ל,"נציגי הקרן-הקיימת לישראל (להלן – קק""ל) במועצה וכן נציגי הממשלה במועצה שאינם עובדי מדינה, הם למעשה נציגים של גורמים ומוסדות שרובם מהמגזר החקלאי.",קרן קיימת לישראל,קרן קיימת לישראל | קילו קלוריה | מאתיים ושלושים (גימטריה),3,knesset,knesset,13_ptm_532373.docx,clean
kn4-0261,קק״ל,""" ""במועד גמר הביקורת היה לנציגי קק""ל במועצה רוב בכל אחת מארבע ועדות המשנה של המועצה.",קרן קיימת לישראל,קרן קיימת לישראל | קילו קלוריה | מאתיים ושלושים (גימטריה),3,knesset,knesset,13_ptm_532373.docx,clean
kn4-0262,מד״ר,"אני מוכן להעביר לחבר הכנסת לוי בנפרד מכתב מד""ר זימין שבו היא מציינת שדאגו לערוך את השבת כיאות.","ד""ר (מ- קליטי)","מדרש רבה | מדריך ראשי | משוואה דיפרנציאלית רגילה | ד""ר (מ- קליטי) | מאתיים וארבעים וארבע (גימטריה)",5,knesset,knesset,13_ptm_532375.docx,clean
kn4-0263,מ״מ,"נשיא בית-המשפט המחוזי בנצרת, כבוד השופט אברמוביץ, אישר את צו המעצר המינהלי של הנדון עד ליום 16 במרס 1995 (תיק בית-המשפט – מ""מ 2/94).",מעצר מנהלי,מילימטר | ממלא מקום | מכל מקום | מערכות מידע | מפקד מחלקה | מראה מקום | משתנה מקרי | מרחב מטרי | מגיד מישרים | מרחב מכפלה | מערכות מחשב | מגיד משנה | מערך המבצעים המיוחדים | מכונאי מוטס | מקרא מגילה | מרחב מדגם | שמונים (גימטריה) | מעצר מנהלי,18,knesset,knesset,13_ptm_532376.docx,human_review
kn4-0264,מ״ק,"לפי תחשיבים, יעלה מ""ק מים מותפלים 30-20 סנט.",מטר מעוקב,מספר קטן | מטר מעוקב | מרכז קהילתי | מועד קטן | מכשיר קשר | מרא קמא | מחנה קבע | מילת קריאה | מלכין קדמאין | משמע קצת | מאה וארבעים (גימטריה),11,knesset,knesset,13_ptm_532376.docx,clean
kn4-0265,ח״ן,"יודעי דבר וגם יודעי ח""ן אומרים, שמערכת יחסים כזאת בין נגיד בנק ישראל ובין שר האוצר לא היתה שנים רבות.",חכמת הנסתר,חיים נחמן (ביאליק) | חיל נשים | חכמת הנסתר | חשבון נייר (ח-ן) | חמישים ושמונה (גימטריה),5,knesset,knesset,13_ptm_532376.docx,clean
kn4-0266,מד״א,"אדוני היושב-ראש, חברי הכנסת, קודם כול אני מבקש לומר את מה שראוי לומר בשבחו של מד""א, מגן-דוד-אדום.",מגן דוד אדום,מגן דוד אדום | מרא דאתרא | מסכת דרך ארץ | מאן דאמר (מי שאמר) | משום דרכי אמורי | ארבעים וחמש (גימטריה),6,knesset,knesset,13_ptm_532376.docx,clean
kn4-0267,מ״מ,"מי שברח מפני אבנים ובקבוקי תבערה, מדוע לא יברח מפני פצצות מרגמה 120 מ""מ ואש מקלעים?",מילימטר,מילימטר | ממלא מקום | מכל מקום | מערכות מידע | מפקד מחלקה | מראה מקום | משתנה מקרי | מרחב מטרי | מגיד מישרים | מרחב מכפלה | מערכות מחשב | מגיד משנה | מערך המבצעים המיוחדים | מכונאי מוטס | מקרא מגילה | מרחב מדגם | שמונים (גימטריה) | מעצר מנהלי,18,knesset,knesset,13_ptm_532379.docx,clean
kn4-0268,השב״ס,"רצוני לשאול כמה שאלות: מי שם את בייניש למבקרת השב""ס?",שירות בתי הסוהר,שירות בתי הסוהר | השאלה בין-ספרייתית | שלוש מאות ושישים ושבע (גימטריה),3,knesset,knesset,13_ptm_532380.docx,clean
kn4-0269,השב״ס,"כמו-כן רצוני לשאול: מי הדליף את המכתב – האם לשכת שר המשטרה או נציבות השב""ס?",שירות בתי הסוהר,שירות בתי הסוהר | השאלה בין-ספרייתית | שלוש מאות ושישים ושבע (גימטריה),3,knesset,knesset,13_ptm_532380.docx,clean
kn4-0270,רמ״ח,"אני משוכנע בכל רמ""ח איברי, שבנושא של מלחמה ושלום צריך קונסנסוס רחב יותר וצריך רוב גדול יותר מרוב רגיל.",מספר האיברים בגוף האדם,ראש מחלקה | מספר האיברים בגוף האדם | מאתיים וארבעים ושמונה (גימטריה),3,knesset,knesset,13_ptm_532383.docx,clean
kn4-0271,רמ״ח,"חבר הכנסת טלב אלסאנע, אתה לא צריך להמריץ אותי, בענייני שוויון אף אחד לא יתחרה בי כי אני מאמין בזה בכל רמ""ח איברי.",מספר האיברים בגוף האדם,ראש מחלקה | מספר האיברים בגוף האדם | מאתיים וארבעים ושמונה (גימטריה),3,knesset,knesset,13_ptm_532383.docx,clean
kn4-0272,ל״א,"הגמרא אומרת במסכת ברכות, ל""א: ""הנפטר מחברו, אל ייפטר אלא מתוך דבר הלכה, שמתוך כך זוכרהו"".",לשון אחר,לוחמה אלקטרונית | לשון אחר | שלושים ואחת (גימטריה),3,knesset,knesset,13_ptm_532383.docx,clean
kn4-0273,אח״מ,"במדינת ישראל, בנושא בריאות, לא תופיע המלה אח""מ.",אישיות חשובה מאוד,"אחרי מות | אחר מכן | אגף חקירות ומודיעין | אישיות חשובה מאוד | אחר מיתה, אחר מוֹת־ | ארבעים ותשע (גימטריה)",6,knesset,knesset,13_ptm_532384.docx,clean
kn4-0274,מ״א,"כמו-כן, נערכו דיונים עם האוניברסיטאות לפתיחת מסלולי מ""א אינטגרטיביים למקצועות היהדות והקמת מרכזי פיתוח לתוכניות לימודים.",מוסמך אוניברסיטה (נקרא גם 'תואר שני'),מועצה אזורית | מקום אחר | מלכים א' | משנה א' | מגן אברהם | מעמד אישי | מערכות אלקטרוניות | המפקדה הארצית | מספר אישי | מודיעין אזרחי | מעצור אוויר | מחזור אחרון | מוסמך אוניברסיטה (נקרא גם 'תואר שני') | מֻסְמָךְ אוּנִיבֶרְסִיטָה | משתנה אקראי (תורת ההסתברות) | ארבעים ואחת (גימטריה) | ראשי תיבות שם פרטי ומשפחה (זהות חסויה),17,knesset,knesset,13_ptm_532386.docx,clean
kn4-0275,מ״ק,"האם הובאו נתונים אלה בחשבון בעת שמדינת ישראל ויתרה על מיליוני מ""ק ממי הירדן לטובת הממלכה ההאשמית, כדי להקל על מצוקת המים בעמאן?",מטר מעוקב,מספר קטן | מטר מעוקב | מרכז קהילתי | מועד קטן | מכשיר קשר | מרא קמא | מחנה קבע | מילת קריאה | מלכין קדמאין | משמע קצת | מאה וארבעים (גימטריה),11,knesset,knesset,13_ptm_532387.docx,clean
kn4-0276,ס״ב,"מה שכתוב בגמרא, ביבמות ס""ב, הוא: האוהב את אשתו כגופו והמכבדה יותר מגופו, והמשיא בניו ובנותיו סמוך לפרקם, עליו הכתוב אומר, וידעת כי שלום אוהלך.",שישים ושתיים (גימטריה),סודי ביותר | ספרת ביקורת | שישים ושתיים (גימטריה),3,knesset,knesset,13_ptm_532387.docx,clean
kn4-0277,מד״ר,"קיבלתי היום מכתב, אדוני היושב-ראש, מד""ר נח'לה בשארה, מנהל רפואי של בית-החולים נצרת, שנקרא בית-החולים האנגלי – EMMS, ובו הוא כותב לי: ""לכבוד חבר הכנסת האשם מחאמיד, בניין הכנסת, ירושלים.","ד""ר (מ- קליטי)","מדרש רבה | מדריך ראשי | משוואה דיפרנציאלית רגילה | ד""ר (מ- קליטי) | מאתיים וארבעים וארבע (גימטריה)",5,knesset,knesset,13_ptm_532391.docx,clean
kn4-0278,מ״ק,"פעולות דומות ל""השבחת"" מי הים נעשו גם ב-8 באפריל – 18,000 מ""ק מי שופכין; ב-7 באפריל – 35,700 מ""ק; ב-6 באפריל – 38,000 מ""ק; וב-5 באפריל – 52,700 מ""ק.",מטר מעוקב,מספר קטן | מטר מעוקב | מרכז קהילתי | מועד קטן | מכשיר קשר | מרא קמא | מחנה קבע | מילת קריאה | מלכין קדמאין | משמע קצת | מאה וארבעים (גימטריה),11,knesset,knesset,13_ptm_532392.docx,clean
kn4-0279,מד״א,"חברי הכנסת, הנושא שלפנינו הגיע אלי כבר לפני חודשים מספר בפניות של הציבור בנושא סגירת מוקדי מגן-דוד-אדום – מד""א, בגוש-דן.",מגן דוד אדום,מגן דוד אדום | מרא דאתרא | מסכת דרך ארץ | מאן דאמר (מי שאמר) | משום דרכי אמורי | ארבעים וחמש (גימטריה),6,knesset,knesset,13_ptm_532392.docx,clean
kn4-0280,מד״א,"בנושא מד""א עסק שר הבריאות כל זמן שהוא כיהן בתפקיד.",מגן דוד אדום,מגן דוד אדום | מרא דאתרא | מסכת דרך ארץ | מאן דאמר (מי שאמר) | משום דרכי אמורי | ארבעים וחמש (גימטריה),6,knesset,knesset,13_ptm_532392.docx,clean
kn4-0281,מד״א,"לעצם העניין של מד""א והמוקד שנמצא ברחוב הגלגל ברמת-גן – אני לא אחזור על הנתונים ששמענו כאן אלא אוסיף עליהם.",מגן דוד אדום,מגן דוד אדום | מרא דאתרא | מסכת דרך ארץ | מאן דאמר (מי שאמר) | משום דרכי אמורי | ארבעים וחמש (גימטריה),6,knesset,knesset,13_ptm_532392.docx,clean
kn4-0282,מד״א,"כיוון שהעבירו את מוקד מד""א מקריית-גת לאשדוד, התחנה היתה סגורה באמצע היום, והאב רץ עם הילדה על הידיים עד לתחנת המשטרה כדי להזעיק עזרה.",מגן דוד אדום,מגן דוד אדום | מרא דאתרא | מסכת דרך ארץ | מאן דאמר (מי שאמר) | משום דרכי אמורי | ארבעים וחמש (גימטריה),6,knesset,knesset,13_ptm_532392.docx,clean
kn4-0283,מד״א,"ניתן היה להציל אותה לולא העבירו את מוקד מד""א ממקום למקום.",מגן דוד אדום,מגן דוד אדום | מרא דאתרא | מסכת דרך ארץ | מאן דאמר (מי שאמר) | משום דרכי אמורי | ארבעים וחמש (גימטריה),6,knesset,knesset,13_ptm_532392.docx,clean
kn4-0284,מד״א,"אני רוצה לומר לך, אדוני סגן השר, אני נזקקתי בשנים האחרונות לשירותים של מוקד מד""א ברמת-גן מדי פעם בפעם למשפחה, להורים, לכל מיני דברים.",מגן דוד אדום,מגן דוד אדום | מרא דאתרא | מסכת דרך ארץ | מאן דאמר (מי שאמר) | משום דרכי אמורי | ארבעים וחמש (גימטריה),6,knesset,knesset,13_ptm_532392.docx,clean
kn4-0285,מד״א,"צריך להודות ולשבח את האנשים שמטפלים במוקד מד""א ברמת-גן:",מגן דוד אדום,מגן דוד אדום | מרא דאתרא | מסכת דרך ארץ | מאן דאמר (מי שאמר) | משום דרכי אמורי | ארבעים וחמש (גימטריה),6,knesset,knesset,13_ptm_532392.docx,clean
kn4-0286,מד״א,"לפני שהפעילו את מוקד מד""א ברמת-גן הגיע שיעור ההצלחה בהחייאה באזור ל-8% בלבד.",מגן דוד אדום,מגן דוד אדום | מרא דאתרא | מסכת דרך ארץ | מאן דאמר (מי שאמר) | משום דרכי אמורי | ארבעים וחמש (גימטריה),6,knesset,knesset,13_ptm_532392.docx,clean
kn4-0287,מד״א,"היום, כשהפעילו את מוקד מד""א, הגיעו ל-34% הצלחה.",מגן דוד אדום,מגן דוד אדום | מרא דאתרא | מסכת דרך ארץ | מאן דאמר (מי שאמר) | משום דרכי אמורי | ארבעים וחמש (גימטריה),6,knesset,knesset,13_ptm_532392.docx,clean
kn4-0288,מד״א,"פירטו פה חברי דברים שונים לגבי תחנת מד""א ברמת-גן, ואני לא רוצה לחזור על זה.",מגן דוד אדום,מגן דוד אדום | מרא דאתרא | מסכת דרך ארץ | מאן דאמר (מי שאמר) | משום דרכי אמורי | ארבעים וחמש (גימטריה),6,knesset,knesset,13_ptm_532392.docx,clean
kn4-0289,י״ל,"אישור הנושאים וההצעות לעבודות הגמר (ארבע י""ל) נעשה על-ידי הפיקוח על עבודות הגמר והפיקוח המקצועי על תחום הדעת שבו נכתבת העבודה.",ארבעים (גימטריה),יש להם | יש לומר | יהודה לב | יצחק לייבוש | יראה לי | ארבעים (גימטריה),6,knesset,knesset,13_ptm_532393.docx,clean
kn4-0290,מל״ל,"עודד וניבה קורקין ממושב כפר-מל""ל מבקשים זה תקופה ארוכה אישור בנייה.",משה לייב ליליינבלום,המוסד לביטוח לאומי | המטה לביטחון לאומי | משה לייב ליליינבלום | מאה (גימטריה),4,knesset,knesset,13_ptm_532395.docx,clean
kn4-0291,מל״ל,"בעוד משפחות אחרות בכפר-מל""ל קיבלו רשיון על אותה בנייה, משפחת קורקין טרם קיבלה רשיון זה.",משה לייב ליליינבלום,המוסד לביטוח לאומי | המטה לביטחון לאומי | משה לייב ליליינבלום | מאה (גימטריה),4,knesset,knesset,13_ptm_532395.docx,clean
kn4-0292,מל״ל,"מדוע ניתנו אישורי בנייה דומים לחברים אחרים בכפר-מל""ל?",משה לייב ליליינבלום,המוסד לביטוח לאומי | המטה לביטחון לאומי | משה לייב ליליינבלום | מאה (גימטריה),4,knesset,knesset,13_ptm_532395.docx,clean
kn4-0293,מע״ש,"בעזרת תקציבים אלה מופעלים שירותים רבים, ביניהם מועדוניות, מע""ש, מעון-יום טיפולי ושירותים נוספים בקהילה.",מפעל עבודה שיקומי,מסכת מעשר שני | מערכת שעות | מפעל עבודה שיקומי | ארבע מאות ועשר (גימטריה),4,knesset,knesset,13_ptm_532395.docx,clean
kn4-0294,נ״ח,"אבל אני רוצה לומר לך, שכל הקונצפציה של משרד הרווחה באה לידי ביטוי בישעיהו נ""ח: ""למה צמנו ולא ראית?",חמישים ושמונה (גימטריה),נוסח חדש | נס חנוכה | נק' חיים | חמישים ושמונה (גימטריה),4,knesset,knesset,13_ptm_532395.docx,clean
kn4-0295,מל״ל,"הרכב לא רשום על שמם, הוא לא חונה ליד הבית שלהם, אבל החוקר של מל""ל, המוסד לביטוח לאומי, ראה את האדם נוהג ברכב, נוסע ברכב, ולכן הוא שולל את זכאותם.",המוסד לביטוח לאומי,המוסד לביטוח לאומי | המטה לביטחון לאומי | משה לייב ליליינבלום | מאה (גימטריה),4,knesset,knesset,13_ptm_532395.docx,clean
kn4-0296,כ״ח,"ישיבת הכנסת – מחר, אם ירצה השם, יום שלישי, כ""ח בסיוון, בשעה 16:00.",עשרים ושמונה (גימטריה),כהנא חי | כתיב חסר | כדור חוזר | כינוי חבור | עשרים ושמונה (גימטריה),5,knesset,knesset,13_ptm_532395.docx,clean
kn4-0297,נ״ב,"וכנאמר בישעיה נ""ב: ""עורי עורי לבשי עזך ציון, לבשי בגדי תפארתך ירושלים עיר הקדש"".",חמישים ושתיים (גימטריה),נקודת בסיס | נוסף ברשימה | נזכרתי בדבר | נכתב בצדו | נזכר בזאת | חמישים ושתיים (גימטריה),6,knesset,knesset,13_ptm_532396.docx,clean
kn4-0298,אצ״ל,"יש לי לא רק צער וכאב, כי עם כל חילוקי הדעות שהיו לנו עם הקיבוצים, גם בתקופה שהיינו במחתרת, גם בתקופה שהחזיקו בקיבוצים חטופים של אנשי אצ""ל ועינו אותם, את כל זה שכחתי, מחקתי, עבר.",ארגון צבאי לאומי,ארגון צבאי לאומי | אין צריך לומר | מאה ועשרים ואחת (גימטריה),3,knesset,knesset,13_ptm_532397.docx,clean
kn4-0299,מח״ל,"לאמריקנים ולאנגלים שהגיעו באוניות מפוארות, עשירים, כל הכבוד להם, להם קראו מתנדבי חוץ-לארץ – מח""ל.",מפלגת חרות לאומית,מתנדבי חוץ לארץ במלחמת העצמאות | מפלגת חרות לאומית | שבעים ושמונה (גימטריה),3,knesset,knesset,13_ptm_532397.docx,clean
kn4-0301,ג״ג,"כשאני אתייחס אליכם אגיד: ג""ג, בקיצור, במקום: גונן, גולדפרב, כי כמה פעמים אני יכול לחזור על השמות?",גולדפרב-גונן (סיעה),גאוגרפיה | גבולות גזרה | שש (גימטריה) | גולדפרב-גונן (סיעה),4,knesset,knesset,13_ptm_532400.docx,human_review
kn4-0302,ג״ג,"הרי הם הלכו לבחירות במסגרת צומת, הם לא הלכו לבחירות באופן אישי, ולמען האמת, בלי לפגוע לא בגולדפרב ולא בגונן – דרך אגב, אדוני היושב-ראש, אמרתי קודם, בחלק הראשון של דברי, שאשתמש בקיצור ג""ג.",גולדפרב-גונן (סיעה),גאוגרפיה | גבולות גזרה | שש (גימטריה) | גולדפרב-גונן (סיעה),4,knesset,knesset,13_ptm_532400.docx,human_review
kn4-0303,ג״ג,"ישבתי שעתיים לפני זה וניהלתי את הישיבה וכל הזמן שמעתי: גולדפרב-גונן, גולדפרב-גונן – ג""ג.",גולדפרב-גונן (סיעה),גאוגרפיה | גבולות גזרה | שש (גימטריה) | גולדפרב-גונן (סיעה),4,knesset,knesset,13_ptm_532400.docx,human_review
kn4-0304,מח״ל,"אתה שמעת אותי, חבר הכנסת שמאי, יושב-ראש סיעת מח""ל-צומת להסתדרות?",מפלגת חרות לאומית,מתנדבי חוץ לארץ במלחמת העצמאות | מפלגת חרות לאומית | שבעים ושמונה (גימטריה),3,knesset,knesset,13_ptm_532400.docx,clean
kn4-0305,רמ״ח,"ב-17 בחודש הייתי עם ראש המועצה של בית-שמש, מערכניק בכל רמ""ח איבריו.",מספר האיברים בגוף האדם,ראש מחלקה | מספר האיברים בגוף האדם | מאתיים וארבעים ושמונה (גימטריה),3,knesset,knesset,13_ptm_532402.docx,clean
kn4-0306,בד״ר,"אני מסיים בשאלה נוספת, והיא, אדוני השר: ידוע לי, כי שר הבריאות הקודם ראה בד""ר גרינר מועמד ראוי וטוב לתפקיד הפסיכיאטר המחוזי.","ד""ר (ב- קליטי)","בית דין רבני | בן דב רפפורט | ד""ר (ב- קליטי) | מאתיים ושש (גימטריה)",4,knesset,knesset,13_ptm_532403.docx,clean
kn4-0307,בד״ר,"בעקבות כל מה שקשור בד""ר גרינר ובעברו, שחשיפת הליקויים לא היתה הנקודה היחידה בהם – – –","ד""ר (ב- קליטי)","בית דין רבני | בן דב רפפורט | ד""ר (ב- קליטי) | מאתיים ושש (גימטריה)",4,knesset,knesset,13_ptm_532403.docx,clean
kn4-0308,פר״ח,"בפרויקט פר""ח מקבל סטודנט מלגה של חצי שכר לימוד בעבור שעות השקעה רבות מעבר לחובת ארבע שעות.",פרויקט חונכות,פרי חדש | פרויקט חונכות | פירש רבנו חננאל | מאתיים ושמונים ושמונה (גימטריה),4,knesset,knesset,13_ptm_532405.docx,clean
kn4-0309,פר״ח,"מלגת פר""ח הניתנת בתמורה לביצוע עבודות חונכות של הסטודנט הינה הכנסה חייבת במס ככל הכנסה אחרת מיגיעה אישית של שכיר או עצמאי.",פרויקט חונכות,פרי חדש | פרויקט חונכות | פירש רבנו חננאל | מאתיים ושמונים ושמונה (גימטריה),4,knesset,knesset,13_ptm_532405.docx,clean
kn4-0310,פר״ח,"בדרך כלל, הסטודנטים המשתתפים בפרויקט פר""ח, אינם מגיעים לסף המס, ולכן בפועל אינם משלמים מס על הכנסתם זו.",פרויקט חונכות,פרי חדש | פרויקט חונכות | פירש רבנו חננאל | מאתיים ושמונים ושמונה (גימטריה),4,knesset,knesset,13_ptm_532405.docx,clean
kn4-0311,פר״ח,"אין באפשרות משרד האוצר לכמת את המס הנגבה מהכנסת הסטודנטים המשתתפים בפרויקט, אולם, מאחר שבפועל מרבית הסטודנטים אינם ממוסים על הכנסתם ממלגת פר""ח, אין חשש שתשלום המס יפגע בפרויקט זה.",פרויקט חונכות,פרי חדש | פרויקט חונכות | פירש רבנו חננאל | מאתיים ושמונים ושמונה (גימטריה),4,knesset,knesset,13_ptm_532405.docx,clean
kn4-0312,רמ״ח,"ממצאי ועדת החקירה הועברו להמשך טיפול רמ""ח רפואה, הממתין לתוצאות נתיחת הגופה.",מספר האיברים בגוף האדם,ראש מחלקה | מספר האיברים בגוף האדם | מאתיים וארבעים ושמונה (גימטריה),3,knesset,knesset,13_ptm_532408.docx,clean
kn4-0313,קמ״ט,"נוסף על האמור לעיל נמצאות בבדיקה ובטיפול של הוועדה הרפואית שהוקמה לצורך העניין על-ידי המינהל האזרחי (בראשות קמ""ט בריאות) 36 בקשות נוספות.",קצין מטה,קצין מטה | קורס מפקדי טנקים | קצין מיון טרומי | מאה וארבעים ותשע (גימטריה),4,knesset,knesset,13_ptm_532410.docx,clean
kn4-0314,כ״א,"גם אם אנו מתקנים היום את הדירוג לדרגה כ""א, וזה בוודאי יהיה המצב העכשווי, כל אחד יודע כי זוהי דרגה בינונית מאוד בדירוג עובדי המדינה.",(גימטריה) 21,כל אחד | כי אם | כוח אדם | כי אתה | כרטיס אשראי | כיווני אוויר | (גימטריה) 21 | עשרים ואחת (גימטריה),8,knesset,knesset,13_ptm_532410.docx,clean
kn4-0315,כ״ח,"נדמה לי שבספר דברים פרק כ""ח כתוב: וכל המכה שלא כתובה בתורה.",עשרים ושמונה (גימטריה),כהנא חי | כתיב חסר | כדור חוזר | כינוי חבור | עשרים ושמונה (גימטריה),5,knesset,knesset,13_ptm_532411.docx,clean
kn4-0316,ר״מ,"ר""מ בישיבת ""כרם דיבנה"", למד אצלו הרוצח לפני שלוש, ארבע או חמש שנים.",רב המלמד בישיבה,"רבי מאיר | ראש ממשלה | ריש מתיבתא | רב המלמד בישיבה | רַב מורה | מאתיים וארבעים (גימטריה) | רשימת מקבצים (יחידה רישומית צה""לית)",7,knesset,knesset,13_ptm_532411.docx,clean
kn4-0317,סמ״ק,"הרי פחות או יותר יש סדרה של מכוניות שנפח המנוע שלהן 1,600 סמ""ק, אותן מכוניות משפחתיות, ואין הבדל גדול בין מכונית מחברה אחת למכונית מחברה אחרת.",סנטימטר מעוקב,ספר מצוות קטן | סנטימטר מעוקב | מאתיים (גימטריה),3,knesset,knesset,13_ptm_532412.docx,clean
kn4-0318,סמ״ק,"אז יעלה על הדעת שהסוכן של חברה אחת ישלח אותו למכונית 1,600 סמ""ק של החברה המתחרה?",סנטימטר מעוקב,ספר מצוות קטן | סנטימטר מעוקב | מאתיים (גימטריה),3,knesset,knesset,13_ptm_532412.docx,clean
kn4-0319,סמ״ק,"הוא לא ישלח אותו, הוא ימכור לו את המכונית 1,600 סמ""ק שלו.",סנטימטר מעוקב,ספר מצוות קטן | סנטימטר מעוקב | מאתיים (גימטריה),3,knesset,knesset,13_ptm_532412.docx,clean
kn4-0320,ז״ל,"כמה רבנים זומנו לחקירה בעניין פסקי ההלכה שהוציאו נגד יצחק רבין ז""ל? 2.",זכרו לברכה; זכרונו לברכה,זרע לבטלה | זכור לטוב | זכר לחורבן | זכרנו לחיים | זה לשונו | זכר לדבר | זכרו לברכה; זכרונו לברכה | שלושים ושבע (גימטריה),8,knesset,knesset,13_ptm_532414.docx,clean
kn4-0321,ז״ל,"לומר ""בעזרת האל"" זו עצה טובה, שאני השמעתי למר רבין ז""ל, ואני חוזר להציע למר פרס, שייבדל לחיים ארוכים.",זכרו לברכה; זכרונו לברכה,זרע לבטלה | זכור לטוב | זכר לחורבן | זכרנו לחיים | זה לשונו | זכר לדבר | זכרו לברכה; זכרונו לברכה | שלושים ושבע (גימטריה),8,knesset,knesset,13_ptm_532414.docx,clean
kn4-0322,מ״פ,"אדוני סגן השר, השאלה שלי היא כזאת: מ""פ לא קיבל אימון מספיק, והוא עולה על רתק והרתק יורה והורג חייל בלילה, האם זו רשלנות מבצעית?",מפקד פלוגה,מפקד פלוגה | מחנה פליטים | מחשבה פלילית | לשון משלים פועל | מחשבים מגה פיקסל | מתמטיקה מכפלה פנימית | מאה ועשרים (גימטריה),7,knesset,knesset,13_ptm_532415.docx,clean
kn4-0323,מ״פ,"אם יתברר, בדוגמה שאתה נתת, שאותו מ""פ בהכנה לקראת המבצע לא נתן תדריך נכון, לא הכין את כוחותיו כמו שצריך, לא עשה תרגול על מודל, והגיע למצב שאתה אמרת, דברים שהוא לא עשה אותם לפני קרב, אז הוא בא למשפט.",מפקד פלוגה,מפקד פלוגה | מחנה פליטים | מחשבה פלילית | לשון משלים פועל | מחשבים מגה פיקסל | מתמטיקה מכפלה פנימית | מאה ועשרים (גימטריה),7,knesset,knesset,13_ptm_532415.docx,clean
kn4-0324,מ״פ,"לכן הוא השאיר אותם להתאמן, וזה היה לפי החלטת מ""פ שהוא חובש כיפה והוא איש ישיבה.",מפקד פלוגה,מפקד פלוגה | מחנה פליטים | מחשבה פלילית | לשון משלים פועל | מחשבים מגה פיקסל | מתמטיקה מכפלה פנימית | מאה ועשרים (גימטריה),7,knesset,knesset,13_ptm_532415.docx,clean
kn4-0325,ז״ל,"גברתי היושבת-ראש, חברי הכנסת, את הצעת החוק שלי לתיקון חוק היסוד החדש הגשתי זמן קצר אחרי הירצחו של ראש הממשלה יצחק רבין ז""ל.",זכרו לברכה; זכרונו לברכה,זרע לבטלה | זכור לטוב | זכר לחורבן | זכרנו לחיים | זה לשונו | זכר לדבר | זכרו לברכה; זכרונו לברכה | שלושים ושבע (גימטריה),8,knesset,knesset,13_ptm_532416.docx,clean
kn4-0326,ז״ל,"חברי הכנסת, תארו לעצמכם מה היה קורה אילו היה חוק הבחירה הישירה החדש בתוקף בזמן רצח יצחק רבין ז""ל.",זכרו לברכה; זכרונו לברכה,זרע לבטלה | זכור לטוב | זכר לחורבן | זכרנו לחיים | זה לשונו | זכר לדבר | זכרו לברכה; זכרונו לברכה | שלושים ושבע (גימטריה),8,knesset,knesset,13_ptm_532416.docx,clean
kn4-0327,ז״ל,"חברי הכנסת, מישהו מכם יכול בכלל לתאר לעצמו את מדינת ישראל הולכת לבחירות בתוך 60 יום מאז רצח יצחק רבין ז""ל?",זכרו לברכה; זכרונו לברכה,זרע לבטלה | זכור לטוב | זכר לחורבן | זכרנו לחיים | זה לשונו | זכר לדבר | זכרו לברכה; זכרונו לברכה | שלושים ושבע (גימטריה),8,knesset,knesset,13_ptm_532416.docx,clean
kn4-0328,מ״מ,"באורון יורדים מקסימום 100 מ""מ משקעים בשנה, לעומת 400 בדודאים, מה שמאפשר הקטנת הצורך בניקוז למינימום.",מילימטר,מילימטר | ממלא מקום | מכל מקום | מערכות מידע | מפקד מחלקה | מראה מקום | משתנה מקרי | מרחב מטרי | מגיד מישרים | מרחב מכפלה | מערכות מחשב | מגיד משנה | מערך המבצעים המיוחדים | מכונאי מוטס | מקרא מגילה | מרחב מדגם | שמונים (גימטריה) | מעצר מנהלי,18,knesset,knesset,13_ptm_532416.docx,clean
kn4-0329,רמ״ח,"חבר הכנסת מנחם בגין, זיכרונו לברכה, היה יהודי בכל רמ""ח איבריו.",מספר האיברים בגוף האדם,ראש מחלקה | מספר האיברים בגוף האדם | מאתיים וארבעים ושמונה (גימטריה),3,knesset,knesset,13_ptm_532417.docx,clean
kn4-0330,אי״ל,"לפעמים אני לא יודע, בעיקר כשאני רואה תופעות כמו כתבות מבוימות בנוסח אותה כתבה שהביאה את אבישי רביב והפעילות של ארגון אי""ל, אם אתם זוכרים – פעילות כנגד ערבים, איומים ברצח.",ארגון יהודי לוחם,ארגון יהודי לוחם | אגודה ישראלית לסכרת | ארבעים ואחת (גימטריה),3,knesset,knesset,13_ptm_532417.docx,clean
kn4-0331,י״ל,"ומי לא זוכר את הסיפור של י""ל פרץ על בת יהודייה שנאלצת לקפוץ מגג, והמשאלה האחרונה שלה – סיכות להדק את החצאית, כדי ששנייה לפני מותה לא יתגלה בשרה.",יצחק לייבוש,יש להם | יש לומר | יהודה לב | יצחק לייבוש | יראה לי | ארבעים (גימטריה),6,knesset,knesset,13_ptm_532418.docx,clean
kn4-0332,פר״ח,"האם המפה צוירה מתוך מגמה פוליטית של אנשי פר""ח?",פרויקט חונכות,פרי חדש | פרויקט חונכות | פירש רבנו חננאל | מאתיים ושמונים ושמונה (גימטריה),4,knesset,knesset,13_ptm_532427.docx,clean
kn4-0333,פר״ח,"פר""ח הינו ארגון א-פוליטי לחלוטין, ולאנשיו, במסגרת תפקידם, אין כל מגמה פוליטית.",פרויקט חונכות,פרי חדש | פרויקט חונכות | פירש רבנו חננאל | מאתיים ושמונים ושמונה (גימטריה),4,knesset,knesset,13_ptm_532427.docx,clean
kn4-0334,סמ״ק,"צודק חבר הכנסת שגיא, אכן קיימת בעיה של מעורבות גבוהה יחסית של רוכבי אופנועים בתאונות קטלניות, והבעיה מתרכזת בעיקר באופנועים בעלי נפח גבוה, של 250 סמ""ק ומעלה.",סנטימטר מעוקב,ספר מצוות קטן | סנטימטר מעוקב | מאתיים (גימטריה),3,knesset,knesset,13_ptm_532427.docx,clean
kn4-0335,ז״ל,"פעולות אלה נמשכו, ועודן נמשכות, אף שגורמים רבים שאליהם פנה אביו של סרן אלתגר ז""ל קבעו כי החקירה מוצתה.",זכרו לברכה; זכרונו לברכה,זרע לבטלה | זכור לטוב | זכר לחורבן | זכרנו לחיים | זה לשונו | זכר לדבר | זכרו לברכה; זכרונו לברכה | שלושים ושבע (גימטריה),8,knesset,knesset,13_ptm_532427.docx,clean
kn4-0336,ז״ל,"לצערנו, אין בתשובות כאלה או אחרות כדי להביא למר זאב אלתגר, אביו של סרן מירון אלתגר ז""ל, את השלווה שאותה הוא מבקש לעצמו.",זכרו לברכה; זכרונו לברכה,זרע לבטלה | זכור לטוב | זכר לחורבן | זכרנו לחיים | זה לשונו | זכר לדבר | זכרו לברכה; זכרונו לברכה | שלושים ושבע (גימטריה),8,knesset,knesset,13_ptm_532427.docx,clean
kn4-0337,מל״ל,"למשל, לכאורה חקלאי בהוד-השרון, בכפר-מל""ל, קיבל אחוזי בנייה גבוהים יותר ורוצה למכור – –",משה לייב ליליינבלום,המוסד לביטוח לאומי | המטה לביטחון לאומי | משה לייב ליליינבלום | מאה (גימטריה),4,knesset,knesset,13_ptm_532428.docx,clean
kn4-0338,כ״א,"במסכת בבא בתרא, פרק שני, עמוד כ""א, כמה שורות מלמטה מתקיים דיון מעניין: מהו מספר התלמידים בכיתה.",עשרים ואחת (גימטריה),כל אחד | כי אם | כוח אדם | כי אתה | כרטיס אשראי | כיווני אוויר | (גימטריה) 21 | עשרים ואחת (גימטריה),8,knesset,knesset,13_ptm_532429.docx,clean
kn4-0339,אש״ל,"כשאתה אומר לי אש""ל ומימון של שני אנשים, לי זה לא אומר שום דבר, אני חושב שגם לאף אחד אחר זה לא היה אומר דבר.",אכילה שתיה לינה,אין שומעין לו | איפה שלמה | אכילה שתיה לינה | שלוש מאות ושלושים ואחת (גימטריה),4,knesset,knesset,13_ptm_532431.docx,clean
kn4-0340,ת״ק,"חברי הכנסת, כל הארץ היתה צריכה להזדעזע ת""ק פרסה על ת""ק פרסה כאשר מי שממונה על המשפט ברשות הפלשתינית השווה את מדינת ישראל, ביחסה לפלשתינים, לנאצים, יימח שמם, ביחסם ליהודים.",חמש מאות (גימטריה),תנא קמא | תביעות קטנות | חמש מאות (גימטריה),3,knesset,knesset,13_ptm_532431.docx,clean
kn4-0341,ת״ק,"אם צריך להשמיץ את התנועה הקיבוצית, גם אם העובדות הן שונות לחלוטין, גם אם העובדות רחוקות ממה שנאמר ת""ק פרסה, זה לא משנה.",חמש מאות (גימטריה),תנא קמא | תביעות קטנות | חמש מאות (גימטריה),3,knesset,knesset,13_ptm_532434.docx,clean
kn4-0342,ת״ק,"כל מי שמופיע כאן מול המיקרופון מביע את דעתו, כפי שאתה הבעת את דעתך, שלדעתי היתה רחוקה מהאמת האובייקטיבית ת""ק פרסה.",חמש מאות (גימטריה),תנא קמא | תביעות קטנות | חמש מאות (גימטריה),3,knesset,knesset,13_ptm_532434.docx,clean
kn4-0343,ש״ג,"אני מבקש, הוא נושא בתפקיד של יושב-ראש הקואליציה, הוא לא יושב כאן על תקן של ש""ג שמסתובב ועושה סדר.",שומר גבול,שומר גבול | שוטר גדודי | שער גבול | תורת הזרימה שכבת גבול | שלוש מאות ושלוש (גימטריה),5,knesset,knesset,13_ptm_532434.docx,clean
kn4-0344,אצ״ל,"אני בית""רי, אני איש אצ""ל, אני עליתי באונייה ""אלטלנה"", והייתי חבר מפקדה בכיר ב""אלטלנה"".",ארגון צבאי לאומי,ארגון צבאי לאומי | אין צריך לומר | מאה ועשרים ואחת (גימטריה),3,knesset,knesset,13_ptm_532434.docx,clean
kn4-0345,כ״ח,"אברהם שמע, ממושב גבעת-כ""ח, משק מס' 56, מה הוא כותב לי?",עשרים ושמונה (גימטריה),כהנא חי | כתיב חסר | כדור חוזר | כינוי חבור | עשרים ושמונה (גימטריה),5,knesset,knesset,13_ptm_532434.docx,clean
kn4-0346,ס״מ,"הגובה שלי, 196 ס""מ, מספיק כדי להקנות לי גם כן יתרון מסוים.",סנטימטר,סנטימטר | סגן מפקד | סמאל | סטרא דמסאבותא | מאה (גימטריה),5,knesset,knesset,13_ptm_532434.docx,clean
kn4-0347,ע״פ,"הגברת ע""פ מועסקת על-ידי הבנק הערבי-ישראלי.",ראשי תיבות שם פרטי ומשפחה (זהות חסויה),על פי | על פניו | על פה | ערעור פלילי | עושה פסים (=סרגל) | מאה וחמישים (גימטריה) | ראשי תיבות שם פרטי ומשפחה (זהות חסויה),7,knesset,knesset,13_ptm_532438.docx,clean
kn4-0348,ע״פ,"הגברת ע""פ לא פנתה בבקשה לקבלת קביעות, עקב אי-הכרת ההסכם, ובהנחייתי, לאחר שאתה הגשת את השאילתא, החלה הממונה המחוזית על יחסי עבודה במחוז הצפון לטפל במתן קביעות עבורה.",ראשי תיבות שם פרטי ומשפחה (זהות חסויה),על פי | על פניו | על פה | ערעור פלילי | עושה פסים (=סרגל) | מאה וחמישים (גימטריה) | ראשי תיבות שם פרטי ומשפחה (זהות חסויה),7,knesset,knesset,13_ptm_532438.docx,clean
kn4-0349,מ״ג,"מר מ""ג עבד במשרד הבינוי והשיכון כעובד זמני במסגרת חברת כוח אדם.",ראשי תיבות שם פרטי ומשפחה (זהות חסויה),"מפקד גף | מילת־גוף | מיליגרם (אלפית הגרם) | ארבעים ושלוש (גימטריה) | ראשי תיבות שם פרטי ומשפחה (זהות חסויה) | מקלע מא""ג (שיבוש כתיב)",6,knesset,knesset,13_ptm_532438.docx,human_review
kn4-0350,ח״ן,"יש דעה בצבא, שבזמנו, וגם היום אני תומך בה – שהבנות והבנים יכולים לנהוג בשוויון בדאגה זה לזה, ולכן המושג של קצינת ח""ן, שתפקידה לדאוג רק לנשים, הוא תפקיד שראוי לבחינה.",חיל נשים,חיים נחמן (ביאליק) | חיל נשים | חכמת הנסתר | חשבון נייר (ח-ן) | חמישים ושמונה (גימטריה),5,knesset,knesset,13_ptm_532438.docx,clean
kn4-0351,ח״ן,"הדברים חוזרים על עצמם כל הזמן מצד קצינות ח""ן לשעבר, אנשים בכירים בתוך המערכת הצבאית, בשמם ולא אנונימית.",חיל נשים,חיים נחמן (ביאליק) | חיל נשים | חכמת הנסתר | חשבון נייר (ח-ן) | חמישים ושמונה (גימטריה),5,knesset,knesset,13_ptm_532438.docx,clean
kn4-0352,מ״ז,"עניין זה נדון לאחרונה בבית-המשפט העליון, בערעור אזרחי, 3449/90, קצין התגמולים נגד מוחמד, פסקי-דין מ""ז 84–2.",ארבעים ושבע (גימטריה),מין זכר | מספר זנב | ארבעים ושבע (גימטריה),3,knesset,knesset,13_ptm_532439.docx,clean
kn4-0353,א״ב,"ממנה יצאו פרופסור עדי צמח, א""ב יהושע ואחרים, שדיברו על מלחמת אזרחים.",אברהם בולי (א.ב. יהושע),ארצות הברית | אדר ב' | ארוחת בוקר | אלף-בית | אין ביכולתו | אתה בחרתנו | אבן בוחן | אמרי בינה | אנשי ביתו | איסור בישול | איסור בנייה | אמת בניין | איתור בית | אישור בחירות | איכא ביניהו (יש ביניהם | אין בו; אין בה | אין ברֵרה | שלוש (גימטריה) | אברהם בולי (א.ב. יהושע),19,knesset,knesset,13_ptm_532439.docx,clean
kn4-0354,רמ״ח,"לפיכך אני מבקש להעביר את הנושא כולו, לא רק את הנושא שהציג חבר הכנסת המלומד, שהוא חקלאי במלוא רמ""ח איבריו, לוועדת הכספים.",מספר האיברים בגוף האדם,ראש מחלקה | מספר האיברים בגוף האדם | מאתיים וארבעים ושמונה (גימטריה),3,knesset,knesset,13_ptm_532439.docx,clean
kn4-0355,ח״ן,"ליודעי ח""ן שמבינים בבוטניקה – עץ הזית אינו סובל הרכבה, כל שתיל שתשתול בעץ הזית יידחה כנטע זר.",חכמת הנסתר,חיים נחמן (ביאליק) | חיל נשים | חכמת הנסתר | חשבון נייר (ח-ן) | חמישים ושמונה (גימטריה),5,knesset,knesset,13_ptm_532440.docx,clean
kn4-0356,כ״ז,"""ודמות החיות מראיהם כגחלי אש בערות כמראה הלפדים""; ואני מדלג לפסוק כ""ז: ""וארא כעין חשמל כמראה אש בית-לה סביב"" וכו'.",עשרים ושבע (גימטריה),כל זאת | כל זמן | עשרים ושבע (גימטריה),3,knesset,knesset,13_ptm_532442.docx,clean
kn4-0357,אי״ל,"ידוע שהוא הושתל בתנועת אי""ל, וידוע שהוא הלך עם התמונה הזאת של ראש הממשלה עם בגדי אס.",ארגון יהודי לוחם,ארגון יהודי לוחם | אגודה ישראלית לסכרת | ארבעים ואחת (גימטריה),3,knesset,knesset,13_ptm_532444.docx,clean
kn4-0358,סמ״ר,"אדוני היושב-ראש, חברי הכנסת, ייתכן שחייל גולני, סמ""ר מאירי, יוקע כמי שקלקל את התסריט שעליו עמלו יחצ""ני מערכת הבחירות של הליכוד.",סמל ראשון,סמל ראשון | ספינת משמר | סנטימטר רבוע | שלוש מאות (גימטריה),4,knesset,knesset,13_ptm_532446.docx,clean
kn4-0359,צח״מ,"וגם במקרה זה אני רוצה להתחיל בציטוט מדוח צח""מ, מרחב דן, שהובא אלי היום, על תיק פלילי 1414/96, של תחנת הרצלייה.",צוות חקירה מיוחד,צוות חקירה מיוחד | צריכת חמצן מרבית | צוות חטיבתי משוריין | מאה ושלושים ושמונה (גימטריה),4,knesset,knesset,13_ptm_532446.docx,clean
kn4-0360,בד״ר,"אנחנו מתחשבים בד""ר ברובנדר כמומחה לענייני חשמל, יש לו בוודאי ניסיון יותר גדול מאשר לחבר הכנסת דן תיכון.","ד""ר (ב- קליטי)","בית דין רבני | בן דב רפפורט | ד""ר (ב- קליטי) | מאתיים ושש (גימטריה)",4,knesset,knesset,13_ptm_532447.docx,clean
kn4-0361,כ״ז,"גברתי היושבת-ראש, חברי הכנסת, ב-1951 החליטה הכנסת שיום כ""ז בניסן יוכרז כיום הזיכרון לשואה ולמרד הגטאות.",עשרים ושבע (גימטריה),כל זאת | כל זמן | עשרים ושבע (גימטריה),3,knesset,knesset,14_ptm_532450.docx,clean
kn4-0362,מ״ס,"מקום התעסוקה המוגן שבו שוהה מ""ס מספק לחוסים תעסוקה במגוון תחומים.",ראשי תיבות שם פרטי ומשפחה (זהות חסויה),מועדון ספורט | מהירות סגירה | מאה (גימטריה) | ראשי תיבות שם פרטי ומשפחה (זהות חסויה),4,knesset,knesset,14_ptm_532456.docx,clean
kn4-0363,מ״ס,"כן נמסר, כי הופעלה עבור החניך מ""ס תוכנית השמה אישית בתעסוקה – שילוב חלקי בחנות.",ראשי תיבות שם פרטי ומשפחה (זהות חסויה),מועדון ספורט | מהירות סגירה | מאה (גימטריה) | ראשי תיבות שם פרטי ומשפחה (זהות חסויה),4,knesset,knesset,14_ptm_532456.docx,clean
kn4-0364,ס״מ,"בינתיים, אחרי שבועיים, נעשו הסימונים, אבל עכשיו השוליים הם בגובה 30-20 ס""מ.",סנטימטר,סנטימטר | סגן מפקד | סמאל | סטרא דמסאבותא | מאה (גימטריה),5,knesset,knesset,14_ptm_532461.docx,clean
kn4-0365,אח״ם,"הרי לא ייתכן שאדם אומר במפורש שהאנשים האלה דינם מוות – ואפילו סוחרים ברמלה ובלוד – והוא יסתובב כשיש תעודת אח""ם בכיסו, איש חשוב מאוד מטעם מדינת ישראל.",אישיות חשובה מאוד,אגף החקירות והמודיעין | אישיות חשובה מאוד | ארבעים ותשע (גימטריה),3,knesset,knesset,14_ptm_532462.docx,clean
kn4-0366,אח״ם,"ואותם אנשים מסתובבים בינינו מכובדים, עם תעודת אח""ם, בכל מקום ומקום ועוברים עבירות פליליות על-פי החוק הישראלי, הן באיום ברצח והן בשליחת מרצחים, אבל הם מסתובבים עם תעודת אח""ם כזאת בכבוד רב.",אישיות חשובה מאוד,אגף החקירות והמודיעין | אישיות חשובה מאוד | ארבעים ותשע (גימטריה),3,knesset,knesset,14_ptm_532462.docx,clean
kn4-0367,כ״ז,"הישיבה הבאה תיפתח מחר, יום שלישי, כ""ז באייר, 3 ביוני, בשעה 16:00.",עשרים ושבע (גימטריה),כל זאת | כל זמן | עשרים ושבע (גימטריה),3,knesset,knesset,14_ptm_532462.docx,clean
kn4-0368,אצ״ל,"ב-6 ביולי 1938 ב-18:00 ירד איש אצ""ל לשוק הערבי בחיפה מחופש לסבל.",ארגון צבאי לאומי,ארגון צבאי לאומי | אין צריך לומר | מאה ועשרים ואחת (גימטריה),3,knesset,knesset,14_ptm_532469.docx,clean
kn4-0369,מל״ט,"הפרויקטים שבוצעו עד כה באמצעות מל""ט חולון יוצאים בימים אלה למכרז, כפי שהתבקש המשרד.",מרכז ללימודים טכנולוגיים,מטוס ללא טייס | מיגו לחצי טענה | שבעים ותשע (גימטריה) | מרכז ללימודים טכנולוגיים,4,knesset,knesset,14_ptm_532472.docx,clean
kn4-0370,דפ״ר,"סגן השר בניזרי ישכיל אותנו בענייני היפר-אקטיביות, עירנות, הקשבה, כושר תפיסה, דפ""ר, IQ וכיוצא באלו.",דירוג פסיכוטכני ראשוני,דפוס ראשון | דירוג פסיכוטכני ראשוני | מאתיים ושמונים וארבע (גימטריה),3,knesset,knesset,14_ptm_532472.docx,clean
kn4-0371,ת״ק,"אני חושב שכל המערכת המשפטית והציבורית הזעזעזעה ת""ק על ת""ק פרסה.",חמש מאות (גימטריה),תנא קמא | תביעות קטנות | חמש מאות (גימטריה),3,knesset,knesset,14_ptm_532472.docx,clean
kn4-0372,מ״ג,"לצערי הרב, המחבלים לקחו עמם את הבט""שית, מקלע מ""ג ורובה סער 16-M ונמלטו.","מקלע מא""ג (שיבוש כתיב)","מפקד גף | מילת־גוף | מיליגרם (אלפית הגרם) | ארבעים ושלוש (גימטריה) | ראשי תיבות שם פרטי ומשפחה (זהות חסויה) | מקלע מא""ג (שיבוש כתיב)",6,knesset,knesset,14_ptm_532474.docx,human_review
kn4-0373,אח״ם,"כשקלינטון או כל אח""ם מגיע למדינת ישראל, אתה, בתור תושב ירושלים לשעבר – ואתה נמצא פה הרבה – אתה יודע כמה כבישים נסגרים פה בירושלים, כמה מסלולים.",אישיות חשובה מאוד,אגף החקירות והמודיעין | אישיות חשובה מאוד | ארבעים ותשע (גימטריה),3,knesset,knesset,14_ptm_532474.docx,clean
kn4-0374,רמ״ח,"קרוב לחמישה חודשים מתנהל מאבק, ובעצם פסקה כל פעילות, ושום דבר לא מזיז, לא את שר האוצר ולא את סגן שר החינוך והתרבות, שהיה צריך להיכנס לעניין הזה בכל רמ""ח איבריו.",מספר האיברים בגוף האדם,ראש מחלקה | מספר האיברים בגוף האדם | מאתיים וארבעים ושמונה (גימטריה),3,knesset,knesset,14_ptm_532478.docx,clean
kn4-0375,ל״א,"(לא נקראה, נמסרה לפרוטוקול) מר ל""א לא הציג עד כה למשרד הבריאות שום תעודה המעידה על סיום לימודיו בצרפת, דיפלומה שניתנה לו, ולא כל שכן רשיון לעבוד כרופא בצרפת.",לשון אחר,לוחמה אלקטרונית | לשון אחר | שלושים ואחת (גימטריה),3,knesset,knesset,14_ptm_532479.docx,clean
kn4-0376,מ״מ,"אני אישית, נואף מסאלחה, ביקרתי בו לפני כעשר שנים, כראש משלחת יהודית-ערבית, וראיתי סרט אותנטי שצילם במצלמת 12 מ""מ סרג'נט יהודי בצבא הבריטי, מהמשחררים.",מילימטר,מילימטר | ממלא מקום | מכל מקום | מערכות מידע | מפקד מחלקה | מראה מקום | משתנה מקרי | מרחב מטרי | מגיד מישרים | מרחב מכפלה | מערכות מחשב | מגיד משנה | מערך המבצעים המיוחדים | מכונאי מוטס | מקרא מגילה | מרחב מדגם | שמונים (גימטריה) | מעצר מנהלי,18,knesset,knesset,14_ptm_532482.docx,clean
kn4-0377,ב״א,"כמו שאני מאמין, הם צריכים לתת פתרון להשכלה גבוהה לתואר ב""א, כאשר האוניברסיטאות צריכות לאפשר מחקר ותארים גבוהים יותר.",בּוֹגֵר אוּנִיבֶרְסִיטָה,בן אדם | ב' אֲלָפִים | בּוֹגֵר אוּנִיבֶרְסִיטָה | שלוש (גימטריה),4,knesset,knesset,14_ptm_532486.docx,clean
kn4-0378,פר״ח,"למערכת הסיוע הממלכתית הקיימת בישראל שני אפיקים מרכזיים הרלוונטיים לסטודנטים ערבים: פרויקט חונכות – מלגות פר""ח, והקרן להלוואות לסטודנטים.",פרויקט חונכות,פרי חדש | פרויקט חונכות | פירש רבנו חננאל | מאתיים ושמונים ושמונה (גימטריה),4,knesset,knesset,14_ptm_532486.docx,clean
kn4-0379,פר״ח,"על-פי ההערכה, אחד מכל שני סטודנטים ערבים נהנה ממלגת פר""ח, כאשר בקרב המגזר היהודי היחס הוא בערך אחד לכל שבעה סטודנטים.",פרויקט חונכות,פרי חדש | פרויקט חונכות | פירש רבנו חננאל | מאתיים ושמונים ושמונה (גימטריה),4,knesset,knesset,14_ptm_532486.docx,clean
kn4-0380,ח״ן,"השתתפה אתנו בכל הדיונים גם קצינת ח""ן ראשית, משום שהחוק הזה מתייחס גם לצבא ולשירות הצבאי.",חיל נשים,חיים נחמן (ביאליק) | חיל נשים | חכמת הנסתר | חשבון נייר (ח-ן) | חמישים ושמונה (גימטריה),5,knesset,knesset,14_ptm_532489.docx,clean
kn4-0381,ל״א,"אני חושב שברוב הבתים היהודיים, אפילו בבתים חילוניים, נהנים לקרוא את הזמירות האלה מתוך משלי ל""א.",שלושים ואחת (גימטריה),לוחמה אלקטרונית | לשון אחר | שלושים ואחת (גימטריה),3,knesset,knesset,14_ptm_532489.docx,clean
kn4-0382,הרא״ה,"הוא התחנך בבית-הספר ""יבנה"" ובישיבת כפר-הרא""ה וסיים תואר ראשון באוניברסיטת חיפה.",הרב אברהם יצחק הכהן קוק,הרב אברהם יצחק הכהן קוק | רבי אהרן הלוי | מאתיים ואחת עשרה (גימטריה),3,knesset,knesset,14_ptm_532491.docx,clean
kn4-0383,ת״ק,"יש אצל ראש הממשלה הזה, לצערי הרב, הבדל בין אמר לעשה ת""ק על ת""ק פרסה, וזה מטריד אותי מאוד.",חמש מאות (גימטריה),תנא קמא | תביעות קטנות | חמש מאות (גימטריה),3,knesset,knesset,14_ptm_532491.docx,clean
kn4-0384,מו״מ,"במקום זה אתם מבטלים בהדרגה את הסגר, ממשיכים להיפגש אתם, לנהל אתם מו""מ שכולו מום, ואתה, אדוני ראש הממשלה, מסתגר עם ערפאת לשיחות נפש ומגלה בו ""ידיד ושותף"".",משא ומתן,משא ומתן | מקח וממכר | מרכב ומושב | שמונים ושש (גימטריה),4,knesset,knesset,14_ptm_532492.docx,clean
kn4-0385,שח״ר,"לא קיימות תוכניות פיתוח, שח""ר לא קיים, ועכשיו מוסיפים קיצוץ נוסף, כדי שנוציא לשוק המובטלים מורים רבים מאוד, משום שיש עודף של מורים בבתי-הספר הערביים.",שירותי חינוך ורווחה,שירותי חינוך ורווחה | שיבוץ וחזרה לשירות | תנועה פוליטית שהוקמה בשלהי הכנסת ה-15 | חמש מאות ושמונה (גימטריה),4,knesset,knesset,14_ptm_532495.docx,clean
kn4-0386,מ״מ,"על אחד מזנבות פצצות המרגמה 120 מ""מ היו כתובות אירניות, שמצביעות על המקום שממנו הגיעה התחמושת הזו.",מילימטר,מילימטר | ממלא מקום | מכל מקום | מערכות מידע | מפקד מחלקה | מראה מקום | משתנה מקרי | מרחב מטרי | מגיד מישרים | מרחב מכפלה | מערכות מחשב | מגיד משנה | מערך המבצעים המיוחדים | מכונאי מוטס | מקרא מגילה | מרחב מדגם | שמונים (גימטריה) | מעצר מנהלי,18,knesset,knesset,14_ptm_532499.docx,clean
kn4-0387,מ״ח,"מ""ח שנים, ואיבדנו את המוח והתפתינו לשיטה הנפסדת, ואחת הסיבות המרכזיות למשבר האחרון בממשלה שלנו היא בעטיה ובגללה.",ארבעים ושמונה (גימטריה),מדעי החיים | משפט חוזר | מועצת חכמים | מילת חיבור | ארבעים ושמונה (גימטריה),5,knesset,knesset,14_ptm_532506.docx,clean
kn4-0388,אש״ל,"אף פרוטה אחת לא – לא משכורת ולא אש""ל, אלא רק הוצאת התפעול של המוסד הזה כאן אחת לשבוע או פעמיים בחודש.",אכילה שתיה לינה,אין שומעין לו | איפה שלמה | אכילה שתיה לינה | שלוש מאות ושלושים ואחת (גימטריה),4,knesset,knesset,14_ptm_532506.docx,clean
kn4-0389,ת״פ,"כאן אנחנו עוסקים בתחנה שהיא ת""פ שר הביטחון, ואפשר לקבוע את זה.",תחת פיקוד,תחת פיקוד | תיק פלילי | ארבע מאות ושמונים (גימטריה),3,knesset,knesset,14_ptm_532506.docx,clean
kn4-0390,מ״מ,"כאשר ביקרתי בבית משפחתו הראו לי תעודה שהוא קיבל ממני ב-1993, כאשר היה מ""מ, על הצטיינותו בחיסול חוליית מחבלים, חוליית ""חיזבאללה"".",מפקד מחלקה,מילימטר | ממלא מקום | מכל מקום | מערכות מידע | מפקד מחלקה | מראה מקום | משתנה מקרי | מרחב מטרי | מגיד מישרים | מרחב מכפלה | מערכות מחשב | מגיד משנה | מערך המבצעים המיוחדים | מכונאי מוטס | מקרא מגילה | מרחב מדגם | שמונים (גימטריה) | מעצר מנהלי,18,knesset,knesset,14_ptm_532506.docx,clean
kn4-0391,פר״ח,"57,000 מתנדבים פועלים במסגרת מבצעים חד-פעמיים, כגון פר""ח ואיגרת לזקן בערב ראש השנה, או בעריכת ליל-סדר לזקנים בודדים.",פרויקט חונכות,פרי חדש | פרויקט חונכות | פירש רבנו חננאל | מאתיים ושמונים ושמונה (גימטריה),4,knesset,knesset,14_ptm_532515.docx,clean
kn4-0392,ת״ק,"ממשלה אומללה, ממשלה כושלת, שמכשילה את השלום, מרחיקה אותנו ת""ק פרסה מפתרון מי השופכין.",חמש מאות (גימטריה),תנא קמא | תביעות קטנות | חמש מאות (גימטריה),3,knesset,knesset,14_ptm_532518.docx,clean
kn4-0393,מט״ח,"פעם יספרו על מט""ח חופשי ופעם יספרו על יום גשר נוסף.",מטבע חוץ,מטבע חוץ | מרכז לטכנולוגיה חינוכית | חמישים ושבע (גימטריה),3,knesset,knesset,14_ptm_532520.docx,clean
kn4-0394,אג״ם,"לאלוף גבי אשכנזי, עוזר ראש אג""ם, שבאמת השקיע מאמצים רבים אחרי כל המאבקים שהיו לי בצבא לגבי הנתונים.",אגף המבצעים,"אגף המבצעים | אגף המטה | אגף המטה הכללי | ארבעים וארבע (גימטריה) | אג""ם חקירות (משרד חוקרים פרטי)",5,knesset,knesset,14_ptm_532522.docx,clean
kn4-0395,אח״מ,"תעודות אח""מ לא הוחזרו אף שאנשים הפסיקו למלא תפקידים רשמיים.",אישיות חשובה מאוד,"אחרי מות | אחר מכן | אגף חקירות ומודיעין | אישיות חשובה מאוד | אחר מיתה, אחר מוֹת־ | ארבעים ותשע (גימטריה)",6,knesset,knesset,14_ptm_532523.docx,clean
kn4-0396,ת״פ,"אנחנו לא ת""פ שלה – לא שלה ולא של ראש הממשלה.",תחת פיקוד,תחת פיקוד | תיק פלילי | ארבע מאות ושמונים (גימטריה),3,knesset,knesset,14_ptm_532525.docx,clean
kn4-0397,ח״ן,"במסגרת זו, מחולקת לכל חיילת במסגרת הטירונות איגרת הסברה ובה מפורטות צורות שונות של הטרדה מינית, וכן אפשרויות התלונה העומדות בפניה, לרבות מספר הטלפון של ה""קו החם"" במפקדת קצינת ח""ן ראשית – ראה להלן.",חיל נשים,חיים נחמן (ביאליק) | חיל נשים | חכמת הנסתר | חשבון נייר (ח-ן) | חמישים ושמונה (גימטריה),5,knesset,knesset,14_ptm_532527.docx,clean
kn4-0398,מט״ח,"מעבר לרכש ובנוסף עליו, תוך ניצול מט""ח הסיוע העומד לרשותנו, נרכשו בשנת 1997 1,970 אוהלים נוספים מארצות-הברית.",מטבע חוץ,מטבע חוץ | מרכז לטכנולוגיה חינוכית | חמישים ושבע (גימטריה),3,knesset,knesset,14_ptm_532527.docx,clean
kn4-0399,ב״ש,"כיום מותקנות מערכות מיזוג אוויר בחברות הבאות: ""אגד"" – בכ-93% מצי האוטובוסים; ""דן"" – בכ-70% מצי האוטובוסים; חברת ב""ש –51% מצי האוטובוסים.",באר שבע,באר שבע | בית שאן | בית שמש | בית שמאי | ברוך שמו | שלוש מאות ושתיים (גימטריה),6,knesset,knesset,14_ptm_532533.docx,clean
kn4-0400,א״ב,"הסופר א""ב יהושע כתב, שבעוד חמש-שש שנים תהיה לנו מלחמת אזרחים בינינו וביניכם, ובמלחמה כמו במלחמה.",אברהם בולי (א.ב. יהושע),ארצות הברית | אדר ב' | ארוחת בוקר | אלף-בית | אין ביכולתו | אתה בחרתנו | אבן בוחן | אמרי בינה | אנשי ביתו | איסור בישול | איסור בנייה | אמת בניין | איתור בית | אישור בחירות | איכא ביניהו (יש ביניהם | אין בו; אין בה | אין ברֵרה | שלוש (גימטריה) | אברהם בולי (א.ב. יהושע),19,knesset,knesset,14_ptm_532533.docx,clean
kn4-0401,מד״ר,"אני חושב שהכרזת השביתה מחר כלחץ על חברי כנסת מהלכת אימים על החברה בישראל ושומטת את הכוח המוסרי מד""ר בלשר להטיף לנו מוסר.","ד""ר (מ- קליטי)","מדרש רבה | מדריך ראשי | משוואה דיפרנציאלית רגילה | ד""ר (מ- קליטי) | מאתיים וארבעים וארבע (גימטריה)",5,knesset,knesset,14_ptm_532534.docx,clean
kn4-0402,מד״ר,"זה שומט מד""ר בלשר את הכוח המוסרי להטיף מוסר לנו, כמחוקקים.","ד""ר (מ- קליטי)","מדרש רבה | מדריך ראשי | משוואה דיפרנציאלית רגילה | ד""ר (מ- קליטי) | מאתיים וארבעים וארבע (גימטריה)",5,knesset,knesset,14_ptm_532534.docx,clean
kn4-0403,כ״א,"בספר בראשית פרק כ""א מסופר: ותרא שרה את בן הגר המצרית – – – ותאמר לאברהם: גרש האמה הזאת ואת בנה, כי לא יירש בן האמה הזאת עם בני, עם יצחק.",עשרים ואחת (גימטריה),כל אחד | כי אם | כוח אדם | כי אתה | כרטיס אשראי | כיווני אוויר | (גימטריה) 21 | עשרים ואחת (גימטריה),8,knesset,knesset,14_ptm_532534.docx,clean
kn4-0404,ס״ס,"על-פי הנמסר לנו, הגברת ס""ס לא קיבלה הערות לגבי אורך לבושה, ולא ננקטו שום צעדים נגדה.",ראשי תיבות שם פרטי ומשפחה (זהות חסויה),סוף-סוף | סוף סימן־ | ספק ספיקא | מאה ועשרים (גימטריה) | ראשי תיבות שם פרטי ומשפחה (זהות חסויה),5,knesset,knesset,14_ptm_532535.docx,clean
kn4-0405,בד״ר,"והממונה על ההגבלים העסקיים, בעבודה ראויה לציון – מדובר בד""ר טורבוביץ, הממונה היוצא שעובר לתפקיד אחר – ניסה לפתור את העניין.","ד""ר (ב- קליטי)","בית דין רבני | בן דב רפפורט | ד""ר (ב- קליטי) | מאתיים ושש (גימטריה)",4,knesset,knesset,14_ptm_532536.docx,clean
kn4-0406,מ״מ,"כמות גדולה של משקעים בזמן קצר, כ-100 מ""מ גשם בשש שעות, זו כמות גדולה מאוד, זה 20% מהממוצע השנתי של משקעים בחלק של 1 מ-600 של הזמן.",מילימטר,מילימטר | ממלא מקום | מכל מקום | מערכות מידע | מפקד מחלקה | מראה מקום | משתנה מקרי | מרחב מטרי | מגיד מישרים | מרחב מכפלה | מערכות מחשב | מגיד משנה | מערך המבצעים המיוחדים | מכונאי מוטס | מקרא מגילה | מרחב מדגם | שמונים (גימטריה) | מעצר מנהלי,18,knesset,knesset,14_ptm_532536.docx,clean
kn4-0407,מ״מ,"לא היו נפגעים ולא היה נזק, למעט חדירת כדור 9 מ""מ לבית פלסטיני בקסבה.",מילימטר,מילימטר | ממלא מקום | מכל מקום | מערכות מידע | מפקד מחלקה | מראה מקום | משתנה מקרי | מרחב מטרי | מגיד מישרים | מרחב מכפלה | מערכות מחשב | מגיד משנה | מערך המבצעים המיוחדים | מכונאי מוטס | מקרא מגילה | מרחב מדגם | שמונים (גימטריה) | מעצר מנהלי,18,knesset,knesset,14_ptm_532538.docx,clean
kn4-0408,כ״א,"אדוני היושב-ראש, בתאריך כ""א חשוון, 3 בנובמבר 1996, נערכה הפגנה ברשיון – אני מציין, ברשיון – בכיכר ספרא מול בניין העירייה.",עשרים ואחת (גימטריה),כל אחד | כי אם | כוח אדם | כי אתה | כרטיס אשראי | כיווני אוויר | (גימטריה) 21 | עשרים ואחת (גימטריה),8,knesset,knesset,14_ptm_532539.docx,clean
kn4-0409,מ״ב,"לאור האמור, יוכל מר מ""ב להיבחן מחדש כעבור חמש שנים ממועד המבחן השלישי שערך במכון.",ארבעים ושתיים (גימטריה),משנה ברורה | מתן בסתר | מהרה בימינו | ארבעים ושתיים (גימטריה),4,knesset,knesset,14_ptm_532541.docx,clean
kn4-0410,י״ח,"משרד הבינוי והשיכון פנה לפני חודש – י""ח בסיוון, 22 ביולי – למשרד האוצר בבקשה להגדיל לאלתר את הסיוע לקבוצות חלשות במיוחד, תוך שימוש בעודפים צפויים בתקציב הסיוע.",שמונה עשרה (גימטריה),יוסף חיים | יודעי חן | שמונה עשרה (גימטריה),3,knesset,knesset,14_ptm_532541.docx,clean
kn4-0411,אש״ל,"הוא מקבל תוספות עבור רכב ועבור אש""ל, אשר משום-מה נשים אפילו במשרות בכירות בשירות המדינה אינן מקבלות.",אכילה שתיה לינה,אין שומעין לו | איפה שלמה | אכילה שתיה לינה | שלוש מאות ושלושים ואחת (גימטריה),4,knesset,knesset,14_ptm_532542.docx,clean
kn4-0412,רמ״ח,"כאדם פטריוט בכל רמ""ח איבריו, כמי ששירת את המדינה ודואג לעתידה, אני מאוד חושש, שמה שקרה לנו בדרך, בשלושת החודשים האחרונים, זו תאונה מאוד קשה.",מספר האיברים בגוף האדם,ראש מחלקה | מספר האיברים בגוף האדם | מאתיים וארבעים ושמונה (גימטריה),3,knesset,knesset,14_ptm_532542.docx,clean
kn4-0413,ח״ן,"זה היה ליודעי ח""ן, ואני מתנצלת בפני כל הציבור שלא הבין על מה אני מדברת במשפט האחרון שלי.",חכמת הנסתר,חיים נחמן (ביאליק) | חיל נשים | חכמת הנסתר | חשבון נייר (ח-ן) | חמישים ושמונה (גימטריה),5,knesset,knesset,14_ptm_532549.docx,clean
kn4-0414,מ״ק,"ההפחתה גרמה לעודפי ביקוש רבים, אשר חייבו מהילת כ-20 מיליון מ""ק מים שפירים במפעל, וכן לגירעונות הידרולוגיים.",מטר מעוקב,מספר קטן | מטר מעוקב | מרכז קהילתי | מועד קטן | מכשיר קשר | מרא קמא | מחנה קבע | מילת קריאה | מלכין קדמאין | משמע קצת | מאה וארבעים (גימטריה),11,knesset,knesset,14_ptm_532549.docx,clean
kn4-0415,בד״ר,"נדמה לי שאין שום סיבה בעולם לזלזל בד""ר דהאן, לזלזל במכון ירושלים לחקר ישראל וגם לזלזל במגמה שהובילה לממצאים הללו.","ד""ר (ב- קליטי)","בית דין רבני | בן דב רפפורט | ד""ר (ב- קליטי) | מאתיים ושש (גימטריה)",4,knesset,knesset,14_ptm_532549.docx,clean
kn4-0416,אי״ל,"כשערבי הרג ערבי בחלחול, הוא ישר שומע בחדשות שארגון אי""ל לוקח אחריות.",ארגון יהודי לוחם,ארגון יהודי לוחם | אגודה ישראלית לסכרת | ארבעים ואחת (גימטריה),3,knesset,knesset,14_ptm_532552.docx,clean
kn4-0417,כ״ז,"חברי הכנסת, על-פי הקבוע בחוק יום הזיכרון לשואה ולגבורה, חל יום הזיכרון ביום כ""ז בניסן.",עשרים ושבע (גימטריה),כל זאת | כל זמן | עשרים ושבע (גימטריה),3,knesset,knesset,14_ptm_532553.docx,clean
kn4-0418,כ״ח,"כדי שלא לגרום לחילול שבת וכדי לציין באורח ממלכתי ומכובד את יום הזיכרון לשואה ולגבורה, הציעה הממשלה, כהוראת שעה, כי יום הזיכרון יידחה ביום אחד והוא יקוים השנה ביום שני בשבוע, כ""ח בניסן.",עשרים ושמונה (גימטריה),כהנא חי | כתיב חסר | כדור חוזר | כינוי חבור | עשרים ושמונה (גימטריה),5,knesset,knesset,14_ptm_532553.docx,clean
kn4-0419,כ״ח,"אי-לכך החליטה הוועדה לחוקק חוק כהוראת קבע – הוראת קבע ולא כהוראת שעה בלבד, כך שבכל שנה שבה יחול יום הזיכרון לשואה ולגבורה ביום ראשון בשבוע, הוא יידחה ליום שני בשבוע ויחול ביום כ""ח בניסן.",עשרים ושמונה (גימטריה),כהנא חי | כתיב חסר | כדור חוזר | כינוי חבור | עשרים ושמונה (גימטריה),5,knesset,knesset,14_ptm_532553.docx,clean
kn4-0420,מ״ע,"נעיר עוד, כי שתי החיילות עברו לשרת בבסיס אחר, על-פי בקשתן שקדמה להחלטת הוועדה לאי-התרת התחייבות מ""ע, ולא כאמור בכתבה – כאילו נבעה העברתן לבסיס אחר מהחלטת הוועדה כאמור.",התחייבות תמורת מענק עידוד,מצות עשה | מנוחתו עדן | מאה ועשר (גימטריה) | ראשי תיבות שם פרטי ומשפחה (זהות חסויה) | התחייבות תמורת מענק עידוד,5,knesset,knesset,14_ptm_532553.docx,human_review
kn4-0421,הרא״ה,"יליד חיפה, תלמיד בבית-הספר ""יבנה"" וחניך ישיבת ""בני עקיבא"" בכפר-הרא""ה.",הרב אברהם יצחק הכהן קוק,הרב אברהם יצחק הכהן קוק | רבי אהרן הלוי | מאתיים ואחת עשרה (גימטריה),3,knesset,knesset,14_ptm_532555.docx,clean
kn4-0422,רמ״ח,"הוא עבר לבאר-שבע להיות ראש עיר, אבל הוא היה ירושלמי בכל רמ""ח איבריו.",מספר האיברים בגוף האדם,ראש מחלקה | מספר האיברים בגוף האדם | מאתיים וארבעים ושמונה (גימטריה),3,knesset,knesset,14_ptm_532555.docx,clean
kn4-0423,אצ״ל,"גם אנשי אצ""ל היו בצי, גם אנשי אצ""ל היו לוחמים.",ארגון צבאי לאומי,ארגון צבאי לאומי | אין צריך לומר | מאה ועשרים ואחת (גימטריה),3,knesset,knesset,14_ptm_532559.docx,clean
kn4-0424,פו״ם,"יושבים כאן ביציע האורחים אנשי פו""ם של המשטרה, והם רואים מה שקורה בכבישי הארץ.",פיקוד ומטה,פיקוד ומטה | פוליטיקה וממשל | המכללה הבין זרועית לפיקוד ולמטה | פלוגות מיוחדות | מאה ועשרים ושש (גימטריה),5,knesset,knesset,14_ptm_532563.docx,clean
kn4-0425,מד״ר,"מה שקרה הוא, שבסופו של דבר חלק מהמסקנות הן מסקנות לא ברורות ולא חד-משמעיות, וזה היה ברור מאליו, כי הבנתי מד""ר צמרת שהוא עשה מאמצים גדולים להגיע להסכמות, וההסכמות חייבו טשטוש מסקנות מסוימות.","ד""ר (מ- קליטי)","מדרש רבה | מדריך ראשי | משוואה דיפרנציאלית רגילה | ד""ר (מ- קליטי) | מאתיים וארבעים וארבע (גימטריה)",5,knesset,knesset,14_ptm_532563.docx,clean
kn4-0426,ס״מ,"התאונה התרחשה כאשר הילד שיחק במתקן שגובהו 30 ס""מ מעל הקרקע, ותוך כדי משחק נפל מהמתקן ונפגע.",סנטימטר,סנטימטר | סגן מפקד | סמאל | סטרא דמסאבותא | מאה (גימטריה),5,knesset,knesset,14_ptm_532563.docx,clean
kn4-0427,פ״ד,"אני שאלתי את השאלה השנייה משום שכאן יש לי ביד, כך אמרתי, פ""ד/2358 – – –",פסק(י) דין,פרק רביעי | פסק(י) דין | שמונים וארבע (גימטריה),3,knesset,knesset,14_ptm_532565.docx,clean
kn4-0428,רמ״ח,"שאלתי את אחד מחברי, ברוח הדברים שאתה שואל, ולא מעל במת הכנסת, והוא איש הגון וישר, איש מפלגת העבודה בכל רמ""ח איבריו, ואין שום סיכוי בעולם שאשכנע אותו להצביע אחרת: תראה מה הדברים.",מספר האיברים בגוף האדם,ראש מחלקה | מספר האיברים בגוף האדם | מאתיים וארבעים ושמונה (גימטריה),3,knesset,knesset,14_ptm_532568.docx,clean
kn4-0429,סמ״ר,"""באתי לתת למולדת את המירב"" – נימק סמ""ר גיא גולן, זיכרונו לברכה, את בקשתו בשאלון הקבלה לשייטת.",סמל ראשון,סמל ראשון | ספינת משמר | סנטימטר רבוע | שלוש מאות (גימטריה),4,knesset,knesset,14_ptm_532572.docx,clean
kn4-0430,מב״ר,"אדוני סגן השר, הגשתי את השאילתא לא בשביל להביע משאלת-לב, אלא כדי שמשרד החינוך יאמר מה עמדתו לגבי מב""ר, ואם הוא הולך לתגבר את התוכנית הזו.",מסלול בגרויות רגיל,משרד הבריאות | מסלול בגרויות רגיל | מפגר בעל רצון | מאתיים וארבעים ושתיים (גימטריה),4,knesset,knesset,14_ptm_532574.docx,clean
kn4-0431,מב״ר,"ובכן, אני לא יכול לתת לך, חבר הכנסת אפי אושעיה, שבועה, שתוכנית מב""ר לא תקוצץ.",מסלול בגרויות רגיל,משרד הבריאות | מסלול בגרויות רגיל | מפגר בעל רצון | מאתיים וארבעים ושתיים (גימטריה),4,knesset,knesset,14_ptm_532574.docx,clean
kn4-0432,מב״ר,"מה ייעשה כדי להבטיח שגם התלמידים לקויי הלמידה ימשיכו ליהנות מתוכנית מב""ר?",מסלול בגרויות רגיל,משרד הבריאות | מסלול בגרויות רגיל | מפגר בעל רצון | מאתיים וארבעים ושתיים (גימטריה),4,knesset,knesset,14_ptm_532576.docx,clean
kn4-0433,מב״ר,"תלמידי מב""ר, אף שהם תלמידים אינטרנים, זכאים להיבחן במועד חורף.",מסלול בגרויות רגיל,משרד הבריאות | מסלול בגרויות רגיל | מפגר בעל רצון | מאתיים וארבעים ושתיים (גימטריה),4,knesset,knesset,14_ptm_532576.docx,clean
kn4-0434,מב״ר,"נקבע מראש, כי תלמידי מב""ר, הזקוקים להקלות ממשיות – בחינה בעל-פה ושאלון בית-ספרי – לא ייבחנו במועד החורף, כיוון שזהו מועד מצומצם, והמשרד אינו ערוך מבחינה מינהלית לתת שירותים אלה.",מסלול בגרויות רגיל,משרד הבריאות | מסלול בגרויות רגיל | מפגר בעל רצון | מאתיים וארבעים ושתיים (גימטריה),4,knesset,knesset,14_ptm_532576.docx,clean
kn4-0435,מב״ר,"גם אני טיפלתי ביותר מפנייה אחת של תלמידי מב""ר, שפנו אלי באשר לבחינות.",מסלול בגרויות רגיל,משרד הבריאות | מסלול בגרויות רגיל | מפגר בעל רצון | מאתיים וארבעים ושתיים (גימטריה),4,knesset,knesset,14_ptm_532576.docx,clean
kn4-0436,מ״פ,"זה מה שהתרחש בחטיבת גולני, בפלוגה המסוימת, כאשר מ""פ החליט בראשית דרכו, שהוא רוצה להכניס אמות מידה ונורמות משמעתיות מאוד מאוד רציניות בתוך הפלוגה.",מפקד פלוגה,מפקד פלוגה | מחנה פליטים | מחשבה פלילית | לשון משלים פועל | מחשבים מגה פיקסל | מתמטיקה מכפלה פנימית | מאה ועשרים (גימטריה),7,knesset,knesset,14_ptm_532576.docx,clean
kn4-0437,מ״פ,"אם יש לנו צבא שבו קצין בדרגת מ""פ, ודאי קצינים שהם מ""מים, לא יכולים להשתית משמעת בתוך פלוגה, כי יש מגילת זכויות הוותיקים שאסור לפגוע בה, חלילה.",מפקד פלוגה,מפקד פלוגה | מחנה פליטים | מחשבה פלילית | לשון משלים פועל | מחשבים מגה פיקסל | מתמטיקה מכפלה פנימית | מאה ועשרים (גימטריה),7,knesset,knesset,14_ptm_532576.docx,clean
kn4-0438,כ״א,"תשובה על שאלה זו מפורטת בתקנות סדרי פיקוח, פרק כ""א, סעיף 13. 2.",עשרים ואחת (גימטריה),כל אחד | כי אם | כוח אדם | כי אתה | כרטיס אשראי | כיווני אוויר | (גימטריה) 21 | עשרים ואחת (גימטריה),8,knesset,knesset,14_ptm_532579.docx,clean
kn4-0439,ת״פ,"אני מציעה אותן יחידות סיוע, על דעתו של שר העבודה והרווחה אלי ישי ובתמיכתו המוחלטת, היחידות האלה נמצאות בפיקוחו והן ת""פ שלו, להקים את יחידות הסיוע האלה בבתי-הדין הדתיים.",תחת פיקוד,תחת פיקוד | תיק פלילי | ארבע מאות ושמונים (גימטריה),3,knesset,knesset,14_ptm_532584.docx,clean
kn4-0440,מ״פ,"אני חושב שהתחלתי בכך שאמרתי, שהמפקדים עצמם ציינו בפני היום, שהיה כשל מנהיגותי והתנהגות אולי לא מספיק בוגרת ונכונה בשלבים הראשונים של מ""פ צעיר שנכנס לפלוגה ותיקה.",מפקד פלוגה,מפקד פלוגה | מחנה פליטים | מחשבה פלילית | לשון משלים פועל | מחשבים מגה פיקסל | מתמטיקה מכפלה פנימית | מאה ועשרים (גימטריה),7,knesset,knesset,14_ptm_532584.docx,clean
kn4-0441,הרא״ה,"כמו כן, כביש עכו–נהריה, ומאזור צומת כפר-הרא""ה לפרדיס.",הרב אברהם יצחק הכהן קוק,הרב אברהם יצחק הכהן קוק | רבי אהרן הלוי | מאתיים ואחת עשרה (גימטריה),3,knesset,knesset,14_ptm_532585.docx,clean
kn4-0442,מל״ל,"אז אני למשל, כאשר הגעתי לארץ-ישראל בראשית דצמבר 1947, הייתי אז ילד קטן, ידעתי שיש קיבוץ תל-יצחק, זה לא רחוק מאוד מכפר-מל""ל, ומניצנים, ואושה, כי זה היה של הנוער הציוני.",משה לייב ליליינבלום,המוסד לביטוח לאומי | המטה לביטחון לאומי | משה לייב ליליינבלום | מאה (גימטריה),4,knesset,knesset,14_ptm_532589.docx,clean
kn4-0443,מל״ל,"לאושרי, כאשר הגענו למחנה המיון בכפר-סבא, קרוב עוד יותר לכפר-מל""ל, היה שם מוסד ""אונים"".",משה לייב ליליינבלום,המוסד לביטוח לאומי | המטה לביטחון לאומי | משה לייב ליליינבלום | מאה (גימטריה),4,knesset,knesset,14_ptm_532589.docx,clean
kn4-0444,איו״ש,"חלקם אזרחים ישראלים וחלקם תיירים, תושבי חוץ, ערביי שטחי איו""ש, עזה וסיני (מלפני החזרת השטח למצרים).",אזור יהודה ושומרון,אזור יהודה ושומרון | אריכות ימים ושנים | שלוש מאות ושבע עשרה (גימטריה),3,knesset,knesset,14_ptm_532591.docx,clean
kn4-0445,ד״ש,"אבל, האם גם חבר הכנסת אמנון רובינשטיין מנסה להחזיר אותנו לימי ד""ש העליזים, לתקופת שינוי?",תנועה דמוקרטית לשינוי,דו-שנתי | דרישת שלום | דוד שמש | דיני שמים | דו-שבעון | תנועה דמוקרטית לשינוי | שלוש מאות וארבע (גימטריה),7,knesset,knesset,14_ptm_532594.docx,clean
kn4-0446,אש״ל,"אשר להוצאות אש""ל, התשובה מתייחסת לתקופה שבין 19 ביולי 1996 ל-24 באוגוסט 1996, והסכום הממוצע הוא כ-20,000 שקל לשבת.",אכילה שתיה לינה,אין שומעין לו | איפה שלמה | אכילה שתיה לינה | שלוש מאות ושלושים ואחת (גימטריה),4,knesset,knesset,14_ptm_532604.docx,clean
kn4-0447,כ״ח,"ביום שני, כ""ח בכסליו, פורסמה ב""ידיעות אחרונות"" רשימה, שמצטטת בעצם את ה""טיים"" שמדווח על טילי ""לאו"", טילי ""טאו"" וטילים אחרים, שערפאת אוגר ברשות הפלשתינית.",עשרים ושמונה (גימטריה),כהנא חי | כתיב חסר | כדור חוזר | כינוי חבור | עשרים ושמונה (גימטריה),5,knesset,knesset,14_ptm_532604.docx,clean
kn4-0448,מ״מ,"לכן, אתה היום בעצם מ""מ-מ""מ, כלומר ממלא-מקום של ממלא-מקום, כי אני מבין שהיושב-ראש הוא ממלא-מקום של הנשיא.",ממלא מקום,מילימטר | ממלא מקום | מכל מקום | מערכות מידע | מפקד מחלקה | מראה מקום | משתנה מקרי | מרחב מטרי | מגיד מישרים | מרחב מכפלה | מערכות מחשב | מגיד משנה | מערך המבצעים המיוחדים | מכונאי מוטס | מקרא מגילה | מרחב מדגם | שמונים (גימטריה) | מעצר מנהלי,18,knesset,knesset,14_ptm_532610.docx,clean
kn4-0449,מט״ח,"בשנתיים הראשונות הגבילה ממשלת ארצות-הברית את השימוש בערבויות לצורכי התקציב בסכום של 600 מיליון דולר, כשהיתרה הופנתה לשימוש הסקטור העסקי או לגיבוי יתרות מט""ח בבנק ישראל.",מטבע חוץ,מטבע חוץ | מרכז לטכנולוגיה חינוכית | חמישים ושבע (גימטריה),3,knesset,knesset,14_ptm_532611.docx,clean
kn4-0450,כ״ח,"אחד מהם, מאיר משולם, ממושב גבעת-כ""ח, אדם מוכר לך, הפנה את תשומת לבי להיקף המעיק של הבעייתיות הזאת כלפי מאות משפחות, אולי יותר.",עשרים ושמונה (גימטריה),כהנא חי | כתיב חסר | כדור חוזר | כינוי חבור | עשרים ושמונה (גימטריה),5,knesset,knesset,14_ptm_532611.docx,clean
kn4-0451,מל״ל,"השר השיב גם בשם משה לייב ליליינבלום, הוא מייסד הקרן הקיימת, אני חושב, והוא מכפר-מל""ל, על שמו של ליליינבלום.",משה לייב ליליינבלום,המוסד לביטוח לאומי | המטה לביטחון לאומי | משה לייב ליליינבלום | מאה (גימטריה),4,knesset,knesset,14_ptm_532613.docx,clean
kn4-0452,צח״מ,"משטרת ירושלים מטפלת כרגע בנושא הזה, הוקם צח""מ, נעצרו כמה אנשים שקשורים ברצח, ואינני יכול לפרט את שמותיהם או כמה הם קרובים או נגעו בדם, אבל אנחנו כנראה נמצאים בכיוון ובדרך הנכונה.",צוות חקירה מיוחד,צוות חקירה מיוחד | צריכת חמצן מרבית | צוות חטיבתי משוריין | מאה ושלושים ושמונה (גימטריה),4,knesset,knesset,14_ptm_532616.docx,clean
kn4-0453,אש״ל,"כפי שאמרתי ברישא של דברי, זה עדיין לא עושה צדק ושוויון ביניהן, כי יש עוד עניין של קיום – של הוצאות, של אש""ל ודברים נוספים, אבל לפחות התחבורה הציבורית או התחבורה אל מקום השירות תינתן.",אכילה שתיה לינה,אין שומעין לו | איפה שלמה | אכילה שתיה לינה | שלוש מאות ושלושים ואחת (גימטריה),4,knesset,knesset,14_ptm_532625.docx,clean
kn4-0454,בד״ר,"מדובר בד""ר יאיר סמוכה, הוא אומר כך: משרד החינוך מודע לקשיים בהפעלת יום חינוך ארוך באמצע השנה.","ד""ר (ב- קליטי)","בית דין רבני | בן דב רפפורט | ד""ר (ב- קליטי) | מאתיים ושש (גימטריה)",4,knesset,knesset,14_ptm_532626.docx,clean
kn4-0455,שח״ר,"הפרויקט מבוסס על התפיסה החינוכית המרכזית באגף שח""ר, כי ""כל תלמיד יכול"", והינו נדבך נוסף וחשוב של כמה פרויקטים לקידום לבגרות בקרב האוכלוסיות החלשות.",שירותי חינוך ורווחה,שירותי חינוך ורווחה | שיבוץ וחזרה לשירות | תנועה פוליטית שהוקמה בשלהי הכנסת ה-15 | חמש מאות ושמונה (גימטריה),4,knesset,knesset,14_ptm_532626.docx,clean
kn4-0456,שח״ר,"כיום קיימת באגף שח""ר מסגרת המהווה רשת ביטחון לתלמיד להצלחה בבגרות.",שירותי חינוך ורווחה,שירותי חינוך ורווחה | שיבוץ וחזרה לשירות | תנועה פוליטית שהוקמה בשלהי הכנסת ה-15 | חמש מאות ושמונה (גימטריה),4,knesset,knesset,14_ptm_532626.docx,clean
kn4-0457,מ״פ,"אבל לפני שאומר את דברי, אני רוצה מעל במה זו להשתתף בצערה של משפחת מילוא על נדב שהיה מ""פ חם בחטיבת הצנחנים.",מפקד פלוגה,מפקד פלוגה | מחנה פליטים | מחשבה פלילית | לשון משלים פועל | מחשבים מגה פיקסל | מתמטיקה מכפלה פנימית | מאה ועשרים (גימטריה),7,knesset,knesset,14_ptm_532628.docx,clean
kn4-0458,ד״ש,"רבותי, למנחם בגין היתה קואליציה אחרת: היתה ד""ש בממשלה – 15 מנדטים – היה לו משה דיין, והיה לו עזר ויצמן.",תנועה דמוקרטית לשינוי,דו-שנתי | דרישת שלום | דוד שמש | דיני שמים | דו-שבעון | תנועה דמוקרטית לשינוי | שלוש מאות וארבע (גימטריה),7,knesset,knesset,14_ptm_532629.docx,clean
kn4-0459,ח״ן,"קצינות ח""ן ומש""קיות ח""ן היו הראשונות לקבל את התלונות, לשוחח עם החיילות ולמצוא סעד; כמו כן, לשים לב למקרים שקורים.",חיל נשים,חיים נחמן (ביאליק) | חיל נשים | חכמת הנסתר | חשבון נייר (ח-ן) | חמישים ושמונה (גימטריה),5,knesset,knesset,14_ptm_532636.docx,clean
kn4-0460,מט״ח,"אילו סכומי מט""ח הגיעו לישראל כתוצאה מהריבית הגבוהה ושער החליפין הנמוך?",מטבע חוץ,מטבע חוץ | מרכז לטכנולוגיה חינוכית | חמישים ושבע (גימטריה),3,knesset,knesset,14_ptm_532637.docx,clean
kn4-0461,מט״ח,"קוראים-כותבים – תוכנית המופעלת על-ידי מט""ח, ומטרתה לקדם את הקריאה והכתיבה באמצעים אלקטרוניים.",מטבע חוץ,מטבע חוץ | מרכז לטכנולוגיה חינוכית | חמישים ושבע (גימטריה),3,knesset,knesset,14_ptm_532637.docx,clean
kn4-0462,ע״פ,"זהו ציטוט מפסק-דין של שופט בריטי חשוב, שמופיע בפסק-הדין הראשון במדינת ישראל, ע""פ 1/48, הנשיא זמורה, בהקשר של פסק-דין אחד.",על פי,על פי | על פניו | על פה | ערעור פלילי | עושה פסים (=סרגל) | מאה וחמישים (גימטריה) | ראשי תיבות שם פרטי ומשפחה (זהות חסויה),7,knesset,knesset,14_ptm_532646.docx,clean
kn4-0463,הרא״ה,"אכן, במחצית הראשונה של שנת 1998 חלה עלייה בעבירות הרכוש ביישובים כפר-הרא""ה, אלישיב, ובמידת מה גם ביישוב חיבת-ציון, לעומת התקופה המקבילה בשנה שעברה.",הרב אברהם יצחק הכהן קוק,הרב אברהם יצחק הכהן קוק | רבי אהרן הלוי | מאתיים ואחת עשרה (גימטריה),3,knesset,knesset,14_ptm_532652.docx,clean
kn4-0464,הרא״ה,"הוא עושה עבודה מצוינת, ואני מציע לתושבי כפר-הרא""ה להיפגש אתו, הוא יעזור להם.",הרב אברהם יצחק הכהן קוק,הרב אברהם יצחק הכהן קוק | רבי אהרן הלוי | מאתיים ואחת עשרה (גימטריה),3,knesset,knesset,14_ptm_532652.docx,clean
kn4-0465,מ״מ,"– – הוא, שכוח מארב בפיקוד מ""מ יצא מאחד המוצבים בשם ""צבעוני"" לנקודת מארב באזור שנמצא כ-2.5 קילומטרים צפונית-מזרחית למוצב ""קנטרה"".",מפקד מחלקה,מילימטר | ממלא מקום | מכל מקום | מערכות מידע | מפקד מחלקה | מראה מקום | משתנה מקרי | מרחב מטרי | מגיד מישרים | מרחב מכפלה | מערכות מחשב | מגיד משנה | מערך המבצעים המיוחדים | מכונאי מוטס | מקרא מגילה | מרחב מדגם | שמונים (גימטריה) | מעצר מנהלי,18,knesset,knesset,14_ptm_532654.docx,clean
kn4-0466,מ״מ,"שיא חדש נקבע, כמות של 210 מ""מ גשם שירדה בתוך פחות מיממה.",מילימטר,מילימטר | ממלא מקום | מכל מקום | מערכות מידע | מפקד מחלקה | מראה מקום | משתנה מקרי | מרחב מטרי | מגיד מישרים | מרחב מכפלה | מערכות מחשב | מגיד משנה | מערך המבצעים המיוחדים | מכונאי מוטס | מקרא מגילה | מרחב מדגם | שמונים (גימטריה) | מעצר מנהלי,18,knesset,knesset,14_ptm_532654.docx,clean
kn4-0467,פ״א,"גם שמי הקודם, פוזמנטיר, התחיל עם פ""א דגושה.","שם האות פ (פ""א דגושה)","פעם אחת | פה אחד | פרקי אבות | פרה אדומה | פירוש אחר | פגישה אישית | פרא אדם | פלוני אלמוני | פולינום אופייני | פרקי אליהו | פרוטה אחרונה | שמונים ואחת (גימטריה) | שם האות פ (פ""א דגושה)",13,knesset,knesset,14_ptm_532655.docx,human_review
kn4-0468,מ״פ,"אחי, שבדיוק סיים אז קורס מ""פ בגולני, השתתף בקרב על החרמון, והיה קשה לי מאוד.",מפקד פלוגה,מפקד פלוגה | מחנה פליטים | מחשבה פלילית | לשון משלים פועל | מחשבים מגה פיקסל | מתמטיקה מכפלה פנימית | מאה ועשרים (גימטריה),7,knesset,knesset,14_ptm_532657.docx,clean
kn4-0469,א״י,"הצבעה מס' 4 בעד הצעת הסיכום שהביא חבר הכנסת א""י לייזרזון – 43 נגד – 37 נמנעים – 30 הצעת הסיכום שהביא חבר הכנסת א""י לייזרזון נתקבלה.","אברהם יוסף לייזרזון (ח""כ)","ארץ ישראל | אבן יקרה | אינו יהודי | אין יכול | אחת עשרה (גימטריה) | אברהם יוסף לייזרזון (ח""כ)",6,knesset,knesset,14_ptm_532663.docx,human_review
kn4-0470,ת״ק,"ואולם היו בה, בחברה הישראלית, חיוניות וכוח ומוסדות שקידמו אותנו ולקחו אותנו מרחק ת""ק פרסה.",חמש מאות (גימטריה),תנא קמא | תביעות קטנות | חמש מאות (גימטריה),3,knesset,knesset,14_ptm_532665.docx,clean
kn4-0471,מ״מ,"נתתי דוגמה, אם אתה לוקח מ""מ, אחד בקבע ואחד בסדיר.",מפקד מחלקה,מילימטר | ממלא מקום | מכל מקום | מערכות מידע | מפקד מחלקה | מראה מקום | משתנה מקרי | מרחב מטרי | מגיד מישרים | מרחב מכפלה | מערכות מחשב | מגיד משנה | מערך המבצעים המיוחדים | מכונאי מוטס | מקרא מגילה | מרחב מדגם | שמונים (גימטריה) | מעצר מנהלי,18,knesset,knesset,14_ptm_532665.docx,clean
kn4-0472,חמ״ס,"למרות האמור, ציידה המועצה התעשייתית המקומית רמת-חובב את נציגי הבדואים במכשירי איתורית למתן התרעה לגבי מפגעי חמ""ס עתידיים ו/או הודעות אזהרה ועדכון.",חומר מסווג,"חומר מסווג | חומשים, מחזורים, סידורים | מאה ושמונה (גימטריה)",3,knesset,knesset,14_ptm_532666.docx,clean
kn4-0473,כ״ז,"במה זו אינה רק נכס פרטי, היא גם נכס ציבורי, שהעיתון מחזיק בו כנאמן של הציבור"" – מאמר שהתפרסם בכתב העת ""משפטים"", כרך כ""ז, עמ' 223.",עשרים ושבע (גימטריה),כל זאת | כל זמן | עשרים ושבע (גימטריה),3,knesset,knesset,14_ptm_532666.docx,clean
kn4-0474,מט״ח,"ומביאים לנו ספרי תקציב שנכתבו בחודשים יוני-אוגוסט, בשער מט""ח לא ריאלי, במקדמים לא ריאליים, כשכל אנשי המקצוע אומרים: אלה ספרים ריקים.",מטבע חוץ,מטבע חוץ | מרכז לטכנולוגיה חינוכית | חמישים ושבע (גימטריה),3,knesset,knesset,14_ptm_532666.docx,clean
kn4-0475,מט״ח,"– – – אבל אם אתה רוצה להזכיר – תזכיר, אבל תזכיר את זה שבשנה שעברה היה הכי הרבה ייבוא של מט""ח בעולם – – – בשנתיים, והאינפלציה – – –",מטבע חוץ,מטבע חוץ | מרכז לטכנולוגיה חינוכית | חמישים ושבע (גימטריה),3,knesset,knesset,14_ptm_532666.docx,clean
kn4-0476,איו״ש,"פיקוד מרכז ובכלל זה מפקדת איו""ש בסיוע משטרת ישראל, ימשיכו לפעול לאכיפת החוק והסדר.",אזור יהודה ושומרון,אזור יהודה ושומרון | אריכות ימים ושנים | שלוש מאות ושבע עשרה (גימטריה),3,knesset,knesset,14_ptm_532666.docx,clean
kn4-0477,ב״ה,"אני לא יכוללכתוב שורה מבלי שלפני זה יהיה ב""ה, כי אני יודע שחלילה בלי ב""ה – – –",בְּעֶזְרַת הַשֵּׁם (בסיעתא דשמיא),ברוך הבא | בית הלל | בעולם הבא | בניין הורדוס | ברוך המקום ברוך הוא | בְּעֶזְרַת הַשֵּׁם (בסיעתא דשמיא) | בָּרוּךְ הַשֵׁם | שבע (גימטריה),8,knesset,knesset,14_ptm_532666.docx,clean
kn4-0478,מ״מ,"אני אומר לכם בצורה אחראית, כשהייתי חייל צעיר, וכשהייתי מ""מ התאמנו באזור מעלה-החמישה.",מפקד מחלקה,מילימטר | ממלא מקום | מכל מקום | מערכות מידע | מפקד מחלקה | מראה מקום | משתנה מקרי | מרחב מטרי | מגיד מישרים | מרחב מכפלה | מערכות מחשב | מגיד משנה | מערך המבצעים המיוחדים | מכונאי מוטס | מקרא מגילה | מרחב מדגם | שמונים (גימטריה) | מעצר מנהלי,18,knesset,knesset,14_ptm_532666.docx,clean
kn4-0479,אג״ם,"המיילד העיקרי של המדינה הפלסטינית הוא מנחם בגין, וזו אחת הסיבות לכך שאני מוקיר אותו, בסיוע של עזר וייצמן, אז ראש אג""ם, ומשה דיין.",אגף המבצעים,"אגף המבצעים | אגף המטה | אגף המטה הכללי | ארבעים וארבע (גימטריה) | אג""ם חקירות (משרד חוקרים פרטי)",5,knesset,knesset,14_ptm_532668.docx,clean
kn4-0480,אח״מ,"בדומה לכך קרה כעת ברצועת-עזה: המחבל אבו-עלי אל-עזיז שאהין התפרע בכיסוי של איש חשוב מאוד – אח""מ.",אישיות חשובה מאוד,"אחרי מות | אחר מכן | אגף חקירות ומודיעין | אישיות חשובה מאוד | אחר מיתה, אחר מוֹת־ | ארבעים ותשע (גימטריה)",6,knesset,knesset,14_ptm_532674.docx,clean
kn4-0481,איו״ש,"ל-2,000 מתוכם יש גם דבר מעבר לכך – יש להם גם היתר מעבר בין עזה לבין איו""ש, וזה דבר חריג, כמו שאתה יודע.",אזור יהודה ושומרון,אזור יהודה ושומרון | אריכות ימים ושנים | שלוש מאות ושבע עשרה (גימטריה),3,knesset,knesset,14_ptm_532674.docx,clean
kn4-0482,כ״ח,"ב-24 באפריל, כ""ח בניסן, התקיים במקום טקס תפילת אשכבה, והמצבות וחלקי המצבות שנתגלו בעבודות הרחבת הכביש הועברו לבית-הקברות החדש.",עשרים ושמונה (גימטריה),כהנא חי | כתיב חסר | כדור חוזר | כינוי חבור | עשרים ושמונה (גימטריה),5,knesset,knesset,14_ptm_532674.docx,clean
kn4-0483,ש״ש,"אדוני היושב-ראש, רבותי חברי הכנסת, אני רוצה לנצל את ההזדמנות הזאת ולומר מלים מספר על קבוצה של כמה מאות בנות ובנים שיש להם תואר ש""ש, חלקם ממושבים, חלקם מקיבוצים, חלקם מהיישוב העירוני.",שנת שירות,שנה שנייה | שנת שירות | שם שמים | שעות שבועיות | שבת שלום | שומר שכר | שב שמעתתא | שעת שינה | שעות שנתיות | שבועת שוא | שבלת שועל | שירות שקים | שש מאות (גימטריה),13,knesset,knesset,14_ptm_532675.docx,clean
kn4-0484,מ״ק,"לפי ההצעה שלנו, על כל מ""ק מים שפירים שנלקח יינתנו 1.42 מ""ק מי קולחין.",מטר מעוקב,מספר קטן | מטר מעוקב | מרכז קהילתי | מועד קטן | מכשיר קשר | מרא קמא | מחנה קבע | מילת קריאה | מלכין קדמאין | משמע קצת | מאה וארבעים (גימטריה),11,knesset,knesset,14_ptm_532679.docx,clean
kn4-0485,איו״ש,"לעתים נתקלת משטרת ישראל באוטובוסים שיצאו מתחום איו""ש לתחומי מדינת ישראל והנוסעים בהם הם פלסטינים ללא אישורי כניסה מתאימים.",אזור יהודה ושומרון,אזור יהודה ושומרון | אריכות ימים ושנים | שלוש מאות ושבע עשרה (גימטריה),3,knesset,knesset,14_ptm_532680.docx,clean
kn4-0486,אג״מ,"בוועדה שהוקמה לצורך הנושא של תקיפת רופאים בחדרי מיון – גובשו המלצות בכל תחומי הטיפול המשטרתי חקירות, אג""מ, סיור ואבטחה.",אגף מבצעים,אגף מבצעים | אגף מטה | ארבעים וארבע (גימטריה),3,knesset,knesset,14_ptm_532680.docx,clean
kn4-0487,קמ״ט,"מדור סיור, קמ""ט לאיכות הסביבה והמשרד לאיכות הסביבה פועלים בשיתוף עם תחנות המשטרה, בצורה אינטנסיבית, למנוע גנבות חול בכל מישור החוף.",קצין מטה,קצין מטה | קורס מפקדי טנקים | קצין מיון טרומי | מאה וארבעים ותשע (גימטריה),4,knesset,knesset,14_ptm_532680.docx,clean
kn4-0488,יח״ל,"שיעור המצטיינים בשלוש יח""ל – 33% במגזר היהודי ו-24% במגזר הלא-יהודי; בארבע יח""ל – 41% במגזר היהודי ו-33% במגזר הלא-יהודי; ובחמש יח""ל – 47% במגזר היהודי ו-46% במגזר הלא-יהודי.",יחידות לימוד,יחידות לימוד | ישיבת חכמי לובלין | יחידת לבגרות | ארבעים ושמונה (גימטריה),4,knesset,knesset,14_ptm_532682.docx,clean
kn4-0489,ד״ש,"לעומת זאת, מפלגות קטנות אחרות – היתה פעם ד""ש והיא נעלמה, היתה צומת עם שמונה חברים, ואם יהיו עכשיו בחירות, היא לא תעבור את אחוז החסימה, וכו'.",תנועה דמוקרטית לשינוי,דו-שנתי | דרישת שלום | דוד שמש | דיני שמים | דו-שבעון | תנועה דמוקרטית לשינוי | שלוש מאות וארבע (גימטריה),7,knesset,knesset,14_ptm_532684.docx,clean
kn4-0490,ר״מ,"ראש ישיבה מקבל משכורת, או ר""מ בישיבה, כמו מרצה זוטר?",רב המלמד בישיבה,"רבי מאיר | ראש ממשלה | ריש מתיבתא | רב המלמד בישיבה | רַב מורה | מאתיים וארבעים (גימטריה) | רשימת מקבצים (יחידה רישומית צה""לית)",7,knesset,knesset,14_ptm_532694.docx,clean
kn4-0491,ת״ד,"אם קבוצת אוכלוסין וקבוצת אזרחים רוצה שהכתובת שלה תהיה ת""ד 8, יריחו, לדוגמה, מדוע שהכתובת הזאת לא תהיה כתובת מוכרת ורשמית?",תיבת דואר,תאונת דרכים | תיבת דואר | ארבע מאות וארבע (גימטריה),3,knesset,knesset,14_ptm_532697.docx,clean
kn4-0492,אג״ם,"התפלגות המגויסים היא כדלקמן: מערך החקירות – 162; מערך אג""ם – 1,116.",אגף המבצעים,"אגף המבצעים | אגף המטה | אגף המטה הכללי | ארבעים וארבע (גימטריה) | אג""ם חקירות (משרד חוקרים פרטי)",5,knesset,knesset,14_ptm_532701.docx,clean
kn4-0493,קק״ל,"תוך כדי ההתפרעות ומייד לאחריה התגלו עשרות מקרים של הצתת יערות קק""ל שבסמוך ליישובי ואדי-עארה.",קרן קיימת לישראל,קרן קיימת לישראל | קילו קלוריה | מאתיים ושלושים (גימטריה),3,knesset,knesset,14_ptm_532701.docx,clean
kn4-0494,א״י,"הצבעה מס' 5 בעד ההסתייגות של חבר הכנסת א""י לייזרזון לסעיף 2 – 24 נגד – 76 נמנעים – 3 ההסתייגות של חבר הכנסת א""י לייזרזון לסעיף 2 לא נתקבלה.","אברהם יוסף לייזרזון (ח""כ)","ארץ ישראל | אבן יקרה | אינו יהודי | אין יכול | אחת עשרה (גימטריה) | אברהם יוסף לייזרזון (ח""כ)",6,knesset,knesset,14_ptm_532706.docx,human_review
kn4-0495,ס״מ,"שיבוא ונחפור רק 5 ס""מ, הוא יראה את העצמות.",סנטימטר,סנטימטר | סגן מפקד | סמאל | סטרא דמסאבותא | מאה (גימטריה),5,knesset,knesset,14_ptm_532707.docx,clean
kn4-0496,ב״ב,"רצוני לשאול: מדוע נמנעה השתתפותו של ב""ב בתחרות?",ראשי תיבות שם פרטי ומשפחה (זהות חסויה),בני ברק | בבא בתרא | בני ברית | בעל בית | בו ביום | בשר בחלב | בני ביתו | בן בנו | במהרה בימינו | בטל ברוב | בהר בבחוקותי | ארבע (גימטריה) | ראשי תיבות שם פרטי ומשפחה (זהות חסויה),13,knesset,knesset,14_ptm_532707.docx,human_review
kn4-0497,ש״ש,"פעולות נוספות – בממוצע תלמיד עולה מקבל סיוע בהיקף של 1.5 ש""ש לפרק זמן של כשנה וחצי.",שעות שבועיות,שנה שנייה | שנת שירות | שם שמים | שעות שבועיות | שבת שלום | שומר שכר | שב שמעתתא | שעת שינה | שעות שנתיות | שבועת שוא | שבלת שועל | שירות שקים | שש מאות (גימטריה),13,knesset,knesset,14_ptm_532707.docx,clean
kn4-0498,פר״ח,"כך, למשל, נוסף מנגנון סיוע נוסף במסגרת חוק חיילים משוחררים וכן גדלו מספר המלגות בתוכניות פר""ח.",פרויקט חונכות,פרי חדש | פרויקט חונכות | פירש רבנו חננאל | מאתיים ושמונים ושמונה (גימטריה),4,knesset,knesset,14_ptm_532708.docx,clean
kn4-0499,י״ח,"הישיבה הבאה – מחר, יום רביעי, י""ח בחודש טבת, 6 בחודש ינואר.",שמונה עשרה (גימטריה),יוסף חיים | יודעי חן | שמונה עשרה (גימטריה),3,knesset,knesset,14_ptm_532712.docx,clean
kn4-0500,אח״מ,"שר הביטחון נשאל על-ידי חבר הכנסת חנן פורת בנושא: החזרת תעודת אח""מ לתאופיק טיראווי.",אגף חקירות ומודיעין,"אחרי מות | אחר מכן | אגף חקירות ומודיעין | אישיות חשובה מאוד | אחר מיתה, אחר מוֹת־ | ארבעים ותשע (גימטריה)",6,knesset,knesset,14_ptm_532716.docx,clean
kn4-0501,אח״מ,"תאופיק טיראווי נשא תעודת אח""מ – VIP – על בסיס הסכמים מן העבר.",אישיות חשובה מאוד,"אחרי מות | אחר מכן | אגף חקירות ומודיעין | אישיות חשובה מאוד | אחר מיתה, אחר מוֹת־ | ארבעים ותשע (גימטריה)",6,knesset,knesset,14_ptm_532716.docx,clean
kn4-0502,נ״ט,"המצרים מדברים על 15-F, הסורים קונים היום אמצעי נ""ט מהמשוכללים בעולם.",צבא נגד טנקים,ניסוי טיסה | צבא נגד טנקים | חמישים ותשע (גימטריה),3,knesset,knesset,14_ptm_532716.docx,clean
kn4-0503,אצ״ל,"לחופי חיפה קיימות בשלבי תכנון שונים כמה תוכניות פיתוח: מרינה בחיפה, בין שקמונה לבת-גלים, החוף הדרומי, מגדלי ""חוף הכרמל"", מחלף אצ""ל-ההגנה, ותוכניות נוספות בתחום הנמל והמפרץ.",ארגון צבאי לאומי,ארגון צבאי לאומי | אין צריך לומר | מאה ועשרים ואחת (גימטריה),3,knesset,knesset,14_ptm_532716.docx,clean
kn4-0504,ס״מ,"מישהו עשה חשבון והגיע למסקנה, שהחופים הפנויים היום לאזרחי ישראל זה בערך 2 ס""מ חוף לאזרח ישראלי.",סנטימטר,סנטימטר | סגן מפקד | סמאל | סטרא דמסאבותא | מאה (גימטריה),5,knesset,knesset,14_ptm_532716.docx,clean
kn4-0505,י״ח,"מי ייתן ותמשיך ארצנו ותתברך בהיותה ארץ שהיא זבת חלב ודבש, ויקוים בה הכתוב: ""והיה ביום ההוא יטפו ההרים עסיס והגבעות תלכנה חלב וכל אפיקי יהודה ילכו מים"" – יואל פרק ד', פסוק י""ח.",שמונה עשרה (גימטריה),יוסף חיים | יודעי חן | שמונה עשרה (גימטריה),3,knesset,knesset,14_ptm_532716.docx,clean
kn4-0506,פר״ח,"אם כן – מה היא הסיבה להבדלי הקצבות פר""ח ביישובים היהודיים והערביים?",פרויקט חונכות,פרי חדש | פרויקט חונכות | פירש רבנו חננאל | מאתיים ושמונים ושמונה (גימטריה),4,knesset,knesset,14_ptm_532716.docx,clean
kn4-0507,פר״ח,"פר""ח הינו גורם שוויוני ביותר, הפועל ללא כל אפליה של דת, מין או גזע.",פרויקט חונכות,פרי חדש | פרויקט חונכות | פירש רבנו חננאל | מאתיים ושמונים ושמונה (גימטריה),4,knesset,knesset,14_ptm_532716.docx,clean
kn4-0508,דמ״צ,"אבל קבענו שהחברה לא תמנה דמ""צ כזה באמצעות מנגנון האישור ולא תוכל לאשר עסקאות עם בעלי עניין.",דירקטור מקרב הציבור,דרישות מבצעיות | דירקטור מקרב הציבור | מאה ושלושים וארבע (גימטריה),3,knesset,knesset,14_ptm_532718.docx,clean
kn4-0509,מ״ק,"החקלאות מעבירה כ-30 מיליון מ""ק מדי שנה לטובת העיר.",מטר מעוקב,מספר קטן | מטר מעוקב | מרכז קהילתי | מועד קטן | מכשיר קשר | מרא קמא | מחנה קבע | מילת קריאה | מלכין קדמאין | משמע קצת | מאה וארבעים (גימטריה),11,knesset,knesset,14_ptm_532724.docx,clean
kn4-0510,איו״ש,"הבה נתאר לעצמנו מצב כמעט זהה: רכב ישראלי נכנס לצומת איו""ש, נרגם בבלוקים ובסלעים על-ידי המון רצחני.",אזור יהודה ושומרון,אזור יהודה ושומרון | אריכות ימים ושנים | שלוש מאות ושבע עשרה (גימטריה),3,knesset,knesset,14_ptm_532725.docx,clean
kn4-0511,איו״ש,"שמע, עוד לא התחלתי עם מזרח תיכון חדש; מה שהיה בצומת איו""ש הפעם זה עוד כלום.",אזור יהודה ושומרון,אזור יהודה ושומרון | אריכות ימים ושנים | שלוש מאות ושבע עשרה (גימטריה),3,knesset,knesset,14_ptm_532725.docx,clean
kn4-0512,איו״ש,"בינתיים, בצומת איו""ש מתגודדים אלפי פלסטינים משולהבים.",אזור יהודה ושומרון,אזור יהודה ושומרון | אריכות ימים ושנים | שלוש מאות ושבע עשרה (גימטריה),3,knesset,knesset,14_ptm_532725.docx,clean
kn4-0513,איו״ש,"– – והליכה בדרך שתהיה לשלום, לא בדרך של מסלול התרסקות, כאשר ההסתעפות שלו היא צומת איו""ש, צומת המפגש בין אזור A, הנורא ואיום, לאזור C, באזור הבלתי-ניתן להבנה כיצד בכלל נוצר.",אזור יהודה ושומרון,אזור יהודה ושומרון | אריכות ימים ושנים | שלוש מאות ושבע עשרה (גימטריה),3,knesset,knesset,14_ptm_532725.docx,clean
kn4-0514,איו״ש,"אין ספק, שמעשי האלימות האחרונים, ובפרט המעשה המחפיר בצומת איו""ש, מעיבים ומחבלים בניסיונות לקדם את תהליך השלום.",אזור יהודה ושומרון,אזור יהודה ושומרון | אריכות ימים ושנים | שלוש מאות ושבע עשרה (גימטריה),3,knesset,knesset,14_ptm_532725.docx,clean
kn4-0515,איו״ש,"אנחנו עוברים לנושא הבא, להצעות דחופות לסדר-היום: התקרית בצומת איו""ש וההסלמה בשטחים; הצעות לסדר-היום מס' 5580, 5586 ו-5637.",אזור יהודה ושומרון,אזור יהודה ושומרון | אריכות ימים ושנים | שלוש מאות ושבע עשרה (גימטריה),3,knesset,knesset,14_ptm_532725.docx,clean
kn4-0516,שח״ר,"חבר הכנסת יצחק כהן, בתקציב אגף שח""ר יש 188 מיליון שקל.",שירותי חינוך ורווחה,שירותי חינוך ורווחה | שיבוץ וחזרה לשירות | תנועה פוליטית שהוקמה בשלהי הכנסת ה-15 | חמש מאות ושמונה (גימטריה),4,knesset,knesset,14_ptm_532727.docx,clean
kn4-0517,א״ע,"לאשה א""ע תעודת זהות ישראלית והיא נשואה לתושב השטחים, אך לא צוין בשאילתא אם היא מתגוררת בישראל או בשטחים.",ראשי תיבות שם פרטי ומשפחה (זהות חסויה),את עצמו | אנציקלופדיה עברית | אוניברסיטה עברית | שבעים ואחת (גימטריה) | ראשי תיבות שם פרטי ומשפחה (זהות חסויה),5,knesset,knesset,14_ptm_532728.docx,clean
kn4-0519,ת״פ,"אדוני, אתה יודע שיש משרה של רב-טפסר, ואתה ת""פ שר – תחת פיקוד שר.",תחת פיקוד,תחת פיקוד | תיק פלילי | ארבע מאות ושמונים (גימטריה),3,knesset,knesset,14_ptm_532731.docx,clean
kn4-0520,ת״ק,"העם, החברה והרחוב כבר רחוקים מאתנו ת""ק פרסה על ת""ק פרסה.",חמש מאות (גימטריה),תנא קמא | תביעות קטנות | חמש מאות (גימטריה),3,knesset,knesset,15_ptm_532735.docx,clean
kn4-0521,נ״ט,"שמעון בטאט, חבר ליחידה וסגן מנהל לשכתך, כינה אותך ""מפקד חוליית נ""ט בצבא האפגני"" וטוען שהפכת את ישראל לרפובליקת בננות.",צבא נגד טנקים,ניסוי טיסה | צבא נגד טנקים | חמישים ותשע (גימטריה),3,knesset,knesset,15_ptm_532737.docx,clean
kn4-0522,נ״י,"""שובו בנים"", ""שנית גמלא לא תיפול"", ""הוועד הדתי-חרדי למען נתניהו"", מפלגת הדמה נ""י.",נצח ישראל,ניו יורק | נצח ישראל | נרו יאיר | נסמך יחיד | שישים (גימטריה),5,knesset,knesset,15_ptm_532738.docx,clean
kn4-0523,כ״א,"הישיבה הבאה תיפתח מחר, יום שלישי, כ""א בכסליו, 30 בנובמבר, בשעה 16:00.",עשרים ואחת (גימטריה),כל אחד | כי אם | כוח אדם | כי אתה | כרטיס אשראי | כיווני אוויר | (גימטריה) 21 | עשרים ואחת (גימטריה),8,knesset,knesset,15_ptm_532739.docx,clean
kn4-0524,ס״מ,"זה הולך ומשתכלל וכבר יש צלחות בקוטר של 80 ס""מ.",סנטימטר,סנטימטר | סגן מפקד | סמאל | סטרא דמסאבותא | מאה (גימטריה),5,knesset,knesset,15_ptm_532742.docx,clean
kn4-0525,ס״מ,"על מנת שתוכל לקלוט ביחידת דיור אחת, נראה ש-60 ס""מ יספיקו.",סנטימטר,סנטימטר | סגן מפקד | סמאל | סטרא דמסאבותא | מאה (גימטריה),5,knesset,knesset,15_ptm_532742.docx,clean
kn4-0526,קמ״ט,"יער האורנים לא נכרת, אלא הוא מועתק ונשתל מחדש בפיקוח קמ""ט שמורות הטבע והגנים הלאומיים.",קצין מטה,קצין מטה | קורס מפקדי טנקים | קצין מיון טרומי | מאה וארבעים ותשע (גימטריה),4,knesset,knesset,15_ptm_532746.docx,clean
kn4-0527,ח״ש,"ח""ש נעצר ביום 31 בדצמבר 1999 כחשוד שקשור לתכנון ולהוצאתו אל הפועל של פיגוע טרור.",חשוד (קיצור משטרתי/משפטי),חיי שרה | חילול שבת | חודר שריון | חיי שעה | שלוש מאות ושמונה (גימטריה) | חשוד (קיצור משטרתי/משפטי),6,knesset,knesset,15_ptm_532748.docx,clean
kn4-0528,ח״ש,"למרות האמור לעיל, נחקר ח""ש רק פעמיים ברציפות מעל 20 שעות.",חשוד (קיצור משטרתי/משפטי),חיי שרה | חילול שבת | חודר שריון | חיי שעה | שלוש מאות ושמונה (גימטריה) | חשוד (קיצור משטרתי/משפטי),6,knesset,knesset,15_ptm_532748.docx,clean
kn4-0529,מל״ל,"כידוע לכם, אריאל שרון גדל בכפר-מל""ל, שם היו לולי תרנגולות, והוא ראה תופעה מעניינת: כאשר תרנגולת חולה, כל התרנגולות האחרות באות לנקר אותה, כי היא לא יכולה להגן על עצמה והיא מגלה סימני חולשה.",משה לייב ליליינבלום,המוסד לביטוח לאומי | המטה לביטחון לאומי | משה לייב ליליינבלום | מאה (גימטריה),4,knesset,knesset,15_ptm_532754.docx,clean
kn4-0530,נ״ט,"אם יורים טילי נ""ט מתוך אזור בנוי, זו עמדה.",צבא נגד טנקים,ניסוי טיסה | צבא נגד טנקים | חמישים ותשע (גימטריה),3,knesset,knesset,15_ptm_532755.docx,clean
kn4-0531,קק״ל,"אני לא רוצה להיכנס כרגע לוויכוח בין קק""ל לבין רשות שמורות הטבע בעניין נטיעת עצי אורן.",קרן קיימת לישראל,קרן קיימת לישראל | קילו קלוריה | מאתיים ושלושים (גימטריה),3,knesset,knesset,15_ptm_532757.docx,clean
kn4-0532,תע״ל,"ינמקו את האי-אמון חבר הכנסת שרון וחבר הכנסת מטעם תע""ל.",תנועה ערבית להתחדשות,תצוגה עילית | תנועה ערבית להתחדשות | חמש מאות (גימטריה),3,knesset,knesset,15_ptm_532761.docx,clean
kn4-0533,הרא״ה,"אני רוצה לקדם בברכה את תלמידי כפר-הרא""ה שהגיעו לשבת ביציע האורחים.",הרב אברהם יצחק הכהן קוק,הרב אברהם יצחק הכהן קוק | רבי אהרן הלוי | מאתיים ואחת עשרה (גימטריה),3,knesset,knesset,15_ptm_532764.docx,clean
kn4-0534,נ״י,"רשימה נ""י, שאתם הרצתם כרשימה פיקטיבית, כאשר – – –",נצח ישראל,ניו יורק | נצח ישראל | נרו יאיר | נסמך יחיד | שישים (גימטריה),5,knesset,knesset,15_ptm_532766.docx,clean
kn4-0535,אג״ם,"שמעתי אג""ם של הצבא, וחשבתי שהפכת את הנחל לאגם צבאי.",אגף המבצעים,"אגף המבצעים | אגף המטה | אגף המטה הכללי | ארבעים וארבע (גימטריה) | אג""ם חקירות (משרד חוקרים פרטי)",5,knesset,knesset,15_ptm_532770.docx,clean
kn4-0536,קק״ל,"בניית הבניין – אשר החלה עוד לפני כהונתה של הממשלה הנוכחית – נעשתה ללא ידיעה כי מדובר באדמות קק""ל, וממילא לא נתבקשה הסכמת ממשלת ישראל.",קרן קיימת לישראל,קרן קיימת לישראל | קילו קלוריה | מאתיים ושלושים (גימטריה),3,knesset,knesset,15_ptm_532770.docx,clean
kn4-0537,קק״ל,"כל ההיבטים הסביבתיים נבחנו בעת תהליך התכנון ביחד עם קק""ל, מוסדות איכות הסביבה והגופים הירוקים.",קרן קיימת לישראל,קרן קיימת לישראל | קילו קלוריה | מאתיים ושלושים (גימטריה),3,knesset,knesset,15_ptm_532772.docx,clean
kn4-0538,ד״ש,"כמובן, אני מוחה על כך שראש הממשלה שולח לנו ד""ש כל יום מארץ אחרת ולא מוצא לו זמן גם לבוא לכבד אותנו בבית הזה ולא בוועדת החוץ והביטחון ולא בשום מקום.",דרישת שלום,דו-שנתי | דרישת שלום | דוד שמש | דיני שמים | דו-שבעון | תנועה דמוקרטית לשינוי | שלוש מאות וארבע (גימטריה),7,knesset,knesset,15_ptm_532776.docx,clean
kn4-0539,נ״ט,"עד עכשיו היו שלושה פיגועים כואבים: חטיפת שלושה חיילים ושתי התקפות נ""ט שבכל אחת נפל אחד מלוחמינו.",צבא נגד טנקים,ניסוי טיסה | צבא נגד טנקים | חמישים ותשע (גימטריה),3,knesset,knesset,15_ptm_532779.docx,clean
kn4-0541,י״ל,"י""ל פרץ אמר: ""עם שחי – שר; עם ששר – חי"", ועם ישראל שר.",יצחק לייבוש,יש להם | יש לומר | יהודה לב | יצחק לייבוש | יראה לי | ארבעים (גימטריה),6,knesset,knesset,15_ptm_532786.docx,clean
kn4-0542,קק״ל,"המשא-ומתן עם סוריה; אדמות קק""ל בסוריה; משאל עם וסקרים בעניין הגולן",קרן קיימת לישראל,קרן קיימת לישראל | קילו קלוריה | מאתיים ושלושים (גימטריה),3,knesset,knesset,15_ptm_532789.docx,clean
kn4-0543,קק״ל,"יש שאלות מעניינות שקשורות לתגלית של אדמות קק""ל בסוריה, והייתי רוצה לשאול על כך את ראש הממשלה, אבל ראש הממשלה לא בא לכאן, הוא לא בא להשתתף כאן בדיון או למסור הודעה מדינית, וחבל.",קרן קיימת לישראל,קרן קיימת לישראל | קילו קלוריה | מאתיים ושלושים (גימטריה),3,knesset,knesset,15_ptm_532789.docx,clean
kn4-0544,א״נ,"האם ההפניה של א""נ ליבואן מקובלת כפתרון הולם?",ראשי תיבות שם פרטי ומשפחה (זהות חסויה),אינו נאמן | אדון נכבד | און נאך (ועוד) | אי נימא (אם נאׂמר) | אי נמי (מילולית: או גם | חמישים ואחת (גימטריה) | ראשי תיבות שם פרטי ומשפחה (זהות חסויה),7,knesset,knesset,15_ptm_532789.docx,clean
kn4-0545,אי״ל,"אבל זה שקר, כי המסמך הסודי עוסק בסגירת שני תיקים: אחד לאבישי רביב, והשני לאדם מהבראנז'ה, לאיתן אורן, שהטעה את כל עם ישראל ושידר ביודעין, לפי ועדת-שמגר, כתבה שקרית על טקס ההשבעה של ארגון ""אי""ל"".",ארגון יהודי לוחם,ארגון יהודי לוחם | אגודה ישראלית לסכרת | ארבעים ואחת (גימטריה),3,knesset,knesset,15_ptm_532790.docx,clean
kn4-0546,אי״ל,"הם מתייחסים – התביעה, מדינת ישראל אומרת שארגון ""אי""ל"", מי שדאג לצרף אנשים לארגון ""אי""ל"" מואשם היום שהוא תמך בארגון טרור, כלומר ""אי""ל"" זה ארגון טרור לפי דעת הפרקליטות.",ארגון יהודי לוחם,ארגון יהודי לוחם | אגודה ישראלית לסכרת | ארבעים ואחת (גימטריה),3,knesset,knesset,15_ptm_532790.docx,clean
kn4-0547,אי״ל,"באשר ל""אי""ל"", שאלתי אותו, כרמי גילון ידע שמדובר בארגון שלכם?",ארגון יהודי לוחם,ארגון יהודי לוחם | אגודה ישראלית לסכרת | ארבעים ואחת (גימטריה),3,knesset,knesset,15_ptm_532790.docx,clean
kn4-0548,אי״ל,"""אי""ל"" זה לא ארגון שלנו, זה אבישי רביב הקים.",ארגון יהודי לוחם,ארגון יהודי לוחם | אגודה ישראלית לסכרת | ארבעים ואחת (גימטריה),3,knesset,knesset,15_ptm_532790.docx,clean
kn4-0549,אי״ל,"אומר איילון: אחרי ש""אי""ל"" הופיע בטלוויזיה, כשאבישי רביב נשאל, הוא אמר: אני הקמתי את ארגון ""אי""ל"", והוא ננזף על כך.",ארגון יהודי לוחם,ארגון יהודי לוחם | אגודה ישראלית לסכרת | ארבעים ואחת (גימטריה),3,knesset,knesset,15_ptm_532790.docx,clean
kn4-0550,אי״ל,"עמי איילון, לפני קבינט מדיני-ביטחוני, אומר בתשובה, שרק אחרי ש""אי""ל"" הופיע בטלוויזיה, שאלו את אבישי רביב, אז הוא אמר: אני הקמתי את ארגון ""אי""ל"", והוא ננזף על כך.",ארגון יהודי לוחם,ארגון יהודי לוחם | אגודה ישראלית לסכרת | ארבעים ואחת (גימטריה),3,knesset,knesset,15_ptm_532790.docx,clean
kn4-0551,אי״ל,"יש פרקליטות המדינה, היא קוראת ל""אי""ל"" ארגון טרור ומעמידים אדם לדין שהוא תומך בארגון טרור – –",ארגון יהודי לוחם,ארגון יהודי לוחם | אגודה ישראלית לסכרת | ארבעים ואחת (גימטריה),3,knesset,knesset,15_ptm_532790.docx,clean
kn4-0552,אי״ל,"""אי""ל"" היה ארגון שעשה פרובוקציות במשך שנים, מכל מיני סוגים.",ארגון יהודי לוחם,ארגון יהודי לוחם | אגודה ישראלית לסכרת | ארבעים ואחת (גימטריה),3,knesset,knesset,15_ptm_532790.docx,clean
kn4-0553,אי״ל,"הפרקליטות ידעה על ארגון ""אי""ל"", ידעה על קיומו ועל פעולתו.",ארגון יהודי לוחם,ארגון יהודי לוחם | אגודה ישראלית לסכרת | ארבעים ואחת (גימטריה),3,knesset,knesset,15_ptm_532790.docx,clean
kn4-0554,אי״ל,"משטרת ישראל ניהלה חקירה מקיפה ומסועפת בשאלת מעורבותו של אורן בפרשת טקס ההשבעה של ארגון ""אי""ל"".",ארגון יהודי לוחם,ארגון יהודי לוחם | אגודה ישראלית לסכרת | ארבעים ואחת (גימטריה),3,knesset,knesset,15_ptm_532790.docx,clean
kn4-0555,אי״ל,"לפיכך, החליט אליקים רובינשטיין להעמיד את אבישי רביב לדין גם באשמת טקס ההשבעה של ארגון ""אי""ל"", נוסף על עבירה של אי-מניעת רצח ראש הממשלה.",ארגון יהודי לוחם,ארגון יהודי לוחם | אגודה ישראלית לסכרת | ארבעים ואחת (גימטריה),3,knesset,knesset,15_ptm_532790.docx,clean
kn4-0556,אח״ם,"אה, סגן השר, מורנו ורבנו סגן שר הביטחון ישיב על שאילתא בעל-פה מס' 107, מאת חבר הכנסת אחמד טיבי, בנושא: שלילת תעודות אח""ם.",אישיות חשובה מאוד,אגף החקירות והמודיעין | אישיות חשובה מאוד | ארבעים ותשע (גימטריה),3,knesset,knesset,15_ptm_532791.docx,clean
kn4-0557,ד״ש,"אסף יגורי בא לכנסת התשיעית כחבר מפלגה חדשה, ד""ש.",תנועה דמוקרטית לשינוי,דו-שנתי | דרישת שלום | דוד שמש | דיני שמים | דו-שבעון | תנועה דמוקרטית לשינוי | שלוש מאות וארבע (גימטריה),7,knesset,knesset,15_ptm_532795.docx,clean
kn4-0558,הרא״ה,"המועצה מסתייעת בנושאים הלכתיים, לרבות רישום לנישואין וגירושין, ברבו של כפר-הרא""ה.",הרב אברהם יצחק הכהן קוק,הרב אברהם יצחק הכהן קוק | רבי אהרן הלוי | מאתיים ואחת עשרה (גימטריה),3,knesset,knesset,15_ptm_532795.docx,clean
kn4-0559,ע״ש,"מרכז חינוכי ע""ש משה שרת – כנס בין-יבשתי לשלום; 2.",על שם,על שום | עמוד השדרה | ערב שבת | עיין שם | עיקר שכחתי | על שם | שלוש מאות ושבעים (גימטריה),7,knesset,knesset,15_ptm_532799.docx,clean
kn4-0560,ע״ש,"האוניברסיטה העברית – המרכז הבין-לאומי לחקר האנטישמיות ע""ש וידאל ששון, סדנה בנושא ""היהודים והאנטישמיות בשיח הציבור הפוסט-קומוניסטי במזרח-אירופה""; 16.",על שם,על שום | עמוד השדרה | ערב שבת | עיין שם | עיקר שכחתי | על שם | שלוש מאות ושבעים (גימטריה),7,knesset,knesset,15_ptm_532799.docx,clean
kn4-0561,ע״ש,"המרכז הקהילתי ע""ש סאלי ופיליפ ליאון – פרויקט ""גשר לשלום"" בין בני נוער ישראלי וירדני.",על שם,על שום | עמוד השדרה | ערב שבת | עיין שם | עיקר שכחתי | על שם | שלוש מאות ושבעים (גימטריה),7,knesset,knesset,15_ptm_532799.docx,clean
kn4-0562,נ״י,"חברת הכנסת לימור לבנת, אני רוצה שתגידי מי עמד מאחורי הקמפיין של נ""י.",נצח ישראל,ניו יורק | נצח ישראל | נרו יאיר | נסמך יחיד | שישים (גימטריה),5,knesset,knesset,15_ptm_532801.docx,clean
kn4-0564,ד״ש,"אחר כך היתוספו ד""ש, עם עוד ארבעה חברי כנסת, והיא הפכה להיות ממשלה של 17 שרים.",תנועה דמוקרטית לשינוי,דו-שנתי | דרישת שלום | דוד שמש | דיני שמים | דו-שבעון | תנועה דמוקרטית לשינוי | שלוש מאות וארבע (גימטריה),7,knesset,knesset,15_ptm_532807.docx,clean
kn4-0565,ס״מ,"זאת אומרת, שאנחנו עכשיו בסיפור של הבריכה עם הממוצע של 20 ס""מ עומק.",סנטימטר,סנטימטר | סגן מפקד | סמאל | סטרא דמסאבותא | מאה (גימטריה),5,knesset,knesset,15_ptm_532808.docx,clean
kn4-0566,מ״ד,"אדוני היושב-ראש, כנסת נכבדה, הפסוק בישעיהו בפרק מ""ד אומר: ""לא ידעו ולא יבינו כי טח מראות עיניהם מהשכיל לבתם"", ואני מוסיף: למי?",ארבעים וארבע (גימטריה),מאי דכתיב | מאן דאמר | מהו דתימא | ארבעים וארבע (גימטריה) | שכונת ד' צפון (באר שבע),5,knesset,knesset,15_ptm_532809.docx,clean
kn4-0567,ס״מ,"גברתי היושבת-ראש, חברי חברי הכנסת, כיסאו הריק של ראש הממשלה, שהוא גם שר החינוך והוא גם שר הביטחון, כיסאו הריק של שר האוצר, שלום לכם, כיסאות יקרים, שולחן הממשלה שהוארך ב-70 ס""מ שכולו ריק.",סנטימטר,סנטימטר | סגן מפקד | סמאל | סטרא דמסאבותא | מאה (גימטריה),5,knesset,knesset,15_ptm_532811.docx,clean
kn4-0568,ת״י,"מכון התקנים הישראלי אישר ב-1991 תקן בין-לאומי כתקן ישראלי ת""י 1346, 8317 ISO, לאריזות קשות-פתיחה לילדים.",תקן ישראלי,תקן ישראלי | תרג(ו)ם יונתן | ארבע מאות ועשר (גימטריה),3,knesset,knesset,15_ptm_532817.docx,clean
kn4-0569,נ״מ,"אדוני השר, אם אני רוצה להתערב בדיון, אני רוצה להגיד שהייתי פעם חייל נ""מ.",נגד מטוסים,נגד מטוסים | נפקא מינא | תשעים (גימטריה),3,knesset,knesset,15_ptm_532817.docx,clean
kn4-0570,לו״ז,"לא יכול להיות שראש ממשלה לא יקבע לו""ז, יעד; זו גם גבעה שצריך להסתער עליה.",לוח זמנים,לוח זמנים | לוחמה זעירה | ארבעים ושלוש (גימטריה),3,knesset,knesset,15_ptm_532819.docx,clean
kn4-0571,צח״מ,"הוקם צח""מ במאגר חוקרים שרון, שאסף ראיות נגד החשוד במעשה.",צוות חקירה מיוחד,צוות חקירה מיוחד | צריכת חמצן מרבית | צוות חטיבתי משוריין | מאה ושלושים ושמונה (גימטריה),4,knesset,knesset,15_ptm_532820.docx,clean
kn4-0572,ש״ש,"1 ש""ש לכל ארבעה תלמידים בחינוך היסודי; 1 ש""ש לכל שלושה תלמידים בחטיבת הביניים.",שעות שבועיות,שנה שנייה | שנת שירות | שם שמים | שעות שבועיות | שבת שלום | שומר שכר | שב שמעתתא | שעת שינה | שעות שנתיות | שבועת שוא | שבלת שועל | שירות שקים | שש מאות (גימטריה),13,knesset,knesset,15_ptm_532820.docx,clean
kn4-0573,ת״פ,"אגב, מי שמניע שם את המהלכים זה לאו דווקא הווקף, ת""פ הרשות הפלסטינית, אלא דווקא התנועה האסלאמית, קרי ""חמאס"".",תחת פיקוד,תחת פיקוד | תיק פלילי | ארבע מאות ושמונים (גימטריה),3,knesset,knesset,15_ptm_532823.docx,clean
kn4-0574,ש״ב,"ב-20 בינואר 2000 הוגשה תלונה לתחנת אשדוד על-ידי ש""ב בגין תקיפתו.",ראשי תיבות שם פרטי ומשפחה (זהות חסויה),שמואל ב' | שירות ביטחון | שלום בית | שבע ברכות | שיעורי בית | ראשי תיבות שם פרטי ומשפחה (זהות חסויה) | שלוש מאות ושתיים (גימטריה) | שמעון בראנד (המדען),8,knesset,knesset,15_ptm_532823.docx,clean
kn4-0575,תמ״ג,"ההשקעה במחקר ופיתוח במוסדות אקדמיים בארץ היא פי-שניים במונחי תמ""ג בישראל מאשר בארצות-הברית, וזה נותן את אותותיו.",תוצר מקומי גולמי,תהודה מגנטית גרעינית | תוצר מקומי גולמי | ארבע מאות וארבעים ושלוש (גימטריה),3,knesset,knesset,15_ptm_532835.docx,clean
kn4-0576,ממ״ד,"מה שמדאיג אותי זה שתקני הבטיחות משתנים ועשוי להיווצר מצב שמי שבנה לפי התקנים הקודמים בעצם חושב, שיש לו ממ""ד בטיחותי, ואין לו.",מרחב מוגן דירתי,ממלכתי דתי | המרכז למחקר מדיני | מרחב מוגן דירתי | שמונים וארבע (גימטריה),4,knesset,knesset,15_ptm_532836.docx,clean
kn4-0577,הרא״ה,"עד שהוא יתפוס את מקומו אני רוצה לקדם בברכה את תלמידי ישיבת כפר-הרא""ה שהגיעו לכאן לצפות בנו.",הרב אברהם יצחק הכהן קוק,הרב אברהם יצחק הכהן קוק | רבי אהרן הלוי | מאתיים ואחת עשרה (גימטריה),3,knesset,knesset,15_ptm_532851.docx,clean
kn4-0578,ש״ג,"מה שקוצץ זה האבטחה שבעיקרה היא איוש ש""ג ולא דברים אחרים.",שומר גבול,שומר גבול | שוטר גדודי | שער גבול | תורת הזרימה שכבת גבול | שלוש מאות ושלוש (גימטריה),5,knesset,knesset,15_ptm_532858.docx,clean
kn4-0579,ת״ש,"האם היא מהווה קצינת ת""ש אזרחית לנשים שעובדות במועצה?",תנאי שירות,תפילת שחרית | תקיעת שופר | תנאי שירות | תחנת שאיבה | בא שמע | שבע מאות (גימטריה),6,knesset,knesset,15_ptm_532872.docx,clean
kn4-0580,פז״ם,"לפי הבירור שעשיתי, היא לא נכללת בתקופת פז""ם.",פרק זמן ממושך,פרק זמן ממושך | פרק זמן מינימלי | מאה ועשרים ושבע (גימטריה),3,knesset,knesset,15_ptm_532872.docx,clean
kn4-0581,א״ה,"נודע לי כי במהלך התקרית פצעה הירייה הראשונה את מר א""ה.",ראשי תיבות שם פרטי ומשפחה (זהות חסויה),אבן העזר | אוצר הברכות | אי הכי (אם כך) | אמר הכותב/המחבר/העורך | שש (גימטריה) | ראשי תיבות שם פרטי ומשפחה (זהות חסויה),6,knesset,knesset,15_ptm_532874.docx,clean
kn4-0583,ד״ש,"עם התפרקות ד""ש הצטרפה חברת הכנסת לוי לתנועת שינוי והיתה חברה במוסדות התנועה עד ימיה האחרונים.",תנועה דמוקרטית לשינוי,דו-שנתי | דרישת שלום | דוד שמש | דיני שמים | דו-שבעון | תנועה דמוקרטית לשינוי | שלוש מאות וארבע (גימטריה),7,knesset,knesset,15_ptm_532877.docx,clean
kn4-0584,קק״ל,"היערכות למניעה ולסיכול שרפות בתיאום עם קק""ל ומשרד הפנים; ג.",קרן קיימת לישראל,קרן קיימת לישראל | קילו קלוריה | מאתיים ושלושים (גימטריה),3,knesset,knesset,15_ptm_532880.docx,clean
kn4-0585,ת״א,"(לא נקראה, נמסרה לפרוטוקול) אציין תחילה, כי ההחלטה לסגור את ""בית הנערה"" היא של עיריית ת""א–יפו, ומשיקולים כלכליים.",תל אביב,תל אביב | תפוח אדמה | תרגום אונקלוס | תיק אזרחי | תחבושת אישית | מדדים של הבורסה לניירות ערך בתל אביב | תכנית אימונים | ארבע מאות ואחת (גימטריה),8,knesset,knesset,15_ptm_532887.docx,clean
kn4-0586,תע״ל,"הצבעה מס' 3 בעד הצעת סיעת תע""ל להביע אי-אמון בראש הממשלה – 9 נגד – 74 נמנעים – אין הצעת סיעת תע""ל להביע אי-אמון בראש הממשלה לא נתקבלה.",תנועה ערבית להתחדשות,תצוגה עילית | תנועה ערבית להתחדשות | חמש מאות (גימטריה),3,knesset,knesset,15_ptm_532893.docx,clean
kn4-0587,אח״ם,"יותר מזה, אותו שר פלסטיני נהנה מתעודת אח""ם.",אישיות חשובה מאוד,אגף החקירות והמודיעין | אישיות חשובה מאוד | ארבעים ותשע (גימטריה),3,knesset,knesset,15_ptm_532894.docx,clean
kn4-0588,אח״ם,"הוא קורא להרוג את המתנחלים, להחזיר אותם בארון מתים, אנחנו מעניקים לו כלי ביטוי בטלוויזיה הישראלית בשידור חי, לא בפרשנות, וגם מעניקים לו תעודת אח""ם.",אישיות חשובה מאוד,אגף החקירות והמודיעין | אישיות חשובה מאוד | ארבעים ותשע (גימטריה),3,knesset,knesset,15_ptm_532894.docx,clean
kn4-0589,ת״פ,"יואיל בטובו ראש הממשלה ברק לקחת את חבריו ולהסתפח לעגלה של האופוזיציה הימנית, להיות שם גלגל רביעי, חמישי או שישי, ולעשות חיים בתור ת""פ של שרון או של נתניהו.",תחת פיקוד,תחת פיקוד | תיק פלילי | ארבע מאות ושמונים (גימטריה),3,knesset,knesset,15_ptm_532896.docx,clean
kn4-0590,מט״ח,"מחירי שוק הרכב המשומש הינם תנודתיים במידה רבה והם תלויים במשתני מקרו: שערי מט""ח, קצב צמיחה כלכלית, עונתיות ועוד; משתני מיקרו: תכונות הרכב, מידת אבזורו ורמת הסחירות בו.",מטבע חוץ,מטבע חוץ | מרכז לטכנולוגיה חינוכית | חמישים ושבע (גימטריה),3,knesset,knesset,15_ptm_532896.docx,clean
kn4-0591,סמ״ר,"אומר כאן באולם חבר הכנסת מוסי רז ""הוא נהרג בגללך"", הוא מדבר על סמ""ר יוסף מדחת, שנהרג בקבר יוסף, וחזר על זה כמה פעמים – –",סמל ראשון,סמל ראשון | ספינת משמר | סנטימטר רבוע | שלוש מאות (גימטריה),4,knesset,knesset,15_ptm_532906.docx,clean
kn4-0592,מל״ל,"נולדתי וגדלתי בהתיישבות הזאת, במושב כפר-מל""ל, ואני חלק בלתי נפרד ממנה.",משה לייב ליליינבלום,המוסד לביטוח לאומי | המטה לביטחון לאומי | משה לייב ליליינבלום | מאה (גימטריה),4,knesset,knesset,15_ptm_532912.docx,clean
kn4-0593,נ״ט,"לאחרונה חלקנו זוכה גם למרגמות ולטילי נ""ט.",צבא נגד טנקים,ניסוי טיסה | צבא נגד טנקים | חמישים ותשע (גימטריה),3,knesset,knesset,15_ptm_532913.docx,clean
kn4-0594,אג״ם,"עזר ויצמן גמר להיות ראש אג""ם ולמחרת היה ליד שולחן הממשלה.",אגף המבצעים,"אגף המבצעים | אגף המטה | אגף המטה הכללי | ארבעים וארבע (גימטריה) | אג""ם חקירות (משרד חוקרים פרטי)",5,knesset,knesset,15_ptm_532913.docx,clean
kn4-0595,קק״ל,"ההחלטה בדבר הסרת השלט התקבלה על-ידי ועדה ציבורית שהוקמה על-ידי קק""ל בעקבות דרישתם של חלק מיוצאי בולגריה ועמותת יוצאי תרקיה ומקדוניה.",קרן קיימת לישראל,קרן קיימת לישראל | קילו קלוריה | מאתיים ושלושים (גימטריה),3,knesset,knesset,15_ptm_532916.docx,clean
kn4-0596,קק״ל,"קק""ל מסרה למשרד החוץ, כי היא תקים אנדרטה מפוארת ביער אשר תהיה מכובדת וראויה לעם הבולגרי.",קרן קיימת לישראל,קרן קיימת לישראל | קילו קלוריה | מאתיים ושלושים (גימטריה),3,knesset,knesset,15_ptm_532916.docx,clean
kn4-0597,ת״ק,"עה הארץ ת""ק פרסה על ת""ק פרסה עדיין מהדהדות באוזנינו.",חמש מאות (גימטריה),תנא קמא | תביעות קטנות | חמש מאות (גימטריה),3,knesset,knesset,15_ptm_532923.docx,clean
kn4-0598,ד״ש,"שלומו מצוין והוא מוסר ד""ש לכל האנשים שרוצים שלום.",דרישת שלום,דו-שנתי | דרישת שלום | דוד שמש | דיני שמים | דו-שבעון | תנועה דמוקרטית לשינוי | שלוש מאות וארבע (גימטריה),7,knesset,knesset,15_ptm_532924.docx,clean
kn4-0599,ת״פ,"הם בעלי ברית אבל הם לא מה שנקרא ת""פ, הם לא תחת פיקודנו, אין לנו עליהם סמכויות שיפוט וענישה.",תחת פיקוד,תחת פיקוד | תיק פלילי | ארבע מאות ושמונים (גימטריה),3,knesset,knesset,15_ptm_532924.docx,clean
kn4-0600,תע״ל,"מדוע נחקר נער מנוער תע""ל מכפר מזרעה על-ידי המשטרה ודרכונו נשלל?",תנועה ערבית להתחדשות,תצוגה עילית | תנועה ערבית להתחדשות | חמש מאות (גימטריה),3,knesset,knesset,15_ptm_532930.docx,clean
kn4-0601,אצ״ל,"יתירה מזאת, הקצאת חלקות מיוחדות בבתי-עלמין קיימת לא מהיום ולאוכלוסיות שונות ומגוונות, כגון: חלקת גדולי האומה, חלקת עיתונאים – גם יש – חלקת אצ""ל, חלקת ""ההגנה"" וחלקה לשומרי שבת.",ארגון צבאי לאומי,ארגון צבאי לאומי | אין צריך לומר | מאה ועשרים ואחת (גימטריה),3,knesset,knesset,15_ptm_532936.docx,clean
kn4-0602,קמ״ט,"תלונה שהגיעה מטעם ועד הפעולה ברמות טופלה מייד על-ידי קמ""ט איכות הסביבה במינהל האזרחי, לשביעות רצון ועד הפעולה של השכונה.",קצין מטה,קצין מטה | קורס מפקדי טנקים | קצין מיון טרומי | מאה וארבעים ותשע (גימטריה),4,knesset,knesset,15_ptm_532937.docx,clean
kn4-0603,קמ״ט,"האתרים בטיפול צמוד ונתונים לאכיפה קבועה של יחידת הפיקוח במינהל האזרחי ושל קמ""ט איכות הסביבה במינהל האזרחי.",קצין מטה,קצין מטה | קורס מפקדי טנקים | קצין מיון טרומי | מאה וארבעים ותשע (גימטריה),4,knesset,knesset,15_ptm_532937.docx,clean
kn4-0604,קמ״ט,"מתקיימים עדכונים שוטפים ושיתוף פעולה עם ועד הפעולה של שכונת רמות על-ידי קמ""ט איכות הסביבה.",קצין מטה,קצין מטה | קורס מפקדי טנקים | קצין מיון טרומי | מאה וארבעים ותשע (גימטריה),4,knesset,knesset,15_ptm_532937.docx,clean
kn4-0605,א״ב,"יש רבנים גדולים, פרופסורים באקדמיה, לרבות חתן פרס ישראל, ראש האקדמיה ללשון עברית, פרופסור משה בר-אשר; אמנים במוזיקה, בשירה, במשחק, בציור; סופרים כמו א""ב יהושע ועוד.",אברהם בולי (א.ב. יהושע),ארצות הברית | אדר ב' | ארוחת בוקר | אלף-בית | אין ביכולתו | אתה בחרתנו | אבן בוחן | אמרי בינה | אנשי ביתו | איסור בישול | איסור בנייה | אמת בניין | איתור בית | אישור בחירות | איכא ביניהו (יש ביניהם | אין בו; אין בה | אין ברֵרה | שלוש (גימטריה) | אברהם בולי (א.ב. יהושע),19,knesset,knesset,15_ptm_532939.docx,clean
kn4-0606,קמ״ט,"משרדי פנה לממונה על איכות הסביבה ברשות הפלסטינית, באמצעות קמ""ט איכות הסביבה במינהל האזרחי, בבקשה למנוע את המשך התופעה.",קצין מטה,קצין מטה | קורס מפקדי טנקים | קצין מיון טרומי | מאה וארבעים ותשע (גימטריה),4,knesset,knesset,15_ptm_532939.docx,clean
kn4-0607,שח״ר,"אם תציצו בתקציב תראו איך מקצצים בחינוך, ובתוך מערכת החינוך מקצצים באותו אגף, אגף שח""ר, שירותי חברה ורווחה, שאמור לעזור לילדים במצוקה ולפתרון בעיות חברתיות מיוחדות.",שירותי חינוך ורווחה,שירותי חינוך ורווחה | שיבוץ וחזרה לשירות | תנועה פוליטית שהוקמה בשלהי הכנסת ה-15 | חמש מאות ושמונה (גימטריה),4,knesset,knesset,15_ptm_532939.docx,clean
kn4-0608,כ״ז,"ישיבת הכנסת הבאה, אם ירצה השם, מחר, יום רביעי, כ""ז בכסליו, 12 בדצמבר 2001, בשעה 09:00.",עשרים ושבע (גימטריה),כל זאת | כל זמן | עשרים ושבע (גימטריה),3,knesset,knesset,15_ptm_532942.docx,clean
kn4-0609,ר״מ,"לגבי השאלה השלישית, לגבי ר""מ-2 – אני חושב, בניגוד לך, אבל זה עניין של מדיניות, שהם צודקים.","רשימת מקבצים (יחידה רישומית צה""לית)","רבי מאיר | ראש ממשלה | ריש מתיבתא | רב המלמד בישיבה | רַב מורה | מאתיים וארבעים (גימטריה) | רשימת מקבצים (יחידה רישומית צה""לית)",7,knesset,knesset,15_ptm_532943.docx,clean
kn4-0610,בר״מ,"אין סיבה לשלם תגמול מיוחד למי שנמצא בר""מ-2 מעל 60 יום.","רשימת מקבצים 2 (יחידה רישומית צה""לית)","בן רבי משה | בן רבי מרדכי | בן רבי מאיר | מאתיים וארבעים ושתיים (גימטריה) | רשימת מקבצים 2 (יחידה רישומית צה""לית)",5,knesset,knesset,15_ptm_532943.docx,clean
kn4-0611,בר״מ,"החייל בר""מ-2 מקבל תשלום בסיסי עבור ימי מילואים, ואין שום סיבה לשלם לו תשלום מעבר לזה.","רשימת מקבצים 2 (יחידה רישומית צה""לית)","בן רבי משה | בן רבי מרדכי | בן רבי מאיר | מאתיים וארבעים ושתיים (גימטריה) | רשימת מקבצים 2 (יחידה רישומית צה""לית)",5,knesset,knesset,15_ptm_532943.docx,clean
kn4-0612,ש״ג,"אם הם היו משתמטים, הם היו היום ש""ג בקריה.",שומר גבול,שומר גבול | שוטר גדודי | שער גבול | תורת הזרימה שכבת גבול | שלוש מאות ושלוש (גימטריה),5,knesset,knesset,15_ptm_532943.docx,clean
kn4-0613,מד״ר,"שמעתי מד""ר לבנטל, שהופיע הרבה מאוד ונתן את ההנחיות וכו', שהוא מעדיף את מי הברז על המים המינרליים בבקבוקים.","ד""ר (מ- קליטי)","מדרש רבה | מדריך ראשי | משוואה דיפרנציאלית רגילה | ד""ר (מ- קליטי) | מאתיים וארבעים וארבע (גימטריה)",5,knesset,knesset,15_ptm_532945.docx,clean
kn4-0614,עכו״ם,"אפילו הגמרא אומרת: מפרנסין עניי עכו""ם עם עניי ישראל.",עבודת כוכבים ומזלות,עבודה זרה | גוי | פגניות | הלכות הרחקה מגויים | עבודת כוכבים ומזלות | עובד כוכבים ומזלות (גויים ונכרים עובדי אלילים) | מאה ושלושים ושש (גימטריה),7,knesset,knesset,15_ptm_532947.docx,clean
kn4-0615,שח״ר,"בתום תקופת ההתקשרות עם אגף שח""ר, יפרסם המשרד מכרז להמשך הפעלת הפרויקט ויקבע את היקף יישומו בבתי-הספר הערביים.",שירותי חינוך ורווחה,שירותי חינוך ורווחה | שיבוץ וחזרה לשירות | תנועה פוליטית שהוקמה בשלהי הכנסת ה-15 | חמש מאות ושמונה (גימטריה),4,knesset,knesset,15_ptm_532948.docx,clean
kn4-0616,ת״ק,"אולי היא מתבשלת על אש קטנה לפי שעה, אבל הריחות כבר מתפזרים סביב סביב ואפשר להריח אותם ת""ק על ת""ק פרסה.",חמש מאות (גימטריה),תנא קמא | תביעות קטנות | חמש מאות (גימטריה),3,knesset,knesset,15_ptm_532950.docx,clean
kn4-0617,תע״ל,"אין ספק שבנושא הזה סיעת תע""ל עומדת לצד המציעים בכל הקשור לכישלון כמעט מחפיר של מדיניות הממשלה החל מיום כינונה ועד עצם היום הזה.",תנועה ערבית להתחדשות,תצוגה עילית | תנועה ערבית להתחדשות | חמש מאות (גימטריה),3,knesset,knesset,15_ptm_532950.docx,clean
kn4-0618,ת״פ,"מהרגע שהגופות נמסרות למכון לרפואה משפטית באבו-כביר, שכידוע לך כסגן שר הבריאות לשעבר, הוא ת""פ של משרד הבריאות.",תחת פיקוד,תחת פיקוד | תיק פלילי | ארבע מאות ושמונים (גימטריה),3,knesset,knesset,15_ptm_532965.docx,clean
kn4-0619,תע״ל,"הודעת סיכום מטעם סיעת תע""ל לחבר הכנסת אחמד טיבי, בבקשה.",תנועה ערבית להתחדשות,תצוגה עילית | תנועה ערבית להתחדשות | חמש מאות (גימטריה),3,knesset,knesset,15_ptm_532966.docx,clean
kn4-0620,תע״ל,"אנחנו מצביעים על הצעת הסיכום של סיעת תע""ל.",תנועה ערבית להתחדשות,תצוגה עילית | תנועה ערבית להתחדשות | חמש מאות (גימטריה),3,knesset,knesset,15_ptm_532966.docx,clean
kn4-0621,תע״ל,"הצעת סיכום אחרונה מטעם סיעת תע""ל, בבקשה, ונעבור להצבעות.",תנועה ערבית להתחדשות,תצוגה עילית | תנועה ערבית להתחדשות | חמש מאות (גימטריה),3,knesset,knesset,15_ptm_532966.docx,clean
kn4-0622,תע״ל,"ההצבעה הראשונה – על הצעת הסיכום של סיעת תע""ל.",תנועה ערבית להתחדשות,תצוגה עילית | תנועה ערבית להתחדשות | חמש מאות (גימטריה),3,knesset,knesset,15_ptm_532966.docx,clean
kn4-0623,תע״ל,"אני רוצה לומר לחברי הכנסת, ששמעתי את היושבת בראש, שאמרה: הצעת ההחלטה של תע""ל, שהולכים מלמטה למעלה, והיא צדקה.",תנועה ערבית להתחדשות,תצוגה עילית | תנועה ערבית להתחדשות | חמש מאות (גימטריה),3,knesset,knesset,15_ptm_532966.docx,clean
kn4-0624,צח״מ,"רבותי, אדם שודד בנק, שודד 20,000 שקל, מדינת ישראל מקימה צח""מ, עשרות ניידות רודפות אחריו, שמים אותו בבית-סוהר.",צוות חקירה מיוחד,צוות חקירה מיוחד | צריכת חמצן מרבית | צוות חטיבתי משוריין | מאה ושלושים ושמונה (גימטריה),4,knesset,knesset,15_ptm_532967.docx,clean
kn4-0625,צח״מ,"היום אם פורצים לבנק וגונבים 50,000 או 100,000 שקל, המשטרה מקימה צח""מ, צוות חקירה מיוחד.",צוות חקירה מיוחד,צוות חקירה מיוחד | צריכת חמצן מרבית | צוות חטיבתי משוריין | מאה ושלושים ושמונה (גימטריה),4,knesset,knesset,15_ptm_532969.docx,clean
kn4-0626,אג״ם,"הגברת אפשטיין טענה בפני קצין אג""ם ירקון, שמדובר בקבוצת אנשים שאינם קשורים לפורום שהיא מייצגת.",אגף המבצעים,"אגף המבצעים | אגף המטה | אגף המטה הכללי | ארבעים וארבע (גימטריה) | אג""ם חקירות (משרד חוקרים פרטי)",5,knesset,knesset,15_ptm_532970.docx,clean
kn4-0627,מט״ח,"שני גופים חיצוניים עוסקים בכתיבת טופס בחינות הבגרות – מט""ח, המרכז לטכנולוגיה חינוכית, ומכון סאלד.",מטבע חוץ,מטבע חוץ | מרכז לטכנולוגיה חינוכית | חמישים ושבע (גימטריה),3,knesset,knesset,15_ptm_532971.docx,clean
kn4-0628,ממ״ד,"כל מי שיש לו ממ""ד בבית, זה באחריותו הפרטית.",מרחב מוגן דירתי,ממלכתי דתי | המרכז למחקר מדיני | מרחב מוגן דירתי | שמונים וארבע (גימטריה),4,knesset,knesset,15_ptm_532974.docx,clean
kn4-0629,תע״ל,"הודעת סיכום של סיעת תע""ל: הכנסת מוקיעה בכל לשון של הוקעה את התקפת הטרור שפגעה באזרחים חפים מפשע בארצות-הברית.",תנועה ערבית להתחדשות,תצוגה עילית | תנועה ערבית להתחדשות | חמש מאות (גימטריה),3,knesset,knesset,15_ptm_532975.docx,clean
kn4-0630,תע״ל,"חברי הכנסת, אנחנו ניגש להצבעה בסדר הבא: הצבעה ראשונה תהיה הצבעה על הצעת הסיכום שהוצעה על-ידי חבר הכנסת אחמד טיבי מטעם סיעת תע""ל.",תנועה ערבית להתחדשות,תצוגה עילית | תנועה ערבית להתחדשות | חמש מאות (גימטריה),3,knesset,knesset,15_ptm_532975.docx,clean
kn4-0631,א״מ,"מימון עבור הגן לילדה א""מ הינו ממשרד העבודה והרווחה.",ראשי תיבות שם פרטי ומשפחה (זהות חסויה),אמצעים מיוחדים | אגף מודיעין | אליעזר מאיר (ליפשיץ) | אניית מנוע (א/מ) | ארבעים ואחת (גימטריה) | ראשי תיבות שם פרטי ומשפחה (זהות חסויה),6,knesset,knesset,15_ptm_532977.docx,clean
kn4-0632,ממ״ד,"אני לא יודע אם אתם יודעים – יש עמלת ממ""ד.",מרחב מוגן דירתי,ממלכתי דתי | המרכז למחקר מדיני | מרחב מוגן דירתי | שמונים וארבע (גימטריה),4,knesset,knesset,15_ptm_532980.docx,clean
kn4-0633,ממ״ד,"נכון שזה לא מהחדר האטום, אבל חשבתי שעוד מימי החדר האטום הם גובים עמלת ממ""ד, כיוון שאז הם ישבו בחדר האטום, אבל זה לא כך.",מרחב מוגן דירתי,ממלכתי דתי | המרכז למחקר מדיני | מרחב מוגן דירתי | שמונים וארבע (גימטריה),4,knesset,knesset,15_ptm_532980.docx,clean
kn4-0634,י״ח,"י""ח עיקרי התחייה שכתב, מבטאים, בלשון נשגבת, את עומקה ההיסטורי ואת רוחב יריעתה של תפיסת עולמו.",שמונה עשרה (גימטריה),יוסף חיים | יודעי חן | שמונה עשרה (גימטריה),3,knesset,knesset,15_ptm_532984.docx,clean
kn4-0635,ת״ש,"באמת, הרבה מאוד שנים, ויש קמב""ציות ויש פקידות ת""ש ביחידות – –",תנאי שירות,תפילת שחרית | תקיעת שופר | תנאי שירות | תחנת שאיבה | בא שמע | שבע מאות (גימטריה),6,knesset,knesset,15_ptm_532985.docx,clean
kn4-0636,ת״ש,"אבל עכשיו אלה כבר לא מדריכות ולא מש""קיות ת""ש, ולא פקידות פלוגתיות, אלא לוחמות ממש.",תנאי שירות,תפילת שחרית | תקיעת שופר | תנאי שירות | תחנת שאיבה | בא שמע | שבע מאות (גימטריה),6,knesset,knesset,15_ptm_532985.docx,clean
kn4-0637,תע״ל,"הצבעה שלישית, רבותי, של הצעת סיעת תע""ל להביע אי-אמון בראש הממשלה.",תנועה ערבית להתחדשות,תצוגה עילית | תנועה ערבית להתחדשות | חמש מאות (גימטריה),3,knesset,knesset,15_ptm_532986.docx,clean
kn4-0638,תע״ל,"הצבעה מס' 3 בעד הצעת סיעת תע""ל להביע אי-אמון בראש הממשלה – 18 נגד – 36 נמנעים – אין הצעת סיעת תע""ל להביע אי-אמון בראש הממשלה לא נתקבלה.",תנועה ערבית להתחדשות,תצוגה עילית | תנועה ערבית להתחדשות | חמש מאות (גימטריה),3,knesset,knesset,15_ptm_532986.docx,clean
kn4-0639,שח״ר,"אני הייתי רוצה, ברשות היושב-ראש, להתייחס לנושא החינוך המיוחד ולנושא שח""ר, שהועלה על-ידי חבר הכנסת דהאמשה.",שירותי חינוך ורווחה,שירותי חינוך ורווחה | שיבוץ וחזרה לשירות | תנועה פוליטית שהוקמה בשלהי הכנסת ה-15 | חמש מאות ושמונה (גימטריה),4,knesset,knesset,15_ptm_532991.docx,clean
kn4-0640,אז״ר,"אני, גם כחבר הוועדה למינוי דיינים, חושב שהדיינים צריכים להיות כמו השופטים – עד שנודע לי, שהשופט אליגון, נשיא בית-משפט השלום בבאר-שבע, גר בכפר-אז""ר.",אלכסנדר זיסקינד רבינוביץ',אלכסנדר זיסקינד רבינוביץ' | אויב זרק רימון | מאתיים ושמונה (גימטריה),3,knesset,knesset,15_ptm_532991.docx,clean
kn4-0641,מב״ר,"האם יש למשרדך תוכנית חלופית לתוכנית מב""ר?",מסלול בגרויות רגיל,משרד הבריאות | מסלול בגרויות רגיל | מפגר בעל רצון | מאתיים וארבעים ושתיים (גימטריה),4,knesset,knesset,15_ptm_532994.docx,clean
kn4-0642,מב״ר,"הקיצוץ שהושת על משרד החינוך פוגע, לצערי, גם בתוכניות שהושקעו בהן מחשבה ומאמצים רבים והן פועלות בהצלחה יתירה בקרב אוכלוסיות חלשות במגזרים השונים במערכת, ובכלל זה תוכנית מב""ר.",מסלול בגרויות רגיל,משרד הבריאות | מסלול בגרויות רגיל | מפגר בעל רצון | מאתיים וארבעים ושתיים (גימטריה),4,knesset,knesset,15_ptm_532994.docx,clean
kn4-0643,מב״ר,"קיימות אומנם במערכת תוכניות נוספות העונות למסלול הבגרותי, אך הואיל והגורם התקציבי הוא עיקר הקושי לגבי הפעלת תוכנית מב""ר, הרי שהבעיה בעינה עומדת.",מסלול בגרויות רגיל,משרד הבריאות | מסלול בגרויות רגיל | מפגר בעל רצון | מאתיים וארבעים ושתיים (גימטריה),4,knesset,knesset,15_ptm_532994.docx,clean
kn4-0644,מב״ר,"אני חושב שהמשרד צריך לשקול מחדש את הביטול הזה, שלא ייגע בנושא הבגרויות, ובמיוחד לא בתוכנית מב""ר.",מסלול בגרויות רגיל,משרד הבריאות | מסלול בגרויות רגיל | מפגר בעל רצון | מאתיים וארבעים ושתיים (גימטריה),4,knesset,knesset,15_ptm_532994.docx,clean
kn4-0645,מ״פ,"אותו סגן או מפקד מחלקה או מ""פ שהיה בלילה – –",מפקד פלוגה,מפקד פלוגה | מחנה פליטים | מחשבה פלילית | לשון משלים פועל | מחשבים מגה פיקסל | מתמטיקה מכפלה פנימית | מאה ועשרים (גימטריה),7,knesset,knesset,15_ptm_533002.docx,clean
kn4-0646,אח״מ,"אישורי אח""מ של משרד הדתות – משרד הדתות המנהל את האירוע חילק כ-1,500 אישורי אח""מ.",אישיות חשובה מאוד,"אחרי מות | אחר מכן | אגף חקירות ומודיעין | אישיות חשובה מאוד | אחר מיתה, אחר מוֹת־ | ארבעים ותשע (גימטריה)",6,knesset,knesset,15_ptm_533003.docx,clean
kn4-0647,א״י,"אני זוכר שהיתה פה בכנסת תערוכה על תקופת המנדט הבריטי – גם אז קראו לאזרחי פלשתינה-א""י, אלה שנמצאו פה, להעדיף תוצרת הארץ.",ארץ ישראל,"ארץ ישראל | אבן יקרה | אינו יהודי | אין יכול | אחת עשרה (גימטריה) | אברהם יוסף לייזרזון (ח""כ)",6,knesset,knesset,15_ptm_533006.docx,clean
kn4-0648,מ״פ,"בעוד אני תבעתי שלא יהיה קצין שיפוט זוטר, הצבא ביקש להשאיר את הסמכות הזאת לגבי מ""פ ביחידות קרביות.",מפקד פלוגה,מפקד פלוגה | מחנה פליטים | מחשבה פלילית | לשון משלים פועל | מחשבים מגה פיקסל | מתמטיקה מכפלה פנימית | מאה ועשרים (גימטריה),7,knesset,knesset,15_ptm_533006.docx,clean
kn4-0649,ש״ש,"בחטיבות הביניים אין תקנים לייעוץ, ומומלץ שמנהל בית-הספר יקצה 1.7 ש""ש לפחות, לכל כיתה.",שעות שבועיות,שנה שנייה | שנת שירות | שם שמים | שעות שבועיות | שבת שלום | שומר שכר | שב שמעתתא | שעת שינה | שעות שנתיות | שבועת שוא | שבלת שועל | שירות שקים | שש מאות (גימטריה),13,knesset,knesset,15_ptm_533006.docx,clean
kn4-0650,ש״ש,"בחטיבה העליונה מקבל המוסד הקצאה של 1.7 ש""ש לכיתה, באמצעות השכלה משלימה בכל המגזרים.",שעות שבועיות,שנה שנייה | שנת שירות | שם שמים | שעות שבועיות | שבת שלום | שומר שכר | שב שמעתתא | שעת שינה | שעות שנתיות | שבועת שוא | שבלת שועל | שירות שקים | שש מאות (גימטריה),13,knesset,knesset,15_ptm_533006.docx,clean
kn4-0651,ש״ש,"משרד החינוך מקצה 2 ש""ש תקניות לכל כיתה בחינוך המיוחד, בחינוך העברי ובחינוך הערבי גם יחד.",שעות שבועיות,שנה שנייה | שנת שירות | שם שמים | שעות שבועיות | שבת שלום | שומר שכר | שב שמעתתא | שעת שינה | שעות שנתיות | שבועת שוא | שבלת שועל | שירות שקים | שש מאות (גימטריה),13,knesset,knesset,15_ptm_533006.docx,clean
