acronym,context,source,page_title
רמב״ם,"גם העברנו בשם הכנסת את מסר ההשתתפות שלנו למשפחות, ואני גם ביקרתי, אני מקווה גם בשמכם, את כל הפצועים בבית-החולים ""רמב""ם"".",knesset,13_ptm_532014.docx
רמב״ם,"גם אני מצרפת מכאן את תנחומי למשפחות השכולות, ושולחת ברכת החלמה ורפואה שלמה לפצועים בבית-החולים ""רמב""ם"" בחיפה.",knesset,13_ptm_532014.docx
ש״ח,"ומשום שהעולים לא מגיעים נוצר בתקציב משרד הקליטה עודף של 650 מיליון ש""ח.",knesset,13_ptm_532014.docx
ש״ס,"המפלגות ש""ס ויהדות התורה משלות את עצמן, כאילו החלטה כזאת של הממשלה עשויה להביא לידי כך שלא ייובא בשר לא-כשר, ואין הדבר כך.",knesset,13_ptm_532014.docx
נ״מ,"והנה ה""חיזב-אללה"" פועל נגדנו באש תותחים ומרגמות, וזאת בלי שתהיה לו הגנת נ""מ משמעותית, וזה לא באזור מוכה טילים, ואנחנו משיבים רק באש ארטילרית.",knesset,13_ptm_532014.docx
יו״ד,"מעולם לא עמדתי על מידת הדין ועל קוצו של יו""ד.",knesset,13_ptm_532014.docx
ש״ח,"ההוצאה התקציבית כיום למימון זכויות נכי רדיפות הנאצים מסתכמת בכ-150 מיליון ש""ח בשנה.",knesset,13_ptm_532015.docx
הנ״ל,"לאור כל הנ""ל אני תומכת בהעברת הצעת החוק הנדונה, של חברי הכנסת יעל דיין ואבי יחזקאל, לוועדת העבודה והרווחה של הכנסת.",knesset,13_ptm_532015.docx
הנ״ל,"בתאריך 27 בספטמבר 1993 הועברה לרשות העתיקות התחייבות על סך מיליון שקלים עבור ביצוע סקר בשכונה הנ""ל, כמקדמה.",knesset,13_ptm_532015.docx
הנ״ל,"היום, ממש הבוקר, נמסר לי מרשות העתיקות, כי הגיעו להסדר עם הגורמים הנ""ל והעבודה תחודש.",knesset,13_ptm_532015.docx
הנ״ל,"המינהלת ומשרד הבינוי והשיכון יפתחו את השכונות הנ""ל בשנת 1994 על-פי התוכנית, אשר תתואם ותסוכם עם רשות העתיקות.",knesset,13_ptm_532015.docx
ד״ר,"– אני מצטט ממכתבו של מנהל המחקר למדעי האדמה, ד""ר מיכאל וייט, במשרד האנרגיה והתשתית, הכותב כך: ""המפות אשר הועברו על-ידי – זו היתה בקשה של המדענים – למסירה למצרים כללו: 1.",knesset,13_ptm_532015.docx
הנ״ל,"כאן אני מדגיש ואני מצטט: ""כל המפות הנ""ל פורסמו ונמצאות ברשות כל משתמש.",knesset,13_ptm_532015.docx
רש״י,"שואל רש""י, מה זו הלשון הכפולה – וטוב שיש לנו חבר הכנסת אלי דיין; שוב לצור מחצבתך, אלי.",knesset,13_ptm_532015.docx
רש״י,"ובכן, אומר רש""י: ויירא – שמא ייהרג, ויצר לו – אם יהרוג הוא את האחרים.",knesset,13_ptm_532015.docx
ש״ס,"אם תוציא 44 מ-404 נשאר בדיוק 360, שזה בגימטריה ש""ס.",knesset,13_ptm_532015.docx
הנ״ל,"האם מרכז המידע הנ""ל דייק בדיווחיו ובהודעותיו בעבר בכל הנוגע להתנהגות כוחות הביטחון?",knesset,13_ptm_532016.docx
מג״ב,"פרקליטות מחוז הצפון החליטה לסגור את התיק כנגד אנשי מג""ב, באין אשמה פלילית.",knesset,13_ptm_532016.docx
הנ״ל,"כאשר ניגש הנ""ל באותו יום כדי להגיש תלונה על הגנבה בתחנת המשטרה של טייבה, הוא נעצר לחקירה יחד עם חבריו.",knesset,13_ptm_532016.docx
הנ״ל,"ביום ראשון, 30 במאי 1993, הגיעו שוטרים ממשטרת טייבה לבית הוריו של הנ""ל והודיעו להם, כי בנם התאבד בתחנת המשטרה של עפולה.",knesset,13_ptm_532016.docx
קמ״ש,"האם ידוע למשטרה כמה נהגים נתפסו במהלך שנת 1993 כשהם נוהגים במהירות העולה על 130 קמ""ש?",knesset,13_ptm_532016.docx
ש״ח,"אבל לאחר החלטת ראש ההוצאה לפועל כמה ישלם בגין החוב, משלם החייב את מחצית האגרה השנייה, 35 ש""ח, פעם אחת, בגין כל הפקודות שהובאו בפני בית-המשפט באותו שלב.",knesset,13_ptm_532016.docx
ש״ח,"בפועל הביא המצב לכך, שמשטרת ישראל ביצעה את צווי המאסר בעלות ממוצעת של כ-42 ש""ח לצו, במקום 70 ש""ח שאותם קבע המחוקק.",knesset,13_ptm_532016.docx
השב״ס,"בעקבות הביקור והדיונים שקיים הנציב עם קציני המטה החליט נציב השב""ס על הצעדים הבאים: א.",knesset,13_ptm_532016.docx
השב״ס,"יש לציין שנציב השב""ס שוחח במהלך ביקורו עם כל האסירים, תא אחר תא, והוברר שחלק מן הטענות שהובאו בכתבה הוכחשו על-ידי האסירים, ואחרות היו מוגזמות או מופרכות.",knesset,13_ptm_532016.docx
ח״י,"בסימן ח""י תומכים, הצעת החוק אושרה והפכה לחוק, חברי הכנסת.",knesset,13_ptm_532016.docx
ד״ר,"אני לא אשכח איך פעם, במשא-ומתן על ההסדר עם הסורים ב-1974, אמר לי ד""ר קיסינג'ר: מה יש לגנרלים לעשות במשא-ומתן?",knesset,13_ptm_532017.docx
י״ח,"אדוני היושב-ראש, כנסת נכבדה, בליל שבת, י""ח בטבת, הפגינו תושבי בני-ברק נוכח חילולי שבת הנעשים באזור התעשייה, בכלל זה ב""מכון גאלופ"", שפגעו ברגשות התושבים.",knesset,13_ptm_532017.docx
ד״ר,"אני רוצה להזכיר, שמחקר של ד""ר בן-יהודה מהאוניברסיטה העברית קבע, שבתקופת המנדט הבריטי נרצחו כ-50 יהודים שנחשדו בשיתוף פעולה עם הבריטים, על-ידי ארגונים יהודיים.",knesset,13_ptm_532017.docx
ש״ח,"איך ייתכן שמשכורתו של מרצה באוניברסיטה, לאחר 24 שנות לימוד, אינה יותר, אדוני שר האוצר, מ-5,018 ש""ח, ומשכורתו של פרופסור מן המניין, לאחר 30 שנות עבודה, אינה עולה על 5,058 ש""ח ברוטו, לא נטו, חס וחלילה?",knesset,13_ptm_532017.docx
ש״ח,"האין מצב זה מאלץ אותו לעסוק בחלטורות שונות כדי להשלים את דמי מחייתו, או אפילו כדי להגיע לגובה ההוצאה הממוצעת למשפחה בת ארבע נפשות, כלומר – כדי שיגיע לכ-5,000 ש""ח נטו?",knesset,13_ptm_532017.docx
רש״י,"שואל רש""י: וכי עלתה על לב שזקני בית-דין שופכי דמים אלה?",knesset,13_ptm_532017.docx
אש״ל,"ולעניין השבתון שנאמר בדברי השר ובדברי חבר הכנסת פורז: כששר נוסע לחוץ-לארץ הוא מקבל אש""ל, הוא לא חוזר עם דולרים.",knesset,13_ptm_532017.docx
הנ״ל,"ועדת השרים לענייני חקיקה החליטה להתנגד להצעת החוק הנ""ל, ועל כן הנני מבקש מהכנסת להסיר את הצעת החוק מסדר-היום.",knesset,13_ptm_532017.docx
הנ״ל,"העניין כולו מצוי, כאמור, בבדיקת הגורמים הנ""ל, תוך התכתבות ובירורים עובדתיים ומשפטיים עם חברות הביטוח והבנקים הנוגעים לעניין.",knesset,13_ptm_532017.docx
הנ״ל,"כיוון שהאחראי לביטוח לא כתב ולא אמר לי כמה זמן יימשך בירור העניין, אני אהיה מוכן להודיע לך בתוך כמה זמן תקבל תשובה ותיקבע עמדת הגורמים המפקחים הנ""ל, שכן ייתכן שהכרעתם תהפוך את הדיון כולו למיותר.",knesset,13_ptm_532017.docx
ש״ש,"תלמידים יוצאי אתיופיה שעלו לאחר 1 בינואר 1991 מקבלים 1.75 ש""ש לתלמיד בכל שכבות הגיל.",knesset,13_ptm_532017.docx
הנ״ל,"מה היא הסיבה להוצאת הבחינות במקצועות הנ""ל ממעגל בחינות הבגרות החיצוניות?",knesset,13_ptm_532017.docx
הנ״ל,"אם כן – האם יימנע ביטול הבחינה הנ""ל, ביטול העלול להפוך מקצוע חשוב זה למקצוע משני?",knesset,13_ptm_532017.docx
הנ״ל,"האם אין התהליך הנ""ל מהווה סממן לכרסום המתמשך במעמד הציונות במערכת החינוך?",knesset,13_ptm_532017.docx
הנ״ל,"המגזר החרדי זכה בשנים האחרונות לתגבור משמעותי, ואין כל יסוד לטענה הנ""ל.",knesset,13_ptm_532017.docx
אצ״ל,"הוא מגיע לחוף, הוא פוגש שם אנשי אצ""ל שכבר היו מגויסים לצבא העברי, ששמעו את פשר העניין והגיעו אליו על מנת להשיב אש ליורים.",knesset,13_ptm_532017.docx
אצ״ל,"והוא מוסיף: כעבור ימים מועטים עמדו בחורי אצ""ל, ביניהם בחורי ""אלטלנה"" שעליהם ירו, בכל החזיתות, כנגד האויב הפולש.",knesset,13_ptm_532017.docx
ש״ח,"אף-על-פי-כן נגרם גירעון לא קטן בשנת 1993, בהיקף של 30 מיליון ש""ח.",knesset,13_ptm_532017.docx
ש״ח,"למה הוקפאו 50 מיליון ש""ח מהתקציב לישיבות, שהיו בתקציב השוטף, לפי הסיכומים שסוכמו אתך, עם סיעתך, כאשר הייתם באופוזיציה?",knesset,13_ptm_532018.docx
ש״ח,"לפי הסיכום בקדנציה הקודמת, היה צריך להשלים 11,500 מיליון ש""ח לכיסוי הגידול הטבעי.",knesset,13_ptm_532018.docx
ש״ס,"אני חשבתי לתומי, שיש כל הזמן שיחות בין מפלגת העבודה ובין ראש הממשלה לבין ש""ס, הרב עובדיה יוסף.",knesset,13_ptm_532019.docx
ש״ס,"הכסף יועבר ל""אל המעיין"", ו-70 מיליון יועברו למשרד הפנים כתוספת למשרד הפנים, כדי שתינתן למוסדות ש""ס.",knesset,13_ptm_532019.docx
ש״ס,"אני אומנם רגיל לכך שאת כל התקדימים עושים על גבה של ש""ס, אבל אני מקווה שאת התקדים הזה לא תיצרו הפעם, ותקיימו את הנוהל הזה, בעיקר כי קשה לי לנאום וקריאות ביניים מפריעות לי.",knesset,13_ptm_532019.docx
ש״ס,"אדוני היושב-ראש, חברי הכנסת, שרי הממשלה, תנועת ש""ס וחברי הכנסת שלה אמונים על כך שהמצע המדיני והחברתי שלה הוא פסיקת הרב עובדיה יוסף ומועצת חכמי התורה, ויצאנו עם זה אל הציבור מאז הקמתה של תנועת ש""ס.",knesset,13_ptm_532019.docx
ש״ס,"זה לא דבר חדש, וזה לא בא בעקבות ההסכם הזה ולא לאור כניסתה של ש""ס לממשלה הזאת, שהייחוד שלה וזכות קיומה היו נושא השלום.",knesset,13_ptm_532019.docx
ש״ס,"אדוני היושב-ראש, מופעל לחץ על ש""ס, לכן שר החוץ מושך את הזמן.",knesset,13_ptm_532019.docx
ש״ס,"אני מבקש לדעת, הואיל והיו פה הסתודדויות בין שר האוצר לבין סיעת ש""ס – – –",knesset,13_ptm_532019.docx
ש״ס,"עכשיו יקרא לפנינו את הודעת הסיכום של סיעת ש""ס חבר הכנסת פנחסי.",knesset,13_ptm_532019.docx
ש״ס,"אדוני היושב-ראש, הצעת החלטה מטעם סיעת ש""ס: הכנסת קובעת כי לצד הסיכוי לשלום יש חששות, וכי ההסכם ייבחן לפי יכולת העמידה של הממשלה.",knesset,13_ptm_532019.docx
ש״ס,"חברי הכנסת, אנחנו מצביעים על הצעת הסיכום של סיעת ש""ס.",knesset,13_ptm_532019.docx
ש״ס,"אני עסקתי בנושא הזה, ואני רוצה לומר שיש גידול ניכר בגיוס של בחורי ישיבות, דווקא ממוסדות ש""ס.",knesset,13_ptm_532019.docx
י״א,"בכיתות י""א, בשיתוף עם העיריות, נכניס כלימוד חובה לימוד נהיגה ובטיחות, תוך שחרור הנבחנים שיעברו בהצלחה מהצורך לעבור מבחן נוסף בתיאוריה בעת קבלת הרשיון.",knesset,13_ptm_532020.docx
י״א,"אשר לחינוך: אם אתבקש ללמד בכיתות י""א ובכיתות אחרות, יחד עם משרד החינוך, את נושא הבטיחות, אעשה את זה מכל הלב וברצון.",knesset,13_ptm_532020.docx
ש״ס,"אם תמציא לי אישור שאתה נציג ש""ס, אני אאפשר לך.",knesset,13_ptm_532020.docx
אג״ם,"בשל חשיבות הנושא הפניתי את הדבר אל ראש אג""ם במטה הארצי של המשטרה, אשר יבחן את הדרכים למנוע הישנות מקרה כמו זה בעתיד.",knesset,13_ptm_532020.docx
ד״ר,"אני מודה מאוד לחבר הכנסת ד""ר יוסי ונונו, ששואל אותי מה מטרת הדיבור הזה.",knesset,13_ptm_532020.docx
ד״ר,"עכשיו ברצוני לפנות אל חבר הכנסת ד""ר רענן כהן.",knesset,13_ptm_532020.docx
ד״ר,"אני חושב שמה שעושה בעניין הזה חבר הכנסת ד""ר רענן כהן זו מלאכה חשובה שצריכה לקבל ביטוי, כי בסופו של דבר כאשר אדם הולך לצבא הוא מסכן את הדבר החשוב ביותר, את חייו, והוא מוכן להקריב חיים למען מטרה.",knesset,13_ptm_532020.docx
ש״ח,"אם לממשלה יש, נניח, תוכנית השקעות פרודוקטיבית לצמיחה, להשקעות בתשתית, אבל בד בבד היא מעבירה מכספי האוצר למעלה מ-3 מיליארדי ש""ח לסקטור הלא-יצרני, ההסתדרותי, הקיבוצי, הנזק הוא אותו נזק.",knesset,13_ptm_532020.docx
ד״ר,"חבר הכנסת איתן, בדקנו בספרי הכנסת מימים ימימה, ומצאנו שאתה צריך לדבר עוד שעתיים וחצי כדי להשיג את השיא של ד""ר בדר.",knesset,13_ptm_532020.docx
ד״ר,"בסיכום, אני מבקש לקרוא לכם מאמר של כלכלן, ד""ר סטיבן פלאוט, שניסה לסכם את העידן של הליכוד.",knesset,13_ptm_532020.docx
ש״ח,"שכר המינימום עודכן באפריל ל-1,377.9 ש""ח לחודש.",knesset,13_ptm_532022.docx
ש״ס,"אני רוצה לשאול אותו ואני רוצה לשאול את מצביעי ש""ס: השתנה משהו?",knesset,13_ptm_532022.docx
מו״מ,"זה לא מו""מ, זהו מום – מום ביכולתו של ראש הממשלה לנווט משא-ומתן זה בהצלחה.",knesset,13_ptm_532022.docx
ש״ח,"ביחס לליקויים שנתגלו בשנת 1992, עד היום חברת ""עמידר"" השקיעה כ-5 מיליוני ש""ח בתיקון הליקויים.",knesset,13_ptm_532022.docx
ד״ר,"ד""ר ע', שחזר מהשתלמות באישור מנהל בית-החולים, מועסק מאז חזרתו לפי חוזה מיוחד ובאופן זמני; ה.",knesset,13_ptm_532022.docx
ד״ר,"(לא נקראה, נמסרה לפרוטוקול) ד""ר רבינוביץ הינו מרצה בכיר באוניברסיטת בר-אילן.",knesset,13_ptm_532022.docx
קמ״ט,"כיום מתקיימות התייעצויות בין שירותי בריאות הציבור ביהודה ובשומרון לבין משרד קמ""ט חינוך בנושא היערכות לפעולות הסברה בקרב תלמידים בבתי-ספר.",knesset,13_ptm_532022.docx
ש״ח,"התוספת של שני סגנים על החמישה תעלה לכנסת השלוש-עשרה, רק במשכורות – 48,000 ש""ח בארבע השנים הקרובות; שלא לדבר על כך שצריכים להעמיד לרשותם חדרים ואת כל הדברים האחרים.",knesset,13_ptm_532023.docx
מ״ר,"אולם עד מהרה השכירה החברה את הגן כולו, ששטחו 14,000 מ""ר, למר ורטהיימר באופן בלעדי.",knesset,13_ptm_532024.docx
איו״ש,"אני רוצה לומר, שמתוך 16 פיגועים שהיו בתוך שטח ""הקו הירוק"", בתוך שטח מדינת ישראל בגבולות ""הקו הירוק"", שישה נעשו על-ידי אנשי רצועת-עזה, חמישה על-ידי אנשי איו""ש, וחמישה עדיין לא מפוענחים.",knesset,13_ptm_532024.docx
ש״ח,"הוטלו עלינו קנסות, לפי חוק מימון מפלגות, בסכום המתקרב ל-2 מיליוני ש""ח.",knesset,13_ptm_532024.docx
ש״ח,"אף כי לא הואשמנו בנושא מס הכנסה, שילמה הסיעה סכום של 750,000 ש""ח לנציבות מס הכנסה לחיסול כל היבטי הפרשה, הן ההיבטים הפיסקליים והן ההיבטים האחרים, בכלל זה הפליליים.",knesset,13_ptm_532024.docx
ש״י,"חברי הכנסת, אנו עוברים להצעת חוק ש""י, הצעת חוק הסקרים – של חבר הכנסת דוד מנע.",knesset,13_ptm_532024.docx
ד״ר,"שמו ד""ר עודד קריב, הוא אותו אדם שפנה בשעתו לבית-המשפט לתביעות קטנות והשיג את פסק-הדין.",knesset,13_ptm_532025.docx
ד״ר,"כאשר אני פוגש אדם כמו ד""ר עודד קריב, שמנהל מאבק עקרוני במשך שנים, אני חושב שלאות הערכה הייתי רוצה באמת לציין את המאבק הזה, ואני אעמוד שעתיים על הדוכן.",knesset,13_ptm_532025.docx
ד״ר,"הדברים הגיעו לערכאות שיפוטיות, בית-המשפט העליון קיבל החלטה, וההחלטה של בית-המשפט העליון חזרה לביצוע לגבי אותו ד""ר עודד קריב שניהל את התביעה הניסיונית.",knesset,13_ptm_532025.docx
ד״ר,"אבל קבלו הסתייגות והוכיחו שלאזרחי מדינת ישראל, כמו ד""ר עודד קריב, שניהל מאבק שרבים מזדהים אתו, יש יכולת השפעה מסוימת, ולו סמלית, גם על הבית הזה.",knesset,13_ptm_532025.docx
ד״ר,"הדברים התקבלו בברכה על-ידי היושב-ראש הסנגלי של הוועדה, ד""ר סאו, אשר בעקבות הדיווח מנע מחברי הוועדה הצגת שאלות והסתפק בהבעת תקווה לקידום נוסף של התהליך.",knesset,13_ptm_532025.docx
השב״ס,"שהייה ארוכה בתאי ההפרדה – החזקה של אסיר בהפרדה נעשית בהתאם לקבוע בסעיף 21 לתקנות בתי-הסוהר ולפקודות ולנוהלי השב""ס, שהוצאו בעקבות התקנות.",knesset,13_ptm_532025.docx
השב״ס,"ברצוננו לציין, כי מייד הפנינו את תשומת לב ממלא-מקום נציב השב""ס וביקשנו את התערבותו לתיקון המצב בהקדם, ואנו מצדנו נקיים גם מעקב.",knesset,13_ptm_532025.docx
יש״י,"יש""י, יחד שבטי ישראל – לא ניתן לקבוע אם עמדו באיסורים על סכומי ההוצאות ועל תרומות.",knesset,13_ptm_532026.docx
י״א,"ישיבת הכנסת תתקיים מחר, יום חמישי, י""א מנחם-אב, 29 ביולי 1993, בשעה 11:00.",knesset,13_ptm_532026.docx
רמב״ם,"החולים מטופלים בבתי-חולים בישראל: ב""הדסה"" וב""רמב""ם"".",knesset,13_ptm_532027.docx
י״א,"בכיתות י""א לימוד חובה של בטיחות ולימודי נהיגה עיוניים, שבסיומם יקבל התלמיד תעודה המשחררת אותו מצורך במבחן בתיאוריה ללימוד נהיגה.",knesset,13_ptm_532028.docx
קמ״ש,"אם אין בכוונתכם לעשות זאת, כיצד תוכלו לאכוף את התקנות המגבילות את המהירות ל-90 קמ""ש?",knesset,13_ptm_532028.docx
קמ״ש,"כבר היום המשטרה אוכפת החל במהירות 105 קמ""ש, כדי להתגבר על אי-דיוקים במד-המהירות שברכב.",knesset,13_ptm_532028.docx
קמ״ש,"מי שנוסע 110 קמ""ש מסתכן בדוח תנועה, ומי שנוהג במהירות העולה על 120 קמ""ש מסתכן בשלילה מינהלית של רשיון הנהיגה שלו.",knesset,13_ptm_532028.docx
קמ״ש,"חבר הכנסת מגן דיבר על 110 קמ""ש, והוא צודק.",knesset,13_ptm_532028.docx
בע״מ,"סעיף 4 להצעת החוק מחיל את החוק לגבי המקרה של ""הסנה חברה ישראלית לביטוח בע""מ"", שב-8 בדצמבר 1992 מונה לה מנהל מורשה.",knesset,13_ptm_532028.docx
מג״ב,"בפרשה הראשונה מדובר בדקירת שוטר מג""ב מאחור, דקירה שהסתיימה בפצע שטחי.",knesset,13_ptm_532030.docx
מ״ר,"הקצבה זו תאפשר השתתפות בבנייה במוסדות השונים בהיקף של אלפי מ""ר.",knesset,13_ptm_532030.docx
מ״ר,"תוכנית לבניית בניין גדול, ובו כ-8,000 מ""ר, נמצאת בשלבי תכנון.",knesset,13_ptm_532030.docx
פר״ח,"מלגות פר""ח, פרויקט חונכות, שבמסגרתו פועלים כ-14,000 סטודנטים כחונכים הזוכים במלגות בשיעור של קרוב למחצית משכר הלימוד.",knesset,13_ptm_532030.docx
מח״ל,"אדוני היושב-ראש, כנסת נכבדה, חרף עיסוקים חשובים בנושאים העומדים על סדר-היום, קרי סיוע לרשימות מח""ל במקומות שונים בארץ, העדפתי להפסיק את הסיור שלי, להגיע הנה, על מנת להביע תמיכה בחוק ולשבח את שר האוצר.",knesset,13_ptm_532031.docx
רש״י,"אומר רש""י: מה פתאום התורה מספרת על תכולת השיירה?",knesset,13_ptm_532033.docx
רש״י,"אומר רש""י, כדי שיוסף הצדיק לא יוזק מריח רע.",knesset,13_ptm_532033.docx
רש״י,"אומר רש""י: כשהריחו ריח ארצם, את ריח אתונה, סבורים להיות קרובים לעצמם ברומא, העזו ודיברו קשות עם המלך.",knesset,13_ptm_532033.docx
רש״י,"אומר על כך רש""י: נעשה בשרו חידודין חידודין.",knesset,13_ptm_532035.docx
רמב״ם,"רק לפני חודש אמר רופא בבית-החולים ""רמב""ם"", ואינני רוצה להזכיר את שמו אף שהוא הופיע בכל העיתונים, כאשר פנה אל חולה שהיתה מאושפזת שם ואל מי שבא לבקר אותה ואמר: ספרדים פרימיטיבים, מרוקאית מלוכלכת.",knesset,13_ptm_532035.docx
מ״ר,"בשנים האחרונות כל מוסדות החינוך הנבנים ביישובים השונים, בכל המגזרים, נבנים עם מקלטים, לפי תקן של 10 מ""ר לכיתה.",knesset,13_ptm_532036.docx
ס״מ,"ממצאים של מהנדסי רכבת ישראל מגלים, כי קטע של 300 מטר במסילת הרכבת בקו חיפה–נהרייה זז ממקומו ב-90 ס""מ.",knesset,13_ptm_532038.docx
ס״מ,"לפי מה שנאמר לי על-ידי המומחים, זה 70 ס""מ ולא 90 ס""מ, אבל זה לא משנה.",knesset,13_ptm_532038.docx
איו״ש,"עכשיו נעבור לתושבי איו""ש, בשנות הריצוי שלהם.",knesset,13_ptm_532038.docx
קק״ל,"משרד התחבורה השקיע בעבר בהקמת גשר להולכי רגל בצדי הגשר שברחוב קק""ל אשר משמש את הולכי הרגל, וכן על-מנת שיוכלו לעבור בבטחה בעת הצפת הגשר בשיטפונות.",knesset,13_ptm_532040.docx
תמ״א,"מנחת שדה תימן אינו מוזנח ונמצא בפיקוח מינהל התעופה האזרחית ומתוכנן בתוכנית מתאר ארצית לשדות תעופה ומנחתים (תמ""א 15) כשדה לטיסות פנים-ארציות, לטיסות ספורטיביות ולדאייה.",knesset,13_ptm_532040.docx
קמ״ש,"בכביש חיפה–תל-אביב המהירות המותרת היא 90 קמ""ש.",knesset,13_ptm_532040.docx
קמ״ש,"מדוע לא מורה השר על העלאת מהירות הנסיעה בכביש חיפה–תל-אביב ל-100 קמ""ש?",knesset,13_ptm_532040.docx
קמ״ש,"שר התחבורה הוציא תקנה המעלה את מהירות הנסיעה בדרך מהירה בין-עירונית מ-90 קמ""ש ל-100 קמ""ש, בהסתמך על ועדת מומחים בראשותו של פרופסור ליבנה מהטכניון.",knesset,13_ptm_532040.docx
קמ״ש,"דרך מס' 2, המכונה כביש חיפה–תל-אביב, אינה מוכרזת עדיין כדרך מהירה בין-עירונית, ולכן לא ניתן להעלות את מהירות הנסיעה מ-90 קמ""ש ל-100 קמ""ש.",knesset,13_ptm_532040.docx
סמ״ק,"רפורמה זו הביאה להוזלה משמעותית במחירי מכוניות בעלות נפח מנוע גדול יותר, ובמיוחד אלה שמעל 2,000 סמ""ק.",knesset,13_ptm_532040.docx
קמ״ש,"מה הן תוצאות הניסוי של העלאת מהירות הנסיעה המותרת ל-100 קמ""ש בשלושה כבישים בין-עירוניים בארץ?",knesset,13_ptm_532040.docx
מח״ל,"חברי הכנסת מסיעת מח""ל, אני רוצה להגיד לכם כמה דברים.",knesset,13_ptm_532041.docx
י״א,"המשיבים הם תלמידי כיתות י""א במדגם ארצי מייצג של בתי-ספר יהודיים, ערביים, דרוזיים ובדואיים, סך-הכול כ-200 בתי-ספר שנבחרו באקראי על-פי שיטות דגימה מקובלות.",knesset,13_ptm_532042.docx
ז״ל,"פרצופיהם של אהוד חלמיש ז""ל, אשר עזרא ז""ל, יעקב גבאי ז""ל, דביר יעקב מור-חיים ז""ל, הם – אני מביאה מובאה מ""המודיע"" – ""פרצופיהם של חיות ילדים המעוררים רגשי חמלה ורחמים"".",knesset,13_ptm_532043.docx
י״א,"אל מול השבר העכשווי והמודרני הזה עומד לו יום י""א באדר החל היום ועמו האירועים הנזכרים בהקשרו והמנהיגים שהובילו אותם אירועים כענקי הדור, כנביאים של ממש.",knesset,13_ptm_532044.docx
י״א,"בחרתי לציין את י""א באדר דווקא בנושא העוסק בנגע ההתבוללות, כי נראה לי שאין נושא מתאים יותר דווקא היום ודווקא בהקשר זה.",knesset,13_ptm_532044.docx
י״א,"לארגן את התקציב – משרד החוץ, הסוכנות היהודית – ולהביא לשנה את כל כיתות י""א מהגולה.",knesset,13_ptm_532044.docx
קמ״ט,"האם זה כולל הוצאות מטעם המינהל האזרחי – קמ""ט התיירות?",knesset,13_ptm_532045.docx
מד״ר,"ולסיום, אדוני, אני רוצה לקרוא מכתב מימים אלה, שקיבלתי מד""ר יצחק קדמן – גם שר הבריאות קיבל אותו, אני קיבלתי העתק.",knesset,13_ptm_532045.docx
א״י,"""הנדון: ושוב, ילדים ללא ביטוח בריאות רפואי"" – ואני קורא את המכתב: ""א""י הוא ילד בן כשנה וחצי הסובל מאיחור התפתחותי פסיכומוטורי ורפיון שרירים.",knesset,13_ptm_532045.docx
דפ״ר,"התוצאות של העוני הן: ילדים בחינוך מיוחד, ילדים עם דפ""ר נמוך, ילדים שחיים ללא הורים מכיוון שההורים בבתי-הסוהר, ילדים פגועים פיסית, נפשית, מינית.",knesset,13_ptm_532046.docx
רש״י,"אומר רש""י: קדושים תהיו, הוו פרושים מעריות.",knesset,13_ptm_532046.docx
רש״י,"מסביר רש""י: כל מקום שאתה מוצא גדר ערווה, אתה מוצא קדושה.",knesset,13_ptm_532046.docx
בע״מ,"חברת החשמל לישראל בע""מ, וכן חברת החשמל למחוז ירושלים בע""מ, פועלות מכוח זיכיון שהחל עוד בתקופת המנדט.",knesset,13_ptm_532046.docx
יו״ד,"ובכן, רבותי, יש כאן ויכוח על דיוק ועל קוצו של יו""ד.",knesset,13_ptm_532047.docx
מ״ר,"""המבנה הקטן (כ-10 מ""ר) שמעל לבאר היה מסוכן, וכיוון שלא חוזק במשך שנים, לא היה מנוס מלהורסו לפני בוא החורף.",knesset,13_ptm_532047.docx
ס״מ,"אחד השוטרים ירה בצעיר הזה ממרחק של 40 ס""מ, כאשר הוא שכב על הארץ ולא נשקפה ממנו שום סכנה, וכאשר שוטר שני ניסה לשבש הליכי חקירה.",knesset,13_ptm_532047.docx
השב״ס,"בקרב קצונת השב""ס הבכירה שוררת מאז התמרמרות רבה על עקיפת סמכויות.",knesset,13_ptm_532047.docx
השב״ס,"האחד – מנהיגות האסירים הביטחוניים; השני – מר לוי שאול, נציב השב""ס לשעבר.",knesset,13_ptm_532047.docx
השב״ס,"חבר הכנסת גולדשמידט, יש שירות רפואי של השב""ס; הם מזלזלים בו, וזה מה שטענתי גם בפעם הקודמת.",knesset,13_ptm_532047.docx
רש״י,"מפרש רש""י: וירא – שמא יהרג, ויצר לו – אם יהרוג הוא אחרים.",knesset,13_ptm_532047.docx
רמב״ם,"במקרה הזה, גברתי היושבת-ראש, שני השוטרים שהיו אחראים למעשה הורשעו בתיק פלילי 121/89 על-ידי בית-המשפט המחוזי חיפה, נידונו לשישה חודשי עבודות תחזוקה בבית-חולים ""רמב""ם"".",knesset,13_ptm_532048.docx
מ״מ,"הנשק והתחמושת שנתפסו היו כדלקמן: כלי נשק – 26 אקדחים, 41 רובי ציד וחמישה רובי אוויר; תחמושת – 2,481 כדורים 9 מ""מ; 700 כדורים 0.38; 365 כדורים 0.45; 325 כדורים 0.22; 850 כדורי ציד 12.",knesset,13_ptm_532048.docx
מ״ר,"ב-23 בנובמבר הציעו המינהל ונציגי הממשלה לאנשי רמיה, שכל אדם שהוא מעל גיל 18 יקבל מגרש של 450 מ""ר.",knesset,13_ptm_532049.docx
מ״ר,"כל גבר שהוא מעל גיל 18 שנה יקבל מגרש של 450 מ""ר.",knesset,13_ptm_532049.docx
מ״ר,"כאשר באים ואומרים להם: בואו, תיתנו לכל אדם ביישוב הזה 450 מ""ר, ל-106 נפשות, תנו לכל נפש חצי דונם – הם לא מסכימים.",knesset,13_ptm_532049.docx
מ״ר,"הזוג התגורר עם אב המבקש (אליהו סבאג) בדירת שלושה חדרים, 80 מ""ר, בבעלות חברת ""עמידר"".",knesset,13_ptm_532052.docx
קמ״ט,"האין שיתופו של קמ""ט ארכיאולוגיה של הגדה המערבית מעיד על כך שיש כאן רצון לבצע מחטף ארכיאולוגי, קודם שהשטח יימסר לידי רשויות האוטונומיה או הממשל הפלשתיני ביריחו?",knesset,13_ptm_532053.docx
קמ״ט,"קמ""ט ארכיאולוגיה ביהודה, בשומרון ובחבל-עזה, הכפוף לראש המינהל האזרחי, שותף ופועל לגבי העתיקות בהתאם לסמכויות ולנהלים הקבועים בכל אותן 40 פעולות, כמו במקרה זה.",knesset,13_ptm_532053.docx
ס״ב,"היהדות – הכוונה לתלמוד במסכת יבמות, דף ס""ב, שם כתוב: ""האוהב את אשתו כגופו והמכבדה יותר מגופו והמשיא בניו ובנותיו סמוך לפרקם עליהם הכתוב אומר וידעת כי שלום אהליך"".",knesset,13_ptm_532053.docx
ז״ל,"ומוסיפים: ""בין הרוצחים, בראש הרשימה האחים עאמר ורג'אח אבו-סיתה, אשר רצחו במרס אשתקד את אורי מגידיש ז""ל תושב גן-אור וסייעו ברצח שעיה דויטש ז""ל.",knesset,13_ptm_532054.docx
אמ״ן,"הוא כמובן לא שינה ואין לו כל כוונה לשנות את האמנה הפלשתינית, זה גם דווח לוועדת החוץ והביטחון על-ידי אנשי אמ""ן.",knesset,13_ptm_532054.docx
י״א,"י""א בשבט – דם ב""עמק האלכוהול"", שני נערים נדקרו במהלך קטטה אלימה שפרצה בליל שבת בפאב באזור התעשייה בחיפה.",knesset,13_ptm_532054.docx
י״ח,"י""ח בשבט – תנוך אוזנו של ילד בן 13 נתלש במהלך קטטה עם בן כיתה.",knesset,13_ptm_532054.docx
כ״ח,"כ""ח בשבט – בן 13 דקר בסכין תלמידה בכיתתו לאחר שאיים על חייה במשך חודשים.",knesset,13_ptm_532054.docx
ט״א,"על המשקל של מה שאנחנו אומרים לחיילים: אסור שתהיה אצבע קלה על ההדק, אני אומר למשטרה: אסור שתהיה לה אצבע קלה על ט""א, על המכשיר הזה של טביעת אצבעות.",knesset,13_ptm_532054.docx
מ״ר,"לפטור מהארנונה בגין 100 מ""ר מחזיק שהגיע לגיל 65 והמקבל מהביטוח הלאומי קצבת זיקנה בצירוף הטבה סוציאלית בתנאי שאין לו דירת מגורים נוספת.",knesset,13_ptm_532054.docx
קמ״ש,"מאות אופנועי ים טסים במהירות שמגיעה לפעמים ל-70 קמ""ש, בין המתרחצים, ואין פוצה פה.",knesset,13_ptm_532055.docx
קמ״ש,"מעניין, המשטרה רדפה אחריהם בג'יפ שהיה יכול לנוע במהירות של 80 קמ""ש מקסימום.",knesset,13_ptm_532055.docx
א״ס,"לדברי הגברת א""ס, מהוות הצעות אלה לעג לרש בהתחשב בשוויו הריאלי של המטען שנגנב.",knesset,13_ptm_532055.docx
רמב״ם,"כך כותבת הגברת יפה חממי מרחוב רמב""ם 20, ראשון-לציון.",knesset,13_ptm_532056.docx
רמב״ם,"שני המכשירים האלה – אחד יהיה ב""סורוקה"", אחד יהיה ב""רמב""ם"".",knesset,13_ptm_532062.docx
ת״ש,"האם קיימת התייחסות ספציפית לבעיות הקשורות למגויסים מעולי אתיופיה – מבחינת בעיות ת""ש, בעיות הסתגלות, חוסר התמצאות במערכת הצבאית, אי-ידיעת מלוא זכויותיהם כחיילים?",knesset,13_ptm_532065.docx
מ״ר,"בקשתו נדחתה בטענה, כי משרד השיכון מוסיף 15% לשטח דירתו וקובע את השטח כברוטו, וממילא דירתו נחשבת כ-103 מ""ר, ולפי הטבלה החדשה הוא איבד את זכותו.",knesset,13_ptm_532067.docx
מ״ר,"על-פי הכללים החדשים, משפחה בת 12 נפשות זכאית לסיוע במסגרת ""שלוש פלוס"" אם היא מתגוררת בדירת 103 מ""ר.",knesset,13_ptm_532067.docx
מ״ר,"משפחה בת תשע נפשות זכאית בדירה ששטחה עד 85 מ""ר.",knesset,13_ptm_532067.docx
מ״ר,"בתקציב הפיתוח לשנת 1992 נכלל תקציב לבניית סדנאות, בהיקף של 375 מ""ר, בבית-הספר המקיף בעין-מאהל.",knesset,13_ptm_532067.docx
מ״ר,"למרות התחייבות זו, בנתה המועצה בהיקף של 600 מ""ר, ובכך נוצר הפרש שאין לו כיסוי תקציבי.",knesset,13_ptm_532067.docx
תמ״א,"שר הבריאות ומשרד הבריאות מתנגדים לכך על אף החלטת הממשלה הזאת, שאישרה בישיבתה ב-21 בינואר 1993, במסגרת תוכנית מתאר ארצית, תמ""א 31, להקים באשדוד בית-חולים עם 600 מיטות, אשר בחלקו יתחיל לפעול כבר ב-1996.",knesset,13_ptm_532068.docx
הרא״ה,"אני ממשיך בישיבת בני-עקיבא בכפר-הרא""ה, נוער נוער.",knesset,13_ptm_532068.docx
רמב״ם,"אני חייב לחזור שבע שנים אחורה, לפרשת בית-החולים ""רמב""ם"", שעל הגג שלו מצאו תינוקות מתים.",knesset,13_ptm_532068.docx
בע״מ,"חברת ""אינטל אלקטרוניקה בע""מ"" הגישה ביום 28 בספטמבר 1993 את בקשתה לקבלת מעמד של מפעל מאושר בגין תוכנית השקעה, הכוללת, בין היתר, חכירת קרקע נוספת הצמודה למפעל הקיים באזור הר-חוצבים.",knesset,13_ptm_532068.docx
י״א,"הבוקר בעיתון ""חדשות"" הופיעה ידיעה, שתלמידי י""א חמושים יאבטחו דרכים לבתי-ספר בירושלים.",knesset,13_ptm_532069.docx
י״א,"על-פי הצעת השר – אני מצטטת – יסיירו תלמידי כיתות י""א בדרכים הראשיות שבאזור בית-הספר.",knesset,13_ptm_532069.docx
י״א,"ההודעה של דובר משרד החינוך והתרבות בעניין השמירה על-ידי תלמידי י""א היא הודעה נכונה, פרט לאי-הבנה אחת, שהבהרתי אותה.",knesset,13_ptm_532069.docx
יו״ד,"אנו עושים זאת אולי על-פי אופיינו הלאומי, תוך עמידה על קוצו של יו""ד, בלהט, לא אחת בקול ניחר ובצעקה רמה.",knesset,13_ptm_532070.docx
ס״ב,"ואל תתנו דמי לו עד יכונן ועד ישים את ירושלים תהילה בארץ""; ישעיהו פרק ס""ב.",knesset,13_ptm_532070.docx
ת״ק,"וחיינו כפי שהם, והם מדיפים – החיים היומיומיים, הפשוטים, החיים בלי מליצות, מדיפים ריח כבד ת""ק על ת""ק פרסה.",knesset,13_ptm_532070.docx
בד״ר,"על כן, לפני שמטילים אשמה, ואינני רוצה להטיל כל אשמה בד""ר גולדשמידט, ראוי וחובה שמה שהוא עשה ייבדק.",knesset,13_ptm_532072.docx
בע״מ,"הריני להתייחס לעסקה אשר סוכמה בין 'צור-שמיר', חברה לביטוח בע""מ, ביניכם ובין חברות שבשליטתכם, למכירת מניות בנק לפיתוח התעשייה.",knesset,13_ptm_532072.docx
רש״י,"ומוסיף רש""י: וזה שמצינו ביעל אשת חבר הקיני שלא הרגתו לסיסרא בכלי זין – זו הוכחה – אלא כמו שנאמר: ידה ליתד תשלחנה.",knesset,13_ptm_532072.docx
ת״ב,"הצעת התיקון היא פרי יוזמתה הברוכה של חברת הכנסת נעמי חזן בהצעת חוק ת""ב, אשר הובאה לדיון מוקדם במליאת הכנסת ביום 24 בפברואר 1993 ולקריאה ראשונה ביום 31 במאי 1993.",knesset,13_ptm_532073.docx
תמ״א,"אשר לתכנון בתי-סוהר חדשים – תוכנית המתאר הארצית (תמ""א 24), שאושרה על-ידי ממשלת ישראל בשנת 1982, כללה נוסף על אתר כלנית – צלמון דהיום, שהוזכר לעיל – עוד חמישה אתרים לבתי-סוהר חדשים.",knesset,13_ptm_532073.docx
בע״מ,"האם יש מניעה בהצגת החוזה שנחתם בין ממשלת ישראל לחברה לפיתוח קיסריה בע""מ לעיון התושבים?",knesset,13_ptm_532075.docx
י״א,"תוכניות למניעת שימוש בעייתי באלכוהול מועברות על-ידי יועצים ומחנכים בהיקף של 20-10 שעות בכיתות העל-יסודיות, וכוללות, בין היתר, גם תוכנית לכיתות י""א על אלכוהול ונהיגה.",knesset,13_ptm_532075.docx
אמ״ן,""" אלה הם ציטוטים מתוך ריאיון של ערב חג עם ראש אמ""ן.",knesset,13_ptm_532076.docx
אש״ל,"תבוא איזו ועדה של פקידים, עם כל הכבוד, היא תהיה מכובדת, תיסע, תקבל אש""ל, תגיע, יכבדו אותה, והיא תחליט לפי ראות עיניה איזה יישוב יקבל הטבות אלו ואחרות.",knesset,13_ptm_532078.docx
שח״ר,"(לא נקראה, נמסרה לפרוטוקול) התוכנית אכן מתוקצבת באגף שח""ר, ובדרך כלל תוקצבה יותר מהתכנון הצפוי לשנת הכספים, בהתאם למדד ההתייקרויות במשרד.",knesset,13_ptm_532079.docx
שח״ר,"אגף שח""ר עובד בעיקר בהתאם לתוכנית הרווחה והשיקום ביישובים שנקבעו על-פי החלטת הממשלה וועדת שרים.",knesset,13_ptm_532079.docx
שח״ר,"כל התוכניות באגף שח""ר מיועדות לאוכלוסיות חלשות, שהן אוכלוסיות היעד של אגף שח""ר.",knesset,13_ptm_532079.docx
שח״ר,"תפקיד אגף שח""ר הינו לדאוג לקידום ההישגים הלימודיים של האוכלוסיות החלשות במערכת החינוך.",knesset,13_ptm_532079.docx
תמ״ג,"זה ברור, כי אם בשיעור תמ""ג קבוע אתה מוציא יותר – – –",knesset,13_ptm_532080.docx
ע״ש,"ועוד מכתב על משה חוברה, ממינהל האוכלוסין: ""בעניין בקשתך למתן תעודת פטירה ע""ש חוברה משה, צר לנו להודיעך כי לא מצאנו את שם המנוח/ה בפנקס הפטירות"".",knesset,13_ptm_532081.docx
ב״א,"חבר הכנסת יהלום, כשהוא אומר שלילי, זה לא מפני שחסרה לו תעודת הוראה, או שאין לו תואר ב""א, או שהוא לא בוגר סמינר.",knesset,13_ptm_532083.docx
ש״פ,"חברי הכנסת, אנחנו עוברים לסעיף הבא בסדר-היום, הצעת חוק ש""פ, הצעת חוק-יסוד: נשיא המדינה (תיקון – בחירה ישירה של הנשיא) – של חבר הכנסת אליעזר זנדברג.",knesset,13_ptm_532087.docx
א״ח,"הצבעה מס' 12 בעד ההצעה להעביר את הנושא לוועדה – 24 בעד ההצעה שלא לכלול את הנושא בסדר-היום – אין נמנעים – 2 ההצעה להעביר את הנושא שהעלה חבר הכנסת א""ח שאקי לוועדת החוץ והביטחון נתקבלה.",knesset,13_ptm_532087.docx
א״ח,"אני קובע שהצעתו של חבר הכנסת א""ח שאקי עוברת לוועדה.",knesset,13_ptm_532087.docx
ת״פ,"וקיבלנו במתכונת מדריד את המשלחת האש""פיסטית מהשטחים כבת-שיח, הנמצאת במגע ישיר, שלא לדבר על ת""פ, תחת פיקוד, של מנהיגות העם הפלשתיני, היושבת בחלקה בתוניס.",knesset,13_ptm_532088.docx
קמ״ש,"אני אומר לכם מה שאני חש אם שוטר מסתתר מאחורי עץ ומחכה שמישהו לא יעצור עצירה מוחלטת בתמרור ""עצור"", ומי שנסע במהירות של 2 קמ""ש, הגלגלים לא נעצרו עד הסוף, זאת עבירה.",knesset,13_ptm_532089.docx
קמ״ש,"אני יודע שהמשטרה – ואולי אני מגלה סוד ידוע, שמי שנוסע במהירות של עד 105 קמ""ש בכביש שהמהירות המותרת בו היא 90 קמ""ש, המשטרה לא נוגעת בו.",knesset,13_ptm_532089.docx
השב״ס,"שר המשטרה צוטט, כאשר היה העניין עם ראש השב""ס, שירות בתי-הסוהר: שכחתם שהתחלף השלטון – וזה משפט מפתח.",knesset,13_ptm_532089.docx
י״א,"להיפך, הגמרא אומרת במסכת סוטה, דף י""א: בזכות נשים צדקניות נגאלו ישראל ממצרים.",knesset,13_ptm_532090.docx
נ״ב,"והגמרא אומרת במסכת גיטין, דף נ""ב, שרבי יוסי לא היה קורא לאשתו ""אשתי"", אלא ""ביתי"".",knesset,13_ptm_532090.docx
ת״ד,"יציג את הצעת החוק, שסימנה ת""ד, חבר הכנסת דוד מנע.",knesset,13_ptm_532090.docx
יו״ד,"על אותו משקל, חבר הכנסת ביבי, לא הזהרתי אותך לפני כן ולכן נתתי לך לעבור את מכסת הזמן, אבל לגבי יתר המשתתפים בדיון, על אותו משקל, אני מודיע שאני עומד על קוצו של יו""ד מבחינת הזמן.",knesset,13_ptm_532091.docx
ממ״ד,"כחלק מהמלצות הוועדה הוחלט על הוצאת תקנות על-ידי משרד הפנים, בהתייעצות עם משרד השיכון, שמטרתן מתן תמריצים לאזרחים להקמת ממ""ד בדירותיהם.",knesset,13_ptm_532091.docx
מ״ב,"הסעיף הבא בסדר-היום הוא הצעת חוק מ""ב, הצעת חוק-יסוד: הכנסת (תיקון – שינוי שיטת הבחירות), של חבר הכנסת אברהם בורג.",knesset,13_ptm_532092.docx
ע״ח,"אני מזמין כעת את חבר הכנסת מאיר שטרית להעלות את הצעת חוק ע""ח, הצעת חוק-יסוד: הכנסת (תיקון) (שיטת הבחירות).",knesset,13_ptm_532092.docx
סמ״ר,"בתאריך 21 בנובמבר 1992, סמוך לשעה 02:35, הבחינו שוטר סיור סמ""ר אהרן בן-נון ומתנדב המשמר אזרחי ליאון כחלון, שהיו בניידת סיור של תחנת משטרת מסובים, ברכב ""טרנספורטר"" חום באזור התעשייה באור-יהודה.",knesset,13_ptm_532092.docx
מג״ב,"כוחות גדולים של משטרה, מג""ב והמשמר האזרחי ערכו סריקות נרחבות באזור לאיתור המחבל השלישי.",knesset,13_ptm_532092.docx
בע״מ,"בשנת 1992 זכה בתואר זה מפעל ""אינטל אלקטרוניקה בע""מ"", הפועל בהר-חוצבים בירושלים.",knesset,13_ptm_532093.docx
רש״י,"וורמס היא עירו של רש""י, ובה נשמר בית-מדרשו.",knesset,13_ptm_532094.docx
רש״י,"אחרי ""ליל הבדולח"", בשנת 1938, נפגעו בתי-כנסת של וורמס, ובית-מדרשו של רש""י, ואילו בית-העלמין ניצל מחורבן על-ידי ראש עיריית וורמס, שהוא אחד מחסידי אומות העולם.",knesset,13_ptm_532094.docx
רש״י,"גברתי היושבת-ראש, כנסת נכבדה, ושוב מונחים כאן חוק התקציב ונספחיו, חוק הסדרים במשק המדינה, הנקרא בתרגום רש""י ""תיקוני חקיקה להשגת יעדי תקציב"".",knesset,13_ptm_532094.docx
ע״ה,"אתה יודע, ואתה יכול לבדוק בגמרא, בסנהדרין דף ע""ה נאמר, כי אם לעמוד מול תמונה כזאת, לא עלינו, אומרת הגמרא, שהוא ימות ולא יראה תמונה כזאת.",knesset,13_ptm_532096.docx
רמ״ח,"כיוון שאני קשור למערכת בכל רמ""ח איברי, מובן שאיני יכול לעבור בשקט על חלק מהדברים.",knesset,13_ptm_532097.docx
סמ״ק,"אולם, על-פי הוראת החוק הקיים היום, משפחה שיש לה רכב ישן, משנת הייצור 1970 למשל, עם נפח מנוע של 900 סמ""ק, אינה זכאית להבטחת הכנסה, אפילו כשאין לה הכנסה כלשהי מאותו רכב.",knesset,13_ptm_532097.docx
בע״מ,"בעקבות תלונה על תיווך בלתי-חוקי בעובדים זרים, פתח המשרד בחקירה מקיפה נגד חברת ""טובלי בע""מ"".",knesset,13_ptm_532099.docx
ח״ן,"כל קציני החיל הראשיים הינם בדרגת תת-אלוף, ובכללם גם קצינת ח""ן ראשית.",knesset,13_ptm_532100.docx
י״א,"בכיתות י""א הנהגתי לימוד חובה של נושא הבטיחות, כשאני נותן להם בונוס ומשחרר אותם ממבחני התיאוריה כשהם באים ללמוד נהיגה.",knesset,13_ptm_532100.docx
קמ״ש,"אולם אין כמעט ארץ בקהילת השוק שהמהירות המותרת בה היא מעל ל-90 קמ""ש.",knesset,13_ptm_532100.docx
בע״מ,"בעניין איכות הסביבה – מבוצעות בימים אלו על-ידי חברת התחנה המרכזית בע""מ עבודות על-פי דרישות המשרד, אחת לאחת, ובבקרה של מומחי המשרד.",knesset,13_ptm_532100.docx
חמ״ס,"אנחנו, בקיצור, קוראים לזה חמ""ס, אבל זה חמ""ס מסוג אחר.",knesset,13_ptm_532100.docx
חמ״ס,"המשרד לאיכות הסביבה מקפיד להפעיל, כתוב לי פה: לחץ, אבל הייתי אומר: להידבר עם משרד התחבורה, לפעול בכל מה שקשור לליקויים המתגלים בנושאי שינוע חמ""ס.",knesset,13_ptm_532100.docx
חמ״ס,"במהלך שנת 1994 יירכשו ויאורגנו לצורכי תגובה על אירועי חמ""ס עוד ניידות מספר, אשר ייפרסו באזורי הסיכון כפי שהוגדרו על-ידי הוועדה הבין-משרדית לעריכת תורת הפעולה באירועי חומרים מסוכנים.",knesset,13_ptm_532100.docx
מ״ק,"לעומת זאת, קיימת הזרמה של שפכים מטוהרים ברמה נמוכה ממכוני הטיהור של כפר-סבא, הוד-השרון ורמת-השרון בהיקף של כ-25,000 מ""ק ליום לאורך כל השנה.",knesset,13_ptm_532100.docx
ח״ן,"יש פה רק שאילתא אחת, ביחס לקצינת ח""ן ראשית.",knesset,13_ptm_532103.docx
אש״ל,"קיבלנו הוצאות אש""ל של שניים מתוך החברים שיצאו, והן מסתכמות ב-1,769 דולר.",knesset,13_ptm_532103.docx
ח״ן,"אני מבקשת לשאול או להעיר לגבי ההגדרה של קצינת ח""ן ראשית כשווה לקציני חיל אחרים.",knesset,13_ptm_532103.docx
קמ״ט,"כידוע לך, חברת הכנסת גוז'נסקי, כל נושא הטיפול הרפואי בשטחים מסור בידי המינהל האזרחי, באמצעות קמ""ט הבריאות.",knesset,13_ptm_532103.docx
מ״מ,"הוטלה ערובה זמנית על ייבוא בקבוקים ליין בנפח 750 מ""מ, על סמך תלונת ""פניציה"" נגד ייבוא בהיצף, כדי להגן על ייצור בקבוקי ""פניציה"" נגד אותו ייבוא בהיצף.",knesset,13_ptm_532103.docx
יו״ד,"גברתי היושבת-ראש, לא כדאי לך לעמוד על קוצו של יו""ד.",knesset,13_ptm_532104.docx
יו״ד,"אם תעמדי על קוצו של יו""ד, גם אנחנו נתחיל, ושוב חזרנו – – –",knesset,13_ptm_532104.docx
בע״מ,"גברתי היושבת-ראש, האם ידעת שבחוק הזה מופיע המשפט: ""'נהרייה' כפר שיתופי להתיישבות חקלאית בע""מ""?",knesset,13_ptm_532104.docx
נ״ט,"פוסק הגאון הרב משה פיינשטיין, זכר צדיק לברכה, ב""איגרות משה"", חושן משפט, סימן נ""ט – – –",knesset,13_ptm_532105.docx
יו״ד,"וכי לא יודעים חברי בית-המשפט העליון כי דייני ישראל לא יעברו על קוצו של יו""ד בענייני הלכה?",knesset,13_ptm_532105.docx
פר״ח,"אנחנו עומדים להגדיל את התקציבים למכללות, ואנחנו עומדים להרחיב את המכללות, על מנת שמספר גדול יותר של תלמידים יוכל ללמוד בהן בתנאים נוחים ככל האפשר, עם יותר מלגות, עם יותר אפשרויות של פר""ח, וגם הלוואות.",knesset,13_ptm_532107.docx
מג״ב,"מי שעבר היום על-יד משרד ראש הממשלה היה יכול לחוש שהוא עובר ליד קסרקטין ששורצים בו מאחורי הגדרות שוטרי מג""ב רבים ושוטרים כחולים.",knesset,13_ptm_532108.docx
נ״ט,"ניסיתי לחלק את השאלה באיזו צורה הם נפלו – 15 נפלו במטענים, נפגעו במהלך סיור, ארבעה נהרגו בהיתקלות, שניים נפגעו בנשק נ""ט, ה""סאגרים"", הטילים, וחמישה נהרגו מפצצת מרגמה.",knesset,13_ptm_532111.docx
מ״ק,"הבעיה המרכזית שהדוח מצביע עליה היא תביעת הפלשתינים לשימוש בקרוב ל-600 מיליון מ""ק מתוך המים המצטברים באקוויפרים, מה שקרוי אקוויפר ההר, שהשאיבות מתוכו נעשות ברובן הגדול בשפלת החוף.",knesset,13_ptm_532111.docx
מ״ק,"המילוי החוזר של כלל האקוויפרים ביהודה ובשומרון נאמד ב-620 מיליון מ""ק בשנה.",knesset,13_ptm_532111.docx
מ״ק,"מדינת ישראל צורכת היום 1.75 מיליארד מ""ק, מתוך זה 620 מיליון באקוויפר החוף, שמנצל מים שנקווים באגן של יהודה ושומרון.",knesset,13_ptm_532111.docx
מ״ק,"דבר אחד – שאיבת יתר או קידוחים במקומות ביהודה ובשומרון, שיקטינו את כמות המים באקוויפרים שמנוצלים על-ידינו היום בקידוחים שלנו במישור החוף, בשיעור של 150-100 מיליון מ""ק לשנה.",knesset,13_ptm_532111.docx
רש״י,"ומסביר פה רש""י: שאול נכשל באחת ועלתה לו לרעה, בחטא אי-הכחדת העמלק, לקונסו מיתה, לבטל מלכותו; ודוד נכשל בשתיים ולא עלתה לו לרעה.",knesset,13_ptm_532113.docx
ל״א,"צער בעלי חיים הוא מונח תלמודי, אנחנו מוצאים אותו במסכת בבא מציעא דף ל""א ובמקומות נוספים.",knesset,13_ptm_532114.docx
מע״ש,"במוסד לביטוח לאומי יש עשרות אלפי שקלים שיועדו לנתיבות, לכל מיני נושאים, לאותו מע""ש נהדר שיש למפגרים, לנכים, עשרות אלפי שקלים שלא מבקשים אותם ולא מנצלים אותם.",knesset,13_ptm_532114.docx
סמ״ק,"כל המבקש לעסוק בהשכרת רכב חייב לעמוד בדרישות שנקבעו בצו פיקוח להשכרת רכב נוסעים פרטי, רכב מסחרי וכן אופנועים בנפח מנוע עד 50 סמ""ק.",knesset,13_ptm_532115.docx
ח״י,"ח""י תומכים, 18 תומכים, אין מתנגדים, אין נמנעים.",knesset,13_ptm_532116.docx
כ״א,"יש גם סעיף כ""א, שאילתות ותשובות, אני מתאר לעצמי שיהיה פה מאוד סוער בשלב הזה.",knesset,13_ptm_532116.docx
כ״ח,"אנו עוברים לסעיף כ""ח בסדר-היום: הצעת חוק הדיינים (תיקון מס' 17).",knesset,13_ptm_532116.docx
ס״ב,"הגמרא מספרת במסכת בבא מציעא, דף ס""ב, על שניים שהיו מהלכין בדרך ורק לאחד מהם היה קיתון של מים.",knesset,13_ptm_532117.docx
קצא״א,"לגבי קצא""א, לחברה אחראי רק שר האוצר, ויש להפנות את השאלה אליו.",knesset,13_ptm_532118.docx
קצא״א,"קצא""א, אשר עוסקת בשינוע דלקים, אינה נמצאת באחריות משרד האנרגיה, אלא כאמור באחריות משרד האוצר.",knesset,13_ptm_532118.docx
רמב״ם,"הגשתי לשר הצעה בקשר להקמת מכון מחקר שכרוך בקליטת עולים חדשים בבית-החולים ""רמב""ם"".",knesset,13_ptm_532122.docx
רמב״ם,"העניין מצוי בתוך חלק מהנושאים של בית-החולים ""רמב""ם"".",knesset,13_ptm_532122.docx
רמב״ם,"לבית-החולים ""רמב""ם"" יש סדר עדיפויות משלו.",knesset,13_ptm_532122.docx
רמב״ם,"הוא מפעיל את סדר העדיפויות הזה לפי שיקוליו, ואם בית-החולים ""רמב""ם"" חושב שזה נושא חשוב מבחינתו, העניין הזה יידון בין בית-החולים ""רמב""ם"" לבין המשרד.",knesset,13_ptm_532122.docx
ח״י,"אם אני אחזור רגע לחברת הכנסת בלומנטל, הממשלה הזו תמנה 18 שרים עם צירופו של חבר הכנסת שריד, כלומר ח""י.",knesset,13_ptm_532123.docx
ת״ק,"כיוון שהגיע לחצי חומה נעץ ציפורניו בחומה ונזדעזעה ארץ-ישראל ת""ק על ת""ק פרסה.",knesset,13_ptm_532124.docx
אח״ם,"ו-3.2 מיליוני שקל אלה מתחלקים ללא קריטריונים בשיטה של תשלום עבור שירות, כאשר לא ברור איזה שירות מגיע לאותו אח""ם.",knesset,13_ptm_532125.docx
א״ד,"א""ד גורדון קבע בזמנו מטבע לשון שליוותה את תנועת העבודה שנים רבות.",knesset,13_ptm_532125.docx
ת״ק,"כיוון שהגיע לחצי חומה נעץ ציפורניו בחומה ונזדעזעה ארץ ישראל ארבע מאות פרסה על ארבע מאות פרסה; ת""ק על ת""ק פרסה.",knesset,13_ptm_532126.docx
מס״ר,"ובכן, אותו מס""ר, מרכז לסיוע ורעיונות, אמור לענות על הציפיות שאתה העלית.",knesset,13_ptm_532127.docx
בע״מ,"לשאלתך השלישית – מדוע לא יכלה הפרקליטות לייצג את המדינה בתיק זה, כונס הנכסים הרשמי הוא שמונה על-ידי בית-המשפט, לבקשת הנושים, כמפרקו של בנק צפון אמריקה בע""מ בפירוק.",knesset,13_ptm_532128.docx
צ״ל,"לטענת מנהל כפר הנוער הודיות, נרשם שינוי המגמה מאז נתמנה צ""ל, חבר קיבוץ גבעת-עוז, כמנהל האתר.",knesset,13_ptm_532128.docx
מ״כ,"מפקד בצבא, אם הוא מ""כ או אם הוא קצין, לפני שהוא עובר קורס או נכנס לקורס שבו הוא מנהיג אחרים ועלול להעמיד אותם בסכנה, עובר מבחן פסיכוטכני.",knesset,13_ptm_532128.docx
ת״א,"חבר הכנסת תיכון, כדי שלא תהיינה אי-הבנות, אנחנו דנים כאן בהצעת חוק ת""א – – –",knesset,13_ptm_532128.docx
ת״א,"גם בדפים שמונחים לפני מדובר על הצעה ת""א, מ-1992.",knesset,13_ptm_532128.docx
מג״ב,"לאור חוסר פרטים מזהים, לא הצלחנו לאתר מקרה שבו נטען שנמנע מאיש מג""ב דתי להתפלל, ובהמשך אף נהגו בו כביכול באכזריות.",knesset,13_ptm_532129.docx
השב״ס,"פנייה קודמת לוועדה של השב""ס הושבה בשלילה.",knesset,13_ptm_532131.docx
כ״א,"מחר, יום רביעי, כ""א בשבט, נפתח את הישיבה בשעה 11:00.",knesset,13_ptm_532131.docx
בע״מ,"אני מבין אם היה מדובר בחברה בע""מ, אבל סתם תאגיד, כל תאגיד, אפילו תאגיד פרטי של בעל ואשה או שני אחים שהקימו תאגיד – החוק לא חל עליהם.",knesset,13_ptm_532133.docx
י״ל,"דרך אגב, חבל שאין שם על י""ל פרץ, שמספר ומקרב את ההווי מבחינה זו אל הציבור.",knesset,13_ptm_532134.docx
ש״מ,"חברת הכנסת לימור לבנת, הצעת חוק ש""מ, בבקשה.",knesset,13_ptm_532134.docx
קמ״ט,"היום יכול קמ""ט בריאות לפקח, למשל, שלא ישקו את הירקות במי ביוב.",knesset,13_ptm_532135.docx
קק״ל,"כל הנפת דגל לאומי שלנו, כיבוש הקרקע, כיבוש העבודה, כיבוש הארץ, שמירה על האדמות, קק""ל, מאבק נגד נישואי תערובת, ובוודאי רעיון חילופי אוכלוסין – – –",knesset,13_ptm_532136.docx
בע״מ,"ניקח את החברה האחרונה ברשימה, ""אולם נחמני 4 בע""מ"".",knesset,13_ptm_532139.docx
מל״ם,"כל ברשימת החברות העומדות להפרטה, כגון: החברה לפיתוח מפעלי תיירות, מל""ם מערכות, ""שיכון ופיתוח לישראל"", ""נפטא"", החברה לשירותי איכות הסביבה ברמת-חובב, ""מגן"", ""בזק"", ""כימיקלים לישראל"" וכן הלאה וכן הלאה.",knesset,13_ptm_532139.docx
ת״י,"ת""י 1498 הוא תקן רשמי למתקני שעשועים החל במדינת ישראל.",knesset,13_ptm_532140.docx
מג״ב,"ב-10 באוקטובר נפצעו שני שוטרי מג""ב ברצועת-עזה מיידוי אבנים.",knesset,13_ptm_532144.docx
הרא״ה,"חלק מהילדים עוברים ונקלטים במוסדות כמו כפר-פינס, כפר-אברהם, כפר-הרא""ה, כדי ללמד אותם שם קצת יהדות, משום שהם צריכים לעבור אחר כך את התהליך המחייב.",knesset,13_ptm_532145.docx
יו״ד,"הסכם העקרונות משאיר בניסוחיו פתחים למשא-ומתן, ואם את הנעשה אין להשיב, חייבים, בהמשך, לנהל משא-ומתן עיקש וסבלני על כל קוצו של יו""ד, כאשר האינטרס הלאומי הוא הקובע, ולא בעיות אישיות, ולא משנה כרגע למי.",knesset,13_ptm_532147.docx
יו״ד,"אני חוזר ואומר: לא התכוונו ואיננו מתכוונים לממש באמצעות התקנון את כל הזכויות שהוא מעניק לנו, על קוצו של יו""ד.",knesset,13_ptm_532148.docx
א״ח,"התיקון של חבר הכנסת א""ח שאקי לסעיף 08 לא נתקבל.",knesset,13_ptm_532148.docx
א״ח,"תיקון 2 של חבר הכנסת א""ח שאקי לסעיף 22 לא נתקבל.",knesset,13_ptm_532148.docx
א״ח,"תיקון 4 של חבר הכנסת א""ח שאקי לסעיף 22 לא נתקבל.",knesset,13_ptm_532148.docx
א״ח,"תיקון 1 של חבר הכנסת א""ח שאקי לסעיף 23 לא נתקבל.",knesset,13_ptm_532148.docx
א״ח,"הצעה 3 של חבר הכנסת א""ח שאקי לסעיף 23 לא נתקבלה.",knesset,13_ptm_532148.docx
מד״ר,"שמעתי היום מד""ר קדמן – העומד בראש המועצה לשלום הילד, וללא ספק עיסוקו העיקרי הוא שלום הילד בישראל – דבר מתמיה, שהייתי שמח מאוד אילו הבאת אותו לידיעת חברי הממשלה, ובעיקר אילו טיפלת בו.",knesset,13_ptm_532149.docx
ד״ש,"נוסף על שלוש הוועדות שהליכוד מסר אז למערך, הוא מסר ועדה אופוזיציונית של ביקורת המדינה למפלגת אופוזיציה נוספת, ד""ש.",knesset,13_ptm_532151.docx
אש״ל,"הרי זה לא רק שכר, זה גם כלי רכב, טלפונים, משרדים, אש""ל, כלכלה, וכל מיני הוצאות אחרות שעם ישראל משלם אותן, וקופת-חולים לא יכולה לתת שירותים, כי אין להשיג תרופות.",knesset,13_ptm_532153.docx
נ״ר,"המסלול השני הוא של דירות נ""ר, נכסי רכישה, וזה אכן בכיוון שדיברת עליו.",knesset,13_ptm_532153.docx
ת״ד,"בתקופה האחרונה עדים תושבי שכונת קריית-הרצוג בבני-ברק להימצאות חומר מיסיונרי בתיבות הדואר שלהם, כשכתובת השולח היא: ת""ד 8185, יפו.",knesset,13_ptm_532155.docx
ש״ב,"האם נחקרה פרשת המדען ש""ב, זיכרונו לברכה, והאם הדברים שצוינו לעיל נכונים?",knesset,13_ptm_532156.docx
בע״מ,"אנחנו ממשיכים בשאילתא בעל-פה מס' 115, של חברת הכנסת אסתר סלמוביץ, בנושא: מכירת בנק איגוד לישראל בע""מ.",knesset,13_ptm_532156.docx
יו״ד,"אני ממליץ לכנסת וממליץ לממשלה, שלא יתעקשו על קוצו של יו""ד.",knesset,13_ptm_532159.docx
ש״י,"מדובר בגן-ילדים הפועל ברח' ש""י עגנון בירושלים.",knesset,13_ptm_532162.docx
א״ד,"הפרופלורים האלה הם נכדיו של א""ד גורדון וניניו של בנימין זאב הרצל.",knesset,13_ptm_532163.docx
ז״ל,"שר האוצר ציטט את אחד מראשי האיגודים שבא ואמר: דוח ועדת-זוסמן ז""ל.",knesset,13_ptm_532164.docx
מ״ק,"תושבי רשפון ביקשו פיצוי על 385,000 מ""ק מים, בעוד זכאים היו לפיצוי על היקף הקיצוץ למושב, צרכן המים, של 345,200 מ""ק בלבד.",knesset,13_ptm_532164.docx
עכו״ם,"יש לכך השלכות בריאותיות חמורות, ואנשי רפואה כבר התריעו על כך, וכן השלכות חמורות לא פחות בתחום הכשרות, שכן ""חלב עכו""ם"" אסור באכילה ובשתייה.",knesset,13_ptm_532164.docx
א״ר,"ההוראה להשמדת הלהקה באה בעקבות מחלה בלהקה, אך לפניה הובטח כי מדינת ישראל תפצה את א""ר פיצוי מלא בגין השמדתה.",knesset,13_ptm_532164.docx
נ״ט,"הנהגנו שיטות שעוררו ביקורת בעולם, כשמנענו הסתכנות בכניסת חיילי היחידות לבתים, שמא יש שם מחבלים חמושים: ירי נ""ט, פיצוץ הבתים לאחר פינוי האזרחים.",knesset,13_ptm_532166.docx
השב״ס,"דיברתי עם מפקד השב""ס, לפי בקשתו של שר המשטרה.",knesset,13_ptm_532166.docx
מד״ר,"חברי הכנסת גונן שגב ויורם לס, בלי לפגוע בכם, אנחנו לא נוהגים לאזכר תארים כאן בכנסת, אבל זה יהיה בכל זאת מוזר אם אני אבקש מד""ר שגב, מד""ר טמקין ומפרופסור לס לאפשר את המשך הדיון.",knesset,13_ptm_532167.docx
בד״ר,"אתחיל בד""ר חיידר עבד אל-שאפי, ראש המשלחת, ראש וראשון להם.",knesset,13_ptm_532167.docx
מג״ב,"היא הגיעה ללוד, לא לבת-ים, לשוטר מג""ב, נסים טולדנו, זיכרונו לברכה.",knesset,13_ptm_532168.docx
בע״מ,"אני אומר: אם אתם אומרים שלא יעלה על הדעת ולא ייתכן שבחודש אוקטובר החברות שהן חברות בע""מ, החברות הבנקאיות, יהפכו להיות חברות ממשלתיות, זה לא ייתכן, זה לא אפשרי – לא צריכים את החוק הזה.",knesset,13_ptm_532168.docx
בע״מ,"לאחר התראה קצרה של חודשים מספר ימונה לרשות כונס נכסים כמו לכל חברה ציבורית או חברה בע""מ אחרת הנמצאת בכינוס נכסים.",knesset,13_ptm_532170.docx
ח״ן,"בשבוע שעבר היה ויכוח ציבורי רציני ביותר בכל הנוגע לשיתוף קצינת ח""ן ראשית, תת-אלוף יהודית בן-נתן, בדיונים של המטה הכללי.",knesset,13_ptm_532173.docx
אג״ם,"כתוב שעוזר ראש אג""ם בדרגת אלוף אחראי לנושא הזה.",knesset,13_ptm_532174.docx
מל״ל,"משרד החינוך והתרבות רואה בצעדים של ההורים בכפר-מל""ל הפרת חוק חמורה.",knesset,13_ptm_532174.docx
מל״ל,"בכפר-מל""ל לא הוקם בית-ספר פרטי, והמשרד נוקט את כל האמצעים החוקיים כנגד ההורים על-פי החוק והתקנות, ובכוונתו להגיש בימים הקרובים תביעות משפטיות, לאחר השלמת התהליך.",knesset,13_ptm_532174.docx
אג״מ,"הספר נדון בפורום אג""מ של המשטרה והומלץ על-ידם.",knesset,13_ptm_532175.docx
קמ״ט,"כל נושא אתרי העתיקות ביהודה ובשומרון הינו באחריות קמ""ט ארכיאולוגיה במינהל האזרחי ביהודה ושומרון הכפוף למתאם הפעולות בשטחים במשרד הביטחון.",knesset,13_ptm_532175.docx
כ״ח,"הצעת החוק באה לעגן את יום ירושלים, את יום כ""ח באייר כיום ממלכתי, בדומה, אם כי בהבדלים מסוימים, ליום העצמאות.",knesset,13_ptm_532178.docx
כ״ח,"ההצעה קובעת: הכנסת מכריזה בזה על יום כ""ח באייר כעל יום ירושלים, שיוחג מדי שנה כחג המדינה וייקרא בשם יום ירושלים.",knesset,13_ptm_532178.docx
מל״מ,"עתה נמצאות בפיתוח, תרגום ושכתוב תוכניות לימוד טכנולוגיות וכן מקראות, ספרי לימוד ותוכניות לימוד כלליות באמצעות מל""מ ירושלים, אוניברסיטת חיפה והאגף לתוכניות לימודים.",knesset,13_ptm_532178.docx
אח״י,"חברת ""נתיבי איילון"" מתכננת ומבצעת הקמת מעברים דו-מפלסיים ברחוב יששכר – קריית-מוצקין, ברחוב אח""י אילת – קריית-ים, וכן ברחובות חלוצי התעשייה ומעבר חירם – חיפה.",knesset,13_ptm_532178.docx
מג״ב,"אבל תזכרו, רבותי, כל זה חוץ מתקריות יום-יום בשטחים, רגימות אבנים, יידוי בקבוקי תבערה על סיורי מג""ב וחיילים, פיגועים בבתי-עלמין, בהר-הזיתים, ותקריות אש יומיומיות בדרום-לבנון.",knesset,13_ptm_532179.docx
פר״ח,"אנחנו גם הבאנו את הדברים לעמותת פר""ח מצד אחד וללשכת עורכי-הדין מצד שני.",knesset,13_ptm_532179.docx
עכו״ם,"לקבור את הגוי – קוברים מתי ישראל ומתי עכו""ם.",knesset,13_ptm_532182.docx
רמ״ח,"אדוני היושב-ראש, חברי הכנסת, הכול חשים ומרגישים בכל רמ""ח איבריהם, כי עם ישראל נמצא בפרשת דרכים היסטורית.",knesset,13_ptm_532184.docx
יו״ד,"בכל ארגון דמוקרטי, בכל ארגון של בני אדם, יש החלטות מסוימות שמשריינים אותן, ולא מוכנים להסתפק בכך שהן ייפלו על קוצו של יו""ד.",knesset,13_ptm_532184.docx
יו״ד,"בנושאים המדיניים, בנושא המדיני, אינני בטוח אם היה צבן מצליח להוריד קוצו של יו""ד, אבל בנושאים חברתיים הוא מצא אצלנו קונסנסוס.",knesset,13_ptm_532185.docx
אמ״ן,"ומה נמתין, להערכת אמ""ן בדבר סבירות נמוכה או גבוהה למלחמה, כדי להקדים אותם ולהשתלט על גב ההר?",knesset,13_ptm_532188.docx
יו״ד,"ההימנעות שלי בממשלה סימנה את קריאתי להקפדה ולדקדוק בכל תג ובכל קוץ של יו""ד ובכל פסיק לגבי המשך הדרך.",knesset,13_ptm_532188.docx
י״ח,"הנביא מבטיח לנו בסופו של דבר, בפסוק י""ח: ""וכפר בריתכם את מות וחזות",knesset,13_ptm_532188.docx
א״ד,"משהו קרה לקברניטי המדינה, ומי שמחפש את השורשים ימצא אותם אצל א""ד גורדון, אצל כצנלסון.",knesset,13_ptm_532188.docx
ז״ל,"בזמן הפרעות בין הערבים המרוקאים לבין הצרפתים, כשמרוקו נלחמה לקבל עצמאות, אבי ז""ל הפציר בסבי ז""ל שלא ילך להתפלל בבית-הכנסת בשבת.",knesset,13_ptm_532188.docx
עכו״ם,"תקשיבו טוב: עכו""ם שצרו על עיירות ישראל, אם באו על עסקי ממון אין מחללין את השבת – שילך לעזאזל הכסף, לא לחלל את השבת.",knesset,13_ptm_532188.docx
כ״ז,"אומרת הגמרא, מסכת ראש השנה כ""ז: ""התוקע לתוך הבור או לתוך הדות או לתוך הפיטס"".",knesset,13_ptm_532188.docx
ל״א,"בשמות רבה ל""א: ""אין לך מידה קשה מן העניות, שהעני דבוקים בו כל ייסורים שבעולם וכאילו באו עליו כל הקללות שבעולם"".",knesset,13_ptm_532191.docx
נ״ר,"נוסף על מסלול המשכנתאות רכש משרדנו בעבור עולי אתיופיה דירות נ""ר –נכסי רכישה – מייד שנייה בשוק החופשי.",knesset,13_ptm_532191.docx
מ״ג,"בדבר מתן הכרה ממלכתית לחללים, מ""ג המעפילים, במלאות 20 שנה לטביעתה של הספינה ""אגוז"" במצר גיברלטר; ב.",knesset,13_ptm_532192.docx
קק״ל,"שאלה: האם זה כולל גם את עובדי הדחק, עובדי קק""ל וכל אלה?",knesset,13_ptm_532194.docx
א״ח,"התיקון של חבר הכנסת א""ח שאקי לסעיף 06 לא נתקבל.",knesset,13_ptm_532194.docx
א״ח,"הצבעה מס' 32 בעד התיקון של חבר הכנסת א""ח שאקי לסעיף 42 – 39 נגד – 58 נמנעים – אין התיקון של חבר הכנסת א""ח שאקי לסעיף 42 לא נתקבל.",knesset,13_ptm_532194.docx
א״ח,"התיקון של חבר הכנסת א""ח שאקי לסעיף 70 לא נתקבל.",knesset,13_ptm_532194.docx
אש״ל,"למה 7 מיליוני שקלים הולכים לתשלום אש""ל לפרוטקציונרים?",knesset,13_ptm_532195.docx
בד״א,"49 חיילים משוחררים דרוזים גויסו (בדרגות בד""א), ו-67 בני מיעוטים אחרים, מהם שני קצינים.",knesset,13_ptm_532195.docx
רמב״ם,"משמרת התחנה הנחתה במקביל באלחוט את אמבולנס התחנה, שהיה בדרכו חזרה מבית-החולים ""רמב""ם"", להגיע במהירות לביתו של החולה.",knesset,13_ptm_532196.docx
ר״מ,"מחובת ר""מ-2 לדווח למשפחות חיילים שהגיעו לבית-החולים רק במצב בינוני ומעלה.",knesset,13_ptm_532196.docx
ר״מ,"בתקופת אשפוזו הוא קיבל טיפול מסור מיחידת ר""מ-2, ניתנו לו טלוויזיה, נעלי בית, עיתונים וכל מיני הטבות.",knesset,13_ptm_532196.docx
מד״א,"והנה, הנהלת מד""א בישראל אומרת להם: בבקשה, תודיע לשני התורמים שלך שהמדיניות – – –",knesset,13_ptm_532199.docx
תמ״א,"(לא נקראה, נמסרה לפרוטוקול) ביולי 1991 הוכלל בתוכנית המתאר הארצית לסילוק אשפה – תמ""א 16 – אתר נווה-ים, המיועד להחליף את המזבלה שעל-יד מושב עופר.",knesset,13_ptm_532199.docx
ק״ו,"אנחנו עוברים לסעיף הבא בסדר-היום – הצעת חוק ק""ו; הצעת חוק-יסוד: הממשלה (סייג לזכות השתיקה), של חבר הכנסת חנן פורת.",knesset,13_ptm_532204.docx
רמב״ם,"לאור דרישתנו הקצה מרכז שיבא צוות שיקומי, שיצא פעמיים בשבוע לבית-החולים ""רמב""ם"" לטיפול בפצוע והנחה את צוות המחלקה שבה הוא היה מאושפז.",knesset,13_ptm_532206.docx
רמב״ם,"לאור דרישתנו הקצה המרכז הרפואי שיבא צוות שיקומי, שיצא פעמיים בשבוע לבית-החולים ""רמב""ם"", בעת שהותו שם, טיפל בפצוע והנחה את צוות המחלקה שבה הוא היה מאושפז.",knesset,13_ptm_532206.docx
יו״ד,"שאלתי ובקשתי היא לכבוד השר, אולי יגיד לפקידי האוצר – קצת נשמה, קצת לב, תפסיקו לעמוד על קוצו של יו""ד ולהוריד מניצולי השואה עוד פרוטה ועוד פרוטה.",knesset,13_ptm_532206.docx
א״ח,"הצבעה מס' 8 בעד התיקון של חברי הכנסת ד' תיכון, א""ח שאקי וי' ביבי לסעיף 1 – 3 נגד – 12 נמנעים – אין התיקון של חברי הכנסת ד' תיכון א""ח שאקי וי' ביבי לסעיף 1 לא נתקבל.",knesset,13_ptm_532209.docx
א״ח,"הצבעה מס' 9 בעד התיקון של חברי הכנסת א""ח שאקי וי' ביבי לסעיף 1 – 4 נגד – 12 נמנעים – אין התיקון של חברי הכנסת א""ח שאקי וי' ביבי לסעיף 1 לא נתקבל.",knesset,13_ptm_532209.docx
מג״ב,"שלשום בצהריים הומת עבד אל-רחמן אבראהים אל-עארורי מעארורה שבנפת רמאללה, על-ידי מסתערבים של מג""ב, ומתחקיר שבוצע התברר שהוא לא היה חמוש, שלאיש היתה תעודת זהות רגילה ואף מותר היה לו להיכנס לישראל.",knesset,13_ptm_532210.docx
ד״ת,"אילו היה ד""ת עובד יחיד במשק, ניתן היה להשלים עם העניין הזה.",knesset,13_ptm_532210.docx
ח״י,"אני מוסיף את קולו של חבר הכנסת דב שילנסקי, ואם כך – 18 תומכים, ח""י תומכים, אבל בכל זאת הנושא מת.",knesset,13_ptm_532211.docx
ש״ז,"אחד מגדולי המומחים בישראל לדיני העונשין, פרופסור ש""ז פלר, הגדיר חוק זה שאנו מבקשים לבטלו כ""חוק לביזוי עקרונות דיני העונשין"".",knesset,13_ptm_532211.docx
ז״ל,"לא יעבור זמן רב והחבורה הזאת, החבורה המושפלת והרפויה של מפלגת העבודה, ז""ל, תובל חזרה אל האופוזיציה ומשם היא תשרת באמונה את עם ישראל.",knesset,13_ptm_532211.docx
תמ״א,"לפי תוכנית מיתאר ארצית מס' 13 ולפי תמ""א 13ג – חוף הים התיכון, מיועד שטח אתר הקרוונים חצרות-יסף לתיירות.",knesset,13_ptm_532214.docx
מ״ק,"עשרה יישובים בגליל מזרימים מי ביוב ללא טיפול וללא פיקוח, כ-760 מ""ק ליום.",knesset,13_ptm_532216.docx
מ״ק,"כ-38 יישובים, עם אוכלוסייה של 30,000 תושבים, מזרימים מבורות הספיגה כ-4,280 מ""ק ליום.",knesset,13_ptm_532216.docx
תו״ל,"ולא רק שכל גורם יודע מה האחריות והסמכות שלו, אלא בפעם הראשונה יש תורת הפעלה, מה שנקרא תו""ל, שני כרכים כאלה, כל אחד יודע גם מה הוא צריך לעשות.",knesset,13_ptm_532216.docx
חמ״ס,"הרי קודם כול צריכים לעשות הכול כדי למנוע אירוע חמ""ס, ואם, חס וחלילה, מתרחש אירוע כזה – להשתלט עליו במהירות וביעילות האפשרית, כך שמבחינה זו, לפי דעתי, ממש יש מהפכה.",knesset,13_ptm_532216.docx
ת״ק,"הייתי שם כמה פעמים, זה באמת אחד המקומות שריחם הולך ת""ק על ת""ק פרסה.",knesset,13_ptm_532216.docx
מב״ר,"אחת התוכניות היא תוכנית כיתות מב""ר, או מעבר לבגרות.",knesset,13_ptm_532220.docx
נ״ב,"שר החוץ יצא, אבל הוספתי נ""ב בשבילו אישית, ואני מקווה ששר התעשייה והמסחר יעביר לו חלק מן הדברים אם הוא מתעצל לקרוא את הפרוטוקול.",knesset,13_ptm_532221.docx
ל״ע,"תמיד אמרו שמפלגת ל""ע – 2% – שלטה על המדינה בשעתה, בשנות ה-50 וה-60.",knesset,13_ptm_532221.docx
נ״ח,"חבר הכנסת שילנסקי, אנחנו קוראים זאת בהפטרה של יום כיפור, בספר ישעיהו, פרק נ""ח: ""הלוא פרס לרעב לחמך ועניים מרודים תביא בית, כי תראה ערם וכסיתו ומבשרך לא תתעלם"".",knesset,13_ptm_532222.docx
כ״א,"אני חייב להגיד לכם: הזדעזענו, נפגענו ונדהמנו מההוראה שניתנה ביום שישי, כ""א באדר, שלא להרשות ליהודים לבוא להתפלל לפני הכותל המערבי, וגם פינו את אלה שעמדו והתפללו ועיכבו אותם מלעמוד ליד הכותל המערבי.",knesset,13_ptm_532222.docx
מ״כ,"האם מצבו ומיקום שירותו של מ""כ מצדיקים מתן רכב שירות?",knesset,13_ptm_532222.docx
מ״כ,"העובד מ""כ הינו עובד אחראי ומסור, אשר זכה לקידום מואץ בדרגות מקצועיות.",knesset,13_ptm_532222.docx
א״ח,"התיקון של חבר הכנסת א""ח שאקי לשם החוק לא נתקבל.",knesset,13_ptm_532224.docx
ד״ש,"מאיר זורע היה ממייסדי התנועה הדמוקרטית לשינוי, ד""ש, והוא ייצג אותה בכנסת התשיעית.",knesset,13_ptm_532225.docx
יו״ד,"הוא היה אדם וחבר, אבל מקפיד על קוצו של יו""ד.",knesset,13_ptm_532225.docx
קק״ל,"בשיתוף עם קק""ל נערך משרד החקלאות לתכנון שיקום תשתיות לחידוש לולי הפיטום במושב; 2.",knesset,13_ptm_532225.docx
ח״ן,"נפלה, התפטרה המבקרת הפנימית, שהיא אחת הנשים החזקות ביותר בארץ, הגברת תומר, שהיתה קצינת ח""ן ראשית ומילאה שרשרת של תפקידים בכירים בבנק פועלים.",knesset,13_ptm_532226.docx
ד״ש,"ד""ש עם ידין – עוד לפני המפולת, בשיא תפארתה, מול מפלגת העבודה המובסת, המושחתת והמסואבת, שבסוף איבדה את השלטון.",knesset,13_ptm_532226.docx
ד״ש,"צריך לזכור, שבשנת 1977 קיבלה ד""ש 15 מנדטים, והמערך – 32 מנדטים.",knesset,13_ptm_532226.docx
מג״ב,"נזרקו אבנים וחפצים ישנים על שוטרי מג""ב, הן על-ידי המפגינות והן על-ידי צעירים מקומיים, בחסות ההפגנה.",knesset,13_ptm_532227.docx
מג״ב,"בשלב זה שוחחו שוטרי מג""ב עם מכובד מקומי, והוא ביקש דקות מספר כדי להשתלט על המפגינים, אולם הם המשיכו ביידויי אבנים.",knesset,13_ptm_532227.docx
מג״ב,"שוטרי מג""ב גילו סבלנות ואיפוק בפינוי המפגינים, שנעשה כדין.",knesset,13_ptm_532227.docx
אג״ם,"אני גם מתפלא על שר המשטרה מר משה שחל שטען: ""למשטרה ידוע זה שנים על 'אג""ם חקירות' כמי שעוסקים בביצוע האזנות סתר"".",knesset,13_ptm_532227.docx
ת״ש,"על כן, אין צורך בהכשרה מקצועית של מש""קיות ת""ש.",knesset,13_ptm_532228.docx
ת״ש,"מעבר לכך, כל חייל בודד מטופל על-ידי מש""קית ת""ש ביחידתו.",knesset,13_ptm_532228.docx
ש״י,"גם אם יש צדיקים בתוכם – צריך להחליף את כולם, ומייד, וצריך לצוות את מפקד מחוז ש""י למשוך בחזרה את הבקשה לאלוף הפיקוד, ולא לנהוג בילדי חברון היהודים בצורה לא נכונה.",knesset,13_ptm_532230.docx
ש״י,"הקמת מחוז ש""י היתה אחת ההחלטות החשובות שקיבלתי בתקופת כהונתי.",knesset,13_ptm_532230.docx
ש״י,"יש לציין, כי בחודשים הראשונים לפעולת מחוז ש""י נוכחו התושבים לדעת, כי ניתן להסתייע במשטרת ישראל בנושאים שונים, כמתחייב מתפקיד המשטרה כמשרתת ציבור.",knesset,13_ptm_532230.docx
ש״י,"כשהקמת את ש""י בירכתי אותך; על הקמת המשמר האזרחי תבורך, אבל זאת לא סיבה לתת לשוטרי חברון להתעלל בתושבים.",knesset,13_ptm_532230.docx
ש״י,"מכתבי תודה רבים נשלחים למחוז ש""י מראשי הרשויות.",knesset,13_ptm_532230.docx
ש״י,"כן, אבל מוכרחים לעזור לאחים ולאחיות החיים בחברון ולא יכולים להיאחז בהקמת מחוז ש""י או בהקמת המשמר האזרחי כגיבוי להתעללות של קצין המשטרה בחברון ושוטריו באופן עקבי וסיסטמטי כל הזמן בתושבי חברון.",knesset,13_ptm_532230.docx
ש״י,"גם בקשר לבקשה של קצין אגף החקירות במחוז ש""י לאכוף את הצו, ואגב זו היתה בקשה מקצועית, ואני אפילו לא ידעתי עליה אלא שמעתי עליה בדיעבד בכלי התקשורת.",knesset,13_ptm_532230.docx
ש״י,"משטרת מחוז ש""י ואני אישית נוקטים מדיניות של שיתוף פעולה עם נציגי היישוב היהודי ביהודה ובשומרון.",knesset,13_ptm_532230.docx
ש״י,"אדוני היושב-ראש, אדוני השר, חברי הכנסת, השתמע מדבריך שיש איזו דרישה להזיז מתפקידו את מפקד מחוז ש""י – – –",knesset,13_ptm_532230.docx
ש״י,"אני חושב שהוא עושה עבודה נהדרת, ואני מצטרף לברכה של גנדי על הקמת מחוז ש""י.",knesset,13_ptm_532230.docx
אמ״ן,"והנה, תוך כדי שהייה של אנשים אחדים, ואני ביניהם, בעמדת הסוואה מכוסה ברשת, בחולות המפורסמים, נכנס אלוף, לא גבה-קומה, ואני כבר ידעתי שזה ראש אמ""ן.",knesset,13_ptm_532232.docx
אמ״ן,"לאחר המפגש הזה, שארך כשעתיים, אמרתי: אם זה ראש אמ""ן של הצבא וזה הידע שלו בפלוגה, במפקדים, באנשים, אנחנו ננצח במלחמה הזאת.",knesset,13_ptm_532232.docx
קצא״א,"ניתן היה להעביר את הצנרת של קצא""א באותו זמן ובעלות מינימלית, אבל קצא""א מסרבת, יש לה הנהלה אחרת, יש לה שר אחר, כאילו היא שייכת למדינה אחרת, או רחמנא ליצלן לאוטונומיה של הפלשתינים.",knesset,13_ptm_532232.docx
מ״ק,"מן החצבני ומן הבניאס, שניים מתוך שלושת מקורות הירדן הנמצאים ברמת-הגולן, ואני קצת מפשט כאן את הגיאוגרפיה ואת הטופוגרפיה, אנחנו מפיקים פחות או יותר 300 מיליון מ""ק.",knesset,13_ptm_532233.docx
ש״י,"היועצת המשפטית של מחוז ש""י, בתגובה על פנייה אליה על כך שהיחסים בין השוטרים לתושבי חברון לא השתפרו, ענתה, שמערכת יחסים אינה יכולה להשתפר בן-רגע, והדבר לוקח זמן.",knesset,13_ptm_532234.docx
ש״י,"מפקד מחוז ש""י ואנוכי נפגשנו עם נציגי התושבים לשיחה הנוגעת ליחסים בין המשטרה לבין התושבים במקום.",knesset,13_ptm_532234.docx
ח״י,"תמהני על המפלגות המתקראות ""המחנה הלאומי"", שהוכו בהלם ובחרדות וקיבלו שקשקת, כאילו הן אשמות בתועבה שקרתה לפני ח""י ימים, כאשר ניטלו חייו של יצחק רבין, זכרו לברכה.",knesset,13_ptm_532236.docx
מע״ש,"מסגרת מע""ש הינה מסגרת טיפולית ותעסוקתית המיועדת לגילאי 21 ומעלה.",knesset,13_ptm_532239.docx
א״א,"לשאילתא של חבר הכנסת שילנסקי: מר א""א, שבו עוסקת השאילתא, מוכר לשירותי הרווחה במקום מגוריו, המטפלים בו מגיל צעיר.",knesset,13_ptm_532239.docx
א״א,"למר א""א מאושרת השתתפות בשכר-דירה על-ידי משרד השיכון זה כשלוש שנים, ולמרות זאת הוא נוהג לישון בחצר המרכז הקהילתי בעיר מגוריו ולהציג עצמו כחסר דיור.",knesset,13_ptm_532239.docx
ס״ט,"כמה הדבר חמור, תראו מן הגמרא במסכת קידושין, דף ס""ט, ביטוי מאוד קשה: ""כוולד במעי בהמה היא"".",knesset,13_ptm_532239.docx
תמ״א,"ידוע למשרדי על הבקשה שהוגשה על-ידי חברת החשמל ועורכי תמ""א-10, הלוא היא תוכנית המתאר הארצית לתחנות כוח, למועצה הארצית לתכנון ובנייה, להורות על עריכת תוכנית לסילוק אפר בשמריה ובאורון.",knesset,13_ptm_532239.docx
ק״ו,"קו החשמל נשוא השאילתא הוא קו מתח עליון 161 ק""ו המקשר את תחנת המשנה זבולון עם תחנת משנה נצרת.",knesset,13_ptm_532239.docx
מח״ל,"ובמצע של הליכוד, של מח""ל, ב-1977, נאמר במפורש שחוזה השלום – כי הליכוד הקפיד תמיד לדבר על חוזה, ובצדק – עם סוריה יעבור על הגולן, ועם המצרים הוא יעבור בסיני.",knesset,13_ptm_532242.docx
מ״ז,"אומרת הגמרא, ביבמות מ""ז: אל אשר תלכי אלך.",knesset,13_ptm_532242.docx
תמ״א,"הממשלה הנוכחית אישרה את תוכנית המתאר הארצית, תמ""א 31, ובה נקבעו תכנון והקמה של בית-חולים בן 600 מיטות באשדוד, כאשר השלב הראשון יפעל עד שנת 1996.",knesset,13_ptm_532242.docx
מ״א,"האם ידוע למשרד כי מ""א זקוק לטיפול גריאטרי?",knesset,13_ptm_532242.docx
ת״י,"גובה המעקה נקבע לפי דרישות התקן הישראלי ת""י-114.",knesset,13_ptm_532243.docx
אש״ל,"יש עדכונים אוטומטיים ופחות אוטומטיים, אבל יש דברים רבים נוספים שיש בהם פיגור: בקצבאות לנכים, לאלמנות וליתומים, שלא לדבר על קצבאות הזיקנה, על פנסיונרים, שלא לדבר אפילו על נושא כמו ארוחות, אש""ל.",knesset,13_ptm_532243.docx
פו״ם,"אנחנו מארחים כאן, היום, באופן מסורתי, את חניכי פו""ם, הם היו אורחינו ביציע בעת האזכרה ליעקב מרידור, זיכרונו לברכה.",knesset,13_ptm_532244.docx
פו״ם,"אני מברך שוב את אורחינו הרצויים מאוד, את חניכי פו""ם.",knesset,13_ptm_532244.docx
פו״ם,"אדוני היושב-ראש, כנסת נכבדה, חניכי פו""ם, אתמול חגגנו לראשונה את יום החייל, אבל למעשה כל יום הוא יום החייל.",knesset,13_ptm_532244.docx
אמ״ן,"אני מקווה שיגיע יום ואנחנו נראה קצין חינוך ראשי אשה, שאולי נראה נשים בתפקיד קצין מודיעין ראשי או ראש אמ""ן.",knesset,13_ptm_532244.docx
פו״ם,"אני רוצה למסור לחניכי פו""ם: לא התכוונו לקריאות ביניים.",knesset,13_ptm_532244.docx
מר״מ,"כתוב כאן מוסדות אחרים, כמו בתי-מרקחת, חדרי מיון או מר""מ.",knesset,13_ptm_532244.docx
סמ״ק,"יש לי רכב עם מנוע של 1,500 סמ""ק, ואם אני נוסע בו מהצפון לירושלים, אני צורך 6 ליטרים דלק, וזה עולה לי כ-12 שקל.",knesset,13_ptm_532246.docx
אמ״ן,"את הטרור מסוגלת לעצור המשטרה הפלשתינית, כדברי ראש אמ""ן, רק חסרה לו הפקודה או ההוראה מיאסר ערפאת.",knesset,13_ptm_532248.docx
אמ״ן,"בעיתון ""מעריב"" מהיום – ואני מבקש להתייחס לזה ברצינות, אדוני סגן השר – ראש אמ""ן, האלוף שגיא, מה הוא אומר?",knesset,13_ptm_532248.docx
אמ״ן,"כך אומר ראש אמ""ן, המודיעין של צבא-הגנה לישראל; והוא יודע מה שהוא אומר.",knesset,13_ptm_532248.docx
נ״ר,"ההורים בירושלים השיגו שתי דירות נ""ר עבור 12 מפגרים סיעודיים.",knesset,13_ptm_532248.docx
תמ״א,"הממשלה אישרה הקמת בית-החולים באשדוד במסגרת תמ""א ארצית וכללית.",knesset,13_ptm_532249.docx
אג״מ,"אולי נוהל כזה לא כתוב בקובץ הוראות קבע של אג""מ/מבצעים.",knesset,13_ptm_532251.docx
אמ״ן,"ראש אמ""ן אמר שאין להם שום בעיה של יכולת להילחם בטרור.",knesset,13_ptm_532251.docx
ח״י,"ח""י תומכים – בדרך כלל אנחנו אומרים שמונה-עשר תומכים, היום זה ""שמונה-עשרה"" – אין מתנגדים, אין נמנעים.",knesset,13_ptm_532252.docx
ס״ג,"ואם יש למישהו ספק בדבר היחס המועדף של היהדות לנשים, אני רוצה לקרוא לכם את דברי הגמרא ביבמות ס""ג: רבי חיא היתה אשתו מצערתו.",knesset,13_ptm_532252.docx
איו״ש,"לפי מה שנמסר מהמינהל האזרחי איו""ש, מדובר ב-25 עצי זית ותאנים בלבד.",knesset,13_ptm_532252.docx
א״ח,"הצבעה מס' 25 בעד ההצעה לכלול את הנושא בסדר-היום – 17 בעד ההצעה שלא לכלול את הנושא בסדר-היום – 1 נמנעים – אין ההצעה לכלול את הנושא שהעלה חבר הכנסת א""ח שאקי בסדר-היום של הכנסת נתקבלה.",knesset,13_ptm_532252.docx
ח״י,"ח""י המשפחות האמיצות והגיבורות חירפו את נפשן על קדושת השם, היהדות והעלייה לישראל.",knesset,13_ptm_532254.docx
ח״י,"לאחר מאבק חסר פשרות הצליחו ח""י המשפחות במאבקן, בסיוע ממשלת ישראל והקהילייה הבין-לאומית, ועלו לישראל.",knesset,13_ptm_532254.docx
ח״י,"לסייע במימון הוצאת הספר המתעד את מאבק ח""י המשפחות ויהודי גורגיה על זכות העלייה לישראל.",knesset,13_ptm_532254.docx
ח״י,"גברתי היושבת-ראש, כנסת נכבדה, הפרק על מאבקן של ח""י משפחות הוא אחד הפרקים היותר חשובים ומרתקים בתולדות המתחדשות של עם ישראל.",knesset,13_ptm_532254.docx
י״ח,"אני מקבל ברצון רב ובלב פתוח את בקשתו של חבר הכנסת אפרים גור לפעול להנצחת פועלם של י""ח המשפחות בצורה הראויה.",knesset,13_ptm_532254.docx
א״נ,"אם כן – אילו צעדים יינקטו כדי לזרז את הליכי החקירה בעניינו של א""נ?",knesset,13_ptm_532255.docx
אש״ל,"לשלם עבור בתי-מלון, נסיעות לחוץ-לארץ, אש""ל למיניו, מנגנון מנופח ביותר, מוניות.",knesset,13_ptm_532255.docx
ח״י,"לא יכול להיות שהממשלה לא תשלח נציג אחד מתוך ח""י חברי הכנסת שחיים במקום אחר.",knesset,13_ptm_532256.docx
תמ״א,"קיימות תוכניות מתאר ארציות ספציפיות לעניין שמורות טבע וגנים לאומיים – תמ""א 8, ושטחי יער – תמ""א 22, שתאושרנה על-ידי הממשלה בעוד חודשים מספר.",knesset,13_ptm_532257.docx
תמ״א,"תוכנית המתאר הארצית לחופים – תמ""א 13 – קובעת את רמת הפיתוח של מקטעי חוף ואת ייעודי השטחים לאורך רצועת החוף, ובכלל זה שמורות וגנים.",knesset,13_ptm_532257.docx
נ״ר,"אמרתי לך, גם בתקציב 1995 דירות נ""ר על-פי רוב מיועדות לעולים חדשים.",knesset,13_ptm_532257.docx
רל״א,"חבר הכנסת יוסף עזרן, בבקשה, הצעת חוק רל""א.",knesset,13_ptm_532260.docx
כ״ח,"יש סדר-יום, חברי כנסת שיש להם שאילתות יודעים שצריכים להשיב להם, מתכוננים לסעיף כ""ח בסדר-היום, והם יודעים שאז הם יהיו כאן.",knesset,13_ptm_532260.docx
אג״ם,"כל הפעולות ההסברתיות בנושא התהליך המדיני מתבססות על עקרונות וכללי ההסברה כפי שנקבעים מעת לעת על-ידי פורום הסברה מטכ""לי בראשות עוזר ראש אג""ם, ומועברים למרצים במילואים הן כחומר כתוב והן בכנסי מרצים.",knesset,13_ptm_532262.docx
אג״ם,"עוזר ראש אג""ם, בדרגת אלוף, הוא האחראי לפורום ההסברה.",knesset,13_ptm_532262.docx
אמ״ן,"ראש אמ""ן מופיע בראיונות של סוף השבוע עם דעה מסוימת ביחס לרמת-הגולן.",knesset,13_ptm_532262.docx
ר״מ,"החייל אושפז בבית-החולים ""בילינסון"", שבו לא קיימת יחידת רפואה צבאית, האחראית לאשפוז חיילים (ר""מ 2).",knesset,13_ptm_532262.docx
מג״ב,"די היה להיות בדיונים ולשמוע המלצות על הקמת פלוגות מג""ב דרוזיות נוספות, מכיוון שהן באמת עושות עבודה מצוינת בכל רחבי המדינה, בכל התחומים.",knesset,13_ptm_532262.docx
ח״י,"18 בעד – ח""י, חי וקיים, אחד נגד, אחד נמנע.",knesset,13_ptm_532262.docx
א״ח,"הצבעה מס' 18 בעד ההצעה להעביר את הנושא לוועדה – 14 בעד ההצעה שלא לכלול את הנושא בסדר-היום – 1 נמנעים – אין ההצעה להעביר את הנושא שהעלה חבר הכנסת א""ח שאקי לוועדת הפנים ואיכות הסביבה נתקבלה.",knesset,13_ptm_532262.docx
מ״פ,"אני לא יודע אם כל מ""פ יודע בדיוק מה צריך לעשות כאשר הוא נתקל במשטרה פלשתינית.",knesset,13_ptm_532263.docx
ח״כ,"בשירות המדינה היו ננקטים מייד אמצעים להפסקת תופעה זו, בכלל זה הוראה של המבקרת, אלא שכאן אין דין ואין דיין, להוציא ח""כ אלי דיין, ואיש הישר בעיניו יעשה.",knesset,13_ptm_532264.docx
ש״ב,"יצאנו מעזה, לא נוכל לרוץ אחריהם, לא נוכל לטפל בהם, לא יהיו שם לא צבא ולא משטרה ולא ש""ב.",knesset,13_ptm_532264.docx
ד״ש,"גם אתם לא עליתם לשיא אחרי מפלה אחת בתקופת ד""ש.",knesset,13_ptm_532265.docx
אמ״ן,"הנה אני שומע, שבאחד מדיוני ועדת החוץ והביטחון נשאל ראש אמ""ן, לאחר הסכם אוסלו, האם יש הסכמים נוספים, וראש אמ""ן אומר: אין הסכמים, יש הבנות.",knesset,13_ptm_532265.docx
ש״י,"לראיה, במחוז ש""י הוחזרו על-ידי הפלשתינים בתקופה שבין 9 במאי 1994 לבין 31 בינואר 1995 91 כלי רכב, ונעצרו 35 חשודים בגין מעורבות בגנבות כלי רכב מישראל והעברתם לשטחי האוטונומיה.",knesset,13_ptm_532266.docx
ב״ה,"קודם כול, חלק מכם כבר התחילו להוסיף ""ב""ה"" בברכות לראש השנה ובמכתבים.",knesset,13_ptm_532267.docx
ב״ב,"אני שמח שחלק מחברי הכנסת של צומת מתחילים מכתב ב""ב""ה"".",knesset,13_ptm_532267.docx
נ״ר,"וההסתייגות המשמעותית השנייה שלי לתקציב היא בעניין רכישת דירות נ""ר לעולים, למקרים סוציאליים.",knesset,13_ptm_532267.docx
נ״ר,"ההסתייגות שלי לתקציב – שלי ושל חבר הכנסת אברהם יחזקאל – מבקשת להוסיף 300 מיליון שקל לרכישת דירות נ""ר למקרים סוציאליים.",knesset,13_ptm_532267.docx
נ״ר,"בתקציב הקיים יש אפשרות לרכוש רק 200 דירות בשנה, ויש 1,400 משפחות שכבר יש להן ביד תעודת זכאות לדירות נ""ר.",knesset,13_ptm_532267.docx
נ״ר,"המסכנים האלה כבר עברו ויה דולורוזה במשך חמש שנים, והם מתגלגלים עם ילדיהם בכל מיני חורים; אין להם איפה לגור, ואין שום סיבה בעולם שמשרד השיכון לא ייתן לאלה שנואשו מפתרון דיור פתרון באמצעות דירת נ""ר.",knesset,13_ptm_532267.docx
נ״ר,"אנחנו גם מציינים מאין אנחנו מציעים להפחית את הכסף, כדי שיהיה פתרון בלי לפרוץ את מסגרת התקציב ואפשר יהיה לקנות דירות נ""ר במקרים הקשים האלה, של אנשים שאין להם שום פתרון דיור אחר.",knesset,13_ptm_532267.docx
נ״ר,"אני תקווה שיהיה מי שיתמוך בהסתייגויות האלה לפחות, ההסתייגויות לעניין תקציב הביטחון ודירות נ""ר, ואז נביא ברכה – כך אני מקווה – גם בעניין הזה.",knesset,13_ptm_532267.docx
נ״ר,"הערה אחת ויחידה למשרד השיכון בעניין דירות נ""ר.",knesset,13_ptm_532267.docx
נ״ר,"בהכירי מקרוב – ביישובים שונים – משפחות שמצבן הסוציאלי כזה שאין להן שום סיכוי להגיע לעולם לדירה ראויה לשמה, הרי שדירות נ""ר הן התשובה.",knesset,13_ptm_532267.docx
נ״ר,"משרד הבינוי והשיכון, הממשלה אינה מוצאים לנכון להקציב אף לא דירה אחת במסגרת נ""ר לאוכלוסיית המפגרים במדינת ישראל.",knesset,13_ptm_532267.docx
נ״ר,"הממשלה חיפשה דירות, מה שנקרא דירות נ""ר, היו רצים פקידים, הדירה היתה מוצאת חן בעיני המשפחה או לא היתה מוצאת חן בעיניה.",knesset,13_ptm_532267.docx
נ״ר,"אדוני השר, מאחר שאתה העלית את העניין של דירות נ""ר, אני מבקש לשאול אותך שאלה קונקרטית בעניין הזה.",knesset,13_ptm_532267.docx
כ״ח,"ובאותו היום הנשגב, כ""ח באייר, נפתחו השמים וכל עם ישראל ראה את מראות אלוקים, כאשר הלוחמים האמיצים, בהקרבה ללא גבול ובחירוף נפש, תקעו שוב את היתד לבניין ירושלים הגדולה והמאוחדת.",knesset,13_ptm_532270.docx
א״ד,"החקלאות, הפאר של הקיבוצים והמושבים, נמצאת היום באדמה – לא באדמה במובן החיובי כפי שאמר א""ד גורדון; באדמה, בעגה של הפנים באדמה.",knesset,13_ptm_532272.docx
מד״א,"לאירוע האמור הגיעו אמבולנס מד""א רגיל וניידת טיפול נמרץ של מד""א, אשר הוזעקה לאחר מכן על-ידי צוות מד""א.",knesset,13_ptm_532272.docx
מד״א,"בשעה 15:20 התקבלה קריאה במוקד מד""א איילון ובה נמסר על ילד בן 13 הסובל מכאבי בטן ומהקאות בבית-ספר.",knesset,13_ptm_532272.docx
מד״א,"בהמשך, כאשר החמיר מצב הילד, הוזעקה גם ניידת טיפול נמרץ של מד""א, אשר הגיעה כעבור שבע דקות.",knesset,13_ptm_532272.docx
ק״ו,"קו החשמל שעמודים מספר שלו התמוטטו בסופה בתאריך 22 באפריל 1994 הינו קו מתח עליון של 161 ק""ו הקיים כבר 25 שנה.",knesset,13_ptm_532276.docx
חמ״ס,"תפקידם של שירותי הכבאות וההצלה באירועי חמ""ס הוא תפקיד מצומצם ומתבטא בצמצום השפעת החומרים המסוכנים, במקום האירוע, באמצעים העומדים לרשותם, קרי – מים וקצף.",knesset,13_ptm_532276.docx
חמ״ס,"על אף הכרזת הוועד הארצי של הכבאים כי לא יצאו לאירועי חמ""ס בעתיד, יש לציין כי באירועים האחרונים, שאירעו לאחר הצהרת הוועד – בשער-הגיא, ברמת-חובב, בקריית-חיים, בכביש ירושלים",knesset,13_ptm_532276.docx
חמ״ס,"באירוע חמ""ס בנמל חיפה לא יצאו כבאי השירות בשל סכסוך עבודה.",knesset,13_ptm_532276.docx
חמ״ס,"באירוע חמ""ס בנמל חיפה לא יצאו כבאי השירות, כמתבקש, בשל סכסוך עבודה.",knesset,13_ptm_532276.docx
חמ״ס,"תפקידם של שירותי כבאות והצלה באירועי חמ""ס הוא מצומצם ומתבטא בצמצום השפעת החומרים המסוכנים במקום האירוע, באמצעים העומדים לרשותם, קרי – מים וקצף.",knesset,13_ptm_532276.docx
חמ״ס,"כדי לאפשר לכבאים לבצע את התפקיד הראשוני, המוטל עליהם באירועי חומרים מסוכנים, עברו הכבאים הכשרה מיוחדת והועמדו לרשות כל שירות חליפות מגן ייעודיות שתפקידן להגן על הכבאי בעת אירוע חמ""ס.",knesset,13_ptm_532276.docx
חמ״ס,"כמו כן יש בשירותי כבאות והצלה צוותי חמ""ס מרחביים, בפתח-תקווה לאזור המרכז, בחיפה לאזור הצפון, בבאר-שבע לאזור הדרום, בירושלים ובאשקלון/אשדוד.",knesset,13_ptm_532276.docx
מב״ר,"למי שלא יודע, תוכנית מב""ר זו תוכנית שנותנת הזדמנות שנייה.",knesset,13_ptm_532277.docx
רמ״ח,"כואבות לי הבעיות שציינת, ואני תומך במה שאמרת בכל רמ""ח איברי.",knesset,13_ptm_532277.docx
מג״ב,"אני קורא ליהודים בישראל להתייחס אל שוטר או שוטר מג""ב בלי תג זיהוי כאל מתחזה ולא להתחשב בו.",knesset,13_ptm_532278.docx
אמ״ן,"הוא יצא בהתקפה חסרת תקדים בתולדות המדינה על הערכות ראש אמ""ן, ובעצם אומר לנו שר החוץ ואומרת הממשלה: העובדות לא מעניינות אותנו.",knesset,13_ptm_532279.docx
מע״ש,"ראיתי לדוגמה מע""ש בנצרת-עילית, שהוא דוגמה המראה איך יכולים בצורה יפה, מכובדת ומכניסה ליצור עבודה ולהעסיק בעלי נכויות שונות בעבודה של ממש, חמש עד שמונה שעות עבודה ליום.",knesset,13_ptm_532279.docx
אב״ש,"מר אב""ש הציג בפני משרדנו דיפלומה של דוקטור להיסטוריה של העם הצ'רקסי.",knesset,13_ptm_532282.docx
ב״מ,"אני יכול לומר לך, אדוני שר האוצר, כמי שעקב אחרי מה שקרה ב""מ.י.",knesset,13_ptm_532282.docx
השב״ס,"אדוני היושב-ראש, רבותי חברי הכנסת, כבוד השר, קיבלתי פניות רבות מהרב עוזי משולם על הפרת סיכומים שהיו עם צמרת השב""ס ולא קוימו.",knesset,13_ptm_532282.docx
ז״ק,"אני קראתי לשר החוץ שלנו שר האוצר של ערפאת, כי ב""מעריב"" אתמול פורסם בשם משה ז""ק: שר החוץ של מדינת פלשתין, כך הציג את עצמו פארוק קדומי, קרא לישראל מדינה רמאית, שקרנית וברוטלית.",knesset,13_ptm_532284.docx
ז״ל,"ז""ל, זיכרונו לברכה, מנוחתו עדן, כל שיש לומר; הוא אמר שהאדם לא מת אלא רק גופתו מתה, לכן אני מכבדת את הגישה הזאת.",knesset,13_ptm_532284.docx
אמ״ן,"בעניין זה חשוב להזכיר את יציאתו המוקדמת לחופשה של ראש אמ""ן, האלוף אורי שגיא.",knesset,13_ptm_532285.docx
אמ״ן,"הנושא איננו האדם אורי שגיא, אלא קבלה או אי-קבלה של תחזיות אמ""ן, וחשש חס וחלילה למחדלים עתידיים כתוצאה מאי-הצגת תחזיות, מחשש שמקבל תחזיות אלה לא יאהב אותן.",knesset,13_ptm_532285.docx
קצא״א,"הדליפה והשרפה במתקן קצא""א ליד אשקלון והשלכותיה",knesset,13_ptm_532287.docx
קצא״א,"הסעיף הבא – הצעות לסדר-היום מס' 5475, 5482 ו-5515: הדליפה והשרפה במתקן קצא""א ליד אשקלון והשלכותיה.",knesset,13_ptm_532287.docx
קצא״א,"אנחנו נזדקק עתה לתזכורות על דברים ואסונות או כמעט אסונות שקרו דווקא בארץ, ואני רוצה להזכיר לכנסת כי באותו אתר של קצא""א, מדרום לאשקלון, לפני שש שנים פרצה דלקה.",knesset,13_ptm_532287.docx
קצא״א,"אני מזכיר את השרפה שהיתה בפי-גלילות משום האפיונים המשותפים לה ולשרפה שפרצה ב-1 בספטמבר באתר קצא""א באשקלון.",knesset,13_ptm_532287.docx
קצא״א,"לפי הפרסומים, נמנעה קצא""א מלדווח למשרד לאיכות הסביבה על האירוע, וזאת בניגוד לחובתה על-פי חוק.",knesset,13_ptm_532287.docx
קצא״א,"חבל מאוד שרק לאחר שהעניין דלף והגיע לכדי יוזמה להצעה לסדר-היום בכנסת, מצאה הנהלת קצא""א את הסיבה ואת הזמן לערוך מסיבת עיתונאים וניסתה, באותה מסיבת עיתונאים, לגמד מחומרתה של הפרשה, מחומרתו של האירוע.",knesset,13_ptm_532287.docx
קצא״א,"אני מאשים את הנהלת קצא""א בחוסר אחריות ציבורית, חוסר רגישות וחוסר מודעות לאיכות הסביבה.",knesset,13_ptm_532287.docx
קצא״א,"אנחנו צריכים להעלות בכנסת שאלה, מדוע קצא""א כפופה עד היום למשרד בלתי רלבנטי בנושא הזה, ואנחנו צריכים לנסות לשכנע את הממשלה להעביר את האחריות למשרד האנרגיה והתשתית.",knesset,13_ptm_532287.docx
קצא״א,"כאן נשאלת השאלה: באיזו זכות נוהגת הנהלת קצא""א כפי שנהגה במקרה דנן?",knesset,13_ptm_532287.docx
קצא״א,"בהזדמנות זו אמר השר שחל, שלא ייתכן להטיל עליו את האחריות, כאשר שר האוצר מסרב להעביר את קצא""א לאחריות משרד האנרגיה, כפי שהסביר כאן יותר בהרחבה חבר הכנסת דוד מגן.",knesset,13_ptm_532287.docx
קצא״א,"בינתיים, טרם יבשה הדיו על מסקנות ועדת החקירה בנושא קצא""א, כבר נודע על פרשייה חדשה, שרפה שפרצה בחוות הדלק פי-גלילות הסמוכה לתל-אביב.",knesset,13_ptm_532287.docx
קצא״א,"אני גם חשבתי, שלגבי קצא""א אין חסינות ואין אקסטריטוריאליות בנושא איכות הסביבה.",knesset,13_ptm_532287.docx
ש״ג,"עמדתי ש""ג, כמעט לא נתתי לאריק שרון להיכנס, וזו היתה ההזדמנות היחידה שהייתי בחברון.",knesset,13_ptm_532290.docx
מ״פ,"חבר הכנסת לס, אם מחר תעלה מולדת לשלטון ותחליט על טרנספר לערבים, אתה תקיים את ההחלטה אם תצטרך להיות מ""פ בפלוגה שתפעל שם?",knesset,13_ptm_532290.docx
אצ״ל,"אבל יושב פה כבוד היושב-ראש, ואולי זה יזכיר לו, היה שיר חמור מאוד של אצ""ל על אות קין, ""ותשלח את אחי לגרדום"".",knesset,13_ptm_532290.docx
ת״ל,"כתוב ב""שולחן ערוך"", אורח חיים, הלכות פסח סימן ת""ל: שבת שלפני הפסח קורין אותו שבת הגדול.",knesset,13_ptm_532291.docx
ח״י,"ח""י חברי כנסת הם לא מעט, אך אם נכפיל את המספר זה יהיה עוד יותר טוב.",knesset,13_ptm_532292.docx
אש״ל,"יש קושי רב בקביעת רמת ההכנסה בפועל של זכאים, הן ביחס לעצמאים, קביעה שכידוע גם לשלטונות המס יש קושי בה, והן ביחס לשכירים, שכן ניתן להימנע מעבודה בשעות נוספות, אש""ל, תשלומי אחזקת רכב וכו'.",knesset,13_ptm_532293.docx
מב״ר,"נפתחו כיתות מב""ר, מעבר לבגרות, וכיתה 13 במטרה לסייע לתלמידים לקבל תעודת בגרות.",knesset,13_ptm_532293.docx
ס״מ,"וברור לגמרי גם למה סאדאת לא בדיוק רצה את רצועת-עזה, אף שבטאבה הוא לא ויתר גם על 10 ס""מ.",knesset,13_ptm_532294.docx
חפ״ק,"המשטרה הקימה הבוקר חפ""ק של מחוז תל-אביב.",knesset,13_ptm_532294.docx
נ״ח,"הגמרא במסכת בבא בתרא בדף נ""ח מספרת סיפור על אדם שנפטר והיו לו עשרה בנים, ורק אחד הבנים היה שלו, ולא ידעו מי הוא.",knesset,13_ptm_532296.docx
איו״ש,"מכסת המוניות המורשות לצאת לישראל מכל איו""ש עומדת על 700.",knesset,13_ptm_532297.docx
איו״ש,"מתוך מכסת כלל איו""ש מאושרות 116 מוניות מנפת רמאללה, אשר כולן מורשות לצאת לישראל, ובכלל זה לעבוד בקו ירושלים–רמאללה.",knesset,13_ptm_532297.docx
אג״ם,"אדוני היושב-ראש, בתביעה של אנשי אג""ם היום, למרות ההודעה של המפקח הכללי דאז, הוגשו חלק מהתלונות גם בנושא הפקסים.",knesset,13_ptm_532297.docx
תמ״א,"תמ""א 16, תוכנית מתאר ארצית 16, הוכנה כבר לפני 20 שנה.",knesset,13_ptm_532297.docx
תמ״א,"כבר הזכרנו את תוכנית המתאר הארצית, תמ""א 16.",knesset,13_ptm_532297.docx
א״ד,"אכן, קבלן הניקיון בבית-הספר על-שם א""ד גורדון מעסיק עובדים ערבים תושבי המשולש ונושאי תעודת זהות ישראלית.",knesset,13_ptm_532300.docx
מט״ח,"וכשנחזיר אותן נגלה פתאום שאין לנו יתרות מט""ח אפילו לשלושה חודשים, דבר שהיה בעבר הקו האדום.",knesset,13_ptm_532300.docx
סמ״ק,"אופנועים בגודל של 250 עד 500 סמ""ק היו ב-1994 קרוב ל-6,000.",knesset,13_ptm_532301.docx
סמ״ק,"ואילו לגבי האופנועים הגדולים בסדר גודל של 500 סמ""ק ומעלה היו ב-1994 5,000 אופנועים.",knesset,13_ptm_532301.docx
סמ״ק,"כבר לפני שנתיים סיווגתי מחדש את רשיונות הנהיגה באופנוע לפי הסדר הבא, כי – חבר הכנסת שגיא, אתה תיארת נכון – אפשר היה לקבל רשיון לאופנוע מ-50 סמ""ק, 250 סמ""ק, אין נפקא מינה.",knesset,13_ptm_532301.docx
סמ״ק,"לפי הסיווג החדש, אי-אפשר עתה לנהוג באופנוע כבד, מעל 500 סמ""ק, ללא ניסיון קודם באופנוע קטן יותר.",knesset,13_ptm_532301.docx
סמ״ק,"מכאן ואילך לא נותנים רשיון לרכב של 500 סמ""ק אלא אם הנהג הוא מעל גיל 21.",knesset,13_ptm_532301.docx
סמ״ק,"הסכמנו עם האוצר, שהם יכפילו את דמי הביטוח על אופנועים מעל 500 סמ""ק, שזה הרבה יותר מאשר לרכב ארבעה גלגלים.",knesset,13_ptm_532301.docx
סמ״ק,"האם הבנתי שאדוני השר קיבל את ההמלצה שלו, שאופנועים עם נפח מנוע של 500 סמ""ק לא ייסעו בכלל בשבת?",knesset,13_ptm_532301.docx
תמ״א,"משלא הגענו להצעת פשרה הוחלט לפצל את החוק, ובפנינו מונחת לקריאה שנייה ושלישית הצעת חוק שמבטלת את תמ""א-18.",knesset,13_ptm_532303.docx
תמ״א,"להקים תחנת דלק במדינת ישראל זה הליך שנמשך בין שבע לעשר שנים, כמעט בלתי אפשרי, משום תמ""א-18, בין השאר.",knesset,13_ptm_532303.docx
מל״ל,"נזכרתי במרכז סניף הנוער העובד שלנו בכפר-מל""ל, אריק מנדל, זיכרונו לברכה, ובנחום אריאלי, שהיה במושבה שלנו כאשר עזבו את רמת-הכובש משום שהיו שם חיפושים.",knesset,13_ptm_532304.docx
עכו״ם,"ולא לקראת מלכי ישראל בלבד, אמרו, אלא אפילו לקראת מלכי עכו""ם.",knesset,13_ptm_532307.docx
ע״ד,"פיקוח נפש דוחה כל התורה כולה, חוץ משלושה דברים שהתלמוד מלמד, במסכת סנהדרין דף ע""ד, הגמרא המפורסמת, שהם גילוי עריות, שפיכות דמים ועבודה זרה.",knesset,13_ptm_532307.docx
תמ״א,"תוואי הכביש אושר במסגרת תוכנית המתאר הארצית לכבישים, תמ""א 3, בשנת 1976.",knesset,13_ptm_532307.docx
ס״ב,"אני לא רוצה להיכנס לנושא ההלכתי; אגיד לכם רק מה שהתלמוד אומר במסכת בבא מציעא, דף ס""ב: שניים שהיו מהלכים במדבר ויש להם קיתון מים – מימייה של מים.",knesset,13_ptm_532309.docx
בס״ד,"הוא כותב כך: ""בס""ד, שיחקנו ליד בית שניאורסון והתכוננו ללכת לאברהם אבינו.",knesset,13_ptm_532314.docx
כ״א,"אומרת הגמרא במסכת בבא בתרא, דף כ""א: אם אחד פותח חנות והשני פותח חנות לידו, יכול לעכב עליו, ""דאמר לי קא פסקת ליה לחיותי""; אתה יורד לחיי.",knesset,13_ptm_532314.docx
כ״ח,"היום הצטרף לשובתי הרעב – חבר הכנסת סגן יושב-ראש הכנסת דב שילנסקי; כפי הנראה לכן הוא לא נמצא אתנו פה, כי הוא נמצא בגן הוורדים עם הרב מנחם פליקס ועם כ""ח השובתים.",knesset,13_ptm_532318.docx
אז״ר,"ליד אוניברסיטת בר-אילן נמצא המושב כפר-אז""ר.",knesset,13_ptm_532321.docx
אז״ר,"חבר הכנסת שטרית, אם תרשה לי תיקון מידיעה אישית על כפר-אז""ר, רק לפני שבוע הייתי שם בבית של מישהו שמגדל תרנגולות ויש לו פרדס, והוא גם שם לי חצי שק קלמנטינות.",knesset,13_ptm_532321.docx
אז״ר,"תודה על האמת שגם מקומו של המושב כפר-אז""ר הוא כזה, שבאמת אין מקום לקיומו של מושב במרכז הארץ בנתונים הקיימים.",knesset,13_ptm_532321.docx
נ״ט,"במסגרת זו סוכם כי ישראל תקבל: 24 מסוקי ""אפאצ'י"" בערך של 354 מיליון דולר; 10 מסוקי ""בלקהוק"" בערך של 84 מיליון דולר; שישה ""יסעורים"", טילי נ""ט, טילי ים-ים ופצצות אוויר-קרקע בהיקף של 52 מיליון דולר.",knesset,13_ptm_532322.docx
כ״ז,"אנחנו עומדים לחגוג את שנת ה-27 לשחרור ירושלים; כ""ז שנה.",knesset,13_ptm_532323.docx
מ״פ,"בתפקיד האחרון שלי הייתי מ""פ בחטיבת הצנחנים הדרומית, מ""פ של פלוגת רפואה, ולכן אני אומר דברים בהתייחסות לחוק הזה גם מההיבט האישי, בוודאי כמו כולנו.",knesset,13_ptm_532324.docx
ש״ג,"אלא שהם משרתים בתפקידי ש""ג, בתפקידי שמירה.",knesset,13_ptm_532324.docx
ס״מ,"לאחר שהונח הגשר נתגלה כי היסודות בצדו הירדני שקעו בכ-14 ס""מ, ואולם מבדיקות שנערכו עם הירדנים התברר כי שקיעה זו תוכננה מראש, בהתאם לשיטת היסודות הנהוגה בירדן.",knesset,13_ptm_532325.docx
רש״ת,"אני שמח לבשר, כי בימים האחרונים הגיעה רש""ת להסדר שיאפשר להפעיל את השדה במתכונת שעות הפעילות המורחבת, דהיינו עד השעה 22:00, וזאת החל מיום 1 בינואר 1995.",knesset,13_ptm_532325.docx
מ״פ,"הדבר השני – לנזוף באותו מ""פ שטעה, שדרש מהחיילים לחזור ברכב לבסיס, שלא על מנת לעשות כוננות מבצעית, והענישם משום שסירבו לחלל את השבת.",knesset,13_ptm_532326.docx
ס״מ,"הוא הגיש לנו חוברות בגובה של עשרות סנטימטרים, 40 ס""מ, 15 חוברות, 20 חוברות, שהודפסו והוגהו.",knesset,13_ptm_532328.docx
רמ״ח,"תרשו לי לומר לכם, אני אומנם לא נולדתי בארץ, אבל אני מרגיש את עצמי ישראלי בכל רמ""ח איברי, יהודי גא, עם כל המשתמע מכך.",knesset,13_ptm_532330.docx
צח״מ,"בעקבות האירועים האלה הוקם במחוז תל-אביב צוות חקירה מיוחד – צח""מ, כפי שנקרא בז'רגון המשטרתי – כשהנושא עצמו מקבל טיפול בעדיפות ראשונה.",knesset,13_ptm_532331.docx
ע״פ,"ומסיים את המכתב אותו אזרח, ע""פ מקריית-אונו, וזועק אלי וזועק אלינו: ""אנא, עשה לתיקון העוול, ואלפי נכי העבודה הזקנים יודו לך מקרב לב"".",knesset,13_ptm_532332.docx
רמ״ח,"אתה לא מעמיד פנים, אתה חש כך בכל רמ""ח איבריך, ואני מבין ומכבד את זה.",knesset,13_ptm_532332.docx
מד״ר,"ובחוק התקציב, בתל-אביב, על-פי נתונים שקיבלתי מד""ר אביטל כהן, הרופאה המחוזית, בעיר תל-אביב רבתי, וזה לא רק תל-אביב, הממשלה מכסה היום כ-2,100 מיטות.",knesset,13_ptm_532336.docx
מג״ב,"בתחקיר האירוע שבוצע על-ידי מג""ב התברר, כי הירי היה בניגוד להוראות ולנהלים, כאשר לא נשקפה סכנה לשוטר מג""ב ולאזרחים שהוא היה אמור לשמור עליהם.",knesset,13_ptm_532336.docx
הרא״ה,"אני חושב שמן הראוי היה שהכנסת תייחד דיון לתרומתו של הרב משה צבי נריה לדמותה הרוחנית של מדינת ישראל עם הקמת ישיבת ""בני עקיבא"" כפר-הרא""ה, הישיבות התיכוניות והאולפנות, ישיבות ההסדר ודור הכיפות הסרוגות.",knesset,13_ptm_532336.docx
ב״ז,"מדוע נמשכה חקירתו האינטנסיבית של מר ב""ז למרות מצבו הבריאותי?",knesset,13_ptm_532336.docx
ב״ז,"מר ב""ז היה אדם חולה, וסמיכות פטירתו לחקירתו היא מקרית.",knesset,13_ptm_532336.docx
ב״ז,"ביום פטירתו נחקר מר ב""ז כשעה, ולא הביע במהלך אותה חקירה טענה כי אינו חש בטוב.",knesset,13_ptm_532336.docx
א״ק,"בדיקת משרד הבריאות במקרהו של מר א""ק הראתה שלא היתה סטייה מן הנהלים שנהגו באותה עת.",knesset,13_ptm_532342.docx
א״ק,"משרדנו קיים פעמים אחדות במהלך השנים האחרונות בדיקות מקיפות בעניינו של מר א""ק בהתייחס למעמדו המקצועי של הרופא.",knesset,13_ptm_532342.docx
א״ק,"המקרה של א""ק זכה לטיפול מצד גופים רבים, לרבות משרד הבריאות.",knesset,13_ptm_532342.docx
ע״ז,"כך, לדוגמה, פסק הראשון לציון הרב עוזיאל, זכרו לברכה, בספרו ""משפטי עוזיאל"", חלק ד', סימן ע""ז, כי לפי המשפט העברי גבר חייב במזונות בת זוגו אם הם נישאו בנישואין אזרחיים, שמכוחם הוא חייב לפרנסה.",knesset,13_ptm_532342.docx
השב״ס,"כמה דקירות היו בשנים האחרונות בין כותלי הכלא וכיצד הגיב השב""ס?",knesset,13_ptm_532342.docx
השב״ס,"ה""סקר"" נעשה בתקופה קרובה להחלטת השב""ס אם להיענות לבקשתו.",knesset,13_ptm_532343.docx
פו״ם,"לדעתו של מפקד פו""ם, הם לא הדגישו מספיק את הפגיעה בעקרונות הדמוקרטיה.",knesset,13_ptm_532343.docx
פו״ם,"כמו כן התייחס מפקד פו""ם לאספות, להפגנות ולהטפות שהיו באוניברסיטה טרם הירצחו של ראש הממשלה.",knesset,13_ptm_532343.docx
פו״ם,"מפקד פו""ם לא מבקש כלל במכתבו ואינו מעלה בו את האפשרות של הפסקת לימודים של קצינים מכוחות הביטחון באוניברסיטת בר-אילן, כפי שעלה פה בהצעות לסדר-היום.",knesset,13_ptm_532343.docx
ח״י,"18 תומכים, אין מתנגדים, אין נמנעים; ח""י תומכים, הנושא יעבור לטיפולה של ועדת החינוך והתרבות.",knesset,13_ptm_532344.docx
כ״ז,"שחר אילן כותב בעיתון ""הארץ"" מיום כ""ז באב: ""מטה הביצוע מסר את כל הטיפול בהכנת תוכניות הלימודים בנושאי חגים לרפורמים, לקונסרבטיבים ולתנועה הקיבוצית"".",knesset,13_ptm_532345.docx
הרא״ה,") הלך מאתנו הבוקר חבר הכנסת לשעבר משה צבי נריה, ובשעות אלו ממש הוא מובא למנוחת עולמים בבית-העלמין בכפר-הרא""ה.",knesset,13_ptm_532346.docx
הרא״ה,"אדוני היושב-ראש, כנסת נכבדה, בפתח דברי אני רוצה לשלוח תנחומים למשפחתו של חבר הכנסת לשעבר הרב משה צבי נריה, לישיבת כפר-הרא""ה, לתנועה הדתית-הלאומית.",knesset,13_ptm_532346.docx
הרא״ה,"היינו בני-פלוגתא בשאלות רבות, אבל דווקא היום העלינו על נס את הישיבה שהוא עמד בראשה, ישיבת כפר-הרא""ה, שהגיעה להישג מופלג בקליטת תלמידים יוצאי אתיופיה.",knesset,13_ptm_532346.docx
אש״ל,"הוא נהנה מלשכה, מעוזרים שהוא ממנה בהתאם לרצונו; הוא נהנה מטלפונים; הוא נהנה מהוצאות אש""ל, לדעתי לא מוגבלות.",knesset,13_ptm_532346.docx
ע״י,"ביצוע הפרויקטים כאמור מותנה במסגרת התקציבית המאושרת ע""י האוצר.",knesset,13_ptm_532347.docx
אצ״ל,"בגין ירד למלון ""סבוי"", הגיעו חיילי אצ""ל מהצבא החדש של מדינת ישראל ואמרו: תן לנו אפשרות לעצור את האש הזאת.",knesset,13_ptm_532347.docx
ת״ק,"זע עליו ת""ק על ת""ק פרסה, אתם בירושלים עיר הקודש כינסתם אתמול את כל מוכרי בשר החזיר.",knesset,13_ptm_532349.docx
אש״ל,"עכשיו תשלמו על הוצאות הרכב שאתם מקבלים, על הוצאות הביגוד, על הוצאות אש""ל, על הוצאות טלפון, על כל הוצאה שהיתה לכם – – –",knesset,13_ptm_532356.docx
י״ל,"חבר הכנסת שילנסקי, אתה מכיר את הסיפור של י""ל פרץ ""בונצ'ה שתוק""?",knesset,13_ptm_532356.docx
י״ל,"הוא הזכיר לי סיפור של י""ל פרץ, ""בונצ'ה שתוק"", שלמדתי בנערותי, ואתה אפילו אמרת את זה ביידיש.",knesset,13_ptm_532356.docx
י״ל,"הוא היה צדיק כמו אותו כפרי בסיפור אחר של י""ל פרץ, שהתפלל – –",knesset,13_ptm_532356.docx
שח״ל,"היום דנה הוועדה עם סגנית השר במה שנקרא ביטוח במכונים למחלות לב וגביית הכספים, כאשר החברות כמו ""שח""ל"" ממשיכות לגבות כספים ממשפחת המבוטח גם כאשר המבוטח נפטר.",knesset,13_ptm_532358.docx
שח״ל,"אבל מצאנו מקרים, לצערנו הרב, והראשונה שעסקה בכך היתה המועצה הישראלית לצרכנות, שאדם נפטר תקופה קצרה אחרי שמשפחתו עשתה בעבורו את הביטוח או קנתה בעבורו את השירות של ""שח""ל"" וכספו לא הוחזר למשפחה.",knesset,13_ptm_532358.docx
ז״ל,"הבאתי חישוב ממנהל הכלא דאז, חיים ז""ל, אם אדוני מכיר אותו, שאמר שכל אסיר עולה לו 10,000 לירות בחודש.",knesset,13_ptm_532359.docx
פו״ם,"יש ארבע הצעות לסדר-היום על ההתבטאות של מפקד פו""ם על אוניברסיטת בר-אילן.",knesset,13_ptm_532359.docx
ש״ג,"עדותו של חייל ששמו דורון כהן: הייתי בשמירה, ש""ג, ולפתע אני שומע מתוך רמקול: תעמידי את האוטו בצד.",knesset,13_ptm_532363.docx
ח״י,"ח""י תומכים, כלומר – 18 תומכים, תשעה מתנגדים, אין נמנעים.",knesset,13_ptm_532364.docx
מ״פ,"ידידי חבר הכנסת זאבי, מדבר אליך מ""פ בצנחנים; אני לא צריך קבלות ממך.",knesset,13_ptm_532364.docx
ז״ל,"עמד פה השר לשעבר רמון, ז""ל מבחינת היותו שר – – –",knesset,13_ptm_532364.docx
ח״ן,"אבל השגתי היום איזה מסמך, שבו קצינת ח""ן ראשית מודה: אין לנו צורך ב-50% מהמתגייסות.",knesset,13_ptm_532364.docx
ח״ן,"תת-אלוף אמירה דותן – הזכיר זאת קודם חבר הכנסת בניזרי – לשעבר קצינת ח""ן ראשית, התבטאה ברוח דומה בעקבות ההחלטה האחרונה על קיצור שירות הבנות.",knesset,13_ptm_532364.docx
ב״ש,"כ-300,000 אזרחי המדינה המשתמשים בכרטיסי מנוי חודשיים מדי חודש בשירותי ""אגד"", ""דן"", ""חב' ב""ש"" ו""חב' אוטובוסים מאוחדים נצרת"".",knesset,13_ptm_532367.docx
ב״ש,"שיעור ההתייקרות הממוצע שבוצע היה 7.1% ולא 7.7%, כפי שציין חבר הכנסת; שיעור ההתייקרות הממוצע ב""אגד"" – 7.25%, ב""דן"" – 4.29%, בחברת ב""ש – 5.2%; ב.",knesset,13_ptm_532367.docx
ת״ל,"יש לציין שב""שולחן ערוך"" מובאת בסימן ת""ל הסיבה ל""שבת הגדול"", לנס המיוחד.",knesset,13_ptm_532367.docx
קמ״ט,"נוסף על כך השתתפו בישיבות הוועדה קמ""ט דתות שמואל המבורגר ומוזמנים של נציגי העדות.",knesset,13_ptm_532367.docx
נ״ט,"הוא העמיד לרשותנו 24 מסוקי תקיפה ""אפאצ'י"", 10 מסוקי ""בלקהוק"", 50 מטוסי 16-טילי נ""ט, טילי ים-ים, פצצות אוויר-קרקע – – –",knesset,13_ptm_532368.docx
חו״ש,"עבודות חו""ש – 13%, כ-300 מיליון שקל חדש; ד.",knesset,13_ptm_532369.docx
מ״ג,"בנק ישראל אכן החל, ב-1 במאי 1994, להנפיק מטבע בערך של שקל אחד בנתך השוקל 4 מ""ג פחות מזה שהונפק עד אז.",knesset,13_ptm_532370.docx
קק״ל,"נציגי הקרן-הקיימת לישראל (להלן – קק""ל) במועצה וכן נציגי הממשלה במועצה שאינם עובדי מדינה, הם למעשה נציגים של גורמים ומוסדות שרובם מהמגזר החקלאי.",knesset,13_ptm_532373.docx
קק״ל,""" ""במועד גמר הביקורת היה לנציגי קק""ל במועצה רוב בכל אחת מארבע ועדות המשנה של המועצה.",knesset,13_ptm_532373.docx
מד״ר,"אני מוכן להעביר לחבר הכנסת לוי בנפרד מכתב מד""ר זימין שבו היא מציינת שדאגו לערוך את השבת כיאות.",knesset,13_ptm_532375.docx
מ״מ,"נשיא בית-המשפט המחוזי בנצרת, כבוד השופט אברמוביץ, אישר את צו המעצר המינהלי של הנדון עד ליום 16 במרס 1995 (תיק בית-המשפט – מ""מ 2/94).",knesset,13_ptm_532376.docx
מ״ק,"לפי תחשיבים, יעלה מ""ק מים מותפלים 30-20 סנט.",knesset,13_ptm_532376.docx
ח״ן,"יודעי דבר וגם יודעי ח""ן אומרים, שמערכת יחסים כזאת בין נגיד בנק ישראל ובין שר האוצר לא היתה שנים רבות.",knesset,13_ptm_532376.docx
מד״א,"אדוני היושב-ראש, חברי הכנסת, קודם כול אני מבקש לומר את מה שראוי לומר בשבחו של מד""א, מגן-דוד-אדום.",knesset,13_ptm_532376.docx
מ״מ,"מי שברח מפני אבנים ובקבוקי תבערה, מדוע לא יברח מפני פצצות מרגמה 120 מ""מ ואש מקלעים?",knesset,13_ptm_532379.docx
אח״מ,"לג'יבריל רג'וב יש באופן אישי תעודה של אח""מ המאפשרת לו לנוע ביהודה ובשומרון.",knesset,13_ptm_532380.docx
השב״ס,"רצוני לשאול כמה שאלות: מי שם את בייניש למבקרת השב""ס?",knesset,13_ptm_532380.docx
השב״ס,"כמו-כן רצוני לשאול: מי הדליף את המכתב – האם לשכת שר המשטרה או נציבות השב""ס?",knesset,13_ptm_532380.docx
רמ״ח,"אני משוכנע בכל רמ""ח איברי, שבנושא של מלחמה ושלום צריך קונסנסוס רחב יותר וצריך רוב גדול יותר מרוב רגיל.",knesset,13_ptm_532383.docx
רמ״ח,"חבר הכנסת טלב אלסאנע, אתה לא צריך להמריץ אותי, בענייני שוויון אף אחד לא יתחרה בי כי אני מאמין בזה בכל רמ""ח איברי.",knesset,13_ptm_532383.docx
ל״א,"הגמרא אומרת במסכת ברכות, ל""א: ""הנפטר מחברו, אל ייפטר אלא מתוך דבר הלכה, שמתוך כך זוכרהו"".",knesset,13_ptm_532383.docx
אח״מ,"במדינת ישראל, בנושא בריאות, לא תופיע המלה אח""מ.",knesset,13_ptm_532384.docx
מ״א,"כמו-כן, נערכו דיונים עם האוניברסיטאות לפתיחת מסלולי מ""א אינטגרטיביים למקצועות היהדות והקמת מרכזי פיתוח לתוכניות לימודים.",knesset,13_ptm_532386.docx
מ״ק,"האם הובאו נתונים אלה בחשבון בעת שמדינת ישראל ויתרה על מיליוני מ""ק ממי הירדן לטובת הממלכה ההאשמית, כדי להקל על מצוקת המים בעמאן?",knesset,13_ptm_532387.docx
ס״ב,"מה שכתוב בגמרא, ביבמות ס""ב, הוא: האוהב את אשתו כגופו והמכבדה יותר מגופו, והמשיא בניו ובנותיו סמוך לפרקם, עליו הכתוב אומר, וידעת כי שלום אוהלך.",knesset,13_ptm_532387.docx
מ״ס,"מדוע לא הושלם הדיון בבקשתו של מ""ס לזכאות, אף שהגישה לפני כארבע שנים?",knesset,13_ptm_532388.docx
א״ש,"האם מודע המשרד לענייני דתות למחיר שנדרש מר א""ש לשלם?",knesset,13_ptm_532388.docx
אי״ל,"מה זה, לא ידעו מה זה ארגון ""אייל"", לא ידעו מי האנשים בארגון אי""ל?",knesset,13_ptm_532389.docx
פ״ד,"מספרת הגמרא במסכת בבא מציעא, דף פ""ד: פעם אחת הוליכו עגל לשחיטה, והיה רבי, רבי יהודה הנשיא, יושב ועוסק בתורה לפני בית-המדרש של הבבליים בציפורי.",knesset,13_ptm_532390.docx
מד״ר,"קיבלתי היום מכתב, אדוני היושב-ראש, מד""ר נח'לה בשארה, מנהל רפואי של בית-החולים נצרת, שנקרא בית-החולים האנגלי – EMMS, ובו הוא כותב לי: ""לכבוד חבר הכנסת האשם מחאמיד, בניין הכנסת, ירושלים.",knesset,13_ptm_532391.docx
מ״ק,"פעולות דומות ל""השבחת"" מי הים נעשו גם ב-8 באפריל – 18,000 מ""ק מי שופכין; ב-7 באפריל – 35,700 מ""ק; ב-6 באפריל – 38,000 מ""ק; וב-5 באפריל – 52,700 מ""ק.",knesset,13_ptm_532392.docx
מד״א,"חברי הכנסת, הנושא שלפנינו הגיע אלי כבר לפני חודשים מספר בפניות של הציבור בנושא סגירת מוקדי מגן-דוד-אדום – מד""א, בגוש-דן.",knesset,13_ptm_532392.docx
מד״א,"בנושא מד""א עסק שר הבריאות כל זמן שהוא כיהן בתפקיד.",knesset,13_ptm_532392.docx
מד״א,"לעצם העניין של מד""א והמוקד שנמצא ברחוב הגלגל ברמת-גן – אני לא אחזור על הנתונים ששמענו כאן אלא אוסיף עליהם.",knesset,13_ptm_532392.docx
מד״א,"כיוון שהעבירו את מוקד מד""א מקריית-גת לאשדוד, התחנה היתה סגורה באמצע היום, והאב רץ עם הילדה על הידיים עד לתחנת המשטרה כדי להזעיק עזרה.",knesset,13_ptm_532392.docx
מד״א,"ניתן היה להציל אותה לולא העבירו את מוקד מד""א ממקום למקום.",knesset,13_ptm_532392.docx
מד״א,"אני רוצה לומר לך, אדוני סגן השר, אני נזקקתי בשנים האחרונות לשירותים של מוקד מד""א ברמת-גן מדי פעם בפעם למשפחה, להורים, לכל מיני דברים.",knesset,13_ptm_532392.docx
מד״א,"צריך להודות ולשבח את האנשים שמטפלים במוקד מד""א ברמת-גן:",knesset,13_ptm_532392.docx
מד״א,"לפני שהפעילו את מוקד מד""א ברמת-גן הגיע שיעור ההצלחה בהחייאה באזור ל-8% בלבד.",knesset,13_ptm_532392.docx
מד״א,"היום, כשהפעילו את מוקד מד""א, הגיעו ל-34% הצלחה.",knesset,13_ptm_532392.docx
מד״א,"פירטו פה חברי דברים שונים לגבי תחנת מד""א ברמת-גן, ואני לא רוצה לחזור על זה.",knesset,13_ptm_532392.docx
ש״ת,"בכמה כתבים קבועים – מעמד ש""ת, היינו שובר תשלום – מדובר?",knesset,13_ptm_532393.docx
י״ל,"אישור הנושאים וההצעות לעבודות הגמר (ארבע י""ל) נעשה על-ידי הפיקוח על עבודות הגמר והפיקוח המקצועי על תחום הדעת שבו נכתבת העבודה.",knesset,13_ptm_532393.docx
מל״ל,"עודד וניבה קורקין ממושב כפר-מל""ל מבקשים זה תקופה ארוכה אישור בנייה.",knesset,13_ptm_532395.docx
מל״ל,"בעוד משפחות אחרות בכפר-מל""ל קיבלו רשיון על אותה בנייה, משפחת קורקין טרם קיבלה רשיון זה.",knesset,13_ptm_532395.docx
מל״ל,"מדוע ניתנו אישורי בנייה דומים לחברים אחרים בכפר-מל""ל?",knesset,13_ptm_532395.docx
מע״ש,"בעזרת תקציבים אלה מופעלים שירותים רבים, ביניהם מועדוניות, מע""ש, מעון-יום טיפולי ושירותים נוספים בקהילה.",knesset,13_ptm_532395.docx
נ״ח,"אבל אני רוצה לומר לך, שכל הקונצפציה של משרד הרווחה באה לידי ביטוי בישעיהו נ""ח: ""למה צמנו ולא ראית?",knesset,13_ptm_532395.docx
מל״ל,"הרכב לא רשום על שמם, הוא לא חונה ליד הבית שלהם, אבל החוקר של מל""ל, המוסד לביטוח לאומי, ראה את האדם נוהג ברכב, נוסע ברכב, ולכן הוא שולל את זכאותם.",knesset,13_ptm_532395.docx
כ״ח,"ישיבת הכנסת – מחר, אם ירצה השם, יום שלישי, כ""ח בסיוון, בשעה 16:00.",knesset,13_ptm_532395.docx
נ״ב,"וכנאמר בישעיה נ""ב: ""עורי עורי לבשי עזך ציון, לבשי בגדי תפארתך ירושלים עיר הקדש"".",knesset,13_ptm_532396.docx
אצ״ל,"יש לי לא רק צער וכאב, כי עם כל חילוקי הדעות שהיו לנו עם הקיבוצים, גם בתקופה שהיינו במחתרת, גם בתקופה שהחזיקו בקיבוצים חטופים של אנשי אצ""ל ועינו אותם, את כל זה שכחתי, מחקתי, עבר.",knesset,13_ptm_532397.docx
מח״ל,"לאמריקנים ולאנגלים שהגיעו באוניות מפוארות, עשירים, כל הכבוד להם, להם קראו מתנדבי חוץ-לארץ – מח""ל.",knesset,13_ptm_532397.docx
ג״ג,"דרך אגב, אדוני היושב-ראש, היות שהזדמן לנו היום להזכיר הרבה פעמים את אלכס גולדפרב וגונן שגב, קיבלתי פה הצעה, שמעתי ממישהו רעיון נכון: להגיד ג""ג, זה יהיה הרבה יותר קצר.",knesset,13_ptm_532400.docx
ג״ג,"כשאני אתייחס אליכם אגיד: ג""ג, בקיצור, במקום: גונן, גולדפרב, כי כמה פעמים אני יכול לחזור על השמות?",knesset,13_ptm_532400.docx
ג״ג,"הרי הם הלכו לבחירות במסגרת צומת, הם לא הלכו לבחירות באופן אישי, ולמען האמת, בלי לפגוע לא בגולדפרב ולא בגונן – דרך אגב, אדוני היושב-ראש, אמרתי קודם, בחלק הראשון של דברי, שאשתמש בקיצור ג""ג.",knesset,13_ptm_532400.docx
ג״ג,"ישבתי שעתיים לפני זה וניהלתי את הישיבה וכל הזמן שמעתי: גולדפרב-גונן, גולדפרב-גונן – ג""ג.",knesset,13_ptm_532400.docx
מח״ל,"אתה שמעת אותי, חבר הכנסת שמאי, יושב-ראש סיעת מח""ל-צומת להסתדרות?",knesset,13_ptm_532400.docx
רמ״ח,"ב-17 בחודש הייתי עם ראש המועצה של בית-שמש, מערכניק בכל רמ""ח איבריו.",knesset,13_ptm_532402.docx
בד״ר,"אני מסיים בשאלה נוספת, והיא, אדוני השר: ידוע לי, כי שר הבריאות הקודם ראה בד""ר גרינר מועמד ראוי וטוב לתפקיד הפסיכיאטר המחוזי.",knesset,13_ptm_532403.docx
בד״ר,"בעקבות כל מה שקשור בד""ר גרינר ובעברו, שחשיפת הליקויים לא היתה הנקודה היחידה בהם – – –",knesset,13_ptm_532403.docx
פר״ח,"בפרויקט פר""ח מקבל סטודנט מלגה של חצי שכר לימוד בעבור שעות השקעה רבות מעבר לחובת ארבע שעות.",knesset,13_ptm_532405.docx
פר״ח,"מלגת פר""ח הניתנת בתמורה לביצוע עבודות חונכות של הסטודנט הינה הכנסה חייבת במס ככל הכנסה אחרת מיגיעה אישית של שכיר או עצמאי.",knesset,13_ptm_532405.docx
פר״ח,"בדרך כלל, הסטודנטים המשתתפים בפרויקט פר""ח, אינם מגיעים לסף המס, ולכן בפועל אינם משלמים מס על הכנסתם זו.",knesset,13_ptm_532405.docx
פר״ח,"אין באפשרות משרד האוצר לכמת את המס הנגבה מהכנסת הסטודנטים המשתתפים בפרויקט, אולם, מאחר שבפועל מרבית הסטודנטים אינם ממוסים על הכנסתם ממלגת פר""ח, אין חשש שתשלום המס יפגע בפרויקט זה.",knesset,13_ptm_532405.docx
רמ״ח,"ממצאי ועדת החקירה הועברו להמשך טיפול רמ""ח רפואה, הממתין לתוצאות נתיחת הגופה.",knesset,13_ptm_532408.docx
קמ״ט,"נוסף על האמור לעיל נמצאות בבדיקה ובטיפול של הוועדה הרפואית שהוקמה לצורך העניין על-ידי המינהל האזרחי (בראשות קמ""ט בריאות) 36 בקשות נוספות.",knesset,13_ptm_532410.docx
כ״א,"גם אם אנו מתקנים היום את הדירוג לדרגה כ""א, וזה בוודאי יהיה המצב העכשווי, כל אחד יודע כי זוהי דרגה בינונית מאוד בדירוג עובדי המדינה.",knesset,13_ptm_532410.docx
כ״ח,"נדמה לי שבספר דברים פרק כ""ח כתוב: וכל המכה שלא כתובה בתורה.",knesset,13_ptm_532411.docx
ר״מ,"ר""מ בישיבת ""כרם דיבנה"", למד אצלו הרוצח לפני שלוש, ארבע או חמש שנים.",knesset,13_ptm_532411.docx
סמ״ק,"הרי פחות או יותר יש סדרה של מכוניות שנפח המנוע שלהן 1,600 סמ""ק, אותן מכוניות משפחתיות, ואין הבדל גדול בין מכונית מחברה אחת למכונית מחברה אחרת.",knesset,13_ptm_532412.docx
סמ״ק,"אז יעלה על הדעת שהסוכן של חברה אחת ישלח אותו למכונית 1,600 סמ""ק של החברה המתחרה?",knesset,13_ptm_532412.docx
סמ״ק,"הוא לא ישלח אותו, הוא ימכור לו את המכונית 1,600 סמ""ק שלו.",knesset,13_ptm_532412.docx
ז״ל,"כמה רבנים זומנו לחקירה בעניין פסקי ההלכה שהוציאו נגד יצחק רבין ז""ל? 2.",knesset,13_ptm_532414.docx
ז״ל,"לומר ""בעזרת האל"" זו עצה טובה, שאני השמעתי למר רבין ז""ל, ואני חוזר להציע למר פרס, שייבדל לחיים ארוכים.",knesset,13_ptm_532414.docx
מ״פ,"אדוני סגן השר, השאלה שלי היא כזאת: מ""פ לא קיבל אימון מספיק, והוא עולה על רתק והרתק יורה והורג חייל בלילה, האם זו רשלנות מבצעית?",knesset,13_ptm_532415.docx
מ״פ,"אם יתברר, בדוגמה שאתה נתת, שאותו מ""פ בהכנה לקראת המבצע לא נתן תדריך נכון, לא הכין את כוחותיו כמו שצריך, לא עשה תרגול על מודל, והגיע למצב שאתה אמרת, דברים שהוא לא עשה אותם לפני קרב, אז הוא בא למשפט.",knesset,13_ptm_532415.docx
מ״פ,"לכן הוא השאיר אותם להתאמן, וזה היה לפי החלטת מ""פ שהוא חובש כיפה והוא איש ישיבה.",knesset,13_ptm_532415.docx
ז״ל,"גברתי היושבת-ראש, חברי הכנסת, את הצעת החוק שלי לתיקון חוק היסוד החדש הגשתי זמן קצר אחרי הירצחו של ראש הממשלה יצחק רבין ז""ל.",knesset,13_ptm_532416.docx
ז״ל,"חברי הכנסת, תארו לעצמכם מה היה קורה אילו היה חוק הבחירה הישירה החדש בתוקף בזמן רצח יצחק רבין ז""ל.",knesset,13_ptm_532416.docx
ז״ל,"חברי הכנסת, מישהו מכם יכול בכלל לתאר לעצמו את מדינת ישראל הולכת לבחירות בתוך 60 יום מאז רצח יצחק רבין ז""ל?",knesset,13_ptm_532416.docx
מ״מ,"באורון יורדים מקסימום 100 מ""מ משקעים בשנה, לעומת 400 בדודאים, מה שמאפשר הקטנת הצורך בניקוז למינימום.",knesset,13_ptm_532416.docx
רמ״ח,"חבר הכנסת מנחם בגין, זיכרונו לברכה, היה יהודי בכל רמ""ח איבריו.",knesset,13_ptm_532417.docx
אי״ל,"לפעמים אני לא יודע, בעיקר כשאני רואה תופעות כמו כתבות מבוימות בנוסח אותה כתבה שהביאה את אבישי רביב והפעילות של ארגון אי""ל, אם אתם זוכרים – פעילות כנגד ערבים, איומים ברצח.",knesset,13_ptm_532417.docx
י״ל,"ומי לא זוכר את הסיפור של י""ל פרץ על בת יהודייה שנאלצת לקפוץ מגג, והמשאלה האחרונה שלה – סיכות להדק את החצאית, כדי ששנייה לפני מותה לא יתגלה בשרה.",knesset,13_ptm_532418.docx
א״ב,"אני שמעתי גם כן את א""ב יהושע, שזורק כל מיני רעיונות שצריך כנראה לשנות קצת את מערכת החינוך ולהכניס קצת יותר יהדות; קצת יידישקייט, כדי להחדיר לנוער מה זה יהודי, רבותי, כדי לקשור אותו לארצו.",knesset,13_ptm_532425.docx
פר״ח,"האם המפה צוירה מתוך מגמה פוליטית של אנשי פר""ח?",knesset,13_ptm_532427.docx
פר״ח,"פר""ח הינו ארגון א-פוליטי לחלוטין, ולאנשיו, במסגרת תפקידם, אין כל מגמה פוליטית.",knesset,13_ptm_532427.docx
סמ״ק,"צודק חבר הכנסת שגיא, אכן קיימת בעיה של מעורבות גבוהה יחסית של רוכבי אופנועים בתאונות קטלניות, והבעיה מתרכזת בעיקר באופנועים בעלי נפח גבוה, של 250 סמ""ק ומעלה.",knesset,13_ptm_532427.docx
ז״ל,"פעולות אלה נמשכו, ועודן נמשכות, אף שגורמים רבים שאליהם פנה אביו של סרן אלתגר ז""ל קבעו כי החקירה מוצתה.",knesset,13_ptm_532427.docx
ז״ל,"לצערנו, אין בתשובות כאלה או אחרות כדי להביא למר זאב אלתגר, אביו של סרן מירון אלתגר ז""ל, את השלווה שאותה הוא מבקש לעצמו.",knesset,13_ptm_532427.docx
מל״ל,"למשל, לכאורה חקלאי בהוד-השרון, בכפר-מל""ל, קיבל אחוזי בנייה גבוהים יותר ורוצה למכור – –",knesset,13_ptm_532428.docx
כ״א,"במסכת בבא בתרא, פרק שני, עמוד כ""א, כמה שורות מלמטה מתקיים דיון מעניין: מהו מספר התלמידים בכיתה.",knesset,13_ptm_532429.docx
אש״ל,"כשאתה אומר לי אש""ל ומימון של שני אנשים, לי זה לא אומר שום דבר, אני חושב שגם לאף אחד אחר זה לא היה אומר דבר.",knesset,13_ptm_532431.docx
ת״ק,"חברי הכנסת, כל הארץ היתה צריכה להזדעזע ת""ק פרסה על ת""ק פרסה כאשר מי שממונה על המשפט ברשות הפלשתינית השווה את מדינת ישראל, ביחסה לפלשתינים, לנאצים, יימח שמם, ביחסם ליהודים.",knesset,13_ptm_532431.docx
ת״ק,"אם צריך להשמיץ את התנועה הקיבוצית, גם אם העובדות הן שונות לחלוטין, גם אם העובדות רחוקות ממה שנאמר ת""ק פרסה, זה לא משנה.",knesset,13_ptm_532434.docx
א״ג,"כותב אפרים סידון הבוקר ב""מעריב"": ""אל הפועלת המפוטרת א""ג, אשר נותרה באופקים בלי פרנסה, ולא תוכל עוד להביא לילדיה את אותם 2,000 שקל הכנסה.",knesset,13_ptm_532434.docx
ת״ק,"כל מי שמופיע כאן מול המיקרופון מביע את דעתו, כפי שאתה הבעת את דעתך, שלדעתי היתה רחוקה מהאמת האובייקטיבית ת""ק פרסה.",knesset,13_ptm_532434.docx
ש״ג,"אני מבקש, הוא נושא בתפקיד של יושב-ראש הקואליציה, הוא לא יושב כאן על תקן של ש""ג שמסתובב ועושה סדר.",knesset,13_ptm_532434.docx
אצ״ל,"אני בית""רי, אני איש אצ""ל, אני עליתי באונייה ""אלטלנה"", והייתי חבר מפקדה בכיר ב""אלטלנה"".",knesset,13_ptm_532434.docx
כ״ח,"אברהם שמע, ממושב גבעת-כ""ח, משק מס' 56, מה הוא כותב לי?",knesset,13_ptm_532434.docx
ס״מ,"הגובה שלי, 196 ס""מ, מספיק כדי להקנות לי גם כן יתרון מסוים.",knesset,13_ptm_532434.docx
ע״פ,"הגברת ע""פ מועסקת על-ידי הבנק הערבי-ישראלי.",knesset,13_ptm_532438.docx
ע״פ,"הגברת ע""פ לא פנתה בבקשה לקבלת קביעות, עקב אי-הכרת ההסכם, ובהנחייתי, לאחר שאתה הגשת את השאילתא, החלה הממונה המחוזית על יחסי עבודה במחוז הצפון לטפל במתן קביעות עבורה.",knesset,13_ptm_532438.docx
מ״ג,"מר מ""ג עבד במשרד הבינוי והשיכון כעובד זמני במסגרת חברת כוח אדם.",knesset,13_ptm_532438.docx
ח״ן,"יש דעה בצבא, שבזמנו, וגם היום אני תומך בה – שהבנות והבנים יכולים לנהוג בשוויון בדאגה זה לזה, ולכן המושג של קצינת ח""ן, שתפקידה לדאוג רק לנשים, הוא תפקיד שראוי לבחינה.",knesset,13_ptm_532438.docx
ח״ן,"הדברים חוזרים על עצמם כל הזמן מצד קצינות ח""ן לשעבר, אנשים בכירים בתוך המערכת הצבאית, בשמם ולא אנונימית.",knesset,13_ptm_532438.docx
מ״ז,"עניין זה נדון לאחרונה בבית-המשפט העליון, בערעור אזרחי, 3449/90, קצין התגמולים נגד מוחמד, פסקי-דין מ""ז 84–2.",knesset,13_ptm_532439.docx
א״ב,"ממנה יצאו פרופסור עדי צמח, א""ב יהושע ואחרים, שדיברו על מלחמת אזרחים.",knesset,13_ptm_532439.docx
רמ״ח,"לפיכך אני מבקש להעביר את הנושא כולו, לא רק את הנושא שהציג חבר הכנסת המלומד, שהוא חקלאי במלוא רמ""ח איבריו, לוועדת הכספים.",knesset,13_ptm_532439.docx
ח״ן,"ליודעי ח""ן שמבינים בבוטניקה – עץ הזית אינו סובל הרכבה, כל שתיל שתשתול בעץ הזית יידחה כנטע זר.",knesset,13_ptm_532440.docx
כ״ז,"""ודמות החיות מראיהם כגחלי אש בערות כמראה הלפדים""; ואני מדלג לפסוק כ""ז: ""וארא כעין חשמל כמראה אש בית-לה סביב"" וכו'.",knesset,13_ptm_532442.docx
אי״ל,"ידוע שהוא הושתל בתנועת אי""ל, וידוע שהוא הלך עם התמונה הזאת של ראש הממשלה עם בגדי אס.",knesset,13_ptm_532444.docx
סמ״ר,"אדוני היושב-ראש, חברי הכנסת, ייתכן שחייל גולני, סמ""ר מאירי, יוקע כמי שקלקל את התסריט שעליו עמלו יחצ""ני מערכת הבחירות של הליכוד.",knesset,13_ptm_532446.docx
צח״מ,"וגם במקרה זה אני רוצה להתחיל בציטוט מדוח צח""מ, מרחב דן, שהובא אלי היום, על תיק פלילי 1414/96, של תחנת הרצלייה.",knesset,13_ptm_532446.docx
בד״ר,"אנחנו מתחשבים בד""ר ברובנדר כמומחה לענייני חשמל, יש לו בוודאי ניסיון יותר גדול מאשר לחבר הכנסת דן תיכון.",knesset,13_ptm_532447.docx
כ״ז,"גברתי היושבת-ראש, חברי הכנסת, ב-1951 החליטה הכנסת שיום כ""ז בניסן יוכרז כיום הזיכרון לשואה ולמרד הגטאות.",knesset,14_ptm_532450.docx
בד״צ,"אני אסכם ואומר רק כך: כשאני מתבונן על ההסכם שחתמה הממשלה, זהו בעצם הסכם אוסלו, עכשיו עם חותמת ""כשר"" של בד""צ הליכוד.",knesset,14_ptm_532454.docx
א״ע,"המבקר הפנימי של הרשות בדק תלונת ועד עגינה – נמל חיפה, בנושאים הבאים: מכרז למשרת רכז עגינה מיום 9 באוקטובר 1996 ומימון קורס מנהלי עבודה למר א""ע.",knesset,14_ptm_532456.docx
מ״ס,"מקום התעסוקה המוגן שבו שוהה מ""ס מספק לחוסים תעסוקה במגוון תחומים.",knesset,14_ptm_532456.docx
מ״ס,"כן נמסר, כי הופעלה עבור החניך מ""ס תוכנית השמה אישית בתעסוקה – שילוב חלקי בחנות.",knesset,14_ptm_532456.docx
חמ״ל,"יש מין חמ""ל מרכזי, ששולט על כל התנועה במדינת ישראל, ותהיה נוכחות הרבה יותר גדולה מאשר היתה בעבר.",knesset,14_ptm_532460.docx
ס״מ,"בינתיים, אחרי שבועיים, נעשו הסימונים, אבל עכשיו השוליים הם בגובה 30-20 ס""מ.",knesset,14_ptm_532461.docx
אח״ם,"הרי לא ייתכן שאדם אומר במפורש שהאנשים האלה דינם מוות – ואפילו סוחרים ברמלה ובלוד – והוא יסתובב כשיש תעודת אח""ם בכיסו, איש חשוב מאוד מטעם מדינת ישראל.",knesset,14_ptm_532462.docx
אח״ם,"ואותם אנשים מסתובבים בינינו מכובדים, עם תעודת אח""ם, בכל מקום ומקום ועוברים עבירות פליליות על-פי החוק הישראלי, הן באיום ברצח והן בשליחת מרצחים, אבל הם מסתובבים עם תעודת אח""ם כזאת בכבוד רב.",knesset,14_ptm_532462.docx
כ״ז,"הישיבה הבאה תיפתח מחר, יום שלישי, כ""ז באייר, 3 ביוני, בשעה 16:00.",knesset,14_ptm_532462.docx
אצ״ל,"ב-6 ביולי 1938 ב-18:00 ירד איש אצ""ל לשוק הערבי בחיפה מחופש לסבל.",knesset,14_ptm_532469.docx
מל״ט,"המנחים מועסקים במערכת החינוך כמורים, ויום או יומיים בשבוע הם מועסקים על-ידי מל""ט חולון על-פי חוזה מיוחד.",knesset,14_ptm_532472.docx
מל״ט,"הפרויקטים שבוצעו עד כה באמצעות מל""ט חולון יוצאים בימים אלה למכרז, כפי שהתבקש המשרד.",knesset,14_ptm_532472.docx
דפ״ר,"סגן השר בניזרי ישכיל אותנו בענייני היפר-אקטיביות, עירנות, הקשבה, כושר תפיסה, דפ""ר, IQ וכיוצא באלו.",knesset,14_ptm_532472.docx
ת״ק,"אני חושב שכל המערכת המשפטית והציבורית הזעזעזעה ת""ק על ת""ק פרסה.",knesset,14_ptm_532472.docx
מ״ג,"לצערי הרב, המחבלים לקחו עמם את הבט""שית, מקלע מ""ג ורובה סער 16-M ונמלטו.",knesset,14_ptm_532474.docx
אח״ם,"כשקלינטון או כל אח""ם מגיע למדינת ישראל, אתה, בתור תושב ירושלים לשעבר – ואתה נמצא פה הרבה – אתה יודע כמה כבישים נסגרים פה בירושלים, כמה מסלולים.",knesset,14_ptm_532474.docx
רמ״ח,"קרוב לחמישה חודשים מתנהל מאבק, ובעצם פסקה כל פעילות, ושום דבר לא מזיז, לא את שר האוצר ולא את סגן שר החינוך והתרבות, שהיה צריך להיכנס לעניין הזה בכל רמ""ח איבריו.",knesset,14_ptm_532478.docx
ל״א,"(לא נקראה, נמסרה לפרוטוקול) מר ל""א לא הציג עד כה למשרד הבריאות שום תעודה המעידה על סיום לימודיו בצרפת, דיפלומה שניתנה לו, ולא כל שכן רשיון לעבוד כרופא בצרפת.",knesset,14_ptm_532479.docx
מ״מ,"אני אישית, נואף מסאלחה, ביקרתי בו לפני כעשר שנים, כראש משלחת יהודית-ערבית, וראיתי סרט אותנטי שצילם במצלמת 12 מ""מ סרג'נט יהודי בצבא הבריטי, מהמשחררים.",knesset,14_ptm_532482.docx
ב״א,"כמו שאני מאמין, הם צריכים לתת פתרון להשכלה גבוהה לתואר ב""א, כאשר האוניברסיטאות צריכות לאפשר מחקר ותארים גבוהים יותר.",knesset,14_ptm_532486.docx
פר״ח,"למערכת הסיוע הממלכתית הקיימת בישראל שני אפיקים מרכזיים הרלוונטיים לסטודנטים ערבים: פרויקט חונכות – מלגות פר""ח, והקרן להלוואות לסטודנטים.",knesset,14_ptm_532486.docx
פר״ח,"על-פי ההערכה, אחד מכל שני סטודנטים ערבים נהנה ממלגת פר""ח, כאשר בקרב המגזר היהודי היחס הוא בערך אחד לכל שבעה סטודנטים.",knesset,14_ptm_532486.docx
א״מ,"אדוני היושב בראש, חברי הכנסת הנוכחים, ידיעה לאקונית בעיתון מספרת על א""מ, אשה בישראל, שהיא וחמשת ילדיה חיים בעוני נורא.",knesset,14_ptm_532486.docx
ח״ן,"השתתפה אתנו בכל הדיונים גם קצינת ח""ן ראשית, משום שהחוק הזה מתייחס גם לצבא ולשירות הצבאי.",knesset,14_ptm_532489.docx
ל״א,"אני חושב שברוב הבתים היהודיים, אפילו בבתים חילוניים, נהנים לקרוא את הזמירות האלה מתוך משלי ל""א.",knesset,14_ptm_532489.docx
הרא״ה,"הוא התחנך בבית-הספר ""יבנה"" ובישיבת כפר-הרא""ה וסיים תואר ראשון באוניברסיטת חיפה.",knesset,14_ptm_532491.docx
ת״ק,"יש אצל ראש הממשלה הזה, לצערי הרב, הבדל בין אמר לעשה ת""ק על ת""ק פרסה, וזה מטריד אותי מאוד.",knesset,14_ptm_532491.docx
מו״מ,"במקום זה אתם מבטלים בהדרגה את הסגר, ממשיכים להיפגש אתם, לנהל אתם מו""מ שכולו מום, ואתה, אדוני ראש הממשלה, מסתגר עם ערפאת לשיחות נפש ומגלה בו ""ידיד ושותף"".",knesset,14_ptm_532492.docx
שח״ר,"לא קיימות תוכניות פיתוח, שח""ר לא קיים, ועכשיו מוסיפים קיצוץ נוסף, כדי שנוציא לשוק המובטלים מורים רבים מאוד, משום שיש עודף של מורים בבתי-הספר הערביים.",knesset,14_ptm_532495.docx
ד״ל,"מה הן הסיבות להעברת רב-כלאי ד""ל מתפקידו?",knesset,14_ptm_532497.docx
מ״מ,"על אחד מזנבות פצצות המרגמה 120 מ""מ היו כתובות אירניות, שמצביעות על המקום שממנו הגיעה התחמושת הזו.",knesset,14_ptm_532499.docx
מ״ח,"ראוי העם בישראל וראויה מדינת ישראל שתהיה להם שיטה אחרת, שיטה טובה ובדוקה אשר התנסינו בה מ""ח שנים.",knesset,14_ptm_532506.docx
מ״ח,"מ""ח שנים, ואיבדנו את המוח והתפתינו לשיטה הנפסדת, ואחת הסיבות המרכזיות למשבר האחרון בממשלה שלנו היא בעטיה ובגללה.",knesset,14_ptm_532506.docx
אש״ל,"אף פרוטה אחת לא – לא משכורת ולא אש""ל, אלא רק הוצאת התפעול של המוסד הזה כאן אחת לשבוע או פעמיים בחודש.",knesset,14_ptm_532506.docx
ת״פ,"כאן אנחנו עוסקים בתחנה שהיא ת""פ שר הביטחון, ואפשר לקבוע את זה.",knesset,14_ptm_532506.docx
מ״מ,"כאשר ביקרתי בבית משפחתו הראו לי תעודה שהוא קיבל ממני ב-1993, כאשר היה מ""מ, על הצטיינותו בחיסול חוליית מחבלים, חוליית ""חיזבאללה"".",knesset,14_ptm_532506.docx
פר״ח,"57,000 מתנדבים פועלים במסגרת מבצעים חד-פעמיים, כגון פר""ח ואיגרת לזקן בערב ראש השנה, או בעריכת ליל-סדר לזקנים בודדים.",knesset,14_ptm_532515.docx
ת״ק,"ממשלה אומללה, ממשלה כושלת, שמכשילה את השלום, מרחיקה אותנו ת""ק פרסה מפתרון מי השופכין.",knesset,14_ptm_532518.docx
מט״ח,"פעם יספרו על מט""ח חופשי ופעם יספרו על יום גשר נוסף.",knesset,14_ptm_532520.docx
פ״נ,"גברת פ""נ התגרשה מבעלה, אך בית-משפט לענייני משפחה בנצרת הכיר בכך שבני הזוג היו נשואים כדין.",knesset,14_ptm_532520.docx
אג״ם,"לאלוף גבי אשכנזי, עוזר ראש אג""ם, שבאמת השקיע מאמצים רבים אחרי כל המאבקים שהיו לי בצבא לגבי הנתונים.",knesset,14_ptm_532522.docx
אח״מ,"תעודות אח""מ לא הוחזרו אף שאנשים הפסיקו למלא תפקידים רשמיים.",knesset,14_ptm_532523.docx
ת״פ,"אנחנו לא ת""פ שלה – לא שלה ולא של ראש הממשלה.",knesset,14_ptm_532525.docx
ח״ן,"במסגרת זו, מחולקת לכל חיילת במסגרת הטירונות איגרת הסברה ובה מפורטות צורות שונות של הטרדה מינית, וכן אפשרויות התלונה העומדות בפניה, לרבות מספר הטלפון של ה""קו החם"" במפקדת קצינת ח""ן ראשית – ראה להלן.",knesset,14_ptm_532527.docx
מט״ח,"מעבר לרכש ובנוסף עליו, תוך ניצול מט""ח הסיוע העומד לרשותנו, נרכשו בשנת 1997 1,970 אוהלים נוספים מארצות-הברית.",knesset,14_ptm_532527.docx
ממ״ק,"– – התהפכות מכלית הגופרית בצומת-פלוגות, וביום ראשון האחרון, התפוצצות מכל שבתוכו 18,000 ממ""ק סולר בבית-הזיקוק באשדוד – גרמו לדאגה רבה של אזרחים רבים מאוד ברחבי הארץ.",knesset,14_ptm_532532.docx
ב״ש,"כיום מותקנות מערכות מיזוג אוויר בחברות הבאות: ""אגד"" – בכ-93% מצי האוטובוסים; ""דן"" – בכ-70% מצי האוטובוסים; חברת ב""ש –51% מצי האוטובוסים.",knesset,14_ptm_532533.docx
א״ב,"הסופר א""ב יהושע כתב, שבעוד חמש-שש שנים תהיה לנו מלחמת אזרחים בינינו וביניכם, ובמלחמה כמו במלחמה.",knesset,14_ptm_532533.docx
מד״ר,"אני חושב שהכרזת השביתה מחר כלחץ על חברי כנסת מהלכת אימים על החברה בישראל ושומטת את הכוח המוסרי מד""ר בלשר להטיף לנו מוסר.",knesset,14_ptm_532534.docx
מד״ר,"זה שומט מד""ר בלשר את הכוח המוסרי להטיף מוסר לנו, כמחוקקים.",knesset,14_ptm_532534.docx
כ״א,"בספר בראשית פרק כ""א מסופר: ותרא שרה את בן הגר המצרית – – – ותאמר לאברהם: גרש האמה הזאת ואת בנה, כי לא יירש בן האמה הזאת עם בני, עם יצחק.",knesset,14_ptm_532534.docx
ס״ס,"מבדיקה שערך משרד הבריאות עולה כי גב' ס""ס, שהינה תלמידת סיעוד, התבקשה לסדר את מטפחתה באופן שלא תבוא במגע עם החולה בעת הטיפול.",knesset,14_ptm_532535.docx
ס״ס,"על-פי הנמסר לנו, הגברת ס""ס לא קיבלה הערות לגבי אורך לבושה, ולא ננקטו שום צעדים נגדה.",knesset,14_ptm_532535.docx
בד״ר,"והממונה על ההגבלים העסקיים, בעבודה ראויה לציון – מדובר בד""ר טורבוביץ, הממונה היוצא שעובר לתפקיד אחר – ניסה לפתור את העניין.",knesset,14_ptm_532536.docx
מ״מ,"כמות גדולה של משקעים בזמן קצר, כ-100 מ""מ גשם בשש שעות, זו כמות גדולה מאוד, זה 20% מהממוצע השנתי של משקעים בחלק של 1 מ-600 של הזמן.",knesset,14_ptm_532536.docx
מ״מ,"לא היו נפגעים ולא היה נזק, למעט חדירת כדור 9 מ""מ לבית פלסטיני בקסבה.",knesset,14_ptm_532538.docx
כ״א,"אדוני היושב-ראש, בתאריך כ""א חשוון, 3 בנובמבר 1996, נערכה הפגנה ברשיון – אני מציין, ברשיון – בכיכר ספרא מול בניין העירייה.",knesset,14_ptm_532539.docx
מזל״ט,"אבל, לצערי הרב, אותם דברים, אותן השמצות, אותם דברי רהב, אותם דברים מזלזלים, ואלה הקטנים שבהם: שרוול שאין בו כלום, מזל""ט מקורקע, אין טייס, אין צוות, מדמה עצמו לצ'רצ'יל.",knesset,14_ptm_532540.docx
מ״ב,"לאור האמור, יוכל מר מ""ב להיבחן מחדש כעבור חמש שנים ממועד המבחן השלישי שערך במכון.",knesset,14_ptm_532541.docx
י״ח,"משרד הבינוי והשיכון פנה לפני חודש – י""ח בסיוון, 22 ביולי – למשרד האוצר בבקשה להגדיל לאלתר את הסיוע לקבוצות חלשות במיוחד, תוך שימוש בעודפים צפויים בתקציב הסיוע.",knesset,14_ptm_532541.docx
אש״ל,"הוא מקבל תוספות עבור רכב ועבור אש""ל, אשר משום-מה נשים אפילו במשרות בכירות בשירות המדינה אינן מקבלות.",knesset,14_ptm_532542.docx
רמ״ח,"כאדם פטריוט בכל רמ""ח איבריו, כמי ששירת את המדינה ודואג לעתידה, אני מאוד חושש, שמה שקרה לנו בדרך, בשלושת החודשים האחרונים, זו תאונה מאוד קשה.",knesset,14_ptm_532542.docx
ח״ן,"זה היה ליודעי ח""ן, ואני מתנצלת בפני כל הציבור שלא הבין על מה אני מדברת במשפט האחרון שלי.",knesset,14_ptm_532549.docx
מ״ק,"ההפחתה גרמה לעודפי ביקוש רבים, אשר חייבו מהילת כ-20 מיליון מ""ק מים שפירים במפעל, וכן לגירעונות הידרולוגיים.",knesset,14_ptm_532549.docx
בד״ר,"נדמה לי שאין שום סיבה בעולם לזלזל בד""ר דהאן, לזלזל במכון ירושלים לחקר ישראל וגם לזלזל במגמה שהובילה לממצאים הללו.",knesset,14_ptm_532549.docx
אי״ל,"כשערבי הרג ערבי בחלחול, הוא ישר שומע בחדשות שארגון אי""ל לוקח אחריות.",knesset,14_ptm_532552.docx
כ״ז,"חברי הכנסת, על-פי הקבוע בחוק יום הזיכרון לשואה ולגבורה, חל יום הזיכרון ביום כ""ז בניסן.",knesset,14_ptm_532553.docx
כ״ח,"כדי שלא לגרום לחילול שבת וכדי לציין באורח ממלכתי ומכובד את יום הזיכרון לשואה ולגבורה, הציעה הממשלה, כהוראת שעה, כי יום הזיכרון יידחה ביום אחד והוא יקוים השנה ביום שני בשבוע, כ""ח בניסן.",knesset,14_ptm_532553.docx
כ״ח,"אי-לכך החליטה הוועדה לחוקק חוק כהוראת קבע – הוראת קבע ולא כהוראת שעה בלבד, כך שבכל שנה שבה יחול יום הזיכרון לשואה ולגבורה ביום ראשון בשבוע, הוא יידחה ליום שני בשבוע ויחול ביום כ""ח בניסן.",knesset,14_ptm_532553.docx
מ״ע,"שתי החיילות אכן קבלו על הטרדות מיניות מצדו של סגן-אלוף מ""ע.",knesset,14_ptm_532553.docx
מ״ע,"נעיר עוד, כי שתי החיילות עברו לשרת בבסיס אחר, על-פי בקשתן שקדמה להחלטת הוועדה לאי-התרת התחייבות מ""ע, ולא כאמור בכתבה – כאילו נבעה העברתן לבסיס אחר מהחלטת הוועדה כאמור.",knesset,14_ptm_532553.docx
הרא״ה,"יליד חיפה, תלמיד בבית-הספר ""יבנה"" וחניך ישיבת ""בני עקיבא"" בכפר-הרא""ה.",knesset,14_ptm_532555.docx
רמ״ח,"הוא עבר לבאר-שבע להיות ראש עיר, אבל הוא היה ירושלמי בכל רמ""ח איבריו.",knesset,14_ptm_532555.docx
אצ״ל,"גם אנשי אצ""ל היו בצי, גם אנשי אצ""ל היו לוחמים.",knesset,14_ptm_532559.docx
פו״ם,"יושבים כאן ביציע האורחים אנשי פו""ם של המשטרה, והם רואים מה שקורה בכבישי הארץ.",knesset,14_ptm_532563.docx
מד״ר,"מה שקרה הוא, שבסופו של דבר חלק מהמסקנות הן מסקנות לא ברורות ולא חד-משמעיות, וזה היה ברור מאליו, כי הבנתי מד""ר צמרת שהוא עשה מאמצים גדולים להגיע להסכמות, וההסכמות חייבו טשטוש מסקנות מסוימות.",knesset,14_ptm_532563.docx
ס״מ,"התאונה התרחשה כאשר הילד שיחק במתקן שגובהו 30 ס""מ מעל הקרקע, ותוך כדי משחק נפל מהמתקן ונפגע.",knesset,14_ptm_532563.docx
פ״ד,"אני שאלתי את השאלה השנייה משום שכאן יש לי ביד, כך אמרתי, פ""ד/2358 – – –",knesset,14_ptm_532565.docx
רמ״ח,"שאלתי את אחד מחברי, ברוח הדברים שאתה שואל, ולא מעל במת הכנסת, והוא איש הגון וישר, איש מפלגת העבודה בכל רמ""ח איבריו, ואין שום סיכוי בעולם שאשכנע אותו להצביע אחרת: תראה מה הדברים.",knesset,14_ptm_532568.docx
סמ״ר,"""באתי לתת למולדת את המירב"" – נימק סמ""ר גיא גולן, זיכרונו לברכה, את בקשתו בשאלון הקבלה לשייטת.",knesset,14_ptm_532572.docx
מב״ר,"אדוני סגן השר, הגשתי את השאילתא לא בשביל להביע משאלת-לב, אלא כדי שמשרד החינוך יאמר מה עמדתו לגבי מב""ר, ואם הוא הולך לתגבר את התוכנית הזו.",knesset,14_ptm_532574.docx
מב״ר,"ובכן, אני לא יכול לתת לך, חבר הכנסת אפי אושעיה, שבועה, שתוכנית מב""ר לא תקוצץ.",knesset,14_ptm_532574.docx
מב״ר,"מה ייעשה כדי להבטיח שגם התלמידים לקויי הלמידה ימשיכו ליהנות מתוכנית מב""ר?",knesset,14_ptm_532576.docx
מב״ר,"תלמידי מב""ר, אף שהם תלמידים אינטרנים, זכאים להיבחן במועד חורף.",knesset,14_ptm_532576.docx
מב״ר,"נקבע מראש, כי תלמידי מב""ר, הזקוקים להקלות ממשיות – בחינה בעל-פה ושאלון בית-ספרי – לא ייבחנו במועד החורף, כיוון שזהו מועד מצומצם, והמשרד אינו ערוך מבחינה מינהלית לתת שירותים אלה.",knesset,14_ptm_532576.docx
מב״ר,"גם אני טיפלתי ביותר מפנייה אחת של תלמידי מב""ר, שפנו אלי באשר לבחינות.",knesset,14_ptm_532576.docx
מ״פ,"זה מה שהתרחש בחטיבת גולני, בפלוגה המסוימת, כאשר מ""פ החליט בראשית דרכו, שהוא רוצה להכניס אמות מידה ונורמות משמעתיות מאוד מאוד רציניות בתוך הפלוגה.",knesset,14_ptm_532576.docx
מ״פ,"אם יש לנו צבא שבו קצין בדרגת מ""פ, ודאי קצינים שהם מ""מים, לא יכולים להשתית משמעת בתוך פלוגה, כי יש מגילת זכויות הוותיקים שאסור לפגוע בה, חלילה.",knesset,14_ptm_532576.docx
כ״א,"תשובה על שאלה זו מפורטת בתקנות סדרי פיקוח, פרק כ""א, סעיף 13. 2.",knesset,14_ptm_532579.docx
ת״פ,"אני מציעה אותן יחידות סיוע, על דעתו של שר העבודה והרווחה אלי ישי ובתמיכתו המוחלטת, היחידות האלה נמצאות בפיקוחו והן ת""פ שלו, להקים את יחידות הסיוע האלה בבתי-הדין הדתיים.",knesset,14_ptm_532584.docx
מ״פ,"אני חושב שהתחלתי בכך שאמרתי, שהמפקדים עצמם ציינו בפני היום, שהיה כשל מנהיגותי והתנהגות אולי לא מספיק בוגרת ונכונה בשלבים הראשונים של מ""פ צעיר שנכנס לפלוגה ותיקה.",knesset,14_ptm_532584.docx
הרא״ה,"כמו כן, כביש עכו–נהריה, ומאזור צומת כפר-הרא""ה לפרדיס.",knesset,14_ptm_532585.docx
מל״ל,"אז אני למשל, כאשר הגעתי לארץ-ישראל בראשית דצמבר 1947, הייתי אז ילד קטן, ידעתי שיש קיבוץ תל-יצחק, זה לא רחוק מאוד מכפר-מל""ל, ומניצנים, ואושה, כי זה היה של הנוער הציוני.",knesset,14_ptm_532589.docx
מל״ל,"לאושרי, כאשר הגענו למחנה המיון בכפר-סבא, קרוב עוד יותר לכפר-מל""ל, היה שם מוסד ""אונים"".",knesset,14_ptm_532589.docx
איו״ש,"חלקם אזרחים ישראלים וחלקם תיירים, תושבי חוץ, ערביי שטחי איו""ש, עזה וסיני (מלפני החזרת השטח למצרים).",knesset,14_ptm_532591.docx
פ״א,"התיק (פ""א 1145/96) נסגר מסיבת ""עבריין לא נודע"".",knesset,14_ptm_532593.docx
ד״ש,"אבל, האם גם חבר הכנסת אמנון רובינשטיין מנסה להחזיר אותנו לימי ד""ש העליזים, לתקופת שינוי?",knesset,14_ptm_532594.docx
אש״ל,"אשר להוצאות אש""ל, התשובה מתייחסת לתקופה שבין 19 ביולי 1996 ל-24 באוגוסט 1996, והסכום הממוצע הוא כ-20,000 שקל לשבת.",knesset,14_ptm_532604.docx
כ״ח,"ביום שני, כ""ח בכסליו, פורסמה ב""ידיעות אחרונות"" רשימה, שמצטטת בעצם את ה""טיים"" שמדווח על טילי ""לאו"", טילי ""טאו"" וטילים אחרים, שערפאת אוגר ברשות הפלשתינית.",knesset,14_ptm_532604.docx
מ״מ,"לכן, אתה היום בעצם מ""מ-מ""מ, כלומר ממלא-מקום של ממלא-מקום, כי אני מבין שהיושב-ראש הוא ממלא-מקום של הנשיא.",knesset,14_ptm_532610.docx
מט״ח,"בשנתיים הראשונות הגבילה ממשלת ארצות-הברית את השימוש בערבויות לצורכי התקציב בסכום של 600 מיליון דולר, כשהיתרה הופנתה לשימוש הסקטור העסקי או לגיבוי יתרות מט""ח בבנק ישראל.",knesset,14_ptm_532611.docx
כ״ח,"אחד מהם, מאיר משולם, ממושב גבעת-כ""ח, אדם מוכר לך, הפנה את תשומת לבי להיקף המעיק של הבעייתיות הזאת כלפי מאות משפחות, אולי יותר.",knesset,14_ptm_532611.docx
מל״ל,"השר השיב גם בשם משה לייב ליליינבלום, הוא מייסד הקרן הקיימת, אני חושב, והוא מכפר-מל""ל, על שמו של ליליינבלום.",knesset,14_ptm_532613.docx
צח״מ,"משטרת ירושלים מטפלת כרגע בנושא הזה, הוקם צח""מ, נעצרו כמה אנשים שקשורים ברצח, ואינני יכול לפרט את שמותיהם או כמה הם קרובים או נגעו בדם, אבל אנחנו כנראה נמצאים בכיוון ובדרך הנכונה.",knesset,14_ptm_532616.docx
אש״ל,"כפי שאמרתי ברישא של דברי, זה עדיין לא עושה צדק ושוויון ביניהן, כי יש עוד עניין של קיום – של הוצאות, של אש""ל ודברים נוספים, אבל לפחות התחבורה הציבורית או התחבורה אל מקום השירות תינתן.",knesset,14_ptm_532625.docx
בד״ר,"מדובר בד""ר יאיר סמוכה, הוא אומר כך: משרד החינוך מודע לקשיים בהפעלת יום חינוך ארוך באמצע השנה.",knesset,14_ptm_532626.docx
שח״ר,"הפרויקט מבוסס על התפיסה החינוכית המרכזית באגף שח""ר, כי ""כל תלמיד יכול"", והינו נדבך נוסף וחשוב של כמה פרויקטים לקידום לבגרות בקרב האוכלוסיות החלשות.",knesset,14_ptm_532626.docx
שח״ר,"כיום קיימת באגף שח""ר מסגרת המהווה רשת ביטחון לתלמיד להצלחה בבגרות.",knesset,14_ptm_532626.docx
מ״פ,"אבל לפני שאומר את דברי, אני רוצה מעל במה זו להשתתף בצערה של משפחת מילוא על נדב שהיה מ""פ חם בחטיבת הצנחנים.",knesset,14_ptm_532628.docx
ד״ש,"רבותי, למנחם בגין היתה קואליציה אחרת: היתה ד""ש בממשלה – 15 מנדטים – היה לו משה דיין, והיה לו עזר ויצמן.",knesset,14_ptm_532629.docx
מהר״ם,"הסביר מהר""ם שפירא במשפט: ""עם ישראל נקרא אדם אחד, אומות העולם נקראים הרבה בני אדם"".",knesset,14_ptm_532631.docx
ח״ן,"קצינות ח""ן ומש""קיות ח""ן היו הראשונות לקבל את התלונות, לשוחח עם החיילות ולמצוא סעד; כמו כן, לשים לב למקרים שקורים.",knesset,14_ptm_532636.docx
מט״ח,"אילו סכומי מט""ח הגיעו לישראל כתוצאה מהריבית הגבוהה ושער החליפין הנמוך?",knesset,14_ptm_532637.docx
מט״ח,"קוראים-כותבים – תוכנית המופעלת על-ידי מט""ח, ומטרתה לקדם את הקריאה והכתיבה באמצעים אלקטרוניים.",knesset,14_ptm_532637.docx
ע״פ,"זהו ציטוט מפסק-דין של שופט בריטי חשוב, שמופיע בפסק-הדין הראשון במדינת ישראל, ע""פ 1/48, הנשיא זמורה, בהקשר של פסק-דין אחד.",knesset,14_ptm_532646.docx
הרא״ה,"אכן, במחצית הראשונה של שנת 1998 חלה עלייה בעבירות הרכוש ביישובים כפר-הרא""ה, אלישיב, ובמידת מה גם ביישוב חיבת-ציון, לעומת התקופה המקבילה בשנה שעברה.",knesset,14_ptm_532652.docx
הרא״ה,"הוא עושה עבודה מצוינת, ואני מציע לתושבי כפר-הרא""ה להיפגש אתו, הוא יעזור להם.",knesset,14_ptm_532652.docx
מ״מ,"– – הוא, שכוח מארב בפיקוד מ""מ יצא מאחד המוצבים בשם ""צבעוני"" לנקודת מארב באזור שנמצא כ-2.5 קילומטרים צפונית-מזרחית למוצב ""קנטרה"".",knesset,14_ptm_532654.docx
מ״מ,"שיא חדש נקבע, כמות של 210 מ""מ גשם שירדה בתוך פחות מיממה.",knesset,14_ptm_532654.docx
פ״א,"גם שמי הקודם, פוזמנטיר, התחיל עם פ""א דגושה.",knesset,14_ptm_532655.docx
מ״פ,"אחי, שבדיוק סיים אז קורס מ""פ בגולני, השתתף בקרב על החרמון, והיה קשה לי מאוד.",knesset,14_ptm_532657.docx
אמ״ץ,"כמו-כן משולבים ילדים עולים בתוכנית אמ""ץ, שמחזירה נושרים לבית-הספר באופן אינטנסיבי בזמן הקצר ביותר.",knesset,14_ptm_532662.docx
א״י,"הצבעה מס' 4 בעד הצעת הסיכום שהביא חבר הכנסת א""י לייזרזון – 43 נגד – 37 נמנעים – 30 הצעת הסיכום שהביא חבר הכנסת א""י לייזרזון נתקבלה.",knesset,14_ptm_532663.docx
תצ״א,"הוא היה מביא לנו כל חודשיים מפת תצ""א, והוא אמר: הגבעה הזאת ריקה, אין כלום, אדמות מדינה, להקים שם יישוב.",knesset,14_ptm_532664.docx
ת״ק,"ואולם היו בה, בחברה הישראלית, חיוניות וכוח ומוסדות שקידמו אותנו ולקחו אותנו מרחק ת""ק פרסה.",knesset,14_ptm_532665.docx
אחמ״ש,"אדוני היושב-ראש, שמעתי חברי כנסת מדברים על איחוד משפחות, מה שנקרא אחמ""ש.",knesset,14_ptm_532665.docx
מ״מ,"נתתי דוגמה, אם אתה לוקח מ""מ, אחד בקבע ואחד בסדיר.",knesset,14_ptm_532665.docx
חמ״ס,"למרות האמור, ציידה המועצה התעשייתית המקומית רמת-חובב את נציגי הבדואים במכשירי איתורית למתן התרעה לגבי מפגעי חמ""ס עתידיים ו/או הודעות אזהרה ועדכון.",knesset,14_ptm_532666.docx
כ״ז,"במה זו אינה רק נכס פרטי, היא גם נכס ציבורי, שהעיתון מחזיק בו כנאמן של הציבור"" – מאמר שהתפרסם בכתב העת ""משפטים"", כרך כ""ז, עמ' 223.",knesset,14_ptm_532666.docx
מט״ח,"ומביאים לנו ספרי תקציב שנכתבו בחודשים יוני-אוגוסט, בשער מט""ח לא ריאלי, במקדמים לא ריאליים, כשכל אנשי המקצוע אומרים: אלה ספרים ריקים.",knesset,14_ptm_532666.docx
מט״ח,"– – – אבל אם אתה רוצה להזכיר – תזכיר, אבל תזכיר את זה שבשנה שעברה היה הכי הרבה ייבוא של מט""ח בעולם – – – בשנתיים, והאינפלציה – – –",knesset,14_ptm_532666.docx
איו״ש,"פיקוד מרכז ובכלל זה מפקדת איו""ש בסיוע משטרת ישראל, ימשיכו לפעול לאכיפת החוק והסדר.",knesset,14_ptm_532666.docx
ב״ה,"אני לא יכוללכתוב שורה מבלי שלפני זה יהיה ב""ה, כי אני יודע שחלילה בלי ב""ה – – –",knesset,14_ptm_532666.docx
מ״מ,"אני אומר לכם בצורה אחראית, כשהייתי חייל צעיר, וכשהייתי מ""מ התאמנו באזור מעלה-החמישה.",knesset,14_ptm_532666.docx
אג״ם,"המיילד העיקרי של המדינה הפלסטינית הוא מנחם בגין, וזו אחת הסיבות לכך שאני מוקיר אותו, בסיוע של עזר וייצמן, אז ראש אג""ם, ומשה דיין.",knesset,14_ptm_532668.docx
אח״מ,"בדומה לכך קרה כעת ברצועת-עזה: המחבל אבו-עלי אל-עזיז שאהין התפרע בכיסוי של איש חשוב מאוד – אח""מ.",knesset,14_ptm_532674.docx
איו״ש,"ל-2,000 מתוכם יש גם דבר מעבר לכך – יש להם גם היתר מעבר בין עזה לבין איו""ש, וזה דבר חריג, כמו שאתה יודע.",knesset,14_ptm_532674.docx
כ״ח,"ב-24 באפריל, כ""ח בניסן, התקיים במקום טקס תפילת אשכבה, והמצבות וחלקי המצבות שנתגלו בעבודות הרחבת הכביש הועברו לבית-הקברות החדש.",knesset,14_ptm_532674.docx
ש״ש,"אדוני היושב-ראש, רבותי חברי הכנסת, אני רוצה לנצל את ההזדמנות הזאת ולומר מלים מספר על קבוצה של כמה מאות בנות ובנים שיש להם תואר ש""ש, חלקם ממושבים, חלקם מקיבוצים, חלקם מהיישוב העירוני.",knesset,14_ptm_532675.docx
מ״ק,"לפי ההצעה שלנו, על כל מ""ק מים שפירים שנלקח יינתנו 1.42 מ""ק מי קולחין.",knesset,14_ptm_532679.docx
איו״ש,"לעתים נתקלת משטרת ישראל באוטובוסים שיצאו מתחום איו""ש לתחומי מדינת ישראל והנוסעים בהם הם פלסטינים ללא אישורי כניסה מתאימים.",knesset,14_ptm_532680.docx
אג״מ,"בוועדה שהוקמה לצורך הנושא של תקיפת רופאים בחדרי מיון – גובשו המלצות בכל תחומי הטיפול המשטרתי חקירות, אג""מ, סיור ואבטחה.",knesset,14_ptm_532680.docx
קמ״ט,"מדור סיור, קמ""ט לאיכות הסביבה והמשרד לאיכות הסביבה פועלים בשיתוף עם תחנות המשטרה, בצורה אינטנסיבית, למנוע גנבות חול בכל מישור החוף.",knesset,14_ptm_532680.docx
מפמ״ר,"לכל מקצוע שעליו מופקד מפמ""ר, תמנה המזכירות הפדגוגית ועדת משנה – ועדה להוראת מקצוע.",knesset,14_ptm_532682.docx
יח״ל,"שיעור העוברים בשלוש יחידות לימוד – יח""ל – 84% במגזר היהודי ו-82% במגזר הלא-יהודי; בארבע יח""ל – 93% במגזר היהודי ו-86% במגזר הלא-יהודי; בחמש יח""ל – 95% במגזר היהודי ו-94% במגזר הלא-יהודי.",knesset,14_ptm_532682.docx
יח״ל,"שיעור המצטיינים בשלוש יח""ל – 33% במגזר היהודי ו-24% במגזר הלא-יהודי; בארבע יח""ל – 41% במגזר היהודי ו-33% במגזר הלא-יהודי; ובחמש יח""ל – 47% במגזר היהודי ו-46% במגזר הלא-יהודי.",knesset,14_ptm_532682.docx
ד״ש,"לעומת זאת, מפלגות קטנות אחרות – היתה פעם ד""ש והיא נעלמה, היתה צומת עם שמונה חברים, ואם יהיו עכשיו בחירות, היא לא תעבור את אחוז החסימה, וכו'.",knesset,14_ptm_532684.docx
ז״פ,"על-פי החוק, מדוע לא ניתנת לגברת ז""פ תעודת זהות, לאחר ששירתה בחיל הים?",knesset,14_ptm_532685.docx
ר״מ,"ראש ישיבה מקבל משכורת, או ר""מ בישיבה, כמו מרצה זוטר?",knesset,14_ptm_532694.docx
ת״ד,"אם קבוצת אוכלוסין וקבוצת אזרחים רוצה שהכתובת שלה תהיה ת""ד 8, יריחו, לדוגמה, מדוע שהכתובת הזאת לא תהיה כתובת מוכרת ורשמית?",knesset,14_ptm_532697.docx
אג״ם,"התפלגות המגויסים היא כדלקמן: מערך החקירות – 162; מערך אג""ם – 1,116.",knesset,14_ptm_532701.docx
קק״ל,"תוך כדי ההתפרעות ומייד לאחריה התגלו עשרות מקרים של הצתת יערות קק""ל שבסמוך ליישובי ואדי-עארה.",knesset,14_ptm_532701.docx
א״י,"הצבעה מס' 5 בעד ההסתייגות של חבר הכנסת א""י לייזרזון לסעיף 2 – 24 נגד – 76 נמנעים – 3 ההסתייגות של חבר הכנסת א""י לייזרזון לסעיף 2 לא נתקבלה.",knesset,14_ptm_532706.docx
ס״מ,"שיבוא ונחפור רק 5 ס""מ, הוא יראה את העצמות.",knesset,14_ptm_532707.docx
ב״ב,"רצוני לשאול: מדוע נמנעה השתתפותו של ב""ב בתחרות?",knesset,14_ptm_532707.docx
ש״ש,"פעולות נוספות – בממוצע תלמיד עולה מקבל סיוע בהיקף של 1.5 ש""ש לפרק זמן של כשנה וחצי.",knesset,14_ptm_532707.docx
פר״ח,"כך, למשל, נוסף מנגנון סיוע נוסף במסגרת חוק חיילים משוחררים וכן גדלו מספר המלגות בתוכניות פר""ח.",knesset,14_ptm_532708.docx
י״ח,"הישיבה הבאה – מחר, יום רביעי, י""ח בחודש טבת, 6 בחודש ינואר.",knesset,14_ptm_532712.docx
אח״מ,"שר הביטחון נשאל על-ידי חבר הכנסת חנן פורת בנושא: החזרת תעודת אח""מ לתאופיק טיראווי.",knesset,14_ptm_532716.docx
אח״מ,"תאופיק טיראווי נשא תעודת אח""מ – VIP – על בסיס הסכמים מן העבר.",knesset,14_ptm_532716.docx
נ״ט,"המצרים מדברים על 15-F, הסורים קונים היום אמצעי נ""ט מהמשוכללים בעולם.",knesset,14_ptm_532716.docx
אצ״ל,"לחופי חיפה קיימות בשלבי תכנון שונים כמה תוכניות פיתוח: מרינה בחיפה, בין שקמונה לבת-גלים, החוף הדרומי, מגדלי ""חוף הכרמל"", מחלף אצ""ל-ההגנה, ותוכניות נוספות בתחום הנמל והמפרץ.",knesset,14_ptm_532716.docx
ס״מ,"מישהו עשה חשבון והגיע למסקנה, שהחופים הפנויים היום לאזרחי ישראל זה בערך 2 ס""מ חוף לאזרח ישראלי.",knesset,14_ptm_532716.docx
י״ח,"מי ייתן ותמשיך ארצנו ותתברך בהיותה ארץ שהיא זבת חלב ודבש, ויקוים בה הכתוב: ""והיה ביום ההוא יטפו ההרים עסיס והגבעות תלכנה חלב וכל אפיקי יהודה ילכו מים"" – יואל פרק ד', פסוק י""ח.",knesset,14_ptm_532716.docx
את״ל,"במהלך ארבע השנים שחלפו מאז מילא הקצין בהצלחה שני תפקידים בתקן תת-ניצב – סגן ראש את""ל וסגן מפקד מחוז מרכז.",knesset,14_ptm_532716.docx
פז״ם,"אני חושב שיש מקום לחלק השני של השאלה שלך, שאנחנו כאנשי ציבור וכמי שמופקדים על מערכות גדולות כאלה נשאל את השאלות, נתלבט בהן, נעסוק בהן, ולא נקבל החלטה שנובעת מאיזה פז""ם של מישהו שהגיע לפרקו.",knesset,14_ptm_532716.docx
פר״ח,"אם כן – מה היא הסיבה להבדלי הקצבות פר""ח ביישובים היהודיים והערביים?",knesset,14_ptm_532716.docx
פר״ח,"פר""ח הינו גורם שוויוני ביותר, הפועל ללא כל אפליה של דת, מין או גזע.",knesset,14_ptm_532716.docx
דמ״צ,"כי היה לי חלק בעניין יצירת המאפיינים ליצור הזה שנקרא דמ""צ, ואני רוצה לומר לך, שכל הדמ""צים – אולי מלבד אחד או שניים; כל השאר אכזבו ושימשו כנציגים של בעלי העניין.",knesset,14_ptm_532718.docx
דמ״צ,"אבל קבענו שהחברה לא תמנה דמ""צ כזה באמצעות מנגנון האישור ולא תוכל לאשר עסקאות עם בעלי עניין.",knesset,14_ptm_532718.docx
ת״ת,"אולי זאת פעם ראשונה, שאני בניסיון שלי – הקמנו בית-ספר, ת""ת, גם לבנים וגם לבנות, שכמעט הייתי אומר מחכה לתלמידים.",knesset,14_ptm_532719.docx
מ״ק,"החקלאות מעבירה כ-30 מיליון מ""ק מדי שנה לטובת העיר.",knesset,14_ptm_532724.docx
איו״ש,"הבה נתאר לעצמנו מצב כמעט זהה: רכב ישראלי נכנס לצומת איו""ש, נרגם בבלוקים ובסלעים על-ידי המון רצחני.",knesset,14_ptm_532725.docx
איו״ש,"שמע, עוד לא התחלתי עם מזרח תיכון חדש; מה שהיה בצומת איו""ש הפעם זה עוד כלום.",knesset,14_ptm_532725.docx
איו״ש,"בינתיים, בצומת איו""ש מתגודדים אלפי פלסטינים משולהבים.",knesset,14_ptm_532725.docx
איו״ש,"– – והליכה בדרך שתהיה לשלום, לא בדרך של מסלול התרסקות, כאשר ההסתעפות שלו היא צומת איו""ש, צומת המפגש בין אזור A, הנורא ואיום, לאזור C, באזור הבלתי-ניתן להבנה כיצד בכלל נוצר.",knesset,14_ptm_532725.docx
איו״ש,"אין ספק, שמעשי האלימות האחרונים, ובפרט המעשה המחפיר בצומת איו""ש, מעיבים ומחבלים בניסיונות לקדם את תהליך השלום.",knesset,14_ptm_532725.docx
איו״ש,"אנחנו עוברים לנושא הבא, להצעות דחופות לסדר-היום: התקרית בצומת איו""ש וההסלמה בשטחים; הצעות לסדר-היום מס' 5580, 5586 ו-5637.",knesset,14_ptm_532725.docx
שח״ר,"חבר הכנסת יצחק כהן, בתקציב אגף שח""ר יש 188 מיליון שקל.",knesset,14_ptm_532727.docx
א״ע,"לאשה א""ע תעודת זהות ישראלית והיא נשואה לתושב השטחים, אך לא צוין בשאילתא אם היא מתגוררת בישראל או בשטחים.",knesset,14_ptm_532728.docx
מל״מ,"לפני כן אולי רצוי להבהיר וחשוב להבהיר, שמשרד החינוך והתרבות מתכוון למלא את התחייבויותיו בכל הכרוך לנושא החינוך המדעי-הטכנולוגי ובכל תוכניות מל""מ כפי שגובשו בשנים האחרונות.",knesset,14_ptm_532728.docx
ת״פ,"אדוני, אתה יודע שיש משרה של רב-טפסר, ואתה ת""פ שר – תחת פיקוד שר.",knesset,14_ptm_532731.docx
ת״ק,"העם, החברה והרחוב כבר רחוקים מאתנו ת""ק פרסה על ת""ק פרסה.",knesset,15_ptm_532735.docx
נ״ט,"שמעון בטאט, חבר ליחידה וסגן מנהל לשכתך, כינה אותך ""מפקד חוליית נ""ט בצבא האפגני"" וטוען שהפכת את ישראל לרפובליקת בננות.",knesset,15_ptm_532737.docx
נ״י,"היא סיפקה את הבובות לתשדירים של מפלגת נ""י הפיקטיבית, שאני רוצה לדעת מי עומד מאחוריה.",knesset,15_ptm_532738.docx
נ״י,"""שובו בנים"", ""שנית גמלא לא תיפול"", ""הוועד הדתי-חרדי למען נתניהו"", מפלגת הדמה נ""י.",knesset,15_ptm_532738.docx
כ״א,"הישיבה הבאה תיפתח מחר, יום שלישי, כ""א בכסליו, 30 בנובמבר, בשעה 16:00.",knesset,15_ptm_532739.docx
לו״ז,"כאן היה לו""ז שמאפשר הכנות מקדימות ומסודרות.",knesset,15_ptm_532742.docx
ס״מ,"זה הולך ומשתכלל וכבר יש צלחות בקוטר של 80 ס""מ.",knesset,15_ptm_532742.docx
ס״מ,"על מנת שתוכל לקלוט ביחידת דיור אחת, נראה ש-60 ס""מ יספיקו.",knesset,15_ptm_532742.docx
קמ״ט,"יער האורנים לא נכרת, אלא הוא מועתק ונשתל מחדש בפיקוח קמ""ט שמורות הטבע והגנים הלאומיים.",knesset,15_ptm_532746.docx
זה״ב,"השבועון ""משפחה"", המנהל מאבק ציבורי בנושא, מדווח, כי התוכניות של פרויקט זה""ב ומרכז ההדרכה בירושלים אינן מופעלות במגזר החרדי.",knesset,15_ptm_532748.docx
מ״ד,"אבל הוא לא פרש, הוא עבר ללמוד גיאוגרפיה וסיים למרות שהוא הגיע מ""ד' צפון"".",knesset,15_ptm_532748.docx
ת״ז,"במקרה הנדון השאלה הינה תיאורטית, שכן על-פי דיווחי משטרת ישראל, מר צאדק עווידה, ת""ז 023443435, שוחרר ביום 22 במאי 2000 ממעצרו.",knesset,15_ptm_532748.docx
ח״ש,"ח""ש נעצר ביום 31 בדצמבר 1999 כחשוד שקשור לתכנון ולהוצאתו אל הפועל של פיגוע טרור.",knesset,15_ptm_532748.docx
ח״ש,"למרות האמור לעיל, נחקר ח""ש רק פעמיים ברציפות מעל 20 שעות.",knesset,15_ptm_532748.docx
א״ה,"נודע לי, כי במהלך התקרית פצעה הירייה הראשונה את מר א""ה.",knesset,15_ptm_532749.docx
מל״ל,"כידוע לכם, אריאל שרון גדל בכפר-מל""ל, שם היו לולי תרנגולות, והוא ראה תופעה מעניינת: כאשר תרנגולת חולה, כל התרנגולות האחרות באות לנקר אותה, כי היא לא יכולה להגן על עצמה והיא מגלה סימני חולשה.",knesset,15_ptm_532754.docx
נ״ט,"אם יורים טילי נ""ט מתוך אזור בנוי, זו עמדה.",knesset,15_ptm_532755.docx
רע״מ,"מבצע רענון ערכות מגן, רע""מ, אשר נערך בשנים 1995-1992 על-ידי פיקוד העורף, הביא לידי ביטוי את מכלול השיפורים והחידושים.",knesset,15_ptm_532756.docx
קק״ל,"אני לא רוצה להיכנס כרגע לוויכוח בין קק""ל לבין רשות שמורות הטבע בעניין נטיעת עצי אורן.",knesset,15_ptm_532757.docx
תע״ל,"יעלה ויבוא חבר הכנסת אחמד טיבי בשם סיעת תע""ל.",knesset,15_ptm_532760.docx
תע״ל,"ינמקו את האי-אמון חבר הכנסת שרון וחבר הכנסת מטעם תע""ל.",knesset,15_ptm_532761.docx
הרא״ה,"אני רוצה לקדם בברכה את תלמידי כפר-הרא""ה שהגיעו לשבת ביציע האורחים.",knesset,15_ptm_532764.docx
נ״י,"רשימה נ""י, שאתם הרצתם כרשימה פיקטיבית, כאשר – – –",knesset,15_ptm_532766.docx
אג״ם,"שמעתי אג""ם של הצבא, וחשבתי שהפכת את הנחל לאגם צבאי.",knesset,15_ptm_532770.docx
קק״ל,"בניית הבניין – אשר החלה עוד לפני כהונתה של הממשלה הנוכחית – נעשתה ללא ידיעה כי מדובר באדמות קק""ל, וממילא לא נתבקשה הסכמת ממשלת ישראל.",knesset,15_ptm_532770.docx
מ״צ,"אף אחד לא לוקח את האחריות ולא חושב שזה יהיה המצב, ואל תפחידו אותנו בסיפור הזה, האם את או אתה רוצים שיבואו מ""צ ויגייסו בכוח.",knesset,15_ptm_532771.docx
קק״ל,"כל ההיבטים הסביבתיים נבחנו בעת תהליך התכנון ביחד עם קק""ל, מוסדות איכות הסביבה והגופים הירוקים.",knesset,15_ptm_532772.docx
ד״ש,"כמובן, אני מוחה על כך שראש הממשלה שולח לנו ד""ש כל יום מארץ אחרת ולא מוצא לו זמן גם לבוא לכבד אותנו בבית הזה ולא בוועדת החוץ והביטחון ולא בשום מקום.",knesset,15_ptm_532776.docx
נ״ט,"עד עכשיו היו שלושה פיגועים כואבים: חטיפת שלושה חיילים ושתי התקפות נ""ט שבכל אחת נפל אחד מלוחמינו.",knesset,15_ptm_532779.docx
ל״א,"את הריאיון שנתן לאחרונה ל""א-שרק אל-אווסט"", שבו הוא קורא לאלימות נגד ישראל ולהתנגשות בה, קראתם?",knesset,15_ptm_532782.docx
י״ל,"י""ל פרץ אמר: ""עם שחי – שר; עם ששר – חי"", ועם ישראל שר.",knesset,15_ptm_532786.docx
קק״ל,"המשא-ומתן עם סוריה; אדמות קק""ל בסוריה; משאל עם וסקרים בעניין הגולן",knesset,15_ptm_532789.docx
קק״ל,"יש שאלות מעניינות שקשורות לתגלית של אדמות קק""ל בסוריה, והייתי רוצה לשאול על כך את ראש הממשלה, אבל ראש הממשלה לא בא לכאן, הוא לא בא להשתתף כאן בדיון או למסור הודעה מדינית, וחבל.",knesset,15_ptm_532789.docx
א״נ,"האם ההפניה של א""נ ליבואן מקובלת כפתרון הולם?",knesset,15_ptm_532789.docx
אי״ל,"אבל זה שקר, כי המסמך הסודי עוסק בסגירת שני תיקים: אחד לאבישי רביב, והשני לאדם מהבראנז'ה, לאיתן אורן, שהטעה את כל עם ישראל ושידר ביודעין, לפי ועדת-שמגר, כתבה שקרית על טקס ההשבעה של ארגון ""אי""ל"".",knesset,15_ptm_532790.docx
אי״ל,"הם מתייחסים – התביעה, מדינת ישראל אומרת שארגון ""אי""ל"", מי שדאג לצרף אנשים לארגון ""אי""ל"" מואשם היום שהוא תמך בארגון טרור, כלומר ""אי""ל"" זה ארגון טרור לפי דעת הפרקליטות.",knesset,15_ptm_532790.docx
אי״ל,"באשר ל""אי""ל"", שאלתי אותו, כרמי גילון ידע שמדובר בארגון שלכם?",knesset,15_ptm_532790.docx
אי״ל,"""אי""ל"" זה לא ארגון שלנו, זה אבישי רביב הקים.",knesset,15_ptm_532790.docx
אי״ל,"אומר איילון: אחרי ש""אי""ל"" הופיע בטלוויזיה, כשאבישי רביב נשאל, הוא אמר: אני הקמתי את ארגון ""אי""ל"", והוא ננזף על כך.",knesset,15_ptm_532790.docx
אי״ל,"עמי איילון, לפני קבינט מדיני-ביטחוני, אומר בתשובה, שרק אחרי ש""אי""ל"" הופיע בטלוויזיה, שאלו את אבישי רביב, אז הוא אמר: אני הקמתי את ארגון ""אי""ל"", והוא ננזף על כך.",knesset,15_ptm_532790.docx
אי״ל,"יש פרקליטות המדינה, היא קוראת ל""אי""ל"" ארגון טרור ומעמידים אדם לדין שהוא תומך בארגון טרור – –",knesset,15_ptm_532790.docx
אי״ל,"""אי""ל"" היה ארגון שעשה פרובוקציות במשך שנים, מכל מיני סוגים.",knesset,15_ptm_532790.docx
אי״ל,"הפרקליטות ידעה על ארגון ""אי""ל"", ידעה על קיומו ועל פעולתו.",knesset,15_ptm_532790.docx
אי״ל,"משטרת ישראל ניהלה חקירה מקיפה ומסועפת בשאלת מעורבותו של אורן בפרשת טקס ההשבעה של ארגון ""אי""ל"".",knesset,15_ptm_532790.docx
אי״ל,"לפיכך, החליט אליקים רובינשטיין להעמיד את אבישי רביב לדין גם באשמת טקס ההשבעה של ארגון ""אי""ל"", נוסף על עבירה של אי-מניעת רצח ראש הממשלה.",knesset,15_ptm_532790.docx
אח״ם,"אה, סגן השר, מורנו ורבנו סגן שר הביטחון ישיב על שאילתא בעל-פה מס' 107, מאת חבר הכנסת אחמד טיבי, בנושא: שלילת תעודות אח""ם.",knesset,15_ptm_532791.docx
חי״ל,"כן, אדוני ראש הממשלה שהיה פעם גם אלוף פיקוד המרכז: גם לגבעות שמעל איתמר יש חשיבות אסטרטגית ולא רק טקטית, וגם להר-חרשה וגם לגבעת-חי""ל, וגם לכל המאחזים האחרים.",knesset,15_ptm_532793.docx
ד״ש,"אסף יגורי בא לכנסת התשיעית כחבר מפלגה חדשה, ד""ש.",knesset,15_ptm_532795.docx
הרא״ה,"המועצה מסתייעת בנושאים הלכתיים, לרבות רישום לנישואין וגירושין, ברבו של כפר-הרא""ה.",knesset,15_ptm_532795.docx
ע״ש,"מרכז חינוכי ע""ש משה שרת – כנס בין-יבשתי לשלום; 2.",knesset,15_ptm_532799.docx
ע״ש,"האוניברסיטה העברית – המרכז הבין-לאומי לחקר האנטישמיות ע""ש וידאל ששון, סדנה בנושא ""היהודים והאנטישמיות בשיח הציבור הפוסט-קומוניסטי במזרח-אירופה""; 16.",knesset,15_ptm_532799.docx
ע״ש,"המרכז הקהילתי ע""ש סאלי ופיליפ ליאון – פרויקט ""גשר לשלום"" בין בני נוער ישראלי וירדני.",knesset,15_ptm_532799.docx
נ״י,"חברת הכנסת לימור לבנת, אני רוצה שתגידי מי עמד מאחורי הקמפיין של נ""י.",knesset,15_ptm_532801.docx
ב״א,"ואם אתם רוצים לדעת מנין הידיעה – זה פורסם ב""א-סנארה"" ב-8 בדצמבר, ממש לפני כמה ימים.",knesset,15_ptm_532803.docx
יחב״ל,"פרידן גם אישר, כי אנשי יחב""ל הבטיחו לסייע לו להיות מוחזק בכלא שהוא יבחר.",knesset,15_ptm_532803.docx
ד״ש,"אחר כך היתוספו ד""ש, עם עוד ארבעה חברי כנסת, והיא הפכה להיות ממשלה של 17 שרים.",knesset,15_ptm_532807.docx
מ״ת,"אמר לו הגבאי: הלוואי והיית אומר ""בעבור שנדב מ""ת שקלים"", זה הרבה יותר.",knesset,15_ptm_532807.docx
ס״מ,"זאת אומרת, שאנחנו עכשיו בסיפור של הבריכה עם הממוצע של 20 ס""מ עומק.",knesset,15_ptm_532808.docx
מ״ד,"אדוני היושב-ראש, כנסת נכבדה, הפסוק בישעיהו בפרק מ""ד אומר: ""לא ידעו ולא יבינו כי טח מראות עיניהם מהשכיל לבתם"", ואני מוסיף: למי?",knesset,15_ptm_532809.docx
ס״מ,"גברתי היושבת-ראש, חברי חברי הכנסת, כיסאו הריק של ראש הממשלה, שהוא גם שר החינוך והוא גם שר הביטחון, כיסאו הריק של שר האוצר, שלום לכם, כיסאות יקרים, שולחן הממשלה שהוארך ב-70 ס""מ שכולו ריק.",knesset,15_ptm_532811.docx
ת״י,"מכון התקנים הישראלי אישר ב-1991 תקן בין-לאומי כתקן ישראלי ת""י 1346, 8317 ISO, לאריזות קשות-פתיחה לילדים.",knesset,15_ptm_532817.docx
נ״מ,"אדוני השר, אם אני רוצה להתערב בדיון, אני רוצה להגיד שהייתי פעם חייל נ""מ.",knesset,15_ptm_532817.docx
לו״ז,"לא יכול להיות שראש ממשלה לא יקבע לו""ז, יעד; זו גם גבעה שצריך להסתער עליה.",knesset,15_ptm_532819.docx
צח״מ,"הוקם צח""מ במאגר חוקרים שרון, שאסף ראיות נגד החשוד במעשה.",knesset,15_ptm_532820.docx
ש״ש,"1 ש""ש לכל ארבעה תלמידים בחינוך היסודי; 1 ש""ש לכל שלושה תלמידים בחטיבת הביניים.",knesset,15_ptm_532820.docx
ת״פ,"אגב, מי שמניע שם את המהלכים זה לאו דווקא הווקף, ת""פ הרשות הפלסטינית, אלא דווקא התנועה האסלאמית, קרי ""חמאס"".",knesset,15_ptm_532823.docx
ש״ב,"ב-20 בינואר 2000 הוגשה תלונה לתחנת אשדוד על-ידי ש""ב בגין תקיפתו.",knesset,15_ptm_532823.docx
ס״ד,"אדוני ימצא סעד בכל עניין של ס""ד אצל אגודת ישראל ודגל התורה.",knesset,15_ptm_532832.docx
נ״א,"אדוני היושב-ראש, רבותי חברי הכנסת, הזכרת לי בדיוק גמרא במסכת סוכה, דף נ""א; הגמרא אומרת שם: ""מי שלא ראה שמחת בית-השואבה לא ראה שמחה מימיו"", שבמשך שבעה ימים היו רוקדים ושמחים ולא ראו טעם שינה.",knesset,15_ptm_532833.docx
תמ״ג,"ההשקעה במחקר ופיתוח במוסדות אקדמיים בארץ היא פי-שניים במונחי תמ""ג בישראל מאשר בארצות-הברית, וזה נותן את אותותיו.",knesset,15_ptm_532835.docx
ממ״ד,"מה שמדאיג אותי זה שתקני הבטיחות משתנים ועשוי להיווצר מצב שמי שבנה לפי התקנים הקודמים בעצם חושב, שיש לו ממ""ד בטיחותי, ואין לו.",knesset,15_ptm_532836.docx
הרא״ה,"עד שהוא יתפוס את מקומו אני רוצה לקדם בברכה את תלמידי ישיבת כפר-הרא""ה שהגיעו לכאן לצפות בנו.",knesset,15_ptm_532851.docx
ח״פ,"הוועדה המחוזית לתכנון ובנייה, חיפה, כבר דנה בעניין וקבעה כי ח""פ 1584 תופקד מחדש ולוועדה יוגשו חלופות לדרך חדשה.",knesset,15_ptm_532853.docx
ל״ד,"ולכן אחת משתיים – או שמסיימים בסעיף ל""ד, אם אני לא טועה – – –",knesset,15_ptm_532855.docx
ש״ג,"מה שקוצץ זה האבטחה שבעיקרה היא איוש ש""ג ולא דברים אחרים.",knesset,15_ptm_532858.docx
ת״ש,"האם היא מהווה קצינת ת""ש אזרחית לנשים שעובדות במועצה?",knesset,15_ptm_532872.docx
פז״ם,"לפי הבירור שעשיתי, היא לא נכללת בתקופת פז""ם.",knesset,15_ptm_532872.docx
א״ה,"נודע לי כי במהלך התקרית פצעה הירייה הראשונה את מר א""ה.",knesset,15_ptm_532874.docx
ר״ח,"אני אגיד לך: אדוני חבר הכנסת, מה זה ר""ח אני לא יודע.",knesset,15_ptm_532874.docx
ד״ש,"עם התפרקות ד""ש הצטרפה חברת הכנסת לוי לתנועת שינוי והיתה חברה במוסדות התנועה עד ימיה האחרונים.",knesset,15_ptm_532877.docx
קק״ל,"היערכות למניעה ולסיכול שרפות בתיאום עם קק""ל ומשרד הפנים; ג.",knesset,15_ptm_532880.docx
ד״א,"(לא נקראה, נמסרה לפרוטוקול) השאילתא עוסקת בתלונה ספציפית של מר ד""א.",knesset,15_ptm_532880.docx
ת״א,"(לא נקראה, נמסרה לפרוטוקול) אציין תחילה, כי ההחלטה לסגור את ""בית הנערה"" היא של עיריית ת""א–יפו, ומשיקולים כלכליים.",knesset,15_ptm_532887.docx
תע״ל,"הצבעה מס' 3 בעד הצעת סיעת תע""ל להביע אי-אמון בראש הממשלה – 9 נגד – 74 נמנעים – אין הצעת סיעת תע""ל להביע אי-אמון בראש הממשלה לא נתקבלה.",knesset,15_ptm_532893.docx
אח״ם,"יותר מזה, אותו שר פלסטיני נהנה מתעודת אח""ם.",knesset,15_ptm_532894.docx
אח״ם,"הוא קורא להרוג את המתנחלים, להחזיר אותם בארון מתים, אנחנו מעניקים לו כלי ביטוי בטלוויזיה הישראלית בשידור חי, לא בפרשנות, וגם מעניקים לו תעודת אח""ם.",knesset,15_ptm_532894.docx
ת״פ,"יואיל בטובו ראש הממשלה ברק לקחת את חבריו ולהסתפח לעגלה של האופוזיציה הימנית, להיות שם גלגל רביעי, חמישי או שישי, ולעשות חיים בתור ת""פ של שרון או של נתניהו.",knesset,15_ptm_532896.docx
מט״ח,"מחירי שוק הרכב המשומש הינם תנודתיים במידה רבה והם תלויים במשתני מקרו: שערי מט""ח, קצב צמיחה כלכלית, עונתיות ועוד; משתני מיקרו: תכונות הרכב, מידת אבזורו ורמת הסחירות בו.",knesset,15_ptm_532896.docx
ע״מ,"זהו המקרה השלישי לאחר התלונות על הכאת האחים ר', ב-10 בנובמבר 1999, ומר ע""מ, ב-16 בנובמבר 1999 – שמותיהם המלאים מופיעים במקור.",knesset,15_ptm_532899.docx
סמ״ר,"אומר כאן באולם חבר הכנסת מוסי רז ""הוא נהרג בגללך"", הוא מדבר על סמ""ר יוסף מדחת, שנהרג בקבר יוסף, וחזר על זה כמה פעמים – –",knesset,15_ptm_532906.docx
מל״ל,"נולדתי וגדלתי בהתיישבות הזאת, במושב כפר-מל""ל, ואני חלק בלתי נפרד ממנה.",knesset,15_ptm_532912.docx
נ״ט,"לאחרונה חלקנו זוכה גם למרגמות ולטילי נ""ט.",knesset,15_ptm_532913.docx
אג״ם,"עזר ויצמן גמר להיות ראש אג""ם ולמחרת היה ליד שולחן הממשלה.",knesset,15_ptm_532913.docx
קק״ל,"ההחלטה בדבר הסרת השלט התקבלה על-ידי ועדה ציבורית שהוקמה על-ידי קק""ל בעקבות דרישתם של חלק מיוצאי בולגריה ועמותת יוצאי תרקיה ומקדוניה.",knesset,15_ptm_532916.docx
קק״ל,"קק""ל מסרה למשרד החוץ, כי היא תקים אנדרטה מפוארת ביער אשר תהיה מכובדת וראויה לעם הבולגרי.",knesset,15_ptm_532916.docx
ת״ק,"עה הארץ ת""ק פרסה על ת""ק פרסה עדיין מהדהדות באוזנינו.",knesset,15_ptm_532923.docx
ד״ש,"שלומו מצוין והוא מוסר ד""ש לכל האנשים שרוצים שלום.",knesset,15_ptm_532924.docx
ת״פ,"הם בעלי ברית אבל הם לא מה שנקרא ת""פ, הם לא תחת פיקודנו, אין לנו עליהם סמכויות שיפוט וענישה.",knesset,15_ptm_532924.docx
תע״ל,"מדוע נחקר נער מנוער תע""ל מכפר מזרעה על-ידי המשטרה ודרכונו נשלל?",knesset,15_ptm_532930.docx
אצ״ל,"יתירה מזאת, הקצאת חלקות מיוחדות בבתי-עלמין קיימת לא מהיום ולאוכלוסיות שונות ומגוונות, כגון: חלקת גדולי האומה, חלקת עיתונאים – גם יש – חלקת אצ""ל, חלקת ""ההגנה"" וחלקה לשומרי שבת.",knesset,15_ptm_532936.docx
קמ״ט,"תלונה שהגיעה מטעם ועד הפעולה ברמות טופלה מייד על-ידי קמ""ט איכות הסביבה במינהל האזרחי, לשביעות רצון ועד הפעולה של השכונה.",knesset,15_ptm_532937.docx
קמ״ט,"האתרים בטיפול צמוד ונתונים לאכיפה קבועה של יחידת הפיקוח במינהל האזרחי ושל קמ""ט איכות הסביבה במינהל האזרחי.",knesset,15_ptm_532937.docx
קמ״ט,"מתקיימים עדכונים שוטפים ושיתוף פעולה עם ועד הפעולה של שכונת רמות על-ידי קמ""ט איכות הסביבה.",knesset,15_ptm_532937.docx
א״ב,"יש רבנים גדולים, פרופסורים באקדמיה, לרבות חתן פרס ישראל, ראש האקדמיה ללשון עברית, פרופסור משה בר-אשר; אמנים במוזיקה, בשירה, במשחק, בציור; סופרים כמו א""ב יהושע ועוד.",knesset,15_ptm_532939.docx
קמ״ט,"משרדי פנה לממונה על איכות הסביבה ברשות הפלסטינית, באמצעות קמ""ט איכות הסביבה במינהל האזרחי, בבקשה למנוע את המשך התופעה.",knesset,15_ptm_532939.docx
שח״ר,"אם תציצו בתקציב תראו איך מקצצים בחינוך, ובתוך מערכת החינוך מקצצים באותו אגף, אגף שח""ר, שירותי חברה ורווחה, שאמור לעזור לילדים במצוקה ולפתרון בעיות חברתיות מיוחדות.",knesset,15_ptm_532939.docx
כ״ז,"ישיבת הכנסת הבאה, אם ירצה השם, מחר, יום רביעי, כ""ז בכסליו, 12 בדצמבר 2001, בשעה 09:00.",knesset,15_ptm_532942.docx
מת״ש,"מדוע מוריד מת""ש 25% מהתגמול המיוחד מהיום ה-16 ואילך?",knesset,15_ptm_532943.docx
ר״מ,"לגבי השאלה השלישית, לגבי ר""מ-2 – אני חושב, בניגוד לך, אבל זה עניין של מדיניות, שהם צודקים.",knesset,15_ptm_532943.docx
בר״מ,"אין סיבה לשלם תגמול מיוחד למי שנמצא בר""מ-2 מעל 60 יום.",knesset,15_ptm_532943.docx
בר״מ,"החייל בר""מ-2 מקבל תשלום בסיסי עבור ימי מילואים, ואין שום סיבה לשלם לו תשלום מעבר לזה.",knesset,15_ptm_532943.docx
ש״ג,"אם הם היו משתמטים, הם היו היום ש""ג בקריה.",knesset,15_ptm_532943.docx
מד״ר,"שמעתי מד""ר לבנטל, שהופיע הרבה מאוד ונתן את ההנחיות וכו', שהוא מעדיף את מי הברז על המים המינרליים בבקבוקים.",knesset,15_ptm_532945.docx
עכו״ם,"אפילו הגמרא אומרת: מפרנסין עניי עכו""ם עם עניי ישראל.",knesset,15_ptm_532947.docx
שח״ר,"בתום תקופת ההתקשרות עם אגף שח""ר, יפרסם המשרד מכרז להמשך הפעלת הפרויקט ויקבע את היקף יישומו בבתי-הספר הערביים.",knesset,15_ptm_532948.docx
ת״ק,"אולי היא מתבשלת על אש קטנה לפי שעה, אבל הריחות כבר מתפזרים סביב סביב ואפשר להריח אותם ת""ק על ת""ק פרסה.",knesset,15_ptm_532950.docx
תע״ל,"אין ספק שבנושא הזה סיעת תע""ל עומדת לצד המציעים בכל הקשור לכישלון כמעט מחפיר של מדיניות הממשלה החל מיום כינונה ועד עצם היום הזה.",knesset,15_ptm_532950.docx
ת״פ,"מהרגע שהגופות נמסרות למכון לרפואה משפטית באבו-כביר, שכידוע לך כסגן שר הבריאות לשעבר, הוא ת""פ של משרד הבריאות.",knesset,15_ptm_532965.docx
שב״ח,"כמו-כן מוצע לקבוע, כי שב""ח הנכנס לישראל שלא כדין עם רכבו, יחולט הרכב בכפוף לתנאים הקבועים בחוק.",knesset,15_ptm_532965.docx
תע״ל,"הודעת סיכום מטעם סיעת תע""ל לחבר הכנסת אחמד טיבי, בבקשה.",knesset,15_ptm_532966.docx
תע״ל,"אנחנו מצביעים על הצעת הסיכום של סיעת תע""ל.",knesset,15_ptm_532966.docx
תע״ל,"הצעת סיכום אחרונה מטעם סיעת תע""ל, בבקשה, ונעבור להצבעות.",knesset,15_ptm_532966.docx
תע״ל,"ההצבעה הראשונה – על הצעת הסיכום של סיעת תע""ל.",knesset,15_ptm_532966.docx
תע״ל,"אני רוצה לומר לחברי הכנסת, ששמעתי את היושבת בראש, שאמרה: הצעת ההחלטה של תע""ל, שהולכים מלמטה למעלה, והיא צדקה.",knesset,15_ptm_532966.docx
ד״ע,"הקובלנה נגד השופט ד""ע הופסקה כאשר בתוך מהלך הדיון הוא הודיע על התפטרותו מכס השיפוט.",knesset,15_ptm_532966.docx
צח״מ,"רבותי, אדם שודד בנק, שודד 20,000 שקל, מדינת ישראל מקימה צח""מ, עשרות ניידות רודפות אחריו, שמים אותו בבית-סוהר.",knesset,15_ptm_532967.docx
צח״מ,"היום אם פורצים לבנק וגונבים 50,000 או 100,000 שקל, המשטרה מקימה צח""מ, צוות חקירה מיוחד.",knesset,15_ptm_532969.docx
אג״ם,"הגברת אפשטיין טענה בפני קצין אג""ם ירקון, שמדובר בקבוצת אנשים שאינם קשורים לפורום שהיא מייצגת.",knesset,15_ptm_532970.docx
א״ת,"אציין, שנגד החשודים הקטינים נפתחו תיקי א""ת, כלומר תיקי אי-תביעה, כמקובל לגבי קטינים.",knesset,15_ptm_532970.docx
מט״ח,"שני גופים חיצוניים עוסקים בכתיבת טופס בחינות הבגרות – מט""ח, המרכז לטכנולוגיה חינוכית, ומכון סאלד.",knesset,15_ptm_532971.docx
ממ״ד,"כל מי שיש לו ממ""ד בבית, זה באחריותו הפרטית.",knesset,15_ptm_532974.docx
תע״ל,"הודעת סיכום של סיעת תע""ל: הכנסת מוקיעה בכל לשון של הוקעה את התקפת הטרור שפגעה באזרחים חפים מפשע בארצות-הברית.",knesset,15_ptm_532975.docx
תע״ל,"חברי הכנסת, אנחנו ניגש להצבעה בסדר הבא: הצבעה ראשונה תהיה הצבעה על הצעת הסיכום שהוצעה על-ידי חבר הכנסת אחמד טיבי מטעם סיעת תע""ל.",knesset,15_ptm_532975.docx
א״מ,"מימון עבור הגן לילדה א""מ הינו ממשרד העבודה והרווחה.",knesset,15_ptm_532977.docx
ממ״ד,"אני לא יודע אם אתם יודעים – יש עמלת ממ""ד.",knesset,15_ptm_532980.docx
ממ״ד,"נכון שזה לא מהחדר האטום, אבל חשבתי שעוד מימי החדר האטום הם גובים עמלת ממ""ד, כיוון שאז הם ישבו בחדר האטום, אבל זה לא כך.",knesset,15_ptm_532980.docx
י״ח,"י""ח עיקרי התחייה שכתב, מבטאים, בלשון נשגבת, את עומקה ההיסטורי ואת רוחב יריעתה של תפיסת עולמו.",knesset,15_ptm_532984.docx
ת״ש,"באמת, הרבה מאוד שנים, ויש קמב""ציות ויש פקידות ת""ש ביחידות – –",knesset,15_ptm_532985.docx
ת״ש,"אבל עכשיו אלה כבר לא מדריכות ולא מש""קיות ת""ש, ולא פקידות פלוגתיות, אלא לוחמות ממש.",knesset,15_ptm_532985.docx
תע״ל,"הצבעה שלישית, רבותי, של הצעת סיעת תע""ל להביע אי-אמון בראש הממשלה.",knesset,15_ptm_532986.docx
תע״ל,"הצבעה מס' 3 בעד הצעת סיעת תע""ל להביע אי-אמון בראש הממשלה – 18 נגד – 36 נמנעים – אין הצעת סיעת תע""ל להביע אי-אמון בראש הממשלה לא נתקבלה.",knesset,15_ptm_532986.docx
שח״ר,"אני הייתי רוצה, ברשות היושב-ראש, להתייחס לנושא החינוך המיוחד ולנושא שח""ר, שהועלה על-ידי חבר הכנסת דהאמשה.",knesset,15_ptm_532991.docx
אז״ר,"אני, גם כחבר הוועדה למינוי דיינים, חושב שהדיינים צריכים להיות כמו השופטים – עד שנודע לי, שהשופט אליגון, נשיא בית-משפט השלום בבאר-שבע, גר בכפר-אז""ר.",knesset,15_ptm_532991.docx
מב״ר,"האם יש למשרדך תוכנית חלופית לתוכנית מב""ר?",knesset,15_ptm_532994.docx
מב״ר,"הקיצוץ שהושת על משרד החינוך פוגע, לצערי, גם בתוכניות שהושקעו בהן מחשבה ומאמצים רבים והן פועלות בהצלחה יתירה בקרב אוכלוסיות חלשות במגזרים השונים במערכת, ובכלל זה תוכנית מב""ר.",knesset,15_ptm_532994.docx
מב״ר,"קיימות אומנם במערכת תוכניות נוספות העונות למסלול הבגרותי, אך הואיל והגורם התקציבי הוא עיקר הקושי לגבי הפעלת תוכנית מב""ר, הרי שהבעיה בעינה עומדת.",knesset,15_ptm_532994.docx
מב״ר,"אני חושב שהמשרד צריך לשקול מחדש את הביטול הזה, שלא ייגע בנושא הבגרויות, ובמיוחד לא בתוכנית מב""ר.",knesset,15_ptm_532994.docx
מ״פ,"אותו סגן או מפקד מחלקה או מ""פ שהיה בלילה – –",knesset,15_ptm_533002.docx
אח״מ,"אישורי אח""מ של משרד הדתות – משרד הדתות המנהל את האירוע חילק כ-1,500 אישורי אח""מ.",knesset,15_ptm_533003.docx
א״י,"אני זוכר שהיתה פה בכנסת תערוכה על תקופת המנדט הבריטי – גם אז קראו לאזרחי פלשתינה-א""י, אלה שנמצאו פה, להעדיף תוצרת הארץ.",knesset,15_ptm_533006.docx
מלמ״ש,"(לא נקראה, נמסרה לפרוטוקול) ממשלת ישראל החליטה על ביצוע מכרז להפקת מים מליחים באזור מישור רותם בהיקף של 30 מלמ""ש כמי גלם להתפלה.",knesset,15_ptm_533006.docx
ע״א,"ע""א חכים מצאלחה זומן ב-2 במאי 2001 למשטרת חדרה על רקע שירים בעלי אופי לאומני שפרסם בעיתון ""סאות' אל-חק"".",knesset,15_ptm_533006.docx
מ״פ,"בעוד אני תבעתי שלא יהיה קצין שיפוט זוטר, הצבא ביקש להשאיר את הסמכות הזאת לגבי מ""פ ביחידות קרביות.",knesset,15_ptm_533006.docx
ש״ש,"בחטיבות הביניים אין תקנים לייעוץ, ומומלץ שמנהל בית-הספר יקצה 1.7 ש""ש לפחות, לכל כיתה.",knesset,15_ptm_533006.docx
ש״ש,"בחטיבה העליונה מקבל המוסד הקצאה של 1.7 ש""ש לכיתה, באמצעות השכלה משלימה בכל המגזרים.",knesset,15_ptm_533006.docx
ש״ש,"משרד החינוך מקצה 2 ש""ש תקניות לכל כיתה בחינוך המיוחד, בחינוך העברי ובחינוך הערבי גם יחד.",knesset,15_ptm_533006.docx
